agency,service_name,route_name,train_number,direction,station_id,station_name,station_sequence,arrival_time,departure_time,service_start_date,service_end_date,service_dates,service_days,timetable_effective_date,timetable_last_updated_date,timetable_revision_date,source_original_filename,source_pdf,source_page,raw_notes
CTrail,Hartford Line,Hartford Line,CTrail 4400,To Northbound to Hartford,NHV,New Haven Union Station,1,07:40,07:40,2026-07-13,2027-07-12,"2026-07-13,2026-07-14,2026-07-15,2026-07-16,2026-07-17,2026-07-20,2026-07-21,2026-07-22,2026-07-23,2026-07-24,2026-07-27,2026-07-28,2026-07-29,2026-07-30,2026-07-31,2026-08-03,2026-08-04,2026-08-05,2026-08-06,2026-08-07,2026-08-10,2026-08-11,2026-08-12,2026-08-13,2026-08-14,2026-08-17,2026-08-18,2026-08-19,2026-08-20,2026-08-21,2026-08-24,2026-08-25,2026-08-26,2026-08-27,2026-08-28,2026-08-31,2026-09-01,2026-09-02,2026-09-03,2026-09-04,2026-09-08,2026-09-09,2026-09-10,2026-09-11,2026-09-14,2026-09-15,2026-09-16,2026-09-17,2026-09-18,2026-09-21,2026-09-22,2026-09-23,2026-09-24,2026-09-25,2026-09-28,2026-09-29,2026-09-30,2026-10-01,2026-10-02,2026-10-05,2026-10-06,2026-10-07,2026-10-08,2026-10-09,2026-10-12,2026-10-13,2026-10-14,2026-10-15,2026-10-16,2026-10-19,2026-10-20,2026-10-21,2026-10-22,2026-10-23,2026-10-26,2026-10-27,2026-10-28,2026-10-29,2026-10-30,2026-11-02,2026-11-03,2026-11-04,2026-11-05,2026-11-06,2026-11-09,2026-11-10,2026-11-11,2026-11-12,2026-11-13,2026-11-16,2026-11-17,2026-11-18,2026-11-19,2026-11-20,2026-11-23,2026-11-24,2026-11-25,2026-11-27,2026-11-30,2026-12-01,2026-12-02,2026-12-03,2026-12-04,2026-12-07,2026-12-08,2026-12-09,2026-12-10,2026-12-11,2026-12-14,2026-12-15,2026-12-16,2026-12-17,2026-12-18,2026-12-21,2026-12-22,2026-12-23,2026-12-24,2026-12-28,2026-12-29,2026-12-30,2026-12-31,2027-01-04,2027-01-05,2027-01-06,2027-01-07,2027-01-08,2027-01-11,2027-01-12,2027-01-13,2027-01-14,2027-01-15,2027-01-19,2027-01-20,2027-01-21,2027-01-22,2027-01-25,2027-01-26,2027-01-27,2027-01-28,2027-01-29,2027-02-01,2027-02-02,2027-02-03,2027-02-04,2027-02-05,2027-02-08,2027-02-09,2027-02-10,2027-02-11,2027-02-12,2027-02-16,2027-02-17,2027-02-18,2027-02-19,2027-02-22,2027-02-23,2027-02-24,2027-02-25,2027-02-26,2027-03-01,2027-03-02,2027-03-03,2027-03-04,2027-03-05,2027-03-08,2027-03-09,2027-03-10,2027-03-11,2027-03-12,2027-03-15,2027-03-16,2027-03-17,2027-03-18,2027-03-19,2027-03-22,2027-03-23,2027-03-24,2027-03-25,2027-03-26,2027-03-29,2027-03-30,2027-03-31,2027-04-01,2027-04-02,2027-04-05,2027-04-06,2027-04-07,2027-04-08,2027-04-09,2027-04-12,2027-04-13,2027-04-14,2027-04-15,2027-04-16,2027-04-19,2027-04-20,2027-04-21,2027-04-22,2027-04-23,2027-04-26,2027-04-27,2027-04-28,2027-04-29,2027-04-30,2027-05-03,2027-05-04,2027-05-05,2027-05-06,2027-05-07,2027-05-10,2027-05-11,2027-05-12,2027-05-13,2027-05-14,2027-05-17,2027-05-18,2027-05-19,2027-05-20,2027-05-21,2027-05-24,2027-05-25,2027-05-26,2027-05-27,2027-05-28,2027-06-01,2027-06-02,2027-06-03,2027-06-04,2027-06-07,2027-06-08,2027-06-09,2027-06-10,2027-06-11,2027-06-14,2027-06-15,2027-06-16,2027-06-17,2027-06-18,2027-06-21,2027-06-22,2027-06-23,2027-06-24,2027-06-25,2027-06-28,2027-06-29,2027-06-30,2027-07-01,2027-07-02,2027-07-06,2027-07-07,2027-07-08,2027-07-09,2027-07-12",,2026-07-13,2026-08-19,,hlgtfs.zip,hartford_gtfs_effective_2026-07-11_updated_2026-08-19.zip,0,To Northbound to Hartford; GTFS; gtfs_trip_id=30020; gtfs_service_id=2; source_origin=New Haven Union Station; source_destination=Hartford
CTrail,Hartford Line,Hartford Line,CTrail 4400B,To Northbound to Springfield,HFD,Hartford,1,08:45,08:45,2026-07-13,2027-07-12,"2026-07-13,2026-07-14,2026-07-15,2026-07-16,2026-07-17,2026-07-20,2026-07-21,2026-07-22,2026-07-23,2026-07-24,2026-07-27,2026-07-28,2026-07-29,2026-07-30,2026-07-31,2026-08-03,2026-08-04,2026-08-05,2026-08-06,2026-08-07,2026-08-10,2026-08-11,2026-08-12,2026-08-13,2026-08-14,2026-08-17,2026-08-18,2026-08-19,2026-08-20,2026-08-21,2026-08-24,2026-08-25,2026-08-26,2026-08-27,2026-08-28,2026-08-31,2026-09-01,2026-09-02,2026-09-03,2026-09-04,2026-09-08,2026-09-09,2026-09-10,2026-09-11,2026-09-14,2026-09-15,2026-09-16,2026-09-17,2026-09-18,2026-09-21,2026-09-22,2026-09-23,2026-09-24,2026-09-25,2026-09-28,2026-09-29,2026-09-30,2026-10-01,2026-10-02,2026-10-05,2026-10-06,2026-10-07,2026-10-08,2026-10-09,2026-10-12,2026-10-13,2026-10-14,2026-10-15,2026-10-16,2026-10-19,2026-10-20,2026-10-21,2026-10-22,2026-10-23,2026-10-26,2026-10-27,2026-10-28,2026-10-29,2026-10-30,2026-11-02,2026-11-03,2026-11-04,2026-11-05,2026-11-06,2026-11-09,2026-11-10,2026-11-11,2026-11-12,2026-11-13,2026-11-16,2026-11-17,2026-11-18,2026-11-19,2026-11-20,2026-11-23,2026-11-24,2026-11-25,2026-11-27,2026-11-30,2026-12-01,2026-12-02,2026-12-03,2026-12-04,2026-12-07,2026-12-08,2026-12-09,2026-12-10,2026-12-11,2026-12-14,2026-12-15,2026-12-16,2026-12-17,2026-12-18,2026-12-21,2026-12-22,2026-12-23,2026-12-24,2026-12-28,2026-12-29,2026-12-30,2026-12-31,2027-01-04,2027-01-05,2027-01-06,2027-01-07,2027-01-08,2027-01-11,2027-01-12,2027-01-13,2027-01-14,2027-01-15,2027-01-19,2027-01-20,2027-01-21,2027-01-22,2027-01-25,2027-01-26,2027-01-27,2027-01-28,2027-01-29,2027-02-01,2027-02-02,2027-02-03,2027-02-04,2027-02-05,2027-02-08,2027-02-09,2027-02-10,2027-02-11,2027-02-12,2027-02-16,2027-02-17,2027-02-18,2027-02-19,2027-02-22,2027-02-23,2027-02-24,2027-02-25,2027-02-26,2027-03-01,2027-03-02,2027-03-03,2027-03-04,2027-03-05,2027-03-08,2027-03-09,2027-03-10,2027-03-11,2027-03-12,2027-03-15,2027-03-16,2027-03-17,2027-03-18,2027-03-19,2027-03-22,2027-03-23,2027-03-24,2027-03-25,2027-03-26,2027-03-29,2027-03-30,2027-03-31,2027-04-01,2027-04-02,2027-04-05,2027-04-06,2027-04-07,2027-04-08,2027-04-09,2027-04-12,2027-04-13,2027-04-14,2027-04-15,2027-04-16,2027-04-19,2027-04-20,2027-04-21,2027-04-22,2027-04-23,2027-04-26,2027-04-27,2027-04-28,2027-04-29,2027-04-30,2027-05-03,2027-05-04,2027-05-05,2027-05-06,2027-05-07,2027-05-10,2027-05-11,2027-05-12,2027-05-13,2027-05-14,2027-05-17,2027-05-18,2027-05-19,2027-05-20,2027-05-21,2027-05-24,2027-05-25,2027-05-26,2027-05-27,2027-05-28,2027-06-01,2027-06-02,2027-06-03,2027-06-04,2027-06-07,2027-06-08,2027-06-09,2027-06-10,2027-06-11,2027-06-14,2027-06-15,2027-06-16,2027-06-17,2027-06-18,2027-06-21,2027-06-22,2027-06-23,2027-06-24,2027-06-25,2027-06-28,2027-06-29,2027-06-30,2027-07-01,2027-07-02,2027-07-06,2027-07-07,2027-07-08,2027-07-09,2027-07-12",,2026-07-13,2026-08-19,,hlgtfs.zip,hartford_gtfs_effective_2026-07-11_updated_2026-08-19.zip,0,To Northbound to Springfield; GTFS; gtfs_trip_id=26020; gtfs_service_id=2; source_origin=Hartford; source_destination=Springfield
CTrail,Hartford Line,Hartford Line,CTrail 4400,To Northbound to Hartford,STS,New Haven State Street,2,07:43,07:43,2026-07-13,2027-07-12,"2026-07-13,2026-07-14,2026-07-15,2026-07-16,2026-07-17,2026-07-20,2026-07-21,2026-07-22,2026-07-23,2026-07-24,2026-07-27,2026-07-28,2026-07-29,2026-07-30,2026-07-31,2026-08-03,2026-08-04,2026-08-05,2026-08-06,2026-08-07,2026-08-10,2026-08-11,2026-08-12,2026-08-13,2026-08-14,2026-08-17,2026-08-18,2026-08-19,2026-08-20,2026-08-21,2026-08-24,2026-08-25,2026-08-26,2026-08-27,2026-08-28,2026-08-31,2026-09-01,2026-09-02,2026-09-03,2026-09-04,2026-09-08,2026-09-09,2026-09-10,2026-09-11,2026-09-14,2026-09-15,2026-09-16,2026-09-17,2026-09-18,2026-09-21,2026-09-22,2026-09-23,2026-09-24,2026-09-25,2026-09-28,2026-09-29,2026-09-30,2026-10-01,2026-10-02,2026-10-05,2026-10-06,2026-10-07,2026-10-08,2026-10-09,2026-10-12,2026-10-13,2026-10-14,2026-10-15,2026-10-16,2026-10-19,2026-10-20,2026-10-21,2026-10-22,2026-10-23,2026-10-26,2026-10-27,2026-10-28,2026-10-29,2026-10-30,2026-11-02,2026-11-03,2026-11-04,2026-11-05,2026-11-06,2026-11-09,2026-11-10,2026-11-11,2026-11-12,2026-11-13,2026-11-16,2026-11-17,2026-11-18,2026-11-19,2026-11-20,2026-11-23,2026-11-24,2026-11-25,2026-11-27,2026-11-30,2026-12-01,2026-12-02,2026-12-03,2026-12-04,2026-12-07,2026-12-08,2026-12-09,2026-12-10,2026-12-11,2026-12-14,2026-12-15,2026-12-16,2026-12-17,2026-12-18,2026-12-21,2026-12-22,2026-12-23,2026-12-24,2026-12-28,2026-12-29,2026-12-30,2026-12-31,2027-01-04,2027-01-05,2027-01-06,2027-01-07,2027-01-08,2027-01-11,2027-01-12,2027-01-13,2027-01-14,2027-01-15,2027-01-19,2027-01-20,2027-01-21,2027-01-22,2027-01-25,2027-01-26,2027-01-27,2027-01-28,2027-01-29,2027-02-01,2027-02-02,2027-02-03,2027-02-04,2027-02-05,2027-02-08,2027-02-09,2027-02-10,2027-02-11,2027-02-12,2027-02-16,2027-02-17,2027-02-18,2027-02-19,2027-02-22,2027-02-23,2027-02-24,2027-02-25,2027-02-26,2027-03-01,2027-03-02,2027-03-03,2027-03-04,2027-03-05,2027-03-08,2027-03-09,2027-03-10,2027-03-11,2027-03-12,2027-03-15,2027-03-16,2027-03-17,2027-03-18,2027-03-19,2027-03-22,2027-03-23,2027-03-24,2027-03-25,2027-03-26,2027-03-29,2027-03-30,2027-03-31,2027-04-01,2027-04-02,2027-04-05,2027-04-06,2027-04-07,2027-04-08,2027-04-09,2027-04-12,2027-04-13,2027-04-14,2027-04-15,2027-04-16,2027-04-19,2027-04-20,2027-04-21,2027-04-22,2027-04-23,2027-04-26,2027-04-27,2027-04-28,2027-04-29,2027-04-30,2027-05-03,2027-05-04,2027-05-05,2027-05-06,2027-05-07,2027-05-10,2027-05-11,2027-05-12,2027-05-13,2027-05-14,2027-05-17,2027-05-18,2027-05-19,2027-05-20,2027-05-21,2027-05-24,2027-05-25,2027-05-26,2027-05-27,2027-05-28,2027-06-01,2027-06-02,2027-06-03,2027-06-04,2027-06-07,2027-06-08,2027-06-09,2027-06-10,2027-06-11,2027-06-14,2027-06-15,2027-06-16,2027-06-17,2027-06-18,2027-06-21,2027-06-22,2027-06-23,2027-06-24,2027-06-25,2027-06-28,2027-06-29,2027-06-30,2027-07-01,2027-07-02,2027-07-06,2027-07-07,2027-07-08,2027-07-09,2027-07-12",,2026-07-13,2026-08-19,,hlgtfs.zip,hartford_gtfs_effective_2026-07-11_updated_2026-08-19.zip,0,To Northbound to Hartford; GTFS; gtfs_trip_id=30020; gtfs_service_id=2; source_origin=New Haven Union Station; source_destination=Hartford
CTrail,Hartford Line,Hartford Line,CTrail 4400B,To Northbound to Springfield,WND,Windsor,2,09:00,09:00,2026-07-13,2027-07-12,"2026-07-13,2026-07-14,2026-07-15,2026-07-16,2026-07-17,2026-07-20,2026-07-21,2026-07-22,2026-07-23,2026-07-24,2026-07-27,2026-07-28,2026-07-29,2026-07-30,2026-07-31,2026-08-03,2026-08-04,2026-08-05,2026-08-06,2026-08-07,2026-08-10,2026-08-11,2026-08-12,2026-08-13,2026-08-14,2026-08-17,2026-08-18,2026-08-19,2026-08-20,2026-08-21,2026-08-24,2026-08-25,2026-08-26,2026-08-27,2026-08-28,2026-08-31,2026-09-01,2026-09-02,2026-09-03,2026-09-04,2026-09-08,2026-09-09,2026-09-10,2026-09-11,2026-09-14,2026-09-15,2026-09-16,2026-09-17,2026-09-18,2026-09-21,2026-09-22,2026-09-23,2026-09-24,2026-09-25,2026-09-28,2026-09-29,2026-09-30,2026-10-01,2026-10-02,2026-10-05,2026-10-06,2026-10-07,2026-10-08,2026-10-09,2026-10-12,2026-10-13,2026-10-14,2026-10-15,2026-10-16,2026-10-19,2026-10-20,2026-10-21,2026-10-22,2026-10-23,2026-10-26,2026-10-27,2026-10-28,2026-10-29,2026-10-30,2026-11-02,2026-11-03,2026-11-04,2026-11-05,2026-11-06,2026-11-09,2026-11-10,2026-11-11,2026-11-12,2026-11-13,2026-11-16,2026-11-17,2026-11-18,2026-11-19,2026-11-20,2026-11-23,2026-11-24,2026-11-25,2026-11-27,2026-11-30,2026-12-01,2026-12-02,2026-12-03,2026-12-04,2026-12-07,2026-12-08,2026-12-09,2026-12-10,2026-12-11,2026-12-14,2026-12-15,2026-12-16,2026-12-17,2026-12-18,2026-12-21,2026-12-22,2026-12-23,2026-12-24,2026-12-28,2026-12-29,2026-12-30,2026-12-31,2027-01-04,2027-01-05,2027-01-06,2027-01-07,2027-01-08,2027-01-11,2027-01-12,2027-01-13,2027-01-14,2027-01-15,2027-01-19,2027-01-20,2027-01-21,2027-01-22,2027-01-25,2027-01-26,2027-01-27,2027-01-28,2027-01-29,2027-02-01,2027-02-02,2027-02-03,2027-02-04,2027-02-05,2027-02-08,2027-02-09,2027-02-10,2027-02-11,2027-02-12,2027-02-16,2027-02-17,2027-02-18,2027-02-19,2027-02-22,2027-02-23,2027-02-24,2027-02-25,2027-02-26,2027-03-01,2027-03-02,2027-03-03,2027-03-04,2027-03-05,2027-03-08,2027-03-09,2027-03-10,2027-03-11,2027-03-12,2027-03-15,2027-03-16,2027-03-17,2027-03-18,2027-03-19,2027-03-22,2027-03-23,2027-03-24,2027-03-25,2027-03-26,2027-03-29,2027-03-30,2027-03-31,2027-04-01,2027-04-02,2027-04-05,2027-04-06,2027-04-07,2027-04-08,2027-04-09,2027-04-12,2027-04-13,2027-04-14,2027-04-15,2027-04-16,2027-04-19,2027-04-20,2027-04-21,2027-04-22,2027-04-23,2027-04-26,2027-04-27,2027-04-28,2027-04-29,2027-04-30,2027-05-03,2027-05-04,2027-05-05,2027-05-06,2027-05-07,2027-05-10,2027-05-11,2027-05-12,2027-05-13,2027-05-14,2027-05-17,2027-05-18,2027-05-19,2027-05-20,2027-05-21,2027-05-24,2027-05-25,2027-05-26,2027-05-27,2027-05-28,2027-06-01,2027-06-02,2027-06-03,2027-06-04,2027-06-07,2027-06-08,2027-06-09,2027-06-10,2027-06-11,2027-06-14,2027-06-15,2027-06-16,2027-06-17,2027-06-18,2027-06-21,2027-06-22,2027-06-23,2027-06-24,2027-06-25,2027-06-28,2027-06-29,2027-06-30,2027-07-01,2027-07-02,2027-07-06,2027-07-07,2027-07-08,2027-07-09,2027-07-12",,2026-07-13,2026-08-19,,hlgtfs.zip,hartford_gtfs_effective_2026-07-11_updated_2026-08-19.zip,0,To Northbound to Springfield; GTFS; gtfs_trip_id=26020; gtfs_service_id=2; source_origin=Hartford; source_destination=Springfield
CTrail,Hartford Line,Hartford Line,CTrail 4400,To Northbound to Hartford,WFD,Wallingford,3,08:01,08:01,2026-07-13,2027-07-12,"2026-07-13,2026-07-14,2026-07-15,2026-07-16,2026-07-17,2026-07-20,2026-07-21,2026-07-22,2026-07-23,2026-07-24,2026-07-27,2026-07-28,2026-07-29,2026-07-30,2026-07-31,2026-08-03,2026-08-04,2026-08-05,2026-08-06,2026-08-07,2026-08-10,2026-08-11,2026-08-12,2026-08-13,2026-08-14,2026-08-17,2026-08-18,2026-08-19,2026-08-20,2026-08-21,2026-08-24,2026-08-25,2026-08-26,2026-08-27,2026-08-28,2026-08-31,2026-09-01,2026-09-02,2026-09-03,2026-09-04,2026-09-08,2026-09-09,2026-09-10,2026-09-11,2026-09-14,2026-09-15,2026-09-16,2026-09-17,2026-09-18,2026-09-21,2026-09-22,2026-09-23,2026-09-24,2026-09-25,2026-09-28,2026-09-29,2026-09-30,2026-10-01,2026-10-02,2026-10-05,2026-10-06,2026-10-07,2026-10-08,2026-10-09,2026-10-12,2026-10-13,2026-10-14,2026-10-15,2026-10-16,2026-10-19,2026-10-20,2026-10-21,2026-10-22,2026-10-23,2026-10-26,2026-10-27,2026-10-28,2026-10-29,2026-10-30,2026-11-02,2026-11-03,2026-11-04,2026-11-05,2026-11-06,2026-11-09,2026-11-10,2026-11-11,2026-11-12,2026-11-13,2026-11-16,2026-11-17,2026-11-18,2026-11-19,2026-11-20,2026-11-23,2026-11-24,2026-11-25,2026-11-27,2026-11-30,2026-12-01,2026-12-02,2026-12-03,2026-12-04,2026-12-07,2026-12-08,2026-12-09,2026-12-10,2026-12-11,2026-12-14,2026-12-15,2026-12-16,2026-12-17,2026-12-18,2026-12-21,2026-12-22,2026-12-23,2026-12-24,2026-12-28,2026-12-29,2026-12-30,2026-12-31,2027-01-04,2027-01-05,2027-01-06,2027-01-07,2027-01-08,2027-01-11,2027-01-12,2027-01-13,2027-01-14,2027-01-15,2027-01-19,2027-01-20,2027-01-21,2027-01-22,2027-01-25,2027-01-26,2027-01-27,2027-01-28,2027-01-29,2027-02-01,2027-02-02,2027-02-03,2027-02-04,2027-02-05,2027-02-08,2027-02-09,2027-02-10,2027-02-11,2027-02-12,2027-02-16,2027-02-17,2027-02-18,2027-02-19,2027-02-22,2027-02-23,2027-02-24,2027-02-25,2027-02-26,2027-03-01,2027-03-02,2027-03-03,2027-03-04,2027-03-05,2027-03-08,2027-03-09,2027-03-10,2027-03-11,2027-03-12,2027-03-15,2027-03-16,2027-03-17,2027-03-18,2027-03-19,2027-03-22,2027-03-23,2027-03-24,2027-03-25,2027-03-26,2027-03-29,2027-03-30,2027-03-31,2027-04-01,2027-04-02,2027-04-05,2027-04-06,2027-04-07,2027-04-08,2027-04-09,2027-04-12,2027-04-13,2027-04-14,2027-04-15,2027-04-16,2027-04-19,2027-04-20,2027-04-21,2027-04-22,2027-04-23,2027-04-26,2027-04-27,2027-04-28,2027-04-29,2027-04-30,2027-05-03,2027-05-04,2027-05-05,2027-05-06,2027-05-07,2027-05-10,2027-05-11,2027-05-12,2027-05-13,2027-05-14,2027-05-17,2027-05-18,2027-05-19,2027-05-20,2027-05-21,2027-05-24,2027-05-25,2027-05-26,2027-05-27,2027-05-28,2027-06-01,2027-06-02,2027-06-03,2027-06-04,2027-06-07,2027-06-08,2027-06-09,2027-06-10,2027-06-11,2027-06-14,2027-06-15,2027-06-16,2027-06-17,2027-06-18,2027-06-21,2027-06-22,2027-06-23,2027-06-24,2027-06-25,2027-06-28,2027-06-29,2027-06-30,2027-07-01,2027-07-02,2027-07-06,2027-07-07,2027-07-08,2027-07-09,2027-07-12",,2026-07-13,2026-08-19,,hlgtfs.zip,hartford_gtfs_effective_2026-07-11_updated_2026-08-19.zip,0,To Northbound to Hartford; GTFS; gtfs_trip_id=30020; gtfs_service_id=2; source_origin=New Haven Union Station; source_destination=Hartford
CTrail,Hartford Line,Hartford Line,CTrail 4400B,To Northbound to Springfield,WNL,Windsor Locks,3,09:10,09:10,2026-07-13,2027-07-12,"2026-07-13,2026-07-14,2026-07-15,2026-07-16,2026-07-17,2026-07-20,2026-07-21,2026-07-22,2026-07-23,2026-07-24,2026-07-27,2026-07-28,2026-07-29,2026-07-30,2026-07-31,2026-08-03,2026-08-04,2026-08-05,2026-08-06,2026-08-07,2026-08-10,2026-08-11,2026-08-12,2026-08-13,2026-08-14,2026-08-17,2026-08-18,2026-08-19,2026-08-20,2026-08-21,2026-08-24,2026-08-25,2026-08-26,2026-08-27,2026-08-28,2026-08-31,2026-09-01,2026-09-02,2026-09-03,2026-09-04,2026-09-08,2026-09-09,2026-09-10,2026-09-11,2026-09-14,2026-09-15,2026-09-16,2026-09-17,2026-09-18,2026-09-21,2026-09-22,2026-09-23,2026-09-24,2026-09-25,2026-09-28,2026-09-29,2026-09-30,2026-10-01,2026-10-02,2026-10-05,2026-10-06,2026-10-07,2026-10-08,2026-10-09,2026-10-12,2026-10-13,2026-10-14,2026-10-15,2026-10-16,2026-10-19,2026-10-20,2026-10-21,2026-10-22,2026-10-23,2026-10-26,2026-10-27,2026-10-28,2026-10-29,2026-10-30,2026-11-02,2026-11-03,2026-11-04,2026-11-05,2026-11-06,2026-11-09,2026-11-10,2026-11-11,2026-11-12,2026-11-13,2026-11-16,2026-11-17,2026-11-18,2026-11-19,2026-11-20,2026-11-23,2026-11-24,2026-11-25,2026-11-27,2026-11-30,2026-12-01,2026-12-02,2026-12-03,2026-12-04,2026-12-07,2026-12-08,2026-12-09,2026-12-10,2026-12-11,2026-12-14,2026-12-15,2026-12-16,2026-12-17,2026-12-18,2026-12-21,2026-12-22,2026-12-23,2026-12-24,2026-12-28,2026-12-29,2026-12-30,2026-12-31,2027-01-04,2027-01-05,2027-01-06,2027-01-07,2027-01-08,2027-01-11,2027-01-12,2027-01-13,2027-01-14,2027-01-15,2027-01-19,2027-01-20,2027-01-21,2027-01-22,2027-01-25,2027-01-26,2027-01-27,2027-01-28,2027-01-29,2027-02-01,2027-02-02,2027-02-03,2027-02-04,2027-02-05,2027-02-08,2027-02-09,2027-02-10,2027-02-11,2027-02-12,2027-02-16,2027-02-17,2027-02-18,2027-02-19,2027-02-22,2027-02-23,2027-02-24,2027-02-25,2027-02-26,2027-03-01,2027-03-02,2027-03-03,2027-03-04,2027-03-05,2027-03-08,2027-03-09,2027-03-10,2027-03-11,2027-03-12,2027-03-15,2027-03-16,2027-03-17,2027-03-18,2027-03-19,2027-03-22,2027-03-23,2027-03-24,2027-03-25,2027-03-26,2027-03-29,2027-03-30,2027-03-31,2027-04-01,2027-04-02,2027-04-05,2027-04-06,2027-04-07,2027-04-08,2027-04-09,2027-04-12,2027-04-13,2027-04-14,2027-04-15,2027-04-16,2027-04-19,2027-04-20,2027-04-21,2027-04-22,2027-04-23,2027-04-26,2027-04-27,2027-04-28,2027-04-29,2027-04-30,2027-05-03,2027-05-04,2027-05-05,2027-05-06,2027-05-07,2027-05-10,2027-05-11,2027-05-12,2027-05-13,2027-05-14,2027-05-17,2027-05-18,2027-05-19,2027-05-20,2027-05-21,2027-05-24,2027-05-25,2027-05-26,2027-05-27,2027-05-28,2027-06-01,2027-06-02,2027-06-03,2027-06-04,2027-06-07,2027-06-08,2027-06-09,2027-06-10,2027-06-11,2027-06-14,2027-06-15,2027-06-16,2027-06-17,2027-06-18,2027-06-21,2027-06-22,2027-06-23,2027-06-24,2027-06-25,2027-06-28,2027-06-29,2027-06-30,2027-07-01,2027-07-02,2027-07-06,2027-07-07,2027-07-08,2027-07-09,2027-07-12",,2026-07-13,2026-08-19,,hlgtfs.zip,hartford_gtfs_effective_2026-07-11_updated_2026-08-19.zip,0,To Northbound to Springfield; GTFS; gtfs_trip_id=26020; gtfs_service_id=2; source_origin=Hartford; source_destination=Springfield
CTrail,Hartford Line,Hartford Line,CTrail 4400,To Northbound to Hartford,MDN,Meriden,4,08:13,08:13,2026-07-13,2027-07-12,"2026-07-13,2026-07-14,2026-07-15,2026-07-16,2026-07-17,2026-07-20,2026-07-21,2026-07-22,2026-07-23,2026-07-24,2026-07-27,2026-07-28,2026-07-29,2026-07-30,2026-07-31,2026-08-03,2026-08-04,2026-08-05,2026-08-06,2026-08-07,2026-08-10,2026-08-11,2026-08-12,2026-08-13,2026-08-14,2026-08-17,2026-08-18,2026-08-19,2026-08-20,2026-08-21,2026-08-24,2026-08-25,2026-08-26,2026-08-27,2026-08-28,2026-08-31,2026-09-01,2026-09-02,2026-09-03,2026-09-04,2026-09-08,2026-09-09,2026-09-10,2026-09-11,2026-09-14,2026-09-15,2026-09-16,2026-09-17,2026-09-18,2026-09-21,2026-09-22,2026-09-23,2026-09-24,2026-09-25,2026-09-28,2026-09-29,2026-09-30,2026-10-01,2026-10-02,2026-10-05,2026-10-06,2026-10-07,2026-10-08,2026-10-09,2026-10-12,2026-10-13,2026-10-14,2026-10-15,2026-10-16,2026-10-19,2026-10-20,2026-10-21,2026-10-22,2026-10-23,2026-10-26,2026-10-27,2026-10-28,2026-10-29,2026-10-30,2026-11-02,2026-11-03,2026-11-04,2026-11-05,2026-11-06,2026-11-09,2026-11-10,2026-11-11,2026-11-12,2026-11-13,2026-11-16,2026-11-17,2026-11-18,2026-11-19,2026-11-20,2026-11-23,2026-11-24,2026-11-25,2026-11-27,2026-11-30,2026-12-01,2026-12-02,2026-12-03,2026-12-04,2026-12-07,2026-12-08,2026-12-09,2026-12-10,2026-12-11,2026-12-14,2026-12-15,2026-12-16,2026-12-17,2026-12-18,2026-12-21,2026-12-22,2026-12-23,2026-12-24,2026-12-28,2026-12-29,2026-12-30,2026-12-31,2027-01-04,2027-01-05,2027-01-06,2027-01-07,2027-01-08,2027-01-11,2027-01-12,2027-01-13,2027-01-14,2027-01-15,2027-01-19,2027-01-20,2027-01-21,2027-01-22,2027-01-25,2027-01-26,2027-01-27,2027-01-28,2027-01-29,2027-02-01,2027-02-02,2027-02-03,2027-02-04,2027-02-05,2027-02-08,2027-02-09,2027-02-10,2027-02-11,2027-02-12,2027-02-16,2027-02-17,2027-02-18,2027-02-19,2027-02-22,2027-02-23,2027-02-24,2027-02-25,2027-02-26,2027-03-01,2027-03-02,2027-03-03,2027-03-04,2027-03-05,2027-03-08,2027-03-09,2027-03-10,2027-03-11,2027-03-12,2027-03-15,2027-03-16,2027-03-17,2027-03-18,2027-03-19,2027-03-22,2027-03-23,2027-03-24,2027-03-25,2027-03-26,2027-03-29,2027-03-30,2027-03-31,2027-04-01,2027-04-02,2027-04-05,2027-04-06,2027-04-07,2027-04-08,2027-04-09,2027-04-12,2027-04-13,2027-04-14,2027-04-15,2027-04-16,2027-04-19,2027-04-20,2027-04-21,2027-04-22,2027-04-23,2027-04-26,2027-04-27,2027-04-28,2027-04-29,2027-04-30,2027-05-03,2027-05-04,2027-05-05,2027-05-06,2027-05-07,2027-05-10,2027-05-11,2027-05-12,2027-05-13,2027-05-14,2027-05-17,2027-05-18,2027-05-19,2027-05-20,2027-05-21,2027-05-24,2027-05-25,2027-05-26,2027-05-27,2027-05-28,2027-06-01,2027-06-02,2027-06-03,2027-06-04,2027-06-07,2027-06-08,2027-06-09,2027-06-10,2027-06-11,2027-06-14,2027-06-15,2027-06-16,2027-06-17,2027-06-18,2027-06-21,2027-06-22,2027-06-23,2027-06-24,2027-06-25,2027-06-28,2027-06-29,2027-06-30,2027-07-01,2027-07-02,2027-07-06,2027-07-07,2027-07-08,2027-07-09,2027-07-12",,2026-07-13,2026-08-19,,hlgtfs.zip,hartford_gtfs_effective_2026-07-11_updated_2026-08-19.zip,0,To Northbound to Hartford; GTFS; gtfs_trip_id=30020; gtfs_service_id=2; source_origin=New Haven Union Station; source_destination=Hartford
CTrail,Hartford Line,Hartford Line,CTrail 4400B,To Northbound to Springfield,SPG,Springfield,4,09:30,09:30,2026-07-13,2027-07-12,"2026-07-13,2026-07-14,2026-07-15,2026-07-16,2026-07-17,2026-07-20,2026-07-21,2026-07-22,2026-07-23,2026-07-24,2026-07-27,2026-07-28,2026-07-29,2026-07-30,2026-07-31,2026-08-03,2026-08-04,2026-08-05,2026-08-06,2026-08-07,2026-08-10,2026-08-11,2026-08-12,2026-08-13,2026-08-14,2026-08-17,2026-08-18,2026-08-19,2026-08-20,2026-08-21,2026-08-24,2026-08-25,2026-08-26,2026-08-27,2026-08-28,2026-08-31,2026-09-01,2026-09-02,2026-09-03,2026-09-04,2026-09-08,2026-09-09,2026-09-10,2026-09-11,2026-09-14,2026-09-15,2026-09-16,2026-09-17,2026-09-18,2026-09-21,2026-09-22,2026-09-23,2026-09-24,2026-09-25,2026-09-28,2026-09-29,2026-09-30,2026-10-01,2026-10-02,2026-10-05,2026-10-06,2026-10-07,2026-10-08,2026-10-09,2026-10-12,2026-10-13,2026-10-14,2026-10-15,2026-10-16,2026-10-19,2026-10-20,2026-10-21,2026-10-22,2026-10-23,2026-10-26,2026-10-27,2026-10-28,2026-10-29,2026-10-30,2026-11-02,2026-11-03,2026-11-04,2026-11-05,2026-11-06,2026-11-09,2026-11-10,2026-11-11,2026-11-12,2026-11-13,2026-11-16,2026-11-17,2026-11-18,2026-11-19,2026-11-20,2026-11-23,2026-11-24,2026-11-25,2026-11-27,2026-11-30,2026-12-01,2026-12-02,2026-12-03,2026-12-04,2026-12-07,2026-12-08,2026-12-09,2026-12-10,2026-12-11,2026-12-14,2026-12-15,2026-12-16,2026-12-17,2026-12-18,2026-12-21,2026-12-22,2026-12-23,2026-12-24,2026-12-28,2026-12-29,2026-12-30,2026-12-31,2027-01-04,2027-01-05,2027-01-06,2027-01-07,2027-01-08,2027-01-11,2027-01-12,2027-01-13,2027-01-14,2027-01-15,2027-01-19,2027-01-20,2027-01-21,2027-01-22,2027-01-25,2027-01-26,2027-01-27,2027-01-28,2027-01-29,2027-02-01,2027-02-02,2027-02-03,2027-02-04,2027-02-05,2027-02-08,2027-02-09,2027-02-10,2027-02-11,2027-02-12,2027-02-16,2027-02-17,2027-02-18,2027-02-19,2027-02-22,2027-02-23,2027-02-24,2027-02-25,2027-02-26,2027-03-01,2027-03-02,2027-03-03,2027-03-04,2027-03-05,2027-03-08,2027-03-09,2027-03-10,2027-03-11,2027-03-12,2027-03-15,2027-03-16,2027-03-17,2027-03-18,2027-03-19,2027-03-22,2027-03-23,2027-03-24,2027-03-25,2027-03-26,2027-03-29,2027-03-30,2027-03-31,2027-04-01,2027-04-02,2027-04-05,2027-04-06,2027-04-07,2027-04-08,2027-04-09,2027-04-12,2027-04-13,2027-04-14,2027-04-15,2027-04-16,2027-04-19,2027-04-20,2027-04-21,2027-04-22,2027-04-23,2027-04-26,2027-04-27,2027-04-28,2027-04-29,2027-04-30,2027-05-03,2027-05-04,2027-05-05,2027-05-06,2027-05-07,2027-05-10,2027-05-11,2027-05-12,2027-05-13,2027-05-14,2027-05-17,2027-05-18,2027-05-19,2027-05-20,2027-05-21,2027-05-24,2027-05-25,2027-05-26,2027-05-27,2027-05-28,2027-06-01,2027-06-02,2027-06-03,2027-06-04,2027-06-07,2027-06-08,2027-06-09,2027-06-10,2027-06-11,2027-06-14,2027-06-15,2027-06-16,2027-06-17,2027-06-18,2027-06-21,2027-06-22,2027-06-23,2027-06-24,2027-06-25,2027-06-28,2027-06-29,2027-06-30,2027-07-01,2027-07-02,2027-07-06,2027-07-07,2027-07-08,2027-07-09,2027-07-12",,2026-07-13,2026-08-19,,hlgtfs.zip,hartford_gtfs_effective_2026-07-11_updated_2026-08-19.zip,0,To Northbound to Springfield; GTFS; gtfs_trip_id=26020; gtfs_service_id=2; source_origin=Hartford; source_destination=Springfield
CTrail,Hartford Line,Hartford Line,CTrail 4400,To Northbound to Hartford,BER,Berlin,5,08:22,08:22,2026-07-13,2027-07-12,"2026-07-13,2026-07-14,2026-07-15,2026-07-16,2026-07-17,2026-07-20,2026-07-21,2026-07-22,2026-07-23,2026-07-24,2026-07-27,2026-07-28,2026-07-29,2026-07-30,2026-07-31,2026-08-03,2026-08-04,2026-08-05,2026-08-06,2026-08-07,2026-08-10,2026-08-11,2026-08-12,2026-08-13,2026-08-14,2026-08-17,2026-08-18,2026-08-19,2026-08-20,2026-08-21,2026-08-24,2026-08-25,2026-08-26,2026-08-27,2026-08-28,2026-08-31,2026-09-01,2026-09-02,2026-09-03,2026-09-04,2026-09-08,2026-09-09,2026-09-10,2026-09-11,2026-09-14,2026-09-15,2026-09-16,2026-09-17,2026-09-18,2026-09-21,2026-09-22,2026-09-23,2026-09-24,2026-09-25,2026-09-28,2026-09-29,2026-09-30,2026-10-01,2026-10-02,2026-10-05,2026-10-06,2026-10-07,2026-10-08,2026-10-09,2026-10-12,2026-10-13,2026-10-14,2026-10-15,2026-10-16,2026-10-19,2026-10-20,2026-10-21,2026-10-22,2026-10-23,2026-10-26,2026-10-27,2026-10-28,2026-10-29,2026-10-30,2026-11-02,2026-11-03,2026-11-04,2026-11-05,2026-11-06,2026-11-09,2026-11-10,2026-11-11,2026-11-12,2026-11-13,2026-11-16,2026-11-17,2026-11-18,2026-11-19,2026-11-20,2026-11-23,2026-11-24,2026-11-25,2026-11-27,2026-11-30,2026-12-01,2026-12-02,2026-12-03,2026-12-04,2026-12-07,2026-12-08,2026-12-09,2026-12-10,2026-12-11,2026-12-14,2026-12-15,2026-12-16,2026-12-17,2026-12-18,2026-12-21,2026-12-22,2026-12-23,2026-12-24,2026-12-28,2026-12-29,2026-12-30,2026-12-31,2027-01-04,2027-01-05,2027-01-06,2027-01-07,2027-01-08,2027-01-11,2027-01-12,2027-01-13,2027-01-14,2027-01-15,2027-01-19,2027-01-20,2027-01-21,2027-01-22,2027-01-25,2027-01-26,2027-01-27,2027-01-28,2027-01-29,2027-02-01,2027-02-02,2027-02-03,2027-02-04,2027-02-05,2027-02-08,2027-02-09,2027-02-10,2027-02-11,2027-02-12,2027-02-16,2027-02-17,2027-02-18,2027-02-19,2027-02-22,2027-02-23,2027-02-24,2027-02-25,2027-02-26,2027-03-01,2027-03-02,2027-03-03,2027-03-04,2027-03-05,2027-03-08,2027-03-09,2027-03-10,2027-03-11,2027-03-12,2027-03-15,2027-03-16,2027-03-17,2027-03-18,2027-03-19,2027-03-22,2027-03-23,2027-03-24,2027-03-25,2027-03-26,2027-03-29,2027-03-30,2027-03-31,2027-04-01,2027-04-02,2027-04-05,2027-04-06,2027-04-07,2027-04-08,2027-04-09,2027-04-12,2027-04-13,2027-04-14,2027-04-15,2027-04-16,2027-04-19,2027-04-20,2027-04-21,2027-04-22,2027-04-23,2027-04-26,2027-04-27,2027-04-28,2027-04-29,2027-04-30,2027-05-03,2027-05-04,2027-05-05,2027-05-06,2027-05-07,2027-05-10,2027-05-11,2027-05-12,2027-05-13,2027-05-14,2027-05-17,2027-05-18,2027-05-19,2027-05-20,2027-05-21,2027-05-24,2027-05-25,2027-05-26,2027-05-27,2027-05-28,2027-06-01,2027-06-02,2027-06-03,2027-06-04,2027-06-07,2027-06-08,2027-06-09,2027-06-10,2027-06-11,2027-06-14,2027-06-15,2027-06-16,2027-06-17,2027-06-18,2027-06-21,2027-06-22,2027-06-23,2027-06-24,2027-06-25,2027-06-28,2027-06-29,2027-06-30,2027-07-01,2027-07-02,2027-07-06,2027-07-07,2027-07-08,2027-07-09,2027-07-12",,2026-07-13,2026-08-19,,hlgtfs.zip,hartford_gtfs_effective_2026-07-11_updated_2026-08-19.zip,0,To Northbound to Hartford; GTFS; gtfs_trip_id=30020; gtfs_service_id=2; source_origin=New Haven Union Station; source_destination=Hartford
CTrail,Hartford Line,Hartford Line,CTrail 4400,To Northbound to Hartford,HFD,Hartford,6,08:33,08:33,2026-07-13,2027-07-12,"2026-07-13,2026-07-14,2026-07-15,2026-07-16,2026-07-17,2026-07-20,2026-07-21,2026-07-22,2026-07-23,2026-07-24,2026-07-27,2026-07-28,2026-07-29,2026-07-30,2026-07-31,2026-08-03,2026-08-04,2026-08-05,2026-08-06,2026-08-07,2026-08-10,2026-08-11,2026-08-12,2026-08-13,2026-08-14,2026-08-17,2026-08-18,2026-08-19,2026-08-20,2026-08-21,2026-08-24,2026-08-25,2026-08-26,2026-08-27,2026-08-28,2026-08-31,2026-09-01,2026-09-02,2026-09-03,2026-09-04,2026-09-08,2026-09-09,2026-09-10,2026-09-11,2026-09-14,2026-09-15,2026-09-16,2026-09-17,2026-09-18,2026-09-21,2026-09-22,2026-09-23,2026-09-24,2026-09-25,2026-09-28,2026-09-29,2026-09-30,2026-10-01,2026-10-02,2026-10-05,2026-10-06,2026-10-07,2026-10-08,2026-10-09,2026-10-12,2026-10-13,2026-10-14,2026-10-15,2026-10-16,2026-10-19,2026-10-20,2026-10-21,2026-10-22,2026-10-23,2026-10-26,2026-10-27,2026-10-28,2026-10-29,2026-10-30,2026-11-02,2026-11-03,2026-11-04,2026-11-05,2026-11-06,2026-11-09,2026-11-10,2026-11-11,2026-11-12,2026-11-13,2026-11-16,2026-11-17,2026-11-18,2026-11-19,2026-11-20,2026-11-23,2026-11-24,2026-11-25,2026-11-27,2026-11-30,2026-12-01,2026-12-02,2026-12-03,2026-12-04,2026-12-07,2026-12-08,2026-12-09,2026-12-10,2026-12-11,2026-12-14,2026-12-15,2026-12-16,2026-12-17,2026-12-18,2026-12-21,2026-12-22,2026-12-23,2026-12-24,2026-12-28,2026-12-29,2026-12-30,2026-12-31,2027-01-04,2027-01-05,2027-01-06,2027-01-07,2027-01-08,2027-01-11,2027-01-12,2027-01-13,2027-01-14,2027-01-15,2027-01-19,2027-01-20,2027-01-21,2027-01-22,2027-01-25,2027-01-26,2027-01-27,2027-01-28,2027-01-29,2027-02-01,2027-02-02,2027-02-03,2027-02-04,2027-02-05,2027-02-08,2027-02-09,2027-02-10,2027-02-11,2027-02-12,2027-02-16,2027-02-17,2027-02-18,2027-02-19,2027-02-22,2027-02-23,2027-02-24,2027-02-25,2027-02-26,2027-03-01,2027-03-02,2027-03-03,2027-03-04,2027-03-05,2027-03-08,2027-03-09,2027-03-10,2027-03-11,2027-03-12,2027-03-15,2027-03-16,2027-03-17,2027-03-18,2027-03-19,2027-03-22,2027-03-23,2027-03-24,2027-03-25,2027-03-26,2027-03-29,2027-03-30,2027-03-31,2027-04-01,2027-04-02,2027-04-05,2027-04-06,2027-04-07,2027-04-08,2027-04-09,2027-04-12,2027-04-13,2027-04-14,2027-04-15,2027-04-16,2027-04-19,2027-04-20,2027-04-21,2027-04-22,2027-04-23,2027-04-26,2027-04-27,2027-04-28,2027-04-29,2027-04-30,2027-05-03,2027-05-04,2027-05-05,2027-05-06,2027-05-07,2027-05-10,2027-05-11,2027-05-12,2027-05-13,2027-05-14,2027-05-17,2027-05-18,2027-05-19,2027-05-20,2027-05-21,2027-05-24,2027-05-25,2027-05-26,2027-05-27,2027-05-28,2027-06-01,2027-06-02,2027-06-03,2027-06-04,2027-06-07,2027-06-08,2027-06-09,2027-06-10,2027-06-11,2027-06-14,2027-06-15,2027-06-16,2027-06-17,2027-06-18,2027-06-21,2027-06-22,2027-06-23,2027-06-24,2027-06-25,2027-06-28,2027-06-29,2027-06-30,2027-07-01,2027-07-02,2027-07-06,2027-07-07,2027-07-08,2027-07-09,2027-07-12",,2026-07-13,2026-08-19,,hlgtfs.zip,hartford_gtfs_effective_2026-07-11_updated_2026-08-19.zip,0,To Northbound to Hartford; GTFS; gtfs_trip_id=30020; gtfs_service_id=2; source_origin=New Haven Union Station; source_destination=Hartford
CTrail,Hartford Line,Hartford Line,CTrail 4401,To Southbound to New Haven Union Station,WNL,Windsor Locks,1,06:05,06:05,2026-07-13,2027-07-12,"2026-07-13,2026-07-14,2026-07-15,2026-07-16,2026-07-17,2026-07-20,2026-07-21,2026-07-22,2026-07-23,2026-07-24,2026-07-27,2026-07-28,2026-07-29,2026-07-30,2026-07-31,2026-08-03,2026-08-04,2026-08-05,2026-08-06,2026-08-07,2026-08-10,2026-08-11,2026-08-12,2026-08-13,2026-08-14,2026-08-17,2026-08-18,2026-08-19,2026-08-20,2026-08-21,2026-08-24,2026-08-25,2026-08-26,2026-08-27,2026-08-28,2026-08-31,2026-09-01,2026-09-02,2026-09-03,2026-09-04,2026-09-08,2026-09-09,2026-09-10,2026-09-11,2026-09-14,2026-09-15,2026-09-16,2026-09-17,2026-09-18,2026-09-21,2026-09-22,2026-09-23,2026-09-24,2026-09-25,2026-09-28,2026-09-29,2026-09-30,2026-10-01,2026-10-02,2026-10-05,2026-10-06,2026-10-07,2026-10-08,2026-10-09,2026-10-12,2026-10-13,2026-10-14,2026-10-15,2026-10-16,2026-10-19,2026-10-20,2026-10-21,2026-10-22,2026-10-23,2026-10-26,2026-10-27,2026-10-28,2026-10-29,2026-10-30,2026-11-02,2026-11-03,2026-11-04,2026-11-05,2026-11-06,2026-11-09,2026-11-10,2026-11-11,2026-11-12,2026-11-13,2026-11-16,2026-11-17,2026-11-18,2026-11-19,2026-11-20,2026-11-23,2026-11-24,2026-11-25,2026-11-27,2026-11-30,2026-12-01,2026-12-02,2026-12-03,2026-12-04,2026-12-07,2026-12-08,2026-12-09,2026-12-10,2026-12-11,2026-12-14,2026-12-15,2026-12-16,2026-12-17,2026-12-18,2026-12-21,2026-12-22,2026-12-23,2026-12-24,2026-12-28,2026-12-29,2026-12-30,2026-12-31,2027-01-04,2027-01-05,2027-01-06,2027-01-07,2027-01-08,2027-01-11,2027-01-12,2027-01-13,2027-01-14,2027-01-15,2027-01-19,2027-01-20,2027-01-21,2027-01-22,2027-01-25,2027-01-26,2027-01-27,2027-01-28,2027-01-29,2027-02-01,2027-02-02,2027-02-03,2027-02-04,2027-02-05,2027-02-08,2027-02-09,2027-02-10,2027-02-11,2027-02-12,2027-02-16,2027-02-17,2027-02-18,2027-02-19,2027-02-22,2027-02-23,2027-02-24,2027-02-25,2027-02-26,2027-03-01,2027-03-02,2027-03-03,2027-03-04,2027-03-05,2027-03-08,2027-03-09,2027-03-10,2027-03-11,2027-03-12,2027-03-15,2027-03-16,2027-03-17,2027-03-18,2027-03-19,2027-03-22,2027-03-23,2027-03-24,2027-03-25,2027-03-26,2027-03-29,2027-03-30,2027-03-31,2027-04-01,2027-04-02,2027-04-05,2027-04-06,2027-04-07,2027-04-08,2027-04-09,2027-04-12,2027-04-13,2027-04-14,2027-04-15,2027-04-16,2027-04-19,2027-04-20,2027-04-21,2027-04-22,2027-04-23,2027-04-26,2027-04-27,2027-04-28,2027-04-29,2027-04-30,2027-05-03,2027-05-04,2027-05-05,2027-05-06,2027-05-07,2027-05-10,2027-05-11,2027-05-12,2027-05-13,2027-05-14,2027-05-17,2027-05-18,2027-05-19,2027-05-20,2027-05-21,2027-05-24,2027-05-25,2027-05-26,2027-05-27,2027-05-28,2027-06-01,2027-06-02,2027-06-03,2027-06-04,2027-06-07,2027-06-08,2027-06-09,2027-06-10,2027-06-11,2027-06-14,2027-06-15,2027-06-16,2027-06-17,2027-06-18,2027-06-21,2027-06-22,2027-06-23,2027-06-24,2027-06-25,2027-06-28,2027-06-29,2027-06-30,2027-07-01,2027-07-02,2027-07-06,2027-07-07,2027-07-08,2027-07-09,2027-07-12",,2026-07-13,2026-08-19,,hlgtfs.zip,hartford_gtfs_effective_2026-07-11_updated_2026-08-19.zip,0,To Southbound to New Haven Union Station; GTFS; gtfs_trip_id=29020; gtfs_service_id=2; source_origin=Windsor Locks; source_destination=New Haven Union Station
CTrail,Hartford Line,Hartford Line,CTrail 4401,To Southbound to New Haven Union Station,WND,Windsor,2,06:11,06:11,2026-07-13,2027-07-12,"2026-07-13,2026-07-14,2026-07-15,2026-07-16,2026-07-17,2026-07-20,2026-07-21,2026-07-22,2026-07-23,2026-07-24,2026-07-27,2026-07-28,2026-07-29,2026-07-30,2026-07-31,2026-08-03,2026-08-04,2026-08-05,2026-08-06,2026-08-07,2026-08-10,2026-08-11,2026-08-12,2026-08-13,2026-08-14,2026-08-17,2026-08-18,2026-08-19,2026-08-20,2026-08-21,2026-08-24,2026-08-25,2026-08-26,2026-08-27,2026-08-28,2026-08-31,2026-09-01,2026-09-02,2026-09-03,2026-09-04,2026-09-08,2026-09-09,2026-09-10,2026-09-11,2026-09-14,2026-09-15,2026-09-16,2026-09-17,2026-09-18,2026-09-21,2026-09-22,2026-09-23,2026-09-24,2026-09-25,2026-09-28,2026-09-29,2026-09-30,2026-10-01,2026-10-02,2026-10-05,2026-10-06,2026-10-07,2026-10-08,2026-10-09,2026-10-12,2026-10-13,2026-10-14,2026-10-15,2026-10-16,2026-10-19,2026-10-20,2026-10-21,2026-10-22,2026-10-23,2026-10-26,2026-10-27,2026-10-28,2026-10-29,2026-10-30,2026-11-02,2026-11-03,2026-11-04,2026-11-05,2026-11-06,2026-11-09,2026-11-10,2026-11-11,2026-11-12,2026-11-13,2026-11-16,2026-11-17,2026-11-18,2026-11-19,2026-11-20,2026-11-23,2026-11-24,2026-11-25,2026-11-27,2026-11-30,2026-12-01,2026-12-02,2026-12-03,2026-12-04,2026-12-07,2026-12-08,2026-12-09,2026-12-10,2026-12-11,2026-12-14,2026-12-15,2026-12-16,2026-12-17,2026-12-18,2026-12-21,2026-12-22,2026-12-23,2026-12-24,2026-12-28,2026-12-29,2026-12-30,2026-12-31,2027-01-04,2027-01-05,2027-01-06,2027-01-07,2027-01-08,2027-01-11,2027-01-12,2027-01-13,2027-01-14,2027-01-15,2027-01-19,2027-01-20,2027-01-21,2027-01-22,2027-01-25,2027-01-26,2027-01-27,2027-01-28,2027-01-29,2027-02-01,2027-02-02,2027-02-03,2027-02-04,2027-02-05,2027-02-08,2027-02-09,2027-02-10,2027-02-11,2027-02-12,2027-02-16,2027-02-17,2027-02-18,2027-02-19,2027-02-22,2027-02-23,2027-02-24,2027-02-25,2027-02-26,2027-03-01,2027-03-02,2027-03-03,2027-03-04,2027-03-05,2027-03-08,2027-03-09,2027-03-10,2027-03-11,2027-03-12,2027-03-15,2027-03-16,2027-03-17,2027-03-18,2027-03-19,2027-03-22,2027-03-23,2027-03-24,2027-03-25,2027-03-26,2027-03-29,2027-03-30,2027-03-31,2027-04-01,2027-04-02,2027-04-05,2027-04-06,2027-04-07,2027-04-08,2027-04-09,2027-04-12,2027-04-13,2027-04-14,2027-04-15,2027-04-16,2027-04-19,2027-04-20,2027-04-21,2027-04-22,2027-04-23,2027-04-26,2027-04-27,2027-04-28,2027-04-29,2027-04-30,2027-05-03,2027-05-04,2027-05-05,2027-05-06,2027-05-07,2027-05-10,2027-05-11,2027-05-12,2027-05-13,2027-05-14,2027-05-17,2027-05-18,2027-05-19,2027-05-20,2027-05-21,2027-05-24,2027-05-25,2027-05-26,2027-05-27,2027-05-28,2027-06-01,2027-06-02,2027-06-03,2027-06-04,2027-06-07,2027-06-08,2027-06-09,2027-06-10,2027-06-11,2027-06-14,2027-06-15,2027-06-16,2027-06-17,2027-06-18,2027-06-21,2027-06-22,2027-06-23,2027-06-24,2027-06-25,2027-06-28,2027-06-29,2027-06-30,2027-07-01,2027-07-02,2027-07-06,2027-07-07,2027-07-08,2027-07-09,2027-07-12",,2026-07-13,2026-08-19,,hlgtfs.zip,hartford_gtfs_effective_2026-07-11_updated_2026-08-19.zip,0,To Southbound to New Haven Union Station; GTFS; gtfs_trip_id=29020; gtfs_service_id=2; source_origin=Windsor Locks; source_destination=New Haven Union Station
CTrail,Hartford Line,Hartford Line,CTrail 4401,To Southbound to New Haven Union Station,HFD,Hartford,3,06:21,06:21,2026-07-13,2027-07-12,"2026-07-13,2026-07-14,2026-07-15,2026-07-16,2026-07-17,2026-07-20,2026-07-21,2026-07-22,2026-07-23,2026-07-24,2026-07-27,2026-07-28,2026-07-29,2026-07-30,2026-07-31,2026-08-03,2026-08-04,2026-08-05,2026-08-06,2026-08-07,2026-08-10,2026-08-11,2026-08-12,2026-08-13,2026-08-14,2026-08-17,2026-08-18,2026-08-19,2026-08-20,2026-08-21,2026-08-24,2026-08-25,2026-08-26,2026-08-27,2026-08-28,2026-08-31,2026-09-01,2026-09-02,2026-09-03,2026-09-04,2026-09-08,2026-09-09,2026-09-10,2026-09-11,2026-09-14,2026-09-15,2026-09-16,2026-09-17,2026-09-18,2026-09-21,2026-09-22,2026-09-23,2026-09-24,2026-09-25,2026-09-28,2026-09-29,2026-09-30,2026-10-01,2026-10-02,2026-10-05,2026-10-06,2026-10-07,2026-10-08,2026-10-09,2026-10-12,2026-10-13,2026-10-14,2026-10-15,2026-10-16,2026-10-19,2026-10-20,2026-10-21,2026-10-22,2026-10-23,2026-10-26,2026-10-27,2026-10-28,2026-10-29,2026-10-30,2026-11-02,2026-11-03,2026-11-04,2026-11-05,2026-11-06,2026-11-09,2026-11-10,2026-11-11,2026-11-12,2026-11-13,2026-11-16,2026-11-17,2026-11-18,2026-11-19,2026-11-20,2026-11-23,2026-11-24,2026-11-25,2026-11-27,2026-11-30,2026-12-01,2026-12-02,2026-12-03,2026-12-04,2026-12-07,2026-12-08,2026-12-09,2026-12-10,2026-12-11,2026-12-14,2026-12-15,2026-12-16,2026-12-17,2026-12-18,2026-12-21,2026-12-22,2026-12-23,2026-12-24,2026-12-28,2026-12-29,2026-12-30,2026-12-31,2027-01-04,2027-01-05,2027-01-06,2027-01-07,2027-01-08,2027-01-11,2027-01-12,2027-01-13,2027-01-14,2027-01-15,2027-01-19,2027-01-20,2027-01-21,2027-01-22,2027-01-25,2027-01-26,2027-01-27,2027-01-28,2027-01-29,2027-02-01,2027-02-02,2027-02-03,2027-02-04,2027-02-05,2027-02-08,2027-02-09,2027-02-10,2027-02-11,2027-02-12,2027-02-16,2027-02-17,2027-02-18,2027-02-19,2027-02-22,2027-02-23,2027-02-24,2027-02-25,2027-02-26,2027-03-01,2027-03-02,2027-03-03,2027-03-04,2027-03-05,2027-03-08,2027-03-09,2027-03-10,2027-03-11,2027-03-12,2027-03-15,2027-03-16,2027-03-17,2027-03-18,2027-03-19,2027-03-22,2027-03-23,2027-03-24,2027-03-25,2027-03-26,2027-03-29,2027-03-30,2027-03-31,2027-04-01,2027-04-02,2027-04-05,2027-04-06,2027-04-07,2027-04-08,2027-04-09,2027-04-12,2027-04-13,2027-04-14,2027-04-15,2027-04-16,2027-04-19,2027-04-20,2027-04-21,2027-04-22,2027-04-23,2027-04-26,2027-04-27,2027-04-28,2027-04-29,2027-04-30,2027-05-03,2027-05-04,2027-05-05,2027-05-06,2027-05-07,2027-05-10,2027-05-11,2027-05-12,2027-05-13,2027-05-14,2027-05-17,2027-05-18,2027-05-19,2027-05-20,2027-05-21,2027-05-24,2027-05-25,2027-05-26,2027-05-27,2027-05-28,2027-06-01,2027-06-02,2027-06-03,2027-06-04,2027-06-07,2027-06-08,2027-06-09,2027-06-10,2027-06-11,2027-06-14,2027-06-15,2027-06-16,2027-06-17,2027-06-18,2027-06-21,2027-06-22,2027-06-23,2027-06-24,2027-06-25,2027-06-28,2027-06-29,2027-06-30,2027-07-01,2027-07-02,2027-07-06,2027-07-07,2027-07-08,2027-07-09,2027-07-12",,2026-07-13,2026-08-19,,hlgtfs.zip,hartford_gtfs_effective_2026-07-11_updated_2026-08-19.zip,0,To Southbound to New Haven Union Station; GTFS; gtfs_trip_id=29020; gtfs_service_id=2; source_origin=Windsor Locks; source_destination=New Haven Union Station
CTrail,Hartford Line,Hartford Line,CTrail 4401,To Southbound to New Haven Union Station,BER,Berlin,4,06:32,06:32,2026-07-13,2027-07-12,"2026-07-13,2026-07-14,2026-07-15,2026-07-16,2026-07-17,2026-07-20,2026-07-21,2026-07-22,2026-07-23,2026-07-24,2026-07-27,2026-07-28,2026-07-29,2026-07-30,2026-07-31,2026-08-03,2026-08-04,2026-08-05,2026-08-06,2026-08-07,2026-08-10,2026-08-11,2026-08-12,2026-08-13,2026-08-14,2026-08-17,2026-08-18,2026-08-19,2026-08-20,2026-08-21,2026-08-24,2026-08-25,2026-08-26,2026-08-27,2026-08-28,2026-08-31,2026-09-01,2026-09-02,2026-09-03,2026-09-04,2026-09-08,2026-09-09,2026-09-10,2026-09-11,2026-09-14,2026-09-15,2026-09-16,2026-09-17,2026-09-18,2026-09-21,2026-09-22,2026-09-23,2026-09-24,2026-09-25,2026-09-28,2026-09-29,2026-09-30,2026-10-01,2026-10-02,2026-10-05,2026-10-06,2026-10-07,2026-10-08,2026-10-09,2026-10-12,2026-10-13,2026-10-14,2026-10-15,2026-10-16,2026-10-19,2026-10-20,2026-10-21,2026-10-22,2026-10-23,2026-10-26,2026-10-27,2026-10-28,2026-10-29,2026-10-30,2026-11-02,2026-11-03,2026-11-04,2026-11-05,2026-11-06,2026-11-09,2026-11-10,2026-11-11,2026-11-12,2026-11-13,2026-11-16,2026-11-17,2026-11-18,2026-11-19,2026-11-20,2026-11-23,2026-11-24,2026-11-25,2026-11-27,2026-11-30,2026-12-01,2026-12-02,2026-12-03,2026-12-04,2026-12-07,2026-12-08,2026-12-09,2026-12-10,2026-12-11,2026-12-14,2026-12-15,2026-12-16,2026-12-17,2026-12-18,2026-12-21,2026-12-22,2026-12-23,2026-12-24,2026-12-28,2026-12-29,2026-12-30,2026-12-31,2027-01-04,2027-01-05,2027-01-06,2027-01-07,2027-01-08,2027-01-11,2027-01-12,2027-01-13,2027-01-14,2027-01-15,2027-01-19,2027-01-20,2027-01-21,2027-01-22,2027-01-25,2027-01-26,2027-01-27,2027-01-28,2027-01-29,2027-02-01,2027-02-02,2027-02-03,2027-02-04,2027-02-05,2027-02-08,2027-02-09,2027-02-10,2027-02-11,2027-02-12,2027-02-16,2027-02-17,2027-02-18,2027-02-19,2027-02-22,2027-02-23,2027-02-24,2027-02-25,2027-02-26,2027-03-01,2027-03-02,2027-03-03,2027-03-04,2027-03-05,2027-03-08,2027-03-09,2027-03-10,2027-03-11,2027-03-12,2027-03-15,2027-03-16,2027-03-17,2027-03-18,2027-03-19,2027-03-22,2027-03-23,2027-03-24,2027-03-25,2027-03-26,2027-03-29,2027-03-30,2027-03-31,2027-04-01,2027-04-02,2027-04-05,2027-04-06,2027-04-07,2027-04-08,2027-04-09,2027-04-12,2027-04-13,2027-04-14,2027-04-15,2027-04-16,2027-04-19,2027-04-20,2027-04-21,2027-04-22,2027-04-23,2027-04-26,2027-04-27,2027-04-28,2027-04-29,2027-04-30,2027-05-03,2027-05-04,2027-05-05,2027-05-06,2027-05-07,2027-05-10,2027-05-11,2027-05-12,2027-05-13,2027-05-14,2027-05-17,2027-05-18,2027-05-19,2027-05-20,2027-05-21,2027-05-24,2027-05-25,2027-05-26,2027-05-27,2027-05-28,2027-06-01,2027-06-02,2027-06-03,2027-06-04,2027-06-07,2027-06-08,2027-06-09,2027-06-10,2027-06-11,2027-06-14,2027-06-15,2027-06-16,2027-06-17,2027-06-18,2027-06-21,2027-06-22,2027-06-23,2027-06-24,2027-06-25,2027-06-28,2027-06-29,2027-06-30,2027-07-01,2027-07-02,2027-07-06,2027-07-07,2027-07-08,2027-07-09,2027-07-12",,2026-07-13,2026-08-19,,hlgtfs.zip,hartford_gtfs_effective_2026-07-11_updated_2026-08-19.zip,0,To Southbound to New Haven Union Station; GTFS; gtfs_trip_id=29020; gtfs_service_id=2; source_origin=Windsor Locks; source_destination=New Haven Union Station
CTrail,Hartford Line,Hartford Line,CTrail 4401,To Southbound to New Haven Union Station,MDN,Meriden,5,06:44,06:44,2026-07-13,2027-07-12,"2026-07-13,2026-07-14,2026-07-15,2026-07-16,2026-07-17,2026-07-20,2026-07-21,2026-07-22,2026-07-23,2026-07-24,2026-07-27,2026-07-28,2026-07-29,2026-07-30,2026-07-31,2026-08-03,2026-08-04,2026-08-05,2026-08-06,2026-08-07,2026-08-10,2026-08-11,2026-08-12,2026-08-13,2026-08-14,2026-08-17,2026-08-18,2026-08-19,2026-08-20,2026-08-21,2026-08-24,2026-08-25,2026-08-26,2026-08-27,2026-08-28,2026-08-31,2026-09-01,2026-09-02,2026-09-03,2026-09-04,2026-09-08,2026-09-09,2026-09-10,2026-09-11,2026-09-14,2026-09-15,2026-09-16,2026-09-17,2026-09-18,2026-09-21,2026-09-22,2026-09-23,2026-09-24,2026-09-25,2026-09-28,2026-09-29,2026-09-30,2026-10-01,2026-10-02,2026-10-05,2026-10-06,2026-10-07,2026-10-08,2026-10-09,2026-10-12,2026-10-13,2026-10-14,2026-10-15,2026-10-16,2026-10-19,2026-10-20,2026-10-21,2026-10-22,2026-10-23,2026-10-26,2026-10-27,2026-10-28,2026-10-29,2026-10-30,2026-11-02,2026-11-03,2026-11-04,2026-11-05,2026-11-06,2026-11-09,2026-11-10,2026-11-11,2026-11-12,2026-11-13,2026-11-16,2026-11-17,2026-11-18,2026-11-19,2026-11-20,2026-11-23,2026-11-24,2026-11-25,2026-11-27,2026-11-30,2026-12-01,2026-12-02,2026-12-03,2026-12-04,2026-12-07,2026-12-08,2026-12-09,2026-12-10,2026-12-11,2026-12-14,2026-12-15,2026-12-16,2026-12-17,2026-12-18,2026-12-21,2026-12-22,2026-12-23,2026-12-24,2026-12-28,2026-12-29,2026-12-30,2026-12-31,2027-01-04,2027-01-05,2027-01-06,2027-01-07,2027-01-08,2027-01-11,2027-01-12,2027-01-13,2027-01-14,2027-01-15,2027-01-19,2027-01-20,2027-01-21,2027-01-22,2027-01-25,2027-01-26,2027-01-27,2027-01-28,2027-01-29,2027-02-01,2027-02-02,2027-02-03,2027-02-04,2027-02-05,2027-02-08,2027-02-09,2027-02-10,2027-02-11,2027-02-12,2027-02-16,2027-02-17,2027-02-18,2027-02-19,2027-02-22,2027-02-23,2027-02-24,2027-02-25,2027-02-26,2027-03-01,2027-03-02,2027-03-03,2027-03-04,2027-03-05,2027-03-08,2027-03-09,2027-03-10,2027-03-11,2027-03-12,2027-03-15,2027-03-16,2027-03-17,2027-03-18,2027-03-19,2027-03-22,2027-03-23,2027-03-24,2027-03-25,2027-03-26,2027-03-29,2027-03-30,2027-03-31,2027-04-01,2027-04-02,2027-04-05,2027-04-06,2027-04-07,2027-04-08,2027-04-09,2027-04-12,2027-04-13,2027-04-14,2027-04-15,2027-04-16,2027-04-19,2027-04-20,2027-04-21,2027-04-22,2027-04-23,2027-04-26,2027-04-27,2027-04-28,2027-04-29,2027-04-30,2027-05-03,2027-05-04,2027-05-05,2027-05-06,2027-05-07,2027-05-10,2027-05-11,2027-05-12,2027-05-13,2027-05-14,2027-05-17,2027-05-18,2027-05-19,2027-05-20,2027-05-21,2027-05-24,2027-05-25,2027-05-26,2027-05-27,2027-05-28,2027-06-01,2027-06-02,2027-06-03,2027-06-04,2027-06-07,2027-06-08,2027-06-09,2027-06-10,2027-06-11,2027-06-14,2027-06-15,2027-06-16,2027-06-17,2027-06-18,2027-06-21,2027-06-22,2027-06-23,2027-06-24,2027-06-25,2027-06-28,2027-06-29,2027-06-30,2027-07-01,2027-07-02,2027-07-06,2027-07-07,2027-07-08,2027-07-09,2027-07-12",,2026-07-13,2026-08-19,,hlgtfs.zip,hartford_gtfs_effective_2026-07-11_updated_2026-08-19.zip,0,To Southbound to New Haven Union Station; GTFS; gtfs_trip_id=29020; gtfs_service_id=2; source_origin=Windsor Locks; source_destination=New Haven Union Station
CTrail,Hartford Line,Hartford Line,CTrail 4401,To Southbound to New Haven Union Station,WFD,Wallingford,6,06:53,06:53,2026-07-13,2027-07-12,"2026-07-13,2026-07-14,2026-07-15,2026-07-16,2026-07-17,2026-07-20,2026-07-21,2026-07-22,2026-07-23,2026-07-24,2026-07-27,2026-07-28,2026-07-29,2026-07-30,2026-07-31,2026-08-03,2026-08-04,2026-08-05,2026-08-06,2026-08-07,2026-08-10,2026-08-11,2026-08-12,2026-08-13,2026-08-14,2026-08-17,2026-08-18,2026-08-19,2026-08-20,2026-08-21,2026-08-24,2026-08-25,2026-08-26,2026-08-27,2026-08-28,2026-08-31,2026-09-01,2026-09-02,2026-09-03,2026-09-04,2026-09-08,2026-09-09,2026-09-10,2026-09-11,2026-09-14,2026-09-15,2026-09-16,2026-09-17,2026-09-18,2026-09-21,2026-09-22,2026-09-23,2026-09-24,2026-09-25,2026-09-28,2026-09-29,2026-09-30,2026-10-01,2026-10-02,2026-10-05,2026-10-06,2026-10-07,2026-10-08,2026-10-09,2026-10-12,2026-10-13,2026-10-14,2026-10-15,2026-10-16,2026-10-19,2026-10-20,2026-10-21,2026-10-22,2026-10-23,2026-10-26,2026-10-27,2026-10-28,2026-10-29,2026-10-30,2026-11-02,2026-11-03,2026-11-04,2026-11-05,2026-11-06,2026-11-09,2026-11-10,2026-11-11,2026-11-12,2026-11-13,2026-11-16,2026-11-17,2026-11-18,2026-11-19,2026-11-20,2026-11-23,2026-11-24,2026-11-25,2026-11-27,2026-11-30,2026-12-01,2026-12-02,2026-12-03,2026-12-04,2026-12-07,2026-12-08,2026-12-09,2026-12-10,2026-12-11,2026-12-14,2026-12-15,2026-12-16,2026-12-17,2026-12-18,2026-12-21,2026-12-22,2026-12-23,2026-12-24,2026-12-28,2026-12-29,2026-12-30,2026-12-31,2027-01-04,2027-01-05,2027-01-06,2027-01-07,2027-01-08,2027-01-11,2027-01-12,2027-01-13,2027-01-14,2027-01-15,2027-01-19,2027-01-20,2027-01-21,2027-01-22,2027-01-25,2027-01-26,2027-01-27,2027-01-28,2027-01-29,2027-02-01,2027-02-02,2027-02-03,2027-02-04,2027-02-05,2027-02-08,2027-02-09,2027-02-10,2027-02-11,2027-02-12,2027-02-16,2027-02-17,2027-02-18,2027-02-19,2027-02-22,2027-02-23,2027-02-24,2027-02-25,2027-02-26,2027-03-01,2027-03-02,2027-03-03,2027-03-04,2027-03-05,2027-03-08,2027-03-09,2027-03-10,2027-03-11,2027-03-12,2027-03-15,2027-03-16,2027-03-17,2027-03-18,2027-03-19,2027-03-22,2027-03-23,2027-03-24,2027-03-25,2027-03-26,2027-03-29,2027-03-30,2027-03-31,2027-04-01,2027-04-02,2027-04-05,2027-04-06,2027-04-07,2027-04-08,2027-04-09,2027-04-12,2027-04-13,2027-04-14,2027-04-15,2027-04-16,2027-04-19,2027-04-20,2027-04-21,2027-04-22,2027-04-23,2027-04-26,2027-04-27,2027-04-28,2027-04-29,2027-04-30,2027-05-03,2027-05-04,2027-05-05,2027-05-06,2027-05-07,2027-05-10,2027-05-11,2027-05-12,2027-05-13,2027-05-14,2027-05-17,2027-05-18,2027-05-19,2027-05-20,2027-05-21,2027-05-24,2027-05-25,2027-05-26,2027-05-27,2027-05-28,2027-06-01,2027-06-02,2027-06-03,2027-06-04,2027-06-07,2027-06-08,2027-06-09,2027-06-10,2027-06-11,2027-06-14,2027-06-15,2027-06-16,2027-06-17,2027-06-18,2027-06-21,2027-06-22,2027-06-23,2027-06-24,2027-06-25,2027-06-28,2027-06-29,2027-06-30,2027-07-01,2027-07-02,2027-07-06,2027-07-07,2027-07-08,2027-07-09,2027-07-12",,2026-07-13,2026-08-19,,hlgtfs.zip,hartford_gtfs_effective_2026-07-11_updated_2026-08-19.zip,0,To Southbound to New Haven Union Station; GTFS; gtfs_trip_id=29020; gtfs_service_id=2; source_origin=Windsor Locks; source_destination=New Haven Union Station
CTrail,Hartford Line,Hartford Line,CTrail 4401,To Southbound to New Haven Union Station,STS,New Haven State Street,7,07:06,07:06,2026-07-13,2027-07-12,"2026-07-13,2026-07-14,2026-07-15,2026-07-16,2026-07-17,2026-07-20,2026-07-21,2026-07-22,2026-07-23,2026-07-24,2026-07-27,2026-07-28,2026-07-29,2026-07-30,2026-07-31,2026-08-03,2026-08-04,2026-08-05,2026-08-06,2026-08-07,2026-08-10,2026-08-11,2026-08-12,2026-08-13,2026-08-14,2026-08-17,2026-08-18,2026-08-19,2026-08-20,2026-08-21,2026-08-24,2026-08-25,2026-08-26,2026-08-27,2026-08-28,2026-08-31,2026-09-01,2026-09-02,2026-09-03,2026-09-04,2026-09-08,2026-09-09,2026-09-10,2026-09-11,2026-09-14,2026-09-15,2026-09-16,2026-09-17,2026-09-18,2026-09-21,2026-09-22,2026-09-23,2026-09-24,2026-09-25,2026-09-28,2026-09-29,2026-09-30,2026-10-01,2026-10-02,2026-10-05,2026-10-06,2026-10-07,2026-10-08,2026-10-09,2026-10-12,2026-10-13,2026-10-14,2026-10-15,2026-10-16,2026-10-19,2026-10-20,2026-10-21,2026-10-22,2026-10-23,2026-10-26,2026-10-27,2026-10-28,2026-10-29,2026-10-30,2026-11-02,2026-11-03,2026-11-04,2026-11-05,2026-11-06,2026-11-09,2026-11-10,2026-11-11,2026-11-12,2026-11-13,2026-11-16,2026-11-17,2026-11-18,2026-11-19,2026-11-20,2026-11-23,2026-11-24,2026-11-25,2026-11-27,2026-11-30,2026-12-01,2026-12-02,2026-12-03,2026-12-04,2026-12-07,2026-12-08,2026-12-09,2026-12-10,2026-12-11,2026-12-14,2026-12-15,2026-12-16,2026-12-17,2026-12-18,2026-12-21,2026-12-22,2026-12-23,2026-12-24,2026-12-28,2026-12-29,2026-12-30,2026-12-31,2027-01-04,2027-01-05,2027-01-06,2027-01-07,2027-01-08,2027-01-11,2027-01-12,2027-01-13,2027-01-14,2027-01-15,2027-01-19,2027-01-20,2027-01-21,2027-01-22,2027-01-25,2027-01-26,2027-01-27,2027-01-28,2027-01-29,2027-02-01,2027-02-02,2027-02-03,2027-02-04,2027-02-05,2027-02-08,2027-02-09,2027-02-10,2027-02-11,2027-02-12,2027-02-16,2027-02-17,2027-02-18,2027-02-19,2027-02-22,2027-02-23,2027-02-24,2027-02-25,2027-02-26,2027-03-01,2027-03-02,2027-03-03,2027-03-04,2027-03-05,2027-03-08,2027-03-09,2027-03-10,2027-03-11,2027-03-12,2027-03-15,2027-03-16,2027-03-17,2027-03-18,2027-03-19,2027-03-22,2027-03-23,2027-03-24,2027-03-25,2027-03-26,2027-03-29,2027-03-30,2027-03-31,2027-04-01,2027-04-02,2027-04-05,2027-04-06,2027-04-07,2027-04-08,2027-04-09,2027-04-12,2027-04-13,2027-04-14,2027-04-15,2027-04-16,2027-04-19,2027-04-20,2027-04-21,2027-04-22,2027-04-23,2027-04-26,2027-04-27,2027-04-28,2027-04-29,2027-04-30,2027-05-03,2027-05-04,2027-05-05,2027-05-06,2027-05-07,2027-05-10,2027-05-11,2027-05-12,2027-05-13,2027-05-14,2027-05-17,2027-05-18,2027-05-19,2027-05-20,2027-05-21,2027-05-24,2027-05-25,2027-05-26,2027-05-27,2027-05-28,2027-06-01,2027-06-02,2027-06-03,2027-06-04,2027-06-07,2027-06-08,2027-06-09,2027-06-10,2027-06-11,2027-06-14,2027-06-15,2027-06-16,2027-06-17,2027-06-18,2027-06-21,2027-06-22,2027-06-23,2027-06-24,2027-06-25,2027-06-28,2027-06-29,2027-06-30,2027-07-01,2027-07-02,2027-07-06,2027-07-07,2027-07-08,2027-07-09,2027-07-12",,2026-07-13,2026-08-19,,hlgtfs.zip,hartford_gtfs_effective_2026-07-11_updated_2026-08-19.zip,0,To Southbound to New Haven Union Station; GTFS; gtfs_trip_id=29020; gtfs_service_id=2; source_origin=Windsor Locks; source_destination=New Haven Union Station
CTrail,Hartford Line,Hartford Line,CTrail 4401,To Southbound to New Haven Union Station,NHV,New Haven Union Station,8,07:08,07:08,2026-07-13,2027-07-12,"2026-07-13,2026-07-14,2026-07-15,2026-07-16,2026-07-17,2026-07-20,2026-07-21,2026-07-22,2026-07-23,2026-07-24,2026-07-27,2026-07-28,2026-07-29,2026-07-30,2026-07-31,2026-08-03,2026-08-04,2026-08-05,2026-08-06,2026-08-07,2026-08-10,2026-08-11,2026-08-12,2026-08-13,2026-08-14,2026-08-17,2026-08-18,2026-08-19,2026-08-20,2026-08-21,2026-08-24,2026-08-25,2026-08-26,2026-08-27,2026-08-28,2026-08-31,2026-09-01,2026-09-02,2026-09-03,2026-09-04,2026-09-08,2026-09-09,2026-09-10,2026-09-11,2026-09-14,2026-09-15,2026-09-16,2026-09-17,2026-09-18,2026-09-21,2026-09-22,2026-09-23,2026-09-24,2026-09-25,2026-09-28,2026-09-29,2026-09-30,2026-10-01,2026-10-02,2026-10-05,2026-10-06,2026-10-07,2026-10-08,2026-10-09,2026-10-12,2026-10-13,2026-10-14,2026-10-15,2026-10-16,2026-10-19,2026-10-20,2026-10-21,2026-10-22,2026-10-23,2026-10-26,2026-10-27,2026-10-28,2026-10-29,2026-10-30,2026-11-02,2026-11-03,2026-11-04,2026-11-05,2026-11-06,2026-11-09,2026-11-10,2026-11-11,2026-11-12,2026-11-13,2026-11-16,2026-11-17,2026-11-18,2026-11-19,2026-11-20,2026-11-23,2026-11-24,2026-11-25,2026-11-27,2026-11-30,2026-12-01,2026-12-02,2026-12-03,2026-12-04,2026-12-07,2026-12-08,2026-12-09,2026-12-10,2026-12-11,2026-12-14,2026-12-15,2026-12-16,2026-12-17,2026-12-18,2026-12-21,2026-12-22,2026-12-23,2026-12-24,2026-12-28,2026-12-29,2026-12-30,2026-12-31,2027-01-04,2027-01-05,2027-01-06,2027-01-07,2027-01-08,2027-01-11,2027-01-12,2027-01-13,2027-01-14,2027-01-15,2027-01-19,2027-01-20,2027-01-21,2027-01-22,2027-01-25,2027-01-26,2027-01-27,2027-01-28,2027-01-29,2027-02-01,2027-02-02,2027-02-03,2027-02-04,2027-02-05,2027-02-08,2027-02-09,2027-02-10,2027-02-11,2027-02-12,2027-02-16,2027-02-17,2027-02-18,2027-02-19,2027-02-22,2027-02-23,2027-02-24,2027-02-25,2027-02-26,2027-03-01,2027-03-02,2027-03-03,2027-03-04,2027-03-05,2027-03-08,2027-03-09,2027-03-10,2027-03-11,2027-03-12,2027-03-15,2027-03-16,2027-03-17,2027-03-18,2027-03-19,2027-03-22,2027-03-23,2027-03-24,2027-03-25,2027-03-26,2027-03-29,2027-03-30,2027-03-31,2027-04-01,2027-04-02,2027-04-05,2027-04-06,2027-04-07,2027-04-08,2027-04-09,2027-04-12,2027-04-13,2027-04-14,2027-04-15,2027-04-16,2027-04-19,2027-04-20,2027-04-21,2027-04-22,2027-04-23,2027-04-26,2027-04-27,2027-04-28,2027-04-29,2027-04-30,2027-05-03,2027-05-04,2027-05-05,2027-05-06,2027-05-07,2027-05-10,2027-05-11,2027-05-12,2027-05-13,2027-05-14,2027-05-17,2027-05-18,2027-05-19,2027-05-20,2027-05-21,2027-05-24,2027-05-25,2027-05-26,2027-05-27,2027-05-28,2027-06-01,2027-06-02,2027-06-03,2027-06-04,2027-06-07,2027-06-08,2027-06-09,2027-06-10,2027-06-11,2027-06-14,2027-06-15,2027-06-16,2027-06-17,2027-06-18,2027-06-21,2027-06-22,2027-06-23,2027-06-24,2027-06-25,2027-06-28,2027-06-29,2027-06-30,2027-07-01,2027-07-02,2027-07-06,2027-07-07,2027-07-08,2027-07-09,2027-07-12",,2026-07-13,2026-08-19,,hlgtfs.zip,hartford_gtfs_effective_2026-07-11_updated_2026-08-19.zip,0,To Southbound to New Haven Union Station; GTFS; gtfs_trip_id=29020; gtfs_service_id=2; source_origin=Windsor Locks; source_destination=New Haven Union Station
CTrail,Hartford Line,Hartford Line,CTrail 4403B,To Southbound to Hartford,SPG,Springfield,1,09:50,09:50,2026-07-13,2027-07-12,"2026-07-13,2026-07-14,2026-07-15,2026-07-16,2026-07-17,2026-07-20,2026-07-21,2026-07-22,2026-07-23,2026-07-24,2026-07-27,2026-07-28,2026-07-29,2026-07-30,2026-07-31,2026-08-03,2026-08-04,2026-08-05,2026-08-06,2026-08-07,2026-08-10,2026-08-11,2026-08-12,2026-08-13,2026-08-14,2026-08-17,2026-08-18,2026-08-19,2026-08-20,2026-08-21,2026-08-24,2026-08-25,2026-08-26,2026-08-27,2026-08-28,2026-08-31,2026-09-01,2026-09-02,2026-09-03,2026-09-04,2026-09-08,2026-09-09,2026-09-10,2026-09-11,2026-09-14,2026-09-15,2026-09-16,2026-09-17,2026-09-18,2026-09-21,2026-09-22,2026-09-23,2026-09-24,2026-09-25,2026-09-28,2026-09-29,2026-09-30,2026-10-01,2026-10-02,2026-10-05,2026-10-06,2026-10-07,2026-10-08,2026-10-09,2026-10-12,2026-10-13,2026-10-14,2026-10-15,2026-10-16,2026-10-19,2026-10-20,2026-10-21,2026-10-22,2026-10-23,2026-10-26,2026-10-27,2026-10-28,2026-10-29,2026-10-30,2026-11-02,2026-11-03,2026-11-04,2026-11-05,2026-11-06,2026-11-09,2026-11-10,2026-11-11,2026-11-12,2026-11-13,2026-11-16,2026-11-17,2026-11-18,2026-11-19,2026-11-20,2026-11-23,2026-11-24,2026-11-25,2026-11-27,2026-11-30,2026-12-01,2026-12-02,2026-12-03,2026-12-04,2026-12-07,2026-12-08,2026-12-09,2026-12-10,2026-12-11,2026-12-14,2026-12-15,2026-12-16,2026-12-17,2026-12-18,2026-12-21,2026-12-22,2026-12-23,2026-12-24,2026-12-28,2026-12-29,2026-12-30,2026-12-31,2027-01-04,2027-01-05,2027-01-06,2027-01-07,2027-01-08,2027-01-11,2027-01-12,2027-01-13,2027-01-14,2027-01-15,2027-01-19,2027-01-20,2027-01-21,2027-01-22,2027-01-25,2027-01-26,2027-01-27,2027-01-28,2027-01-29,2027-02-01,2027-02-02,2027-02-03,2027-02-04,2027-02-05,2027-02-08,2027-02-09,2027-02-10,2027-02-11,2027-02-12,2027-02-16,2027-02-17,2027-02-18,2027-02-19,2027-02-22,2027-02-23,2027-02-24,2027-02-25,2027-02-26,2027-03-01,2027-03-02,2027-03-03,2027-03-04,2027-03-05,2027-03-08,2027-03-09,2027-03-10,2027-03-11,2027-03-12,2027-03-15,2027-03-16,2027-03-17,2027-03-18,2027-03-19,2027-03-22,2027-03-23,2027-03-24,2027-03-25,2027-03-26,2027-03-29,2027-03-30,2027-03-31,2027-04-01,2027-04-02,2027-04-05,2027-04-06,2027-04-07,2027-04-08,2027-04-09,2027-04-12,2027-04-13,2027-04-14,2027-04-15,2027-04-16,2027-04-19,2027-04-20,2027-04-21,2027-04-22,2027-04-23,2027-04-26,2027-04-27,2027-04-28,2027-04-29,2027-04-30,2027-05-03,2027-05-04,2027-05-05,2027-05-06,2027-05-07,2027-05-10,2027-05-11,2027-05-12,2027-05-13,2027-05-14,2027-05-17,2027-05-18,2027-05-19,2027-05-20,2027-05-21,2027-05-24,2027-05-25,2027-05-26,2027-05-27,2027-05-28,2027-06-01,2027-06-02,2027-06-03,2027-06-04,2027-06-07,2027-06-08,2027-06-09,2027-06-10,2027-06-11,2027-06-14,2027-06-15,2027-06-16,2027-06-17,2027-06-18,2027-06-21,2027-06-22,2027-06-23,2027-06-24,2027-06-25,2027-06-28,2027-06-29,2027-06-30,2027-07-01,2027-07-02,2027-07-06,2027-07-07,2027-07-08,2027-07-09,2027-07-12",,2026-07-13,2026-08-19,,hlgtfs.zip,hartford_gtfs_effective_2026-07-11_updated_2026-08-19.zip,0,To Southbound to Hartford; GTFS; gtfs_trip_id=31020; gtfs_service_id=2; source_origin=Springfield; source_destination=Hartford
CTrail,Hartford Line,Hartford Line,CTrail 4403,To Southbound to New Haven Union Station,HFD,Hartford,1,10:45,10:45,2026-07-13,2027-07-12,"2026-07-13,2026-07-14,2026-07-15,2026-07-16,2026-07-17,2026-07-20,2026-07-21,2026-07-22,2026-07-23,2026-07-24,2026-07-27,2026-07-28,2026-07-29,2026-07-30,2026-07-31,2026-08-03,2026-08-04,2026-08-05,2026-08-06,2026-08-07,2026-08-10,2026-08-11,2026-08-12,2026-08-13,2026-08-14,2026-08-17,2026-08-18,2026-08-19,2026-08-20,2026-08-21,2026-08-24,2026-08-25,2026-08-26,2026-08-27,2026-08-28,2026-08-31,2026-09-01,2026-09-02,2026-09-03,2026-09-04,2026-09-08,2026-09-09,2026-09-10,2026-09-11,2026-09-14,2026-09-15,2026-09-16,2026-09-17,2026-09-18,2026-09-21,2026-09-22,2026-09-23,2026-09-24,2026-09-25,2026-09-28,2026-09-29,2026-09-30,2026-10-01,2026-10-02,2026-10-05,2026-10-06,2026-10-07,2026-10-08,2026-10-09,2026-10-12,2026-10-13,2026-10-14,2026-10-15,2026-10-16,2026-10-19,2026-10-20,2026-10-21,2026-10-22,2026-10-23,2026-10-26,2026-10-27,2026-10-28,2026-10-29,2026-10-30,2026-11-02,2026-11-03,2026-11-04,2026-11-05,2026-11-06,2026-11-09,2026-11-10,2026-11-11,2026-11-12,2026-11-13,2026-11-16,2026-11-17,2026-11-18,2026-11-19,2026-11-20,2026-11-23,2026-11-24,2026-11-25,2026-11-27,2026-11-30,2026-12-01,2026-12-02,2026-12-03,2026-12-04,2026-12-07,2026-12-08,2026-12-09,2026-12-10,2026-12-11,2026-12-14,2026-12-15,2026-12-16,2026-12-17,2026-12-18,2026-12-21,2026-12-22,2026-12-23,2026-12-24,2026-12-28,2026-12-29,2026-12-30,2026-12-31,2027-01-04,2027-01-05,2027-01-06,2027-01-07,2027-01-08,2027-01-11,2027-01-12,2027-01-13,2027-01-14,2027-01-15,2027-01-19,2027-01-20,2027-01-21,2027-01-22,2027-01-25,2027-01-26,2027-01-27,2027-01-28,2027-01-29,2027-02-01,2027-02-02,2027-02-03,2027-02-04,2027-02-05,2027-02-08,2027-02-09,2027-02-10,2027-02-11,2027-02-12,2027-02-16,2027-02-17,2027-02-18,2027-02-19,2027-02-22,2027-02-23,2027-02-24,2027-02-25,2027-02-26,2027-03-01,2027-03-02,2027-03-03,2027-03-04,2027-03-05,2027-03-08,2027-03-09,2027-03-10,2027-03-11,2027-03-12,2027-03-15,2027-03-16,2027-03-17,2027-03-18,2027-03-19,2027-03-22,2027-03-23,2027-03-24,2027-03-25,2027-03-26,2027-03-29,2027-03-30,2027-03-31,2027-04-01,2027-04-02,2027-04-05,2027-04-06,2027-04-07,2027-04-08,2027-04-09,2027-04-12,2027-04-13,2027-04-14,2027-04-15,2027-04-16,2027-04-19,2027-04-20,2027-04-21,2027-04-22,2027-04-23,2027-04-26,2027-04-27,2027-04-28,2027-04-29,2027-04-30,2027-05-03,2027-05-04,2027-05-05,2027-05-06,2027-05-07,2027-05-10,2027-05-11,2027-05-12,2027-05-13,2027-05-14,2027-05-17,2027-05-18,2027-05-19,2027-05-20,2027-05-21,2027-05-24,2027-05-25,2027-05-26,2027-05-27,2027-05-28,2027-06-01,2027-06-02,2027-06-03,2027-06-04,2027-06-07,2027-06-08,2027-06-09,2027-06-10,2027-06-11,2027-06-14,2027-06-15,2027-06-16,2027-06-17,2027-06-18,2027-06-21,2027-06-22,2027-06-23,2027-06-24,2027-06-25,2027-06-28,2027-06-29,2027-06-30,2027-07-01,2027-07-02,2027-07-06,2027-07-07,2027-07-08,2027-07-09,2027-07-12",,2026-07-13,2026-08-19,,hlgtfs.zip,hartford_gtfs_effective_2026-07-11_updated_2026-08-19.zip,0,To Southbound to New Haven Union Station; GTFS; gtfs_trip_id=27020; gtfs_service_id=2; source_origin=Hartford; source_destination=New Haven Union Station
CTrail,Hartford Line,Hartford Line,CTrail 4403B,To Southbound to Hartford,WNL,Windsor Locks,2,10:10,10:10,2026-07-13,2027-07-12,"2026-07-13,2026-07-14,2026-07-15,2026-07-16,2026-07-17,2026-07-20,2026-07-21,2026-07-22,2026-07-23,2026-07-24,2026-07-27,2026-07-28,2026-07-29,2026-07-30,2026-07-31,2026-08-03,2026-08-04,2026-08-05,2026-08-06,2026-08-07,2026-08-10,2026-08-11,2026-08-12,2026-08-13,2026-08-14,2026-08-17,2026-08-18,2026-08-19,2026-08-20,2026-08-21,2026-08-24,2026-08-25,2026-08-26,2026-08-27,2026-08-28,2026-08-31,2026-09-01,2026-09-02,2026-09-03,2026-09-04,2026-09-08,2026-09-09,2026-09-10,2026-09-11,2026-09-14,2026-09-15,2026-09-16,2026-09-17,2026-09-18,2026-09-21,2026-09-22,2026-09-23,2026-09-24,2026-09-25,2026-09-28,2026-09-29,2026-09-30,2026-10-01,2026-10-02,2026-10-05,2026-10-06,2026-10-07,2026-10-08,2026-10-09,2026-10-12,2026-10-13,2026-10-14,2026-10-15,2026-10-16,2026-10-19,2026-10-20,2026-10-21,2026-10-22,2026-10-23,2026-10-26,2026-10-27,2026-10-28,2026-10-29,2026-10-30,2026-11-02,2026-11-03,2026-11-04,2026-11-05,2026-11-06,2026-11-09,2026-11-10,2026-11-11,2026-11-12,2026-11-13,2026-11-16,2026-11-17,2026-11-18,2026-11-19,2026-11-20,2026-11-23,2026-11-24,2026-11-25,2026-11-27,2026-11-30,2026-12-01,2026-12-02,2026-12-03,2026-12-04,2026-12-07,2026-12-08,2026-12-09,2026-12-10,2026-12-11,2026-12-14,2026-12-15,2026-12-16,2026-12-17,2026-12-18,2026-12-21,2026-12-22,2026-12-23,2026-12-24,2026-12-28,2026-12-29,2026-12-30,2026-12-31,2027-01-04,2027-01-05,2027-01-06,2027-01-07,2027-01-08,2027-01-11,2027-01-12,2027-01-13,2027-01-14,2027-01-15,2027-01-19,2027-01-20,2027-01-21,2027-01-22,2027-01-25,2027-01-26,2027-01-27,2027-01-28,2027-01-29,2027-02-01,2027-02-02,2027-02-03,2027-02-04,2027-02-05,2027-02-08,2027-02-09,2027-02-10,2027-02-11,2027-02-12,2027-02-16,2027-02-17,2027-02-18,2027-02-19,2027-02-22,2027-02-23,2027-02-24,2027-02-25,2027-02-26,2027-03-01,2027-03-02,2027-03-03,2027-03-04,2027-03-05,2027-03-08,2027-03-09,2027-03-10,2027-03-11,2027-03-12,2027-03-15,2027-03-16,2027-03-17,2027-03-18,2027-03-19,2027-03-22,2027-03-23,2027-03-24,2027-03-25,2027-03-26,2027-03-29,2027-03-30,2027-03-31,2027-04-01,2027-04-02,2027-04-05,2027-04-06,2027-04-07,2027-04-08,2027-04-09,2027-04-12,2027-04-13,2027-04-14,2027-04-15,2027-04-16,2027-04-19,2027-04-20,2027-04-21,2027-04-22,2027-04-23,2027-04-26,2027-04-27,2027-04-28,2027-04-29,2027-04-30,2027-05-03,2027-05-04,2027-05-05,2027-05-06,2027-05-07,2027-05-10,2027-05-11,2027-05-12,2027-05-13,2027-05-14,2027-05-17,2027-05-18,2027-05-19,2027-05-20,2027-05-21,2027-05-24,2027-05-25,2027-05-26,2027-05-27,2027-05-28,2027-06-01,2027-06-02,2027-06-03,2027-06-04,2027-06-07,2027-06-08,2027-06-09,2027-06-10,2027-06-11,2027-06-14,2027-06-15,2027-06-16,2027-06-17,2027-06-18,2027-06-21,2027-06-22,2027-06-23,2027-06-24,2027-06-25,2027-06-28,2027-06-29,2027-06-30,2027-07-01,2027-07-02,2027-07-06,2027-07-07,2027-07-08,2027-07-09,2027-07-12",,2026-07-13,2026-08-19,,hlgtfs.zip,hartford_gtfs_effective_2026-07-11_updated_2026-08-19.zip,0,To Southbound to Hartford; GTFS; gtfs_trip_id=31020; gtfs_service_id=2; source_origin=Springfield; source_destination=Hartford
CTrail,Hartford Line,Hartford Line,CTrail 4403,To Southbound to New Haven Union Station,BER,Berlin,2,10:57,10:57,2026-07-13,2027-07-12,"2026-07-13,2026-07-14,2026-07-15,2026-07-16,2026-07-17,2026-07-20,2026-07-21,2026-07-22,2026-07-23,2026-07-24,2026-07-27,2026-07-28,2026-07-29,2026-07-30,2026-07-31,2026-08-03,2026-08-04,2026-08-05,2026-08-06,2026-08-07,2026-08-10,2026-08-11,2026-08-12,2026-08-13,2026-08-14,2026-08-17,2026-08-18,2026-08-19,2026-08-20,2026-08-21,2026-08-24,2026-08-25,2026-08-26,2026-08-27,2026-08-28,2026-08-31,2026-09-01,2026-09-02,2026-09-03,2026-09-04,2026-09-08,2026-09-09,2026-09-10,2026-09-11,2026-09-14,2026-09-15,2026-09-16,2026-09-17,2026-09-18,2026-09-21,2026-09-22,2026-09-23,2026-09-24,2026-09-25,2026-09-28,2026-09-29,2026-09-30,2026-10-01,2026-10-02,2026-10-05,2026-10-06,2026-10-07,2026-10-08,2026-10-09,2026-10-12,2026-10-13,2026-10-14,2026-10-15,2026-10-16,2026-10-19,2026-10-20,2026-10-21,2026-10-22,2026-10-23,2026-10-26,2026-10-27,2026-10-28,2026-10-29,2026-10-30,2026-11-02,2026-11-03,2026-11-04,2026-11-05,2026-11-06,2026-11-09,2026-11-10,2026-11-11,2026-11-12,2026-11-13,2026-11-16,2026-11-17,2026-11-18,2026-11-19,2026-11-20,2026-11-23,2026-11-24,2026-11-25,2026-11-27,2026-11-30,2026-12-01,2026-12-02,2026-12-03,2026-12-04,2026-12-07,2026-12-08,2026-12-09,2026-12-10,2026-12-11,2026-12-14,2026-12-15,2026-12-16,2026-12-17,2026-12-18,2026-12-21,2026-12-22,2026-12-23,2026-12-24,2026-12-28,2026-12-29,2026-12-30,2026-12-31,2027-01-04,2027-01-05,2027-01-06,2027-01-07,2027-01-08,2027-01-11,2027-01-12,2027-01-13,2027-01-14,2027-01-15,2027-01-19,2027-01-20,2027-01-21,2027-01-22,2027-01-25,2027-01-26,2027-01-27,2027-01-28,2027-01-29,2027-02-01,2027-02-02,2027-02-03,2027-02-04,2027-02-05,2027-02-08,2027-02-09,2027-02-10,2027-02-11,2027-02-12,2027-02-16,2027-02-17,2027-02-18,2027-02-19,2027-02-22,2027-02-23,2027-02-24,2027-02-25,2027-02-26,2027-03-01,2027-03-02,2027-03-03,2027-03-04,2027-03-05,2027-03-08,2027-03-09,2027-03-10,2027-03-11,2027-03-12,2027-03-15,2027-03-16,2027-03-17,2027-03-18,2027-03-19,2027-03-22,2027-03-23,2027-03-24,2027-03-25,2027-03-26,2027-03-29,2027-03-30,2027-03-31,2027-04-01,2027-04-02,2027-04-05,2027-04-06,2027-04-07,2027-04-08,2027-04-09,2027-04-12,2027-04-13,2027-04-14,2027-04-15,2027-04-16,2027-04-19,2027-04-20,2027-04-21,2027-04-22,2027-04-23,2027-04-26,2027-04-27,2027-04-28,2027-04-29,2027-04-30,2027-05-03,2027-05-04,2027-05-05,2027-05-06,2027-05-07,2027-05-10,2027-05-11,2027-05-12,2027-05-13,2027-05-14,2027-05-17,2027-05-18,2027-05-19,2027-05-20,2027-05-21,2027-05-24,2027-05-25,2027-05-26,2027-05-27,2027-05-28,2027-06-01,2027-06-02,2027-06-03,2027-06-04,2027-06-07,2027-06-08,2027-06-09,2027-06-10,2027-06-11,2027-06-14,2027-06-15,2027-06-16,2027-06-17,2027-06-18,2027-06-21,2027-06-22,2027-06-23,2027-06-24,2027-06-25,2027-06-28,2027-06-29,2027-06-30,2027-07-01,2027-07-02,2027-07-06,2027-07-07,2027-07-08,2027-07-09,2027-07-12",,2026-07-13,2026-08-19,,hlgtfs.zip,hartford_gtfs_effective_2026-07-11_updated_2026-08-19.zip,0,To Southbound to New Haven Union Station; GTFS; gtfs_trip_id=27020; gtfs_service_id=2; source_origin=Hartford; source_destination=New Haven Union Station
CTrail,Hartford Line,Hartford Line,CTrail 4403B,To Southbound to Hartford,WND,Windsor,3,10:20,10:20,2026-07-13,2027-07-12,"2026-07-13,2026-07-14,2026-07-15,2026-07-16,2026-07-17,2026-07-20,2026-07-21,2026-07-22,2026-07-23,2026-07-24,2026-07-27,2026-07-28,2026-07-29,2026-07-30,2026-07-31,2026-08-03,2026-08-04,2026-08-05,2026-08-06,2026-08-07,2026-08-10,2026-08-11,2026-08-12,2026-08-13,2026-08-14,2026-08-17,2026-08-18,2026-08-19,2026-08-20,2026-08-21,2026-08-24,2026-08-25,2026-08-26,2026-08-27,2026-08-28,2026-08-31,2026-09-01,2026-09-02,2026-09-03,2026-09-04,2026-09-08,2026-09-09,2026-09-10,2026-09-11,2026-09-14,2026-09-15,2026-09-16,2026-09-17,2026-09-18,2026-09-21,2026-09-22,2026-09-23,2026-09-24,2026-09-25,2026-09-28,2026-09-29,2026-09-30,2026-10-01,2026-10-02,2026-10-05,2026-10-06,2026-10-07,2026-10-08,2026-10-09,2026-10-12,2026-10-13,2026-10-14,2026-10-15,2026-10-16,2026-10-19,2026-10-20,2026-10-21,2026-10-22,2026-10-23,2026-10-26,2026-10-27,2026-10-28,2026-10-29,2026-10-30,2026-11-02,2026-11-03,2026-11-04,2026-11-05,2026-11-06,2026-11-09,2026-11-10,2026-11-11,2026-11-12,2026-11-13,2026-11-16,2026-11-17,2026-11-18,2026-11-19,2026-11-20,2026-11-23,2026-11-24,2026-11-25,2026-11-27,2026-11-30,2026-12-01,2026-12-02,2026-12-03,2026-12-04,2026-12-07,2026-12-08,2026-12-09,2026-12-10,2026-12-11,2026-12-14,2026-12-15,2026-12-16,2026-12-17,2026-12-18,2026-12-21,2026-12-22,2026-12-23,2026-12-24,2026-12-28,2026-12-29,2026-12-30,2026-12-31,2027-01-04,2027-01-05,2027-01-06,2027-01-07,2027-01-08,2027-01-11,2027-01-12,2027-01-13,2027-01-14,2027-01-15,2027-01-19,2027-01-20,2027-01-21,2027-01-22,2027-01-25,2027-01-26,2027-01-27,2027-01-28,2027-01-29,2027-02-01,2027-02-02,2027-02-03,2027-02-04,2027-02-05,2027-02-08,2027-02-09,2027-02-10,2027-02-11,2027-02-12,2027-02-16,2027-02-17,2027-02-18,2027-02-19,2027-02-22,2027-02-23,2027-02-24,2027-02-25,2027-02-26,2027-03-01,2027-03-02,2027-03-03,2027-03-04,2027-03-05,2027-03-08,2027-03-09,2027-03-10,2027-03-11,2027-03-12,2027-03-15,2027-03-16,2027-03-17,2027-03-18,2027-03-19,2027-03-22,2027-03-23,2027-03-24,2027-03-25,2027-03-26,2027-03-29,2027-03-30,2027-03-31,2027-04-01,2027-04-02,2027-04-05,2027-04-06,2027-04-07,2027-04-08,2027-04-09,2027-04-12,2027-04-13,2027-04-14,2027-04-15,2027-04-16,2027-04-19,2027-04-20,2027-04-21,2027-04-22,2027-04-23,2027-04-26,2027-04-27,2027-04-28,2027-04-29,2027-04-30,2027-05-03,2027-05-04,2027-05-05,2027-05-06,2027-05-07,2027-05-10,2027-05-11,2027-05-12,2027-05-13,2027-05-14,2027-05-17,2027-05-18,2027-05-19,2027-05-20,2027-05-21,2027-05-24,2027-05-25,2027-05-26,2027-05-27,2027-05-28,2027-06-01,2027-06-02,2027-06-03,2027-06-04,2027-06-07,2027-06-08,2027-06-09,2027-06-10,2027-06-11,2027-06-14,2027-06-15,2027-06-16,2027-06-17,2027-06-18,2027-06-21,2027-06-22,2027-06-23,2027-06-24,2027-06-25,2027-06-28,2027-06-29,2027-06-30,2027-07-01,2027-07-02,2027-07-06,2027-07-07,2027-07-08,2027-07-09,2027-07-12",,2026-07-13,2026-08-19,,hlgtfs.zip,hartford_gtfs_effective_2026-07-11_updated_2026-08-19.zip,0,To Southbound to Hartford; GTFS; gtfs_trip_id=31020; gtfs_service_id=2; source_origin=Springfield; source_destination=Hartford
CTrail,Hartford Line,Hartford Line,CTrail 4403,To Southbound to New Haven Union Station,MDN,Meriden,3,11:06,11:06,2026-07-13,2027-07-12,"2026-07-13,2026-07-14,2026-07-15,2026-07-16,2026-07-17,2026-07-20,2026-07-21,2026-07-22,2026-07-23,2026-07-24,2026-07-27,2026-07-28,2026-07-29,2026-07-30,2026-07-31,2026-08-03,2026-08-04,2026-08-05,2026-08-06,2026-08-07,2026-08-10,2026-08-11,2026-08-12,2026-08-13,2026-08-14,2026-08-17,2026-08-18,2026-08-19,2026-08-20,2026-08-21,2026-08-24,2026-08-25,2026-08-26,2026-08-27,2026-08-28,2026-08-31,2026-09-01,2026-09-02,2026-09-03,2026-09-04,2026-09-08,2026-09-09,2026-09-10,2026-09-11,2026-09-14,2026-09-15,2026-09-16,2026-09-17,2026-09-18,2026-09-21,2026-09-22,2026-09-23,2026-09-24,2026-09-25,2026-09-28,2026-09-29,2026-09-30,2026-10-01,2026-10-02,2026-10-05,2026-10-06,2026-10-07,2026-10-08,2026-10-09,2026-10-12,2026-10-13,2026-10-14,2026-10-15,2026-10-16,2026-10-19,2026-10-20,2026-10-21,2026-10-22,2026-10-23,2026-10-26,2026-10-27,2026-10-28,2026-10-29,2026-10-30,2026-11-02,2026-11-03,2026-11-04,2026-11-05,2026-11-06,2026-11-09,2026-11-10,2026-11-11,2026-11-12,2026-11-13,2026-11-16,2026-11-17,2026-11-18,2026-11-19,2026-11-20,2026-11-23,2026-11-24,2026-11-25,2026-11-27,2026-11-30,2026-12-01,2026-12-02,2026-12-03,2026-12-04,2026-12-07,2026-12-08,2026-12-09,2026-12-10,2026-12-11,2026-12-14,2026-12-15,2026-12-16,2026-12-17,2026-12-18,2026-12-21,2026-12-22,2026-12-23,2026-12-24,2026-12-28,2026-12-29,2026-12-30,2026-12-31,2027-01-04,2027-01-05,2027-01-06,2027-01-07,2027-01-08,2027-01-11,2027-01-12,2027-01-13,2027-01-14,2027-01-15,2027-01-19,2027-01-20,2027-01-21,2027-01-22,2027-01-25,2027-01-26,2027-01-27,2027-01-28,2027-01-29,2027-02-01,2027-02-02,2027-02-03,2027-02-04,2027-02-05,2027-02-08,2027-02-09,2027-02-10,2027-02-11,2027-02-12,2027-02-16,2027-02-17,2027-02-18,2027-02-19,2027-02-22,2027-02-23,2027-02-24,2027-02-25,2027-02-26,2027-03-01,2027-03-02,2027-03-03,2027-03-04,2027-03-05,2027-03-08,2027-03-09,2027-03-10,2027-03-11,2027-03-12,2027-03-15,2027-03-16,2027-03-17,2027-03-18,2027-03-19,2027-03-22,2027-03-23,2027-03-24,2027-03-25,2027-03-26,2027-03-29,2027-03-30,2027-03-31,2027-04-01,2027-04-02,2027-04-05,2027-04-06,2027-04-07,2027-04-08,2027-04-09,2027-04-12,2027-04-13,2027-04-14,2027-04-15,2027-04-16,2027-04-19,2027-04-20,2027-04-21,2027-04-22,2027-04-23,2027-04-26,2027-04-27,2027-04-28,2027-04-29,2027-04-30,2027-05-03,2027-05-04,2027-05-05,2027-05-06,2027-05-07,2027-05-10,2027-05-11,2027-05-12,2027-05-13,2027-05-14,2027-05-17,2027-05-18,2027-05-19,2027-05-20,2027-05-21,2027-05-24,2027-05-25,2027-05-26,2027-05-27,2027-05-28,2027-06-01,2027-06-02,2027-06-03,2027-06-04,2027-06-07,2027-06-08,2027-06-09,2027-06-10,2027-06-11,2027-06-14,2027-06-15,2027-06-16,2027-06-17,2027-06-18,2027-06-21,2027-06-22,2027-06-23,2027-06-24,2027-06-25,2027-06-28,2027-06-29,2027-06-30,2027-07-01,2027-07-02,2027-07-06,2027-07-07,2027-07-08,2027-07-09,2027-07-12",,2026-07-13,2026-08-19,,hlgtfs.zip,hartford_gtfs_effective_2026-07-11_updated_2026-08-19.zip,0,To Southbound to New Haven Union Station; GTFS; gtfs_trip_id=27020; gtfs_service_id=2; source_origin=Hartford; source_destination=New Haven Union Station
CTrail,Hartford Line,Hartford Line,CTrail 4403B,To Southbound to Hartford,HFD,Hartford,4,10:35,10:35,2026-07-13,2027-07-12,"2026-07-13,2026-07-14,2026-07-15,2026-07-16,2026-07-17,2026-07-20,2026-07-21,2026-07-22,2026-07-23,2026-07-24,2026-07-27,2026-07-28,2026-07-29,2026-07-30,2026-07-31,2026-08-03,2026-08-04,2026-08-05,2026-08-06,2026-08-07,2026-08-10,2026-08-11,2026-08-12,2026-08-13,2026-08-14,2026-08-17,2026-08-18,2026-08-19,2026-08-20,2026-08-21,2026-08-24,2026-08-25,2026-08-26,2026-08-27,2026-08-28,2026-08-31,2026-09-01,2026-09-02,2026-09-03,2026-09-04,2026-09-08,2026-09-09,2026-09-10,2026-09-11,2026-09-14,2026-09-15,2026-09-16,2026-09-17,2026-09-18,2026-09-21,2026-09-22,2026-09-23,2026-09-24,2026-09-25,2026-09-28,2026-09-29,2026-09-30,2026-10-01,2026-10-02,2026-10-05,2026-10-06,2026-10-07,2026-10-08,2026-10-09,2026-10-12,2026-10-13,2026-10-14,2026-10-15,2026-10-16,2026-10-19,2026-10-20,2026-10-21,2026-10-22,2026-10-23,2026-10-26,2026-10-27,2026-10-28,2026-10-29,2026-10-30,2026-11-02,2026-11-03,2026-11-04,2026-11-05,2026-11-06,2026-11-09,2026-11-10,2026-11-11,2026-11-12,2026-11-13,2026-11-16,2026-11-17,2026-11-18,2026-11-19,2026-11-20,2026-11-23,2026-11-24,2026-11-25,2026-11-27,2026-11-30,2026-12-01,2026-12-02,2026-12-03,2026-12-04,2026-12-07,2026-12-08,2026-12-09,2026-12-10,2026-12-11,2026-12-14,2026-12-15,2026-12-16,2026-12-17,2026-12-18,2026-12-21,2026-12-22,2026-12-23,2026-12-24,2026-12-28,2026-12-29,2026-12-30,2026-12-31,2027-01-04,2027-01-05,2027-01-06,2027-01-07,2027-01-08,2027-01-11,2027-01-12,2027-01-13,2027-01-14,2027-01-15,2027-01-19,2027-01-20,2027-01-21,2027-01-22,2027-01-25,2027-01-26,2027-01-27,2027-01-28,2027-01-29,2027-02-01,2027-02-02,2027-02-03,2027-02-04,2027-02-05,2027-02-08,2027-02-09,2027-02-10,2027-02-11,2027-02-12,2027-02-16,2027-02-17,2027-02-18,2027-02-19,2027-02-22,2027-02-23,2027-02-24,2027-02-25,2027-02-26,2027-03-01,2027-03-02,2027-03-03,2027-03-04,2027-03-05,2027-03-08,2027-03-09,2027-03-10,2027-03-11,2027-03-12,2027-03-15,2027-03-16,2027-03-17,2027-03-18,2027-03-19,2027-03-22,2027-03-23,2027-03-24,2027-03-25,2027-03-26,2027-03-29,2027-03-30,2027-03-31,2027-04-01,2027-04-02,2027-04-05,2027-04-06,2027-04-07,2027-04-08,2027-04-09,2027-04-12,2027-04-13,2027-04-14,2027-04-15,2027-04-16,2027-04-19,2027-04-20,2027-04-21,2027-04-22,2027-04-23,2027-04-26,2027-04-27,2027-04-28,2027-04-29,2027-04-30,2027-05-03,2027-05-04,2027-05-05,2027-05-06,2027-05-07,2027-05-10,2027-05-11,2027-05-12,2027-05-13,2027-05-14,2027-05-17,2027-05-18,2027-05-19,2027-05-20,2027-05-21,2027-05-24,2027-05-25,2027-05-26,2027-05-27,2027-05-28,2027-06-01,2027-06-02,2027-06-03,2027-06-04,2027-06-07,2027-06-08,2027-06-09,2027-06-10,2027-06-11,2027-06-14,2027-06-15,2027-06-16,2027-06-17,2027-06-18,2027-06-21,2027-06-22,2027-06-23,2027-06-24,2027-06-25,2027-06-28,2027-06-29,2027-06-30,2027-07-01,2027-07-02,2027-07-06,2027-07-07,2027-07-08,2027-07-09,2027-07-12",,2026-07-13,2026-08-19,,hlgtfs.zip,hartford_gtfs_effective_2026-07-11_updated_2026-08-19.zip,0,To Southbound to Hartford; GTFS; gtfs_trip_id=31020; gtfs_service_id=2; source_origin=Springfield; source_destination=Hartford
CTrail,Hartford Line,Hartford Line,CTrail 4403,To Southbound to New Haven Union Station,WFD,Wallingford,4,11:15,11:15,2026-07-13,2027-07-12,"2026-07-13,2026-07-14,2026-07-15,2026-07-16,2026-07-17,2026-07-20,2026-07-21,2026-07-22,2026-07-23,2026-07-24,2026-07-27,2026-07-28,2026-07-29,2026-07-30,2026-07-31,2026-08-03,2026-08-04,2026-08-05,2026-08-06,2026-08-07,2026-08-10,2026-08-11,2026-08-12,2026-08-13,2026-08-14,2026-08-17,2026-08-18,2026-08-19,2026-08-20,2026-08-21,2026-08-24,2026-08-25,2026-08-26,2026-08-27,2026-08-28,2026-08-31,2026-09-01,2026-09-02,2026-09-03,2026-09-04,2026-09-08,2026-09-09,2026-09-10,2026-09-11,2026-09-14,2026-09-15,2026-09-16,2026-09-17,2026-09-18,2026-09-21,2026-09-22,2026-09-23,2026-09-24,2026-09-25,2026-09-28,2026-09-29,2026-09-30,2026-10-01,2026-10-02,2026-10-05,2026-10-06,2026-10-07,2026-10-08,2026-10-09,2026-10-12,2026-10-13,2026-10-14,2026-10-15,2026-10-16,2026-10-19,2026-10-20,2026-10-21,2026-10-22,2026-10-23,2026-10-26,2026-10-27,2026-10-28,2026-10-29,2026-10-30,2026-11-02,2026-11-03,2026-11-04,2026-11-05,2026-11-06,2026-11-09,2026-11-10,2026-11-11,2026-11-12,2026-11-13,2026-11-16,2026-11-17,2026-11-18,2026-11-19,2026-11-20,2026-11-23,2026-11-24,2026-11-25,2026-11-27,2026-11-30,2026-12-01,2026-12-02,2026-12-03,2026-12-04,2026-12-07,2026-12-08,2026-12-09,2026-12-10,2026-12-11,2026-12-14,2026-12-15,2026-12-16,2026-12-17,2026-12-18,2026-12-21,2026-12-22,2026-12-23,2026-12-24,2026-12-28,2026-12-29,2026-12-30,2026-12-31,2027-01-04,2027-01-05,2027-01-06,2027-01-07,2027-01-08,2027-01-11,2027-01-12,2027-01-13,2027-01-14,2027-01-15,2027-01-19,2027-01-20,2027-01-21,2027-01-22,2027-01-25,2027-01-26,2027-01-27,2027-01-28,2027-01-29,2027-02-01,2027-02-02,2027-02-03,2027-02-04,2027-02-05,2027-02-08,2027-02-09,2027-02-10,2027-02-11,2027-02-12,2027-02-16,2027-02-17,2027-02-18,2027-02-19,2027-02-22,2027-02-23,2027-02-24,2027-02-25,2027-02-26,2027-03-01,2027-03-02,2027-03-03,2027-03-04,2027-03-05,2027-03-08,2027-03-09,2027-03-10,2027-03-11,2027-03-12,2027-03-15,2027-03-16,2027-03-17,2027-03-18,2027-03-19,2027-03-22,2027-03-23,2027-03-24,2027-03-25,2027-03-26,2027-03-29,2027-03-30,2027-03-31,2027-04-01,2027-04-02,2027-04-05,2027-04-06,2027-04-07,2027-04-08,2027-04-09,2027-04-12,2027-04-13,2027-04-14,2027-04-15,2027-04-16,2027-04-19,2027-04-20,2027-04-21,2027-04-22,2027-04-23,2027-04-26,2027-04-27,2027-04-28,2027-04-29,2027-04-30,2027-05-03,2027-05-04,2027-05-05,2027-05-06,2027-05-07,2027-05-10,2027-05-11,2027-05-12,2027-05-13,2027-05-14,2027-05-17,2027-05-18,2027-05-19,2027-05-20,2027-05-21,2027-05-24,2027-05-25,2027-05-26,2027-05-27,2027-05-28,2027-06-01,2027-06-02,2027-06-03,2027-06-04,2027-06-07,2027-06-08,2027-06-09,2027-06-10,2027-06-11,2027-06-14,2027-06-15,2027-06-16,2027-06-17,2027-06-18,2027-06-21,2027-06-22,2027-06-23,2027-06-24,2027-06-25,2027-06-28,2027-06-29,2027-06-30,2027-07-01,2027-07-02,2027-07-06,2027-07-07,2027-07-08,2027-07-09,2027-07-12",,2026-07-13,2026-08-19,,hlgtfs.zip,hartford_gtfs_effective_2026-07-11_updated_2026-08-19.zip,0,To Southbound to New Haven Union Station; GTFS; gtfs_trip_id=27020; gtfs_service_id=2; source_origin=Hartford; source_destination=New Haven Union Station
CTrail,Hartford Line,Hartford Line,CTrail 4403,To Southbound to New Haven Union Station,STS,New Haven State Street,5,11:31,11:31,2026-07-13,2027-07-12,"2026-07-13,2026-07-14,2026-07-15,2026-07-16,2026-07-17,2026-07-20,2026-07-21,2026-07-22,2026-07-23,2026-07-24,2026-07-27,2026-07-28,2026-07-29,2026-07-30,2026-07-31,2026-08-03,2026-08-04,2026-08-05,2026-08-06,2026-08-07,2026-08-10,2026-08-11,2026-08-12,2026-08-13,2026-08-14,2026-08-17,2026-08-18,2026-08-19,2026-08-20,2026-08-21,2026-08-24,2026-08-25,2026-08-26,2026-08-27,2026-08-28,2026-08-31,2026-09-01,2026-09-02,2026-09-03,2026-09-04,2026-09-08,2026-09-09,2026-09-10,2026-09-11,2026-09-14,2026-09-15,2026-09-16,2026-09-17,2026-09-18,2026-09-21,2026-09-22,2026-09-23,2026-09-24,2026-09-25,2026-09-28,2026-09-29,2026-09-30,2026-10-01,2026-10-02,2026-10-05,2026-10-06,2026-10-07,2026-10-08,2026-10-09,2026-10-12,2026-10-13,2026-10-14,2026-10-15,2026-10-16,2026-10-19,2026-10-20,2026-10-21,2026-10-22,2026-10-23,2026-10-26,2026-10-27,2026-10-28,2026-10-29,2026-10-30,2026-11-02,2026-11-03,2026-11-04,2026-11-05,2026-11-06,2026-11-09,2026-11-10,2026-11-11,2026-11-12,2026-11-13,2026-11-16,2026-11-17,2026-11-18,2026-11-19,2026-11-20,2026-11-23,2026-11-24,2026-11-25,2026-11-27,2026-11-30,2026-12-01,2026-12-02,2026-12-03,2026-12-04,2026-12-07,2026-12-08,2026-12-09,2026-12-10,2026-12-11,2026-12-14,2026-12-15,2026-12-16,2026-12-17,2026-12-18,2026-12-21,2026-12-22,2026-12-23,2026-12-24,2026-12-28,2026-12-29,2026-12-30,2026-12-31,2027-01-04,2027-01-05,2027-01-06,2027-01-07,2027-01-08,2027-01-11,2027-01-12,2027-01-13,2027-01-14,2027-01-15,2027-01-19,2027-01-20,2027-01-21,2027-01-22,2027-01-25,2027-01-26,2027-01-27,2027-01-28,2027-01-29,2027-02-01,2027-02-02,2027-02-03,2027-02-04,2027-02-05,2027-02-08,2027-02-09,2027-02-10,2027-02-11,2027-02-12,2027-02-16,2027-02-17,2027-02-18,2027-02-19,2027-02-22,2027-02-23,2027-02-24,2027-02-25,2027-02-26,2027-03-01,2027-03-02,2027-03-03,2027-03-04,2027-03-05,2027-03-08,2027-03-09,2027-03-10,2027-03-11,2027-03-12,2027-03-15,2027-03-16,2027-03-17,2027-03-18,2027-03-19,2027-03-22,2027-03-23,2027-03-24,2027-03-25,2027-03-26,2027-03-29,2027-03-30,2027-03-31,2027-04-01,2027-04-02,2027-04-05,2027-04-06,2027-04-07,2027-04-08,2027-04-09,2027-04-12,2027-04-13,2027-04-14,2027-04-15,2027-04-16,2027-04-19,2027-04-20,2027-04-21,2027-04-22,2027-04-23,2027-04-26,2027-04-27,2027-04-28,2027-04-29,2027-04-30,2027-05-03,2027-05-04,2027-05-05,2027-05-06,2027-05-07,2027-05-10,2027-05-11,2027-05-12,2027-05-13,2027-05-14,2027-05-17,2027-05-18,2027-05-19,2027-05-20,2027-05-21,2027-05-24,2027-05-25,2027-05-26,2027-05-27,2027-05-28,2027-06-01,2027-06-02,2027-06-03,2027-06-04,2027-06-07,2027-06-08,2027-06-09,2027-06-10,2027-06-11,2027-06-14,2027-06-15,2027-06-16,2027-06-17,2027-06-18,2027-06-21,2027-06-22,2027-06-23,2027-06-24,2027-06-25,2027-06-28,2027-06-29,2027-06-30,2027-07-01,2027-07-02,2027-07-06,2027-07-07,2027-07-08,2027-07-09,2027-07-12",,2026-07-13,2026-08-19,,hlgtfs.zip,hartford_gtfs_effective_2026-07-11_updated_2026-08-19.zip,0,To Southbound to New Haven Union Station; GTFS; gtfs_trip_id=27020; gtfs_service_id=2; source_origin=Hartford; source_destination=New Haven Union Station
CTrail,Hartford Line,Hartford Line,CTrail 4403,To Southbound to New Haven Union Station,NHV,New Haven Union Station,6,11:39,11:39,2026-07-13,2027-07-12,"2026-07-13,2026-07-14,2026-07-15,2026-07-16,2026-07-17,2026-07-20,2026-07-21,2026-07-22,2026-07-23,2026-07-24,2026-07-27,2026-07-28,2026-07-29,2026-07-30,2026-07-31,2026-08-03,2026-08-04,2026-08-05,2026-08-06,2026-08-07,2026-08-10,2026-08-11,2026-08-12,2026-08-13,2026-08-14,2026-08-17,2026-08-18,2026-08-19,2026-08-20,2026-08-21,2026-08-24,2026-08-25,2026-08-26,2026-08-27,2026-08-28,2026-08-31,2026-09-01,2026-09-02,2026-09-03,2026-09-04,2026-09-08,2026-09-09,2026-09-10,2026-09-11,2026-09-14,2026-09-15,2026-09-16,2026-09-17,2026-09-18,2026-09-21,2026-09-22,2026-09-23,2026-09-24,2026-09-25,2026-09-28,2026-09-29,2026-09-30,2026-10-01,2026-10-02,2026-10-05,2026-10-06,2026-10-07,2026-10-08,2026-10-09,2026-10-12,2026-10-13,2026-10-14,2026-10-15,2026-10-16,2026-10-19,2026-10-20,2026-10-21,2026-10-22,2026-10-23,2026-10-26,2026-10-27,2026-10-28,2026-10-29,2026-10-30,2026-11-02,2026-11-03,2026-11-04,2026-11-05,2026-11-06,2026-11-09,2026-11-10,2026-11-11,2026-11-12,2026-11-13,2026-11-16,2026-11-17,2026-11-18,2026-11-19,2026-11-20,2026-11-23,2026-11-24,2026-11-25,2026-11-27,2026-11-30,2026-12-01,2026-12-02,2026-12-03,2026-12-04,2026-12-07,2026-12-08,2026-12-09,2026-12-10,2026-12-11,2026-12-14,2026-12-15,2026-12-16,2026-12-17,2026-12-18,2026-12-21,2026-12-22,2026-12-23,2026-12-24,2026-12-28,2026-12-29,2026-12-30,2026-12-31,2027-01-04,2027-01-05,2027-01-06,2027-01-07,2027-01-08,2027-01-11,2027-01-12,2027-01-13,2027-01-14,2027-01-15,2027-01-19,2027-01-20,2027-01-21,2027-01-22,2027-01-25,2027-01-26,2027-01-27,2027-01-28,2027-01-29,2027-02-01,2027-02-02,2027-02-03,2027-02-04,2027-02-05,2027-02-08,2027-02-09,2027-02-10,2027-02-11,2027-02-12,2027-02-16,2027-02-17,2027-02-18,2027-02-19,2027-02-22,2027-02-23,2027-02-24,2027-02-25,2027-02-26,2027-03-01,2027-03-02,2027-03-03,2027-03-04,2027-03-05,2027-03-08,2027-03-09,2027-03-10,2027-03-11,2027-03-12,2027-03-15,2027-03-16,2027-03-17,2027-03-18,2027-03-19,2027-03-22,2027-03-23,2027-03-24,2027-03-25,2027-03-26,2027-03-29,2027-03-30,2027-03-31,2027-04-01,2027-04-02,2027-04-05,2027-04-06,2027-04-07,2027-04-08,2027-04-09,2027-04-12,2027-04-13,2027-04-14,2027-04-15,2027-04-16,2027-04-19,2027-04-20,2027-04-21,2027-04-22,2027-04-23,2027-04-26,2027-04-27,2027-04-28,2027-04-29,2027-04-30,2027-05-03,2027-05-04,2027-05-05,2027-05-06,2027-05-07,2027-05-10,2027-05-11,2027-05-12,2027-05-13,2027-05-14,2027-05-17,2027-05-18,2027-05-19,2027-05-20,2027-05-21,2027-05-24,2027-05-25,2027-05-26,2027-05-27,2027-05-28,2027-06-01,2027-06-02,2027-06-03,2027-06-04,2027-06-07,2027-06-08,2027-06-09,2027-06-10,2027-06-11,2027-06-14,2027-06-15,2027-06-16,2027-06-17,2027-06-18,2027-06-21,2027-06-22,2027-06-23,2027-06-24,2027-06-25,2027-06-28,2027-06-29,2027-06-30,2027-07-01,2027-07-02,2027-07-06,2027-07-07,2027-07-08,2027-07-09,2027-07-12",,2026-07-13,2026-08-19,,hlgtfs.zip,hartford_gtfs_effective_2026-07-11_updated_2026-08-19.zip,0,To Southbound to New Haven Union Station; GTFS; gtfs_trip_id=27020; gtfs_service_id=2; source_origin=Hartford; source_destination=New Haven Union Station
CTrail,Hartford Line,Hartford Line,CTrail 4404,To Northbound to Hartford,NHV,New Haven Union Station,1,08:22,08:22,2026-07-13,2027-07-12,"2026-07-13,2026-07-14,2026-07-15,2026-07-16,2026-07-17,2026-07-20,2026-07-21,2026-07-22,2026-07-23,2026-07-24,2026-07-27,2026-07-28,2026-07-29,2026-07-30,2026-07-31,2026-08-03,2026-08-04,2026-08-05,2026-08-06,2026-08-07,2026-08-10,2026-08-11,2026-08-12,2026-08-13,2026-08-14,2026-08-17,2026-08-18,2026-08-19,2026-08-20,2026-08-21,2026-08-24,2026-08-25,2026-08-26,2026-08-27,2026-08-28,2026-08-31,2026-09-01,2026-09-02,2026-09-03,2026-09-04,2026-09-08,2026-09-09,2026-09-10,2026-09-11,2026-09-14,2026-09-15,2026-09-16,2026-09-17,2026-09-18,2026-09-21,2026-09-22,2026-09-23,2026-09-24,2026-09-25,2026-09-28,2026-09-29,2026-09-30,2026-10-01,2026-10-02,2026-10-05,2026-10-06,2026-10-07,2026-10-08,2026-10-09,2026-10-12,2026-10-13,2026-10-14,2026-10-15,2026-10-16,2026-10-19,2026-10-20,2026-10-21,2026-10-22,2026-10-23,2026-10-26,2026-10-27,2026-10-28,2026-10-29,2026-10-30,2026-11-02,2026-11-03,2026-11-04,2026-11-05,2026-11-06,2026-11-09,2026-11-10,2026-11-11,2026-11-12,2026-11-13,2026-11-16,2026-11-17,2026-11-18,2026-11-19,2026-11-20,2026-11-23,2026-11-24,2026-11-25,2026-11-27,2026-11-30,2026-12-01,2026-12-02,2026-12-03,2026-12-04,2026-12-07,2026-12-08,2026-12-09,2026-12-10,2026-12-11,2026-12-14,2026-12-15,2026-12-16,2026-12-17,2026-12-18,2026-12-21,2026-12-22,2026-12-23,2026-12-24,2026-12-28,2026-12-29,2026-12-30,2026-12-31,2027-01-04,2027-01-05,2027-01-06,2027-01-07,2027-01-08,2027-01-11,2027-01-12,2027-01-13,2027-01-14,2027-01-15,2027-01-19,2027-01-20,2027-01-21,2027-01-22,2027-01-25,2027-01-26,2027-01-27,2027-01-28,2027-01-29,2027-02-01,2027-02-02,2027-02-03,2027-02-04,2027-02-05,2027-02-08,2027-02-09,2027-02-10,2027-02-11,2027-02-12,2027-02-16,2027-02-17,2027-02-18,2027-02-19,2027-02-22,2027-02-23,2027-02-24,2027-02-25,2027-02-26,2027-03-01,2027-03-02,2027-03-03,2027-03-04,2027-03-05,2027-03-08,2027-03-09,2027-03-10,2027-03-11,2027-03-12,2027-03-15,2027-03-16,2027-03-17,2027-03-18,2027-03-19,2027-03-22,2027-03-23,2027-03-24,2027-03-25,2027-03-26,2027-03-29,2027-03-30,2027-03-31,2027-04-01,2027-04-02,2027-04-05,2027-04-06,2027-04-07,2027-04-08,2027-04-09,2027-04-12,2027-04-13,2027-04-14,2027-04-15,2027-04-16,2027-04-19,2027-04-20,2027-04-21,2027-04-22,2027-04-23,2027-04-26,2027-04-27,2027-04-28,2027-04-29,2027-04-30,2027-05-03,2027-05-04,2027-05-05,2027-05-06,2027-05-07,2027-05-10,2027-05-11,2027-05-12,2027-05-13,2027-05-14,2027-05-17,2027-05-18,2027-05-19,2027-05-20,2027-05-21,2027-05-24,2027-05-25,2027-05-26,2027-05-27,2027-05-28,2027-06-01,2027-06-02,2027-06-03,2027-06-04,2027-06-07,2027-06-08,2027-06-09,2027-06-10,2027-06-11,2027-06-14,2027-06-15,2027-06-16,2027-06-17,2027-06-18,2027-06-21,2027-06-22,2027-06-23,2027-06-24,2027-06-25,2027-06-28,2027-06-29,2027-06-30,2027-07-01,2027-07-02,2027-07-06,2027-07-07,2027-07-08,2027-07-09,2027-07-12",,2026-07-13,2026-08-19,,hlgtfs.zip,hartford_gtfs_effective_2026-07-11_updated_2026-08-19.zip,0,To Northbound to Hartford; GTFS; gtfs_trip_id=32020; gtfs_service_id=2; source_origin=New Haven Union Station; source_destination=Hartford
CTrail,Hartford Line,Hartford Line,CTrail 4404B,To Northbound to Springfield,HFD,Hartford,1,09:20,09:20,2026-07-13,2027-07-12,"2026-07-13,2026-07-14,2026-07-15,2026-07-16,2026-07-17,2026-07-20,2026-07-21,2026-07-22,2026-07-23,2026-07-24,2026-07-27,2026-07-28,2026-07-29,2026-07-30,2026-07-31,2026-08-03,2026-08-04,2026-08-05,2026-08-06,2026-08-07,2026-08-10,2026-08-11,2026-08-12,2026-08-13,2026-08-14,2026-08-17,2026-08-18,2026-08-19,2026-08-20,2026-08-21,2026-08-24,2026-08-25,2026-08-26,2026-08-27,2026-08-28,2026-08-31,2026-09-01,2026-09-02,2026-09-03,2026-09-04,2026-09-08,2026-09-09,2026-09-10,2026-09-11,2026-09-14,2026-09-15,2026-09-16,2026-09-17,2026-09-18,2026-09-21,2026-09-22,2026-09-23,2026-09-24,2026-09-25,2026-09-28,2026-09-29,2026-09-30,2026-10-01,2026-10-02,2026-10-05,2026-10-06,2026-10-07,2026-10-08,2026-10-09,2026-10-12,2026-10-13,2026-10-14,2026-10-15,2026-10-16,2026-10-19,2026-10-20,2026-10-21,2026-10-22,2026-10-23,2026-10-26,2026-10-27,2026-10-28,2026-10-29,2026-10-30,2026-11-02,2026-11-03,2026-11-04,2026-11-05,2026-11-06,2026-11-09,2026-11-10,2026-11-11,2026-11-12,2026-11-13,2026-11-16,2026-11-17,2026-11-18,2026-11-19,2026-11-20,2026-11-23,2026-11-24,2026-11-25,2026-11-27,2026-11-30,2026-12-01,2026-12-02,2026-12-03,2026-12-04,2026-12-07,2026-12-08,2026-12-09,2026-12-10,2026-12-11,2026-12-14,2026-12-15,2026-12-16,2026-12-17,2026-12-18,2026-12-21,2026-12-22,2026-12-23,2026-12-24,2026-12-28,2026-12-29,2026-12-30,2026-12-31,2027-01-04,2027-01-05,2027-01-06,2027-01-07,2027-01-08,2027-01-11,2027-01-12,2027-01-13,2027-01-14,2027-01-15,2027-01-19,2027-01-20,2027-01-21,2027-01-22,2027-01-25,2027-01-26,2027-01-27,2027-01-28,2027-01-29,2027-02-01,2027-02-02,2027-02-03,2027-02-04,2027-02-05,2027-02-08,2027-02-09,2027-02-10,2027-02-11,2027-02-12,2027-02-16,2027-02-17,2027-02-18,2027-02-19,2027-02-22,2027-02-23,2027-02-24,2027-02-25,2027-02-26,2027-03-01,2027-03-02,2027-03-03,2027-03-04,2027-03-05,2027-03-08,2027-03-09,2027-03-10,2027-03-11,2027-03-12,2027-03-15,2027-03-16,2027-03-17,2027-03-18,2027-03-19,2027-03-22,2027-03-23,2027-03-24,2027-03-25,2027-03-26,2027-03-29,2027-03-30,2027-03-31,2027-04-01,2027-04-02,2027-04-05,2027-04-06,2027-04-07,2027-04-08,2027-04-09,2027-04-12,2027-04-13,2027-04-14,2027-04-15,2027-04-16,2027-04-19,2027-04-20,2027-04-21,2027-04-22,2027-04-23,2027-04-26,2027-04-27,2027-04-28,2027-04-29,2027-04-30,2027-05-03,2027-05-04,2027-05-05,2027-05-06,2027-05-07,2027-05-10,2027-05-11,2027-05-12,2027-05-13,2027-05-14,2027-05-17,2027-05-18,2027-05-19,2027-05-20,2027-05-21,2027-05-24,2027-05-25,2027-05-26,2027-05-27,2027-05-28,2027-06-01,2027-06-02,2027-06-03,2027-06-04,2027-06-07,2027-06-08,2027-06-09,2027-06-10,2027-06-11,2027-06-14,2027-06-15,2027-06-16,2027-06-17,2027-06-18,2027-06-21,2027-06-22,2027-06-23,2027-06-24,2027-06-25,2027-06-28,2027-06-29,2027-06-30,2027-07-01,2027-07-02,2027-07-06,2027-07-07,2027-07-08,2027-07-09,2027-07-12",,2026-07-13,2026-08-19,,hlgtfs.zip,hartford_gtfs_effective_2026-07-11_updated_2026-08-19.zip,0,To Northbound to Springfield; GTFS; gtfs_trip_id=10020; gtfs_service_id=2; source_origin=Hartford; source_destination=Springfield
CTrail,Hartford Line,Hartford Line,CTrail 4404,To Northbound to Hartford,STS,New Haven State Street,2,08:25,08:25,2026-07-13,2027-07-12,"2026-07-13,2026-07-14,2026-07-15,2026-07-16,2026-07-17,2026-07-20,2026-07-21,2026-07-22,2026-07-23,2026-07-24,2026-07-27,2026-07-28,2026-07-29,2026-07-30,2026-07-31,2026-08-03,2026-08-04,2026-08-05,2026-08-06,2026-08-07,2026-08-10,2026-08-11,2026-08-12,2026-08-13,2026-08-14,2026-08-17,2026-08-18,2026-08-19,2026-08-20,2026-08-21,2026-08-24,2026-08-25,2026-08-26,2026-08-27,2026-08-28,2026-08-31,2026-09-01,2026-09-02,2026-09-03,2026-09-04,2026-09-08,2026-09-09,2026-09-10,2026-09-11,2026-09-14,2026-09-15,2026-09-16,2026-09-17,2026-09-18,2026-09-21,2026-09-22,2026-09-23,2026-09-24,2026-09-25,2026-09-28,2026-09-29,2026-09-30,2026-10-01,2026-10-02,2026-10-05,2026-10-06,2026-10-07,2026-10-08,2026-10-09,2026-10-12,2026-10-13,2026-10-14,2026-10-15,2026-10-16,2026-10-19,2026-10-20,2026-10-21,2026-10-22,2026-10-23,2026-10-26,2026-10-27,2026-10-28,2026-10-29,2026-10-30,2026-11-02,2026-11-03,2026-11-04,2026-11-05,2026-11-06,2026-11-09,2026-11-10,2026-11-11,2026-11-12,2026-11-13,2026-11-16,2026-11-17,2026-11-18,2026-11-19,2026-11-20,2026-11-23,2026-11-24,2026-11-25,2026-11-27,2026-11-30,2026-12-01,2026-12-02,2026-12-03,2026-12-04,2026-12-07,2026-12-08,2026-12-09,2026-12-10,2026-12-11,2026-12-14,2026-12-15,2026-12-16,2026-12-17,2026-12-18,2026-12-21,2026-12-22,2026-12-23,2026-12-24,2026-12-28,2026-12-29,2026-12-30,2026-12-31,2027-01-04,2027-01-05,2027-01-06,2027-01-07,2027-01-08,2027-01-11,2027-01-12,2027-01-13,2027-01-14,2027-01-15,2027-01-19,2027-01-20,2027-01-21,2027-01-22,2027-01-25,2027-01-26,2027-01-27,2027-01-28,2027-01-29,2027-02-01,2027-02-02,2027-02-03,2027-02-04,2027-02-05,2027-02-08,2027-02-09,2027-02-10,2027-02-11,2027-02-12,2027-02-16,2027-02-17,2027-02-18,2027-02-19,2027-02-22,2027-02-23,2027-02-24,2027-02-25,2027-02-26,2027-03-01,2027-03-02,2027-03-03,2027-03-04,2027-03-05,2027-03-08,2027-03-09,2027-03-10,2027-03-11,2027-03-12,2027-03-15,2027-03-16,2027-03-17,2027-03-18,2027-03-19,2027-03-22,2027-03-23,2027-03-24,2027-03-25,2027-03-26,2027-03-29,2027-03-30,2027-03-31,2027-04-01,2027-04-02,2027-04-05,2027-04-06,2027-04-07,2027-04-08,2027-04-09,2027-04-12,2027-04-13,2027-04-14,2027-04-15,2027-04-16,2027-04-19,2027-04-20,2027-04-21,2027-04-22,2027-04-23,2027-04-26,2027-04-27,2027-04-28,2027-04-29,2027-04-30,2027-05-03,2027-05-04,2027-05-05,2027-05-06,2027-05-07,2027-05-10,2027-05-11,2027-05-12,2027-05-13,2027-05-14,2027-05-17,2027-05-18,2027-05-19,2027-05-20,2027-05-21,2027-05-24,2027-05-25,2027-05-26,2027-05-27,2027-05-28,2027-06-01,2027-06-02,2027-06-03,2027-06-04,2027-06-07,2027-06-08,2027-06-09,2027-06-10,2027-06-11,2027-06-14,2027-06-15,2027-06-16,2027-06-17,2027-06-18,2027-06-21,2027-06-22,2027-06-23,2027-06-24,2027-06-25,2027-06-28,2027-06-29,2027-06-30,2027-07-01,2027-07-02,2027-07-06,2027-07-07,2027-07-08,2027-07-09,2027-07-12",,2026-07-13,2026-08-19,,hlgtfs.zip,hartford_gtfs_effective_2026-07-11_updated_2026-08-19.zip,0,To Northbound to Hartford; GTFS; gtfs_trip_id=32020; gtfs_service_id=2; source_origin=New Haven Union Station; source_destination=Hartford
CTrail,Hartford Line,Hartford Line,CTrail 4404B,To Northbound to Springfield,WND,Windsor,2,09:35,09:35,2026-07-13,2027-07-12,"2026-07-13,2026-07-14,2026-07-15,2026-07-16,2026-07-17,2026-07-20,2026-07-21,2026-07-22,2026-07-23,2026-07-24,2026-07-27,2026-07-28,2026-07-29,2026-07-30,2026-07-31,2026-08-03,2026-08-04,2026-08-05,2026-08-06,2026-08-07,2026-08-10,2026-08-11,2026-08-12,2026-08-13,2026-08-14,2026-08-17,2026-08-18,2026-08-19,2026-08-20,2026-08-21,2026-08-24,2026-08-25,2026-08-26,2026-08-27,2026-08-28,2026-08-31,2026-09-01,2026-09-02,2026-09-03,2026-09-04,2026-09-08,2026-09-09,2026-09-10,2026-09-11,2026-09-14,2026-09-15,2026-09-16,2026-09-17,2026-09-18,2026-09-21,2026-09-22,2026-09-23,2026-09-24,2026-09-25,2026-09-28,2026-09-29,2026-09-30,2026-10-01,2026-10-02,2026-10-05,2026-10-06,2026-10-07,2026-10-08,2026-10-09,2026-10-12,2026-10-13,2026-10-14,2026-10-15,2026-10-16,2026-10-19,2026-10-20,2026-10-21,2026-10-22,2026-10-23,2026-10-26,2026-10-27,2026-10-28,2026-10-29,2026-10-30,2026-11-02,2026-11-03,2026-11-04,2026-11-05,2026-11-06,2026-11-09,2026-11-10,2026-11-11,2026-11-12,2026-11-13,2026-11-16,2026-11-17,2026-11-18,2026-11-19,2026-11-20,2026-11-23,2026-11-24,2026-11-25,2026-11-27,2026-11-30,2026-12-01,2026-12-02,2026-12-03,2026-12-04,2026-12-07,2026-12-08,2026-12-09,2026-12-10,2026-12-11,2026-12-14,2026-12-15,2026-12-16,2026-12-17,2026-12-18,2026-12-21,2026-12-22,2026-12-23,2026-12-24,2026-12-28,2026-12-29,2026-12-30,2026-12-31,2027-01-04,2027-01-05,2027-01-06,2027-01-07,2027-01-08,2027-01-11,2027-01-12,2027-01-13,2027-01-14,2027-01-15,2027-01-19,2027-01-20,2027-01-21,2027-01-22,2027-01-25,2027-01-26,2027-01-27,2027-01-28,2027-01-29,2027-02-01,2027-02-02,2027-02-03,2027-02-04,2027-02-05,2027-02-08,2027-02-09,2027-02-10,2027-02-11,2027-02-12,2027-02-16,2027-02-17,2027-02-18,2027-02-19,2027-02-22,2027-02-23,2027-02-24,2027-02-25,2027-02-26,2027-03-01,2027-03-02,2027-03-03,2027-03-04,2027-03-05,2027-03-08,2027-03-09,2027-03-10,2027-03-11,2027-03-12,2027-03-15,2027-03-16,2027-03-17,2027-03-18,2027-03-19,2027-03-22,2027-03-23,2027-03-24,2027-03-25,2027-03-26,2027-03-29,2027-03-30,2027-03-31,2027-04-01,2027-04-02,2027-04-05,2027-04-06,2027-04-07,2027-04-08,2027-04-09,2027-04-12,2027-04-13,2027-04-14,2027-04-15,2027-04-16,2027-04-19,2027-04-20,2027-04-21,2027-04-22,2027-04-23,2027-04-26,2027-04-27,2027-04-28,2027-04-29,2027-04-30,2027-05-03,2027-05-04,2027-05-05,2027-05-06,2027-05-07,2027-05-10,2027-05-11,2027-05-12,2027-05-13,2027-05-14,2027-05-17,2027-05-18,2027-05-19,2027-05-20,2027-05-21,2027-05-24,2027-05-25,2027-05-26,2027-05-27,2027-05-28,2027-06-01,2027-06-02,2027-06-03,2027-06-04,2027-06-07,2027-06-08,2027-06-09,2027-06-10,2027-06-11,2027-06-14,2027-06-15,2027-06-16,2027-06-17,2027-06-18,2027-06-21,2027-06-22,2027-06-23,2027-06-24,2027-06-25,2027-06-28,2027-06-29,2027-06-30,2027-07-01,2027-07-02,2027-07-06,2027-07-07,2027-07-08,2027-07-09,2027-07-12",,2026-07-13,2026-08-19,,hlgtfs.zip,hartford_gtfs_effective_2026-07-11_updated_2026-08-19.zip,0,To Northbound to Springfield; GTFS; gtfs_trip_id=10020; gtfs_service_id=2; source_origin=Hartford; source_destination=Springfield
CTrail,Hartford Line,Hartford Line,CTrail 4404,To Northbound to Hartford,WFD,Wallingford,3,08:41,08:41,2026-07-13,2027-07-12,"2026-07-13,2026-07-14,2026-07-15,2026-07-16,2026-07-17,2026-07-20,2026-07-21,2026-07-22,2026-07-23,2026-07-24,2026-07-27,2026-07-28,2026-07-29,2026-07-30,2026-07-31,2026-08-03,2026-08-04,2026-08-05,2026-08-06,2026-08-07,2026-08-10,2026-08-11,2026-08-12,2026-08-13,2026-08-14,2026-08-17,2026-08-18,2026-08-19,2026-08-20,2026-08-21,2026-08-24,2026-08-25,2026-08-26,2026-08-27,2026-08-28,2026-08-31,2026-09-01,2026-09-02,2026-09-03,2026-09-04,2026-09-08,2026-09-09,2026-09-10,2026-09-11,2026-09-14,2026-09-15,2026-09-16,2026-09-17,2026-09-18,2026-09-21,2026-09-22,2026-09-23,2026-09-24,2026-09-25,2026-09-28,2026-09-29,2026-09-30,2026-10-01,2026-10-02,2026-10-05,2026-10-06,2026-10-07,2026-10-08,2026-10-09,2026-10-12,2026-10-13,2026-10-14,2026-10-15,2026-10-16,2026-10-19,2026-10-20,2026-10-21,2026-10-22,2026-10-23,2026-10-26,2026-10-27,2026-10-28,2026-10-29,2026-10-30,2026-11-02,2026-11-03,2026-11-04,2026-11-05,2026-11-06,2026-11-09,2026-11-10,2026-11-11,2026-11-12,2026-11-13,2026-11-16,2026-11-17,2026-11-18,2026-11-19,2026-11-20,2026-11-23,2026-11-24,2026-11-25,2026-11-27,2026-11-30,2026-12-01,2026-12-02,2026-12-03,2026-12-04,2026-12-07,2026-12-08,2026-12-09,2026-12-10,2026-12-11,2026-12-14,2026-12-15,2026-12-16,2026-12-17,2026-12-18,2026-12-21,2026-12-22,2026-12-23,2026-12-24,2026-12-28,2026-12-29,2026-12-30,2026-12-31,2027-01-04,2027-01-05,2027-01-06,2027-01-07,2027-01-08,2027-01-11,2027-01-12,2027-01-13,2027-01-14,2027-01-15,2027-01-19,2027-01-20,2027-01-21,2027-01-22,2027-01-25,2027-01-26,2027-01-27,2027-01-28,2027-01-29,2027-02-01,2027-02-02,2027-02-03,2027-02-04,2027-02-05,2027-02-08,2027-02-09,2027-02-10,2027-02-11,2027-02-12,2027-02-16,2027-02-17,2027-02-18,2027-02-19,2027-02-22,2027-02-23,2027-02-24,2027-02-25,2027-02-26,2027-03-01,2027-03-02,2027-03-03,2027-03-04,2027-03-05,2027-03-08,2027-03-09,2027-03-10,2027-03-11,2027-03-12,2027-03-15,2027-03-16,2027-03-17,2027-03-18,2027-03-19,2027-03-22,2027-03-23,2027-03-24,2027-03-25,2027-03-26,2027-03-29,2027-03-30,2027-03-31,2027-04-01,2027-04-02,2027-04-05,2027-04-06,2027-04-07,2027-04-08,2027-04-09,2027-04-12,2027-04-13,2027-04-14,2027-04-15,2027-04-16,2027-04-19,2027-04-20,2027-04-21,2027-04-22,2027-04-23,2027-04-26,2027-04-27,2027-04-28,2027-04-29,2027-04-30,2027-05-03,2027-05-04,2027-05-05,2027-05-06,2027-05-07,2027-05-10,2027-05-11,2027-05-12,2027-05-13,2027-05-14,2027-05-17,2027-05-18,2027-05-19,2027-05-20,2027-05-21,2027-05-24,2027-05-25,2027-05-26,2027-05-27,2027-05-28,2027-06-01,2027-06-02,2027-06-03,2027-06-04,2027-06-07,2027-06-08,2027-06-09,2027-06-10,2027-06-11,2027-06-14,2027-06-15,2027-06-16,2027-06-17,2027-06-18,2027-06-21,2027-06-22,2027-06-23,2027-06-24,2027-06-25,2027-06-28,2027-06-29,2027-06-30,2027-07-01,2027-07-02,2027-07-06,2027-07-07,2027-07-08,2027-07-09,2027-07-12",,2026-07-13,2026-08-19,,hlgtfs.zip,hartford_gtfs_effective_2026-07-11_updated_2026-08-19.zip,0,To Northbound to Hartford; GTFS; gtfs_trip_id=32020; gtfs_service_id=2; source_origin=New Haven Union Station; source_destination=Hartford
CTrail,Hartford Line,Hartford Line,CTrail 4404B,To Northbound to Springfield,WNL,Windsor Locks,3,09:45,09:45,2026-07-13,2027-07-12,"2026-07-13,2026-07-14,2026-07-15,2026-07-16,2026-07-17,2026-07-20,2026-07-21,2026-07-22,2026-07-23,2026-07-24,2026-07-27,2026-07-28,2026-07-29,2026-07-30,2026-07-31,2026-08-03,2026-08-04,2026-08-05,2026-08-06,2026-08-07,2026-08-10,2026-08-11,2026-08-12,2026-08-13,2026-08-14,2026-08-17,2026-08-18,2026-08-19,2026-08-20,2026-08-21,2026-08-24,2026-08-25,2026-08-26,2026-08-27,2026-08-28,2026-08-31,2026-09-01,2026-09-02,2026-09-03,2026-09-04,2026-09-08,2026-09-09,2026-09-10,2026-09-11,2026-09-14,2026-09-15,2026-09-16,2026-09-17,2026-09-18,2026-09-21,2026-09-22,2026-09-23,2026-09-24,2026-09-25,2026-09-28,2026-09-29,2026-09-30,2026-10-01,2026-10-02,2026-10-05,2026-10-06,2026-10-07,2026-10-08,2026-10-09,2026-10-12,2026-10-13,2026-10-14,2026-10-15,2026-10-16,2026-10-19,2026-10-20,2026-10-21,2026-10-22,2026-10-23,2026-10-26,2026-10-27,2026-10-28,2026-10-29,2026-10-30,2026-11-02,2026-11-03,2026-11-04,2026-11-05,2026-11-06,2026-11-09,2026-11-10,2026-11-11,2026-11-12,2026-11-13,2026-11-16,2026-11-17,2026-11-18,2026-11-19,2026-11-20,2026-11-23,2026-11-24,2026-11-25,2026-11-27,2026-11-30,2026-12-01,2026-12-02,2026-12-03,2026-12-04,2026-12-07,2026-12-08,2026-12-09,2026-12-10,2026-12-11,2026-12-14,2026-12-15,2026-12-16,2026-12-17,2026-12-18,2026-12-21,2026-12-22,2026-12-23,2026-12-24,2026-12-28,2026-12-29,2026-12-30,2026-12-31,2027-01-04,2027-01-05,2027-01-06,2027-01-07,2027-01-08,2027-01-11,2027-01-12,2027-01-13,2027-01-14,2027-01-15,2027-01-19,2027-01-20,2027-01-21,2027-01-22,2027-01-25,2027-01-26,2027-01-27,2027-01-28,2027-01-29,2027-02-01,2027-02-02,2027-02-03,2027-02-04,2027-02-05,2027-02-08,2027-02-09,2027-02-10,2027-02-11,2027-02-12,2027-02-16,2027-02-17,2027-02-18,2027-02-19,2027-02-22,2027-02-23,2027-02-24,2027-02-25,2027-02-26,2027-03-01,2027-03-02,2027-03-03,2027-03-04,2027-03-05,2027-03-08,2027-03-09,2027-03-10,2027-03-11,2027-03-12,2027-03-15,2027-03-16,2027-03-17,2027-03-18,2027-03-19,2027-03-22,2027-03-23,2027-03-24,2027-03-25,2027-03-26,2027-03-29,2027-03-30,2027-03-31,2027-04-01,2027-04-02,2027-04-05,2027-04-06,2027-04-07,2027-04-08,2027-04-09,2027-04-12,2027-04-13,2027-04-14,2027-04-15,2027-04-16,2027-04-19,2027-04-20,2027-04-21,2027-04-22,2027-04-23,2027-04-26,2027-04-27,2027-04-28,2027-04-29,2027-04-30,2027-05-03,2027-05-04,2027-05-05,2027-05-06,2027-05-07,2027-05-10,2027-05-11,2027-05-12,2027-05-13,2027-05-14,2027-05-17,2027-05-18,2027-05-19,2027-05-20,2027-05-21,2027-05-24,2027-05-25,2027-05-26,2027-05-27,2027-05-28,2027-06-01,2027-06-02,2027-06-03,2027-06-04,2027-06-07,2027-06-08,2027-06-09,2027-06-10,2027-06-11,2027-06-14,2027-06-15,2027-06-16,2027-06-17,2027-06-18,2027-06-21,2027-06-22,2027-06-23,2027-06-24,2027-06-25,2027-06-28,2027-06-29,2027-06-30,2027-07-01,2027-07-02,2027-07-06,2027-07-07,2027-07-08,2027-07-09,2027-07-12",,2026-07-13,2026-08-19,,hlgtfs.zip,hartford_gtfs_effective_2026-07-11_updated_2026-08-19.zip,0,To Northbound to Springfield; GTFS; gtfs_trip_id=10020; gtfs_service_id=2; source_origin=Hartford; source_destination=Springfield
CTrail,Hartford Line,Hartford Line,CTrail 4404,To Northbound to Hartford,MDN,Meriden,4,08:52,08:52,2026-07-13,2027-07-12,"2026-07-13,2026-07-14,2026-07-15,2026-07-16,2026-07-17,2026-07-20,2026-07-21,2026-07-22,2026-07-23,2026-07-24,2026-07-27,2026-07-28,2026-07-29,2026-07-30,2026-07-31,2026-08-03,2026-08-04,2026-08-05,2026-08-06,2026-08-07,2026-08-10,2026-08-11,2026-08-12,2026-08-13,2026-08-14,2026-08-17,2026-08-18,2026-08-19,2026-08-20,2026-08-21,2026-08-24,2026-08-25,2026-08-26,2026-08-27,2026-08-28,2026-08-31,2026-09-01,2026-09-02,2026-09-03,2026-09-04,2026-09-08,2026-09-09,2026-09-10,2026-09-11,2026-09-14,2026-09-15,2026-09-16,2026-09-17,2026-09-18,2026-09-21,2026-09-22,2026-09-23,2026-09-24,2026-09-25,2026-09-28,2026-09-29,2026-09-30,2026-10-01,2026-10-02,2026-10-05,2026-10-06,2026-10-07,2026-10-08,2026-10-09,2026-10-12,2026-10-13,2026-10-14,2026-10-15,2026-10-16,2026-10-19,2026-10-20,2026-10-21,2026-10-22,2026-10-23,2026-10-26,2026-10-27,2026-10-28,2026-10-29,2026-10-30,2026-11-02,2026-11-03,2026-11-04,2026-11-05,2026-11-06,2026-11-09,2026-11-10,2026-11-11,2026-11-12,2026-11-13,2026-11-16,2026-11-17,2026-11-18,2026-11-19,2026-11-20,2026-11-23,2026-11-24,2026-11-25,2026-11-27,2026-11-30,2026-12-01,2026-12-02,2026-12-03,2026-12-04,2026-12-07,2026-12-08,2026-12-09,2026-12-10,2026-12-11,2026-12-14,2026-12-15,2026-12-16,2026-12-17,2026-12-18,2026-12-21,2026-12-22,2026-12-23,2026-12-24,2026-12-28,2026-12-29,2026-12-30,2026-12-31,2027-01-04,2027-01-05,2027-01-06,2027-01-07,2027-01-08,2027-01-11,2027-01-12,2027-01-13,2027-01-14,2027-01-15,2027-01-19,2027-01-20,2027-01-21,2027-01-22,2027-01-25,2027-01-26,2027-01-27,2027-01-28,2027-01-29,2027-02-01,2027-02-02,2027-02-03,2027-02-04,2027-02-05,2027-02-08,2027-02-09,2027-02-10,2027-02-11,2027-02-12,2027-02-16,2027-02-17,2027-02-18,2027-02-19,2027-02-22,2027-02-23,2027-02-24,2027-02-25,2027-02-26,2027-03-01,2027-03-02,2027-03-03,2027-03-04,2027-03-05,2027-03-08,2027-03-09,2027-03-10,2027-03-11,2027-03-12,2027-03-15,2027-03-16,2027-03-17,2027-03-18,2027-03-19,2027-03-22,2027-03-23,2027-03-24,2027-03-25,2027-03-26,2027-03-29,2027-03-30,2027-03-31,2027-04-01,2027-04-02,2027-04-05,2027-04-06,2027-04-07,2027-04-08,2027-04-09,2027-04-12,2027-04-13,2027-04-14,2027-04-15,2027-04-16,2027-04-19,2027-04-20,2027-04-21,2027-04-22,2027-04-23,2027-04-26,2027-04-27,2027-04-28,2027-04-29,2027-04-30,2027-05-03,2027-05-04,2027-05-05,2027-05-06,2027-05-07,2027-05-10,2027-05-11,2027-05-12,2027-05-13,2027-05-14,2027-05-17,2027-05-18,2027-05-19,2027-05-20,2027-05-21,2027-05-24,2027-05-25,2027-05-26,2027-05-27,2027-05-28,2027-06-01,2027-06-02,2027-06-03,2027-06-04,2027-06-07,2027-06-08,2027-06-09,2027-06-10,2027-06-11,2027-06-14,2027-06-15,2027-06-16,2027-06-17,2027-06-18,2027-06-21,2027-06-22,2027-06-23,2027-06-24,2027-06-25,2027-06-28,2027-06-29,2027-06-30,2027-07-01,2027-07-02,2027-07-06,2027-07-07,2027-07-08,2027-07-09,2027-07-12",,2026-07-13,2026-08-19,,hlgtfs.zip,hartford_gtfs_effective_2026-07-11_updated_2026-08-19.zip,0,To Northbound to Hartford; GTFS; gtfs_trip_id=32020; gtfs_service_id=2; source_origin=New Haven Union Station; source_destination=Hartford
CTrail,Hartford Line,Hartford Line,CTrail 4404B,To Northbound to Springfield,SPG,Springfield,4,10:05,10:05,2026-07-13,2027-07-12,"2026-07-13,2026-07-14,2026-07-15,2026-07-16,2026-07-17,2026-07-20,2026-07-21,2026-07-22,2026-07-23,2026-07-24,2026-07-27,2026-07-28,2026-07-29,2026-07-30,2026-07-31,2026-08-03,2026-08-04,2026-08-05,2026-08-06,2026-08-07,2026-08-10,2026-08-11,2026-08-12,2026-08-13,2026-08-14,2026-08-17,2026-08-18,2026-08-19,2026-08-20,2026-08-21,2026-08-24,2026-08-25,2026-08-26,2026-08-27,2026-08-28,2026-08-31,2026-09-01,2026-09-02,2026-09-03,2026-09-04,2026-09-08,2026-09-09,2026-09-10,2026-09-11,2026-09-14,2026-09-15,2026-09-16,2026-09-17,2026-09-18,2026-09-21,2026-09-22,2026-09-23,2026-09-24,2026-09-25,2026-09-28,2026-09-29,2026-09-30,2026-10-01,2026-10-02,2026-10-05,2026-10-06,2026-10-07,2026-10-08,2026-10-09,2026-10-12,2026-10-13,2026-10-14,2026-10-15,2026-10-16,2026-10-19,2026-10-20,2026-10-21,2026-10-22,2026-10-23,2026-10-26,2026-10-27,2026-10-28,2026-10-29,2026-10-30,2026-11-02,2026-11-03,2026-11-04,2026-11-05,2026-11-06,2026-11-09,2026-11-10,2026-11-11,2026-11-12,2026-11-13,2026-11-16,2026-11-17,2026-11-18,2026-11-19,2026-11-20,2026-11-23,2026-11-24,2026-11-25,2026-11-27,2026-11-30,2026-12-01,2026-12-02,2026-12-03,2026-12-04,2026-12-07,2026-12-08,2026-12-09,2026-12-10,2026-12-11,2026-12-14,2026-12-15,2026-12-16,2026-12-17,2026-12-18,2026-12-21,2026-12-22,2026-12-23,2026-12-24,2026-12-28,2026-12-29,2026-12-30,2026-12-31,2027-01-04,2027-01-05,2027-01-06,2027-01-07,2027-01-08,2027-01-11,2027-01-12,2027-01-13,2027-01-14,2027-01-15,2027-01-19,2027-01-20,2027-01-21,2027-01-22,2027-01-25,2027-01-26,2027-01-27,2027-01-28,2027-01-29,2027-02-01,2027-02-02,2027-02-03,2027-02-04,2027-02-05,2027-02-08,2027-02-09,2027-02-10,2027-02-11,2027-02-12,2027-02-16,2027-02-17,2027-02-18,2027-02-19,2027-02-22,2027-02-23,2027-02-24,2027-02-25,2027-02-26,2027-03-01,2027-03-02,2027-03-03,2027-03-04,2027-03-05,2027-03-08,2027-03-09,2027-03-10,2027-03-11,2027-03-12,2027-03-15,2027-03-16,2027-03-17,2027-03-18,2027-03-19,2027-03-22,2027-03-23,2027-03-24,2027-03-25,2027-03-26,2027-03-29,2027-03-30,2027-03-31,2027-04-01,2027-04-02,2027-04-05,2027-04-06,2027-04-07,2027-04-08,2027-04-09,2027-04-12,2027-04-13,2027-04-14,2027-04-15,2027-04-16,2027-04-19,2027-04-20,2027-04-21,2027-04-22,2027-04-23,2027-04-26,2027-04-27,2027-04-28,2027-04-29,2027-04-30,2027-05-03,2027-05-04,2027-05-05,2027-05-06,2027-05-07,2027-05-10,2027-05-11,2027-05-12,2027-05-13,2027-05-14,2027-05-17,2027-05-18,2027-05-19,2027-05-20,2027-05-21,2027-05-24,2027-05-25,2027-05-26,2027-05-27,2027-05-28,2027-06-01,2027-06-02,2027-06-03,2027-06-04,2027-06-07,2027-06-08,2027-06-09,2027-06-10,2027-06-11,2027-06-14,2027-06-15,2027-06-16,2027-06-17,2027-06-18,2027-06-21,2027-06-22,2027-06-23,2027-06-24,2027-06-25,2027-06-28,2027-06-29,2027-06-30,2027-07-01,2027-07-02,2027-07-06,2027-07-07,2027-07-08,2027-07-09,2027-07-12",,2026-07-13,2026-08-19,,hlgtfs.zip,hartford_gtfs_effective_2026-07-11_updated_2026-08-19.zip,0,To Northbound to Springfield; GTFS; gtfs_trip_id=10020; gtfs_service_id=2; source_origin=Hartford; source_destination=Springfield
CTrail,Hartford Line,Hartford Line,CTrail 4404,To Northbound to Hartford,BER,Berlin,5,09:01,09:01,2026-07-13,2027-07-12,"2026-07-13,2026-07-14,2026-07-15,2026-07-16,2026-07-17,2026-07-20,2026-07-21,2026-07-22,2026-07-23,2026-07-24,2026-07-27,2026-07-28,2026-07-29,2026-07-30,2026-07-31,2026-08-03,2026-08-04,2026-08-05,2026-08-06,2026-08-07,2026-08-10,2026-08-11,2026-08-12,2026-08-13,2026-08-14,2026-08-17,2026-08-18,2026-08-19,2026-08-20,2026-08-21,2026-08-24,2026-08-25,2026-08-26,2026-08-27,2026-08-28,2026-08-31,2026-09-01,2026-09-02,2026-09-03,2026-09-04,2026-09-08,2026-09-09,2026-09-10,2026-09-11,2026-09-14,2026-09-15,2026-09-16,2026-09-17,2026-09-18,2026-09-21,2026-09-22,2026-09-23,2026-09-24,2026-09-25,2026-09-28,2026-09-29,2026-09-30,2026-10-01,2026-10-02,2026-10-05,2026-10-06,2026-10-07,2026-10-08,2026-10-09,2026-10-12,2026-10-13,2026-10-14,2026-10-15,2026-10-16,2026-10-19,2026-10-20,2026-10-21,2026-10-22,2026-10-23,2026-10-26,2026-10-27,2026-10-28,2026-10-29,2026-10-30,2026-11-02,2026-11-03,2026-11-04,2026-11-05,2026-11-06,2026-11-09,2026-11-10,2026-11-11,2026-11-12,2026-11-13,2026-11-16,2026-11-17,2026-11-18,2026-11-19,2026-11-20,2026-11-23,2026-11-24,2026-11-25,2026-11-27,2026-11-30,2026-12-01,2026-12-02,2026-12-03,2026-12-04,2026-12-07,2026-12-08,2026-12-09,2026-12-10,2026-12-11,2026-12-14,2026-12-15,2026-12-16,2026-12-17,2026-12-18,2026-12-21,2026-12-22,2026-12-23,2026-12-24,2026-12-28,2026-12-29,2026-12-30,2026-12-31,2027-01-04,2027-01-05,2027-01-06,2027-01-07,2027-01-08,2027-01-11,2027-01-12,2027-01-13,2027-01-14,2027-01-15,2027-01-19,2027-01-20,2027-01-21,2027-01-22,2027-01-25,2027-01-26,2027-01-27,2027-01-28,2027-01-29,2027-02-01,2027-02-02,2027-02-03,2027-02-04,2027-02-05,2027-02-08,2027-02-09,2027-02-10,2027-02-11,2027-02-12,2027-02-16,2027-02-17,2027-02-18,2027-02-19,2027-02-22,2027-02-23,2027-02-24,2027-02-25,2027-02-26,2027-03-01,2027-03-02,2027-03-03,2027-03-04,2027-03-05,2027-03-08,2027-03-09,2027-03-10,2027-03-11,2027-03-12,2027-03-15,2027-03-16,2027-03-17,2027-03-18,2027-03-19,2027-03-22,2027-03-23,2027-03-24,2027-03-25,2027-03-26,2027-03-29,2027-03-30,2027-03-31,2027-04-01,2027-04-02,2027-04-05,2027-04-06,2027-04-07,2027-04-08,2027-04-09,2027-04-12,2027-04-13,2027-04-14,2027-04-15,2027-04-16,2027-04-19,2027-04-20,2027-04-21,2027-04-22,2027-04-23,2027-04-26,2027-04-27,2027-04-28,2027-04-29,2027-04-30,2027-05-03,2027-05-04,2027-05-05,2027-05-06,2027-05-07,2027-05-10,2027-05-11,2027-05-12,2027-05-13,2027-05-14,2027-05-17,2027-05-18,2027-05-19,2027-05-20,2027-05-21,2027-05-24,2027-05-25,2027-05-26,2027-05-27,2027-05-28,2027-06-01,2027-06-02,2027-06-03,2027-06-04,2027-06-07,2027-06-08,2027-06-09,2027-06-10,2027-06-11,2027-06-14,2027-06-15,2027-06-16,2027-06-17,2027-06-18,2027-06-21,2027-06-22,2027-06-23,2027-06-24,2027-06-25,2027-06-28,2027-06-29,2027-06-30,2027-07-01,2027-07-02,2027-07-06,2027-07-07,2027-07-08,2027-07-09,2027-07-12",,2026-07-13,2026-08-19,,hlgtfs.zip,hartford_gtfs_effective_2026-07-11_updated_2026-08-19.zip,0,To Northbound to Hartford; GTFS; gtfs_trip_id=32020; gtfs_service_id=2; source_origin=New Haven Union Station; source_destination=Hartford
CTrail,Hartford Line,Hartford Line,CTrail 4404,To Northbound to Hartford,HFD,Hartford,6,09:12,09:12,2026-07-13,2027-07-12,"2026-07-13,2026-07-14,2026-07-15,2026-07-16,2026-07-17,2026-07-20,2026-07-21,2026-07-22,2026-07-23,2026-07-24,2026-07-27,2026-07-28,2026-07-29,2026-07-30,2026-07-31,2026-08-03,2026-08-04,2026-08-05,2026-08-06,2026-08-07,2026-08-10,2026-08-11,2026-08-12,2026-08-13,2026-08-14,2026-08-17,2026-08-18,2026-08-19,2026-08-20,2026-08-21,2026-08-24,2026-08-25,2026-08-26,2026-08-27,2026-08-28,2026-08-31,2026-09-01,2026-09-02,2026-09-03,2026-09-04,2026-09-08,2026-09-09,2026-09-10,2026-09-11,2026-09-14,2026-09-15,2026-09-16,2026-09-17,2026-09-18,2026-09-21,2026-09-22,2026-09-23,2026-09-24,2026-09-25,2026-09-28,2026-09-29,2026-09-30,2026-10-01,2026-10-02,2026-10-05,2026-10-06,2026-10-07,2026-10-08,2026-10-09,2026-10-12,2026-10-13,2026-10-14,2026-10-15,2026-10-16,2026-10-19,2026-10-20,2026-10-21,2026-10-22,2026-10-23,2026-10-26,2026-10-27,2026-10-28,2026-10-29,2026-10-30,2026-11-02,2026-11-03,2026-11-04,2026-11-05,2026-11-06,2026-11-09,2026-11-10,2026-11-11,2026-11-12,2026-11-13,2026-11-16,2026-11-17,2026-11-18,2026-11-19,2026-11-20,2026-11-23,2026-11-24,2026-11-25,2026-11-27,2026-11-30,2026-12-01,2026-12-02,2026-12-03,2026-12-04,2026-12-07,2026-12-08,2026-12-09,2026-12-10,2026-12-11,2026-12-14,2026-12-15,2026-12-16,2026-12-17,2026-12-18,2026-12-21,2026-12-22,2026-12-23,2026-12-24,2026-12-28,2026-12-29,2026-12-30,2026-12-31,2027-01-04,2027-01-05,2027-01-06,2027-01-07,2027-01-08,2027-01-11,2027-01-12,2027-01-13,2027-01-14,2027-01-15,2027-01-19,2027-01-20,2027-01-21,2027-01-22,2027-01-25,2027-01-26,2027-01-27,2027-01-28,2027-01-29,2027-02-01,2027-02-02,2027-02-03,2027-02-04,2027-02-05,2027-02-08,2027-02-09,2027-02-10,2027-02-11,2027-02-12,2027-02-16,2027-02-17,2027-02-18,2027-02-19,2027-02-22,2027-02-23,2027-02-24,2027-02-25,2027-02-26,2027-03-01,2027-03-02,2027-03-03,2027-03-04,2027-03-05,2027-03-08,2027-03-09,2027-03-10,2027-03-11,2027-03-12,2027-03-15,2027-03-16,2027-03-17,2027-03-18,2027-03-19,2027-03-22,2027-03-23,2027-03-24,2027-03-25,2027-03-26,2027-03-29,2027-03-30,2027-03-31,2027-04-01,2027-04-02,2027-04-05,2027-04-06,2027-04-07,2027-04-08,2027-04-09,2027-04-12,2027-04-13,2027-04-14,2027-04-15,2027-04-16,2027-04-19,2027-04-20,2027-04-21,2027-04-22,2027-04-23,2027-04-26,2027-04-27,2027-04-28,2027-04-29,2027-04-30,2027-05-03,2027-05-04,2027-05-05,2027-05-06,2027-05-07,2027-05-10,2027-05-11,2027-05-12,2027-05-13,2027-05-14,2027-05-17,2027-05-18,2027-05-19,2027-05-20,2027-05-21,2027-05-24,2027-05-25,2027-05-26,2027-05-27,2027-05-28,2027-06-01,2027-06-02,2027-06-03,2027-06-04,2027-06-07,2027-06-08,2027-06-09,2027-06-10,2027-06-11,2027-06-14,2027-06-15,2027-06-16,2027-06-17,2027-06-18,2027-06-21,2027-06-22,2027-06-23,2027-06-24,2027-06-25,2027-06-28,2027-06-29,2027-06-30,2027-07-01,2027-07-02,2027-07-06,2027-07-07,2027-07-08,2027-07-09,2027-07-12",,2026-07-13,2026-08-19,,hlgtfs.zip,hartford_gtfs_effective_2026-07-11_updated_2026-08-19.zip,0,To Northbound to Hartford; GTFS; gtfs_trip_id=32020; gtfs_service_id=2; source_origin=New Haven Union Station; source_destination=Hartford
CTrail,Hartford Line,Hartford Line,CTrail 4405B,To Southbound to Hartford,SPG,Springfield,1,10:55,10:55,2026-07-13,2027-07-12,"2026-07-13,2026-07-14,2026-07-15,2026-07-16,2026-07-17,2026-07-20,2026-07-21,2026-07-22,2026-07-23,2026-07-24,2026-07-27,2026-07-28,2026-07-29,2026-07-30,2026-07-31,2026-08-03,2026-08-04,2026-08-05,2026-08-06,2026-08-07,2026-08-10,2026-08-11,2026-08-12,2026-08-13,2026-08-14,2026-08-17,2026-08-18,2026-08-19,2026-08-20,2026-08-21,2026-08-24,2026-08-25,2026-08-26,2026-08-27,2026-08-28,2026-08-31,2026-09-01,2026-09-02,2026-09-03,2026-09-04,2026-09-08,2026-09-09,2026-09-10,2026-09-11,2026-09-14,2026-09-15,2026-09-16,2026-09-17,2026-09-18,2026-09-21,2026-09-22,2026-09-23,2026-09-24,2026-09-25,2026-09-28,2026-09-29,2026-09-30,2026-10-01,2026-10-02,2026-10-05,2026-10-06,2026-10-07,2026-10-08,2026-10-09,2026-10-12,2026-10-13,2026-10-14,2026-10-15,2026-10-16,2026-10-19,2026-10-20,2026-10-21,2026-10-22,2026-10-23,2026-10-26,2026-10-27,2026-10-28,2026-10-29,2026-10-30,2026-11-02,2026-11-03,2026-11-04,2026-11-05,2026-11-06,2026-11-09,2026-11-10,2026-11-11,2026-11-12,2026-11-13,2026-11-16,2026-11-17,2026-11-18,2026-11-19,2026-11-20,2026-11-23,2026-11-24,2026-11-25,2026-11-27,2026-11-30,2026-12-01,2026-12-02,2026-12-03,2026-12-04,2026-12-07,2026-12-08,2026-12-09,2026-12-10,2026-12-11,2026-12-14,2026-12-15,2026-12-16,2026-12-17,2026-12-18,2026-12-21,2026-12-22,2026-12-23,2026-12-24,2026-12-28,2026-12-29,2026-12-30,2026-12-31,2027-01-04,2027-01-05,2027-01-06,2027-01-07,2027-01-08,2027-01-11,2027-01-12,2027-01-13,2027-01-14,2027-01-15,2027-01-19,2027-01-20,2027-01-21,2027-01-22,2027-01-25,2027-01-26,2027-01-27,2027-01-28,2027-01-29,2027-02-01,2027-02-02,2027-02-03,2027-02-04,2027-02-05,2027-02-08,2027-02-09,2027-02-10,2027-02-11,2027-02-12,2027-02-16,2027-02-17,2027-02-18,2027-02-19,2027-02-22,2027-02-23,2027-02-24,2027-02-25,2027-02-26,2027-03-01,2027-03-02,2027-03-03,2027-03-04,2027-03-05,2027-03-08,2027-03-09,2027-03-10,2027-03-11,2027-03-12,2027-03-15,2027-03-16,2027-03-17,2027-03-18,2027-03-19,2027-03-22,2027-03-23,2027-03-24,2027-03-25,2027-03-26,2027-03-29,2027-03-30,2027-03-31,2027-04-01,2027-04-02,2027-04-05,2027-04-06,2027-04-07,2027-04-08,2027-04-09,2027-04-12,2027-04-13,2027-04-14,2027-04-15,2027-04-16,2027-04-19,2027-04-20,2027-04-21,2027-04-22,2027-04-23,2027-04-26,2027-04-27,2027-04-28,2027-04-29,2027-04-30,2027-05-03,2027-05-04,2027-05-05,2027-05-06,2027-05-07,2027-05-10,2027-05-11,2027-05-12,2027-05-13,2027-05-14,2027-05-17,2027-05-18,2027-05-19,2027-05-20,2027-05-21,2027-05-24,2027-05-25,2027-05-26,2027-05-27,2027-05-28,2027-06-01,2027-06-02,2027-06-03,2027-06-04,2027-06-07,2027-06-08,2027-06-09,2027-06-10,2027-06-11,2027-06-14,2027-06-15,2027-06-16,2027-06-17,2027-06-18,2027-06-21,2027-06-22,2027-06-23,2027-06-24,2027-06-25,2027-06-28,2027-06-29,2027-06-30,2027-07-01,2027-07-02,2027-07-06,2027-07-07,2027-07-08,2027-07-09,2027-07-12",,2026-07-13,2026-08-19,,hlgtfs.zip,hartford_gtfs_effective_2026-07-11_updated_2026-08-19.zip,0,To Southbound to Hartford; GTFS; gtfs_trip_id=9020; gtfs_service_id=2; source_origin=Springfield; source_destination=Hartford
CTrail,Hartford Line,Hartford Line,CTrail 4405,To Southbound to New Haven Union Station,HFD,Hartford,1,11:53,11:53,2026-07-13,2027-07-12,"2026-07-13,2026-07-14,2026-07-15,2026-07-16,2026-07-17,2026-07-20,2026-07-21,2026-07-22,2026-07-23,2026-07-24,2026-07-27,2026-07-28,2026-07-29,2026-07-30,2026-07-31,2026-08-03,2026-08-04,2026-08-05,2026-08-06,2026-08-07,2026-08-10,2026-08-11,2026-08-12,2026-08-13,2026-08-14,2026-08-17,2026-08-18,2026-08-19,2026-08-20,2026-08-21,2026-08-24,2026-08-25,2026-08-26,2026-08-27,2026-08-28,2026-08-31,2026-09-01,2026-09-02,2026-09-03,2026-09-04,2026-09-08,2026-09-09,2026-09-10,2026-09-11,2026-09-14,2026-09-15,2026-09-16,2026-09-17,2026-09-18,2026-09-21,2026-09-22,2026-09-23,2026-09-24,2026-09-25,2026-09-28,2026-09-29,2026-09-30,2026-10-01,2026-10-02,2026-10-05,2026-10-06,2026-10-07,2026-10-08,2026-10-09,2026-10-12,2026-10-13,2026-10-14,2026-10-15,2026-10-16,2026-10-19,2026-10-20,2026-10-21,2026-10-22,2026-10-23,2026-10-26,2026-10-27,2026-10-28,2026-10-29,2026-10-30,2026-11-02,2026-11-03,2026-11-04,2026-11-05,2026-11-06,2026-11-09,2026-11-10,2026-11-11,2026-11-12,2026-11-13,2026-11-16,2026-11-17,2026-11-18,2026-11-19,2026-11-20,2026-11-23,2026-11-24,2026-11-25,2026-11-27,2026-11-30,2026-12-01,2026-12-02,2026-12-03,2026-12-04,2026-12-07,2026-12-08,2026-12-09,2026-12-10,2026-12-11,2026-12-14,2026-12-15,2026-12-16,2026-12-17,2026-12-18,2026-12-21,2026-12-22,2026-12-23,2026-12-24,2026-12-28,2026-12-29,2026-12-30,2026-12-31,2027-01-04,2027-01-05,2027-01-06,2027-01-07,2027-01-08,2027-01-11,2027-01-12,2027-01-13,2027-01-14,2027-01-15,2027-01-19,2027-01-20,2027-01-21,2027-01-22,2027-01-25,2027-01-26,2027-01-27,2027-01-28,2027-01-29,2027-02-01,2027-02-02,2027-02-03,2027-02-04,2027-02-05,2027-02-08,2027-02-09,2027-02-10,2027-02-11,2027-02-12,2027-02-16,2027-02-17,2027-02-18,2027-02-19,2027-02-22,2027-02-23,2027-02-24,2027-02-25,2027-02-26,2027-03-01,2027-03-02,2027-03-03,2027-03-04,2027-03-05,2027-03-08,2027-03-09,2027-03-10,2027-03-11,2027-03-12,2027-03-15,2027-03-16,2027-03-17,2027-03-18,2027-03-19,2027-03-22,2027-03-23,2027-03-24,2027-03-25,2027-03-26,2027-03-29,2027-03-30,2027-03-31,2027-04-01,2027-04-02,2027-04-05,2027-04-06,2027-04-07,2027-04-08,2027-04-09,2027-04-12,2027-04-13,2027-04-14,2027-04-15,2027-04-16,2027-04-19,2027-04-20,2027-04-21,2027-04-22,2027-04-23,2027-04-26,2027-04-27,2027-04-28,2027-04-29,2027-04-30,2027-05-03,2027-05-04,2027-05-05,2027-05-06,2027-05-07,2027-05-10,2027-05-11,2027-05-12,2027-05-13,2027-05-14,2027-05-17,2027-05-18,2027-05-19,2027-05-20,2027-05-21,2027-05-24,2027-05-25,2027-05-26,2027-05-27,2027-05-28,2027-06-01,2027-06-02,2027-06-03,2027-06-04,2027-06-07,2027-06-08,2027-06-09,2027-06-10,2027-06-11,2027-06-14,2027-06-15,2027-06-16,2027-06-17,2027-06-18,2027-06-21,2027-06-22,2027-06-23,2027-06-24,2027-06-25,2027-06-28,2027-06-29,2027-06-30,2027-07-01,2027-07-02,2027-07-06,2027-07-07,2027-07-08,2027-07-09,2027-07-12",,2026-07-13,2026-08-19,,hlgtfs.zip,hartford_gtfs_effective_2026-07-11_updated_2026-08-19.zip,0,To Southbound to New Haven Union Station; GTFS; gtfs_trip_id=34020; gtfs_service_id=2; source_origin=Hartford; source_destination=New Haven Union Station
CTrail,Hartford Line,Hartford Line,CTrail 4405B,To Southbound to Hartford,WNL,Windsor Locks,2,11:15,11:15,2026-07-13,2027-07-12,"2026-07-13,2026-07-14,2026-07-15,2026-07-16,2026-07-17,2026-07-20,2026-07-21,2026-07-22,2026-07-23,2026-07-24,2026-07-27,2026-07-28,2026-07-29,2026-07-30,2026-07-31,2026-08-03,2026-08-04,2026-08-05,2026-08-06,2026-08-07,2026-08-10,2026-08-11,2026-08-12,2026-08-13,2026-08-14,2026-08-17,2026-08-18,2026-08-19,2026-08-20,2026-08-21,2026-08-24,2026-08-25,2026-08-26,2026-08-27,2026-08-28,2026-08-31,2026-09-01,2026-09-02,2026-09-03,2026-09-04,2026-09-08,2026-09-09,2026-09-10,2026-09-11,2026-09-14,2026-09-15,2026-09-16,2026-09-17,2026-09-18,2026-09-21,2026-09-22,2026-09-23,2026-09-24,2026-09-25,2026-09-28,2026-09-29,2026-09-30,2026-10-01,2026-10-02,2026-10-05,2026-10-06,2026-10-07,2026-10-08,2026-10-09,2026-10-12,2026-10-13,2026-10-14,2026-10-15,2026-10-16,2026-10-19,2026-10-20,2026-10-21,2026-10-22,2026-10-23,2026-10-26,2026-10-27,2026-10-28,2026-10-29,2026-10-30,2026-11-02,2026-11-03,2026-11-04,2026-11-05,2026-11-06,2026-11-09,2026-11-10,2026-11-11,2026-11-12,2026-11-13,2026-11-16,2026-11-17,2026-11-18,2026-11-19,2026-11-20,2026-11-23,2026-11-24,2026-11-25,2026-11-27,2026-11-30,2026-12-01,2026-12-02,2026-12-03,2026-12-04,2026-12-07,2026-12-08,2026-12-09,2026-12-10,2026-12-11,2026-12-14,2026-12-15,2026-12-16,2026-12-17,2026-12-18,2026-12-21,2026-12-22,2026-12-23,2026-12-24,2026-12-28,2026-12-29,2026-12-30,2026-12-31,2027-01-04,2027-01-05,2027-01-06,2027-01-07,2027-01-08,2027-01-11,2027-01-12,2027-01-13,2027-01-14,2027-01-15,2027-01-19,2027-01-20,2027-01-21,2027-01-22,2027-01-25,2027-01-26,2027-01-27,2027-01-28,2027-01-29,2027-02-01,2027-02-02,2027-02-03,2027-02-04,2027-02-05,2027-02-08,2027-02-09,2027-02-10,2027-02-11,2027-02-12,2027-02-16,2027-02-17,2027-02-18,2027-02-19,2027-02-22,2027-02-23,2027-02-24,2027-02-25,2027-02-26,2027-03-01,2027-03-02,2027-03-03,2027-03-04,2027-03-05,2027-03-08,2027-03-09,2027-03-10,2027-03-11,2027-03-12,2027-03-15,2027-03-16,2027-03-17,2027-03-18,2027-03-19,2027-03-22,2027-03-23,2027-03-24,2027-03-25,2027-03-26,2027-03-29,2027-03-30,2027-03-31,2027-04-01,2027-04-02,2027-04-05,2027-04-06,2027-04-07,2027-04-08,2027-04-09,2027-04-12,2027-04-13,2027-04-14,2027-04-15,2027-04-16,2027-04-19,2027-04-20,2027-04-21,2027-04-22,2027-04-23,2027-04-26,2027-04-27,2027-04-28,2027-04-29,2027-04-30,2027-05-03,2027-05-04,2027-05-05,2027-05-06,2027-05-07,2027-05-10,2027-05-11,2027-05-12,2027-05-13,2027-05-14,2027-05-17,2027-05-18,2027-05-19,2027-05-20,2027-05-21,2027-05-24,2027-05-25,2027-05-26,2027-05-27,2027-05-28,2027-06-01,2027-06-02,2027-06-03,2027-06-04,2027-06-07,2027-06-08,2027-06-09,2027-06-10,2027-06-11,2027-06-14,2027-06-15,2027-06-16,2027-06-17,2027-06-18,2027-06-21,2027-06-22,2027-06-23,2027-06-24,2027-06-25,2027-06-28,2027-06-29,2027-06-30,2027-07-01,2027-07-02,2027-07-06,2027-07-07,2027-07-08,2027-07-09,2027-07-12",,2026-07-13,2026-08-19,,hlgtfs.zip,hartford_gtfs_effective_2026-07-11_updated_2026-08-19.zip,0,To Southbound to Hartford; GTFS; gtfs_trip_id=9020; gtfs_service_id=2; source_origin=Springfield; source_destination=Hartford
CTrail,Hartford Line,Hartford Line,CTrail 4405,To Southbound to New Haven Union Station,BER,Berlin,2,12:05,12:05,2026-07-13,2027-07-12,"2026-07-13,2026-07-14,2026-07-15,2026-07-16,2026-07-17,2026-07-20,2026-07-21,2026-07-22,2026-07-23,2026-07-24,2026-07-27,2026-07-28,2026-07-29,2026-07-30,2026-07-31,2026-08-03,2026-08-04,2026-08-05,2026-08-06,2026-08-07,2026-08-10,2026-08-11,2026-08-12,2026-08-13,2026-08-14,2026-08-17,2026-08-18,2026-08-19,2026-08-20,2026-08-21,2026-08-24,2026-08-25,2026-08-26,2026-08-27,2026-08-28,2026-08-31,2026-09-01,2026-09-02,2026-09-03,2026-09-04,2026-09-08,2026-09-09,2026-09-10,2026-09-11,2026-09-14,2026-09-15,2026-09-16,2026-09-17,2026-09-18,2026-09-21,2026-09-22,2026-09-23,2026-09-24,2026-09-25,2026-09-28,2026-09-29,2026-09-30,2026-10-01,2026-10-02,2026-10-05,2026-10-06,2026-10-07,2026-10-08,2026-10-09,2026-10-12,2026-10-13,2026-10-14,2026-10-15,2026-10-16,2026-10-19,2026-10-20,2026-10-21,2026-10-22,2026-10-23,2026-10-26,2026-10-27,2026-10-28,2026-10-29,2026-10-30,2026-11-02,2026-11-03,2026-11-04,2026-11-05,2026-11-06,2026-11-09,2026-11-10,2026-11-11,2026-11-12,2026-11-13,2026-11-16,2026-11-17,2026-11-18,2026-11-19,2026-11-20,2026-11-23,2026-11-24,2026-11-25,2026-11-27,2026-11-30,2026-12-01,2026-12-02,2026-12-03,2026-12-04,2026-12-07,2026-12-08,2026-12-09,2026-12-10,2026-12-11,2026-12-14,2026-12-15,2026-12-16,2026-12-17,2026-12-18,2026-12-21,2026-12-22,2026-12-23,2026-12-24,2026-12-28,2026-12-29,2026-12-30,2026-12-31,2027-01-04,2027-01-05,2027-01-06,2027-01-07,2027-01-08,2027-01-11,2027-01-12,2027-01-13,2027-01-14,2027-01-15,2027-01-19,2027-01-20,2027-01-21,2027-01-22,2027-01-25,2027-01-26,2027-01-27,2027-01-28,2027-01-29,2027-02-01,2027-02-02,2027-02-03,2027-02-04,2027-02-05,2027-02-08,2027-02-09,2027-02-10,2027-02-11,2027-02-12,2027-02-16,2027-02-17,2027-02-18,2027-02-19,2027-02-22,2027-02-23,2027-02-24,2027-02-25,2027-02-26,2027-03-01,2027-03-02,2027-03-03,2027-03-04,2027-03-05,2027-03-08,2027-03-09,2027-03-10,2027-03-11,2027-03-12,2027-03-15,2027-03-16,2027-03-17,2027-03-18,2027-03-19,2027-03-22,2027-03-23,2027-03-24,2027-03-25,2027-03-26,2027-03-29,2027-03-30,2027-03-31,2027-04-01,2027-04-02,2027-04-05,2027-04-06,2027-04-07,2027-04-08,2027-04-09,2027-04-12,2027-04-13,2027-04-14,2027-04-15,2027-04-16,2027-04-19,2027-04-20,2027-04-21,2027-04-22,2027-04-23,2027-04-26,2027-04-27,2027-04-28,2027-04-29,2027-04-30,2027-05-03,2027-05-04,2027-05-05,2027-05-06,2027-05-07,2027-05-10,2027-05-11,2027-05-12,2027-05-13,2027-05-14,2027-05-17,2027-05-18,2027-05-19,2027-05-20,2027-05-21,2027-05-24,2027-05-25,2027-05-26,2027-05-27,2027-05-28,2027-06-01,2027-06-02,2027-06-03,2027-06-04,2027-06-07,2027-06-08,2027-06-09,2027-06-10,2027-06-11,2027-06-14,2027-06-15,2027-06-16,2027-06-17,2027-06-18,2027-06-21,2027-06-22,2027-06-23,2027-06-24,2027-06-25,2027-06-28,2027-06-29,2027-06-30,2027-07-01,2027-07-02,2027-07-06,2027-07-07,2027-07-08,2027-07-09,2027-07-12",,2026-07-13,2026-08-19,,hlgtfs.zip,hartford_gtfs_effective_2026-07-11_updated_2026-08-19.zip,0,To Southbound to New Haven Union Station; GTFS; gtfs_trip_id=34020; gtfs_service_id=2; source_origin=Hartford; source_destination=New Haven Union Station
CTrail,Hartford Line,Hartford Line,CTrail 4405B,To Southbound to Hartford,WND,Windsor,3,11:25,11:25,2026-07-13,2027-07-12,"2026-07-13,2026-07-14,2026-07-15,2026-07-16,2026-07-17,2026-07-20,2026-07-21,2026-07-22,2026-07-23,2026-07-24,2026-07-27,2026-07-28,2026-07-29,2026-07-30,2026-07-31,2026-08-03,2026-08-04,2026-08-05,2026-08-06,2026-08-07,2026-08-10,2026-08-11,2026-08-12,2026-08-13,2026-08-14,2026-08-17,2026-08-18,2026-08-19,2026-08-20,2026-08-21,2026-08-24,2026-08-25,2026-08-26,2026-08-27,2026-08-28,2026-08-31,2026-09-01,2026-09-02,2026-09-03,2026-09-04,2026-09-08,2026-09-09,2026-09-10,2026-09-11,2026-09-14,2026-09-15,2026-09-16,2026-09-17,2026-09-18,2026-09-21,2026-09-22,2026-09-23,2026-09-24,2026-09-25,2026-09-28,2026-09-29,2026-09-30,2026-10-01,2026-10-02,2026-10-05,2026-10-06,2026-10-07,2026-10-08,2026-10-09,2026-10-12,2026-10-13,2026-10-14,2026-10-15,2026-10-16,2026-10-19,2026-10-20,2026-10-21,2026-10-22,2026-10-23,2026-10-26,2026-10-27,2026-10-28,2026-10-29,2026-10-30,2026-11-02,2026-11-03,2026-11-04,2026-11-05,2026-11-06,2026-11-09,2026-11-10,2026-11-11,2026-11-12,2026-11-13,2026-11-16,2026-11-17,2026-11-18,2026-11-19,2026-11-20,2026-11-23,2026-11-24,2026-11-25,2026-11-27,2026-11-30,2026-12-01,2026-12-02,2026-12-03,2026-12-04,2026-12-07,2026-12-08,2026-12-09,2026-12-10,2026-12-11,2026-12-14,2026-12-15,2026-12-16,2026-12-17,2026-12-18,2026-12-21,2026-12-22,2026-12-23,2026-12-24,2026-12-28,2026-12-29,2026-12-30,2026-12-31,2027-01-04,2027-01-05,2027-01-06,2027-01-07,2027-01-08,2027-01-11,2027-01-12,2027-01-13,2027-01-14,2027-01-15,2027-01-19,2027-01-20,2027-01-21,2027-01-22,2027-01-25,2027-01-26,2027-01-27,2027-01-28,2027-01-29,2027-02-01,2027-02-02,2027-02-03,2027-02-04,2027-02-05,2027-02-08,2027-02-09,2027-02-10,2027-02-11,2027-02-12,2027-02-16,2027-02-17,2027-02-18,2027-02-19,2027-02-22,2027-02-23,2027-02-24,2027-02-25,2027-02-26,2027-03-01,2027-03-02,2027-03-03,2027-03-04,2027-03-05,2027-03-08,2027-03-09,2027-03-10,2027-03-11,2027-03-12,2027-03-15,2027-03-16,2027-03-17,2027-03-18,2027-03-19,2027-03-22,2027-03-23,2027-03-24,2027-03-25,2027-03-26,2027-03-29,2027-03-30,2027-03-31,2027-04-01,2027-04-02,2027-04-05,2027-04-06,2027-04-07,2027-04-08,2027-04-09,2027-04-12,2027-04-13,2027-04-14,2027-04-15,2027-04-16,2027-04-19,2027-04-20,2027-04-21,2027-04-22,2027-04-23,2027-04-26,2027-04-27,2027-04-28,2027-04-29,2027-04-30,2027-05-03,2027-05-04,2027-05-05,2027-05-06,2027-05-07,2027-05-10,2027-05-11,2027-05-12,2027-05-13,2027-05-14,2027-05-17,2027-05-18,2027-05-19,2027-05-20,2027-05-21,2027-05-24,2027-05-25,2027-05-26,2027-05-27,2027-05-28,2027-06-01,2027-06-02,2027-06-03,2027-06-04,2027-06-07,2027-06-08,2027-06-09,2027-06-10,2027-06-11,2027-06-14,2027-06-15,2027-06-16,2027-06-17,2027-06-18,2027-06-21,2027-06-22,2027-06-23,2027-06-24,2027-06-25,2027-06-28,2027-06-29,2027-06-30,2027-07-01,2027-07-02,2027-07-06,2027-07-07,2027-07-08,2027-07-09,2027-07-12",,2026-07-13,2026-08-19,,hlgtfs.zip,hartford_gtfs_effective_2026-07-11_updated_2026-08-19.zip,0,To Southbound to Hartford; GTFS; gtfs_trip_id=9020; gtfs_service_id=2; source_origin=Springfield; source_destination=Hartford
CTrail,Hartford Line,Hartford Line,CTrail 4405,To Southbound to New Haven Union Station,MDN,Meriden,3,12:14,12:14,2026-07-13,2027-07-12,"2026-07-13,2026-07-14,2026-07-15,2026-07-16,2026-07-17,2026-07-20,2026-07-21,2026-07-22,2026-07-23,2026-07-24,2026-07-27,2026-07-28,2026-07-29,2026-07-30,2026-07-31,2026-08-03,2026-08-04,2026-08-05,2026-08-06,2026-08-07,2026-08-10,2026-08-11,2026-08-12,2026-08-13,2026-08-14,2026-08-17,2026-08-18,2026-08-19,2026-08-20,2026-08-21,2026-08-24,2026-08-25,2026-08-26,2026-08-27,2026-08-28,2026-08-31,2026-09-01,2026-09-02,2026-09-03,2026-09-04,2026-09-08,2026-09-09,2026-09-10,2026-09-11,2026-09-14,2026-09-15,2026-09-16,2026-09-17,2026-09-18,2026-09-21,2026-09-22,2026-09-23,2026-09-24,2026-09-25,2026-09-28,2026-09-29,2026-09-30,2026-10-01,2026-10-02,2026-10-05,2026-10-06,2026-10-07,2026-10-08,2026-10-09,2026-10-12,2026-10-13,2026-10-14,2026-10-15,2026-10-16,2026-10-19,2026-10-20,2026-10-21,2026-10-22,2026-10-23,2026-10-26,2026-10-27,2026-10-28,2026-10-29,2026-10-30,2026-11-02,2026-11-03,2026-11-04,2026-11-05,2026-11-06,2026-11-09,2026-11-10,2026-11-11,2026-11-12,2026-11-13,2026-11-16,2026-11-17,2026-11-18,2026-11-19,2026-11-20,2026-11-23,2026-11-24,2026-11-25,2026-11-27,2026-11-30,2026-12-01,2026-12-02,2026-12-03,2026-12-04,2026-12-07,2026-12-08,2026-12-09,2026-12-10,2026-12-11,2026-12-14,2026-12-15,2026-12-16,2026-12-17,2026-12-18,2026-12-21,2026-12-22,2026-12-23,2026-12-24,2026-12-28,2026-12-29,2026-12-30,2026-12-31,2027-01-04,2027-01-05,2027-01-06,2027-01-07,2027-01-08,2027-01-11,2027-01-12,2027-01-13,2027-01-14,2027-01-15,2027-01-19,2027-01-20,2027-01-21,2027-01-22,2027-01-25,2027-01-26,2027-01-27,2027-01-28,2027-01-29,2027-02-01,2027-02-02,2027-02-03,2027-02-04,2027-02-05,2027-02-08,2027-02-09,2027-02-10,2027-02-11,2027-02-12,2027-02-16,2027-02-17,2027-02-18,2027-02-19,2027-02-22,2027-02-23,2027-02-24,2027-02-25,2027-02-26,2027-03-01,2027-03-02,2027-03-03,2027-03-04,2027-03-05,2027-03-08,2027-03-09,2027-03-10,2027-03-11,2027-03-12,2027-03-15,2027-03-16,2027-03-17,2027-03-18,2027-03-19,2027-03-22,2027-03-23,2027-03-24,2027-03-25,2027-03-26,2027-03-29,2027-03-30,2027-03-31,2027-04-01,2027-04-02,2027-04-05,2027-04-06,2027-04-07,2027-04-08,2027-04-09,2027-04-12,2027-04-13,2027-04-14,2027-04-15,2027-04-16,2027-04-19,2027-04-20,2027-04-21,2027-04-22,2027-04-23,2027-04-26,2027-04-27,2027-04-28,2027-04-29,2027-04-30,2027-05-03,2027-05-04,2027-05-05,2027-05-06,2027-05-07,2027-05-10,2027-05-11,2027-05-12,2027-05-13,2027-05-14,2027-05-17,2027-05-18,2027-05-19,2027-05-20,2027-05-21,2027-05-24,2027-05-25,2027-05-26,2027-05-27,2027-05-28,2027-06-01,2027-06-02,2027-06-03,2027-06-04,2027-06-07,2027-06-08,2027-06-09,2027-06-10,2027-06-11,2027-06-14,2027-06-15,2027-06-16,2027-06-17,2027-06-18,2027-06-21,2027-06-22,2027-06-23,2027-06-24,2027-06-25,2027-06-28,2027-06-29,2027-06-30,2027-07-01,2027-07-02,2027-07-06,2027-07-07,2027-07-08,2027-07-09,2027-07-12",,2026-07-13,2026-08-19,,hlgtfs.zip,hartford_gtfs_effective_2026-07-11_updated_2026-08-19.zip,0,To Southbound to New Haven Union Station; GTFS; gtfs_trip_id=34020; gtfs_service_id=2; source_origin=Hartford; source_destination=New Haven Union Station
CTrail,Hartford Line,Hartford Line,CTrail 4405B,To Southbound to Hartford,HFD,Hartford,4,11:40,11:40,2026-07-13,2027-07-12,"2026-07-13,2026-07-14,2026-07-15,2026-07-16,2026-07-17,2026-07-20,2026-07-21,2026-07-22,2026-07-23,2026-07-24,2026-07-27,2026-07-28,2026-07-29,2026-07-30,2026-07-31,2026-08-03,2026-08-04,2026-08-05,2026-08-06,2026-08-07,2026-08-10,2026-08-11,2026-08-12,2026-08-13,2026-08-14,2026-08-17,2026-08-18,2026-08-19,2026-08-20,2026-08-21,2026-08-24,2026-08-25,2026-08-26,2026-08-27,2026-08-28,2026-08-31,2026-09-01,2026-09-02,2026-09-03,2026-09-04,2026-09-08,2026-09-09,2026-09-10,2026-09-11,2026-09-14,2026-09-15,2026-09-16,2026-09-17,2026-09-18,2026-09-21,2026-09-22,2026-09-23,2026-09-24,2026-09-25,2026-09-28,2026-09-29,2026-09-30,2026-10-01,2026-10-02,2026-10-05,2026-10-06,2026-10-07,2026-10-08,2026-10-09,2026-10-12,2026-10-13,2026-10-14,2026-10-15,2026-10-16,2026-10-19,2026-10-20,2026-10-21,2026-10-22,2026-10-23,2026-10-26,2026-10-27,2026-10-28,2026-10-29,2026-10-30,2026-11-02,2026-11-03,2026-11-04,2026-11-05,2026-11-06,2026-11-09,2026-11-10,2026-11-11,2026-11-12,2026-11-13,2026-11-16,2026-11-17,2026-11-18,2026-11-19,2026-11-20,2026-11-23,2026-11-24,2026-11-25,2026-11-27,2026-11-30,2026-12-01,2026-12-02,2026-12-03,2026-12-04,2026-12-07,2026-12-08,2026-12-09,2026-12-10,2026-12-11,2026-12-14,2026-12-15,2026-12-16,2026-12-17,2026-12-18,2026-12-21,2026-12-22,2026-12-23,2026-12-24,2026-12-28,2026-12-29,2026-12-30,2026-12-31,2027-01-04,2027-01-05,2027-01-06,2027-01-07,2027-01-08,2027-01-11,2027-01-12,2027-01-13,2027-01-14,2027-01-15,2027-01-19,2027-01-20,2027-01-21,2027-01-22,2027-01-25,2027-01-26,2027-01-27,2027-01-28,2027-01-29,2027-02-01,2027-02-02,2027-02-03,2027-02-04,2027-02-05,2027-02-08,2027-02-09,2027-02-10,2027-02-11,2027-02-12,2027-02-16,2027-02-17,2027-02-18,2027-02-19,2027-02-22,2027-02-23,2027-02-24,2027-02-25,2027-02-26,2027-03-01,2027-03-02,2027-03-03,2027-03-04,2027-03-05,2027-03-08,2027-03-09,2027-03-10,2027-03-11,2027-03-12,2027-03-15,2027-03-16,2027-03-17,2027-03-18,2027-03-19,2027-03-22,2027-03-23,2027-03-24,2027-03-25,2027-03-26,2027-03-29,2027-03-30,2027-03-31,2027-04-01,2027-04-02,2027-04-05,2027-04-06,2027-04-07,2027-04-08,2027-04-09,2027-04-12,2027-04-13,2027-04-14,2027-04-15,2027-04-16,2027-04-19,2027-04-20,2027-04-21,2027-04-22,2027-04-23,2027-04-26,2027-04-27,2027-04-28,2027-04-29,2027-04-30,2027-05-03,2027-05-04,2027-05-05,2027-05-06,2027-05-07,2027-05-10,2027-05-11,2027-05-12,2027-05-13,2027-05-14,2027-05-17,2027-05-18,2027-05-19,2027-05-20,2027-05-21,2027-05-24,2027-05-25,2027-05-26,2027-05-27,2027-05-28,2027-06-01,2027-06-02,2027-06-03,2027-06-04,2027-06-07,2027-06-08,2027-06-09,2027-06-10,2027-06-11,2027-06-14,2027-06-15,2027-06-16,2027-06-17,2027-06-18,2027-06-21,2027-06-22,2027-06-23,2027-06-24,2027-06-25,2027-06-28,2027-06-29,2027-06-30,2027-07-01,2027-07-02,2027-07-06,2027-07-07,2027-07-08,2027-07-09,2027-07-12",,2026-07-13,2026-08-19,,hlgtfs.zip,hartford_gtfs_effective_2026-07-11_updated_2026-08-19.zip,0,To Southbound to Hartford; GTFS; gtfs_trip_id=9020; gtfs_service_id=2; source_origin=Springfield; source_destination=Hartford
CTrail,Hartford Line,Hartford Line,CTrail 4405,To Southbound to New Haven Union Station,WFD,Wallingford,4,12:23,12:23,2026-07-13,2027-07-12,"2026-07-13,2026-07-14,2026-07-15,2026-07-16,2026-07-17,2026-07-20,2026-07-21,2026-07-22,2026-07-23,2026-07-24,2026-07-27,2026-07-28,2026-07-29,2026-07-30,2026-07-31,2026-08-03,2026-08-04,2026-08-05,2026-08-06,2026-08-07,2026-08-10,2026-08-11,2026-08-12,2026-08-13,2026-08-14,2026-08-17,2026-08-18,2026-08-19,2026-08-20,2026-08-21,2026-08-24,2026-08-25,2026-08-26,2026-08-27,2026-08-28,2026-08-31,2026-09-01,2026-09-02,2026-09-03,2026-09-04,2026-09-08,2026-09-09,2026-09-10,2026-09-11,2026-09-14,2026-09-15,2026-09-16,2026-09-17,2026-09-18,2026-09-21,2026-09-22,2026-09-23,2026-09-24,2026-09-25,2026-09-28,2026-09-29,2026-09-30,2026-10-01,2026-10-02,2026-10-05,2026-10-06,2026-10-07,2026-10-08,2026-10-09,2026-10-12,2026-10-13,2026-10-14,2026-10-15,2026-10-16,2026-10-19,2026-10-20,2026-10-21,2026-10-22,2026-10-23,2026-10-26,2026-10-27,2026-10-28,2026-10-29,2026-10-30,2026-11-02,2026-11-03,2026-11-04,2026-11-05,2026-11-06,2026-11-09,2026-11-10,2026-11-11,2026-11-12,2026-11-13,2026-11-16,2026-11-17,2026-11-18,2026-11-19,2026-11-20,2026-11-23,2026-11-24,2026-11-25,2026-11-27,2026-11-30,2026-12-01,2026-12-02,2026-12-03,2026-12-04,2026-12-07,2026-12-08,2026-12-09,2026-12-10,2026-12-11,2026-12-14,2026-12-15,2026-12-16,2026-12-17,2026-12-18,2026-12-21,2026-12-22,2026-12-23,2026-12-24,2026-12-28,2026-12-29,2026-12-30,2026-12-31,2027-01-04,2027-01-05,2027-01-06,2027-01-07,2027-01-08,2027-01-11,2027-01-12,2027-01-13,2027-01-14,2027-01-15,2027-01-19,2027-01-20,2027-01-21,2027-01-22,2027-01-25,2027-01-26,2027-01-27,2027-01-28,2027-01-29,2027-02-01,2027-02-02,2027-02-03,2027-02-04,2027-02-05,2027-02-08,2027-02-09,2027-02-10,2027-02-11,2027-02-12,2027-02-16,2027-02-17,2027-02-18,2027-02-19,2027-02-22,2027-02-23,2027-02-24,2027-02-25,2027-02-26,2027-03-01,2027-03-02,2027-03-03,2027-03-04,2027-03-05,2027-03-08,2027-03-09,2027-03-10,2027-03-11,2027-03-12,2027-03-15,2027-03-16,2027-03-17,2027-03-18,2027-03-19,2027-03-22,2027-03-23,2027-03-24,2027-03-25,2027-03-26,2027-03-29,2027-03-30,2027-03-31,2027-04-01,2027-04-02,2027-04-05,2027-04-06,2027-04-07,2027-04-08,2027-04-09,2027-04-12,2027-04-13,2027-04-14,2027-04-15,2027-04-16,2027-04-19,2027-04-20,2027-04-21,2027-04-22,2027-04-23,2027-04-26,2027-04-27,2027-04-28,2027-04-29,2027-04-30,2027-05-03,2027-05-04,2027-05-05,2027-05-06,2027-05-07,2027-05-10,2027-05-11,2027-05-12,2027-05-13,2027-05-14,2027-05-17,2027-05-18,2027-05-19,2027-05-20,2027-05-21,2027-05-24,2027-05-25,2027-05-26,2027-05-27,2027-05-28,2027-06-01,2027-06-02,2027-06-03,2027-06-04,2027-06-07,2027-06-08,2027-06-09,2027-06-10,2027-06-11,2027-06-14,2027-06-15,2027-06-16,2027-06-17,2027-06-18,2027-06-21,2027-06-22,2027-06-23,2027-06-24,2027-06-25,2027-06-28,2027-06-29,2027-06-30,2027-07-01,2027-07-02,2027-07-06,2027-07-07,2027-07-08,2027-07-09,2027-07-12",,2026-07-13,2026-08-19,,hlgtfs.zip,hartford_gtfs_effective_2026-07-11_updated_2026-08-19.zip,0,To Southbound to New Haven Union Station; GTFS; gtfs_trip_id=34020; gtfs_service_id=2; source_origin=Hartford; source_destination=New Haven Union Station
CTrail,Hartford Line,Hartford Line,CTrail 4405,To Southbound to New Haven Union Station,STS,New Haven State Street,5,12:38,12:38,2026-07-13,2027-07-12,"2026-07-13,2026-07-14,2026-07-15,2026-07-16,2026-07-17,2026-07-20,2026-07-21,2026-07-22,2026-07-23,2026-07-24,2026-07-27,2026-07-28,2026-07-29,2026-07-30,2026-07-31,2026-08-03,2026-08-04,2026-08-05,2026-08-06,2026-08-07,2026-08-10,2026-08-11,2026-08-12,2026-08-13,2026-08-14,2026-08-17,2026-08-18,2026-08-19,2026-08-20,2026-08-21,2026-08-24,2026-08-25,2026-08-26,2026-08-27,2026-08-28,2026-08-31,2026-09-01,2026-09-02,2026-09-03,2026-09-04,2026-09-08,2026-09-09,2026-09-10,2026-09-11,2026-09-14,2026-09-15,2026-09-16,2026-09-17,2026-09-18,2026-09-21,2026-09-22,2026-09-23,2026-09-24,2026-09-25,2026-09-28,2026-09-29,2026-09-30,2026-10-01,2026-10-02,2026-10-05,2026-10-06,2026-10-07,2026-10-08,2026-10-09,2026-10-12,2026-10-13,2026-10-14,2026-10-15,2026-10-16,2026-10-19,2026-10-20,2026-10-21,2026-10-22,2026-10-23,2026-10-26,2026-10-27,2026-10-28,2026-10-29,2026-10-30,2026-11-02,2026-11-03,2026-11-04,2026-11-05,2026-11-06,2026-11-09,2026-11-10,2026-11-11,2026-11-12,2026-11-13,2026-11-16,2026-11-17,2026-11-18,2026-11-19,2026-11-20,2026-11-23,2026-11-24,2026-11-25,2026-11-27,2026-11-30,2026-12-01,2026-12-02,2026-12-03,2026-12-04,2026-12-07,2026-12-08,2026-12-09,2026-12-10,2026-12-11,2026-12-14,2026-12-15,2026-12-16,2026-12-17,2026-12-18,2026-12-21,2026-12-22,2026-12-23,2026-12-24,2026-12-28,2026-12-29,2026-12-30,2026-12-31,2027-01-04,2027-01-05,2027-01-06,2027-01-07,2027-01-08,2027-01-11,2027-01-12,2027-01-13,2027-01-14,2027-01-15,2027-01-19,2027-01-20,2027-01-21,2027-01-22,2027-01-25,2027-01-26,2027-01-27,2027-01-28,2027-01-29,2027-02-01,2027-02-02,2027-02-03,2027-02-04,2027-02-05,2027-02-08,2027-02-09,2027-02-10,2027-02-11,2027-02-12,2027-02-16,2027-02-17,2027-02-18,2027-02-19,2027-02-22,2027-02-23,2027-02-24,2027-02-25,2027-02-26,2027-03-01,2027-03-02,2027-03-03,2027-03-04,2027-03-05,2027-03-08,2027-03-09,2027-03-10,2027-03-11,2027-03-12,2027-03-15,2027-03-16,2027-03-17,2027-03-18,2027-03-19,2027-03-22,2027-03-23,2027-03-24,2027-03-25,2027-03-26,2027-03-29,2027-03-30,2027-03-31,2027-04-01,2027-04-02,2027-04-05,2027-04-06,2027-04-07,2027-04-08,2027-04-09,2027-04-12,2027-04-13,2027-04-14,2027-04-15,2027-04-16,2027-04-19,2027-04-20,2027-04-21,2027-04-22,2027-04-23,2027-04-26,2027-04-27,2027-04-28,2027-04-29,2027-04-30,2027-05-03,2027-05-04,2027-05-05,2027-05-06,2027-05-07,2027-05-10,2027-05-11,2027-05-12,2027-05-13,2027-05-14,2027-05-17,2027-05-18,2027-05-19,2027-05-20,2027-05-21,2027-05-24,2027-05-25,2027-05-26,2027-05-27,2027-05-28,2027-06-01,2027-06-02,2027-06-03,2027-06-04,2027-06-07,2027-06-08,2027-06-09,2027-06-10,2027-06-11,2027-06-14,2027-06-15,2027-06-16,2027-06-17,2027-06-18,2027-06-21,2027-06-22,2027-06-23,2027-06-24,2027-06-25,2027-06-28,2027-06-29,2027-06-30,2027-07-01,2027-07-02,2027-07-06,2027-07-07,2027-07-08,2027-07-09,2027-07-12",,2026-07-13,2026-08-19,,hlgtfs.zip,hartford_gtfs_effective_2026-07-11_updated_2026-08-19.zip,0,To Southbound to New Haven Union Station; GTFS; gtfs_trip_id=34020; gtfs_service_id=2; source_origin=Hartford; source_destination=New Haven Union Station
CTrail,Hartford Line,Hartford Line,CTrail 4405,To Southbound to New Haven Union Station,NHV,New Haven Union Station,6,12:46,12:46,2026-07-13,2027-07-12,"2026-07-13,2026-07-14,2026-07-15,2026-07-16,2026-07-17,2026-07-20,2026-07-21,2026-07-22,2026-07-23,2026-07-24,2026-07-27,2026-07-28,2026-07-29,2026-07-30,2026-07-31,2026-08-03,2026-08-04,2026-08-05,2026-08-06,2026-08-07,2026-08-10,2026-08-11,2026-08-12,2026-08-13,2026-08-14,2026-08-17,2026-08-18,2026-08-19,2026-08-20,2026-08-21,2026-08-24,2026-08-25,2026-08-26,2026-08-27,2026-08-28,2026-08-31,2026-09-01,2026-09-02,2026-09-03,2026-09-04,2026-09-08,2026-09-09,2026-09-10,2026-09-11,2026-09-14,2026-09-15,2026-09-16,2026-09-17,2026-09-18,2026-09-21,2026-09-22,2026-09-23,2026-09-24,2026-09-25,2026-09-28,2026-09-29,2026-09-30,2026-10-01,2026-10-02,2026-10-05,2026-10-06,2026-10-07,2026-10-08,2026-10-09,2026-10-12,2026-10-13,2026-10-14,2026-10-15,2026-10-16,2026-10-19,2026-10-20,2026-10-21,2026-10-22,2026-10-23,2026-10-26,2026-10-27,2026-10-28,2026-10-29,2026-10-30,2026-11-02,2026-11-03,2026-11-04,2026-11-05,2026-11-06,2026-11-09,2026-11-10,2026-11-11,2026-11-12,2026-11-13,2026-11-16,2026-11-17,2026-11-18,2026-11-19,2026-11-20,2026-11-23,2026-11-24,2026-11-25,2026-11-27,2026-11-30,2026-12-01,2026-12-02,2026-12-03,2026-12-04,2026-12-07,2026-12-08,2026-12-09,2026-12-10,2026-12-11,2026-12-14,2026-12-15,2026-12-16,2026-12-17,2026-12-18,2026-12-21,2026-12-22,2026-12-23,2026-12-24,2026-12-28,2026-12-29,2026-12-30,2026-12-31,2027-01-04,2027-01-05,2027-01-06,2027-01-07,2027-01-08,2027-01-11,2027-01-12,2027-01-13,2027-01-14,2027-01-15,2027-01-19,2027-01-20,2027-01-21,2027-01-22,2027-01-25,2027-01-26,2027-01-27,2027-01-28,2027-01-29,2027-02-01,2027-02-02,2027-02-03,2027-02-04,2027-02-05,2027-02-08,2027-02-09,2027-02-10,2027-02-11,2027-02-12,2027-02-16,2027-02-17,2027-02-18,2027-02-19,2027-02-22,2027-02-23,2027-02-24,2027-02-25,2027-02-26,2027-03-01,2027-03-02,2027-03-03,2027-03-04,2027-03-05,2027-03-08,2027-03-09,2027-03-10,2027-03-11,2027-03-12,2027-03-15,2027-03-16,2027-03-17,2027-03-18,2027-03-19,2027-03-22,2027-03-23,2027-03-24,2027-03-25,2027-03-26,2027-03-29,2027-03-30,2027-03-31,2027-04-01,2027-04-02,2027-04-05,2027-04-06,2027-04-07,2027-04-08,2027-04-09,2027-04-12,2027-04-13,2027-04-14,2027-04-15,2027-04-16,2027-04-19,2027-04-20,2027-04-21,2027-04-22,2027-04-23,2027-04-26,2027-04-27,2027-04-28,2027-04-29,2027-04-30,2027-05-03,2027-05-04,2027-05-05,2027-05-06,2027-05-07,2027-05-10,2027-05-11,2027-05-12,2027-05-13,2027-05-14,2027-05-17,2027-05-18,2027-05-19,2027-05-20,2027-05-21,2027-05-24,2027-05-25,2027-05-26,2027-05-27,2027-05-28,2027-06-01,2027-06-02,2027-06-03,2027-06-04,2027-06-07,2027-06-08,2027-06-09,2027-06-10,2027-06-11,2027-06-14,2027-06-15,2027-06-16,2027-06-17,2027-06-18,2027-06-21,2027-06-22,2027-06-23,2027-06-24,2027-06-25,2027-06-28,2027-06-29,2027-06-30,2027-07-01,2027-07-02,2027-07-06,2027-07-07,2027-07-08,2027-07-09,2027-07-12",,2026-07-13,2026-08-19,,hlgtfs.zip,hartford_gtfs_effective_2026-07-11_updated_2026-08-19.zip,0,To Southbound to New Haven Union Station; GTFS; gtfs_trip_id=34020; gtfs_service_id=2; source_origin=Hartford; source_destination=New Haven Union Station
CTrail,Hartford Line,Hartford Line,CTrail 4406,To Northbound to Hartford,NHV,New Haven Union Station,1,11:35,11:35,2026-07-13,2027-07-12,"2026-07-13,2026-07-14,2026-07-15,2026-07-16,2026-07-17,2026-07-20,2026-07-21,2026-07-22,2026-07-23,2026-07-24,2026-07-27,2026-07-28,2026-07-29,2026-07-30,2026-07-31,2026-08-03,2026-08-04,2026-08-05,2026-08-06,2026-08-07,2026-08-10,2026-08-11,2026-08-12,2026-08-13,2026-08-14,2026-08-17,2026-08-18,2026-08-19,2026-08-20,2026-08-21,2026-08-24,2026-08-25,2026-08-26,2026-08-27,2026-08-28,2026-08-31,2026-09-01,2026-09-02,2026-09-03,2026-09-04,2026-09-08,2026-09-09,2026-09-10,2026-09-11,2026-09-14,2026-09-15,2026-09-16,2026-09-17,2026-09-18,2026-09-21,2026-09-22,2026-09-23,2026-09-24,2026-09-25,2026-09-28,2026-09-29,2026-09-30,2026-10-01,2026-10-02,2026-10-05,2026-10-06,2026-10-07,2026-10-08,2026-10-09,2026-10-12,2026-10-13,2026-10-14,2026-10-15,2026-10-16,2026-10-19,2026-10-20,2026-10-21,2026-10-22,2026-10-23,2026-10-26,2026-10-27,2026-10-28,2026-10-29,2026-10-30,2026-11-02,2026-11-03,2026-11-04,2026-11-05,2026-11-06,2026-11-09,2026-11-10,2026-11-11,2026-11-12,2026-11-13,2026-11-16,2026-11-17,2026-11-18,2026-11-19,2026-11-20,2026-11-23,2026-11-24,2026-11-25,2026-11-27,2026-11-30,2026-12-01,2026-12-02,2026-12-03,2026-12-04,2026-12-07,2026-12-08,2026-12-09,2026-12-10,2026-12-11,2026-12-14,2026-12-15,2026-12-16,2026-12-17,2026-12-18,2026-12-21,2026-12-22,2026-12-23,2026-12-24,2026-12-28,2026-12-29,2026-12-30,2026-12-31,2027-01-04,2027-01-05,2027-01-06,2027-01-07,2027-01-08,2027-01-11,2027-01-12,2027-01-13,2027-01-14,2027-01-15,2027-01-19,2027-01-20,2027-01-21,2027-01-22,2027-01-25,2027-01-26,2027-01-27,2027-01-28,2027-01-29,2027-02-01,2027-02-02,2027-02-03,2027-02-04,2027-02-05,2027-02-08,2027-02-09,2027-02-10,2027-02-11,2027-02-12,2027-02-16,2027-02-17,2027-02-18,2027-02-19,2027-02-22,2027-02-23,2027-02-24,2027-02-25,2027-02-26,2027-03-01,2027-03-02,2027-03-03,2027-03-04,2027-03-05,2027-03-08,2027-03-09,2027-03-10,2027-03-11,2027-03-12,2027-03-15,2027-03-16,2027-03-17,2027-03-18,2027-03-19,2027-03-22,2027-03-23,2027-03-24,2027-03-25,2027-03-26,2027-03-29,2027-03-30,2027-03-31,2027-04-01,2027-04-02,2027-04-05,2027-04-06,2027-04-07,2027-04-08,2027-04-09,2027-04-12,2027-04-13,2027-04-14,2027-04-15,2027-04-16,2027-04-19,2027-04-20,2027-04-21,2027-04-22,2027-04-23,2027-04-26,2027-04-27,2027-04-28,2027-04-29,2027-04-30,2027-05-03,2027-05-04,2027-05-05,2027-05-06,2027-05-07,2027-05-10,2027-05-11,2027-05-12,2027-05-13,2027-05-14,2027-05-17,2027-05-18,2027-05-19,2027-05-20,2027-05-21,2027-05-24,2027-05-25,2027-05-26,2027-05-27,2027-05-28,2027-06-01,2027-06-02,2027-06-03,2027-06-04,2027-06-07,2027-06-08,2027-06-09,2027-06-10,2027-06-11,2027-06-14,2027-06-15,2027-06-16,2027-06-17,2027-06-18,2027-06-21,2027-06-22,2027-06-23,2027-06-24,2027-06-25,2027-06-28,2027-06-29,2027-06-30,2027-07-01,2027-07-02,2027-07-06,2027-07-07,2027-07-08,2027-07-09,2027-07-12",,2026-07-13,2026-08-19,,hlgtfs.zip,hartford_gtfs_effective_2026-07-11_updated_2026-08-19.zip,0,To Northbound to Hartford; GTFS; gtfs_trip_id=21020; gtfs_service_id=2; source_origin=New Haven Union Station; source_destination=Hartford
CTrail,Hartford Line,Hartford Line,CTrail 4406B,To Northbound to Springfield,HFD,Hartford,1,12:35,12:35,2026-07-13,2027-07-12,"2026-07-13,2026-07-14,2026-07-15,2026-07-16,2026-07-17,2026-07-20,2026-07-21,2026-07-22,2026-07-23,2026-07-24,2026-07-27,2026-07-28,2026-07-29,2026-07-30,2026-07-31,2026-08-03,2026-08-04,2026-08-05,2026-08-06,2026-08-07,2026-08-10,2026-08-11,2026-08-12,2026-08-13,2026-08-14,2026-08-17,2026-08-18,2026-08-19,2026-08-20,2026-08-21,2026-08-24,2026-08-25,2026-08-26,2026-08-27,2026-08-28,2026-08-31,2026-09-01,2026-09-02,2026-09-03,2026-09-04,2026-09-08,2026-09-09,2026-09-10,2026-09-11,2026-09-14,2026-09-15,2026-09-16,2026-09-17,2026-09-18,2026-09-21,2026-09-22,2026-09-23,2026-09-24,2026-09-25,2026-09-28,2026-09-29,2026-09-30,2026-10-01,2026-10-02,2026-10-05,2026-10-06,2026-10-07,2026-10-08,2026-10-09,2026-10-12,2026-10-13,2026-10-14,2026-10-15,2026-10-16,2026-10-19,2026-10-20,2026-10-21,2026-10-22,2026-10-23,2026-10-26,2026-10-27,2026-10-28,2026-10-29,2026-10-30,2026-11-02,2026-11-03,2026-11-04,2026-11-05,2026-11-06,2026-11-09,2026-11-10,2026-11-11,2026-11-12,2026-11-13,2026-11-16,2026-11-17,2026-11-18,2026-11-19,2026-11-20,2026-11-23,2026-11-24,2026-11-25,2026-11-27,2026-11-30,2026-12-01,2026-12-02,2026-12-03,2026-12-04,2026-12-07,2026-12-08,2026-12-09,2026-12-10,2026-12-11,2026-12-14,2026-12-15,2026-12-16,2026-12-17,2026-12-18,2026-12-21,2026-12-22,2026-12-23,2026-12-24,2026-12-28,2026-12-29,2026-12-30,2026-12-31,2027-01-04,2027-01-05,2027-01-06,2027-01-07,2027-01-08,2027-01-11,2027-01-12,2027-01-13,2027-01-14,2027-01-15,2027-01-19,2027-01-20,2027-01-21,2027-01-22,2027-01-25,2027-01-26,2027-01-27,2027-01-28,2027-01-29,2027-02-01,2027-02-02,2027-02-03,2027-02-04,2027-02-05,2027-02-08,2027-02-09,2027-02-10,2027-02-11,2027-02-12,2027-02-16,2027-02-17,2027-02-18,2027-02-19,2027-02-22,2027-02-23,2027-02-24,2027-02-25,2027-02-26,2027-03-01,2027-03-02,2027-03-03,2027-03-04,2027-03-05,2027-03-08,2027-03-09,2027-03-10,2027-03-11,2027-03-12,2027-03-15,2027-03-16,2027-03-17,2027-03-18,2027-03-19,2027-03-22,2027-03-23,2027-03-24,2027-03-25,2027-03-26,2027-03-29,2027-03-30,2027-03-31,2027-04-01,2027-04-02,2027-04-05,2027-04-06,2027-04-07,2027-04-08,2027-04-09,2027-04-12,2027-04-13,2027-04-14,2027-04-15,2027-04-16,2027-04-19,2027-04-20,2027-04-21,2027-04-22,2027-04-23,2027-04-26,2027-04-27,2027-04-28,2027-04-29,2027-04-30,2027-05-03,2027-05-04,2027-05-05,2027-05-06,2027-05-07,2027-05-10,2027-05-11,2027-05-12,2027-05-13,2027-05-14,2027-05-17,2027-05-18,2027-05-19,2027-05-20,2027-05-21,2027-05-24,2027-05-25,2027-05-26,2027-05-27,2027-05-28,2027-06-01,2027-06-02,2027-06-03,2027-06-04,2027-06-07,2027-06-08,2027-06-09,2027-06-10,2027-06-11,2027-06-14,2027-06-15,2027-06-16,2027-06-17,2027-06-18,2027-06-21,2027-06-22,2027-06-23,2027-06-24,2027-06-25,2027-06-28,2027-06-29,2027-06-30,2027-07-01,2027-07-02,2027-07-06,2027-07-07,2027-07-08,2027-07-09,2027-07-12",,2026-07-13,2026-08-19,,hlgtfs.zip,hartford_gtfs_effective_2026-07-11_updated_2026-08-19.zip,0,To Northbound to Springfield; GTFS; gtfs_trip_id=35020; gtfs_service_id=2; source_origin=Hartford; source_destination=Springfield
CTrail,Hartford Line,Hartford Line,CTrail 4406,To Northbound to Hartford,STS,New Haven State Street,2,11:38,11:38,2026-07-13,2027-07-12,"2026-07-13,2026-07-14,2026-07-15,2026-07-16,2026-07-17,2026-07-20,2026-07-21,2026-07-22,2026-07-23,2026-07-24,2026-07-27,2026-07-28,2026-07-29,2026-07-30,2026-07-31,2026-08-03,2026-08-04,2026-08-05,2026-08-06,2026-08-07,2026-08-10,2026-08-11,2026-08-12,2026-08-13,2026-08-14,2026-08-17,2026-08-18,2026-08-19,2026-08-20,2026-08-21,2026-08-24,2026-08-25,2026-08-26,2026-08-27,2026-08-28,2026-08-31,2026-09-01,2026-09-02,2026-09-03,2026-09-04,2026-09-08,2026-09-09,2026-09-10,2026-09-11,2026-09-14,2026-09-15,2026-09-16,2026-09-17,2026-09-18,2026-09-21,2026-09-22,2026-09-23,2026-09-24,2026-09-25,2026-09-28,2026-09-29,2026-09-30,2026-10-01,2026-10-02,2026-10-05,2026-10-06,2026-10-07,2026-10-08,2026-10-09,2026-10-12,2026-10-13,2026-10-14,2026-10-15,2026-10-16,2026-10-19,2026-10-20,2026-10-21,2026-10-22,2026-10-23,2026-10-26,2026-10-27,2026-10-28,2026-10-29,2026-10-30,2026-11-02,2026-11-03,2026-11-04,2026-11-05,2026-11-06,2026-11-09,2026-11-10,2026-11-11,2026-11-12,2026-11-13,2026-11-16,2026-11-17,2026-11-18,2026-11-19,2026-11-20,2026-11-23,2026-11-24,2026-11-25,2026-11-27,2026-11-30,2026-12-01,2026-12-02,2026-12-03,2026-12-04,2026-12-07,2026-12-08,2026-12-09,2026-12-10,2026-12-11,2026-12-14,2026-12-15,2026-12-16,2026-12-17,2026-12-18,2026-12-21,2026-12-22,2026-12-23,2026-12-24,2026-12-28,2026-12-29,2026-12-30,2026-12-31,2027-01-04,2027-01-05,2027-01-06,2027-01-07,2027-01-08,2027-01-11,2027-01-12,2027-01-13,2027-01-14,2027-01-15,2027-01-19,2027-01-20,2027-01-21,2027-01-22,2027-01-25,2027-01-26,2027-01-27,2027-01-28,2027-01-29,2027-02-01,2027-02-02,2027-02-03,2027-02-04,2027-02-05,2027-02-08,2027-02-09,2027-02-10,2027-02-11,2027-02-12,2027-02-16,2027-02-17,2027-02-18,2027-02-19,2027-02-22,2027-02-23,2027-02-24,2027-02-25,2027-02-26,2027-03-01,2027-03-02,2027-03-03,2027-03-04,2027-03-05,2027-03-08,2027-03-09,2027-03-10,2027-03-11,2027-03-12,2027-03-15,2027-03-16,2027-03-17,2027-03-18,2027-03-19,2027-03-22,2027-03-23,2027-03-24,2027-03-25,2027-03-26,2027-03-29,2027-03-30,2027-03-31,2027-04-01,2027-04-02,2027-04-05,2027-04-06,2027-04-07,2027-04-08,2027-04-09,2027-04-12,2027-04-13,2027-04-14,2027-04-15,2027-04-16,2027-04-19,2027-04-20,2027-04-21,2027-04-22,2027-04-23,2027-04-26,2027-04-27,2027-04-28,2027-04-29,2027-04-30,2027-05-03,2027-05-04,2027-05-05,2027-05-06,2027-05-07,2027-05-10,2027-05-11,2027-05-12,2027-05-13,2027-05-14,2027-05-17,2027-05-18,2027-05-19,2027-05-20,2027-05-21,2027-05-24,2027-05-25,2027-05-26,2027-05-27,2027-05-28,2027-06-01,2027-06-02,2027-06-03,2027-06-04,2027-06-07,2027-06-08,2027-06-09,2027-06-10,2027-06-11,2027-06-14,2027-06-15,2027-06-16,2027-06-17,2027-06-18,2027-06-21,2027-06-22,2027-06-23,2027-06-24,2027-06-25,2027-06-28,2027-06-29,2027-06-30,2027-07-01,2027-07-02,2027-07-06,2027-07-07,2027-07-08,2027-07-09,2027-07-12",,2026-07-13,2026-08-19,,hlgtfs.zip,hartford_gtfs_effective_2026-07-11_updated_2026-08-19.zip,0,To Northbound to Hartford; GTFS; gtfs_trip_id=21020; gtfs_service_id=2; source_origin=New Haven Union Station; source_destination=Hartford
CTrail,Hartford Line,Hartford Line,CTrail 4406B,To Northbound to Springfield,WND,Windsor,2,12:50,12:50,2026-07-13,2027-07-12,"2026-07-13,2026-07-14,2026-07-15,2026-07-16,2026-07-17,2026-07-20,2026-07-21,2026-07-22,2026-07-23,2026-07-24,2026-07-27,2026-07-28,2026-07-29,2026-07-30,2026-07-31,2026-08-03,2026-08-04,2026-08-05,2026-08-06,2026-08-07,2026-08-10,2026-08-11,2026-08-12,2026-08-13,2026-08-14,2026-08-17,2026-08-18,2026-08-19,2026-08-20,2026-08-21,2026-08-24,2026-08-25,2026-08-26,2026-08-27,2026-08-28,2026-08-31,2026-09-01,2026-09-02,2026-09-03,2026-09-04,2026-09-08,2026-09-09,2026-09-10,2026-09-11,2026-09-14,2026-09-15,2026-09-16,2026-09-17,2026-09-18,2026-09-21,2026-09-22,2026-09-23,2026-09-24,2026-09-25,2026-09-28,2026-09-29,2026-09-30,2026-10-01,2026-10-02,2026-10-05,2026-10-06,2026-10-07,2026-10-08,2026-10-09,2026-10-12,2026-10-13,2026-10-14,2026-10-15,2026-10-16,2026-10-19,2026-10-20,2026-10-21,2026-10-22,2026-10-23,2026-10-26,2026-10-27,2026-10-28,2026-10-29,2026-10-30,2026-11-02,2026-11-03,2026-11-04,2026-11-05,2026-11-06,2026-11-09,2026-11-10,2026-11-11,2026-11-12,2026-11-13,2026-11-16,2026-11-17,2026-11-18,2026-11-19,2026-11-20,2026-11-23,2026-11-24,2026-11-25,2026-11-27,2026-11-30,2026-12-01,2026-12-02,2026-12-03,2026-12-04,2026-12-07,2026-12-08,2026-12-09,2026-12-10,2026-12-11,2026-12-14,2026-12-15,2026-12-16,2026-12-17,2026-12-18,2026-12-21,2026-12-22,2026-12-23,2026-12-24,2026-12-28,2026-12-29,2026-12-30,2026-12-31,2027-01-04,2027-01-05,2027-01-06,2027-01-07,2027-01-08,2027-01-11,2027-01-12,2027-01-13,2027-01-14,2027-01-15,2027-01-19,2027-01-20,2027-01-21,2027-01-22,2027-01-25,2027-01-26,2027-01-27,2027-01-28,2027-01-29,2027-02-01,2027-02-02,2027-02-03,2027-02-04,2027-02-05,2027-02-08,2027-02-09,2027-02-10,2027-02-11,2027-02-12,2027-02-16,2027-02-17,2027-02-18,2027-02-19,2027-02-22,2027-02-23,2027-02-24,2027-02-25,2027-02-26,2027-03-01,2027-03-02,2027-03-03,2027-03-04,2027-03-05,2027-03-08,2027-03-09,2027-03-10,2027-03-11,2027-03-12,2027-03-15,2027-03-16,2027-03-17,2027-03-18,2027-03-19,2027-03-22,2027-03-23,2027-03-24,2027-03-25,2027-03-26,2027-03-29,2027-03-30,2027-03-31,2027-04-01,2027-04-02,2027-04-05,2027-04-06,2027-04-07,2027-04-08,2027-04-09,2027-04-12,2027-04-13,2027-04-14,2027-04-15,2027-04-16,2027-04-19,2027-04-20,2027-04-21,2027-04-22,2027-04-23,2027-04-26,2027-04-27,2027-04-28,2027-04-29,2027-04-30,2027-05-03,2027-05-04,2027-05-05,2027-05-06,2027-05-07,2027-05-10,2027-05-11,2027-05-12,2027-05-13,2027-05-14,2027-05-17,2027-05-18,2027-05-19,2027-05-20,2027-05-21,2027-05-24,2027-05-25,2027-05-26,2027-05-27,2027-05-28,2027-06-01,2027-06-02,2027-06-03,2027-06-04,2027-06-07,2027-06-08,2027-06-09,2027-06-10,2027-06-11,2027-06-14,2027-06-15,2027-06-16,2027-06-17,2027-06-18,2027-06-21,2027-06-22,2027-06-23,2027-06-24,2027-06-25,2027-06-28,2027-06-29,2027-06-30,2027-07-01,2027-07-02,2027-07-06,2027-07-07,2027-07-08,2027-07-09,2027-07-12",,2026-07-13,2026-08-19,,hlgtfs.zip,hartford_gtfs_effective_2026-07-11_updated_2026-08-19.zip,0,To Northbound to Springfield; GTFS; gtfs_trip_id=35020; gtfs_service_id=2; source_origin=Hartford; source_destination=Springfield
CTrail,Hartford Line,Hartford Line,CTrail 4406,To Northbound to Hartford,WFD,Wallingford,3,11:54,11:54,2026-07-13,2027-07-12,"2026-07-13,2026-07-14,2026-07-15,2026-07-16,2026-07-17,2026-07-20,2026-07-21,2026-07-22,2026-07-23,2026-07-24,2026-07-27,2026-07-28,2026-07-29,2026-07-30,2026-07-31,2026-08-03,2026-08-04,2026-08-05,2026-08-06,2026-08-07,2026-08-10,2026-08-11,2026-08-12,2026-08-13,2026-08-14,2026-08-17,2026-08-18,2026-08-19,2026-08-20,2026-08-21,2026-08-24,2026-08-25,2026-08-26,2026-08-27,2026-08-28,2026-08-31,2026-09-01,2026-09-02,2026-09-03,2026-09-04,2026-09-08,2026-09-09,2026-09-10,2026-09-11,2026-09-14,2026-09-15,2026-09-16,2026-09-17,2026-09-18,2026-09-21,2026-09-22,2026-09-23,2026-09-24,2026-09-25,2026-09-28,2026-09-29,2026-09-30,2026-10-01,2026-10-02,2026-10-05,2026-10-06,2026-10-07,2026-10-08,2026-10-09,2026-10-12,2026-10-13,2026-10-14,2026-10-15,2026-10-16,2026-10-19,2026-10-20,2026-10-21,2026-10-22,2026-10-23,2026-10-26,2026-10-27,2026-10-28,2026-10-29,2026-10-30,2026-11-02,2026-11-03,2026-11-04,2026-11-05,2026-11-06,2026-11-09,2026-11-10,2026-11-11,2026-11-12,2026-11-13,2026-11-16,2026-11-17,2026-11-18,2026-11-19,2026-11-20,2026-11-23,2026-11-24,2026-11-25,2026-11-27,2026-11-30,2026-12-01,2026-12-02,2026-12-03,2026-12-04,2026-12-07,2026-12-08,2026-12-09,2026-12-10,2026-12-11,2026-12-14,2026-12-15,2026-12-16,2026-12-17,2026-12-18,2026-12-21,2026-12-22,2026-12-23,2026-12-24,2026-12-28,2026-12-29,2026-12-30,2026-12-31,2027-01-04,2027-01-05,2027-01-06,2027-01-07,2027-01-08,2027-01-11,2027-01-12,2027-01-13,2027-01-14,2027-01-15,2027-01-19,2027-01-20,2027-01-21,2027-01-22,2027-01-25,2027-01-26,2027-01-27,2027-01-28,2027-01-29,2027-02-01,2027-02-02,2027-02-03,2027-02-04,2027-02-05,2027-02-08,2027-02-09,2027-02-10,2027-02-11,2027-02-12,2027-02-16,2027-02-17,2027-02-18,2027-02-19,2027-02-22,2027-02-23,2027-02-24,2027-02-25,2027-02-26,2027-03-01,2027-03-02,2027-03-03,2027-03-04,2027-03-05,2027-03-08,2027-03-09,2027-03-10,2027-03-11,2027-03-12,2027-03-15,2027-03-16,2027-03-17,2027-03-18,2027-03-19,2027-03-22,2027-03-23,2027-03-24,2027-03-25,2027-03-26,2027-03-29,2027-03-30,2027-03-31,2027-04-01,2027-04-02,2027-04-05,2027-04-06,2027-04-07,2027-04-08,2027-04-09,2027-04-12,2027-04-13,2027-04-14,2027-04-15,2027-04-16,2027-04-19,2027-04-20,2027-04-21,2027-04-22,2027-04-23,2027-04-26,2027-04-27,2027-04-28,2027-04-29,2027-04-30,2027-05-03,2027-05-04,2027-05-05,2027-05-06,2027-05-07,2027-05-10,2027-05-11,2027-05-12,2027-05-13,2027-05-14,2027-05-17,2027-05-18,2027-05-19,2027-05-20,2027-05-21,2027-05-24,2027-05-25,2027-05-26,2027-05-27,2027-05-28,2027-06-01,2027-06-02,2027-06-03,2027-06-04,2027-06-07,2027-06-08,2027-06-09,2027-06-10,2027-06-11,2027-06-14,2027-06-15,2027-06-16,2027-06-17,2027-06-18,2027-06-21,2027-06-22,2027-06-23,2027-06-24,2027-06-25,2027-06-28,2027-06-29,2027-06-30,2027-07-01,2027-07-02,2027-07-06,2027-07-07,2027-07-08,2027-07-09,2027-07-12",,2026-07-13,2026-08-19,,hlgtfs.zip,hartford_gtfs_effective_2026-07-11_updated_2026-08-19.zip,0,To Northbound to Hartford; GTFS; gtfs_trip_id=21020; gtfs_service_id=2; source_origin=New Haven Union Station; source_destination=Hartford
CTrail,Hartford Line,Hartford Line,CTrail 4406B,To Northbound to Springfield,WNL,Windsor Locks,3,13:00,13:00,2026-07-13,2027-07-12,"2026-07-13,2026-07-14,2026-07-15,2026-07-16,2026-07-17,2026-07-20,2026-07-21,2026-07-22,2026-07-23,2026-07-24,2026-07-27,2026-07-28,2026-07-29,2026-07-30,2026-07-31,2026-08-03,2026-08-04,2026-08-05,2026-08-06,2026-08-07,2026-08-10,2026-08-11,2026-08-12,2026-08-13,2026-08-14,2026-08-17,2026-08-18,2026-08-19,2026-08-20,2026-08-21,2026-08-24,2026-08-25,2026-08-26,2026-08-27,2026-08-28,2026-08-31,2026-09-01,2026-09-02,2026-09-03,2026-09-04,2026-09-08,2026-09-09,2026-09-10,2026-09-11,2026-09-14,2026-09-15,2026-09-16,2026-09-17,2026-09-18,2026-09-21,2026-09-22,2026-09-23,2026-09-24,2026-09-25,2026-09-28,2026-09-29,2026-09-30,2026-10-01,2026-10-02,2026-10-05,2026-10-06,2026-10-07,2026-10-08,2026-10-09,2026-10-12,2026-10-13,2026-10-14,2026-10-15,2026-10-16,2026-10-19,2026-10-20,2026-10-21,2026-10-22,2026-10-23,2026-10-26,2026-10-27,2026-10-28,2026-10-29,2026-10-30,2026-11-02,2026-11-03,2026-11-04,2026-11-05,2026-11-06,2026-11-09,2026-11-10,2026-11-11,2026-11-12,2026-11-13,2026-11-16,2026-11-17,2026-11-18,2026-11-19,2026-11-20,2026-11-23,2026-11-24,2026-11-25,2026-11-27,2026-11-30,2026-12-01,2026-12-02,2026-12-03,2026-12-04,2026-12-07,2026-12-08,2026-12-09,2026-12-10,2026-12-11,2026-12-14,2026-12-15,2026-12-16,2026-12-17,2026-12-18,2026-12-21,2026-12-22,2026-12-23,2026-12-24,2026-12-28,2026-12-29,2026-12-30,2026-12-31,2027-01-04,2027-01-05,2027-01-06,2027-01-07,2027-01-08,2027-01-11,2027-01-12,2027-01-13,2027-01-14,2027-01-15,2027-01-19,2027-01-20,2027-01-21,2027-01-22,2027-01-25,2027-01-26,2027-01-27,2027-01-28,2027-01-29,2027-02-01,2027-02-02,2027-02-03,2027-02-04,2027-02-05,2027-02-08,2027-02-09,2027-02-10,2027-02-11,2027-02-12,2027-02-16,2027-02-17,2027-02-18,2027-02-19,2027-02-22,2027-02-23,2027-02-24,2027-02-25,2027-02-26,2027-03-01,2027-03-02,2027-03-03,2027-03-04,2027-03-05,2027-03-08,2027-03-09,2027-03-10,2027-03-11,2027-03-12,2027-03-15,2027-03-16,2027-03-17,2027-03-18,2027-03-19,2027-03-22,2027-03-23,2027-03-24,2027-03-25,2027-03-26,2027-03-29,2027-03-30,2027-03-31,2027-04-01,2027-04-02,2027-04-05,2027-04-06,2027-04-07,2027-04-08,2027-04-09,2027-04-12,2027-04-13,2027-04-14,2027-04-15,2027-04-16,2027-04-19,2027-04-20,2027-04-21,2027-04-22,2027-04-23,2027-04-26,2027-04-27,2027-04-28,2027-04-29,2027-04-30,2027-05-03,2027-05-04,2027-05-05,2027-05-06,2027-05-07,2027-05-10,2027-05-11,2027-05-12,2027-05-13,2027-05-14,2027-05-17,2027-05-18,2027-05-19,2027-05-20,2027-05-21,2027-05-24,2027-05-25,2027-05-26,2027-05-27,2027-05-28,2027-06-01,2027-06-02,2027-06-03,2027-06-04,2027-06-07,2027-06-08,2027-06-09,2027-06-10,2027-06-11,2027-06-14,2027-06-15,2027-06-16,2027-06-17,2027-06-18,2027-06-21,2027-06-22,2027-06-23,2027-06-24,2027-06-25,2027-06-28,2027-06-29,2027-06-30,2027-07-01,2027-07-02,2027-07-06,2027-07-07,2027-07-08,2027-07-09,2027-07-12",,2026-07-13,2026-08-19,,hlgtfs.zip,hartford_gtfs_effective_2026-07-11_updated_2026-08-19.zip,0,To Northbound to Springfield; GTFS; gtfs_trip_id=35020; gtfs_service_id=2; source_origin=Hartford; source_destination=Springfield
CTrail,Hartford Line,Hartford Line,CTrail 4406,To Northbound to Hartford,MDN,Meriden,4,12:04,12:04,2026-07-13,2027-07-12,"2026-07-13,2026-07-14,2026-07-15,2026-07-16,2026-07-17,2026-07-20,2026-07-21,2026-07-22,2026-07-23,2026-07-24,2026-07-27,2026-07-28,2026-07-29,2026-07-30,2026-07-31,2026-08-03,2026-08-04,2026-08-05,2026-08-06,2026-08-07,2026-08-10,2026-08-11,2026-08-12,2026-08-13,2026-08-14,2026-08-17,2026-08-18,2026-08-19,2026-08-20,2026-08-21,2026-08-24,2026-08-25,2026-08-26,2026-08-27,2026-08-28,2026-08-31,2026-09-01,2026-09-02,2026-09-03,2026-09-04,2026-09-08,2026-09-09,2026-09-10,2026-09-11,2026-09-14,2026-09-15,2026-09-16,2026-09-17,2026-09-18,2026-09-21,2026-09-22,2026-09-23,2026-09-24,2026-09-25,2026-09-28,2026-09-29,2026-09-30,2026-10-01,2026-10-02,2026-10-05,2026-10-06,2026-10-07,2026-10-08,2026-10-09,2026-10-12,2026-10-13,2026-10-14,2026-10-15,2026-10-16,2026-10-19,2026-10-20,2026-10-21,2026-10-22,2026-10-23,2026-10-26,2026-10-27,2026-10-28,2026-10-29,2026-10-30,2026-11-02,2026-11-03,2026-11-04,2026-11-05,2026-11-06,2026-11-09,2026-11-10,2026-11-11,2026-11-12,2026-11-13,2026-11-16,2026-11-17,2026-11-18,2026-11-19,2026-11-20,2026-11-23,2026-11-24,2026-11-25,2026-11-27,2026-11-30,2026-12-01,2026-12-02,2026-12-03,2026-12-04,2026-12-07,2026-12-08,2026-12-09,2026-12-10,2026-12-11,2026-12-14,2026-12-15,2026-12-16,2026-12-17,2026-12-18,2026-12-21,2026-12-22,2026-12-23,2026-12-24,2026-12-28,2026-12-29,2026-12-30,2026-12-31,2027-01-04,2027-01-05,2027-01-06,2027-01-07,2027-01-08,2027-01-11,2027-01-12,2027-01-13,2027-01-14,2027-01-15,2027-01-19,2027-01-20,2027-01-21,2027-01-22,2027-01-25,2027-01-26,2027-01-27,2027-01-28,2027-01-29,2027-02-01,2027-02-02,2027-02-03,2027-02-04,2027-02-05,2027-02-08,2027-02-09,2027-02-10,2027-02-11,2027-02-12,2027-02-16,2027-02-17,2027-02-18,2027-02-19,2027-02-22,2027-02-23,2027-02-24,2027-02-25,2027-02-26,2027-03-01,2027-03-02,2027-03-03,2027-03-04,2027-03-05,2027-03-08,2027-03-09,2027-03-10,2027-03-11,2027-03-12,2027-03-15,2027-03-16,2027-03-17,2027-03-18,2027-03-19,2027-03-22,2027-03-23,2027-03-24,2027-03-25,2027-03-26,2027-03-29,2027-03-30,2027-03-31,2027-04-01,2027-04-02,2027-04-05,2027-04-06,2027-04-07,2027-04-08,2027-04-09,2027-04-12,2027-04-13,2027-04-14,2027-04-15,2027-04-16,2027-04-19,2027-04-20,2027-04-21,2027-04-22,2027-04-23,2027-04-26,2027-04-27,2027-04-28,2027-04-29,2027-04-30,2027-05-03,2027-05-04,2027-05-05,2027-05-06,2027-05-07,2027-05-10,2027-05-11,2027-05-12,2027-05-13,2027-05-14,2027-05-17,2027-05-18,2027-05-19,2027-05-20,2027-05-21,2027-05-24,2027-05-25,2027-05-26,2027-05-27,2027-05-28,2027-06-01,2027-06-02,2027-06-03,2027-06-04,2027-06-07,2027-06-08,2027-06-09,2027-06-10,2027-06-11,2027-06-14,2027-06-15,2027-06-16,2027-06-17,2027-06-18,2027-06-21,2027-06-22,2027-06-23,2027-06-24,2027-06-25,2027-06-28,2027-06-29,2027-06-30,2027-07-01,2027-07-02,2027-07-06,2027-07-07,2027-07-08,2027-07-09,2027-07-12",,2026-07-13,2026-08-19,,hlgtfs.zip,hartford_gtfs_effective_2026-07-11_updated_2026-08-19.zip,0,To Northbound to Hartford; GTFS; gtfs_trip_id=21020; gtfs_service_id=2; source_origin=New Haven Union Station; source_destination=Hartford
CTrail,Hartford Line,Hartford Line,CTrail 4406B,To Northbound to Springfield,SPG,Springfield,4,13:20,13:20,2026-07-13,2027-07-12,"2026-07-13,2026-07-14,2026-07-15,2026-07-16,2026-07-17,2026-07-20,2026-07-21,2026-07-22,2026-07-23,2026-07-24,2026-07-27,2026-07-28,2026-07-29,2026-07-30,2026-07-31,2026-08-03,2026-08-04,2026-08-05,2026-08-06,2026-08-07,2026-08-10,2026-08-11,2026-08-12,2026-08-13,2026-08-14,2026-08-17,2026-08-18,2026-08-19,2026-08-20,2026-08-21,2026-08-24,2026-08-25,2026-08-26,2026-08-27,2026-08-28,2026-08-31,2026-09-01,2026-09-02,2026-09-03,2026-09-04,2026-09-08,2026-09-09,2026-09-10,2026-09-11,2026-09-14,2026-09-15,2026-09-16,2026-09-17,2026-09-18,2026-09-21,2026-09-22,2026-09-23,2026-09-24,2026-09-25,2026-09-28,2026-09-29,2026-09-30,2026-10-01,2026-10-02,2026-10-05,2026-10-06,2026-10-07,2026-10-08,2026-10-09,2026-10-12,2026-10-13,2026-10-14,2026-10-15,2026-10-16,2026-10-19,2026-10-20,2026-10-21,2026-10-22,2026-10-23,2026-10-26,2026-10-27,2026-10-28,2026-10-29,2026-10-30,2026-11-02,2026-11-03,2026-11-04,2026-11-05,2026-11-06,2026-11-09,2026-11-10,2026-11-11,2026-11-12,2026-11-13,2026-11-16,2026-11-17,2026-11-18,2026-11-19,2026-11-20,2026-11-23,2026-11-24,2026-11-25,2026-11-27,2026-11-30,2026-12-01,2026-12-02,2026-12-03,2026-12-04,2026-12-07,2026-12-08,2026-12-09,2026-12-10,2026-12-11,2026-12-14,2026-12-15,2026-12-16,2026-12-17,2026-12-18,2026-12-21,2026-12-22,2026-12-23,2026-12-24,2026-12-28,2026-12-29,2026-12-30,2026-12-31,2027-01-04,2027-01-05,2027-01-06,2027-01-07,2027-01-08,2027-01-11,2027-01-12,2027-01-13,2027-01-14,2027-01-15,2027-01-19,2027-01-20,2027-01-21,2027-01-22,2027-01-25,2027-01-26,2027-01-27,2027-01-28,2027-01-29,2027-02-01,2027-02-02,2027-02-03,2027-02-04,2027-02-05,2027-02-08,2027-02-09,2027-02-10,2027-02-11,2027-02-12,2027-02-16,2027-02-17,2027-02-18,2027-02-19,2027-02-22,2027-02-23,2027-02-24,2027-02-25,2027-02-26,2027-03-01,2027-03-02,2027-03-03,2027-03-04,2027-03-05,2027-03-08,2027-03-09,2027-03-10,2027-03-11,2027-03-12,2027-03-15,2027-03-16,2027-03-17,2027-03-18,2027-03-19,2027-03-22,2027-03-23,2027-03-24,2027-03-25,2027-03-26,2027-03-29,2027-03-30,2027-03-31,2027-04-01,2027-04-02,2027-04-05,2027-04-06,2027-04-07,2027-04-08,2027-04-09,2027-04-12,2027-04-13,2027-04-14,2027-04-15,2027-04-16,2027-04-19,2027-04-20,2027-04-21,2027-04-22,2027-04-23,2027-04-26,2027-04-27,2027-04-28,2027-04-29,2027-04-30,2027-05-03,2027-05-04,2027-05-05,2027-05-06,2027-05-07,2027-05-10,2027-05-11,2027-05-12,2027-05-13,2027-05-14,2027-05-17,2027-05-18,2027-05-19,2027-05-20,2027-05-21,2027-05-24,2027-05-25,2027-05-26,2027-05-27,2027-05-28,2027-06-01,2027-06-02,2027-06-03,2027-06-04,2027-06-07,2027-06-08,2027-06-09,2027-06-10,2027-06-11,2027-06-14,2027-06-15,2027-06-16,2027-06-17,2027-06-18,2027-06-21,2027-06-22,2027-06-23,2027-06-24,2027-06-25,2027-06-28,2027-06-29,2027-06-30,2027-07-01,2027-07-02,2027-07-06,2027-07-07,2027-07-08,2027-07-09,2027-07-12",,2026-07-13,2026-08-19,,hlgtfs.zip,hartford_gtfs_effective_2026-07-11_updated_2026-08-19.zip,0,To Northbound to Springfield; GTFS; gtfs_trip_id=35020; gtfs_service_id=2; source_origin=Hartford; source_destination=Springfield
CTrail,Hartford Line,Hartford Line,CTrail 4406,To Northbound to Hartford,BER,Berlin,5,12:14,12:14,2026-07-13,2027-07-12,"2026-07-13,2026-07-14,2026-07-15,2026-07-16,2026-07-17,2026-07-20,2026-07-21,2026-07-22,2026-07-23,2026-07-24,2026-07-27,2026-07-28,2026-07-29,2026-07-30,2026-07-31,2026-08-03,2026-08-04,2026-08-05,2026-08-06,2026-08-07,2026-08-10,2026-08-11,2026-08-12,2026-08-13,2026-08-14,2026-08-17,2026-08-18,2026-08-19,2026-08-20,2026-08-21,2026-08-24,2026-08-25,2026-08-26,2026-08-27,2026-08-28,2026-08-31,2026-09-01,2026-09-02,2026-09-03,2026-09-04,2026-09-08,2026-09-09,2026-09-10,2026-09-11,2026-09-14,2026-09-15,2026-09-16,2026-09-17,2026-09-18,2026-09-21,2026-09-22,2026-09-23,2026-09-24,2026-09-25,2026-09-28,2026-09-29,2026-09-30,2026-10-01,2026-10-02,2026-10-05,2026-10-06,2026-10-07,2026-10-08,2026-10-09,2026-10-12,2026-10-13,2026-10-14,2026-10-15,2026-10-16,2026-10-19,2026-10-20,2026-10-21,2026-10-22,2026-10-23,2026-10-26,2026-10-27,2026-10-28,2026-10-29,2026-10-30,2026-11-02,2026-11-03,2026-11-04,2026-11-05,2026-11-06,2026-11-09,2026-11-10,2026-11-11,2026-11-12,2026-11-13,2026-11-16,2026-11-17,2026-11-18,2026-11-19,2026-11-20,2026-11-23,2026-11-24,2026-11-25,2026-11-27,2026-11-30,2026-12-01,2026-12-02,2026-12-03,2026-12-04,2026-12-07,2026-12-08,2026-12-09,2026-12-10,2026-12-11,2026-12-14,2026-12-15,2026-12-16,2026-12-17,2026-12-18,2026-12-21,2026-12-22,2026-12-23,2026-12-24,2026-12-28,2026-12-29,2026-12-30,2026-12-31,2027-01-04,2027-01-05,2027-01-06,2027-01-07,2027-01-08,2027-01-11,2027-01-12,2027-01-13,2027-01-14,2027-01-15,2027-01-19,2027-01-20,2027-01-21,2027-01-22,2027-01-25,2027-01-26,2027-01-27,2027-01-28,2027-01-29,2027-02-01,2027-02-02,2027-02-03,2027-02-04,2027-02-05,2027-02-08,2027-02-09,2027-02-10,2027-02-11,2027-02-12,2027-02-16,2027-02-17,2027-02-18,2027-02-19,2027-02-22,2027-02-23,2027-02-24,2027-02-25,2027-02-26,2027-03-01,2027-03-02,2027-03-03,2027-03-04,2027-03-05,2027-03-08,2027-03-09,2027-03-10,2027-03-11,2027-03-12,2027-03-15,2027-03-16,2027-03-17,2027-03-18,2027-03-19,2027-03-22,2027-03-23,2027-03-24,2027-03-25,2027-03-26,2027-03-29,2027-03-30,2027-03-31,2027-04-01,2027-04-02,2027-04-05,2027-04-06,2027-04-07,2027-04-08,2027-04-09,2027-04-12,2027-04-13,2027-04-14,2027-04-15,2027-04-16,2027-04-19,2027-04-20,2027-04-21,2027-04-22,2027-04-23,2027-04-26,2027-04-27,2027-04-28,2027-04-29,2027-04-30,2027-05-03,2027-05-04,2027-05-05,2027-05-06,2027-05-07,2027-05-10,2027-05-11,2027-05-12,2027-05-13,2027-05-14,2027-05-17,2027-05-18,2027-05-19,2027-05-20,2027-05-21,2027-05-24,2027-05-25,2027-05-26,2027-05-27,2027-05-28,2027-06-01,2027-06-02,2027-06-03,2027-06-04,2027-06-07,2027-06-08,2027-06-09,2027-06-10,2027-06-11,2027-06-14,2027-06-15,2027-06-16,2027-06-17,2027-06-18,2027-06-21,2027-06-22,2027-06-23,2027-06-24,2027-06-25,2027-06-28,2027-06-29,2027-06-30,2027-07-01,2027-07-02,2027-07-06,2027-07-07,2027-07-08,2027-07-09,2027-07-12",,2026-07-13,2026-08-19,,hlgtfs.zip,hartford_gtfs_effective_2026-07-11_updated_2026-08-19.zip,0,To Northbound to Hartford; GTFS; gtfs_trip_id=21020; gtfs_service_id=2; source_origin=New Haven Union Station; source_destination=Hartford
CTrail,Hartford Line,Hartford Line,CTrail 4406,To Northbound to Hartford,HFD,Hartford,6,12:25,12:25,2026-07-13,2027-07-12,"2026-07-13,2026-07-14,2026-07-15,2026-07-16,2026-07-17,2026-07-20,2026-07-21,2026-07-22,2026-07-23,2026-07-24,2026-07-27,2026-07-28,2026-07-29,2026-07-30,2026-07-31,2026-08-03,2026-08-04,2026-08-05,2026-08-06,2026-08-07,2026-08-10,2026-08-11,2026-08-12,2026-08-13,2026-08-14,2026-08-17,2026-08-18,2026-08-19,2026-08-20,2026-08-21,2026-08-24,2026-08-25,2026-08-26,2026-08-27,2026-08-28,2026-08-31,2026-09-01,2026-09-02,2026-09-03,2026-09-04,2026-09-08,2026-09-09,2026-09-10,2026-09-11,2026-09-14,2026-09-15,2026-09-16,2026-09-17,2026-09-18,2026-09-21,2026-09-22,2026-09-23,2026-09-24,2026-09-25,2026-09-28,2026-09-29,2026-09-30,2026-10-01,2026-10-02,2026-10-05,2026-10-06,2026-10-07,2026-10-08,2026-10-09,2026-10-12,2026-10-13,2026-10-14,2026-10-15,2026-10-16,2026-10-19,2026-10-20,2026-10-21,2026-10-22,2026-10-23,2026-10-26,2026-10-27,2026-10-28,2026-10-29,2026-10-30,2026-11-02,2026-11-03,2026-11-04,2026-11-05,2026-11-06,2026-11-09,2026-11-10,2026-11-11,2026-11-12,2026-11-13,2026-11-16,2026-11-17,2026-11-18,2026-11-19,2026-11-20,2026-11-23,2026-11-24,2026-11-25,2026-11-27,2026-11-30,2026-12-01,2026-12-02,2026-12-03,2026-12-04,2026-12-07,2026-12-08,2026-12-09,2026-12-10,2026-12-11,2026-12-14,2026-12-15,2026-12-16,2026-12-17,2026-12-18,2026-12-21,2026-12-22,2026-12-23,2026-12-24,2026-12-28,2026-12-29,2026-12-30,2026-12-31,2027-01-04,2027-01-05,2027-01-06,2027-01-07,2027-01-08,2027-01-11,2027-01-12,2027-01-13,2027-01-14,2027-01-15,2027-01-19,2027-01-20,2027-01-21,2027-01-22,2027-01-25,2027-01-26,2027-01-27,2027-01-28,2027-01-29,2027-02-01,2027-02-02,2027-02-03,2027-02-04,2027-02-05,2027-02-08,2027-02-09,2027-02-10,2027-02-11,2027-02-12,2027-02-16,2027-02-17,2027-02-18,2027-02-19,2027-02-22,2027-02-23,2027-02-24,2027-02-25,2027-02-26,2027-03-01,2027-03-02,2027-03-03,2027-03-04,2027-03-05,2027-03-08,2027-03-09,2027-03-10,2027-03-11,2027-03-12,2027-03-15,2027-03-16,2027-03-17,2027-03-18,2027-03-19,2027-03-22,2027-03-23,2027-03-24,2027-03-25,2027-03-26,2027-03-29,2027-03-30,2027-03-31,2027-04-01,2027-04-02,2027-04-05,2027-04-06,2027-04-07,2027-04-08,2027-04-09,2027-04-12,2027-04-13,2027-04-14,2027-04-15,2027-04-16,2027-04-19,2027-04-20,2027-04-21,2027-04-22,2027-04-23,2027-04-26,2027-04-27,2027-04-28,2027-04-29,2027-04-30,2027-05-03,2027-05-04,2027-05-05,2027-05-06,2027-05-07,2027-05-10,2027-05-11,2027-05-12,2027-05-13,2027-05-14,2027-05-17,2027-05-18,2027-05-19,2027-05-20,2027-05-21,2027-05-24,2027-05-25,2027-05-26,2027-05-27,2027-05-28,2027-06-01,2027-06-02,2027-06-03,2027-06-04,2027-06-07,2027-06-08,2027-06-09,2027-06-10,2027-06-11,2027-06-14,2027-06-15,2027-06-16,2027-06-17,2027-06-18,2027-06-21,2027-06-22,2027-06-23,2027-06-24,2027-06-25,2027-06-28,2027-06-29,2027-06-30,2027-07-01,2027-07-02,2027-07-06,2027-07-07,2027-07-08,2027-07-09,2027-07-12",,2026-07-13,2026-08-19,,hlgtfs.zip,hartford_gtfs_effective_2026-07-11_updated_2026-08-19.zip,0,To Northbound to Hartford; GTFS; gtfs_trip_id=21020; gtfs_service_id=2; source_origin=New Haven Union Station; source_destination=Hartford
CTrail,Hartford Line,Hartford Line,CTrail 4407B,To Southbound to Hartford,SPG,Springfield,1,13:13,13:13,2026-07-13,2027-07-12,"2026-07-13,2026-07-14,2026-07-15,2026-07-16,2026-07-17,2026-07-20,2026-07-21,2026-07-22,2026-07-23,2026-07-24,2026-07-27,2026-07-28,2026-07-29,2026-07-30,2026-07-31,2026-08-03,2026-08-04,2026-08-05,2026-08-06,2026-08-07,2026-08-10,2026-08-11,2026-08-12,2026-08-13,2026-08-14,2026-08-17,2026-08-18,2026-08-19,2026-08-20,2026-08-21,2026-08-24,2026-08-25,2026-08-26,2026-08-27,2026-08-28,2026-08-31,2026-09-01,2026-09-02,2026-09-03,2026-09-04,2026-09-08,2026-09-09,2026-09-10,2026-09-11,2026-09-14,2026-09-15,2026-09-16,2026-09-17,2026-09-18,2026-09-21,2026-09-22,2026-09-23,2026-09-24,2026-09-25,2026-09-28,2026-09-29,2026-09-30,2026-10-01,2026-10-02,2026-10-05,2026-10-06,2026-10-07,2026-10-08,2026-10-09,2026-10-12,2026-10-13,2026-10-14,2026-10-15,2026-10-16,2026-10-19,2026-10-20,2026-10-21,2026-10-22,2026-10-23,2026-10-26,2026-10-27,2026-10-28,2026-10-29,2026-10-30,2026-11-02,2026-11-03,2026-11-04,2026-11-05,2026-11-06,2026-11-09,2026-11-10,2026-11-11,2026-11-12,2026-11-13,2026-11-16,2026-11-17,2026-11-18,2026-11-19,2026-11-20,2026-11-23,2026-11-24,2026-11-25,2026-11-27,2026-11-30,2026-12-01,2026-12-02,2026-12-03,2026-12-04,2026-12-07,2026-12-08,2026-12-09,2026-12-10,2026-12-11,2026-12-14,2026-12-15,2026-12-16,2026-12-17,2026-12-18,2026-12-21,2026-12-22,2026-12-23,2026-12-24,2026-12-28,2026-12-29,2026-12-30,2026-12-31,2027-01-04,2027-01-05,2027-01-06,2027-01-07,2027-01-08,2027-01-11,2027-01-12,2027-01-13,2027-01-14,2027-01-15,2027-01-19,2027-01-20,2027-01-21,2027-01-22,2027-01-25,2027-01-26,2027-01-27,2027-01-28,2027-01-29,2027-02-01,2027-02-02,2027-02-03,2027-02-04,2027-02-05,2027-02-08,2027-02-09,2027-02-10,2027-02-11,2027-02-12,2027-02-16,2027-02-17,2027-02-18,2027-02-19,2027-02-22,2027-02-23,2027-02-24,2027-02-25,2027-02-26,2027-03-01,2027-03-02,2027-03-03,2027-03-04,2027-03-05,2027-03-08,2027-03-09,2027-03-10,2027-03-11,2027-03-12,2027-03-15,2027-03-16,2027-03-17,2027-03-18,2027-03-19,2027-03-22,2027-03-23,2027-03-24,2027-03-25,2027-03-26,2027-03-29,2027-03-30,2027-03-31,2027-04-01,2027-04-02,2027-04-05,2027-04-06,2027-04-07,2027-04-08,2027-04-09,2027-04-12,2027-04-13,2027-04-14,2027-04-15,2027-04-16,2027-04-19,2027-04-20,2027-04-21,2027-04-22,2027-04-23,2027-04-26,2027-04-27,2027-04-28,2027-04-29,2027-04-30,2027-05-03,2027-05-04,2027-05-05,2027-05-06,2027-05-07,2027-05-10,2027-05-11,2027-05-12,2027-05-13,2027-05-14,2027-05-17,2027-05-18,2027-05-19,2027-05-20,2027-05-21,2027-05-24,2027-05-25,2027-05-26,2027-05-27,2027-05-28,2027-06-01,2027-06-02,2027-06-03,2027-06-04,2027-06-07,2027-06-08,2027-06-09,2027-06-10,2027-06-11,2027-06-14,2027-06-15,2027-06-16,2027-06-17,2027-06-18,2027-06-21,2027-06-22,2027-06-23,2027-06-24,2027-06-25,2027-06-28,2027-06-29,2027-06-30,2027-07-01,2027-07-02,2027-07-06,2027-07-07,2027-07-08,2027-07-09,2027-07-12",,2026-07-13,2026-08-19,,hlgtfs.zip,hartford_gtfs_effective_2026-07-11_updated_2026-08-19.zip,0,To Southbound to Hartford; GTFS; gtfs_trip_id=8020; gtfs_service_id=2; source_origin=Springfield; source_destination=Hartford
CTrail,Hartford Line,Hartford Line,CTrail 4407,To Southbound to New Haven Union Station,HFD,Hartford,1,14:28,14:28,2026-07-13,2027-07-12,"2026-07-13,2026-07-14,2026-07-15,2026-07-16,2026-07-17,2026-07-20,2026-07-21,2026-07-22,2026-07-23,2026-07-24,2026-07-27,2026-07-28,2026-07-29,2026-07-30,2026-07-31,2026-08-03,2026-08-04,2026-08-05,2026-08-06,2026-08-07,2026-08-10,2026-08-11,2026-08-12,2026-08-13,2026-08-14,2026-08-17,2026-08-18,2026-08-19,2026-08-20,2026-08-21,2026-08-24,2026-08-25,2026-08-26,2026-08-27,2026-08-28,2026-08-31,2026-09-01,2026-09-02,2026-09-03,2026-09-04,2026-09-08,2026-09-09,2026-09-10,2026-09-11,2026-09-14,2026-09-15,2026-09-16,2026-09-17,2026-09-18,2026-09-21,2026-09-22,2026-09-23,2026-09-24,2026-09-25,2026-09-28,2026-09-29,2026-09-30,2026-10-01,2026-10-02,2026-10-05,2026-10-06,2026-10-07,2026-10-08,2026-10-09,2026-10-12,2026-10-13,2026-10-14,2026-10-15,2026-10-16,2026-10-19,2026-10-20,2026-10-21,2026-10-22,2026-10-23,2026-10-26,2026-10-27,2026-10-28,2026-10-29,2026-10-30,2026-11-02,2026-11-03,2026-11-04,2026-11-05,2026-11-06,2026-11-09,2026-11-10,2026-11-11,2026-11-12,2026-11-13,2026-11-16,2026-11-17,2026-11-18,2026-11-19,2026-11-20,2026-11-23,2026-11-24,2026-11-25,2026-11-27,2026-11-30,2026-12-01,2026-12-02,2026-12-03,2026-12-04,2026-12-07,2026-12-08,2026-12-09,2026-12-10,2026-12-11,2026-12-14,2026-12-15,2026-12-16,2026-12-17,2026-12-18,2026-12-21,2026-12-22,2026-12-23,2026-12-24,2026-12-28,2026-12-29,2026-12-30,2026-12-31,2027-01-04,2027-01-05,2027-01-06,2027-01-07,2027-01-08,2027-01-11,2027-01-12,2027-01-13,2027-01-14,2027-01-15,2027-01-19,2027-01-20,2027-01-21,2027-01-22,2027-01-25,2027-01-26,2027-01-27,2027-01-28,2027-01-29,2027-02-01,2027-02-02,2027-02-03,2027-02-04,2027-02-05,2027-02-08,2027-02-09,2027-02-10,2027-02-11,2027-02-12,2027-02-16,2027-02-17,2027-02-18,2027-02-19,2027-02-22,2027-02-23,2027-02-24,2027-02-25,2027-02-26,2027-03-01,2027-03-02,2027-03-03,2027-03-04,2027-03-05,2027-03-08,2027-03-09,2027-03-10,2027-03-11,2027-03-12,2027-03-15,2027-03-16,2027-03-17,2027-03-18,2027-03-19,2027-03-22,2027-03-23,2027-03-24,2027-03-25,2027-03-26,2027-03-29,2027-03-30,2027-03-31,2027-04-01,2027-04-02,2027-04-05,2027-04-06,2027-04-07,2027-04-08,2027-04-09,2027-04-12,2027-04-13,2027-04-14,2027-04-15,2027-04-16,2027-04-19,2027-04-20,2027-04-21,2027-04-22,2027-04-23,2027-04-26,2027-04-27,2027-04-28,2027-04-29,2027-04-30,2027-05-03,2027-05-04,2027-05-05,2027-05-06,2027-05-07,2027-05-10,2027-05-11,2027-05-12,2027-05-13,2027-05-14,2027-05-17,2027-05-18,2027-05-19,2027-05-20,2027-05-21,2027-05-24,2027-05-25,2027-05-26,2027-05-27,2027-05-28,2027-06-01,2027-06-02,2027-06-03,2027-06-04,2027-06-07,2027-06-08,2027-06-09,2027-06-10,2027-06-11,2027-06-14,2027-06-15,2027-06-16,2027-06-17,2027-06-18,2027-06-21,2027-06-22,2027-06-23,2027-06-24,2027-06-25,2027-06-28,2027-06-29,2027-06-30,2027-07-01,2027-07-02,2027-07-06,2027-07-07,2027-07-08,2027-07-09,2027-07-12",,2026-07-13,2026-08-19,,hlgtfs.zip,hartford_gtfs_effective_2026-07-11_updated_2026-08-19.zip,0,To Southbound to New Haven Union Station; GTFS; gtfs_trip_id=22020; gtfs_service_id=2; source_origin=Hartford; source_destination=New Haven Union Station
CTrail,Hartford Line,Hartford Line,CTrail 4407B,To Southbound to Hartford,WNL,Windsor Locks,2,13:33,13:33,2026-07-13,2027-07-12,"2026-07-13,2026-07-14,2026-07-15,2026-07-16,2026-07-17,2026-07-20,2026-07-21,2026-07-22,2026-07-23,2026-07-24,2026-07-27,2026-07-28,2026-07-29,2026-07-30,2026-07-31,2026-08-03,2026-08-04,2026-08-05,2026-08-06,2026-08-07,2026-08-10,2026-08-11,2026-08-12,2026-08-13,2026-08-14,2026-08-17,2026-08-18,2026-08-19,2026-08-20,2026-08-21,2026-08-24,2026-08-25,2026-08-26,2026-08-27,2026-08-28,2026-08-31,2026-09-01,2026-09-02,2026-09-03,2026-09-04,2026-09-08,2026-09-09,2026-09-10,2026-09-11,2026-09-14,2026-09-15,2026-09-16,2026-09-17,2026-09-18,2026-09-21,2026-09-22,2026-09-23,2026-09-24,2026-09-25,2026-09-28,2026-09-29,2026-09-30,2026-10-01,2026-10-02,2026-10-05,2026-10-06,2026-10-07,2026-10-08,2026-10-09,2026-10-12,2026-10-13,2026-10-14,2026-10-15,2026-10-16,2026-10-19,2026-10-20,2026-10-21,2026-10-22,2026-10-23,2026-10-26,2026-10-27,2026-10-28,2026-10-29,2026-10-30,2026-11-02,2026-11-03,2026-11-04,2026-11-05,2026-11-06,2026-11-09,2026-11-10,2026-11-11,2026-11-12,2026-11-13,2026-11-16,2026-11-17,2026-11-18,2026-11-19,2026-11-20,2026-11-23,2026-11-24,2026-11-25,2026-11-27,2026-11-30,2026-12-01,2026-12-02,2026-12-03,2026-12-04,2026-12-07,2026-12-08,2026-12-09,2026-12-10,2026-12-11,2026-12-14,2026-12-15,2026-12-16,2026-12-17,2026-12-18,2026-12-21,2026-12-22,2026-12-23,2026-12-24,2026-12-28,2026-12-29,2026-12-30,2026-12-31,2027-01-04,2027-01-05,2027-01-06,2027-01-07,2027-01-08,2027-01-11,2027-01-12,2027-01-13,2027-01-14,2027-01-15,2027-01-19,2027-01-20,2027-01-21,2027-01-22,2027-01-25,2027-01-26,2027-01-27,2027-01-28,2027-01-29,2027-02-01,2027-02-02,2027-02-03,2027-02-04,2027-02-05,2027-02-08,2027-02-09,2027-02-10,2027-02-11,2027-02-12,2027-02-16,2027-02-17,2027-02-18,2027-02-19,2027-02-22,2027-02-23,2027-02-24,2027-02-25,2027-02-26,2027-03-01,2027-03-02,2027-03-03,2027-03-04,2027-03-05,2027-03-08,2027-03-09,2027-03-10,2027-03-11,2027-03-12,2027-03-15,2027-03-16,2027-03-17,2027-03-18,2027-03-19,2027-03-22,2027-03-23,2027-03-24,2027-03-25,2027-03-26,2027-03-29,2027-03-30,2027-03-31,2027-04-01,2027-04-02,2027-04-05,2027-04-06,2027-04-07,2027-04-08,2027-04-09,2027-04-12,2027-04-13,2027-04-14,2027-04-15,2027-04-16,2027-04-19,2027-04-20,2027-04-21,2027-04-22,2027-04-23,2027-04-26,2027-04-27,2027-04-28,2027-04-29,2027-04-30,2027-05-03,2027-05-04,2027-05-05,2027-05-06,2027-05-07,2027-05-10,2027-05-11,2027-05-12,2027-05-13,2027-05-14,2027-05-17,2027-05-18,2027-05-19,2027-05-20,2027-05-21,2027-05-24,2027-05-25,2027-05-26,2027-05-27,2027-05-28,2027-06-01,2027-06-02,2027-06-03,2027-06-04,2027-06-07,2027-06-08,2027-06-09,2027-06-10,2027-06-11,2027-06-14,2027-06-15,2027-06-16,2027-06-17,2027-06-18,2027-06-21,2027-06-22,2027-06-23,2027-06-24,2027-06-25,2027-06-28,2027-06-29,2027-06-30,2027-07-01,2027-07-02,2027-07-06,2027-07-07,2027-07-08,2027-07-09,2027-07-12",,2026-07-13,2026-08-19,,hlgtfs.zip,hartford_gtfs_effective_2026-07-11_updated_2026-08-19.zip,0,To Southbound to Hartford; GTFS; gtfs_trip_id=8020; gtfs_service_id=2; source_origin=Springfield; source_destination=Hartford
CTrail,Hartford Line,Hartford Line,CTrail 4407,To Southbound to New Haven Union Station,BER,Berlin,2,14:40,14:40,2026-07-13,2027-07-12,"2026-07-13,2026-07-14,2026-07-15,2026-07-16,2026-07-17,2026-07-20,2026-07-21,2026-07-22,2026-07-23,2026-07-24,2026-07-27,2026-07-28,2026-07-29,2026-07-30,2026-07-31,2026-08-03,2026-08-04,2026-08-05,2026-08-06,2026-08-07,2026-08-10,2026-08-11,2026-08-12,2026-08-13,2026-08-14,2026-08-17,2026-08-18,2026-08-19,2026-08-20,2026-08-21,2026-08-24,2026-08-25,2026-08-26,2026-08-27,2026-08-28,2026-08-31,2026-09-01,2026-09-02,2026-09-03,2026-09-04,2026-09-08,2026-09-09,2026-09-10,2026-09-11,2026-09-14,2026-09-15,2026-09-16,2026-09-17,2026-09-18,2026-09-21,2026-09-22,2026-09-23,2026-09-24,2026-09-25,2026-09-28,2026-09-29,2026-09-30,2026-10-01,2026-10-02,2026-10-05,2026-10-06,2026-10-07,2026-10-08,2026-10-09,2026-10-12,2026-10-13,2026-10-14,2026-10-15,2026-10-16,2026-10-19,2026-10-20,2026-10-21,2026-10-22,2026-10-23,2026-10-26,2026-10-27,2026-10-28,2026-10-29,2026-10-30,2026-11-02,2026-11-03,2026-11-04,2026-11-05,2026-11-06,2026-11-09,2026-11-10,2026-11-11,2026-11-12,2026-11-13,2026-11-16,2026-11-17,2026-11-18,2026-11-19,2026-11-20,2026-11-23,2026-11-24,2026-11-25,2026-11-27,2026-11-30,2026-12-01,2026-12-02,2026-12-03,2026-12-04,2026-12-07,2026-12-08,2026-12-09,2026-12-10,2026-12-11,2026-12-14,2026-12-15,2026-12-16,2026-12-17,2026-12-18,2026-12-21,2026-12-22,2026-12-23,2026-12-24,2026-12-28,2026-12-29,2026-12-30,2026-12-31,2027-01-04,2027-01-05,2027-01-06,2027-01-07,2027-01-08,2027-01-11,2027-01-12,2027-01-13,2027-01-14,2027-01-15,2027-01-19,2027-01-20,2027-01-21,2027-01-22,2027-01-25,2027-01-26,2027-01-27,2027-01-28,2027-01-29,2027-02-01,2027-02-02,2027-02-03,2027-02-04,2027-02-05,2027-02-08,2027-02-09,2027-02-10,2027-02-11,2027-02-12,2027-02-16,2027-02-17,2027-02-18,2027-02-19,2027-02-22,2027-02-23,2027-02-24,2027-02-25,2027-02-26,2027-03-01,2027-03-02,2027-03-03,2027-03-04,2027-03-05,2027-03-08,2027-03-09,2027-03-10,2027-03-11,2027-03-12,2027-03-15,2027-03-16,2027-03-17,2027-03-18,2027-03-19,2027-03-22,2027-03-23,2027-03-24,2027-03-25,2027-03-26,2027-03-29,2027-03-30,2027-03-31,2027-04-01,2027-04-02,2027-04-05,2027-04-06,2027-04-07,2027-04-08,2027-04-09,2027-04-12,2027-04-13,2027-04-14,2027-04-15,2027-04-16,2027-04-19,2027-04-20,2027-04-21,2027-04-22,2027-04-23,2027-04-26,2027-04-27,2027-04-28,2027-04-29,2027-04-30,2027-05-03,2027-05-04,2027-05-05,2027-05-06,2027-05-07,2027-05-10,2027-05-11,2027-05-12,2027-05-13,2027-05-14,2027-05-17,2027-05-18,2027-05-19,2027-05-20,2027-05-21,2027-05-24,2027-05-25,2027-05-26,2027-05-27,2027-05-28,2027-06-01,2027-06-02,2027-06-03,2027-06-04,2027-06-07,2027-06-08,2027-06-09,2027-06-10,2027-06-11,2027-06-14,2027-06-15,2027-06-16,2027-06-17,2027-06-18,2027-06-21,2027-06-22,2027-06-23,2027-06-24,2027-06-25,2027-06-28,2027-06-29,2027-06-30,2027-07-01,2027-07-02,2027-07-06,2027-07-07,2027-07-08,2027-07-09,2027-07-12",,2026-07-13,2026-08-19,,hlgtfs.zip,hartford_gtfs_effective_2026-07-11_updated_2026-08-19.zip,0,To Southbound to New Haven Union Station; GTFS; gtfs_trip_id=22020; gtfs_service_id=2; source_origin=Hartford; source_destination=New Haven Union Station
CTrail,Hartford Line,Hartford Line,CTrail 4407B,To Southbound to Hartford,WND,Windsor,3,13:43,13:43,2026-07-13,2027-07-12,"2026-07-13,2026-07-14,2026-07-15,2026-07-16,2026-07-17,2026-07-20,2026-07-21,2026-07-22,2026-07-23,2026-07-24,2026-07-27,2026-07-28,2026-07-29,2026-07-30,2026-07-31,2026-08-03,2026-08-04,2026-08-05,2026-08-06,2026-08-07,2026-08-10,2026-08-11,2026-08-12,2026-08-13,2026-08-14,2026-08-17,2026-08-18,2026-08-19,2026-08-20,2026-08-21,2026-08-24,2026-08-25,2026-08-26,2026-08-27,2026-08-28,2026-08-31,2026-09-01,2026-09-02,2026-09-03,2026-09-04,2026-09-08,2026-09-09,2026-09-10,2026-09-11,2026-09-14,2026-09-15,2026-09-16,2026-09-17,2026-09-18,2026-09-21,2026-09-22,2026-09-23,2026-09-24,2026-09-25,2026-09-28,2026-09-29,2026-09-30,2026-10-01,2026-10-02,2026-10-05,2026-10-06,2026-10-07,2026-10-08,2026-10-09,2026-10-12,2026-10-13,2026-10-14,2026-10-15,2026-10-16,2026-10-19,2026-10-20,2026-10-21,2026-10-22,2026-10-23,2026-10-26,2026-10-27,2026-10-28,2026-10-29,2026-10-30,2026-11-02,2026-11-03,2026-11-04,2026-11-05,2026-11-06,2026-11-09,2026-11-10,2026-11-11,2026-11-12,2026-11-13,2026-11-16,2026-11-17,2026-11-18,2026-11-19,2026-11-20,2026-11-23,2026-11-24,2026-11-25,2026-11-27,2026-11-30,2026-12-01,2026-12-02,2026-12-03,2026-12-04,2026-12-07,2026-12-08,2026-12-09,2026-12-10,2026-12-11,2026-12-14,2026-12-15,2026-12-16,2026-12-17,2026-12-18,2026-12-21,2026-12-22,2026-12-23,2026-12-24,2026-12-28,2026-12-29,2026-12-30,2026-12-31,2027-01-04,2027-01-05,2027-01-06,2027-01-07,2027-01-08,2027-01-11,2027-01-12,2027-01-13,2027-01-14,2027-01-15,2027-01-19,2027-01-20,2027-01-21,2027-01-22,2027-01-25,2027-01-26,2027-01-27,2027-01-28,2027-01-29,2027-02-01,2027-02-02,2027-02-03,2027-02-04,2027-02-05,2027-02-08,2027-02-09,2027-02-10,2027-02-11,2027-02-12,2027-02-16,2027-02-17,2027-02-18,2027-02-19,2027-02-22,2027-02-23,2027-02-24,2027-02-25,2027-02-26,2027-03-01,2027-03-02,2027-03-03,2027-03-04,2027-03-05,2027-03-08,2027-03-09,2027-03-10,2027-03-11,2027-03-12,2027-03-15,2027-03-16,2027-03-17,2027-03-18,2027-03-19,2027-03-22,2027-03-23,2027-03-24,2027-03-25,2027-03-26,2027-03-29,2027-03-30,2027-03-31,2027-04-01,2027-04-02,2027-04-05,2027-04-06,2027-04-07,2027-04-08,2027-04-09,2027-04-12,2027-04-13,2027-04-14,2027-04-15,2027-04-16,2027-04-19,2027-04-20,2027-04-21,2027-04-22,2027-04-23,2027-04-26,2027-04-27,2027-04-28,2027-04-29,2027-04-30,2027-05-03,2027-05-04,2027-05-05,2027-05-06,2027-05-07,2027-05-10,2027-05-11,2027-05-12,2027-05-13,2027-05-14,2027-05-17,2027-05-18,2027-05-19,2027-05-20,2027-05-21,2027-05-24,2027-05-25,2027-05-26,2027-05-27,2027-05-28,2027-06-01,2027-06-02,2027-06-03,2027-06-04,2027-06-07,2027-06-08,2027-06-09,2027-06-10,2027-06-11,2027-06-14,2027-06-15,2027-06-16,2027-06-17,2027-06-18,2027-06-21,2027-06-22,2027-06-23,2027-06-24,2027-06-25,2027-06-28,2027-06-29,2027-06-30,2027-07-01,2027-07-02,2027-07-06,2027-07-07,2027-07-08,2027-07-09,2027-07-12",,2026-07-13,2026-08-19,,hlgtfs.zip,hartford_gtfs_effective_2026-07-11_updated_2026-08-19.zip,0,To Southbound to Hartford; GTFS; gtfs_trip_id=8020; gtfs_service_id=2; source_origin=Springfield; source_destination=Hartford
CTrail,Hartford Line,Hartford Line,CTrail 4407,To Southbound to New Haven Union Station,MDN,Meriden,3,14:49,14:49,2026-07-13,2027-07-12,"2026-07-13,2026-07-14,2026-07-15,2026-07-16,2026-07-17,2026-07-20,2026-07-21,2026-07-22,2026-07-23,2026-07-24,2026-07-27,2026-07-28,2026-07-29,2026-07-30,2026-07-31,2026-08-03,2026-08-04,2026-08-05,2026-08-06,2026-08-07,2026-08-10,2026-08-11,2026-08-12,2026-08-13,2026-08-14,2026-08-17,2026-08-18,2026-08-19,2026-08-20,2026-08-21,2026-08-24,2026-08-25,2026-08-26,2026-08-27,2026-08-28,2026-08-31,2026-09-01,2026-09-02,2026-09-03,2026-09-04,2026-09-08,2026-09-09,2026-09-10,2026-09-11,2026-09-14,2026-09-15,2026-09-16,2026-09-17,2026-09-18,2026-09-21,2026-09-22,2026-09-23,2026-09-24,2026-09-25,2026-09-28,2026-09-29,2026-09-30,2026-10-01,2026-10-02,2026-10-05,2026-10-06,2026-10-07,2026-10-08,2026-10-09,2026-10-12,2026-10-13,2026-10-14,2026-10-15,2026-10-16,2026-10-19,2026-10-20,2026-10-21,2026-10-22,2026-10-23,2026-10-26,2026-10-27,2026-10-28,2026-10-29,2026-10-30,2026-11-02,2026-11-03,2026-11-04,2026-11-05,2026-11-06,2026-11-09,2026-11-10,2026-11-11,2026-11-12,2026-11-13,2026-11-16,2026-11-17,2026-11-18,2026-11-19,2026-11-20,2026-11-23,2026-11-24,2026-11-25,2026-11-27,2026-11-30,2026-12-01,2026-12-02,2026-12-03,2026-12-04,2026-12-07,2026-12-08,2026-12-09,2026-12-10,2026-12-11,2026-12-14,2026-12-15,2026-12-16,2026-12-17,2026-12-18,2026-12-21,2026-12-22,2026-12-23,2026-12-24,2026-12-28,2026-12-29,2026-12-30,2026-12-31,2027-01-04,2027-01-05,2027-01-06,2027-01-07,2027-01-08,2027-01-11,2027-01-12,2027-01-13,2027-01-14,2027-01-15,2027-01-19,2027-01-20,2027-01-21,2027-01-22,2027-01-25,2027-01-26,2027-01-27,2027-01-28,2027-01-29,2027-02-01,2027-02-02,2027-02-03,2027-02-04,2027-02-05,2027-02-08,2027-02-09,2027-02-10,2027-02-11,2027-02-12,2027-02-16,2027-02-17,2027-02-18,2027-02-19,2027-02-22,2027-02-23,2027-02-24,2027-02-25,2027-02-26,2027-03-01,2027-03-02,2027-03-03,2027-03-04,2027-03-05,2027-03-08,2027-03-09,2027-03-10,2027-03-11,2027-03-12,2027-03-15,2027-03-16,2027-03-17,2027-03-18,2027-03-19,2027-03-22,2027-03-23,2027-03-24,2027-03-25,2027-03-26,2027-03-29,2027-03-30,2027-03-31,2027-04-01,2027-04-02,2027-04-05,2027-04-06,2027-04-07,2027-04-08,2027-04-09,2027-04-12,2027-04-13,2027-04-14,2027-04-15,2027-04-16,2027-04-19,2027-04-20,2027-04-21,2027-04-22,2027-04-23,2027-04-26,2027-04-27,2027-04-28,2027-04-29,2027-04-30,2027-05-03,2027-05-04,2027-05-05,2027-05-06,2027-05-07,2027-05-10,2027-05-11,2027-05-12,2027-05-13,2027-05-14,2027-05-17,2027-05-18,2027-05-19,2027-05-20,2027-05-21,2027-05-24,2027-05-25,2027-05-26,2027-05-27,2027-05-28,2027-06-01,2027-06-02,2027-06-03,2027-06-04,2027-06-07,2027-06-08,2027-06-09,2027-06-10,2027-06-11,2027-06-14,2027-06-15,2027-06-16,2027-06-17,2027-06-18,2027-06-21,2027-06-22,2027-06-23,2027-06-24,2027-06-25,2027-06-28,2027-06-29,2027-06-30,2027-07-01,2027-07-02,2027-07-06,2027-07-07,2027-07-08,2027-07-09,2027-07-12",,2026-07-13,2026-08-19,,hlgtfs.zip,hartford_gtfs_effective_2026-07-11_updated_2026-08-19.zip,0,To Southbound to New Haven Union Station; GTFS; gtfs_trip_id=22020; gtfs_service_id=2; source_origin=Hartford; source_destination=New Haven Union Station
CTrail,Hartford Line,Hartford Line,CTrail 4407B,To Southbound to Hartford,HFD,Hartford,4,13:58,13:58,2026-07-13,2027-07-12,"2026-07-13,2026-07-14,2026-07-15,2026-07-16,2026-07-17,2026-07-20,2026-07-21,2026-07-22,2026-07-23,2026-07-24,2026-07-27,2026-07-28,2026-07-29,2026-07-30,2026-07-31,2026-08-03,2026-08-04,2026-08-05,2026-08-06,2026-08-07,2026-08-10,2026-08-11,2026-08-12,2026-08-13,2026-08-14,2026-08-17,2026-08-18,2026-08-19,2026-08-20,2026-08-21,2026-08-24,2026-08-25,2026-08-26,2026-08-27,2026-08-28,2026-08-31,2026-09-01,2026-09-02,2026-09-03,2026-09-04,2026-09-08,2026-09-09,2026-09-10,2026-09-11,2026-09-14,2026-09-15,2026-09-16,2026-09-17,2026-09-18,2026-09-21,2026-09-22,2026-09-23,2026-09-24,2026-09-25,2026-09-28,2026-09-29,2026-09-30,2026-10-01,2026-10-02,2026-10-05,2026-10-06,2026-10-07,2026-10-08,2026-10-09,2026-10-12,2026-10-13,2026-10-14,2026-10-15,2026-10-16,2026-10-19,2026-10-20,2026-10-21,2026-10-22,2026-10-23,2026-10-26,2026-10-27,2026-10-28,2026-10-29,2026-10-30,2026-11-02,2026-11-03,2026-11-04,2026-11-05,2026-11-06,2026-11-09,2026-11-10,2026-11-11,2026-11-12,2026-11-13,2026-11-16,2026-11-17,2026-11-18,2026-11-19,2026-11-20,2026-11-23,2026-11-24,2026-11-25,2026-11-27,2026-11-30,2026-12-01,2026-12-02,2026-12-03,2026-12-04,2026-12-07,2026-12-08,2026-12-09,2026-12-10,2026-12-11,2026-12-14,2026-12-15,2026-12-16,2026-12-17,2026-12-18,2026-12-21,2026-12-22,2026-12-23,2026-12-24,2026-12-28,2026-12-29,2026-12-30,2026-12-31,2027-01-04,2027-01-05,2027-01-06,2027-01-07,2027-01-08,2027-01-11,2027-01-12,2027-01-13,2027-01-14,2027-01-15,2027-01-19,2027-01-20,2027-01-21,2027-01-22,2027-01-25,2027-01-26,2027-01-27,2027-01-28,2027-01-29,2027-02-01,2027-02-02,2027-02-03,2027-02-04,2027-02-05,2027-02-08,2027-02-09,2027-02-10,2027-02-11,2027-02-12,2027-02-16,2027-02-17,2027-02-18,2027-02-19,2027-02-22,2027-02-23,2027-02-24,2027-02-25,2027-02-26,2027-03-01,2027-03-02,2027-03-03,2027-03-04,2027-03-05,2027-03-08,2027-03-09,2027-03-10,2027-03-11,2027-03-12,2027-03-15,2027-03-16,2027-03-17,2027-03-18,2027-03-19,2027-03-22,2027-03-23,2027-03-24,2027-03-25,2027-03-26,2027-03-29,2027-03-30,2027-03-31,2027-04-01,2027-04-02,2027-04-05,2027-04-06,2027-04-07,2027-04-08,2027-04-09,2027-04-12,2027-04-13,2027-04-14,2027-04-15,2027-04-16,2027-04-19,2027-04-20,2027-04-21,2027-04-22,2027-04-23,2027-04-26,2027-04-27,2027-04-28,2027-04-29,2027-04-30,2027-05-03,2027-05-04,2027-05-05,2027-05-06,2027-05-07,2027-05-10,2027-05-11,2027-05-12,2027-05-13,2027-05-14,2027-05-17,2027-05-18,2027-05-19,2027-05-20,2027-05-21,2027-05-24,2027-05-25,2027-05-26,2027-05-27,2027-05-28,2027-06-01,2027-06-02,2027-06-03,2027-06-04,2027-06-07,2027-06-08,2027-06-09,2027-06-10,2027-06-11,2027-06-14,2027-06-15,2027-06-16,2027-06-17,2027-06-18,2027-06-21,2027-06-22,2027-06-23,2027-06-24,2027-06-25,2027-06-28,2027-06-29,2027-06-30,2027-07-01,2027-07-02,2027-07-06,2027-07-07,2027-07-08,2027-07-09,2027-07-12",,2026-07-13,2026-08-19,,hlgtfs.zip,hartford_gtfs_effective_2026-07-11_updated_2026-08-19.zip,0,To Southbound to Hartford; GTFS; gtfs_trip_id=8020; gtfs_service_id=2; source_origin=Springfield; source_destination=Hartford
CTrail,Hartford Line,Hartford Line,CTrail 4407,To Southbound to New Haven Union Station,WFD,Wallingford,4,14:58,14:58,2026-07-13,2027-07-12,"2026-07-13,2026-07-14,2026-07-15,2026-07-16,2026-07-17,2026-07-20,2026-07-21,2026-07-22,2026-07-23,2026-07-24,2026-07-27,2026-07-28,2026-07-29,2026-07-30,2026-07-31,2026-08-03,2026-08-04,2026-08-05,2026-08-06,2026-08-07,2026-08-10,2026-08-11,2026-08-12,2026-08-13,2026-08-14,2026-08-17,2026-08-18,2026-08-19,2026-08-20,2026-08-21,2026-08-24,2026-08-25,2026-08-26,2026-08-27,2026-08-28,2026-08-31,2026-09-01,2026-09-02,2026-09-03,2026-09-04,2026-09-08,2026-09-09,2026-09-10,2026-09-11,2026-09-14,2026-09-15,2026-09-16,2026-09-17,2026-09-18,2026-09-21,2026-09-22,2026-09-23,2026-09-24,2026-09-25,2026-09-28,2026-09-29,2026-09-30,2026-10-01,2026-10-02,2026-10-05,2026-10-06,2026-10-07,2026-10-08,2026-10-09,2026-10-12,2026-10-13,2026-10-14,2026-10-15,2026-10-16,2026-10-19,2026-10-20,2026-10-21,2026-10-22,2026-10-23,2026-10-26,2026-10-27,2026-10-28,2026-10-29,2026-10-30,2026-11-02,2026-11-03,2026-11-04,2026-11-05,2026-11-06,2026-11-09,2026-11-10,2026-11-11,2026-11-12,2026-11-13,2026-11-16,2026-11-17,2026-11-18,2026-11-19,2026-11-20,2026-11-23,2026-11-24,2026-11-25,2026-11-27,2026-11-30,2026-12-01,2026-12-02,2026-12-03,2026-12-04,2026-12-07,2026-12-08,2026-12-09,2026-12-10,2026-12-11,2026-12-14,2026-12-15,2026-12-16,2026-12-17,2026-12-18,2026-12-21,2026-12-22,2026-12-23,2026-12-24,2026-12-28,2026-12-29,2026-12-30,2026-12-31,2027-01-04,2027-01-05,2027-01-06,2027-01-07,2027-01-08,2027-01-11,2027-01-12,2027-01-13,2027-01-14,2027-01-15,2027-01-19,2027-01-20,2027-01-21,2027-01-22,2027-01-25,2027-01-26,2027-01-27,2027-01-28,2027-01-29,2027-02-01,2027-02-02,2027-02-03,2027-02-04,2027-02-05,2027-02-08,2027-02-09,2027-02-10,2027-02-11,2027-02-12,2027-02-16,2027-02-17,2027-02-18,2027-02-19,2027-02-22,2027-02-23,2027-02-24,2027-02-25,2027-02-26,2027-03-01,2027-03-02,2027-03-03,2027-03-04,2027-03-05,2027-03-08,2027-03-09,2027-03-10,2027-03-11,2027-03-12,2027-03-15,2027-03-16,2027-03-17,2027-03-18,2027-03-19,2027-03-22,2027-03-23,2027-03-24,2027-03-25,2027-03-26,2027-03-29,2027-03-30,2027-03-31,2027-04-01,2027-04-02,2027-04-05,2027-04-06,2027-04-07,2027-04-08,2027-04-09,2027-04-12,2027-04-13,2027-04-14,2027-04-15,2027-04-16,2027-04-19,2027-04-20,2027-04-21,2027-04-22,2027-04-23,2027-04-26,2027-04-27,2027-04-28,2027-04-29,2027-04-30,2027-05-03,2027-05-04,2027-05-05,2027-05-06,2027-05-07,2027-05-10,2027-05-11,2027-05-12,2027-05-13,2027-05-14,2027-05-17,2027-05-18,2027-05-19,2027-05-20,2027-05-21,2027-05-24,2027-05-25,2027-05-26,2027-05-27,2027-05-28,2027-06-01,2027-06-02,2027-06-03,2027-06-04,2027-06-07,2027-06-08,2027-06-09,2027-06-10,2027-06-11,2027-06-14,2027-06-15,2027-06-16,2027-06-17,2027-06-18,2027-06-21,2027-06-22,2027-06-23,2027-06-24,2027-06-25,2027-06-28,2027-06-29,2027-06-30,2027-07-01,2027-07-02,2027-07-06,2027-07-07,2027-07-08,2027-07-09,2027-07-12",,2026-07-13,2026-08-19,,hlgtfs.zip,hartford_gtfs_effective_2026-07-11_updated_2026-08-19.zip,0,To Southbound to New Haven Union Station; GTFS; gtfs_trip_id=22020; gtfs_service_id=2; source_origin=Hartford; source_destination=New Haven Union Station
CTrail,Hartford Line,Hartford Line,CTrail 4407,To Southbound to New Haven Union Station,STS,New Haven State Street,5,15:14,15:14,2026-07-13,2027-07-12,"2026-07-13,2026-07-14,2026-07-15,2026-07-16,2026-07-17,2026-07-20,2026-07-21,2026-07-22,2026-07-23,2026-07-24,2026-07-27,2026-07-28,2026-07-29,2026-07-30,2026-07-31,2026-08-03,2026-08-04,2026-08-05,2026-08-06,2026-08-07,2026-08-10,2026-08-11,2026-08-12,2026-08-13,2026-08-14,2026-08-17,2026-08-18,2026-08-19,2026-08-20,2026-08-21,2026-08-24,2026-08-25,2026-08-26,2026-08-27,2026-08-28,2026-08-31,2026-09-01,2026-09-02,2026-09-03,2026-09-04,2026-09-08,2026-09-09,2026-09-10,2026-09-11,2026-09-14,2026-09-15,2026-09-16,2026-09-17,2026-09-18,2026-09-21,2026-09-22,2026-09-23,2026-09-24,2026-09-25,2026-09-28,2026-09-29,2026-09-30,2026-10-01,2026-10-02,2026-10-05,2026-10-06,2026-10-07,2026-10-08,2026-10-09,2026-10-12,2026-10-13,2026-10-14,2026-10-15,2026-10-16,2026-10-19,2026-10-20,2026-10-21,2026-10-22,2026-10-23,2026-10-26,2026-10-27,2026-10-28,2026-10-29,2026-10-30,2026-11-02,2026-11-03,2026-11-04,2026-11-05,2026-11-06,2026-11-09,2026-11-10,2026-11-11,2026-11-12,2026-11-13,2026-11-16,2026-11-17,2026-11-18,2026-11-19,2026-11-20,2026-11-23,2026-11-24,2026-11-25,2026-11-27,2026-11-30,2026-12-01,2026-12-02,2026-12-03,2026-12-04,2026-12-07,2026-12-08,2026-12-09,2026-12-10,2026-12-11,2026-12-14,2026-12-15,2026-12-16,2026-12-17,2026-12-18,2026-12-21,2026-12-22,2026-12-23,2026-12-24,2026-12-28,2026-12-29,2026-12-30,2026-12-31,2027-01-04,2027-01-05,2027-01-06,2027-01-07,2027-01-08,2027-01-11,2027-01-12,2027-01-13,2027-01-14,2027-01-15,2027-01-19,2027-01-20,2027-01-21,2027-01-22,2027-01-25,2027-01-26,2027-01-27,2027-01-28,2027-01-29,2027-02-01,2027-02-02,2027-02-03,2027-02-04,2027-02-05,2027-02-08,2027-02-09,2027-02-10,2027-02-11,2027-02-12,2027-02-16,2027-02-17,2027-02-18,2027-02-19,2027-02-22,2027-02-23,2027-02-24,2027-02-25,2027-02-26,2027-03-01,2027-03-02,2027-03-03,2027-03-04,2027-03-05,2027-03-08,2027-03-09,2027-03-10,2027-03-11,2027-03-12,2027-03-15,2027-03-16,2027-03-17,2027-03-18,2027-03-19,2027-03-22,2027-03-23,2027-03-24,2027-03-25,2027-03-26,2027-03-29,2027-03-30,2027-03-31,2027-04-01,2027-04-02,2027-04-05,2027-04-06,2027-04-07,2027-04-08,2027-04-09,2027-04-12,2027-04-13,2027-04-14,2027-04-15,2027-04-16,2027-04-19,2027-04-20,2027-04-21,2027-04-22,2027-04-23,2027-04-26,2027-04-27,2027-04-28,2027-04-29,2027-04-30,2027-05-03,2027-05-04,2027-05-05,2027-05-06,2027-05-07,2027-05-10,2027-05-11,2027-05-12,2027-05-13,2027-05-14,2027-05-17,2027-05-18,2027-05-19,2027-05-20,2027-05-21,2027-05-24,2027-05-25,2027-05-26,2027-05-27,2027-05-28,2027-06-01,2027-06-02,2027-06-03,2027-06-04,2027-06-07,2027-06-08,2027-06-09,2027-06-10,2027-06-11,2027-06-14,2027-06-15,2027-06-16,2027-06-17,2027-06-18,2027-06-21,2027-06-22,2027-06-23,2027-06-24,2027-06-25,2027-06-28,2027-06-29,2027-06-30,2027-07-01,2027-07-02,2027-07-06,2027-07-07,2027-07-08,2027-07-09,2027-07-12",,2026-07-13,2026-08-19,,hlgtfs.zip,hartford_gtfs_effective_2026-07-11_updated_2026-08-19.zip,0,To Southbound to New Haven Union Station; GTFS; gtfs_trip_id=22020; gtfs_service_id=2; source_origin=Hartford; source_destination=New Haven Union Station
CTrail,Hartford Line,Hartford Line,CTrail 4407,To Southbound to New Haven Union Station,NHV,New Haven Union Station,6,15:22,15:22,2026-07-13,2027-07-12,"2026-07-13,2026-07-14,2026-07-15,2026-07-16,2026-07-17,2026-07-20,2026-07-21,2026-07-22,2026-07-23,2026-07-24,2026-07-27,2026-07-28,2026-07-29,2026-07-30,2026-07-31,2026-08-03,2026-08-04,2026-08-05,2026-08-06,2026-08-07,2026-08-10,2026-08-11,2026-08-12,2026-08-13,2026-08-14,2026-08-17,2026-08-18,2026-08-19,2026-08-20,2026-08-21,2026-08-24,2026-08-25,2026-08-26,2026-08-27,2026-08-28,2026-08-31,2026-09-01,2026-09-02,2026-09-03,2026-09-04,2026-09-08,2026-09-09,2026-09-10,2026-09-11,2026-09-14,2026-09-15,2026-09-16,2026-09-17,2026-09-18,2026-09-21,2026-09-22,2026-09-23,2026-09-24,2026-09-25,2026-09-28,2026-09-29,2026-09-30,2026-10-01,2026-10-02,2026-10-05,2026-10-06,2026-10-07,2026-10-08,2026-10-09,2026-10-12,2026-10-13,2026-10-14,2026-10-15,2026-10-16,2026-10-19,2026-10-20,2026-10-21,2026-10-22,2026-10-23,2026-10-26,2026-10-27,2026-10-28,2026-10-29,2026-10-30,2026-11-02,2026-11-03,2026-11-04,2026-11-05,2026-11-06,2026-11-09,2026-11-10,2026-11-11,2026-11-12,2026-11-13,2026-11-16,2026-11-17,2026-11-18,2026-11-19,2026-11-20,2026-11-23,2026-11-24,2026-11-25,2026-11-27,2026-11-30,2026-12-01,2026-12-02,2026-12-03,2026-12-04,2026-12-07,2026-12-08,2026-12-09,2026-12-10,2026-12-11,2026-12-14,2026-12-15,2026-12-16,2026-12-17,2026-12-18,2026-12-21,2026-12-22,2026-12-23,2026-12-24,2026-12-28,2026-12-29,2026-12-30,2026-12-31,2027-01-04,2027-01-05,2027-01-06,2027-01-07,2027-01-08,2027-01-11,2027-01-12,2027-01-13,2027-01-14,2027-01-15,2027-01-19,2027-01-20,2027-01-21,2027-01-22,2027-01-25,2027-01-26,2027-01-27,2027-01-28,2027-01-29,2027-02-01,2027-02-02,2027-02-03,2027-02-04,2027-02-05,2027-02-08,2027-02-09,2027-02-10,2027-02-11,2027-02-12,2027-02-16,2027-02-17,2027-02-18,2027-02-19,2027-02-22,2027-02-23,2027-02-24,2027-02-25,2027-02-26,2027-03-01,2027-03-02,2027-03-03,2027-03-04,2027-03-05,2027-03-08,2027-03-09,2027-03-10,2027-03-11,2027-03-12,2027-03-15,2027-03-16,2027-03-17,2027-03-18,2027-03-19,2027-03-22,2027-03-23,2027-03-24,2027-03-25,2027-03-26,2027-03-29,2027-03-30,2027-03-31,2027-04-01,2027-04-02,2027-04-05,2027-04-06,2027-04-07,2027-04-08,2027-04-09,2027-04-12,2027-04-13,2027-04-14,2027-04-15,2027-04-16,2027-04-19,2027-04-20,2027-04-21,2027-04-22,2027-04-23,2027-04-26,2027-04-27,2027-04-28,2027-04-29,2027-04-30,2027-05-03,2027-05-04,2027-05-05,2027-05-06,2027-05-07,2027-05-10,2027-05-11,2027-05-12,2027-05-13,2027-05-14,2027-05-17,2027-05-18,2027-05-19,2027-05-20,2027-05-21,2027-05-24,2027-05-25,2027-05-26,2027-05-27,2027-05-28,2027-06-01,2027-06-02,2027-06-03,2027-06-04,2027-06-07,2027-06-08,2027-06-09,2027-06-10,2027-06-11,2027-06-14,2027-06-15,2027-06-16,2027-06-17,2027-06-18,2027-06-21,2027-06-22,2027-06-23,2027-06-24,2027-06-25,2027-06-28,2027-06-29,2027-06-30,2027-07-01,2027-07-02,2027-07-06,2027-07-07,2027-07-08,2027-07-09,2027-07-12",,2026-07-13,2026-08-19,,hlgtfs.zip,hartford_gtfs_effective_2026-07-11_updated_2026-08-19.zip,0,To Southbound to New Haven Union Station; GTFS; gtfs_trip_id=22020; gtfs_service_id=2; source_origin=Hartford; source_destination=New Haven Union Station
CTrail,Hartford Line,Hartford Line,CTrail 4414,To Northbound to Springfield,NHV,New Haven Union Station,1,18:17,18:17,2026-07-13,2027-07-12,"2026-07-13,2026-07-14,2026-07-15,2026-07-16,2026-07-17,2026-07-20,2026-07-21,2026-07-22,2026-07-23,2026-07-24,2026-07-27,2026-07-28,2026-07-29,2026-07-30,2026-07-31,2026-08-03,2026-08-04,2026-08-05,2026-08-06,2026-08-07,2026-08-10,2026-08-11,2026-08-12,2026-08-13,2026-08-14,2026-08-17,2026-08-18,2026-08-19,2026-08-20,2026-08-21,2026-08-24,2026-08-25,2026-08-26,2026-08-27,2026-08-28,2026-08-31,2026-09-01,2026-09-02,2026-09-03,2026-09-04,2026-09-08,2026-09-09,2026-09-10,2026-09-11,2026-09-14,2026-09-15,2026-09-16,2026-09-17,2026-09-18,2026-09-21,2026-09-22,2026-09-23,2026-09-24,2026-09-25,2026-09-28,2026-09-29,2026-09-30,2026-10-01,2026-10-02,2026-10-05,2026-10-06,2026-10-07,2026-10-08,2026-10-09,2026-10-12,2026-10-13,2026-10-14,2026-10-15,2026-10-16,2026-10-19,2026-10-20,2026-10-21,2026-10-22,2026-10-23,2026-10-26,2026-10-27,2026-10-28,2026-10-29,2026-10-30,2026-11-02,2026-11-03,2026-11-04,2026-11-05,2026-11-06,2026-11-09,2026-11-10,2026-11-11,2026-11-12,2026-11-13,2026-11-16,2026-11-17,2026-11-18,2026-11-19,2026-11-20,2026-11-23,2026-11-24,2026-11-25,2026-11-27,2026-11-30,2026-12-01,2026-12-02,2026-12-03,2026-12-04,2026-12-07,2026-12-08,2026-12-09,2026-12-10,2026-12-11,2026-12-14,2026-12-15,2026-12-16,2026-12-17,2026-12-18,2026-12-21,2026-12-22,2026-12-23,2026-12-24,2026-12-28,2026-12-29,2026-12-30,2026-12-31,2027-01-04,2027-01-05,2027-01-06,2027-01-07,2027-01-08,2027-01-11,2027-01-12,2027-01-13,2027-01-14,2027-01-15,2027-01-19,2027-01-20,2027-01-21,2027-01-22,2027-01-25,2027-01-26,2027-01-27,2027-01-28,2027-01-29,2027-02-01,2027-02-02,2027-02-03,2027-02-04,2027-02-05,2027-02-08,2027-02-09,2027-02-10,2027-02-11,2027-02-12,2027-02-16,2027-02-17,2027-02-18,2027-02-19,2027-02-22,2027-02-23,2027-02-24,2027-02-25,2027-02-26,2027-03-01,2027-03-02,2027-03-03,2027-03-04,2027-03-05,2027-03-08,2027-03-09,2027-03-10,2027-03-11,2027-03-12,2027-03-15,2027-03-16,2027-03-17,2027-03-18,2027-03-19,2027-03-22,2027-03-23,2027-03-24,2027-03-25,2027-03-26,2027-03-29,2027-03-30,2027-03-31,2027-04-01,2027-04-02,2027-04-05,2027-04-06,2027-04-07,2027-04-08,2027-04-09,2027-04-12,2027-04-13,2027-04-14,2027-04-15,2027-04-16,2027-04-19,2027-04-20,2027-04-21,2027-04-22,2027-04-23,2027-04-26,2027-04-27,2027-04-28,2027-04-29,2027-04-30,2027-05-03,2027-05-04,2027-05-05,2027-05-06,2027-05-07,2027-05-10,2027-05-11,2027-05-12,2027-05-13,2027-05-14,2027-05-17,2027-05-18,2027-05-19,2027-05-20,2027-05-21,2027-05-24,2027-05-25,2027-05-26,2027-05-27,2027-05-28,2027-06-01,2027-06-02,2027-06-03,2027-06-04,2027-06-07,2027-06-08,2027-06-09,2027-06-10,2027-06-11,2027-06-14,2027-06-15,2027-06-16,2027-06-17,2027-06-18,2027-06-21,2027-06-22,2027-06-23,2027-06-24,2027-06-25,2027-06-28,2027-06-29,2027-06-30,2027-07-01,2027-07-02,2027-07-06,2027-07-07,2027-07-08,2027-07-09,2027-07-12",,2026-07-13,2026-08-19,,hlgtfs.zip,hartford_gtfs_effective_2026-07-11_updated_2026-08-19.zip,0,To Northbound to Springfield; GTFS; gtfs_trip_id=19020; gtfs_service_id=2; source_origin=New Haven Union Station; source_destination=Springfield
CTrail,Hartford Line,Hartford Line,CTrail 4414,To Northbound to Springfield,STS,New Haven State Street,2,18:20,18:20,2026-07-13,2027-07-12,"2026-07-13,2026-07-14,2026-07-15,2026-07-16,2026-07-17,2026-07-20,2026-07-21,2026-07-22,2026-07-23,2026-07-24,2026-07-27,2026-07-28,2026-07-29,2026-07-30,2026-07-31,2026-08-03,2026-08-04,2026-08-05,2026-08-06,2026-08-07,2026-08-10,2026-08-11,2026-08-12,2026-08-13,2026-08-14,2026-08-17,2026-08-18,2026-08-19,2026-08-20,2026-08-21,2026-08-24,2026-08-25,2026-08-26,2026-08-27,2026-08-28,2026-08-31,2026-09-01,2026-09-02,2026-09-03,2026-09-04,2026-09-08,2026-09-09,2026-09-10,2026-09-11,2026-09-14,2026-09-15,2026-09-16,2026-09-17,2026-09-18,2026-09-21,2026-09-22,2026-09-23,2026-09-24,2026-09-25,2026-09-28,2026-09-29,2026-09-30,2026-10-01,2026-10-02,2026-10-05,2026-10-06,2026-10-07,2026-10-08,2026-10-09,2026-10-12,2026-10-13,2026-10-14,2026-10-15,2026-10-16,2026-10-19,2026-10-20,2026-10-21,2026-10-22,2026-10-23,2026-10-26,2026-10-27,2026-10-28,2026-10-29,2026-10-30,2026-11-02,2026-11-03,2026-11-04,2026-11-05,2026-11-06,2026-11-09,2026-11-10,2026-11-11,2026-11-12,2026-11-13,2026-11-16,2026-11-17,2026-11-18,2026-11-19,2026-11-20,2026-11-23,2026-11-24,2026-11-25,2026-11-27,2026-11-30,2026-12-01,2026-12-02,2026-12-03,2026-12-04,2026-12-07,2026-12-08,2026-12-09,2026-12-10,2026-12-11,2026-12-14,2026-12-15,2026-12-16,2026-12-17,2026-12-18,2026-12-21,2026-12-22,2026-12-23,2026-12-24,2026-12-28,2026-12-29,2026-12-30,2026-12-31,2027-01-04,2027-01-05,2027-01-06,2027-01-07,2027-01-08,2027-01-11,2027-01-12,2027-01-13,2027-01-14,2027-01-15,2027-01-19,2027-01-20,2027-01-21,2027-01-22,2027-01-25,2027-01-26,2027-01-27,2027-01-28,2027-01-29,2027-02-01,2027-02-02,2027-02-03,2027-02-04,2027-02-05,2027-02-08,2027-02-09,2027-02-10,2027-02-11,2027-02-12,2027-02-16,2027-02-17,2027-02-18,2027-02-19,2027-02-22,2027-02-23,2027-02-24,2027-02-25,2027-02-26,2027-03-01,2027-03-02,2027-03-03,2027-03-04,2027-03-05,2027-03-08,2027-03-09,2027-03-10,2027-03-11,2027-03-12,2027-03-15,2027-03-16,2027-03-17,2027-03-18,2027-03-19,2027-03-22,2027-03-23,2027-03-24,2027-03-25,2027-03-26,2027-03-29,2027-03-30,2027-03-31,2027-04-01,2027-04-02,2027-04-05,2027-04-06,2027-04-07,2027-04-08,2027-04-09,2027-04-12,2027-04-13,2027-04-14,2027-04-15,2027-04-16,2027-04-19,2027-04-20,2027-04-21,2027-04-22,2027-04-23,2027-04-26,2027-04-27,2027-04-28,2027-04-29,2027-04-30,2027-05-03,2027-05-04,2027-05-05,2027-05-06,2027-05-07,2027-05-10,2027-05-11,2027-05-12,2027-05-13,2027-05-14,2027-05-17,2027-05-18,2027-05-19,2027-05-20,2027-05-21,2027-05-24,2027-05-25,2027-05-26,2027-05-27,2027-05-28,2027-06-01,2027-06-02,2027-06-03,2027-06-04,2027-06-07,2027-06-08,2027-06-09,2027-06-10,2027-06-11,2027-06-14,2027-06-15,2027-06-16,2027-06-17,2027-06-18,2027-06-21,2027-06-22,2027-06-23,2027-06-24,2027-06-25,2027-06-28,2027-06-29,2027-06-30,2027-07-01,2027-07-02,2027-07-06,2027-07-07,2027-07-08,2027-07-09,2027-07-12",,2026-07-13,2026-08-19,,hlgtfs.zip,hartford_gtfs_effective_2026-07-11_updated_2026-08-19.zip,0,To Northbound to Springfield; GTFS; gtfs_trip_id=19020; gtfs_service_id=2; source_origin=New Haven Union Station; source_destination=Springfield
CTrail,Hartford Line,Hartford Line,CTrail 4414,To Northbound to Springfield,WFD,Wallingford,3,18:35,18:35,2026-07-13,2027-07-12,"2026-07-13,2026-07-14,2026-07-15,2026-07-16,2026-07-17,2026-07-20,2026-07-21,2026-07-22,2026-07-23,2026-07-24,2026-07-27,2026-07-28,2026-07-29,2026-07-30,2026-07-31,2026-08-03,2026-08-04,2026-08-05,2026-08-06,2026-08-07,2026-08-10,2026-08-11,2026-08-12,2026-08-13,2026-08-14,2026-08-17,2026-08-18,2026-08-19,2026-08-20,2026-08-21,2026-08-24,2026-08-25,2026-08-26,2026-08-27,2026-08-28,2026-08-31,2026-09-01,2026-09-02,2026-09-03,2026-09-04,2026-09-08,2026-09-09,2026-09-10,2026-09-11,2026-09-14,2026-09-15,2026-09-16,2026-09-17,2026-09-18,2026-09-21,2026-09-22,2026-09-23,2026-09-24,2026-09-25,2026-09-28,2026-09-29,2026-09-30,2026-10-01,2026-10-02,2026-10-05,2026-10-06,2026-10-07,2026-10-08,2026-10-09,2026-10-12,2026-10-13,2026-10-14,2026-10-15,2026-10-16,2026-10-19,2026-10-20,2026-10-21,2026-10-22,2026-10-23,2026-10-26,2026-10-27,2026-10-28,2026-10-29,2026-10-30,2026-11-02,2026-11-03,2026-11-04,2026-11-05,2026-11-06,2026-11-09,2026-11-10,2026-11-11,2026-11-12,2026-11-13,2026-11-16,2026-11-17,2026-11-18,2026-11-19,2026-11-20,2026-11-23,2026-11-24,2026-11-25,2026-11-27,2026-11-30,2026-12-01,2026-12-02,2026-12-03,2026-12-04,2026-12-07,2026-12-08,2026-12-09,2026-12-10,2026-12-11,2026-12-14,2026-12-15,2026-12-16,2026-12-17,2026-12-18,2026-12-21,2026-12-22,2026-12-23,2026-12-24,2026-12-28,2026-12-29,2026-12-30,2026-12-31,2027-01-04,2027-01-05,2027-01-06,2027-01-07,2027-01-08,2027-01-11,2027-01-12,2027-01-13,2027-01-14,2027-01-15,2027-01-19,2027-01-20,2027-01-21,2027-01-22,2027-01-25,2027-01-26,2027-01-27,2027-01-28,2027-01-29,2027-02-01,2027-02-02,2027-02-03,2027-02-04,2027-02-05,2027-02-08,2027-02-09,2027-02-10,2027-02-11,2027-02-12,2027-02-16,2027-02-17,2027-02-18,2027-02-19,2027-02-22,2027-02-23,2027-02-24,2027-02-25,2027-02-26,2027-03-01,2027-03-02,2027-03-03,2027-03-04,2027-03-05,2027-03-08,2027-03-09,2027-03-10,2027-03-11,2027-03-12,2027-03-15,2027-03-16,2027-03-17,2027-03-18,2027-03-19,2027-03-22,2027-03-23,2027-03-24,2027-03-25,2027-03-26,2027-03-29,2027-03-30,2027-03-31,2027-04-01,2027-04-02,2027-04-05,2027-04-06,2027-04-07,2027-04-08,2027-04-09,2027-04-12,2027-04-13,2027-04-14,2027-04-15,2027-04-16,2027-04-19,2027-04-20,2027-04-21,2027-04-22,2027-04-23,2027-04-26,2027-04-27,2027-04-28,2027-04-29,2027-04-30,2027-05-03,2027-05-04,2027-05-05,2027-05-06,2027-05-07,2027-05-10,2027-05-11,2027-05-12,2027-05-13,2027-05-14,2027-05-17,2027-05-18,2027-05-19,2027-05-20,2027-05-21,2027-05-24,2027-05-25,2027-05-26,2027-05-27,2027-05-28,2027-06-01,2027-06-02,2027-06-03,2027-06-04,2027-06-07,2027-06-08,2027-06-09,2027-06-10,2027-06-11,2027-06-14,2027-06-15,2027-06-16,2027-06-17,2027-06-18,2027-06-21,2027-06-22,2027-06-23,2027-06-24,2027-06-25,2027-06-28,2027-06-29,2027-06-30,2027-07-01,2027-07-02,2027-07-06,2027-07-07,2027-07-08,2027-07-09,2027-07-12",,2026-07-13,2026-08-19,,hlgtfs.zip,hartford_gtfs_effective_2026-07-11_updated_2026-08-19.zip,0,To Northbound to Springfield; GTFS; gtfs_trip_id=19020; gtfs_service_id=2; source_origin=New Haven Union Station; source_destination=Springfield
CTrail,Hartford Line,Hartford Line,CTrail 4414,To Northbound to Springfield,MDN,Meriden,4,18:44,18:44,2026-07-13,2027-07-12,"2026-07-13,2026-07-14,2026-07-15,2026-07-16,2026-07-17,2026-07-20,2026-07-21,2026-07-22,2026-07-23,2026-07-24,2026-07-27,2026-07-28,2026-07-29,2026-07-30,2026-07-31,2026-08-03,2026-08-04,2026-08-05,2026-08-06,2026-08-07,2026-08-10,2026-08-11,2026-08-12,2026-08-13,2026-08-14,2026-08-17,2026-08-18,2026-08-19,2026-08-20,2026-08-21,2026-08-24,2026-08-25,2026-08-26,2026-08-27,2026-08-28,2026-08-31,2026-09-01,2026-09-02,2026-09-03,2026-09-04,2026-09-08,2026-09-09,2026-09-10,2026-09-11,2026-09-14,2026-09-15,2026-09-16,2026-09-17,2026-09-18,2026-09-21,2026-09-22,2026-09-23,2026-09-24,2026-09-25,2026-09-28,2026-09-29,2026-09-30,2026-10-01,2026-10-02,2026-10-05,2026-10-06,2026-10-07,2026-10-08,2026-10-09,2026-10-12,2026-10-13,2026-10-14,2026-10-15,2026-10-16,2026-10-19,2026-10-20,2026-10-21,2026-10-22,2026-10-23,2026-10-26,2026-10-27,2026-10-28,2026-10-29,2026-10-30,2026-11-02,2026-11-03,2026-11-04,2026-11-05,2026-11-06,2026-11-09,2026-11-10,2026-11-11,2026-11-12,2026-11-13,2026-11-16,2026-11-17,2026-11-18,2026-11-19,2026-11-20,2026-11-23,2026-11-24,2026-11-25,2026-11-27,2026-11-30,2026-12-01,2026-12-02,2026-12-03,2026-12-04,2026-12-07,2026-12-08,2026-12-09,2026-12-10,2026-12-11,2026-12-14,2026-12-15,2026-12-16,2026-12-17,2026-12-18,2026-12-21,2026-12-22,2026-12-23,2026-12-24,2026-12-28,2026-12-29,2026-12-30,2026-12-31,2027-01-04,2027-01-05,2027-01-06,2027-01-07,2027-01-08,2027-01-11,2027-01-12,2027-01-13,2027-01-14,2027-01-15,2027-01-19,2027-01-20,2027-01-21,2027-01-22,2027-01-25,2027-01-26,2027-01-27,2027-01-28,2027-01-29,2027-02-01,2027-02-02,2027-02-03,2027-02-04,2027-02-05,2027-02-08,2027-02-09,2027-02-10,2027-02-11,2027-02-12,2027-02-16,2027-02-17,2027-02-18,2027-02-19,2027-02-22,2027-02-23,2027-02-24,2027-02-25,2027-02-26,2027-03-01,2027-03-02,2027-03-03,2027-03-04,2027-03-05,2027-03-08,2027-03-09,2027-03-10,2027-03-11,2027-03-12,2027-03-15,2027-03-16,2027-03-17,2027-03-18,2027-03-19,2027-03-22,2027-03-23,2027-03-24,2027-03-25,2027-03-26,2027-03-29,2027-03-30,2027-03-31,2027-04-01,2027-04-02,2027-04-05,2027-04-06,2027-04-07,2027-04-08,2027-04-09,2027-04-12,2027-04-13,2027-04-14,2027-04-15,2027-04-16,2027-04-19,2027-04-20,2027-04-21,2027-04-22,2027-04-23,2027-04-26,2027-04-27,2027-04-28,2027-04-29,2027-04-30,2027-05-03,2027-05-04,2027-05-05,2027-05-06,2027-05-07,2027-05-10,2027-05-11,2027-05-12,2027-05-13,2027-05-14,2027-05-17,2027-05-18,2027-05-19,2027-05-20,2027-05-21,2027-05-24,2027-05-25,2027-05-26,2027-05-27,2027-05-28,2027-06-01,2027-06-02,2027-06-03,2027-06-04,2027-06-07,2027-06-08,2027-06-09,2027-06-10,2027-06-11,2027-06-14,2027-06-15,2027-06-16,2027-06-17,2027-06-18,2027-06-21,2027-06-22,2027-06-23,2027-06-24,2027-06-25,2027-06-28,2027-06-29,2027-06-30,2027-07-01,2027-07-02,2027-07-06,2027-07-07,2027-07-08,2027-07-09,2027-07-12",,2026-07-13,2026-08-19,,hlgtfs.zip,hartford_gtfs_effective_2026-07-11_updated_2026-08-19.zip,0,To Northbound to Springfield; GTFS; gtfs_trip_id=19020; gtfs_service_id=2; source_origin=New Haven Union Station; source_destination=Springfield
CTrail,Hartford Line,Hartford Line,CTrail 4414,To Northbound to Springfield,BER,Berlin,5,18:53,18:53,2026-07-13,2027-07-12,"2026-07-13,2026-07-14,2026-07-15,2026-07-16,2026-07-17,2026-07-20,2026-07-21,2026-07-22,2026-07-23,2026-07-24,2026-07-27,2026-07-28,2026-07-29,2026-07-30,2026-07-31,2026-08-03,2026-08-04,2026-08-05,2026-08-06,2026-08-07,2026-08-10,2026-08-11,2026-08-12,2026-08-13,2026-08-14,2026-08-17,2026-08-18,2026-08-19,2026-08-20,2026-08-21,2026-08-24,2026-08-25,2026-08-26,2026-08-27,2026-08-28,2026-08-31,2026-09-01,2026-09-02,2026-09-03,2026-09-04,2026-09-08,2026-09-09,2026-09-10,2026-09-11,2026-09-14,2026-09-15,2026-09-16,2026-09-17,2026-09-18,2026-09-21,2026-09-22,2026-09-23,2026-09-24,2026-09-25,2026-09-28,2026-09-29,2026-09-30,2026-10-01,2026-10-02,2026-10-05,2026-10-06,2026-10-07,2026-10-08,2026-10-09,2026-10-12,2026-10-13,2026-10-14,2026-10-15,2026-10-16,2026-10-19,2026-10-20,2026-10-21,2026-10-22,2026-10-23,2026-10-26,2026-10-27,2026-10-28,2026-10-29,2026-10-30,2026-11-02,2026-11-03,2026-11-04,2026-11-05,2026-11-06,2026-11-09,2026-11-10,2026-11-11,2026-11-12,2026-11-13,2026-11-16,2026-11-17,2026-11-18,2026-11-19,2026-11-20,2026-11-23,2026-11-24,2026-11-25,2026-11-27,2026-11-30,2026-12-01,2026-12-02,2026-12-03,2026-12-04,2026-12-07,2026-12-08,2026-12-09,2026-12-10,2026-12-11,2026-12-14,2026-12-15,2026-12-16,2026-12-17,2026-12-18,2026-12-21,2026-12-22,2026-12-23,2026-12-24,2026-12-28,2026-12-29,2026-12-30,2026-12-31,2027-01-04,2027-01-05,2027-01-06,2027-01-07,2027-01-08,2027-01-11,2027-01-12,2027-01-13,2027-01-14,2027-01-15,2027-01-19,2027-01-20,2027-01-21,2027-01-22,2027-01-25,2027-01-26,2027-01-27,2027-01-28,2027-01-29,2027-02-01,2027-02-02,2027-02-03,2027-02-04,2027-02-05,2027-02-08,2027-02-09,2027-02-10,2027-02-11,2027-02-12,2027-02-16,2027-02-17,2027-02-18,2027-02-19,2027-02-22,2027-02-23,2027-02-24,2027-02-25,2027-02-26,2027-03-01,2027-03-02,2027-03-03,2027-03-04,2027-03-05,2027-03-08,2027-03-09,2027-03-10,2027-03-11,2027-03-12,2027-03-15,2027-03-16,2027-03-17,2027-03-18,2027-03-19,2027-03-22,2027-03-23,2027-03-24,2027-03-25,2027-03-26,2027-03-29,2027-03-30,2027-03-31,2027-04-01,2027-04-02,2027-04-05,2027-04-06,2027-04-07,2027-04-08,2027-04-09,2027-04-12,2027-04-13,2027-04-14,2027-04-15,2027-04-16,2027-04-19,2027-04-20,2027-04-21,2027-04-22,2027-04-23,2027-04-26,2027-04-27,2027-04-28,2027-04-29,2027-04-30,2027-05-03,2027-05-04,2027-05-05,2027-05-06,2027-05-07,2027-05-10,2027-05-11,2027-05-12,2027-05-13,2027-05-14,2027-05-17,2027-05-18,2027-05-19,2027-05-20,2027-05-21,2027-05-24,2027-05-25,2027-05-26,2027-05-27,2027-05-28,2027-06-01,2027-06-02,2027-06-03,2027-06-04,2027-06-07,2027-06-08,2027-06-09,2027-06-10,2027-06-11,2027-06-14,2027-06-15,2027-06-16,2027-06-17,2027-06-18,2027-06-21,2027-06-22,2027-06-23,2027-06-24,2027-06-25,2027-06-28,2027-06-29,2027-06-30,2027-07-01,2027-07-02,2027-07-06,2027-07-07,2027-07-08,2027-07-09,2027-07-12",,2026-07-13,2026-08-19,,hlgtfs.zip,hartford_gtfs_effective_2026-07-11_updated_2026-08-19.zip,0,To Northbound to Springfield; GTFS; gtfs_trip_id=19020; gtfs_service_id=2; source_origin=New Haven Union Station; source_destination=Springfield
CTrail,Hartford Line,Hartford Line,CTrail 4414,To Northbound to Springfield,HFD,Hartford,6,19:07,19:07,2026-07-13,2027-07-12,"2026-07-13,2026-07-14,2026-07-15,2026-07-16,2026-07-17,2026-07-20,2026-07-21,2026-07-22,2026-07-23,2026-07-24,2026-07-27,2026-07-28,2026-07-29,2026-07-30,2026-07-31,2026-08-03,2026-08-04,2026-08-05,2026-08-06,2026-08-07,2026-08-10,2026-08-11,2026-08-12,2026-08-13,2026-08-14,2026-08-17,2026-08-18,2026-08-19,2026-08-20,2026-08-21,2026-08-24,2026-08-25,2026-08-26,2026-08-27,2026-08-28,2026-08-31,2026-09-01,2026-09-02,2026-09-03,2026-09-04,2026-09-08,2026-09-09,2026-09-10,2026-09-11,2026-09-14,2026-09-15,2026-09-16,2026-09-17,2026-09-18,2026-09-21,2026-09-22,2026-09-23,2026-09-24,2026-09-25,2026-09-28,2026-09-29,2026-09-30,2026-10-01,2026-10-02,2026-10-05,2026-10-06,2026-10-07,2026-10-08,2026-10-09,2026-10-12,2026-10-13,2026-10-14,2026-10-15,2026-10-16,2026-10-19,2026-10-20,2026-10-21,2026-10-22,2026-10-23,2026-10-26,2026-10-27,2026-10-28,2026-10-29,2026-10-30,2026-11-02,2026-11-03,2026-11-04,2026-11-05,2026-11-06,2026-11-09,2026-11-10,2026-11-11,2026-11-12,2026-11-13,2026-11-16,2026-11-17,2026-11-18,2026-11-19,2026-11-20,2026-11-23,2026-11-24,2026-11-25,2026-11-27,2026-11-30,2026-12-01,2026-12-02,2026-12-03,2026-12-04,2026-12-07,2026-12-08,2026-12-09,2026-12-10,2026-12-11,2026-12-14,2026-12-15,2026-12-16,2026-12-17,2026-12-18,2026-12-21,2026-12-22,2026-12-23,2026-12-24,2026-12-28,2026-12-29,2026-12-30,2026-12-31,2027-01-04,2027-01-05,2027-01-06,2027-01-07,2027-01-08,2027-01-11,2027-01-12,2027-01-13,2027-01-14,2027-01-15,2027-01-19,2027-01-20,2027-01-21,2027-01-22,2027-01-25,2027-01-26,2027-01-27,2027-01-28,2027-01-29,2027-02-01,2027-02-02,2027-02-03,2027-02-04,2027-02-05,2027-02-08,2027-02-09,2027-02-10,2027-02-11,2027-02-12,2027-02-16,2027-02-17,2027-02-18,2027-02-19,2027-02-22,2027-02-23,2027-02-24,2027-02-25,2027-02-26,2027-03-01,2027-03-02,2027-03-03,2027-03-04,2027-03-05,2027-03-08,2027-03-09,2027-03-10,2027-03-11,2027-03-12,2027-03-15,2027-03-16,2027-03-17,2027-03-18,2027-03-19,2027-03-22,2027-03-23,2027-03-24,2027-03-25,2027-03-26,2027-03-29,2027-03-30,2027-03-31,2027-04-01,2027-04-02,2027-04-05,2027-04-06,2027-04-07,2027-04-08,2027-04-09,2027-04-12,2027-04-13,2027-04-14,2027-04-15,2027-04-16,2027-04-19,2027-04-20,2027-04-21,2027-04-22,2027-04-23,2027-04-26,2027-04-27,2027-04-28,2027-04-29,2027-04-30,2027-05-03,2027-05-04,2027-05-05,2027-05-06,2027-05-07,2027-05-10,2027-05-11,2027-05-12,2027-05-13,2027-05-14,2027-05-17,2027-05-18,2027-05-19,2027-05-20,2027-05-21,2027-05-24,2027-05-25,2027-05-26,2027-05-27,2027-05-28,2027-06-01,2027-06-02,2027-06-03,2027-06-04,2027-06-07,2027-06-08,2027-06-09,2027-06-10,2027-06-11,2027-06-14,2027-06-15,2027-06-16,2027-06-17,2027-06-18,2027-06-21,2027-06-22,2027-06-23,2027-06-24,2027-06-25,2027-06-28,2027-06-29,2027-06-30,2027-07-01,2027-07-02,2027-07-06,2027-07-07,2027-07-08,2027-07-09,2027-07-12",,2026-07-13,2026-08-19,,hlgtfs.zip,hartford_gtfs_effective_2026-07-11_updated_2026-08-19.zip,0,To Northbound to Springfield; GTFS; gtfs_trip_id=19020; gtfs_service_id=2; source_origin=New Haven Union Station; source_destination=Springfield
CTrail,Hartford Line,Hartford Line,CTrail 4414,To Northbound to Springfield,WND,Windsor,7,19:15,19:15,2026-07-13,2027-07-12,"2026-07-13,2026-07-14,2026-07-15,2026-07-16,2026-07-17,2026-07-20,2026-07-21,2026-07-22,2026-07-23,2026-07-24,2026-07-27,2026-07-28,2026-07-29,2026-07-30,2026-07-31,2026-08-03,2026-08-04,2026-08-05,2026-08-06,2026-08-07,2026-08-10,2026-08-11,2026-08-12,2026-08-13,2026-08-14,2026-08-17,2026-08-18,2026-08-19,2026-08-20,2026-08-21,2026-08-24,2026-08-25,2026-08-26,2026-08-27,2026-08-28,2026-08-31,2026-09-01,2026-09-02,2026-09-03,2026-09-04,2026-09-08,2026-09-09,2026-09-10,2026-09-11,2026-09-14,2026-09-15,2026-09-16,2026-09-17,2026-09-18,2026-09-21,2026-09-22,2026-09-23,2026-09-24,2026-09-25,2026-09-28,2026-09-29,2026-09-30,2026-10-01,2026-10-02,2026-10-05,2026-10-06,2026-10-07,2026-10-08,2026-10-09,2026-10-12,2026-10-13,2026-10-14,2026-10-15,2026-10-16,2026-10-19,2026-10-20,2026-10-21,2026-10-22,2026-10-23,2026-10-26,2026-10-27,2026-10-28,2026-10-29,2026-10-30,2026-11-02,2026-11-03,2026-11-04,2026-11-05,2026-11-06,2026-11-09,2026-11-10,2026-11-11,2026-11-12,2026-11-13,2026-11-16,2026-11-17,2026-11-18,2026-11-19,2026-11-20,2026-11-23,2026-11-24,2026-11-25,2026-11-27,2026-11-30,2026-12-01,2026-12-02,2026-12-03,2026-12-04,2026-12-07,2026-12-08,2026-12-09,2026-12-10,2026-12-11,2026-12-14,2026-12-15,2026-12-16,2026-12-17,2026-12-18,2026-12-21,2026-12-22,2026-12-23,2026-12-24,2026-12-28,2026-12-29,2026-12-30,2026-12-31,2027-01-04,2027-01-05,2027-01-06,2027-01-07,2027-01-08,2027-01-11,2027-01-12,2027-01-13,2027-01-14,2027-01-15,2027-01-19,2027-01-20,2027-01-21,2027-01-22,2027-01-25,2027-01-26,2027-01-27,2027-01-28,2027-01-29,2027-02-01,2027-02-02,2027-02-03,2027-02-04,2027-02-05,2027-02-08,2027-02-09,2027-02-10,2027-02-11,2027-02-12,2027-02-16,2027-02-17,2027-02-18,2027-02-19,2027-02-22,2027-02-23,2027-02-24,2027-02-25,2027-02-26,2027-03-01,2027-03-02,2027-03-03,2027-03-04,2027-03-05,2027-03-08,2027-03-09,2027-03-10,2027-03-11,2027-03-12,2027-03-15,2027-03-16,2027-03-17,2027-03-18,2027-03-19,2027-03-22,2027-03-23,2027-03-24,2027-03-25,2027-03-26,2027-03-29,2027-03-30,2027-03-31,2027-04-01,2027-04-02,2027-04-05,2027-04-06,2027-04-07,2027-04-08,2027-04-09,2027-04-12,2027-04-13,2027-04-14,2027-04-15,2027-04-16,2027-04-19,2027-04-20,2027-04-21,2027-04-22,2027-04-23,2027-04-26,2027-04-27,2027-04-28,2027-04-29,2027-04-30,2027-05-03,2027-05-04,2027-05-05,2027-05-06,2027-05-07,2027-05-10,2027-05-11,2027-05-12,2027-05-13,2027-05-14,2027-05-17,2027-05-18,2027-05-19,2027-05-20,2027-05-21,2027-05-24,2027-05-25,2027-05-26,2027-05-27,2027-05-28,2027-06-01,2027-06-02,2027-06-03,2027-06-04,2027-06-07,2027-06-08,2027-06-09,2027-06-10,2027-06-11,2027-06-14,2027-06-15,2027-06-16,2027-06-17,2027-06-18,2027-06-21,2027-06-22,2027-06-23,2027-06-24,2027-06-25,2027-06-28,2027-06-29,2027-06-30,2027-07-01,2027-07-02,2027-07-06,2027-07-07,2027-07-08,2027-07-09,2027-07-12",,2026-07-13,2026-08-19,,hlgtfs.zip,hartford_gtfs_effective_2026-07-11_updated_2026-08-19.zip,0,To Northbound to Springfield; GTFS; gtfs_trip_id=19020; gtfs_service_id=2; source_origin=New Haven Union Station; source_destination=Springfield
CTrail,Hartford Line,Hartford Line,CTrail 4414,To Northbound to Springfield,WNL,Windsor Locks,8,19:21,19:21,2026-07-13,2027-07-12,"2026-07-13,2026-07-14,2026-07-15,2026-07-16,2026-07-17,2026-07-20,2026-07-21,2026-07-22,2026-07-23,2026-07-24,2026-07-27,2026-07-28,2026-07-29,2026-07-30,2026-07-31,2026-08-03,2026-08-04,2026-08-05,2026-08-06,2026-08-07,2026-08-10,2026-08-11,2026-08-12,2026-08-13,2026-08-14,2026-08-17,2026-08-18,2026-08-19,2026-08-20,2026-08-21,2026-08-24,2026-08-25,2026-08-26,2026-08-27,2026-08-28,2026-08-31,2026-09-01,2026-09-02,2026-09-03,2026-09-04,2026-09-08,2026-09-09,2026-09-10,2026-09-11,2026-09-14,2026-09-15,2026-09-16,2026-09-17,2026-09-18,2026-09-21,2026-09-22,2026-09-23,2026-09-24,2026-09-25,2026-09-28,2026-09-29,2026-09-30,2026-10-01,2026-10-02,2026-10-05,2026-10-06,2026-10-07,2026-10-08,2026-10-09,2026-10-12,2026-10-13,2026-10-14,2026-10-15,2026-10-16,2026-10-19,2026-10-20,2026-10-21,2026-10-22,2026-10-23,2026-10-26,2026-10-27,2026-10-28,2026-10-29,2026-10-30,2026-11-02,2026-11-03,2026-11-04,2026-11-05,2026-11-06,2026-11-09,2026-11-10,2026-11-11,2026-11-12,2026-11-13,2026-11-16,2026-11-17,2026-11-18,2026-11-19,2026-11-20,2026-11-23,2026-11-24,2026-11-25,2026-11-27,2026-11-30,2026-12-01,2026-12-02,2026-12-03,2026-12-04,2026-12-07,2026-12-08,2026-12-09,2026-12-10,2026-12-11,2026-12-14,2026-12-15,2026-12-16,2026-12-17,2026-12-18,2026-12-21,2026-12-22,2026-12-23,2026-12-24,2026-12-28,2026-12-29,2026-12-30,2026-12-31,2027-01-04,2027-01-05,2027-01-06,2027-01-07,2027-01-08,2027-01-11,2027-01-12,2027-01-13,2027-01-14,2027-01-15,2027-01-19,2027-01-20,2027-01-21,2027-01-22,2027-01-25,2027-01-26,2027-01-27,2027-01-28,2027-01-29,2027-02-01,2027-02-02,2027-02-03,2027-02-04,2027-02-05,2027-02-08,2027-02-09,2027-02-10,2027-02-11,2027-02-12,2027-02-16,2027-02-17,2027-02-18,2027-02-19,2027-02-22,2027-02-23,2027-02-24,2027-02-25,2027-02-26,2027-03-01,2027-03-02,2027-03-03,2027-03-04,2027-03-05,2027-03-08,2027-03-09,2027-03-10,2027-03-11,2027-03-12,2027-03-15,2027-03-16,2027-03-17,2027-03-18,2027-03-19,2027-03-22,2027-03-23,2027-03-24,2027-03-25,2027-03-26,2027-03-29,2027-03-30,2027-03-31,2027-04-01,2027-04-02,2027-04-05,2027-04-06,2027-04-07,2027-04-08,2027-04-09,2027-04-12,2027-04-13,2027-04-14,2027-04-15,2027-04-16,2027-04-19,2027-04-20,2027-04-21,2027-04-22,2027-04-23,2027-04-26,2027-04-27,2027-04-28,2027-04-29,2027-04-30,2027-05-03,2027-05-04,2027-05-05,2027-05-06,2027-05-07,2027-05-10,2027-05-11,2027-05-12,2027-05-13,2027-05-14,2027-05-17,2027-05-18,2027-05-19,2027-05-20,2027-05-21,2027-05-24,2027-05-25,2027-05-26,2027-05-27,2027-05-28,2027-06-01,2027-06-02,2027-06-03,2027-06-04,2027-06-07,2027-06-08,2027-06-09,2027-06-10,2027-06-11,2027-06-14,2027-06-15,2027-06-16,2027-06-17,2027-06-18,2027-06-21,2027-06-22,2027-06-23,2027-06-24,2027-06-25,2027-06-28,2027-06-29,2027-06-30,2027-07-01,2027-07-02,2027-07-06,2027-07-07,2027-07-08,2027-07-09,2027-07-12",,2026-07-13,2026-08-19,,hlgtfs.zip,hartford_gtfs_effective_2026-07-11_updated_2026-08-19.zip,0,To Northbound to Springfield; GTFS; gtfs_trip_id=19020; gtfs_service_id=2; source_origin=New Haven Union Station; source_destination=Springfield
CTrail,Hartford Line,Hartford Line,CTrail 4414,To Northbound to Springfield,SPG,Springfield,9,19:49,19:49,2026-07-13,2027-07-12,"2026-07-13,2026-07-14,2026-07-15,2026-07-16,2026-07-17,2026-07-20,2026-07-21,2026-07-22,2026-07-23,2026-07-24,2026-07-27,2026-07-28,2026-07-29,2026-07-30,2026-07-31,2026-08-03,2026-08-04,2026-08-05,2026-08-06,2026-08-07,2026-08-10,2026-08-11,2026-08-12,2026-08-13,2026-08-14,2026-08-17,2026-08-18,2026-08-19,2026-08-20,2026-08-21,2026-08-24,2026-08-25,2026-08-26,2026-08-27,2026-08-28,2026-08-31,2026-09-01,2026-09-02,2026-09-03,2026-09-04,2026-09-08,2026-09-09,2026-09-10,2026-09-11,2026-09-14,2026-09-15,2026-09-16,2026-09-17,2026-09-18,2026-09-21,2026-09-22,2026-09-23,2026-09-24,2026-09-25,2026-09-28,2026-09-29,2026-09-30,2026-10-01,2026-10-02,2026-10-05,2026-10-06,2026-10-07,2026-10-08,2026-10-09,2026-10-12,2026-10-13,2026-10-14,2026-10-15,2026-10-16,2026-10-19,2026-10-20,2026-10-21,2026-10-22,2026-10-23,2026-10-26,2026-10-27,2026-10-28,2026-10-29,2026-10-30,2026-11-02,2026-11-03,2026-11-04,2026-11-05,2026-11-06,2026-11-09,2026-11-10,2026-11-11,2026-11-12,2026-11-13,2026-11-16,2026-11-17,2026-11-18,2026-11-19,2026-11-20,2026-11-23,2026-11-24,2026-11-25,2026-11-27,2026-11-30,2026-12-01,2026-12-02,2026-12-03,2026-12-04,2026-12-07,2026-12-08,2026-12-09,2026-12-10,2026-12-11,2026-12-14,2026-12-15,2026-12-16,2026-12-17,2026-12-18,2026-12-21,2026-12-22,2026-12-23,2026-12-24,2026-12-28,2026-12-29,2026-12-30,2026-12-31,2027-01-04,2027-01-05,2027-01-06,2027-01-07,2027-01-08,2027-01-11,2027-01-12,2027-01-13,2027-01-14,2027-01-15,2027-01-19,2027-01-20,2027-01-21,2027-01-22,2027-01-25,2027-01-26,2027-01-27,2027-01-28,2027-01-29,2027-02-01,2027-02-02,2027-02-03,2027-02-04,2027-02-05,2027-02-08,2027-02-09,2027-02-10,2027-02-11,2027-02-12,2027-02-16,2027-02-17,2027-02-18,2027-02-19,2027-02-22,2027-02-23,2027-02-24,2027-02-25,2027-02-26,2027-03-01,2027-03-02,2027-03-03,2027-03-04,2027-03-05,2027-03-08,2027-03-09,2027-03-10,2027-03-11,2027-03-12,2027-03-15,2027-03-16,2027-03-17,2027-03-18,2027-03-19,2027-03-22,2027-03-23,2027-03-24,2027-03-25,2027-03-26,2027-03-29,2027-03-30,2027-03-31,2027-04-01,2027-04-02,2027-04-05,2027-04-06,2027-04-07,2027-04-08,2027-04-09,2027-04-12,2027-04-13,2027-04-14,2027-04-15,2027-04-16,2027-04-19,2027-04-20,2027-04-21,2027-04-22,2027-04-23,2027-04-26,2027-04-27,2027-04-28,2027-04-29,2027-04-30,2027-05-03,2027-05-04,2027-05-05,2027-05-06,2027-05-07,2027-05-10,2027-05-11,2027-05-12,2027-05-13,2027-05-14,2027-05-17,2027-05-18,2027-05-19,2027-05-20,2027-05-21,2027-05-24,2027-05-25,2027-05-26,2027-05-27,2027-05-28,2027-06-01,2027-06-02,2027-06-03,2027-06-04,2027-06-07,2027-06-08,2027-06-09,2027-06-10,2027-06-11,2027-06-14,2027-06-15,2027-06-16,2027-06-17,2027-06-18,2027-06-21,2027-06-22,2027-06-23,2027-06-24,2027-06-25,2027-06-28,2027-06-29,2027-06-30,2027-07-01,2027-07-02,2027-07-06,2027-07-07,2027-07-08,2027-07-09,2027-07-12",,2026-07-13,2026-08-19,,hlgtfs.zip,hartford_gtfs_effective_2026-07-11_updated_2026-08-19.zip,0,To Northbound to Springfield; GTFS; gtfs_trip_id=19020; gtfs_service_id=2; source_origin=New Haven Union Station; source_destination=Springfield
CTrail,Hartford Line,Hartford Line,CTrail 4415,To Southbound to New Haven Union Station,SPG,Springfield,1,21:30,21:30,2026-07-13,2027-07-12,"2026-07-13,2026-07-14,2026-07-15,2026-07-16,2026-07-17,2026-07-20,2026-07-21,2026-07-22,2026-07-23,2026-07-24,2026-07-27,2026-07-28,2026-07-29,2026-07-30,2026-07-31,2026-08-03,2026-08-04,2026-08-05,2026-08-06,2026-08-07,2026-08-10,2026-08-11,2026-08-12,2026-08-13,2026-08-14,2026-08-17,2026-08-18,2026-08-19,2026-08-20,2026-08-21,2026-08-24,2026-08-25,2026-08-26,2026-08-27,2026-08-28,2026-08-31,2026-09-01,2026-09-02,2026-09-03,2026-09-04,2026-09-08,2026-09-09,2026-09-10,2026-09-11,2026-09-14,2026-09-15,2026-09-16,2026-09-17,2026-09-18,2026-09-21,2026-09-22,2026-09-23,2026-09-24,2026-09-25,2026-09-28,2026-09-29,2026-09-30,2026-10-01,2026-10-02,2026-10-05,2026-10-06,2026-10-07,2026-10-08,2026-10-09,2026-10-12,2026-10-13,2026-10-14,2026-10-15,2026-10-16,2026-10-19,2026-10-20,2026-10-21,2026-10-22,2026-10-23,2026-10-26,2026-10-27,2026-10-28,2026-10-29,2026-10-30,2026-11-02,2026-11-03,2026-11-04,2026-11-05,2026-11-06,2026-11-09,2026-11-10,2026-11-11,2026-11-12,2026-11-13,2026-11-16,2026-11-17,2026-11-18,2026-11-19,2026-11-20,2026-11-23,2026-11-24,2026-11-25,2026-11-27,2026-11-30,2026-12-01,2026-12-02,2026-12-03,2026-12-04,2026-12-07,2026-12-08,2026-12-09,2026-12-10,2026-12-11,2026-12-14,2026-12-15,2026-12-16,2026-12-17,2026-12-18,2026-12-21,2026-12-22,2026-12-23,2026-12-24,2026-12-28,2026-12-29,2026-12-30,2026-12-31,2027-01-04,2027-01-05,2027-01-06,2027-01-07,2027-01-08,2027-01-11,2027-01-12,2027-01-13,2027-01-14,2027-01-15,2027-01-19,2027-01-20,2027-01-21,2027-01-22,2027-01-25,2027-01-26,2027-01-27,2027-01-28,2027-01-29,2027-02-01,2027-02-02,2027-02-03,2027-02-04,2027-02-05,2027-02-08,2027-02-09,2027-02-10,2027-02-11,2027-02-12,2027-02-16,2027-02-17,2027-02-18,2027-02-19,2027-02-22,2027-02-23,2027-02-24,2027-02-25,2027-02-26,2027-03-01,2027-03-02,2027-03-03,2027-03-04,2027-03-05,2027-03-08,2027-03-09,2027-03-10,2027-03-11,2027-03-12,2027-03-15,2027-03-16,2027-03-17,2027-03-18,2027-03-19,2027-03-22,2027-03-23,2027-03-24,2027-03-25,2027-03-26,2027-03-29,2027-03-30,2027-03-31,2027-04-01,2027-04-02,2027-04-05,2027-04-06,2027-04-07,2027-04-08,2027-04-09,2027-04-12,2027-04-13,2027-04-14,2027-04-15,2027-04-16,2027-04-19,2027-04-20,2027-04-21,2027-04-22,2027-04-23,2027-04-26,2027-04-27,2027-04-28,2027-04-29,2027-04-30,2027-05-03,2027-05-04,2027-05-05,2027-05-06,2027-05-07,2027-05-10,2027-05-11,2027-05-12,2027-05-13,2027-05-14,2027-05-17,2027-05-18,2027-05-19,2027-05-20,2027-05-21,2027-05-24,2027-05-25,2027-05-26,2027-05-27,2027-05-28,2027-06-01,2027-06-02,2027-06-03,2027-06-04,2027-06-07,2027-06-08,2027-06-09,2027-06-10,2027-06-11,2027-06-14,2027-06-15,2027-06-16,2027-06-17,2027-06-18,2027-06-21,2027-06-22,2027-06-23,2027-06-24,2027-06-25,2027-06-28,2027-06-29,2027-06-30,2027-07-01,2027-07-02,2027-07-06,2027-07-07,2027-07-08,2027-07-09,2027-07-12",,2026-07-13,2026-08-19,,hlgtfs.zip,hartford_gtfs_effective_2026-07-11_updated_2026-08-19.zip,0,To Southbound to New Haven Union Station; GTFS; gtfs_trip_id=24020; gtfs_service_id=2; source_origin=Springfield; source_destination=New Haven Union Station
CTrail,Hartford Line,Hartford Line,CTrail 4415,To Southbound to New Haven Union Station,WNL,Windsor Locks,2,21:54,21:54,2026-07-13,2027-07-12,"2026-07-13,2026-07-14,2026-07-15,2026-07-16,2026-07-17,2026-07-20,2026-07-21,2026-07-22,2026-07-23,2026-07-24,2026-07-27,2026-07-28,2026-07-29,2026-07-30,2026-07-31,2026-08-03,2026-08-04,2026-08-05,2026-08-06,2026-08-07,2026-08-10,2026-08-11,2026-08-12,2026-08-13,2026-08-14,2026-08-17,2026-08-18,2026-08-19,2026-08-20,2026-08-21,2026-08-24,2026-08-25,2026-08-26,2026-08-27,2026-08-28,2026-08-31,2026-09-01,2026-09-02,2026-09-03,2026-09-04,2026-09-08,2026-09-09,2026-09-10,2026-09-11,2026-09-14,2026-09-15,2026-09-16,2026-09-17,2026-09-18,2026-09-21,2026-09-22,2026-09-23,2026-09-24,2026-09-25,2026-09-28,2026-09-29,2026-09-30,2026-10-01,2026-10-02,2026-10-05,2026-10-06,2026-10-07,2026-10-08,2026-10-09,2026-10-12,2026-10-13,2026-10-14,2026-10-15,2026-10-16,2026-10-19,2026-10-20,2026-10-21,2026-10-22,2026-10-23,2026-10-26,2026-10-27,2026-10-28,2026-10-29,2026-10-30,2026-11-02,2026-11-03,2026-11-04,2026-11-05,2026-11-06,2026-11-09,2026-11-10,2026-11-11,2026-11-12,2026-11-13,2026-11-16,2026-11-17,2026-11-18,2026-11-19,2026-11-20,2026-11-23,2026-11-24,2026-11-25,2026-11-27,2026-11-30,2026-12-01,2026-12-02,2026-12-03,2026-12-04,2026-12-07,2026-12-08,2026-12-09,2026-12-10,2026-12-11,2026-12-14,2026-12-15,2026-12-16,2026-12-17,2026-12-18,2026-12-21,2026-12-22,2026-12-23,2026-12-24,2026-12-28,2026-12-29,2026-12-30,2026-12-31,2027-01-04,2027-01-05,2027-01-06,2027-01-07,2027-01-08,2027-01-11,2027-01-12,2027-01-13,2027-01-14,2027-01-15,2027-01-19,2027-01-20,2027-01-21,2027-01-22,2027-01-25,2027-01-26,2027-01-27,2027-01-28,2027-01-29,2027-02-01,2027-02-02,2027-02-03,2027-02-04,2027-02-05,2027-02-08,2027-02-09,2027-02-10,2027-02-11,2027-02-12,2027-02-16,2027-02-17,2027-02-18,2027-02-19,2027-02-22,2027-02-23,2027-02-24,2027-02-25,2027-02-26,2027-03-01,2027-03-02,2027-03-03,2027-03-04,2027-03-05,2027-03-08,2027-03-09,2027-03-10,2027-03-11,2027-03-12,2027-03-15,2027-03-16,2027-03-17,2027-03-18,2027-03-19,2027-03-22,2027-03-23,2027-03-24,2027-03-25,2027-03-26,2027-03-29,2027-03-30,2027-03-31,2027-04-01,2027-04-02,2027-04-05,2027-04-06,2027-04-07,2027-04-08,2027-04-09,2027-04-12,2027-04-13,2027-04-14,2027-04-15,2027-04-16,2027-04-19,2027-04-20,2027-04-21,2027-04-22,2027-04-23,2027-04-26,2027-04-27,2027-04-28,2027-04-29,2027-04-30,2027-05-03,2027-05-04,2027-05-05,2027-05-06,2027-05-07,2027-05-10,2027-05-11,2027-05-12,2027-05-13,2027-05-14,2027-05-17,2027-05-18,2027-05-19,2027-05-20,2027-05-21,2027-05-24,2027-05-25,2027-05-26,2027-05-27,2027-05-28,2027-06-01,2027-06-02,2027-06-03,2027-06-04,2027-06-07,2027-06-08,2027-06-09,2027-06-10,2027-06-11,2027-06-14,2027-06-15,2027-06-16,2027-06-17,2027-06-18,2027-06-21,2027-06-22,2027-06-23,2027-06-24,2027-06-25,2027-06-28,2027-06-29,2027-06-30,2027-07-01,2027-07-02,2027-07-06,2027-07-07,2027-07-08,2027-07-09,2027-07-12",,2026-07-13,2026-08-19,,hlgtfs.zip,hartford_gtfs_effective_2026-07-11_updated_2026-08-19.zip,0,To Southbound to New Haven Union Station; GTFS; gtfs_trip_id=24020; gtfs_service_id=2; source_origin=Springfield; source_destination=New Haven Union Station
CTrail,Hartford Line,Hartford Line,CTrail 4415,To Southbound to New Haven Union Station,WND,Windsor,3,22:01,22:01,2026-07-13,2027-07-12,"2026-07-13,2026-07-14,2026-07-15,2026-07-16,2026-07-17,2026-07-20,2026-07-21,2026-07-22,2026-07-23,2026-07-24,2026-07-27,2026-07-28,2026-07-29,2026-07-30,2026-07-31,2026-08-03,2026-08-04,2026-08-05,2026-08-06,2026-08-07,2026-08-10,2026-08-11,2026-08-12,2026-08-13,2026-08-14,2026-08-17,2026-08-18,2026-08-19,2026-08-20,2026-08-21,2026-08-24,2026-08-25,2026-08-26,2026-08-27,2026-08-28,2026-08-31,2026-09-01,2026-09-02,2026-09-03,2026-09-04,2026-09-08,2026-09-09,2026-09-10,2026-09-11,2026-09-14,2026-09-15,2026-09-16,2026-09-17,2026-09-18,2026-09-21,2026-09-22,2026-09-23,2026-09-24,2026-09-25,2026-09-28,2026-09-29,2026-09-30,2026-10-01,2026-10-02,2026-10-05,2026-10-06,2026-10-07,2026-10-08,2026-10-09,2026-10-12,2026-10-13,2026-10-14,2026-10-15,2026-10-16,2026-10-19,2026-10-20,2026-10-21,2026-10-22,2026-10-23,2026-10-26,2026-10-27,2026-10-28,2026-10-29,2026-10-30,2026-11-02,2026-11-03,2026-11-04,2026-11-05,2026-11-06,2026-11-09,2026-11-10,2026-11-11,2026-11-12,2026-11-13,2026-11-16,2026-11-17,2026-11-18,2026-11-19,2026-11-20,2026-11-23,2026-11-24,2026-11-25,2026-11-27,2026-11-30,2026-12-01,2026-12-02,2026-12-03,2026-12-04,2026-12-07,2026-12-08,2026-12-09,2026-12-10,2026-12-11,2026-12-14,2026-12-15,2026-12-16,2026-12-17,2026-12-18,2026-12-21,2026-12-22,2026-12-23,2026-12-24,2026-12-28,2026-12-29,2026-12-30,2026-12-31,2027-01-04,2027-01-05,2027-01-06,2027-01-07,2027-01-08,2027-01-11,2027-01-12,2027-01-13,2027-01-14,2027-01-15,2027-01-19,2027-01-20,2027-01-21,2027-01-22,2027-01-25,2027-01-26,2027-01-27,2027-01-28,2027-01-29,2027-02-01,2027-02-02,2027-02-03,2027-02-04,2027-02-05,2027-02-08,2027-02-09,2027-02-10,2027-02-11,2027-02-12,2027-02-16,2027-02-17,2027-02-18,2027-02-19,2027-02-22,2027-02-23,2027-02-24,2027-02-25,2027-02-26,2027-03-01,2027-03-02,2027-03-03,2027-03-04,2027-03-05,2027-03-08,2027-03-09,2027-03-10,2027-03-11,2027-03-12,2027-03-15,2027-03-16,2027-03-17,2027-03-18,2027-03-19,2027-03-22,2027-03-23,2027-03-24,2027-03-25,2027-03-26,2027-03-29,2027-03-30,2027-03-31,2027-04-01,2027-04-02,2027-04-05,2027-04-06,2027-04-07,2027-04-08,2027-04-09,2027-04-12,2027-04-13,2027-04-14,2027-04-15,2027-04-16,2027-04-19,2027-04-20,2027-04-21,2027-04-22,2027-04-23,2027-04-26,2027-04-27,2027-04-28,2027-04-29,2027-04-30,2027-05-03,2027-05-04,2027-05-05,2027-05-06,2027-05-07,2027-05-10,2027-05-11,2027-05-12,2027-05-13,2027-05-14,2027-05-17,2027-05-18,2027-05-19,2027-05-20,2027-05-21,2027-05-24,2027-05-25,2027-05-26,2027-05-27,2027-05-28,2027-06-01,2027-06-02,2027-06-03,2027-06-04,2027-06-07,2027-06-08,2027-06-09,2027-06-10,2027-06-11,2027-06-14,2027-06-15,2027-06-16,2027-06-17,2027-06-18,2027-06-21,2027-06-22,2027-06-23,2027-06-24,2027-06-25,2027-06-28,2027-06-29,2027-06-30,2027-07-01,2027-07-02,2027-07-06,2027-07-07,2027-07-08,2027-07-09,2027-07-12",,2026-07-13,2026-08-19,,hlgtfs.zip,hartford_gtfs_effective_2026-07-11_updated_2026-08-19.zip,0,To Southbound to New Haven Union Station; GTFS; gtfs_trip_id=24020; gtfs_service_id=2; source_origin=Springfield; source_destination=New Haven Union Station
CTrail,Hartford Line,Hartford Line,CTrail 4415,To Southbound to New Haven Union Station,HFD,Hartford,4,22:10,22:10,2026-07-13,2027-07-12,"2026-07-13,2026-07-14,2026-07-15,2026-07-16,2026-07-17,2026-07-20,2026-07-21,2026-07-22,2026-07-23,2026-07-24,2026-07-27,2026-07-28,2026-07-29,2026-07-30,2026-07-31,2026-08-03,2026-08-04,2026-08-05,2026-08-06,2026-08-07,2026-08-10,2026-08-11,2026-08-12,2026-08-13,2026-08-14,2026-08-17,2026-08-18,2026-08-19,2026-08-20,2026-08-21,2026-08-24,2026-08-25,2026-08-26,2026-08-27,2026-08-28,2026-08-31,2026-09-01,2026-09-02,2026-09-03,2026-09-04,2026-09-08,2026-09-09,2026-09-10,2026-09-11,2026-09-14,2026-09-15,2026-09-16,2026-09-17,2026-09-18,2026-09-21,2026-09-22,2026-09-23,2026-09-24,2026-09-25,2026-09-28,2026-09-29,2026-09-30,2026-10-01,2026-10-02,2026-10-05,2026-10-06,2026-10-07,2026-10-08,2026-10-09,2026-10-12,2026-10-13,2026-10-14,2026-10-15,2026-10-16,2026-10-19,2026-10-20,2026-10-21,2026-10-22,2026-10-23,2026-10-26,2026-10-27,2026-10-28,2026-10-29,2026-10-30,2026-11-02,2026-11-03,2026-11-04,2026-11-05,2026-11-06,2026-11-09,2026-11-10,2026-11-11,2026-11-12,2026-11-13,2026-11-16,2026-11-17,2026-11-18,2026-11-19,2026-11-20,2026-11-23,2026-11-24,2026-11-25,2026-11-27,2026-11-30,2026-12-01,2026-12-02,2026-12-03,2026-12-04,2026-12-07,2026-12-08,2026-12-09,2026-12-10,2026-12-11,2026-12-14,2026-12-15,2026-12-16,2026-12-17,2026-12-18,2026-12-21,2026-12-22,2026-12-23,2026-12-24,2026-12-28,2026-12-29,2026-12-30,2026-12-31,2027-01-04,2027-01-05,2027-01-06,2027-01-07,2027-01-08,2027-01-11,2027-01-12,2027-01-13,2027-01-14,2027-01-15,2027-01-19,2027-01-20,2027-01-21,2027-01-22,2027-01-25,2027-01-26,2027-01-27,2027-01-28,2027-01-29,2027-02-01,2027-02-02,2027-02-03,2027-02-04,2027-02-05,2027-02-08,2027-02-09,2027-02-10,2027-02-11,2027-02-12,2027-02-16,2027-02-17,2027-02-18,2027-02-19,2027-02-22,2027-02-23,2027-02-24,2027-02-25,2027-02-26,2027-03-01,2027-03-02,2027-03-03,2027-03-04,2027-03-05,2027-03-08,2027-03-09,2027-03-10,2027-03-11,2027-03-12,2027-03-15,2027-03-16,2027-03-17,2027-03-18,2027-03-19,2027-03-22,2027-03-23,2027-03-24,2027-03-25,2027-03-26,2027-03-29,2027-03-30,2027-03-31,2027-04-01,2027-04-02,2027-04-05,2027-04-06,2027-04-07,2027-04-08,2027-04-09,2027-04-12,2027-04-13,2027-04-14,2027-04-15,2027-04-16,2027-04-19,2027-04-20,2027-04-21,2027-04-22,2027-04-23,2027-04-26,2027-04-27,2027-04-28,2027-04-29,2027-04-30,2027-05-03,2027-05-04,2027-05-05,2027-05-06,2027-05-07,2027-05-10,2027-05-11,2027-05-12,2027-05-13,2027-05-14,2027-05-17,2027-05-18,2027-05-19,2027-05-20,2027-05-21,2027-05-24,2027-05-25,2027-05-26,2027-05-27,2027-05-28,2027-06-01,2027-06-02,2027-06-03,2027-06-04,2027-06-07,2027-06-08,2027-06-09,2027-06-10,2027-06-11,2027-06-14,2027-06-15,2027-06-16,2027-06-17,2027-06-18,2027-06-21,2027-06-22,2027-06-23,2027-06-24,2027-06-25,2027-06-28,2027-06-29,2027-06-30,2027-07-01,2027-07-02,2027-07-06,2027-07-07,2027-07-08,2027-07-09,2027-07-12",,2026-07-13,2026-08-19,,hlgtfs.zip,hartford_gtfs_effective_2026-07-11_updated_2026-08-19.zip,0,To Southbound to New Haven Union Station; GTFS; gtfs_trip_id=24020; gtfs_service_id=2; source_origin=Springfield; source_destination=New Haven Union Station
CTrail,Hartford Line,Hartford Line,CTrail 4415,To Southbound to New Haven Union Station,BER,Berlin,5,22:22,22:22,2026-07-13,2027-07-12,"2026-07-13,2026-07-14,2026-07-15,2026-07-16,2026-07-17,2026-07-20,2026-07-21,2026-07-22,2026-07-23,2026-07-24,2026-07-27,2026-07-28,2026-07-29,2026-07-30,2026-07-31,2026-08-03,2026-08-04,2026-08-05,2026-08-06,2026-08-07,2026-08-10,2026-08-11,2026-08-12,2026-08-13,2026-08-14,2026-08-17,2026-08-18,2026-08-19,2026-08-20,2026-08-21,2026-08-24,2026-08-25,2026-08-26,2026-08-27,2026-08-28,2026-08-31,2026-09-01,2026-09-02,2026-09-03,2026-09-04,2026-09-08,2026-09-09,2026-09-10,2026-09-11,2026-09-14,2026-09-15,2026-09-16,2026-09-17,2026-09-18,2026-09-21,2026-09-22,2026-09-23,2026-09-24,2026-09-25,2026-09-28,2026-09-29,2026-09-30,2026-10-01,2026-10-02,2026-10-05,2026-10-06,2026-10-07,2026-10-08,2026-10-09,2026-10-12,2026-10-13,2026-10-14,2026-10-15,2026-10-16,2026-10-19,2026-10-20,2026-10-21,2026-10-22,2026-10-23,2026-10-26,2026-10-27,2026-10-28,2026-10-29,2026-10-30,2026-11-02,2026-11-03,2026-11-04,2026-11-05,2026-11-06,2026-11-09,2026-11-10,2026-11-11,2026-11-12,2026-11-13,2026-11-16,2026-11-17,2026-11-18,2026-11-19,2026-11-20,2026-11-23,2026-11-24,2026-11-25,2026-11-27,2026-11-30,2026-12-01,2026-12-02,2026-12-03,2026-12-04,2026-12-07,2026-12-08,2026-12-09,2026-12-10,2026-12-11,2026-12-14,2026-12-15,2026-12-16,2026-12-17,2026-12-18,2026-12-21,2026-12-22,2026-12-23,2026-12-24,2026-12-28,2026-12-29,2026-12-30,2026-12-31,2027-01-04,2027-01-05,2027-01-06,2027-01-07,2027-01-08,2027-01-11,2027-01-12,2027-01-13,2027-01-14,2027-01-15,2027-01-19,2027-01-20,2027-01-21,2027-01-22,2027-01-25,2027-01-26,2027-01-27,2027-01-28,2027-01-29,2027-02-01,2027-02-02,2027-02-03,2027-02-04,2027-02-05,2027-02-08,2027-02-09,2027-02-10,2027-02-11,2027-02-12,2027-02-16,2027-02-17,2027-02-18,2027-02-19,2027-02-22,2027-02-23,2027-02-24,2027-02-25,2027-02-26,2027-03-01,2027-03-02,2027-03-03,2027-03-04,2027-03-05,2027-03-08,2027-03-09,2027-03-10,2027-03-11,2027-03-12,2027-03-15,2027-03-16,2027-03-17,2027-03-18,2027-03-19,2027-03-22,2027-03-23,2027-03-24,2027-03-25,2027-03-26,2027-03-29,2027-03-30,2027-03-31,2027-04-01,2027-04-02,2027-04-05,2027-04-06,2027-04-07,2027-04-08,2027-04-09,2027-04-12,2027-04-13,2027-04-14,2027-04-15,2027-04-16,2027-04-19,2027-04-20,2027-04-21,2027-04-22,2027-04-23,2027-04-26,2027-04-27,2027-04-28,2027-04-29,2027-04-30,2027-05-03,2027-05-04,2027-05-05,2027-05-06,2027-05-07,2027-05-10,2027-05-11,2027-05-12,2027-05-13,2027-05-14,2027-05-17,2027-05-18,2027-05-19,2027-05-20,2027-05-21,2027-05-24,2027-05-25,2027-05-26,2027-05-27,2027-05-28,2027-06-01,2027-06-02,2027-06-03,2027-06-04,2027-06-07,2027-06-08,2027-06-09,2027-06-10,2027-06-11,2027-06-14,2027-06-15,2027-06-16,2027-06-17,2027-06-18,2027-06-21,2027-06-22,2027-06-23,2027-06-24,2027-06-25,2027-06-28,2027-06-29,2027-06-30,2027-07-01,2027-07-02,2027-07-06,2027-07-07,2027-07-08,2027-07-09,2027-07-12",,2026-07-13,2026-08-19,,hlgtfs.zip,hartford_gtfs_effective_2026-07-11_updated_2026-08-19.zip,0,To Southbound to New Haven Union Station; GTFS; gtfs_trip_id=24020; gtfs_service_id=2; source_origin=Springfield; source_destination=New Haven Union Station
CTrail,Hartford Line,Hartford Line,CTrail 4415,To Southbound to New Haven Union Station,MDN,Meriden,6,22:31,22:31,2026-07-13,2027-07-12,"2026-07-13,2026-07-14,2026-07-15,2026-07-16,2026-07-17,2026-07-20,2026-07-21,2026-07-22,2026-07-23,2026-07-24,2026-07-27,2026-07-28,2026-07-29,2026-07-30,2026-07-31,2026-08-03,2026-08-04,2026-08-05,2026-08-06,2026-08-07,2026-08-10,2026-08-11,2026-08-12,2026-08-13,2026-08-14,2026-08-17,2026-08-18,2026-08-19,2026-08-20,2026-08-21,2026-08-24,2026-08-25,2026-08-26,2026-08-27,2026-08-28,2026-08-31,2026-09-01,2026-09-02,2026-09-03,2026-09-04,2026-09-08,2026-09-09,2026-09-10,2026-09-11,2026-09-14,2026-09-15,2026-09-16,2026-09-17,2026-09-18,2026-09-21,2026-09-22,2026-09-23,2026-09-24,2026-09-25,2026-09-28,2026-09-29,2026-09-30,2026-10-01,2026-10-02,2026-10-05,2026-10-06,2026-10-07,2026-10-08,2026-10-09,2026-10-12,2026-10-13,2026-10-14,2026-10-15,2026-10-16,2026-10-19,2026-10-20,2026-10-21,2026-10-22,2026-10-23,2026-10-26,2026-10-27,2026-10-28,2026-10-29,2026-10-30,2026-11-02,2026-11-03,2026-11-04,2026-11-05,2026-11-06,2026-11-09,2026-11-10,2026-11-11,2026-11-12,2026-11-13,2026-11-16,2026-11-17,2026-11-18,2026-11-19,2026-11-20,2026-11-23,2026-11-24,2026-11-25,2026-11-27,2026-11-30,2026-12-01,2026-12-02,2026-12-03,2026-12-04,2026-12-07,2026-12-08,2026-12-09,2026-12-10,2026-12-11,2026-12-14,2026-12-15,2026-12-16,2026-12-17,2026-12-18,2026-12-21,2026-12-22,2026-12-23,2026-12-24,2026-12-28,2026-12-29,2026-12-30,2026-12-31,2027-01-04,2027-01-05,2027-01-06,2027-01-07,2027-01-08,2027-01-11,2027-01-12,2027-01-13,2027-01-14,2027-01-15,2027-01-19,2027-01-20,2027-01-21,2027-01-22,2027-01-25,2027-01-26,2027-01-27,2027-01-28,2027-01-29,2027-02-01,2027-02-02,2027-02-03,2027-02-04,2027-02-05,2027-02-08,2027-02-09,2027-02-10,2027-02-11,2027-02-12,2027-02-16,2027-02-17,2027-02-18,2027-02-19,2027-02-22,2027-02-23,2027-02-24,2027-02-25,2027-02-26,2027-03-01,2027-03-02,2027-03-03,2027-03-04,2027-03-05,2027-03-08,2027-03-09,2027-03-10,2027-03-11,2027-03-12,2027-03-15,2027-03-16,2027-03-17,2027-03-18,2027-03-19,2027-03-22,2027-03-23,2027-03-24,2027-03-25,2027-03-26,2027-03-29,2027-03-30,2027-03-31,2027-04-01,2027-04-02,2027-04-05,2027-04-06,2027-04-07,2027-04-08,2027-04-09,2027-04-12,2027-04-13,2027-04-14,2027-04-15,2027-04-16,2027-04-19,2027-04-20,2027-04-21,2027-04-22,2027-04-23,2027-04-26,2027-04-27,2027-04-28,2027-04-29,2027-04-30,2027-05-03,2027-05-04,2027-05-05,2027-05-06,2027-05-07,2027-05-10,2027-05-11,2027-05-12,2027-05-13,2027-05-14,2027-05-17,2027-05-18,2027-05-19,2027-05-20,2027-05-21,2027-05-24,2027-05-25,2027-05-26,2027-05-27,2027-05-28,2027-06-01,2027-06-02,2027-06-03,2027-06-04,2027-06-07,2027-06-08,2027-06-09,2027-06-10,2027-06-11,2027-06-14,2027-06-15,2027-06-16,2027-06-17,2027-06-18,2027-06-21,2027-06-22,2027-06-23,2027-06-24,2027-06-25,2027-06-28,2027-06-29,2027-06-30,2027-07-01,2027-07-02,2027-07-06,2027-07-07,2027-07-08,2027-07-09,2027-07-12",,2026-07-13,2026-08-19,,hlgtfs.zip,hartford_gtfs_effective_2026-07-11_updated_2026-08-19.zip,0,To Southbound to New Haven Union Station; GTFS; gtfs_trip_id=24020; gtfs_service_id=2; source_origin=Springfield; source_destination=New Haven Union Station
CTrail,Hartford Line,Hartford Line,CTrail 4415,To Southbound to New Haven Union Station,WFD,Wallingford,7,22:40,22:40,2026-07-13,2027-07-12,"2026-07-13,2026-07-14,2026-07-15,2026-07-16,2026-07-17,2026-07-20,2026-07-21,2026-07-22,2026-07-23,2026-07-24,2026-07-27,2026-07-28,2026-07-29,2026-07-30,2026-07-31,2026-08-03,2026-08-04,2026-08-05,2026-08-06,2026-08-07,2026-08-10,2026-08-11,2026-08-12,2026-08-13,2026-08-14,2026-08-17,2026-08-18,2026-08-19,2026-08-20,2026-08-21,2026-08-24,2026-08-25,2026-08-26,2026-08-27,2026-08-28,2026-08-31,2026-09-01,2026-09-02,2026-09-03,2026-09-04,2026-09-08,2026-09-09,2026-09-10,2026-09-11,2026-09-14,2026-09-15,2026-09-16,2026-09-17,2026-09-18,2026-09-21,2026-09-22,2026-09-23,2026-09-24,2026-09-25,2026-09-28,2026-09-29,2026-09-30,2026-10-01,2026-10-02,2026-10-05,2026-10-06,2026-10-07,2026-10-08,2026-10-09,2026-10-12,2026-10-13,2026-10-14,2026-10-15,2026-10-16,2026-10-19,2026-10-20,2026-10-21,2026-10-22,2026-10-23,2026-10-26,2026-10-27,2026-10-28,2026-10-29,2026-10-30,2026-11-02,2026-11-03,2026-11-04,2026-11-05,2026-11-06,2026-11-09,2026-11-10,2026-11-11,2026-11-12,2026-11-13,2026-11-16,2026-11-17,2026-11-18,2026-11-19,2026-11-20,2026-11-23,2026-11-24,2026-11-25,2026-11-27,2026-11-30,2026-12-01,2026-12-02,2026-12-03,2026-12-04,2026-12-07,2026-12-08,2026-12-09,2026-12-10,2026-12-11,2026-12-14,2026-12-15,2026-12-16,2026-12-17,2026-12-18,2026-12-21,2026-12-22,2026-12-23,2026-12-24,2026-12-28,2026-12-29,2026-12-30,2026-12-31,2027-01-04,2027-01-05,2027-01-06,2027-01-07,2027-01-08,2027-01-11,2027-01-12,2027-01-13,2027-01-14,2027-01-15,2027-01-19,2027-01-20,2027-01-21,2027-01-22,2027-01-25,2027-01-26,2027-01-27,2027-01-28,2027-01-29,2027-02-01,2027-02-02,2027-02-03,2027-02-04,2027-02-05,2027-02-08,2027-02-09,2027-02-10,2027-02-11,2027-02-12,2027-02-16,2027-02-17,2027-02-18,2027-02-19,2027-02-22,2027-02-23,2027-02-24,2027-02-25,2027-02-26,2027-03-01,2027-03-02,2027-03-03,2027-03-04,2027-03-05,2027-03-08,2027-03-09,2027-03-10,2027-03-11,2027-03-12,2027-03-15,2027-03-16,2027-03-17,2027-03-18,2027-03-19,2027-03-22,2027-03-23,2027-03-24,2027-03-25,2027-03-26,2027-03-29,2027-03-30,2027-03-31,2027-04-01,2027-04-02,2027-04-05,2027-04-06,2027-04-07,2027-04-08,2027-04-09,2027-04-12,2027-04-13,2027-04-14,2027-04-15,2027-04-16,2027-04-19,2027-04-20,2027-04-21,2027-04-22,2027-04-23,2027-04-26,2027-04-27,2027-04-28,2027-04-29,2027-04-30,2027-05-03,2027-05-04,2027-05-05,2027-05-06,2027-05-07,2027-05-10,2027-05-11,2027-05-12,2027-05-13,2027-05-14,2027-05-17,2027-05-18,2027-05-19,2027-05-20,2027-05-21,2027-05-24,2027-05-25,2027-05-26,2027-05-27,2027-05-28,2027-06-01,2027-06-02,2027-06-03,2027-06-04,2027-06-07,2027-06-08,2027-06-09,2027-06-10,2027-06-11,2027-06-14,2027-06-15,2027-06-16,2027-06-17,2027-06-18,2027-06-21,2027-06-22,2027-06-23,2027-06-24,2027-06-25,2027-06-28,2027-06-29,2027-06-30,2027-07-01,2027-07-02,2027-07-06,2027-07-07,2027-07-08,2027-07-09,2027-07-12",,2026-07-13,2026-08-19,,hlgtfs.zip,hartford_gtfs_effective_2026-07-11_updated_2026-08-19.zip,0,To Southbound to New Haven Union Station; GTFS; gtfs_trip_id=24020; gtfs_service_id=2; source_origin=Springfield; source_destination=New Haven Union Station
CTrail,Hartford Line,Hartford Line,CTrail 4415,To Southbound to New Haven Union Station,STS,New Haven State Street,8,22:57,22:57,2026-07-13,2027-07-12,"2026-07-13,2026-07-14,2026-07-15,2026-07-16,2026-07-17,2026-07-20,2026-07-21,2026-07-22,2026-07-23,2026-07-24,2026-07-27,2026-07-28,2026-07-29,2026-07-30,2026-07-31,2026-08-03,2026-08-04,2026-08-05,2026-08-06,2026-08-07,2026-08-10,2026-08-11,2026-08-12,2026-08-13,2026-08-14,2026-08-17,2026-08-18,2026-08-19,2026-08-20,2026-08-21,2026-08-24,2026-08-25,2026-08-26,2026-08-27,2026-08-28,2026-08-31,2026-09-01,2026-09-02,2026-09-03,2026-09-04,2026-09-08,2026-09-09,2026-09-10,2026-09-11,2026-09-14,2026-09-15,2026-09-16,2026-09-17,2026-09-18,2026-09-21,2026-09-22,2026-09-23,2026-09-24,2026-09-25,2026-09-28,2026-09-29,2026-09-30,2026-10-01,2026-10-02,2026-10-05,2026-10-06,2026-10-07,2026-10-08,2026-10-09,2026-10-12,2026-10-13,2026-10-14,2026-10-15,2026-10-16,2026-10-19,2026-10-20,2026-10-21,2026-10-22,2026-10-23,2026-10-26,2026-10-27,2026-10-28,2026-10-29,2026-10-30,2026-11-02,2026-11-03,2026-11-04,2026-11-05,2026-11-06,2026-11-09,2026-11-10,2026-11-11,2026-11-12,2026-11-13,2026-11-16,2026-11-17,2026-11-18,2026-11-19,2026-11-20,2026-11-23,2026-11-24,2026-11-25,2026-11-27,2026-11-30,2026-12-01,2026-12-02,2026-12-03,2026-12-04,2026-12-07,2026-12-08,2026-12-09,2026-12-10,2026-12-11,2026-12-14,2026-12-15,2026-12-16,2026-12-17,2026-12-18,2026-12-21,2026-12-22,2026-12-23,2026-12-24,2026-12-28,2026-12-29,2026-12-30,2026-12-31,2027-01-04,2027-01-05,2027-01-06,2027-01-07,2027-01-08,2027-01-11,2027-01-12,2027-01-13,2027-01-14,2027-01-15,2027-01-19,2027-01-20,2027-01-21,2027-01-22,2027-01-25,2027-01-26,2027-01-27,2027-01-28,2027-01-29,2027-02-01,2027-02-02,2027-02-03,2027-02-04,2027-02-05,2027-02-08,2027-02-09,2027-02-10,2027-02-11,2027-02-12,2027-02-16,2027-02-17,2027-02-18,2027-02-19,2027-02-22,2027-02-23,2027-02-24,2027-02-25,2027-02-26,2027-03-01,2027-03-02,2027-03-03,2027-03-04,2027-03-05,2027-03-08,2027-03-09,2027-03-10,2027-03-11,2027-03-12,2027-03-15,2027-03-16,2027-03-17,2027-03-18,2027-03-19,2027-03-22,2027-03-23,2027-03-24,2027-03-25,2027-03-26,2027-03-29,2027-03-30,2027-03-31,2027-04-01,2027-04-02,2027-04-05,2027-04-06,2027-04-07,2027-04-08,2027-04-09,2027-04-12,2027-04-13,2027-04-14,2027-04-15,2027-04-16,2027-04-19,2027-04-20,2027-04-21,2027-04-22,2027-04-23,2027-04-26,2027-04-27,2027-04-28,2027-04-29,2027-04-30,2027-05-03,2027-05-04,2027-05-05,2027-05-06,2027-05-07,2027-05-10,2027-05-11,2027-05-12,2027-05-13,2027-05-14,2027-05-17,2027-05-18,2027-05-19,2027-05-20,2027-05-21,2027-05-24,2027-05-25,2027-05-26,2027-05-27,2027-05-28,2027-06-01,2027-06-02,2027-06-03,2027-06-04,2027-06-07,2027-06-08,2027-06-09,2027-06-10,2027-06-11,2027-06-14,2027-06-15,2027-06-16,2027-06-17,2027-06-18,2027-06-21,2027-06-22,2027-06-23,2027-06-24,2027-06-25,2027-06-28,2027-06-29,2027-06-30,2027-07-01,2027-07-02,2027-07-06,2027-07-07,2027-07-08,2027-07-09,2027-07-12",,2026-07-13,2026-08-19,,hlgtfs.zip,hartford_gtfs_effective_2026-07-11_updated_2026-08-19.zip,0,To Southbound to New Haven Union Station; GTFS; gtfs_trip_id=24020; gtfs_service_id=2; source_origin=Springfield; source_destination=New Haven Union Station
CTrail,Hartford Line,Hartford Line,CTrail 4415,To Southbound to New Haven Union Station,NHV,New Haven Union Station,9,23:01,23:01,2026-07-13,2027-07-12,"2026-07-13,2026-07-14,2026-07-15,2026-07-16,2026-07-17,2026-07-20,2026-07-21,2026-07-22,2026-07-23,2026-07-24,2026-07-27,2026-07-28,2026-07-29,2026-07-30,2026-07-31,2026-08-03,2026-08-04,2026-08-05,2026-08-06,2026-08-07,2026-08-10,2026-08-11,2026-08-12,2026-08-13,2026-08-14,2026-08-17,2026-08-18,2026-08-19,2026-08-20,2026-08-21,2026-08-24,2026-08-25,2026-08-26,2026-08-27,2026-08-28,2026-08-31,2026-09-01,2026-09-02,2026-09-03,2026-09-04,2026-09-08,2026-09-09,2026-09-10,2026-09-11,2026-09-14,2026-09-15,2026-09-16,2026-09-17,2026-09-18,2026-09-21,2026-09-22,2026-09-23,2026-09-24,2026-09-25,2026-09-28,2026-09-29,2026-09-30,2026-10-01,2026-10-02,2026-10-05,2026-10-06,2026-10-07,2026-10-08,2026-10-09,2026-10-12,2026-10-13,2026-10-14,2026-10-15,2026-10-16,2026-10-19,2026-10-20,2026-10-21,2026-10-22,2026-10-23,2026-10-26,2026-10-27,2026-10-28,2026-10-29,2026-10-30,2026-11-02,2026-11-03,2026-11-04,2026-11-05,2026-11-06,2026-11-09,2026-11-10,2026-11-11,2026-11-12,2026-11-13,2026-11-16,2026-11-17,2026-11-18,2026-11-19,2026-11-20,2026-11-23,2026-11-24,2026-11-25,2026-11-27,2026-11-30,2026-12-01,2026-12-02,2026-12-03,2026-12-04,2026-12-07,2026-12-08,2026-12-09,2026-12-10,2026-12-11,2026-12-14,2026-12-15,2026-12-16,2026-12-17,2026-12-18,2026-12-21,2026-12-22,2026-12-23,2026-12-24,2026-12-28,2026-12-29,2026-12-30,2026-12-31,2027-01-04,2027-01-05,2027-01-06,2027-01-07,2027-01-08,2027-01-11,2027-01-12,2027-01-13,2027-01-14,2027-01-15,2027-01-19,2027-01-20,2027-01-21,2027-01-22,2027-01-25,2027-01-26,2027-01-27,2027-01-28,2027-01-29,2027-02-01,2027-02-02,2027-02-03,2027-02-04,2027-02-05,2027-02-08,2027-02-09,2027-02-10,2027-02-11,2027-02-12,2027-02-16,2027-02-17,2027-02-18,2027-02-19,2027-02-22,2027-02-23,2027-02-24,2027-02-25,2027-02-26,2027-03-01,2027-03-02,2027-03-03,2027-03-04,2027-03-05,2027-03-08,2027-03-09,2027-03-10,2027-03-11,2027-03-12,2027-03-15,2027-03-16,2027-03-17,2027-03-18,2027-03-19,2027-03-22,2027-03-23,2027-03-24,2027-03-25,2027-03-26,2027-03-29,2027-03-30,2027-03-31,2027-04-01,2027-04-02,2027-04-05,2027-04-06,2027-04-07,2027-04-08,2027-04-09,2027-04-12,2027-04-13,2027-04-14,2027-04-15,2027-04-16,2027-04-19,2027-04-20,2027-04-21,2027-04-22,2027-04-23,2027-04-26,2027-04-27,2027-04-28,2027-04-29,2027-04-30,2027-05-03,2027-05-04,2027-05-05,2027-05-06,2027-05-07,2027-05-10,2027-05-11,2027-05-12,2027-05-13,2027-05-14,2027-05-17,2027-05-18,2027-05-19,2027-05-20,2027-05-21,2027-05-24,2027-05-25,2027-05-26,2027-05-27,2027-05-28,2027-06-01,2027-06-02,2027-06-03,2027-06-04,2027-06-07,2027-06-08,2027-06-09,2027-06-10,2027-06-11,2027-06-14,2027-06-15,2027-06-16,2027-06-17,2027-06-18,2027-06-21,2027-06-22,2027-06-23,2027-06-24,2027-06-25,2027-06-28,2027-06-29,2027-06-30,2027-07-01,2027-07-02,2027-07-06,2027-07-07,2027-07-08,2027-07-09,2027-07-12",,2026-07-13,2026-08-19,,hlgtfs.zip,hartford_gtfs_effective_2026-07-11_updated_2026-08-19.zip,0,To Southbound to New Haven Union Station; GTFS; gtfs_trip_id=24020; gtfs_service_id=2; source_origin=Springfield; source_destination=New Haven Union Station
CTrail,Hartford Line,Hartford Line,CTrail 4417,To Southbound to New Haven Union Station,SPG,Springfield,1,22:25,22:25,2026-07-13,2027-07-12,"2026-07-13,2026-07-14,2026-07-15,2026-07-16,2026-07-17,2026-07-20,2026-07-21,2026-07-22,2026-07-23,2026-07-24,2026-07-27,2026-07-28,2026-07-29,2026-07-30,2026-07-31,2026-08-03,2026-08-04,2026-08-05,2026-08-06,2026-08-07,2026-08-10,2026-08-11,2026-08-12,2026-08-13,2026-08-14,2026-08-17,2026-08-18,2026-08-19,2026-08-20,2026-08-21,2026-08-24,2026-08-25,2026-08-26,2026-08-27,2026-08-28,2026-08-31,2026-09-01,2026-09-02,2026-09-03,2026-09-04,2026-09-08,2026-09-09,2026-09-10,2026-09-11,2026-09-14,2026-09-15,2026-09-16,2026-09-17,2026-09-18,2026-09-21,2026-09-22,2026-09-23,2026-09-24,2026-09-25,2026-09-28,2026-09-29,2026-09-30,2026-10-01,2026-10-02,2026-10-05,2026-10-06,2026-10-07,2026-10-08,2026-10-09,2026-10-12,2026-10-13,2026-10-14,2026-10-15,2026-10-16,2026-10-19,2026-10-20,2026-10-21,2026-10-22,2026-10-23,2026-10-26,2026-10-27,2026-10-28,2026-10-29,2026-10-30,2026-11-02,2026-11-03,2026-11-04,2026-11-05,2026-11-06,2026-11-09,2026-11-10,2026-11-11,2026-11-12,2026-11-13,2026-11-16,2026-11-17,2026-11-18,2026-11-19,2026-11-20,2026-11-23,2026-11-24,2026-11-25,2026-11-27,2026-11-30,2026-12-01,2026-12-02,2026-12-03,2026-12-04,2026-12-07,2026-12-08,2026-12-09,2026-12-10,2026-12-11,2026-12-14,2026-12-15,2026-12-16,2026-12-17,2026-12-18,2026-12-21,2026-12-22,2026-12-23,2026-12-24,2026-12-28,2026-12-29,2026-12-30,2026-12-31,2027-01-04,2027-01-05,2027-01-06,2027-01-07,2027-01-08,2027-01-11,2027-01-12,2027-01-13,2027-01-14,2027-01-15,2027-01-19,2027-01-20,2027-01-21,2027-01-22,2027-01-25,2027-01-26,2027-01-27,2027-01-28,2027-01-29,2027-02-01,2027-02-02,2027-02-03,2027-02-04,2027-02-05,2027-02-08,2027-02-09,2027-02-10,2027-02-11,2027-02-12,2027-02-16,2027-02-17,2027-02-18,2027-02-19,2027-02-22,2027-02-23,2027-02-24,2027-02-25,2027-02-26,2027-03-01,2027-03-02,2027-03-03,2027-03-04,2027-03-05,2027-03-08,2027-03-09,2027-03-10,2027-03-11,2027-03-12,2027-03-15,2027-03-16,2027-03-17,2027-03-18,2027-03-19,2027-03-22,2027-03-23,2027-03-24,2027-03-25,2027-03-26,2027-03-29,2027-03-30,2027-03-31,2027-04-01,2027-04-02,2027-04-05,2027-04-06,2027-04-07,2027-04-08,2027-04-09,2027-04-12,2027-04-13,2027-04-14,2027-04-15,2027-04-16,2027-04-19,2027-04-20,2027-04-21,2027-04-22,2027-04-23,2027-04-26,2027-04-27,2027-04-28,2027-04-29,2027-04-30,2027-05-03,2027-05-04,2027-05-05,2027-05-06,2027-05-07,2027-05-10,2027-05-11,2027-05-12,2027-05-13,2027-05-14,2027-05-17,2027-05-18,2027-05-19,2027-05-20,2027-05-21,2027-05-24,2027-05-25,2027-05-26,2027-05-27,2027-05-28,2027-06-01,2027-06-02,2027-06-03,2027-06-04,2027-06-07,2027-06-08,2027-06-09,2027-06-10,2027-06-11,2027-06-14,2027-06-15,2027-06-16,2027-06-17,2027-06-18,2027-06-21,2027-06-22,2027-06-23,2027-06-24,2027-06-25,2027-06-28,2027-06-29,2027-06-30,2027-07-01,2027-07-02,2027-07-06,2027-07-07,2027-07-08,2027-07-09,2027-07-12",,2026-07-13,2026-08-19,,hlgtfs.zip,hartford_gtfs_effective_2026-07-11_updated_2026-08-19.zip,0,To Southbound to New Haven Union Station; GTFS; gtfs_trip_id=33020; gtfs_service_id=2; source_origin=Springfield; source_destination=New Haven Union Station
CTrail,Hartford Line,Hartford Line,CTrail 4417,To Southbound to New Haven Union Station,WNL,Windsor Locks,2,22:48,22:48,2026-07-13,2027-07-12,"2026-07-13,2026-07-14,2026-07-15,2026-07-16,2026-07-17,2026-07-20,2026-07-21,2026-07-22,2026-07-23,2026-07-24,2026-07-27,2026-07-28,2026-07-29,2026-07-30,2026-07-31,2026-08-03,2026-08-04,2026-08-05,2026-08-06,2026-08-07,2026-08-10,2026-08-11,2026-08-12,2026-08-13,2026-08-14,2026-08-17,2026-08-18,2026-08-19,2026-08-20,2026-08-21,2026-08-24,2026-08-25,2026-08-26,2026-08-27,2026-08-28,2026-08-31,2026-09-01,2026-09-02,2026-09-03,2026-09-04,2026-09-08,2026-09-09,2026-09-10,2026-09-11,2026-09-14,2026-09-15,2026-09-16,2026-09-17,2026-09-18,2026-09-21,2026-09-22,2026-09-23,2026-09-24,2026-09-25,2026-09-28,2026-09-29,2026-09-30,2026-10-01,2026-10-02,2026-10-05,2026-10-06,2026-10-07,2026-10-08,2026-10-09,2026-10-12,2026-10-13,2026-10-14,2026-10-15,2026-10-16,2026-10-19,2026-10-20,2026-10-21,2026-10-22,2026-10-23,2026-10-26,2026-10-27,2026-10-28,2026-10-29,2026-10-30,2026-11-02,2026-11-03,2026-11-04,2026-11-05,2026-11-06,2026-11-09,2026-11-10,2026-11-11,2026-11-12,2026-11-13,2026-11-16,2026-11-17,2026-11-18,2026-11-19,2026-11-20,2026-11-23,2026-11-24,2026-11-25,2026-11-27,2026-11-30,2026-12-01,2026-12-02,2026-12-03,2026-12-04,2026-12-07,2026-12-08,2026-12-09,2026-12-10,2026-12-11,2026-12-14,2026-12-15,2026-12-16,2026-12-17,2026-12-18,2026-12-21,2026-12-22,2026-12-23,2026-12-24,2026-12-28,2026-12-29,2026-12-30,2026-12-31,2027-01-04,2027-01-05,2027-01-06,2027-01-07,2027-01-08,2027-01-11,2027-01-12,2027-01-13,2027-01-14,2027-01-15,2027-01-19,2027-01-20,2027-01-21,2027-01-22,2027-01-25,2027-01-26,2027-01-27,2027-01-28,2027-01-29,2027-02-01,2027-02-02,2027-02-03,2027-02-04,2027-02-05,2027-02-08,2027-02-09,2027-02-10,2027-02-11,2027-02-12,2027-02-16,2027-02-17,2027-02-18,2027-02-19,2027-02-22,2027-02-23,2027-02-24,2027-02-25,2027-02-26,2027-03-01,2027-03-02,2027-03-03,2027-03-04,2027-03-05,2027-03-08,2027-03-09,2027-03-10,2027-03-11,2027-03-12,2027-03-15,2027-03-16,2027-03-17,2027-03-18,2027-03-19,2027-03-22,2027-03-23,2027-03-24,2027-03-25,2027-03-26,2027-03-29,2027-03-30,2027-03-31,2027-04-01,2027-04-02,2027-04-05,2027-04-06,2027-04-07,2027-04-08,2027-04-09,2027-04-12,2027-04-13,2027-04-14,2027-04-15,2027-04-16,2027-04-19,2027-04-20,2027-04-21,2027-04-22,2027-04-23,2027-04-26,2027-04-27,2027-04-28,2027-04-29,2027-04-30,2027-05-03,2027-05-04,2027-05-05,2027-05-06,2027-05-07,2027-05-10,2027-05-11,2027-05-12,2027-05-13,2027-05-14,2027-05-17,2027-05-18,2027-05-19,2027-05-20,2027-05-21,2027-05-24,2027-05-25,2027-05-26,2027-05-27,2027-05-28,2027-06-01,2027-06-02,2027-06-03,2027-06-04,2027-06-07,2027-06-08,2027-06-09,2027-06-10,2027-06-11,2027-06-14,2027-06-15,2027-06-16,2027-06-17,2027-06-18,2027-06-21,2027-06-22,2027-06-23,2027-06-24,2027-06-25,2027-06-28,2027-06-29,2027-06-30,2027-07-01,2027-07-02,2027-07-06,2027-07-07,2027-07-08,2027-07-09,2027-07-12",,2026-07-13,2026-08-19,,hlgtfs.zip,hartford_gtfs_effective_2026-07-11_updated_2026-08-19.zip,0,To Southbound to New Haven Union Station; GTFS; gtfs_trip_id=33020; gtfs_service_id=2; source_origin=Springfield; source_destination=New Haven Union Station
CTrail,Hartford Line,Hartford Line,CTrail 4417,To Southbound to New Haven Union Station,WND,Windsor,3,22:55,22:55,2026-07-13,2027-07-12,"2026-07-13,2026-07-14,2026-07-15,2026-07-16,2026-07-17,2026-07-20,2026-07-21,2026-07-22,2026-07-23,2026-07-24,2026-07-27,2026-07-28,2026-07-29,2026-07-30,2026-07-31,2026-08-03,2026-08-04,2026-08-05,2026-08-06,2026-08-07,2026-08-10,2026-08-11,2026-08-12,2026-08-13,2026-08-14,2026-08-17,2026-08-18,2026-08-19,2026-08-20,2026-08-21,2026-08-24,2026-08-25,2026-08-26,2026-08-27,2026-08-28,2026-08-31,2026-09-01,2026-09-02,2026-09-03,2026-09-04,2026-09-08,2026-09-09,2026-09-10,2026-09-11,2026-09-14,2026-09-15,2026-09-16,2026-09-17,2026-09-18,2026-09-21,2026-09-22,2026-09-23,2026-09-24,2026-09-25,2026-09-28,2026-09-29,2026-09-30,2026-10-01,2026-10-02,2026-10-05,2026-10-06,2026-10-07,2026-10-08,2026-10-09,2026-10-12,2026-10-13,2026-10-14,2026-10-15,2026-10-16,2026-10-19,2026-10-20,2026-10-21,2026-10-22,2026-10-23,2026-10-26,2026-10-27,2026-10-28,2026-10-29,2026-10-30,2026-11-02,2026-11-03,2026-11-04,2026-11-05,2026-11-06,2026-11-09,2026-11-10,2026-11-11,2026-11-12,2026-11-13,2026-11-16,2026-11-17,2026-11-18,2026-11-19,2026-11-20,2026-11-23,2026-11-24,2026-11-25,2026-11-27,2026-11-30,2026-12-01,2026-12-02,2026-12-03,2026-12-04,2026-12-07,2026-12-08,2026-12-09,2026-12-10,2026-12-11,2026-12-14,2026-12-15,2026-12-16,2026-12-17,2026-12-18,2026-12-21,2026-12-22,2026-12-23,2026-12-24,2026-12-28,2026-12-29,2026-12-30,2026-12-31,2027-01-04,2027-01-05,2027-01-06,2027-01-07,2027-01-08,2027-01-11,2027-01-12,2027-01-13,2027-01-14,2027-01-15,2027-01-19,2027-01-20,2027-01-21,2027-01-22,2027-01-25,2027-01-26,2027-01-27,2027-01-28,2027-01-29,2027-02-01,2027-02-02,2027-02-03,2027-02-04,2027-02-05,2027-02-08,2027-02-09,2027-02-10,2027-02-11,2027-02-12,2027-02-16,2027-02-17,2027-02-18,2027-02-19,2027-02-22,2027-02-23,2027-02-24,2027-02-25,2027-02-26,2027-03-01,2027-03-02,2027-03-03,2027-03-04,2027-03-05,2027-03-08,2027-03-09,2027-03-10,2027-03-11,2027-03-12,2027-03-15,2027-03-16,2027-03-17,2027-03-18,2027-03-19,2027-03-22,2027-03-23,2027-03-24,2027-03-25,2027-03-26,2027-03-29,2027-03-30,2027-03-31,2027-04-01,2027-04-02,2027-04-05,2027-04-06,2027-04-07,2027-04-08,2027-04-09,2027-04-12,2027-04-13,2027-04-14,2027-04-15,2027-04-16,2027-04-19,2027-04-20,2027-04-21,2027-04-22,2027-04-23,2027-04-26,2027-04-27,2027-04-28,2027-04-29,2027-04-30,2027-05-03,2027-05-04,2027-05-05,2027-05-06,2027-05-07,2027-05-10,2027-05-11,2027-05-12,2027-05-13,2027-05-14,2027-05-17,2027-05-18,2027-05-19,2027-05-20,2027-05-21,2027-05-24,2027-05-25,2027-05-26,2027-05-27,2027-05-28,2027-06-01,2027-06-02,2027-06-03,2027-06-04,2027-06-07,2027-06-08,2027-06-09,2027-06-10,2027-06-11,2027-06-14,2027-06-15,2027-06-16,2027-06-17,2027-06-18,2027-06-21,2027-06-22,2027-06-23,2027-06-24,2027-06-25,2027-06-28,2027-06-29,2027-06-30,2027-07-01,2027-07-02,2027-07-06,2027-07-07,2027-07-08,2027-07-09,2027-07-12",,2026-07-13,2026-08-19,,hlgtfs.zip,hartford_gtfs_effective_2026-07-11_updated_2026-08-19.zip,0,To Southbound to New Haven Union Station; GTFS; gtfs_trip_id=33020; gtfs_service_id=2; source_origin=Springfield; source_destination=New Haven Union Station
CTrail,Hartford Line,Hartford Line,CTrail 4417,To Southbound to New Haven Union Station,HFD,Hartford,4,23:05,23:05,2026-07-13,2027-07-12,"2026-07-13,2026-07-14,2026-07-15,2026-07-16,2026-07-17,2026-07-20,2026-07-21,2026-07-22,2026-07-23,2026-07-24,2026-07-27,2026-07-28,2026-07-29,2026-07-30,2026-07-31,2026-08-03,2026-08-04,2026-08-05,2026-08-06,2026-08-07,2026-08-10,2026-08-11,2026-08-12,2026-08-13,2026-08-14,2026-08-17,2026-08-18,2026-08-19,2026-08-20,2026-08-21,2026-08-24,2026-08-25,2026-08-26,2026-08-27,2026-08-28,2026-08-31,2026-09-01,2026-09-02,2026-09-03,2026-09-04,2026-09-08,2026-09-09,2026-09-10,2026-09-11,2026-09-14,2026-09-15,2026-09-16,2026-09-17,2026-09-18,2026-09-21,2026-09-22,2026-09-23,2026-09-24,2026-09-25,2026-09-28,2026-09-29,2026-09-30,2026-10-01,2026-10-02,2026-10-05,2026-10-06,2026-10-07,2026-10-08,2026-10-09,2026-10-12,2026-10-13,2026-10-14,2026-10-15,2026-10-16,2026-10-19,2026-10-20,2026-10-21,2026-10-22,2026-10-23,2026-10-26,2026-10-27,2026-10-28,2026-10-29,2026-10-30,2026-11-02,2026-11-03,2026-11-04,2026-11-05,2026-11-06,2026-11-09,2026-11-10,2026-11-11,2026-11-12,2026-11-13,2026-11-16,2026-11-17,2026-11-18,2026-11-19,2026-11-20,2026-11-23,2026-11-24,2026-11-25,2026-11-27,2026-11-30,2026-12-01,2026-12-02,2026-12-03,2026-12-04,2026-12-07,2026-12-08,2026-12-09,2026-12-10,2026-12-11,2026-12-14,2026-12-15,2026-12-16,2026-12-17,2026-12-18,2026-12-21,2026-12-22,2026-12-23,2026-12-24,2026-12-28,2026-12-29,2026-12-30,2026-12-31,2027-01-04,2027-01-05,2027-01-06,2027-01-07,2027-01-08,2027-01-11,2027-01-12,2027-01-13,2027-01-14,2027-01-15,2027-01-19,2027-01-20,2027-01-21,2027-01-22,2027-01-25,2027-01-26,2027-01-27,2027-01-28,2027-01-29,2027-02-01,2027-02-02,2027-02-03,2027-02-04,2027-02-05,2027-02-08,2027-02-09,2027-02-10,2027-02-11,2027-02-12,2027-02-16,2027-02-17,2027-02-18,2027-02-19,2027-02-22,2027-02-23,2027-02-24,2027-02-25,2027-02-26,2027-03-01,2027-03-02,2027-03-03,2027-03-04,2027-03-05,2027-03-08,2027-03-09,2027-03-10,2027-03-11,2027-03-12,2027-03-15,2027-03-16,2027-03-17,2027-03-18,2027-03-19,2027-03-22,2027-03-23,2027-03-24,2027-03-25,2027-03-26,2027-03-29,2027-03-30,2027-03-31,2027-04-01,2027-04-02,2027-04-05,2027-04-06,2027-04-07,2027-04-08,2027-04-09,2027-04-12,2027-04-13,2027-04-14,2027-04-15,2027-04-16,2027-04-19,2027-04-20,2027-04-21,2027-04-22,2027-04-23,2027-04-26,2027-04-27,2027-04-28,2027-04-29,2027-04-30,2027-05-03,2027-05-04,2027-05-05,2027-05-06,2027-05-07,2027-05-10,2027-05-11,2027-05-12,2027-05-13,2027-05-14,2027-05-17,2027-05-18,2027-05-19,2027-05-20,2027-05-21,2027-05-24,2027-05-25,2027-05-26,2027-05-27,2027-05-28,2027-06-01,2027-06-02,2027-06-03,2027-06-04,2027-06-07,2027-06-08,2027-06-09,2027-06-10,2027-06-11,2027-06-14,2027-06-15,2027-06-16,2027-06-17,2027-06-18,2027-06-21,2027-06-22,2027-06-23,2027-06-24,2027-06-25,2027-06-28,2027-06-29,2027-06-30,2027-07-01,2027-07-02,2027-07-06,2027-07-07,2027-07-08,2027-07-09,2027-07-12",,2026-07-13,2026-08-19,,hlgtfs.zip,hartford_gtfs_effective_2026-07-11_updated_2026-08-19.zip,0,To Southbound to New Haven Union Station; GTFS; gtfs_trip_id=33020; gtfs_service_id=2; source_origin=Springfield; source_destination=New Haven Union Station
CTrail,Hartford Line,Hartford Line,CTrail 4417,To Southbound to New Haven Union Station,BER,Berlin,5,23:17,23:17,2026-07-13,2027-07-12,"2026-07-13,2026-07-14,2026-07-15,2026-07-16,2026-07-17,2026-07-20,2026-07-21,2026-07-22,2026-07-23,2026-07-24,2026-07-27,2026-07-28,2026-07-29,2026-07-30,2026-07-31,2026-08-03,2026-08-04,2026-08-05,2026-08-06,2026-08-07,2026-08-10,2026-08-11,2026-08-12,2026-08-13,2026-08-14,2026-08-17,2026-08-18,2026-08-19,2026-08-20,2026-08-21,2026-08-24,2026-08-25,2026-08-26,2026-08-27,2026-08-28,2026-08-31,2026-09-01,2026-09-02,2026-09-03,2026-09-04,2026-09-08,2026-09-09,2026-09-10,2026-09-11,2026-09-14,2026-09-15,2026-09-16,2026-09-17,2026-09-18,2026-09-21,2026-09-22,2026-09-23,2026-09-24,2026-09-25,2026-09-28,2026-09-29,2026-09-30,2026-10-01,2026-10-02,2026-10-05,2026-10-06,2026-10-07,2026-10-08,2026-10-09,2026-10-12,2026-10-13,2026-10-14,2026-10-15,2026-10-16,2026-10-19,2026-10-20,2026-10-21,2026-10-22,2026-10-23,2026-10-26,2026-10-27,2026-10-28,2026-10-29,2026-10-30,2026-11-02,2026-11-03,2026-11-04,2026-11-05,2026-11-06,2026-11-09,2026-11-10,2026-11-11,2026-11-12,2026-11-13,2026-11-16,2026-11-17,2026-11-18,2026-11-19,2026-11-20,2026-11-23,2026-11-24,2026-11-25,2026-11-27,2026-11-30,2026-12-01,2026-12-02,2026-12-03,2026-12-04,2026-12-07,2026-12-08,2026-12-09,2026-12-10,2026-12-11,2026-12-14,2026-12-15,2026-12-16,2026-12-17,2026-12-18,2026-12-21,2026-12-22,2026-12-23,2026-12-24,2026-12-28,2026-12-29,2026-12-30,2026-12-31,2027-01-04,2027-01-05,2027-01-06,2027-01-07,2027-01-08,2027-01-11,2027-01-12,2027-01-13,2027-01-14,2027-01-15,2027-01-19,2027-01-20,2027-01-21,2027-01-22,2027-01-25,2027-01-26,2027-01-27,2027-01-28,2027-01-29,2027-02-01,2027-02-02,2027-02-03,2027-02-04,2027-02-05,2027-02-08,2027-02-09,2027-02-10,2027-02-11,2027-02-12,2027-02-16,2027-02-17,2027-02-18,2027-02-19,2027-02-22,2027-02-23,2027-02-24,2027-02-25,2027-02-26,2027-03-01,2027-03-02,2027-03-03,2027-03-04,2027-03-05,2027-03-08,2027-03-09,2027-03-10,2027-03-11,2027-03-12,2027-03-15,2027-03-16,2027-03-17,2027-03-18,2027-03-19,2027-03-22,2027-03-23,2027-03-24,2027-03-25,2027-03-26,2027-03-29,2027-03-30,2027-03-31,2027-04-01,2027-04-02,2027-04-05,2027-04-06,2027-04-07,2027-04-08,2027-04-09,2027-04-12,2027-04-13,2027-04-14,2027-04-15,2027-04-16,2027-04-19,2027-04-20,2027-04-21,2027-04-22,2027-04-23,2027-04-26,2027-04-27,2027-04-28,2027-04-29,2027-04-30,2027-05-03,2027-05-04,2027-05-05,2027-05-06,2027-05-07,2027-05-10,2027-05-11,2027-05-12,2027-05-13,2027-05-14,2027-05-17,2027-05-18,2027-05-19,2027-05-20,2027-05-21,2027-05-24,2027-05-25,2027-05-26,2027-05-27,2027-05-28,2027-06-01,2027-06-02,2027-06-03,2027-06-04,2027-06-07,2027-06-08,2027-06-09,2027-06-10,2027-06-11,2027-06-14,2027-06-15,2027-06-16,2027-06-17,2027-06-18,2027-06-21,2027-06-22,2027-06-23,2027-06-24,2027-06-25,2027-06-28,2027-06-29,2027-06-30,2027-07-01,2027-07-02,2027-07-06,2027-07-07,2027-07-08,2027-07-09,2027-07-12",,2026-07-13,2026-08-19,,hlgtfs.zip,hartford_gtfs_effective_2026-07-11_updated_2026-08-19.zip,0,To Southbound to New Haven Union Station; GTFS; gtfs_trip_id=33020; gtfs_service_id=2; source_origin=Springfield; source_destination=New Haven Union Station
CTrail,Hartford Line,Hartford Line,CTrail 4417,To Southbound to New Haven Union Station,MDN,Meriden,6,23:26,23:26,2026-07-13,2027-07-12,"2026-07-13,2026-07-14,2026-07-15,2026-07-16,2026-07-17,2026-07-20,2026-07-21,2026-07-22,2026-07-23,2026-07-24,2026-07-27,2026-07-28,2026-07-29,2026-07-30,2026-07-31,2026-08-03,2026-08-04,2026-08-05,2026-08-06,2026-08-07,2026-08-10,2026-08-11,2026-08-12,2026-08-13,2026-08-14,2026-08-17,2026-08-18,2026-08-19,2026-08-20,2026-08-21,2026-08-24,2026-08-25,2026-08-26,2026-08-27,2026-08-28,2026-08-31,2026-09-01,2026-09-02,2026-09-03,2026-09-04,2026-09-08,2026-09-09,2026-09-10,2026-09-11,2026-09-14,2026-09-15,2026-09-16,2026-09-17,2026-09-18,2026-09-21,2026-09-22,2026-09-23,2026-09-24,2026-09-25,2026-09-28,2026-09-29,2026-09-30,2026-10-01,2026-10-02,2026-10-05,2026-10-06,2026-10-07,2026-10-08,2026-10-09,2026-10-12,2026-10-13,2026-10-14,2026-10-15,2026-10-16,2026-10-19,2026-10-20,2026-10-21,2026-10-22,2026-10-23,2026-10-26,2026-10-27,2026-10-28,2026-10-29,2026-10-30,2026-11-02,2026-11-03,2026-11-04,2026-11-05,2026-11-06,2026-11-09,2026-11-10,2026-11-11,2026-11-12,2026-11-13,2026-11-16,2026-11-17,2026-11-18,2026-11-19,2026-11-20,2026-11-23,2026-11-24,2026-11-25,2026-11-27,2026-11-30,2026-12-01,2026-12-02,2026-12-03,2026-12-04,2026-12-07,2026-12-08,2026-12-09,2026-12-10,2026-12-11,2026-12-14,2026-12-15,2026-12-16,2026-12-17,2026-12-18,2026-12-21,2026-12-22,2026-12-23,2026-12-24,2026-12-28,2026-12-29,2026-12-30,2026-12-31,2027-01-04,2027-01-05,2027-01-06,2027-01-07,2027-01-08,2027-01-11,2027-01-12,2027-01-13,2027-01-14,2027-01-15,2027-01-19,2027-01-20,2027-01-21,2027-01-22,2027-01-25,2027-01-26,2027-01-27,2027-01-28,2027-01-29,2027-02-01,2027-02-02,2027-02-03,2027-02-04,2027-02-05,2027-02-08,2027-02-09,2027-02-10,2027-02-11,2027-02-12,2027-02-16,2027-02-17,2027-02-18,2027-02-19,2027-02-22,2027-02-23,2027-02-24,2027-02-25,2027-02-26,2027-03-01,2027-03-02,2027-03-03,2027-03-04,2027-03-05,2027-03-08,2027-03-09,2027-03-10,2027-03-11,2027-03-12,2027-03-15,2027-03-16,2027-03-17,2027-03-18,2027-03-19,2027-03-22,2027-03-23,2027-03-24,2027-03-25,2027-03-26,2027-03-29,2027-03-30,2027-03-31,2027-04-01,2027-04-02,2027-04-05,2027-04-06,2027-04-07,2027-04-08,2027-04-09,2027-04-12,2027-04-13,2027-04-14,2027-04-15,2027-04-16,2027-04-19,2027-04-20,2027-04-21,2027-04-22,2027-04-23,2027-04-26,2027-04-27,2027-04-28,2027-04-29,2027-04-30,2027-05-03,2027-05-04,2027-05-05,2027-05-06,2027-05-07,2027-05-10,2027-05-11,2027-05-12,2027-05-13,2027-05-14,2027-05-17,2027-05-18,2027-05-19,2027-05-20,2027-05-21,2027-05-24,2027-05-25,2027-05-26,2027-05-27,2027-05-28,2027-06-01,2027-06-02,2027-06-03,2027-06-04,2027-06-07,2027-06-08,2027-06-09,2027-06-10,2027-06-11,2027-06-14,2027-06-15,2027-06-16,2027-06-17,2027-06-18,2027-06-21,2027-06-22,2027-06-23,2027-06-24,2027-06-25,2027-06-28,2027-06-29,2027-06-30,2027-07-01,2027-07-02,2027-07-06,2027-07-07,2027-07-08,2027-07-09,2027-07-12",,2026-07-13,2026-08-19,,hlgtfs.zip,hartford_gtfs_effective_2026-07-11_updated_2026-08-19.zip,0,To Southbound to New Haven Union Station; GTFS; gtfs_trip_id=33020; gtfs_service_id=2; source_origin=Springfield; source_destination=New Haven Union Station
CTrail,Hartford Line,Hartford Line,CTrail 4417,To Southbound to New Haven Union Station,WFD,Wallingford,7,23:35,23:35,2026-07-13,2027-07-12,"2026-07-13,2026-07-14,2026-07-15,2026-07-16,2026-07-17,2026-07-20,2026-07-21,2026-07-22,2026-07-23,2026-07-24,2026-07-27,2026-07-28,2026-07-29,2026-07-30,2026-07-31,2026-08-03,2026-08-04,2026-08-05,2026-08-06,2026-08-07,2026-08-10,2026-08-11,2026-08-12,2026-08-13,2026-08-14,2026-08-17,2026-08-18,2026-08-19,2026-08-20,2026-08-21,2026-08-24,2026-08-25,2026-08-26,2026-08-27,2026-08-28,2026-08-31,2026-09-01,2026-09-02,2026-09-03,2026-09-04,2026-09-08,2026-09-09,2026-09-10,2026-09-11,2026-09-14,2026-09-15,2026-09-16,2026-09-17,2026-09-18,2026-09-21,2026-09-22,2026-09-23,2026-09-24,2026-09-25,2026-09-28,2026-09-29,2026-09-30,2026-10-01,2026-10-02,2026-10-05,2026-10-06,2026-10-07,2026-10-08,2026-10-09,2026-10-12,2026-10-13,2026-10-14,2026-10-15,2026-10-16,2026-10-19,2026-10-20,2026-10-21,2026-10-22,2026-10-23,2026-10-26,2026-10-27,2026-10-28,2026-10-29,2026-10-30,2026-11-02,2026-11-03,2026-11-04,2026-11-05,2026-11-06,2026-11-09,2026-11-10,2026-11-11,2026-11-12,2026-11-13,2026-11-16,2026-11-17,2026-11-18,2026-11-19,2026-11-20,2026-11-23,2026-11-24,2026-11-25,2026-11-27,2026-11-30,2026-12-01,2026-12-02,2026-12-03,2026-12-04,2026-12-07,2026-12-08,2026-12-09,2026-12-10,2026-12-11,2026-12-14,2026-12-15,2026-12-16,2026-12-17,2026-12-18,2026-12-21,2026-12-22,2026-12-23,2026-12-24,2026-12-28,2026-12-29,2026-12-30,2026-12-31,2027-01-04,2027-01-05,2027-01-06,2027-01-07,2027-01-08,2027-01-11,2027-01-12,2027-01-13,2027-01-14,2027-01-15,2027-01-19,2027-01-20,2027-01-21,2027-01-22,2027-01-25,2027-01-26,2027-01-27,2027-01-28,2027-01-29,2027-02-01,2027-02-02,2027-02-03,2027-02-04,2027-02-05,2027-02-08,2027-02-09,2027-02-10,2027-02-11,2027-02-12,2027-02-16,2027-02-17,2027-02-18,2027-02-19,2027-02-22,2027-02-23,2027-02-24,2027-02-25,2027-02-26,2027-03-01,2027-03-02,2027-03-03,2027-03-04,2027-03-05,2027-03-08,2027-03-09,2027-03-10,2027-03-11,2027-03-12,2027-03-15,2027-03-16,2027-03-17,2027-03-18,2027-03-19,2027-03-22,2027-03-23,2027-03-24,2027-03-25,2027-03-26,2027-03-29,2027-03-30,2027-03-31,2027-04-01,2027-04-02,2027-04-05,2027-04-06,2027-04-07,2027-04-08,2027-04-09,2027-04-12,2027-04-13,2027-04-14,2027-04-15,2027-04-16,2027-04-19,2027-04-20,2027-04-21,2027-04-22,2027-04-23,2027-04-26,2027-04-27,2027-04-28,2027-04-29,2027-04-30,2027-05-03,2027-05-04,2027-05-05,2027-05-06,2027-05-07,2027-05-10,2027-05-11,2027-05-12,2027-05-13,2027-05-14,2027-05-17,2027-05-18,2027-05-19,2027-05-20,2027-05-21,2027-05-24,2027-05-25,2027-05-26,2027-05-27,2027-05-28,2027-06-01,2027-06-02,2027-06-03,2027-06-04,2027-06-07,2027-06-08,2027-06-09,2027-06-10,2027-06-11,2027-06-14,2027-06-15,2027-06-16,2027-06-17,2027-06-18,2027-06-21,2027-06-22,2027-06-23,2027-06-24,2027-06-25,2027-06-28,2027-06-29,2027-06-30,2027-07-01,2027-07-02,2027-07-06,2027-07-07,2027-07-08,2027-07-09,2027-07-12",,2026-07-13,2026-08-19,,hlgtfs.zip,hartford_gtfs_effective_2026-07-11_updated_2026-08-19.zip,0,To Southbound to New Haven Union Station; GTFS; gtfs_trip_id=33020; gtfs_service_id=2; source_origin=Springfield; source_destination=New Haven Union Station
CTrail,Hartford Line,Hartford Line,CTrail 4417,To Southbound to New Haven Union Station,STS,New Haven State Street,8,23:52,23:52,2026-07-13,2027-07-12,"2026-07-13,2026-07-14,2026-07-15,2026-07-16,2026-07-17,2026-07-20,2026-07-21,2026-07-22,2026-07-23,2026-07-24,2026-07-27,2026-07-28,2026-07-29,2026-07-30,2026-07-31,2026-08-03,2026-08-04,2026-08-05,2026-08-06,2026-08-07,2026-08-10,2026-08-11,2026-08-12,2026-08-13,2026-08-14,2026-08-17,2026-08-18,2026-08-19,2026-08-20,2026-08-21,2026-08-24,2026-08-25,2026-08-26,2026-08-27,2026-08-28,2026-08-31,2026-09-01,2026-09-02,2026-09-03,2026-09-04,2026-09-08,2026-09-09,2026-09-10,2026-09-11,2026-09-14,2026-09-15,2026-09-16,2026-09-17,2026-09-18,2026-09-21,2026-09-22,2026-09-23,2026-09-24,2026-09-25,2026-09-28,2026-09-29,2026-09-30,2026-10-01,2026-10-02,2026-10-05,2026-10-06,2026-10-07,2026-10-08,2026-10-09,2026-10-12,2026-10-13,2026-10-14,2026-10-15,2026-10-16,2026-10-19,2026-10-20,2026-10-21,2026-10-22,2026-10-23,2026-10-26,2026-10-27,2026-10-28,2026-10-29,2026-10-30,2026-11-02,2026-11-03,2026-11-04,2026-11-05,2026-11-06,2026-11-09,2026-11-10,2026-11-11,2026-11-12,2026-11-13,2026-11-16,2026-11-17,2026-11-18,2026-11-19,2026-11-20,2026-11-23,2026-11-24,2026-11-25,2026-11-27,2026-11-30,2026-12-01,2026-12-02,2026-12-03,2026-12-04,2026-12-07,2026-12-08,2026-12-09,2026-12-10,2026-12-11,2026-12-14,2026-12-15,2026-12-16,2026-12-17,2026-12-18,2026-12-21,2026-12-22,2026-12-23,2026-12-24,2026-12-28,2026-12-29,2026-12-30,2026-12-31,2027-01-04,2027-01-05,2027-01-06,2027-01-07,2027-01-08,2027-01-11,2027-01-12,2027-01-13,2027-01-14,2027-01-15,2027-01-19,2027-01-20,2027-01-21,2027-01-22,2027-01-25,2027-01-26,2027-01-27,2027-01-28,2027-01-29,2027-02-01,2027-02-02,2027-02-03,2027-02-04,2027-02-05,2027-02-08,2027-02-09,2027-02-10,2027-02-11,2027-02-12,2027-02-16,2027-02-17,2027-02-18,2027-02-19,2027-02-22,2027-02-23,2027-02-24,2027-02-25,2027-02-26,2027-03-01,2027-03-02,2027-03-03,2027-03-04,2027-03-05,2027-03-08,2027-03-09,2027-03-10,2027-03-11,2027-03-12,2027-03-15,2027-03-16,2027-03-17,2027-03-18,2027-03-19,2027-03-22,2027-03-23,2027-03-24,2027-03-25,2027-03-26,2027-03-29,2027-03-30,2027-03-31,2027-04-01,2027-04-02,2027-04-05,2027-04-06,2027-04-07,2027-04-08,2027-04-09,2027-04-12,2027-04-13,2027-04-14,2027-04-15,2027-04-16,2027-04-19,2027-04-20,2027-04-21,2027-04-22,2027-04-23,2027-04-26,2027-04-27,2027-04-28,2027-04-29,2027-04-30,2027-05-03,2027-05-04,2027-05-05,2027-05-06,2027-05-07,2027-05-10,2027-05-11,2027-05-12,2027-05-13,2027-05-14,2027-05-17,2027-05-18,2027-05-19,2027-05-20,2027-05-21,2027-05-24,2027-05-25,2027-05-26,2027-05-27,2027-05-28,2027-06-01,2027-06-02,2027-06-03,2027-06-04,2027-06-07,2027-06-08,2027-06-09,2027-06-10,2027-06-11,2027-06-14,2027-06-15,2027-06-16,2027-06-17,2027-06-18,2027-06-21,2027-06-22,2027-06-23,2027-06-24,2027-06-25,2027-06-28,2027-06-29,2027-06-30,2027-07-01,2027-07-02,2027-07-06,2027-07-07,2027-07-08,2027-07-09,2027-07-12",,2026-07-13,2026-08-19,,hlgtfs.zip,hartford_gtfs_effective_2026-07-11_updated_2026-08-19.zip,0,To Southbound to New Haven Union Station; GTFS; gtfs_trip_id=33020; gtfs_service_id=2; source_origin=Springfield; source_destination=New Haven Union Station
CTrail,Hartford Line,Hartford Line,CTrail 4417,To Southbound to New Haven Union Station,NHV,New Haven Union Station,9,23:59,23:59,2026-07-13,2027-07-12,"2026-07-13,2026-07-14,2026-07-15,2026-07-16,2026-07-17,2026-07-20,2026-07-21,2026-07-22,2026-07-23,2026-07-24,2026-07-27,2026-07-28,2026-07-29,2026-07-30,2026-07-31,2026-08-03,2026-08-04,2026-08-05,2026-08-06,2026-08-07,2026-08-10,2026-08-11,2026-08-12,2026-08-13,2026-08-14,2026-08-17,2026-08-18,2026-08-19,2026-08-20,2026-08-21,2026-08-24,2026-08-25,2026-08-26,2026-08-27,2026-08-28,2026-08-31,2026-09-01,2026-09-02,2026-09-03,2026-09-04,2026-09-08,2026-09-09,2026-09-10,2026-09-11,2026-09-14,2026-09-15,2026-09-16,2026-09-17,2026-09-18,2026-09-21,2026-09-22,2026-09-23,2026-09-24,2026-09-25,2026-09-28,2026-09-29,2026-09-30,2026-10-01,2026-10-02,2026-10-05,2026-10-06,2026-10-07,2026-10-08,2026-10-09,2026-10-12,2026-10-13,2026-10-14,2026-10-15,2026-10-16,2026-10-19,2026-10-20,2026-10-21,2026-10-22,2026-10-23,2026-10-26,2026-10-27,2026-10-28,2026-10-29,2026-10-30,2026-11-02,2026-11-03,2026-11-04,2026-11-05,2026-11-06,2026-11-09,2026-11-10,2026-11-11,2026-11-12,2026-11-13,2026-11-16,2026-11-17,2026-11-18,2026-11-19,2026-11-20,2026-11-23,2026-11-24,2026-11-25,2026-11-27,2026-11-30,2026-12-01,2026-12-02,2026-12-03,2026-12-04,2026-12-07,2026-12-08,2026-12-09,2026-12-10,2026-12-11,2026-12-14,2026-12-15,2026-12-16,2026-12-17,2026-12-18,2026-12-21,2026-12-22,2026-12-23,2026-12-24,2026-12-28,2026-12-29,2026-12-30,2026-12-31,2027-01-04,2027-01-05,2027-01-06,2027-01-07,2027-01-08,2027-01-11,2027-01-12,2027-01-13,2027-01-14,2027-01-15,2027-01-19,2027-01-20,2027-01-21,2027-01-22,2027-01-25,2027-01-26,2027-01-27,2027-01-28,2027-01-29,2027-02-01,2027-02-02,2027-02-03,2027-02-04,2027-02-05,2027-02-08,2027-02-09,2027-02-10,2027-02-11,2027-02-12,2027-02-16,2027-02-17,2027-02-18,2027-02-19,2027-02-22,2027-02-23,2027-02-24,2027-02-25,2027-02-26,2027-03-01,2027-03-02,2027-03-03,2027-03-04,2027-03-05,2027-03-08,2027-03-09,2027-03-10,2027-03-11,2027-03-12,2027-03-15,2027-03-16,2027-03-17,2027-03-18,2027-03-19,2027-03-22,2027-03-23,2027-03-24,2027-03-25,2027-03-26,2027-03-29,2027-03-30,2027-03-31,2027-04-01,2027-04-02,2027-04-05,2027-04-06,2027-04-07,2027-04-08,2027-04-09,2027-04-12,2027-04-13,2027-04-14,2027-04-15,2027-04-16,2027-04-19,2027-04-20,2027-04-21,2027-04-22,2027-04-23,2027-04-26,2027-04-27,2027-04-28,2027-04-29,2027-04-30,2027-05-03,2027-05-04,2027-05-05,2027-05-06,2027-05-07,2027-05-10,2027-05-11,2027-05-12,2027-05-13,2027-05-14,2027-05-17,2027-05-18,2027-05-19,2027-05-20,2027-05-21,2027-05-24,2027-05-25,2027-05-26,2027-05-27,2027-05-28,2027-06-01,2027-06-02,2027-06-03,2027-06-04,2027-06-07,2027-06-08,2027-06-09,2027-06-10,2027-06-11,2027-06-14,2027-06-15,2027-06-16,2027-06-17,2027-06-18,2027-06-21,2027-06-22,2027-06-23,2027-06-24,2027-06-25,2027-06-28,2027-06-29,2027-06-30,2027-07-01,2027-07-02,2027-07-06,2027-07-07,2027-07-08,2027-07-09,2027-07-12",,2026-07-13,2026-08-19,,hlgtfs.zip,hartford_gtfs_effective_2026-07-11_updated_2026-08-19.zip,0,To Southbound to New Haven Union Station; GTFS; gtfs_trip_id=33020; gtfs_service_id=2; source_origin=Springfield; source_destination=New Haven Union Station
CTrail,Hartford Line,Hartford Line,CTrail 4450,To Northbound to Hartford,NHV,New Haven Union Station,1,05:18,05:18,2026-07-13,2027-07-12,"2026-07-13,2026-07-14,2026-07-15,2026-07-16,2026-07-17,2026-07-20,2026-07-21,2026-07-22,2026-07-23,2026-07-24,2026-07-27,2026-07-28,2026-07-29,2026-07-30,2026-07-31,2026-08-03,2026-08-04,2026-08-05,2026-08-06,2026-08-07,2026-08-10,2026-08-11,2026-08-12,2026-08-13,2026-08-14,2026-08-17,2026-08-18,2026-08-19,2026-08-20,2026-08-21,2026-08-24,2026-08-25,2026-08-26,2026-08-27,2026-08-28,2026-08-31,2026-09-01,2026-09-02,2026-09-03,2026-09-04,2026-09-08,2026-09-09,2026-09-10,2026-09-11,2026-09-14,2026-09-15,2026-09-16,2026-09-17,2026-09-18,2026-09-21,2026-09-22,2026-09-23,2026-09-24,2026-09-25,2026-09-28,2026-09-29,2026-09-30,2026-10-01,2026-10-02,2026-10-05,2026-10-06,2026-10-07,2026-10-08,2026-10-09,2026-10-12,2026-10-13,2026-10-14,2026-10-15,2026-10-16,2026-10-19,2026-10-20,2026-10-21,2026-10-22,2026-10-23,2026-10-26,2026-10-27,2026-10-28,2026-10-29,2026-10-30,2026-11-02,2026-11-03,2026-11-04,2026-11-05,2026-11-06,2026-11-09,2026-11-10,2026-11-11,2026-11-12,2026-11-13,2026-11-16,2026-11-17,2026-11-18,2026-11-19,2026-11-20,2026-11-23,2026-11-24,2026-11-25,2026-11-27,2026-11-30,2026-12-01,2026-12-02,2026-12-03,2026-12-04,2026-12-07,2026-12-08,2026-12-09,2026-12-10,2026-12-11,2026-12-14,2026-12-15,2026-12-16,2026-12-17,2026-12-18,2026-12-21,2026-12-22,2026-12-23,2026-12-24,2026-12-28,2026-12-29,2026-12-30,2026-12-31,2027-01-04,2027-01-05,2027-01-06,2027-01-07,2027-01-08,2027-01-11,2027-01-12,2027-01-13,2027-01-14,2027-01-15,2027-01-19,2027-01-20,2027-01-21,2027-01-22,2027-01-25,2027-01-26,2027-01-27,2027-01-28,2027-01-29,2027-02-01,2027-02-02,2027-02-03,2027-02-04,2027-02-05,2027-02-08,2027-02-09,2027-02-10,2027-02-11,2027-02-12,2027-02-16,2027-02-17,2027-02-18,2027-02-19,2027-02-22,2027-02-23,2027-02-24,2027-02-25,2027-02-26,2027-03-01,2027-03-02,2027-03-03,2027-03-04,2027-03-05,2027-03-08,2027-03-09,2027-03-10,2027-03-11,2027-03-12,2027-03-15,2027-03-16,2027-03-17,2027-03-18,2027-03-19,2027-03-22,2027-03-23,2027-03-24,2027-03-25,2027-03-26,2027-03-29,2027-03-30,2027-03-31,2027-04-01,2027-04-02,2027-04-05,2027-04-06,2027-04-07,2027-04-08,2027-04-09,2027-04-12,2027-04-13,2027-04-14,2027-04-15,2027-04-16,2027-04-19,2027-04-20,2027-04-21,2027-04-22,2027-04-23,2027-04-26,2027-04-27,2027-04-28,2027-04-29,2027-04-30,2027-05-03,2027-05-04,2027-05-05,2027-05-06,2027-05-07,2027-05-10,2027-05-11,2027-05-12,2027-05-13,2027-05-14,2027-05-17,2027-05-18,2027-05-19,2027-05-20,2027-05-21,2027-05-24,2027-05-25,2027-05-26,2027-05-27,2027-05-28,2027-06-01,2027-06-02,2027-06-03,2027-06-04,2027-06-07,2027-06-08,2027-06-09,2027-06-10,2027-06-11,2027-06-14,2027-06-15,2027-06-16,2027-06-17,2027-06-18,2027-06-21,2027-06-22,2027-06-23,2027-06-24,2027-06-25,2027-06-28,2027-06-29,2027-06-30,2027-07-01,2027-07-02,2027-07-06,2027-07-07,2027-07-08,2027-07-09,2027-07-12",,2026-07-13,2026-08-19,,hlgtfs.zip,hartford_gtfs_effective_2026-07-11_updated_2026-08-19.zip,0,To Northbound to Hartford; GTFS; gtfs_trip_id=3020; gtfs_service_id=2; source_origin=New Haven Union Station; source_destination=Hartford
CTrail,Hartford Line,Hartford Line,CTrail 4450,To Northbound to Hartford,STS,New Haven State Street,2,05:20,05:20,2026-07-13,2027-07-12,"2026-07-13,2026-07-14,2026-07-15,2026-07-16,2026-07-17,2026-07-20,2026-07-21,2026-07-22,2026-07-23,2026-07-24,2026-07-27,2026-07-28,2026-07-29,2026-07-30,2026-07-31,2026-08-03,2026-08-04,2026-08-05,2026-08-06,2026-08-07,2026-08-10,2026-08-11,2026-08-12,2026-08-13,2026-08-14,2026-08-17,2026-08-18,2026-08-19,2026-08-20,2026-08-21,2026-08-24,2026-08-25,2026-08-26,2026-08-27,2026-08-28,2026-08-31,2026-09-01,2026-09-02,2026-09-03,2026-09-04,2026-09-08,2026-09-09,2026-09-10,2026-09-11,2026-09-14,2026-09-15,2026-09-16,2026-09-17,2026-09-18,2026-09-21,2026-09-22,2026-09-23,2026-09-24,2026-09-25,2026-09-28,2026-09-29,2026-09-30,2026-10-01,2026-10-02,2026-10-05,2026-10-06,2026-10-07,2026-10-08,2026-10-09,2026-10-12,2026-10-13,2026-10-14,2026-10-15,2026-10-16,2026-10-19,2026-10-20,2026-10-21,2026-10-22,2026-10-23,2026-10-26,2026-10-27,2026-10-28,2026-10-29,2026-10-30,2026-11-02,2026-11-03,2026-11-04,2026-11-05,2026-11-06,2026-11-09,2026-11-10,2026-11-11,2026-11-12,2026-11-13,2026-11-16,2026-11-17,2026-11-18,2026-11-19,2026-11-20,2026-11-23,2026-11-24,2026-11-25,2026-11-27,2026-11-30,2026-12-01,2026-12-02,2026-12-03,2026-12-04,2026-12-07,2026-12-08,2026-12-09,2026-12-10,2026-12-11,2026-12-14,2026-12-15,2026-12-16,2026-12-17,2026-12-18,2026-12-21,2026-12-22,2026-12-23,2026-12-24,2026-12-28,2026-12-29,2026-12-30,2026-12-31,2027-01-04,2027-01-05,2027-01-06,2027-01-07,2027-01-08,2027-01-11,2027-01-12,2027-01-13,2027-01-14,2027-01-15,2027-01-19,2027-01-20,2027-01-21,2027-01-22,2027-01-25,2027-01-26,2027-01-27,2027-01-28,2027-01-29,2027-02-01,2027-02-02,2027-02-03,2027-02-04,2027-02-05,2027-02-08,2027-02-09,2027-02-10,2027-02-11,2027-02-12,2027-02-16,2027-02-17,2027-02-18,2027-02-19,2027-02-22,2027-02-23,2027-02-24,2027-02-25,2027-02-26,2027-03-01,2027-03-02,2027-03-03,2027-03-04,2027-03-05,2027-03-08,2027-03-09,2027-03-10,2027-03-11,2027-03-12,2027-03-15,2027-03-16,2027-03-17,2027-03-18,2027-03-19,2027-03-22,2027-03-23,2027-03-24,2027-03-25,2027-03-26,2027-03-29,2027-03-30,2027-03-31,2027-04-01,2027-04-02,2027-04-05,2027-04-06,2027-04-07,2027-04-08,2027-04-09,2027-04-12,2027-04-13,2027-04-14,2027-04-15,2027-04-16,2027-04-19,2027-04-20,2027-04-21,2027-04-22,2027-04-23,2027-04-26,2027-04-27,2027-04-28,2027-04-29,2027-04-30,2027-05-03,2027-05-04,2027-05-05,2027-05-06,2027-05-07,2027-05-10,2027-05-11,2027-05-12,2027-05-13,2027-05-14,2027-05-17,2027-05-18,2027-05-19,2027-05-20,2027-05-21,2027-05-24,2027-05-25,2027-05-26,2027-05-27,2027-05-28,2027-06-01,2027-06-02,2027-06-03,2027-06-04,2027-06-07,2027-06-08,2027-06-09,2027-06-10,2027-06-11,2027-06-14,2027-06-15,2027-06-16,2027-06-17,2027-06-18,2027-06-21,2027-06-22,2027-06-23,2027-06-24,2027-06-25,2027-06-28,2027-06-29,2027-06-30,2027-07-01,2027-07-02,2027-07-06,2027-07-07,2027-07-08,2027-07-09,2027-07-12",,2026-07-13,2026-08-19,,hlgtfs.zip,hartford_gtfs_effective_2026-07-11_updated_2026-08-19.zip,0,To Northbound to Hartford; GTFS; gtfs_trip_id=3020; gtfs_service_id=2; source_origin=New Haven Union Station; source_destination=Hartford
CTrail,Hartford Line,Hartford Line,CTrail 4450,To Northbound to Hartford,WFD,Wallingford,3,05:36,05:36,2026-07-13,2027-07-12,"2026-07-13,2026-07-14,2026-07-15,2026-07-16,2026-07-17,2026-07-20,2026-07-21,2026-07-22,2026-07-23,2026-07-24,2026-07-27,2026-07-28,2026-07-29,2026-07-30,2026-07-31,2026-08-03,2026-08-04,2026-08-05,2026-08-06,2026-08-07,2026-08-10,2026-08-11,2026-08-12,2026-08-13,2026-08-14,2026-08-17,2026-08-18,2026-08-19,2026-08-20,2026-08-21,2026-08-24,2026-08-25,2026-08-26,2026-08-27,2026-08-28,2026-08-31,2026-09-01,2026-09-02,2026-09-03,2026-09-04,2026-09-08,2026-09-09,2026-09-10,2026-09-11,2026-09-14,2026-09-15,2026-09-16,2026-09-17,2026-09-18,2026-09-21,2026-09-22,2026-09-23,2026-09-24,2026-09-25,2026-09-28,2026-09-29,2026-09-30,2026-10-01,2026-10-02,2026-10-05,2026-10-06,2026-10-07,2026-10-08,2026-10-09,2026-10-12,2026-10-13,2026-10-14,2026-10-15,2026-10-16,2026-10-19,2026-10-20,2026-10-21,2026-10-22,2026-10-23,2026-10-26,2026-10-27,2026-10-28,2026-10-29,2026-10-30,2026-11-02,2026-11-03,2026-11-04,2026-11-05,2026-11-06,2026-11-09,2026-11-10,2026-11-11,2026-11-12,2026-11-13,2026-11-16,2026-11-17,2026-11-18,2026-11-19,2026-11-20,2026-11-23,2026-11-24,2026-11-25,2026-11-27,2026-11-30,2026-12-01,2026-12-02,2026-12-03,2026-12-04,2026-12-07,2026-12-08,2026-12-09,2026-12-10,2026-12-11,2026-12-14,2026-12-15,2026-12-16,2026-12-17,2026-12-18,2026-12-21,2026-12-22,2026-12-23,2026-12-24,2026-12-28,2026-12-29,2026-12-30,2026-12-31,2027-01-04,2027-01-05,2027-01-06,2027-01-07,2027-01-08,2027-01-11,2027-01-12,2027-01-13,2027-01-14,2027-01-15,2027-01-19,2027-01-20,2027-01-21,2027-01-22,2027-01-25,2027-01-26,2027-01-27,2027-01-28,2027-01-29,2027-02-01,2027-02-02,2027-02-03,2027-02-04,2027-02-05,2027-02-08,2027-02-09,2027-02-10,2027-02-11,2027-02-12,2027-02-16,2027-02-17,2027-02-18,2027-02-19,2027-02-22,2027-02-23,2027-02-24,2027-02-25,2027-02-26,2027-03-01,2027-03-02,2027-03-03,2027-03-04,2027-03-05,2027-03-08,2027-03-09,2027-03-10,2027-03-11,2027-03-12,2027-03-15,2027-03-16,2027-03-17,2027-03-18,2027-03-19,2027-03-22,2027-03-23,2027-03-24,2027-03-25,2027-03-26,2027-03-29,2027-03-30,2027-03-31,2027-04-01,2027-04-02,2027-04-05,2027-04-06,2027-04-07,2027-04-08,2027-04-09,2027-04-12,2027-04-13,2027-04-14,2027-04-15,2027-04-16,2027-04-19,2027-04-20,2027-04-21,2027-04-22,2027-04-23,2027-04-26,2027-04-27,2027-04-28,2027-04-29,2027-04-30,2027-05-03,2027-05-04,2027-05-05,2027-05-06,2027-05-07,2027-05-10,2027-05-11,2027-05-12,2027-05-13,2027-05-14,2027-05-17,2027-05-18,2027-05-19,2027-05-20,2027-05-21,2027-05-24,2027-05-25,2027-05-26,2027-05-27,2027-05-28,2027-06-01,2027-06-02,2027-06-03,2027-06-04,2027-06-07,2027-06-08,2027-06-09,2027-06-10,2027-06-11,2027-06-14,2027-06-15,2027-06-16,2027-06-17,2027-06-18,2027-06-21,2027-06-22,2027-06-23,2027-06-24,2027-06-25,2027-06-28,2027-06-29,2027-06-30,2027-07-01,2027-07-02,2027-07-06,2027-07-07,2027-07-08,2027-07-09,2027-07-12",,2026-07-13,2026-08-19,,hlgtfs.zip,hartford_gtfs_effective_2026-07-11_updated_2026-08-19.zip,0,To Northbound to Hartford; GTFS; gtfs_trip_id=3020; gtfs_service_id=2; source_origin=New Haven Union Station; source_destination=Hartford
CTrail,Hartford Line,Hartford Line,CTrail 4450,To Northbound to Hartford,MDN,Meriden,4,05:45,05:45,2026-07-13,2027-07-12,"2026-07-13,2026-07-14,2026-07-15,2026-07-16,2026-07-17,2026-07-20,2026-07-21,2026-07-22,2026-07-23,2026-07-24,2026-07-27,2026-07-28,2026-07-29,2026-07-30,2026-07-31,2026-08-03,2026-08-04,2026-08-05,2026-08-06,2026-08-07,2026-08-10,2026-08-11,2026-08-12,2026-08-13,2026-08-14,2026-08-17,2026-08-18,2026-08-19,2026-08-20,2026-08-21,2026-08-24,2026-08-25,2026-08-26,2026-08-27,2026-08-28,2026-08-31,2026-09-01,2026-09-02,2026-09-03,2026-09-04,2026-09-08,2026-09-09,2026-09-10,2026-09-11,2026-09-14,2026-09-15,2026-09-16,2026-09-17,2026-09-18,2026-09-21,2026-09-22,2026-09-23,2026-09-24,2026-09-25,2026-09-28,2026-09-29,2026-09-30,2026-10-01,2026-10-02,2026-10-05,2026-10-06,2026-10-07,2026-10-08,2026-10-09,2026-10-12,2026-10-13,2026-10-14,2026-10-15,2026-10-16,2026-10-19,2026-10-20,2026-10-21,2026-10-22,2026-10-23,2026-10-26,2026-10-27,2026-10-28,2026-10-29,2026-10-30,2026-11-02,2026-11-03,2026-11-04,2026-11-05,2026-11-06,2026-11-09,2026-11-10,2026-11-11,2026-11-12,2026-11-13,2026-11-16,2026-11-17,2026-11-18,2026-11-19,2026-11-20,2026-11-23,2026-11-24,2026-11-25,2026-11-27,2026-11-30,2026-12-01,2026-12-02,2026-12-03,2026-12-04,2026-12-07,2026-12-08,2026-12-09,2026-12-10,2026-12-11,2026-12-14,2026-12-15,2026-12-16,2026-12-17,2026-12-18,2026-12-21,2026-12-22,2026-12-23,2026-12-24,2026-12-28,2026-12-29,2026-12-30,2026-12-31,2027-01-04,2027-01-05,2027-01-06,2027-01-07,2027-01-08,2027-01-11,2027-01-12,2027-01-13,2027-01-14,2027-01-15,2027-01-19,2027-01-20,2027-01-21,2027-01-22,2027-01-25,2027-01-26,2027-01-27,2027-01-28,2027-01-29,2027-02-01,2027-02-02,2027-02-03,2027-02-04,2027-02-05,2027-02-08,2027-02-09,2027-02-10,2027-02-11,2027-02-12,2027-02-16,2027-02-17,2027-02-18,2027-02-19,2027-02-22,2027-02-23,2027-02-24,2027-02-25,2027-02-26,2027-03-01,2027-03-02,2027-03-03,2027-03-04,2027-03-05,2027-03-08,2027-03-09,2027-03-10,2027-03-11,2027-03-12,2027-03-15,2027-03-16,2027-03-17,2027-03-18,2027-03-19,2027-03-22,2027-03-23,2027-03-24,2027-03-25,2027-03-26,2027-03-29,2027-03-30,2027-03-31,2027-04-01,2027-04-02,2027-04-05,2027-04-06,2027-04-07,2027-04-08,2027-04-09,2027-04-12,2027-04-13,2027-04-14,2027-04-15,2027-04-16,2027-04-19,2027-04-20,2027-04-21,2027-04-22,2027-04-23,2027-04-26,2027-04-27,2027-04-28,2027-04-29,2027-04-30,2027-05-03,2027-05-04,2027-05-05,2027-05-06,2027-05-07,2027-05-10,2027-05-11,2027-05-12,2027-05-13,2027-05-14,2027-05-17,2027-05-18,2027-05-19,2027-05-20,2027-05-21,2027-05-24,2027-05-25,2027-05-26,2027-05-27,2027-05-28,2027-06-01,2027-06-02,2027-06-03,2027-06-04,2027-06-07,2027-06-08,2027-06-09,2027-06-10,2027-06-11,2027-06-14,2027-06-15,2027-06-16,2027-06-17,2027-06-18,2027-06-21,2027-06-22,2027-06-23,2027-06-24,2027-06-25,2027-06-28,2027-06-29,2027-06-30,2027-07-01,2027-07-02,2027-07-06,2027-07-07,2027-07-08,2027-07-09,2027-07-12",,2026-07-13,2026-08-19,,hlgtfs.zip,hartford_gtfs_effective_2026-07-11_updated_2026-08-19.zip,0,To Northbound to Hartford; GTFS; gtfs_trip_id=3020; gtfs_service_id=2; source_origin=New Haven Union Station; source_destination=Hartford
CTrail,Hartford Line,Hartford Line,CTrail 4450,To Northbound to Hartford,BER,Berlin,5,05:54,05:54,2026-07-13,2027-07-12,"2026-07-13,2026-07-14,2026-07-15,2026-07-16,2026-07-17,2026-07-20,2026-07-21,2026-07-22,2026-07-23,2026-07-24,2026-07-27,2026-07-28,2026-07-29,2026-07-30,2026-07-31,2026-08-03,2026-08-04,2026-08-05,2026-08-06,2026-08-07,2026-08-10,2026-08-11,2026-08-12,2026-08-13,2026-08-14,2026-08-17,2026-08-18,2026-08-19,2026-08-20,2026-08-21,2026-08-24,2026-08-25,2026-08-26,2026-08-27,2026-08-28,2026-08-31,2026-09-01,2026-09-02,2026-09-03,2026-09-04,2026-09-08,2026-09-09,2026-09-10,2026-09-11,2026-09-14,2026-09-15,2026-09-16,2026-09-17,2026-09-18,2026-09-21,2026-09-22,2026-09-23,2026-09-24,2026-09-25,2026-09-28,2026-09-29,2026-09-30,2026-10-01,2026-10-02,2026-10-05,2026-10-06,2026-10-07,2026-10-08,2026-10-09,2026-10-12,2026-10-13,2026-10-14,2026-10-15,2026-10-16,2026-10-19,2026-10-20,2026-10-21,2026-10-22,2026-10-23,2026-10-26,2026-10-27,2026-10-28,2026-10-29,2026-10-30,2026-11-02,2026-11-03,2026-11-04,2026-11-05,2026-11-06,2026-11-09,2026-11-10,2026-11-11,2026-11-12,2026-11-13,2026-11-16,2026-11-17,2026-11-18,2026-11-19,2026-11-20,2026-11-23,2026-11-24,2026-11-25,2026-11-27,2026-11-30,2026-12-01,2026-12-02,2026-12-03,2026-12-04,2026-12-07,2026-12-08,2026-12-09,2026-12-10,2026-12-11,2026-12-14,2026-12-15,2026-12-16,2026-12-17,2026-12-18,2026-12-21,2026-12-22,2026-12-23,2026-12-24,2026-12-28,2026-12-29,2026-12-30,2026-12-31,2027-01-04,2027-01-05,2027-01-06,2027-01-07,2027-01-08,2027-01-11,2027-01-12,2027-01-13,2027-01-14,2027-01-15,2027-01-19,2027-01-20,2027-01-21,2027-01-22,2027-01-25,2027-01-26,2027-01-27,2027-01-28,2027-01-29,2027-02-01,2027-02-02,2027-02-03,2027-02-04,2027-02-05,2027-02-08,2027-02-09,2027-02-10,2027-02-11,2027-02-12,2027-02-16,2027-02-17,2027-02-18,2027-02-19,2027-02-22,2027-02-23,2027-02-24,2027-02-25,2027-02-26,2027-03-01,2027-03-02,2027-03-03,2027-03-04,2027-03-05,2027-03-08,2027-03-09,2027-03-10,2027-03-11,2027-03-12,2027-03-15,2027-03-16,2027-03-17,2027-03-18,2027-03-19,2027-03-22,2027-03-23,2027-03-24,2027-03-25,2027-03-26,2027-03-29,2027-03-30,2027-03-31,2027-04-01,2027-04-02,2027-04-05,2027-04-06,2027-04-07,2027-04-08,2027-04-09,2027-04-12,2027-04-13,2027-04-14,2027-04-15,2027-04-16,2027-04-19,2027-04-20,2027-04-21,2027-04-22,2027-04-23,2027-04-26,2027-04-27,2027-04-28,2027-04-29,2027-04-30,2027-05-03,2027-05-04,2027-05-05,2027-05-06,2027-05-07,2027-05-10,2027-05-11,2027-05-12,2027-05-13,2027-05-14,2027-05-17,2027-05-18,2027-05-19,2027-05-20,2027-05-21,2027-05-24,2027-05-25,2027-05-26,2027-05-27,2027-05-28,2027-06-01,2027-06-02,2027-06-03,2027-06-04,2027-06-07,2027-06-08,2027-06-09,2027-06-10,2027-06-11,2027-06-14,2027-06-15,2027-06-16,2027-06-17,2027-06-18,2027-06-21,2027-06-22,2027-06-23,2027-06-24,2027-06-25,2027-06-28,2027-06-29,2027-06-30,2027-07-01,2027-07-02,2027-07-06,2027-07-07,2027-07-08,2027-07-09,2027-07-12",,2026-07-13,2026-08-19,,hlgtfs.zip,hartford_gtfs_effective_2026-07-11_updated_2026-08-19.zip,0,To Northbound to Hartford; GTFS; gtfs_trip_id=3020; gtfs_service_id=2; source_origin=New Haven Union Station; source_destination=Hartford
CTrail,Hartford Line,Hartford Line,CTrail 4450,To Northbound to Hartford,HFD,Hartford,6,06:10,06:10,2026-07-13,2027-07-12,"2026-07-13,2026-07-14,2026-07-15,2026-07-16,2026-07-17,2026-07-20,2026-07-21,2026-07-22,2026-07-23,2026-07-24,2026-07-27,2026-07-28,2026-07-29,2026-07-30,2026-07-31,2026-08-03,2026-08-04,2026-08-05,2026-08-06,2026-08-07,2026-08-10,2026-08-11,2026-08-12,2026-08-13,2026-08-14,2026-08-17,2026-08-18,2026-08-19,2026-08-20,2026-08-21,2026-08-24,2026-08-25,2026-08-26,2026-08-27,2026-08-28,2026-08-31,2026-09-01,2026-09-02,2026-09-03,2026-09-04,2026-09-08,2026-09-09,2026-09-10,2026-09-11,2026-09-14,2026-09-15,2026-09-16,2026-09-17,2026-09-18,2026-09-21,2026-09-22,2026-09-23,2026-09-24,2026-09-25,2026-09-28,2026-09-29,2026-09-30,2026-10-01,2026-10-02,2026-10-05,2026-10-06,2026-10-07,2026-10-08,2026-10-09,2026-10-12,2026-10-13,2026-10-14,2026-10-15,2026-10-16,2026-10-19,2026-10-20,2026-10-21,2026-10-22,2026-10-23,2026-10-26,2026-10-27,2026-10-28,2026-10-29,2026-10-30,2026-11-02,2026-11-03,2026-11-04,2026-11-05,2026-11-06,2026-11-09,2026-11-10,2026-11-11,2026-11-12,2026-11-13,2026-11-16,2026-11-17,2026-11-18,2026-11-19,2026-11-20,2026-11-23,2026-11-24,2026-11-25,2026-11-27,2026-11-30,2026-12-01,2026-12-02,2026-12-03,2026-12-04,2026-12-07,2026-12-08,2026-12-09,2026-12-10,2026-12-11,2026-12-14,2026-12-15,2026-12-16,2026-12-17,2026-12-18,2026-12-21,2026-12-22,2026-12-23,2026-12-24,2026-12-28,2026-12-29,2026-12-30,2026-12-31,2027-01-04,2027-01-05,2027-01-06,2027-01-07,2027-01-08,2027-01-11,2027-01-12,2027-01-13,2027-01-14,2027-01-15,2027-01-19,2027-01-20,2027-01-21,2027-01-22,2027-01-25,2027-01-26,2027-01-27,2027-01-28,2027-01-29,2027-02-01,2027-02-02,2027-02-03,2027-02-04,2027-02-05,2027-02-08,2027-02-09,2027-02-10,2027-02-11,2027-02-12,2027-02-16,2027-02-17,2027-02-18,2027-02-19,2027-02-22,2027-02-23,2027-02-24,2027-02-25,2027-02-26,2027-03-01,2027-03-02,2027-03-03,2027-03-04,2027-03-05,2027-03-08,2027-03-09,2027-03-10,2027-03-11,2027-03-12,2027-03-15,2027-03-16,2027-03-17,2027-03-18,2027-03-19,2027-03-22,2027-03-23,2027-03-24,2027-03-25,2027-03-26,2027-03-29,2027-03-30,2027-03-31,2027-04-01,2027-04-02,2027-04-05,2027-04-06,2027-04-07,2027-04-08,2027-04-09,2027-04-12,2027-04-13,2027-04-14,2027-04-15,2027-04-16,2027-04-19,2027-04-20,2027-04-21,2027-04-22,2027-04-23,2027-04-26,2027-04-27,2027-04-28,2027-04-29,2027-04-30,2027-05-03,2027-05-04,2027-05-05,2027-05-06,2027-05-07,2027-05-10,2027-05-11,2027-05-12,2027-05-13,2027-05-14,2027-05-17,2027-05-18,2027-05-19,2027-05-20,2027-05-21,2027-05-24,2027-05-25,2027-05-26,2027-05-27,2027-05-28,2027-06-01,2027-06-02,2027-06-03,2027-06-04,2027-06-07,2027-06-08,2027-06-09,2027-06-10,2027-06-11,2027-06-14,2027-06-15,2027-06-16,2027-06-17,2027-06-18,2027-06-21,2027-06-22,2027-06-23,2027-06-24,2027-06-25,2027-06-28,2027-06-29,2027-06-30,2027-07-01,2027-07-02,2027-07-06,2027-07-07,2027-07-08,2027-07-09,2027-07-12",,2026-07-13,2026-08-19,,hlgtfs.zip,hartford_gtfs_effective_2026-07-11_updated_2026-08-19.zip,0,To Northbound to Hartford; GTFS; gtfs_trip_id=3020; gtfs_service_id=2; source_origin=New Haven Union Station; source_destination=Hartford
CTrail,Hartford Line,Hartford Line,CTrail 4451,To Southbound to New Haven Union Station,HFD,Hartford,1,06:45,06:45,2026-07-13,2027-07-12,"2026-07-13,2026-07-14,2026-07-15,2026-07-16,2026-07-17,2026-07-20,2026-07-21,2026-07-22,2026-07-23,2026-07-24,2026-07-27,2026-07-28,2026-07-29,2026-07-30,2026-07-31,2026-08-03,2026-08-04,2026-08-05,2026-08-06,2026-08-07,2026-08-10,2026-08-11,2026-08-12,2026-08-13,2026-08-14,2026-08-17,2026-08-18,2026-08-19,2026-08-20,2026-08-21,2026-08-24,2026-08-25,2026-08-26,2026-08-27,2026-08-28,2026-08-31,2026-09-01,2026-09-02,2026-09-03,2026-09-04,2026-09-08,2026-09-09,2026-09-10,2026-09-11,2026-09-14,2026-09-15,2026-09-16,2026-09-17,2026-09-18,2026-09-21,2026-09-22,2026-09-23,2026-09-24,2026-09-25,2026-09-28,2026-09-29,2026-09-30,2026-10-01,2026-10-02,2026-10-05,2026-10-06,2026-10-07,2026-10-08,2026-10-09,2026-10-12,2026-10-13,2026-10-14,2026-10-15,2026-10-16,2026-10-19,2026-10-20,2026-10-21,2026-10-22,2026-10-23,2026-10-26,2026-10-27,2026-10-28,2026-10-29,2026-10-30,2026-11-02,2026-11-03,2026-11-04,2026-11-05,2026-11-06,2026-11-09,2026-11-10,2026-11-11,2026-11-12,2026-11-13,2026-11-16,2026-11-17,2026-11-18,2026-11-19,2026-11-20,2026-11-23,2026-11-24,2026-11-25,2026-11-27,2026-11-30,2026-12-01,2026-12-02,2026-12-03,2026-12-04,2026-12-07,2026-12-08,2026-12-09,2026-12-10,2026-12-11,2026-12-14,2026-12-15,2026-12-16,2026-12-17,2026-12-18,2026-12-21,2026-12-22,2026-12-23,2026-12-24,2026-12-28,2026-12-29,2026-12-30,2026-12-31,2027-01-04,2027-01-05,2027-01-06,2027-01-07,2027-01-08,2027-01-11,2027-01-12,2027-01-13,2027-01-14,2027-01-15,2027-01-19,2027-01-20,2027-01-21,2027-01-22,2027-01-25,2027-01-26,2027-01-27,2027-01-28,2027-01-29,2027-02-01,2027-02-02,2027-02-03,2027-02-04,2027-02-05,2027-02-08,2027-02-09,2027-02-10,2027-02-11,2027-02-12,2027-02-16,2027-02-17,2027-02-18,2027-02-19,2027-02-22,2027-02-23,2027-02-24,2027-02-25,2027-02-26,2027-03-01,2027-03-02,2027-03-03,2027-03-04,2027-03-05,2027-03-08,2027-03-09,2027-03-10,2027-03-11,2027-03-12,2027-03-15,2027-03-16,2027-03-17,2027-03-18,2027-03-19,2027-03-22,2027-03-23,2027-03-24,2027-03-25,2027-03-26,2027-03-29,2027-03-30,2027-03-31,2027-04-01,2027-04-02,2027-04-05,2027-04-06,2027-04-07,2027-04-08,2027-04-09,2027-04-12,2027-04-13,2027-04-14,2027-04-15,2027-04-16,2027-04-19,2027-04-20,2027-04-21,2027-04-22,2027-04-23,2027-04-26,2027-04-27,2027-04-28,2027-04-29,2027-04-30,2027-05-03,2027-05-04,2027-05-05,2027-05-06,2027-05-07,2027-05-10,2027-05-11,2027-05-12,2027-05-13,2027-05-14,2027-05-17,2027-05-18,2027-05-19,2027-05-20,2027-05-21,2027-05-24,2027-05-25,2027-05-26,2027-05-27,2027-05-28,2027-06-01,2027-06-02,2027-06-03,2027-06-04,2027-06-07,2027-06-08,2027-06-09,2027-06-10,2027-06-11,2027-06-14,2027-06-15,2027-06-16,2027-06-17,2027-06-18,2027-06-21,2027-06-22,2027-06-23,2027-06-24,2027-06-25,2027-06-28,2027-06-29,2027-06-30,2027-07-01,2027-07-02,2027-07-06,2027-07-07,2027-07-08,2027-07-09,2027-07-12",,2026-07-13,2026-08-19,,hlgtfs.zip,hartford_gtfs_effective_2026-07-11_updated_2026-08-19.zip,0,To Southbound to New Haven Union Station; GTFS; gtfs_trip_id=25020; gtfs_service_id=2; source_origin=Hartford; source_destination=New Haven Union Station
CTrail,Hartford Line,Hartford Line,CTrail 4451,To Southbound to New Haven Union Station,BER,Berlin,2,06:57,06:57,2026-07-13,2027-07-12,"2026-07-13,2026-07-14,2026-07-15,2026-07-16,2026-07-17,2026-07-20,2026-07-21,2026-07-22,2026-07-23,2026-07-24,2026-07-27,2026-07-28,2026-07-29,2026-07-30,2026-07-31,2026-08-03,2026-08-04,2026-08-05,2026-08-06,2026-08-07,2026-08-10,2026-08-11,2026-08-12,2026-08-13,2026-08-14,2026-08-17,2026-08-18,2026-08-19,2026-08-20,2026-08-21,2026-08-24,2026-08-25,2026-08-26,2026-08-27,2026-08-28,2026-08-31,2026-09-01,2026-09-02,2026-09-03,2026-09-04,2026-09-08,2026-09-09,2026-09-10,2026-09-11,2026-09-14,2026-09-15,2026-09-16,2026-09-17,2026-09-18,2026-09-21,2026-09-22,2026-09-23,2026-09-24,2026-09-25,2026-09-28,2026-09-29,2026-09-30,2026-10-01,2026-10-02,2026-10-05,2026-10-06,2026-10-07,2026-10-08,2026-10-09,2026-10-12,2026-10-13,2026-10-14,2026-10-15,2026-10-16,2026-10-19,2026-10-20,2026-10-21,2026-10-22,2026-10-23,2026-10-26,2026-10-27,2026-10-28,2026-10-29,2026-10-30,2026-11-02,2026-11-03,2026-11-04,2026-11-05,2026-11-06,2026-11-09,2026-11-10,2026-11-11,2026-11-12,2026-11-13,2026-11-16,2026-11-17,2026-11-18,2026-11-19,2026-11-20,2026-11-23,2026-11-24,2026-11-25,2026-11-27,2026-11-30,2026-12-01,2026-12-02,2026-12-03,2026-12-04,2026-12-07,2026-12-08,2026-12-09,2026-12-10,2026-12-11,2026-12-14,2026-12-15,2026-12-16,2026-12-17,2026-12-18,2026-12-21,2026-12-22,2026-12-23,2026-12-24,2026-12-28,2026-12-29,2026-12-30,2026-12-31,2027-01-04,2027-01-05,2027-01-06,2027-01-07,2027-01-08,2027-01-11,2027-01-12,2027-01-13,2027-01-14,2027-01-15,2027-01-19,2027-01-20,2027-01-21,2027-01-22,2027-01-25,2027-01-26,2027-01-27,2027-01-28,2027-01-29,2027-02-01,2027-02-02,2027-02-03,2027-02-04,2027-02-05,2027-02-08,2027-02-09,2027-02-10,2027-02-11,2027-02-12,2027-02-16,2027-02-17,2027-02-18,2027-02-19,2027-02-22,2027-02-23,2027-02-24,2027-02-25,2027-02-26,2027-03-01,2027-03-02,2027-03-03,2027-03-04,2027-03-05,2027-03-08,2027-03-09,2027-03-10,2027-03-11,2027-03-12,2027-03-15,2027-03-16,2027-03-17,2027-03-18,2027-03-19,2027-03-22,2027-03-23,2027-03-24,2027-03-25,2027-03-26,2027-03-29,2027-03-30,2027-03-31,2027-04-01,2027-04-02,2027-04-05,2027-04-06,2027-04-07,2027-04-08,2027-04-09,2027-04-12,2027-04-13,2027-04-14,2027-04-15,2027-04-16,2027-04-19,2027-04-20,2027-04-21,2027-04-22,2027-04-23,2027-04-26,2027-04-27,2027-04-28,2027-04-29,2027-04-30,2027-05-03,2027-05-04,2027-05-05,2027-05-06,2027-05-07,2027-05-10,2027-05-11,2027-05-12,2027-05-13,2027-05-14,2027-05-17,2027-05-18,2027-05-19,2027-05-20,2027-05-21,2027-05-24,2027-05-25,2027-05-26,2027-05-27,2027-05-28,2027-06-01,2027-06-02,2027-06-03,2027-06-04,2027-06-07,2027-06-08,2027-06-09,2027-06-10,2027-06-11,2027-06-14,2027-06-15,2027-06-16,2027-06-17,2027-06-18,2027-06-21,2027-06-22,2027-06-23,2027-06-24,2027-06-25,2027-06-28,2027-06-29,2027-06-30,2027-07-01,2027-07-02,2027-07-06,2027-07-07,2027-07-08,2027-07-09,2027-07-12",,2026-07-13,2026-08-19,,hlgtfs.zip,hartford_gtfs_effective_2026-07-11_updated_2026-08-19.zip,0,To Southbound to New Haven Union Station; GTFS; gtfs_trip_id=25020; gtfs_service_id=2; source_origin=Hartford; source_destination=New Haven Union Station
CTrail,Hartford Line,Hartford Line,CTrail 4451,To Southbound to New Haven Union Station,MDN,Meriden,3,07:06,07:06,2026-07-13,2027-07-12,"2026-07-13,2026-07-14,2026-07-15,2026-07-16,2026-07-17,2026-07-20,2026-07-21,2026-07-22,2026-07-23,2026-07-24,2026-07-27,2026-07-28,2026-07-29,2026-07-30,2026-07-31,2026-08-03,2026-08-04,2026-08-05,2026-08-06,2026-08-07,2026-08-10,2026-08-11,2026-08-12,2026-08-13,2026-08-14,2026-08-17,2026-08-18,2026-08-19,2026-08-20,2026-08-21,2026-08-24,2026-08-25,2026-08-26,2026-08-27,2026-08-28,2026-08-31,2026-09-01,2026-09-02,2026-09-03,2026-09-04,2026-09-08,2026-09-09,2026-09-10,2026-09-11,2026-09-14,2026-09-15,2026-09-16,2026-09-17,2026-09-18,2026-09-21,2026-09-22,2026-09-23,2026-09-24,2026-09-25,2026-09-28,2026-09-29,2026-09-30,2026-10-01,2026-10-02,2026-10-05,2026-10-06,2026-10-07,2026-10-08,2026-10-09,2026-10-12,2026-10-13,2026-10-14,2026-10-15,2026-10-16,2026-10-19,2026-10-20,2026-10-21,2026-10-22,2026-10-23,2026-10-26,2026-10-27,2026-10-28,2026-10-29,2026-10-30,2026-11-02,2026-11-03,2026-11-04,2026-11-05,2026-11-06,2026-11-09,2026-11-10,2026-11-11,2026-11-12,2026-11-13,2026-11-16,2026-11-17,2026-11-18,2026-11-19,2026-11-20,2026-11-23,2026-11-24,2026-11-25,2026-11-27,2026-11-30,2026-12-01,2026-12-02,2026-12-03,2026-12-04,2026-12-07,2026-12-08,2026-12-09,2026-12-10,2026-12-11,2026-12-14,2026-12-15,2026-12-16,2026-12-17,2026-12-18,2026-12-21,2026-12-22,2026-12-23,2026-12-24,2026-12-28,2026-12-29,2026-12-30,2026-12-31,2027-01-04,2027-01-05,2027-01-06,2027-01-07,2027-01-08,2027-01-11,2027-01-12,2027-01-13,2027-01-14,2027-01-15,2027-01-19,2027-01-20,2027-01-21,2027-01-22,2027-01-25,2027-01-26,2027-01-27,2027-01-28,2027-01-29,2027-02-01,2027-02-02,2027-02-03,2027-02-04,2027-02-05,2027-02-08,2027-02-09,2027-02-10,2027-02-11,2027-02-12,2027-02-16,2027-02-17,2027-02-18,2027-02-19,2027-02-22,2027-02-23,2027-02-24,2027-02-25,2027-02-26,2027-03-01,2027-03-02,2027-03-03,2027-03-04,2027-03-05,2027-03-08,2027-03-09,2027-03-10,2027-03-11,2027-03-12,2027-03-15,2027-03-16,2027-03-17,2027-03-18,2027-03-19,2027-03-22,2027-03-23,2027-03-24,2027-03-25,2027-03-26,2027-03-29,2027-03-30,2027-03-31,2027-04-01,2027-04-02,2027-04-05,2027-04-06,2027-04-07,2027-04-08,2027-04-09,2027-04-12,2027-04-13,2027-04-14,2027-04-15,2027-04-16,2027-04-19,2027-04-20,2027-04-21,2027-04-22,2027-04-23,2027-04-26,2027-04-27,2027-04-28,2027-04-29,2027-04-30,2027-05-03,2027-05-04,2027-05-05,2027-05-06,2027-05-07,2027-05-10,2027-05-11,2027-05-12,2027-05-13,2027-05-14,2027-05-17,2027-05-18,2027-05-19,2027-05-20,2027-05-21,2027-05-24,2027-05-25,2027-05-26,2027-05-27,2027-05-28,2027-06-01,2027-06-02,2027-06-03,2027-06-04,2027-06-07,2027-06-08,2027-06-09,2027-06-10,2027-06-11,2027-06-14,2027-06-15,2027-06-16,2027-06-17,2027-06-18,2027-06-21,2027-06-22,2027-06-23,2027-06-24,2027-06-25,2027-06-28,2027-06-29,2027-06-30,2027-07-01,2027-07-02,2027-07-06,2027-07-07,2027-07-08,2027-07-09,2027-07-12",,2026-07-13,2026-08-19,,hlgtfs.zip,hartford_gtfs_effective_2026-07-11_updated_2026-08-19.zip,0,To Southbound to New Haven Union Station; GTFS; gtfs_trip_id=25020; gtfs_service_id=2; source_origin=Hartford; source_destination=New Haven Union Station
CTrail,Hartford Line,Hartford Line,CTrail 4451,To Southbound to New Haven Union Station,WFD,Wallingford,4,07:15,07:15,2026-07-13,2027-07-12,"2026-07-13,2026-07-14,2026-07-15,2026-07-16,2026-07-17,2026-07-20,2026-07-21,2026-07-22,2026-07-23,2026-07-24,2026-07-27,2026-07-28,2026-07-29,2026-07-30,2026-07-31,2026-08-03,2026-08-04,2026-08-05,2026-08-06,2026-08-07,2026-08-10,2026-08-11,2026-08-12,2026-08-13,2026-08-14,2026-08-17,2026-08-18,2026-08-19,2026-08-20,2026-08-21,2026-08-24,2026-08-25,2026-08-26,2026-08-27,2026-08-28,2026-08-31,2026-09-01,2026-09-02,2026-09-03,2026-09-04,2026-09-08,2026-09-09,2026-09-10,2026-09-11,2026-09-14,2026-09-15,2026-09-16,2026-09-17,2026-09-18,2026-09-21,2026-09-22,2026-09-23,2026-09-24,2026-09-25,2026-09-28,2026-09-29,2026-09-30,2026-10-01,2026-10-02,2026-10-05,2026-10-06,2026-10-07,2026-10-08,2026-10-09,2026-10-12,2026-10-13,2026-10-14,2026-10-15,2026-10-16,2026-10-19,2026-10-20,2026-10-21,2026-10-22,2026-10-23,2026-10-26,2026-10-27,2026-10-28,2026-10-29,2026-10-30,2026-11-02,2026-11-03,2026-11-04,2026-11-05,2026-11-06,2026-11-09,2026-11-10,2026-11-11,2026-11-12,2026-11-13,2026-11-16,2026-11-17,2026-11-18,2026-11-19,2026-11-20,2026-11-23,2026-11-24,2026-11-25,2026-11-27,2026-11-30,2026-12-01,2026-12-02,2026-12-03,2026-12-04,2026-12-07,2026-12-08,2026-12-09,2026-12-10,2026-12-11,2026-12-14,2026-12-15,2026-12-16,2026-12-17,2026-12-18,2026-12-21,2026-12-22,2026-12-23,2026-12-24,2026-12-28,2026-12-29,2026-12-30,2026-12-31,2027-01-04,2027-01-05,2027-01-06,2027-01-07,2027-01-08,2027-01-11,2027-01-12,2027-01-13,2027-01-14,2027-01-15,2027-01-19,2027-01-20,2027-01-21,2027-01-22,2027-01-25,2027-01-26,2027-01-27,2027-01-28,2027-01-29,2027-02-01,2027-02-02,2027-02-03,2027-02-04,2027-02-05,2027-02-08,2027-02-09,2027-02-10,2027-02-11,2027-02-12,2027-02-16,2027-02-17,2027-02-18,2027-02-19,2027-02-22,2027-02-23,2027-02-24,2027-02-25,2027-02-26,2027-03-01,2027-03-02,2027-03-03,2027-03-04,2027-03-05,2027-03-08,2027-03-09,2027-03-10,2027-03-11,2027-03-12,2027-03-15,2027-03-16,2027-03-17,2027-03-18,2027-03-19,2027-03-22,2027-03-23,2027-03-24,2027-03-25,2027-03-26,2027-03-29,2027-03-30,2027-03-31,2027-04-01,2027-04-02,2027-04-05,2027-04-06,2027-04-07,2027-04-08,2027-04-09,2027-04-12,2027-04-13,2027-04-14,2027-04-15,2027-04-16,2027-04-19,2027-04-20,2027-04-21,2027-04-22,2027-04-23,2027-04-26,2027-04-27,2027-04-28,2027-04-29,2027-04-30,2027-05-03,2027-05-04,2027-05-05,2027-05-06,2027-05-07,2027-05-10,2027-05-11,2027-05-12,2027-05-13,2027-05-14,2027-05-17,2027-05-18,2027-05-19,2027-05-20,2027-05-21,2027-05-24,2027-05-25,2027-05-26,2027-05-27,2027-05-28,2027-06-01,2027-06-02,2027-06-03,2027-06-04,2027-06-07,2027-06-08,2027-06-09,2027-06-10,2027-06-11,2027-06-14,2027-06-15,2027-06-16,2027-06-17,2027-06-18,2027-06-21,2027-06-22,2027-06-23,2027-06-24,2027-06-25,2027-06-28,2027-06-29,2027-06-30,2027-07-01,2027-07-02,2027-07-06,2027-07-07,2027-07-08,2027-07-09,2027-07-12",,2026-07-13,2026-08-19,,hlgtfs.zip,hartford_gtfs_effective_2026-07-11_updated_2026-08-19.zip,0,To Southbound to New Haven Union Station; GTFS; gtfs_trip_id=25020; gtfs_service_id=2; source_origin=Hartford; source_destination=New Haven Union Station
CTrail,Hartford Line,Hartford Line,CTrail 4451,To Southbound to New Haven Union Station,STS,New Haven State Street,5,07:31,07:31,2026-07-13,2027-07-12,"2026-07-13,2026-07-14,2026-07-15,2026-07-16,2026-07-17,2026-07-20,2026-07-21,2026-07-22,2026-07-23,2026-07-24,2026-07-27,2026-07-28,2026-07-29,2026-07-30,2026-07-31,2026-08-03,2026-08-04,2026-08-05,2026-08-06,2026-08-07,2026-08-10,2026-08-11,2026-08-12,2026-08-13,2026-08-14,2026-08-17,2026-08-18,2026-08-19,2026-08-20,2026-08-21,2026-08-24,2026-08-25,2026-08-26,2026-08-27,2026-08-28,2026-08-31,2026-09-01,2026-09-02,2026-09-03,2026-09-04,2026-09-08,2026-09-09,2026-09-10,2026-09-11,2026-09-14,2026-09-15,2026-09-16,2026-09-17,2026-09-18,2026-09-21,2026-09-22,2026-09-23,2026-09-24,2026-09-25,2026-09-28,2026-09-29,2026-09-30,2026-10-01,2026-10-02,2026-10-05,2026-10-06,2026-10-07,2026-10-08,2026-10-09,2026-10-12,2026-10-13,2026-10-14,2026-10-15,2026-10-16,2026-10-19,2026-10-20,2026-10-21,2026-10-22,2026-10-23,2026-10-26,2026-10-27,2026-10-28,2026-10-29,2026-10-30,2026-11-02,2026-11-03,2026-11-04,2026-11-05,2026-11-06,2026-11-09,2026-11-10,2026-11-11,2026-11-12,2026-11-13,2026-11-16,2026-11-17,2026-11-18,2026-11-19,2026-11-20,2026-11-23,2026-11-24,2026-11-25,2026-11-27,2026-11-30,2026-12-01,2026-12-02,2026-12-03,2026-12-04,2026-12-07,2026-12-08,2026-12-09,2026-12-10,2026-12-11,2026-12-14,2026-12-15,2026-12-16,2026-12-17,2026-12-18,2026-12-21,2026-12-22,2026-12-23,2026-12-24,2026-12-28,2026-12-29,2026-12-30,2026-12-31,2027-01-04,2027-01-05,2027-01-06,2027-01-07,2027-01-08,2027-01-11,2027-01-12,2027-01-13,2027-01-14,2027-01-15,2027-01-19,2027-01-20,2027-01-21,2027-01-22,2027-01-25,2027-01-26,2027-01-27,2027-01-28,2027-01-29,2027-02-01,2027-02-02,2027-02-03,2027-02-04,2027-02-05,2027-02-08,2027-02-09,2027-02-10,2027-02-11,2027-02-12,2027-02-16,2027-02-17,2027-02-18,2027-02-19,2027-02-22,2027-02-23,2027-02-24,2027-02-25,2027-02-26,2027-03-01,2027-03-02,2027-03-03,2027-03-04,2027-03-05,2027-03-08,2027-03-09,2027-03-10,2027-03-11,2027-03-12,2027-03-15,2027-03-16,2027-03-17,2027-03-18,2027-03-19,2027-03-22,2027-03-23,2027-03-24,2027-03-25,2027-03-26,2027-03-29,2027-03-30,2027-03-31,2027-04-01,2027-04-02,2027-04-05,2027-04-06,2027-04-07,2027-04-08,2027-04-09,2027-04-12,2027-04-13,2027-04-14,2027-04-15,2027-04-16,2027-04-19,2027-04-20,2027-04-21,2027-04-22,2027-04-23,2027-04-26,2027-04-27,2027-04-28,2027-04-29,2027-04-30,2027-05-03,2027-05-04,2027-05-05,2027-05-06,2027-05-07,2027-05-10,2027-05-11,2027-05-12,2027-05-13,2027-05-14,2027-05-17,2027-05-18,2027-05-19,2027-05-20,2027-05-21,2027-05-24,2027-05-25,2027-05-26,2027-05-27,2027-05-28,2027-06-01,2027-06-02,2027-06-03,2027-06-04,2027-06-07,2027-06-08,2027-06-09,2027-06-10,2027-06-11,2027-06-14,2027-06-15,2027-06-16,2027-06-17,2027-06-18,2027-06-21,2027-06-22,2027-06-23,2027-06-24,2027-06-25,2027-06-28,2027-06-29,2027-06-30,2027-07-01,2027-07-02,2027-07-06,2027-07-07,2027-07-08,2027-07-09,2027-07-12",,2026-07-13,2026-08-19,,hlgtfs.zip,hartford_gtfs_effective_2026-07-11_updated_2026-08-19.zip,0,To Southbound to New Haven Union Station; GTFS; gtfs_trip_id=25020; gtfs_service_id=2; source_origin=Hartford; source_destination=New Haven Union Station
CTrail,Hartford Line,Hartford Line,CTrail 4451,To Southbound to New Haven Union Station,NHV,New Haven Union Station,6,07:37,07:37,2026-07-13,2027-07-12,"2026-07-13,2026-07-14,2026-07-15,2026-07-16,2026-07-17,2026-07-20,2026-07-21,2026-07-22,2026-07-23,2026-07-24,2026-07-27,2026-07-28,2026-07-29,2026-07-30,2026-07-31,2026-08-03,2026-08-04,2026-08-05,2026-08-06,2026-08-07,2026-08-10,2026-08-11,2026-08-12,2026-08-13,2026-08-14,2026-08-17,2026-08-18,2026-08-19,2026-08-20,2026-08-21,2026-08-24,2026-08-25,2026-08-26,2026-08-27,2026-08-28,2026-08-31,2026-09-01,2026-09-02,2026-09-03,2026-09-04,2026-09-08,2026-09-09,2026-09-10,2026-09-11,2026-09-14,2026-09-15,2026-09-16,2026-09-17,2026-09-18,2026-09-21,2026-09-22,2026-09-23,2026-09-24,2026-09-25,2026-09-28,2026-09-29,2026-09-30,2026-10-01,2026-10-02,2026-10-05,2026-10-06,2026-10-07,2026-10-08,2026-10-09,2026-10-12,2026-10-13,2026-10-14,2026-10-15,2026-10-16,2026-10-19,2026-10-20,2026-10-21,2026-10-22,2026-10-23,2026-10-26,2026-10-27,2026-10-28,2026-10-29,2026-10-30,2026-11-02,2026-11-03,2026-11-04,2026-11-05,2026-11-06,2026-11-09,2026-11-10,2026-11-11,2026-11-12,2026-11-13,2026-11-16,2026-11-17,2026-11-18,2026-11-19,2026-11-20,2026-11-23,2026-11-24,2026-11-25,2026-11-27,2026-11-30,2026-12-01,2026-12-02,2026-12-03,2026-12-04,2026-12-07,2026-12-08,2026-12-09,2026-12-10,2026-12-11,2026-12-14,2026-12-15,2026-12-16,2026-12-17,2026-12-18,2026-12-21,2026-12-22,2026-12-23,2026-12-24,2026-12-28,2026-12-29,2026-12-30,2026-12-31,2027-01-04,2027-01-05,2027-01-06,2027-01-07,2027-01-08,2027-01-11,2027-01-12,2027-01-13,2027-01-14,2027-01-15,2027-01-19,2027-01-20,2027-01-21,2027-01-22,2027-01-25,2027-01-26,2027-01-27,2027-01-28,2027-01-29,2027-02-01,2027-02-02,2027-02-03,2027-02-04,2027-02-05,2027-02-08,2027-02-09,2027-02-10,2027-02-11,2027-02-12,2027-02-16,2027-02-17,2027-02-18,2027-02-19,2027-02-22,2027-02-23,2027-02-24,2027-02-25,2027-02-26,2027-03-01,2027-03-02,2027-03-03,2027-03-04,2027-03-05,2027-03-08,2027-03-09,2027-03-10,2027-03-11,2027-03-12,2027-03-15,2027-03-16,2027-03-17,2027-03-18,2027-03-19,2027-03-22,2027-03-23,2027-03-24,2027-03-25,2027-03-26,2027-03-29,2027-03-30,2027-03-31,2027-04-01,2027-04-02,2027-04-05,2027-04-06,2027-04-07,2027-04-08,2027-04-09,2027-04-12,2027-04-13,2027-04-14,2027-04-15,2027-04-16,2027-04-19,2027-04-20,2027-04-21,2027-04-22,2027-04-23,2027-04-26,2027-04-27,2027-04-28,2027-04-29,2027-04-30,2027-05-03,2027-05-04,2027-05-05,2027-05-06,2027-05-07,2027-05-10,2027-05-11,2027-05-12,2027-05-13,2027-05-14,2027-05-17,2027-05-18,2027-05-19,2027-05-20,2027-05-21,2027-05-24,2027-05-25,2027-05-26,2027-05-27,2027-05-28,2027-06-01,2027-06-02,2027-06-03,2027-06-04,2027-06-07,2027-06-08,2027-06-09,2027-06-10,2027-06-11,2027-06-14,2027-06-15,2027-06-16,2027-06-17,2027-06-18,2027-06-21,2027-06-22,2027-06-23,2027-06-24,2027-06-25,2027-06-28,2027-06-29,2027-06-30,2027-07-01,2027-07-02,2027-07-06,2027-07-07,2027-07-08,2027-07-09,2027-07-12",,2026-07-13,2026-08-19,,hlgtfs.zip,hartford_gtfs_effective_2026-07-11_updated_2026-08-19.zip,0,To Southbound to New Haven Union Station; GTFS; gtfs_trip_id=25020; gtfs_service_id=2; source_origin=Hartford; source_destination=New Haven Union Station
CTrail,Hartford Line,Hartford Line,CTrail 4452,To Northbound to Hartford,NHV,New Haven Union Station,1,06:35,06:35,2026-07-13,2027-07-12,"2026-07-13,2026-07-14,2026-07-15,2026-07-16,2026-07-17,2026-07-20,2026-07-21,2026-07-22,2026-07-23,2026-07-24,2026-07-27,2026-07-28,2026-07-29,2026-07-30,2026-07-31,2026-08-03,2026-08-04,2026-08-05,2026-08-06,2026-08-07,2026-08-10,2026-08-11,2026-08-12,2026-08-13,2026-08-14,2026-08-17,2026-08-18,2026-08-19,2026-08-20,2026-08-21,2026-08-24,2026-08-25,2026-08-26,2026-08-27,2026-08-28,2026-08-31,2026-09-01,2026-09-02,2026-09-03,2026-09-04,2026-09-08,2026-09-09,2026-09-10,2026-09-11,2026-09-14,2026-09-15,2026-09-16,2026-09-17,2026-09-18,2026-09-21,2026-09-22,2026-09-23,2026-09-24,2026-09-25,2026-09-28,2026-09-29,2026-09-30,2026-10-01,2026-10-02,2026-10-05,2026-10-06,2026-10-07,2026-10-08,2026-10-09,2026-10-12,2026-10-13,2026-10-14,2026-10-15,2026-10-16,2026-10-19,2026-10-20,2026-10-21,2026-10-22,2026-10-23,2026-10-26,2026-10-27,2026-10-28,2026-10-29,2026-10-30,2026-11-02,2026-11-03,2026-11-04,2026-11-05,2026-11-06,2026-11-09,2026-11-10,2026-11-11,2026-11-12,2026-11-13,2026-11-16,2026-11-17,2026-11-18,2026-11-19,2026-11-20,2026-11-23,2026-11-24,2026-11-25,2026-11-27,2026-11-30,2026-12-01,2026-12-02,2026-12-03,2026-12-04,2026-12-07,2026-12-08,2026-12-09,2026-12-10,2026-12-11,2026-12-14,2026-12-15,2026-12-16,2026-12-17,2026-12-18,2026-12-21,2026-12-22,2026-12-23,2026-12-24,2026-12-28,2026-12-29,2026-12-30,2026-12-31,2027-01-04,2027-01-05,2027-01-06,2027-01-07,2027-01-08,2027-01-11,2027-01-12,2027-01-13,2027-01-14,2027-01-15,2027-01-19,2027-01-20,2027-01-21,2027-01-22,2027-01-25,2027-01-26,2027-01-27,2027-01-28,2027-01-29,2027-02-01,2027-02-02,2027-02-03,2027-02-04,2027-02-05,2027-02-08,2027-02-09,2027-02-10,2027-02-11,2027-02-12,2027-02-16,2027-02-17,2027-02-18,2027-02-19,2027-02-22,2027-02-23,2027-02-24,2027-02-25,2027-02-26,2027-03-01,2027-03-02,2027-03-03,2027-03-04,2027-03-05,2027-03-08,2027-03-09,2027-03-10,2027-03-11,2027-03-12,2027-03-15,2027-03-16,2027-03-17,2027-03-18,2027-03-19,2027-03-22,2027-03-23,2027-03-24,2027-03-25,2027-03-26,2027-03-29,2027-03-30,2027-03-31,2027-04-01,2027-04-02,2027-04-05,2027-04-06,2027-04-07,2027-04-08,2027-04-09,2027-04-12,2027-04-13,2027-04-14,2027-04-15,2027-04-16,2027-04-19,2027-04-20,2027-04-21,2027-04-22,2027-04-23,2027-04-26,2027-04-27,2027-04-28,2027-04-29,2027-04-30,2027-05-03,2027-05-04,2027-05-05,2027-05-06,2027-05-07,2027-05-10,2027-05-11,2027-05-12,2027-05-13,2027-05-14,2027-05-17,2027-05-18,2027-05-19,2027-05-20,2027-05-21,2027-05-24,2027-05-25,2027-05-26,2027-05-27,2027-05-28,2027-06-01,2027-06-02,2027-06-03,2027-06-04,2027-06-07,2027-06-08,2027-06-09,2027-06-10,2027-06-11,2027-06-14,2027-06-15,2027-06-16,2027-06-17,2027-06-18,2027-06-21,2027-06-22,2027-06-23,2027-06-24,2027-06-25,2027-06-28,2027-06-29,2027-06-30,2027-07-01,2027-07-02,2027-07-06,2027-07-07,2027-07-08,2027-07-09,2027-07-12",,2026-07-13,2026-08-19,,hlgtfs.zip,hartford_gtfs_effective_2026-07-11_updated_2026-08-19.zip,0,To Northbound to Hartford; GTFS; gtfs_trip_id=20020; gtfs_service_id=2; source_origin=New Haven Union Station; source_destination=Hartford
CTrail,Hartford Line,Hartford Line,CTrail 4452,To Northbound to Hartford,STS,New Haven State Street,2,06:38,06:38,2026-07-13,2027-07-12,"2026-07-13,2026-07-14,2026-07-15,2026-07-16,2026-07-17,2026-07-20,2026-07-21,2026-07-22,2026-07-23,2026-07-24,2026-07-27,2026-07-28,2026-07-29,2026-07-30,2026-07-31,2026-08-03,2026-08-04,2026-08-05,2026-08-06,2026-08-07,2026-08-10,2026-08-11,2026-08-12,2026-08-13,2026-08-14,2026-08-17,2026-08-18,2026-08-19,2026-08-20,2026-08-21,2026-08-24,2026-08-25,2026-08-26,2026-08-27,2026-08-28,2026-08-31,2026-09-01,2026-09-02,2026-09-03,2026-09-04,2026-09-08,2026-09-09,2026-09-10,2026-09-11,2026-09-14,2026-09-15,2026-09-16,2026-09-17,2026-09-18,2026-09-21,2026-09-22,2026-09-23,2026-09-24,2026-09-25,2026-09-28,2026-09-29,2026-09-30,2026-10-01,2026-10-02,2026-10-05,2026-10-06,2026-10-07,2026-10-08,2026-10-09,2026-10-12,2026-10-13,2026-10-14,2026-10-15,2026-10-16,2026-10-19,2026-10-20,2026-10-21,2026-10-22,2026-10-23,2026-10-26,2026-10-27,2026-10-28,2026-10-29,2026-10-30,2026-11-02,2026-11-03,2026-11-04,2026-11-05,2026-11-06,2026-11-09,2026-11-10,2026-11-11,2026-11-12,2026-11-13,2026-11-16,2026-11-17,2026-11-18,2026-11-19,2026-11-20,2026-11-23,2026-11-24,2026-11-25,2026-11-27,2026-11-30,2026-12-01,2026-12-02,2026-12-03,2026-12-04,2026-12-07,2026-12-08,2026-12-09,2026-12-10,2026-12-11,2026-12-14,2026-12-15,2026-12-16,2026-12-17,2026-12-18,2026-12-21,2026-12-22,2026-12-23,2026-12-24,2026-12-28,2026-12-29,2026-12-30,2026-12-31,2027-01-04,2027-01-05,2027-01-06,2027-01-07,2027-01-08,2027-01-11,2027-01-12,2027-01-13,2027-01-14,2027-01-15,2027-01-19,2027-01-20,2027-01-21,2027-01-22,2027-01-25,2027-01-26,2027-01-27,2027-01-28,2027-01-29,2027-02-01,2027-02-02,2027-02-03,2027-02-04,2027-02-05,2027-02-08,2027-02-09,2027-02-10,2027-02-11,2027-02-12,2027-02-16,2027-02-17,2027-02-18,2027-02-19,2027-02-22,2027-02-23,2027-02-24,2027-02-25,2027-02-26,2027-03-01,2027-03-02,2027-03-03,2027-03-04,2027-03-05,2027-03-08,2027-03-09,2027-03-10,2027-03-11,2027-03-12,2027-03-15,2027-03-16,2027-03-17,2027-03-18,2027-03-19,2027-03-22,2027-03-23,2027-03-24,2027-03-25,2027-03-26,2027-03-29,2027-03-30,2027-03-31,2027-04-01,2027-04-02,2027-04-05,2027-04-06,2027-04-07,2027-04-08,2027-04-09,2027-04-12,2027-04-13,2027-04-14,2027-04-15,2027-04-16,2027-04-19,2027-04-20,2027-04-21,2027-04-22,2027-04-23,2027-04-26,2027-04-27,2027-04-28,2027-04-29,2027-04-30,2027-05-03,2027-05-04,2027-05-05,2027-05-06,2027-05-07,2027-05-10,2027-05-11,2027-05-12,2027-05-13,2027-05-14,2027-05-17,2027-05-18,2027-05-19,2027-05-20,2027-05-21,2027-05-24,2027-05-25,2027-05-26,2027-05-27,2027-05-28,2027-06-01,2027-06-02,2027-06-03,2027-06-04,2027-06-07,2027-06-08,2027-06-09,2027-06-10,2027-06-11,2027-06-14,2027-06-15,2027-06-16,2027-06-17,2027-06-18,2027-06-21,2027-06-22,2027-06-23,2027-06-24,2027-06-25,2027-06-28,2027-06-29,2027-06-30,2027-07-01,2027-07-02,2027-07-06,2027-07-07,2027-07-08,2027-07-09,2027-07-12",,2026-07-13,2026-08-19,,hlgtfs.zip,hartford_gtfs_effective_2026-07-11_updated_2026-08-19.zip,0,To Northbound to Hartford; GTFS; gtfs_trip_id=20020; gtfs_service_id=2; source_origin=New Haven Union Station; source_destination=Hartford
CTrail,Hartford Line,Hartford Line,CTrail 4452,To Northbound to Hartford,WFD,Wallingford,3,06:53,06:53,2026-07-13,2027-07-12,"2026-07-13,2026-07-14,2026-07-15,2026-07-16,2026-07-17,2026-07-20,2026-07-21,2026-07-22,2026-07-23,2026-07-24,2026-07-27,2026-07-28,2026-07-29,2026-07-30,2026-07-31,2026-08-03,2026-08-04,2026-08-05,2026-08-06,2026-08-07,2026-08-10,2026-08-11,2026-08-12,2026-08-13,2026-08-14,2026-08-17,2026-08-18,2026-08-19,2026-08-20,2026-08-21,2026-08-24,2026-08-25,2026-08-26,2026-08-27,2026-08-28,2026-08-31,2026-09-01,2026-09-02,2026-09-03,2026-09-04,2026-09-08,2026-09-09,2026-09-10,2026-09-11,2026-09-14,2026-09-15,2026-09-16,2026-09-17,2026-09-18,2026-09-21,2026-09-22,2026-09-23,2026-09-24,2026-09-25,2026-09-28,2026-09-29,2026-09-30,2026-10-01,2026-10-02,2026-10-05,2026-10-06,2026-10-07,2026-10-08,2026-10-09,2026-10-12,2026-10-13,2026-10-14,2026-10-15,2026-10-16,2026-10-19,2026-10-20,2026-10-21,2026-10-22,2026-10-23,2026-10-26,2026-10-27,2026-10-28,2026-10-29,2026-10-30,2026-11-02,2026-11-03,2026-11-04,2026-11-05,2026-11-06,2026-11-09,2026-11-10,2026-11-11,2026-11-12,2026-11-13,2026-11-16,2026-11-17,2026-11-18,2026-11-19,2026-11-20,2026-11-23,2026-11-24,2026-11-25,2026-11-27,2026-11-30,2026-12-01,2026-12-02,2026-12-03,2026-12-04,2026-12-07,2026-12-08,2026-12-09,2026-12-10,2026-12-11,2026-12-14,2026-12-15,2026-12-16,2026-12-17,2026-12-18,2026-12-21,2026-12-22,2026-12-23,2026-12-24,2026-12-28,2026-12-29,2026-12-30,2026-12-31,2027-01-04,2027-01-05,2027-01-06,2027-01-07,2027-01-08,2027-01-11,2027-01-12,2027-01-13,2027-01-14,2027-01-15,2027-01-19,2027-01-20,2027-01-21,2027-01-22,2027-01-25,2027-01-26,2027-01-27,2027-01-28,2027-01-29,2027-02-01,2027-02-02,2027-02-03,2027-02-04,2027-02-05,2027-02-08,2027-02-09,2027-02-10,2027-02-11,2027-02-12,2027-02-16,2027-02-17,2027-02-18,2027-02-19,2027-02-22,2027-02-23,2027-02-24,2027-02-25,2027-02-26,2027-03-01,2027-03-02,2027-03-03,2027-03-04,2027-03-05,2027-03-08,2027-03-09,2027-03-10,2027-03-11,2027-03-12,2027-03-15,2027-03-16,2027-03-17,2027-03-18,2027-03-19,2027-03-22,2027-03-23,2027-03-24,2027-03-25,2027-03-26,2027-03-29,2027-03-30,2027-03-31,2027-04-01,2027-04-02,2027-04-05,2027-04-06,2027-04-07,2027-04-08,2027-04-09,2027-04-12,2027-04-13,2027-04-14,2027-04-15,2027-04-16,2027-04-19,2027-04-20,2027-04-21,2027-04-22,2027-04-23,2027-04-26,2027-04-27,2027-04-28,2027-04-29,2027-04-30,2027-05-03,2027-05-04,2027-05-05,2027-05-06,2027-05-07,2027-05-10,2027-05-11,2027-05-12,2027-05-13,2027-05-14,2027-05-17,2027-05-18,2027-05-19,2027-05-20,2027-05-21,2027-05-24,2027-05-25,2027-05-26,2027-05-27,2027-05-28,2027-06-01,2027-06-02,2027-06-03,2027-06-04,2027-06-07,2027-06-08,2027-06-09,2027-06-10,2027-06-11,2027-06-14,2027-06-15,2027-06-16,2027-06-17,2027-06-18,2027-06-21,2027-06-22,2027-06-23,2027-06-24,2027-06-25,2027-06-28,2027-06-29,2027-06-30,2027-07-01,2027-07-02,2027-07-06,2027-07-07,2027-07-08,2027-07-09,2027-07-12",,2026-07-13,2026-08-19,,hlgtfs.zip,hartford_gtfs_effective_2026-07-11_updated_2026-08-19.zip,0,To Northbound to Hartford; GTFS; gtfs_trip_id=20020; gtfs_service_id=2; source_origin=New Haven Union Station; source_destination=Hartford
CTrail,Hartford Line,Hartford Line,CTrail 4452,To Northbound to Hartford,MDN,Meriden,4,07:02,07:02,2026-07-13,2027-07-12,"2026-07-13,2026-07-14,2026-07-15,2026-07-16,2026-07-17,2026-07-20,2026-07-21,2026-07-22,2026-07-23,2026-07-24,2026-07-27,2026-07-28,2026-07-29,2026-07-30,2026-07-31,2026-08-03,2026-08-04,2026-08-05,2026-08-06,2026-08-07,2026-08-10,2026-08-11,2026-08-12,2026-08-13,2026-08-14,2026-08-17,2026-08-18,2026-08-19,2026-08-20,2026-08-21,2026-08-24,2026-08-25,2026-08-26,2026-08-27,2026-08-28,2026-08-31,2026-09-01,2026-09-02,2026-09-03,2026-09-04,2026-09-08,2026-09-09,2026-09-10,2026-09-11,2026-09-14,2026-09-15,2026-09-16,2026-09-17,2026-09-18,2026-09-21,2026-09-22,2026-09-23,2026-09-24,2026-09-25,2026-09-28,2026-09-29,2026-09-30,2026-10-01,2026-10-02,2026-10-05,2026-10-06,2026-10-07,2026-10-08,2026-10-09,2026-10-12,2026-10-13,2026-10-14,2026-10-15,2026-10-16,2026-10-19,2026-10-20,2026-10-21,2026-10-22,2026-10-23,2026-10-26,2026-10-27,2026-10-28,2026-10-29,2026-10-30,2026-11-02,2026-11-03,2026-11-04,2026-11-05,2026-11-06,2026-11-09,2026-11-10,2026-11-11,2026-11-12,2026-11-13,2026-11-16,2026-11-17,2026-11-18,2026-11-19,2026-11-20,2026-11-23,2026-11-24,2026-11-25,2026-11-27,2026-11-30,2026-12-01,2026-12-02,2026-12-03,2026-12-04,2026-12-07,2026-12-08,2026-12-09,2026-12-10,2026-12-11,2026-12-14,2026-12-15,2026-12-16,2026-12-17,2026-12-18,2026-12-21,2026-12-22,2026-12-23,2026-12-24,2026-12-28,2026-12-29,2026-12-30,2026-12-31,2027-01-04,2027-01-05,2027-01-06,2027-01-07,2027-01-08,2027-01-11,2027-01-12,2027-01-13,2027-01-14,2027-01-15,2027-01-19,2027-01-20,2027-01-21,2027-01-22,2027-01-25,2027-01-26,2027-01-27,2027-01-28,2027-01-29,2027-02-01,2027-02-02,2027-02-03,2027-02-04,2027-02-05,2027-02-08,2027-02-09,2027-02-10,2027-02-11,2027-02-12,2027-02-16,2027-02-17,2027-02-18,2027-02-19,2027-02-22,2027-02-23,2027-02-24,2027-02-25,2027-02-26,2027-03-01,2027-03-02,2027-03-03,2027-03-04,2027-03-05,2027-03-08,2027-03-09,2027-03-10,2027-03-11,2027-03-12,2027-03-15,2027-03-16,2027-03-17,2027-03-18,2027-03-19,2027-03-22,2027-03-23,2027-03-24,2027-03-25,2027-03-26,2027-03-29,2027-03-30,2027-03-31,2027-04-01,2027-04-02,2027-04-05,2027-04-06,2027-04-07,2027-04-08,2027-04-09,2027-04-12,2027-04-13,2027-04-14,2027-04-15,2027-04-16,2027-04-19,2027-04-20,2027-04-21,2027-04-22,2027-04-23,2027-04-26,2027-04-27,2027-04-28,2027-04-29,2027-04-30,2027-05-03,2027-05-04,2027-05-05,2027-05-06,2027-05-07,2027-05-10,2027-05-11,2027-05-12,2027-05-13,2027-05-14,2027-05-17,2027-05-18,2027-05-19,2027-05-20,2027-05-21,2027-05-24,2027-05-25,2027-05-26,2027-05-27,2027-05-28,2027-06-01,2027-06-02,2027-06-03,2027-06-04,2027-06-07,2027-06-08,2027-06-09,2027-06-10,2027-06-11,2027-06-14,2027-06-15,2027-06-16,2027-06-17,2027-06-18,2027-06-21,2027-06-22,2027-06-23,2027-06-24,2027-06-25,2027-06-28,2027-06-29,2027-06-30,2027-07-01,2027-07-02,2027-07-06,2027-07-07,2027-07-08,2027-07-09,2027-07-12",,2026-07-13,2026-08-19,,hlgtfs.zip,hartford_gtfs_effective_2026-07-11_updated_2026-08-19.zip,0,To Northbound to Hartford; GTFS; gtfs_trip_id=20020; gtfs_service_id=2; source_origin=New Haven Union Station; source_destination=Hartford
CTrail,Hartford Line,Hartford Line,CTrail 4452,To Northbound to Hartford,BER,Berlin,5,07:11,07:11,2026-07-13,2027-07-12,"2026-07-13,2026-07-14,2026-07-15,2026-07-16,2026-07-17,2026-07-20,2026-07-21,2026-07-22,2026-07-23,2026-07-24,2026-07-27,2026-07-28,2026-07-29,2026-07-30,2026-07-31,2026-08-03,2026-08-04,2026-08-05,2026-08-06,2026-08-07,2026-08-10,2026-08-11,2026-08-12,2026-08-13,2026-08-14,2026-08-17,2026-08-18,2026-08-19,2026-08-20,2026-08-21,2026-08-24,2026-08-25,2026-08-26,2026-08-27,2026-08-28,2026-08-31,2026-09-01,2026-09-02,2026-09-03,2026-09-04,2026-09-08,2026-09-09,2026-09-10,2026-09-11,2026-09-14,2026-09-15,2026-09-16,2026-09-17,2026-09-18,2026-09-21,2026-09-22,2026-09-23,2026-09-24,2026-09-25,2026-09-28,2026-09-29,2026-09-30,2026-10-01,2026-10-02,2026-10-05,2026-10-06,2026-10-07,2026-10-08,2026-10-09,2026-10-12,2026-10-13,2026-10-14,2026-10-15,2026-10-16,2026-10-19,2026-10-20,2026-10-21,2026-10-22,2026-10-23,2026-10-26,2026-10-27,2026-10-28,2026-10-29,2026-10-30,2026-11-02,2026-11-03,2026-11-04,2026-11-05,2026-11-06,2026-11-09,2026-11-10,2026-11-11,2026-11-12,2026-11-13,2026-11-16,2026-11-17,2026-11-18,2026-11-19,2026-11-20,2026-11-23,2026-11-24,2026-11-25,2026-11-27,2026-11-30,2026-12-01,2026-12-02,2026-12-03,2026-12-04,2026-12-07,2026-12-08,2026-12-09,2026-12-10,2026-12-11,2026-12-14,2026-12-15,2026-12-16,2026-12-17,2026-12-18,2026-12-21,2026-12-22,2026-12-23,2026-12-24,2026-12-28,2026-12-29,2026-12-30,2026-12-31,2027-01-04,2027-01-05,2027-01-06,2027-01-07,2027-01-08,2027-01-11,2027-01-12,2027-01-13,2027-01-14,2027-01-15,2027-01-19,2027-01-20,2027-01-21,2027-01-22,2027-01-25,2027-01-26,2027-01-27,2027-01-28,2027-01-29,2027-02-01,2027-02-02,2027-02-03,2027-02-04,2027-02-05,2027-02-08,2027-02-09,2027-02-10,2027-02-11,2027-02-12,2027-02-16,2027-02-17,2027-02-18,2027-02-19,2027-02-22,2027-02-23,2027-02-24,2027-02-25,2027-02-26,2027-03-01,2027-03-02,2027-03-03,2027-03-04,2027-03-05,2027-03-08,2027-03-09,2027-03-10,2027-03-11,2027-03-12,2027-03-15,2027-03-16,2027-03-17,2027-03-18,2027-03-19,2027-03-22,2027-03-23,2027-03-24,2027-03-25,2027-03-26,2027-03-29,2027-03-30,2027-03-31,2027-04-01,2027-04-02,2027-04-05,2027-04-06,2027-04-07,2027-04-08,2027-04-09,2027-04-12,2027-04-13,2027-04-14,2027-04-15,2027-04-16,2027-04-19,2027-04-20,2027-04-21,2027-04-22,2027-04-23,2027-04-26,2027-04-27,2027-04-28,2027-04-29,2027-04-30,2027-05-03,2027-05-04,2027-05-05,2027-05-06,2027-05-07,2027-05-10,2027-05-11,2027-05-12,2027-05-13,2027-05-14,2027-05-17,2027-05-18,2027-05-19,2027-05-20,2027-05-21,2027-05-24,2027-05-25,2027-05-26,2027-05-27,2027-05-28,2027-06-01,2027-06-02,2027-06-03,2027-06-04,2027-06-07,2027-06-08,2027-06-09,2027-06-10,2027-06-11,2027-06-14,2027-06-15,2027-06-16,2027-06-17,2027-06-18,2027-06-21,2027-06-22,2027-06-23,2027-06-24,2027-06-25,2027-06-28,2027-06-29,2027-06-30,2027-07-01,2027-07-02,2027-07-06,2027-07-07,2027-07-08,2027-07-09,2027-07-12",,2026-07-13,2026-08-19,,hlgtfs.zip,hartford_gtfs_effective_2026-07-11_updated_2026-08-19.zip,0,To Northbound to Hartford; GTFS; gtfs_trip_id=20020; gtfs_service_id=2; source_origin=New Haven Union Station; source_destination=Hartford
CTrail,Hartford Line,Hartford Line,CTrail 4452,To Northbound to Hartford,HFD,Hartford,6,07:27,07:27,2026-07-13,2027-07-12,"2026-07-13,2026-07-14,2026-07-15,2026-07-16,2026-07-17,2026-07-20,2026-07-21,2026-07-22,2026-07-23,2026-07-24,2026-07-27,2026-07-28,2026-07-29,2026-07-30,2026-07-31,2026-08-03,2026-08-04,2026-08-05,2026-08-06,2026-08-07,2026-08-10,2026-08-11,2026-08-12,2026-08-13,2026-08-14,2026-08-17,2026-08-18,2026-08-19,2026-08-20,2026-08-21,2026-08-24,2026-08-25,2026-08-26,2026-08-27,2026-08-28,2026-08-31,2026-09-01,2026-09-02,2026-09-03,2026-09-04,2026-09-08,2026-09-09,2026-09-10,2026-09-11,2026-09-14,2026-09-15,2026-09-16,2026-09-17,2026-09-18,2026-09-21,2026-09-22,2026-09-23,2026-09-24,2026-09-25,2026-09-28,2026-09-29,2026-09-30,2026-10-01,2026-10-02,2026-10-05,2026-10-06,2026-10-07,2026-10-08,2026-10-09,2026-10-12,2026-10-13,2026-10-14,2026-10-15,2026-10-16,2026-10-19,2026-10-20,2026-10-21,2026-10-22,2026-10-23,2026-10-26,2026-10-27,2026-10-28,2026-10-29,2026-10-30,2026-11-02,2026-11-03,2026-11-04,2026-11-05,2026-11-06,2026-11-09,2026-11-10,2026-11-11,2026-11-12,2026-11-13,2026-11-16,2026-11-17,2026-11-18,2026-11-19,2026-11-20,2026-11-23,2026-11-24,2026-11-25,2026-11-27,2026-11-30,2026-12-01,2026-12-02,2026-12-03,2026-12-04,2026-12-07,2026-12-08,2026-12-09,2026-12-10,2026-12-11,2026-12-14,2026-12-15,2026-12-16,2026-12-17,2026-12-18,2026-12-21,2026-12-22,2026-12-23,2026-12-24,2026-12-28,2026-12-29,2026-12-30,2026-12-31,2027-01-04,2027-01-05,2027-01-06,2027-01-07,2027-01-08,2027-01-11,2027-01-12,2027-01-13,2027-01-14,2027-01-15,2027-01-19,2027-01-20,2027-01-21,2027-01-22,2027-01-25,2027-01-26,2027-01-27,2027-01-28,2027-01-29,2027-02-01,2027-02-02,2027-02-03,2027-02-04,2027-02-05,2027-02-08,2027-02-09,2027-02-10,2027-02-11,2027-02-12,2027-02-16,2027-02-17,2027-02-18,2027-02-19,2027-02-22,2027-02-23,2027-02-24,2027-02-25,2027-02-26,2027-03-01,2027-03-02,2027-03-03,2027-03-04,2027-03-05,2027-03-08,2027-03-09,2027-03-10,2027-03-11,2027-03-12,2027-03-15,2027-03-16,2027-03-17,2027-03-18,2027-03-19,2027-03-22,2027-03-23,2027-03-24,2027-03-25,2027-03-26,2027-03-29,2027-03-30,2027-03-31,2027-04-01,2027-04-02,2027-04-05,2027-04-06,2027-04-07,2027-04-08,2027-04-09,2027-04-12,2027-04-13,2027-04-14,2027-04-15,2027-04-16,2027-04-19,2027-04-20,2027-04-21,2027-04-22,2027-04-23,2027-04-26,2027-04-27,2027-04-28,2027-04-29,2027-04-30,2027-05-03,2027-05-04,2027-05-05,2027-05-06,2027-05-07,2027-05-10,2027-05-11,2027-05-12,2027-05-13,2027-05-14,2027-05-17,2027-05-18,2027-05-19,2027-05-20,2027-05-21,2027-05-24,2027-05-25,2027-05-26,2027-05-27,2027-05-28,2027-06-01,2027-06-02,2027-06-03,2027-06-04,2027-06-07,2027-06-08,2027-06-09,2027-06-10,2027-06-11,2027-06-14,2027-06-15,2027-06-16,2027-06-17,2027-06-18,2027-06-21,2027-06-22,2027-06-23,2027-06-24,2027-06-25,2027-06-28,2027-06-29,2027-06-30,2027-07-01,2027-07-02,2027-07-06,2027-07-07,2027-07-08,2027-07-09,2027-07-12",,2026-07-13,2026-08-19,,hlgtfs.zip,hartford_gtfs_effective_2026-07-11_updated_2026-08-19.zip,0,To Northbound to Hartford; GTFS; gtfs_trip_id=20020; gtfs_service_id=2; source_origin=New Haven Union Station; source_destination=Hartford
CTrail,Hartford Line,Hartford Line,CTrail 4453,To Southbound to New Haven Union Station,HFD,Hartford,1,08:44,08:44,2026-07-13,2027-07-12,"2026-07-13,2026-07-14,2026-07-15,2026-07-16,2026-07-17,2026-07-20,2026-07-21,2026-07-22,2026-07-23,2026-07-24,2026-07-27,2026-07-28,2026-07-29,2026-07-30,2026-07-31,2026-08-03,2026-08-04,2026-08-05,2026-08-06,2026-08-07,2026-08-10,2026-08-11,2026-08-12,2026-08-13,2026-08-14,2026-08-17,2026-08-18,2026-08-19,2026-08-20,2026-08-21,2026-08-24,2026-08-25,2026-08-26,2026-08-27,2026-08-28,2026-08-31,2026-09-01,2026-09-02,2026-09-03,2026-09-04,2026-09-08,2026-09-09,2026-09-10,2026-09-11,2026-09-14,2026-09-15,2026-09-16,2026-09-17,2026-09-18,2026-09-21,2026-09-22,2026-09-23,2026-09-24,2026-09-25,2026-09-28,2026-09-29,2026-09-30,2026-10-01,2026-10-02,2026-10-05,2026-10-06,2026-10-07,2026-10-08,2026-10-09,2026-10-12,2026-10-13,2026-10-14,2026-10-15,2026-10-16,2026-10-19,2026-10-20,2026-10-21,2026-10-22,2026-10-23,2026-10-26,2026-10-27,2026-10-28,2026-10-29,2026-10-30,2026-11-02,2026-11-03,2026-11-04,2026-11-05,2026-11-06,2026-11-09,2026-11-10,2026-11-11,2026-11-12,2026-11-13,2026-11-16,2026-11-17,2026-11-18,2026-11-19,2026-11-20,2026-11-23,2026-11-24,2026-11-25,2026-11-27,2026-11-30,2026-12-01,2026-12-02,2026-12-03,2026-12-04,2026-12-07,2026-12-08,2026-12-09,2026-12-10,2026-12-11,2026-12-14,2026-12-15,2026-12-16,2026-12-17,2026-12-18,2026-12-21,2026-12-22,2026-12-23,2026-12-24,2026-12-28,2026-12-29,2026-12-30,2026-12-31,2027-01-04,2027-01-05,2027-01-06,2027-01-07,2027-01-08,2027-01-11,2027-01-12,2027-01-13,2027-01-14,2027-01-15,2027-01-19,2027-01-20,2027-01-21,2027-01-22,2027-01-25,2027-01-26,2027-01-27,2027-01-28,2027-01-29,2027-02-01,2027-02-02,2027-02-03,2027-02-04,2027-02-05,2027-02-08,2027-02-09,2027-02-10,2027-02-11,2027-02-12,2027-02-16,2027-02-17,2027-02-18,2027-02-19,2027-02-22,2027-02-23,2027-02-24,2027-02-25,2027-02-26,2027-03-01,2027-03-02,2027-03-03,2027-03-04,2027-03-05,2027-03-08,2027-03-09,2027-03-10,2027-03-11,2027-03-12,2027-03-15,2027-03-16,2027-03-17,2027-03-18,2027-03-19,2027-03-22,2027-03-23,2027-03-24,2027-03-25,2027-03-26,2027-03-29,2027-03-30,2027-03-31,2027-04-01,2027-04-02,2027-04-05,2027-04-06,2027-04-07,2027-04-08,2027-04-09,2027-04-12,2027-04-13,2027-04-14,2027-04-15,2027-04-16,2027-04-19,2027-04-20,2027-04-21,2027-04-22,2027-04-23,2027-04-26,2027-04-27,2027-04-28,2027-04-29,2027-04-30,2027-05-03,2027-05-04,2027-05-05,2027-05-06,2027-05-07,2027-05-10,2027-05-11,2027-05-12,2027-05-13,2027-05-14,2027-05-17,2027-05-18,2027-05-19,2027-05-20,2027-05-21,2027-05-24,2027-05-25,2027-05-26,2027-05-27,2027-05-28,2027-06-01,2027-06-02,2027-06-03,2027-06-04,2027-06-07,2027-06-08,2027-06-09,2027-06-10,2027-06-11,2027-06-14,2027-06-15,2027-06-16,2027-06-17,2027-06-18,2027-06-21,2027-06-22,2027-06-23,2027-06-24,2027-06-25,2027-06-28,2027-06-29,2027-06-30,2027-07-01,2027-07-02,2027-07-06,2027-07-07,2027-07-08,2027-07-09,2027-07-12",,2026-07-13,2026-08-19,,hlgtfs.zip,hartford_gtfs_effective_2026-07-11_updated_2026-08-19.zip,0,To Southbound to New Haven Union Station; GTFS; gtfs_trip_id=4020; gtfs_service_id=2; source_origin=Hartford; source_destination=New Haven Union Station
CTrail,Hartford Line,Hartford Line,CTrail 4453,To Southbound to New Haven Union Station,BER,Berlin,2,08:56,08:56,2026-07-13,2027-07-12,"2026-07-13,2026-07-14,2026-07-15,2026-07-16,2026-07-17,2026-07-20,2026-07-21,2026-07-22,2026-07-23,2026-07-24,2026-07-27,2026-07-28,2026-07-29,2026-07-30,2026-07-31,2026-08-03,2026-08-04,2026-08-05,2026-08-06,2026-08-07,2026-08-10,2026-08-11,2026-08-12,2026-08-13,2026-08-14,2026-08-17,2026-08-18,2026-08-19,2026-08-20,2026-08-21,2026-08-24,2026-08-25,2026-08-26,2026-08-27,2026-08-28,2026-08-31,2026-09-01,2026-09-02,2026-09-03,2026-09-04,2026-09-08,2026-09-09,2026-09-10,2026-09-11,2026-09-14,2026-09-15,2026-09-16,2026-09-17,2026-09-18,2026-09-21,2026-09-22,2026-09-23,2026-09-24,2026-09-25,2026-09-28,2026-09-29,2026-09-30,2026-10-01,2026-10-02,2026-10-05,2026-10-06,2026-10-07,2026-10-08,2026-10-09,2026-10-12,2026-10-13,2026-10-14,2026-10-15,2026-10-16,2026-10-19,2026-10-20,2026-10-21,2026-10-22,2026-10-23,2026-10-26,2026-10-27,2026-10-28,2026-10-29,2026-10-30,2026-11-02,2026-11-03,2026-11-04,2026-11-05,2026-11-06,2026-11-09,2026-11-10,2026-11-11,2026-11-12,2026-11-13,2026-11-16,2026-11-17,2026-11-18,2026-11-19,2026-11-20,2026-11-23,2026-11-24,2026-11-25,2026-11-27,2026-11-30,2026-12-01,2026-12-02,2026-12-03,2026-12-04,2026-12-07,2026-12-08,2026-12-09,2026-12-10,2026-12-11,2026-12-14,2026-12-15,2026-12-16,2026-12-17,2026-12-18,2026-12-21,2026-12-22,2026-12-23,2026-12-24,2026-12-28,2026-12-29,2026-12-30,2026-12-31,2027-01-04,2027-01-05,2027-01-06,2027-01-07,2027-01-08,2027-01-11,2027-01-12,2027-01-13,2027-01-14,2027-01-15,2027-01-19,2027-01-20,2027-01-21,2027-01-22,2027-01-25,2027-01-26,2027-01-27,2027-01-28,2027-01-29,2027-02-01,2027-02-02,2027-02-03,2027-02-04,2027-02-05,2027-02-08,2027-02-09,2027-02-10,2027-02-11,2027-02-12,2027-02-16,2027-02-17,2027-02-18,2027-02-19,2027-02-22,2027-02-23,2027-02-24,2027-02-25,2027-02-26,2027-03-01,2027-03-02,2027-03-03,2027-03-04,2027-03-05,2027-03-08,2027-03-09,2027-03-10,2027-03-11,2027-03-12,2027-03-15,2027-03-16,2027-03-17,2027-03-18,2027-03-19,2027-03-22,2027-03-23,2027-03-24,2027-03-25,2027-03-26,2027-03-29,2027-03-30,2027-03-31,2027-04-01,2027-04-02,2027-04-05,2027-04-06,2027-04-07,2027-04-08,2027-04-09,2027-04-12,2027-04-13,2027-04-14,2027-04-15,2027-04-16,2027-04-19,2027-04-20,2027-04-21,2027-04-22,2027-04-23,2027-04-26,2027-04-27,2027-04-28,2027-04-29,2027-04-30,2027-05-03,2027-05-04,2027-05-05,2027-05-06,2027-05-07,2027-05-10,2027-05-11,2027-05-12,2027-05-13,2027-05-14,2027-05-17,2027-05-18,2027-05-19,2027-05-20,2027-05-21,2027-05-24,2027-05-25,2027-05-26,2027-05-27,2027-05-28,2027-06-01,2027-06-02,2027-06-03,2027-06-04,2027-06-07,2027-06-08,2027-06-09,2027-06-10,2027-06-11,2027-06-14,2027-06-15,2027-06-16,2027-06-17,2027-06-18,2027-06-21,2027-06-22,2027-06-23,2027-06-24,2027-06-25,2027-06-28,2027-06-29,2027-06-30,2027-07-01,2027-07-02,2027-07-06,2027-07-07,2027-07-08,2027-07-09,2027-07-12",,2026-07-13,2026-08-19,,hlgtfs.zip,hartford_gtfs_effective_2026-07-11_updated_2026-08-19.zip,0,To Southbound to New Haven Union Station; GTFS; gtfs_trip_id=4020; gtfs_service_id=2; source_origin=Hartford; source_destination=New Haven Union Station
CTrail,Hartford Line,Hartford Line,CTrail 4453,To Southbound to New Haven Union Station,MDN,Meriden,3,09:05,09:05,2026-07-13,2027-07-12,"2026-07-13,2026-07-14,2026-07-15,2026-07-16,2026-07-17,2026-07-20,2026-07-21,2026-07-22,2026-07-23,2026-07-24,2026-07-27,2026-07-28,2026-07-29,2026-07-30,2026-07-31,2026-08-03,2026-08-04,2026-08-05,2026-08-06,2026-08-07,2026-08-10,2026-08-11,2026-08-12,2026-08-13,2026-08-14,2026-08-17,2026-08-18,2026-08-19,2026-08-20,2026-08-21,2026-08-24,2026-08-25,2026-08-26,2026-08-27,2026-08-28,2026-08-31,2026-09-01,2026-09-02,2026-09-03,2026-09-04,2026-09-08,2026-09-09,2026-09-10,2026-09-11,2026-09-14,2026-09-15,2026-09-16,2026-09-17,2026-09-18,2026-09-21,2026-09-22,2026-09-23,2026-09-24,2026-09-25,2026-09-28,2026-09-29,2026-09-30,2026-10-01,2026-10-02,2026-10-05,2026-10-06,2026-10-07,2026-10-08,2026-10-09,2026-10-12,2026-10-13,2026-10-14,2026-10-15,2026-10-16,2026-10-19,2026-10-20,2026-10-21,2026-10-22,2026-10-23,2026-10-26,2026-10-27,2026-10-28,2026-10-29,2026-10-30,2026-11-02,2026-11-03,2026-11-04,2026-11-05,2026-11-06,2026-11-09,2026-11-10,2026-11-11,2026-11-12,2026-11-13,2026-11-16,2026-11-17,2026-11-18,2026-11-19,2026-11-20,2026-11-23,2026-11-24,2026-11-25,2026-11-27,2026-11-30,2026-12-01,2026-12-02,2026-12-03,2026-12-04,2026-12-07,2026-12-08,2026-12-09,2026-12-10,2026-12-11,2026-12-14,2026-12-15,2026-12-16,2026-12-17,2026-12-18,2026-12-21,2026-12-22,2026-12-23,2026-12-24,2026-12-28,2026-12-29,2026-12-30,2026-12-31,2027-01-04,2027-01-05,2027-01-06,2027-01-07,2027-01-08,2027-01-11,2027-01-12,2027-01-13,2027-01-14,2027-01-15,2027-01-19,2027-01-20,2027-01-21,2027-01-22,2027-01-25,2027-01-26,2027-01-27,2027-01-28,2027-01-29,2027-02-01,2027-02-02,2027-02-03,2027-02-04,2027-02-05,2027-02-08,2027-02-09,2027-02-10,2027-02-11,2027-02-12,2027-02-16,2027-02-17,2027-02-18,2027-02-19,2027-02-22,2027-02-23,2027-02-24,2027-02-25,2027-02-26,2027-03-01,2027-03-02,2027-03-03,2027-03-04,2027-03-05,2027-03-08,2027-03-09,2027-03-10,2027-03-11,2027-03-12,2027-03-15,2027-03-16,2027-03-17,2027-03-18,2027-03-19,2027-03-22,2027-03-23,2027-03-24,2027-03-25,2027-03-26,2027-03-29,2027-03-30,2027-03-31,2027-04-01,2027-04-02,2027-04-05,2027-04-06,2027-04-07,2027-04-08,2027-04-09,2027-04-12,2027-04-13,2027-04-14,2027-04-15,2027-04-16,2027-04-19,2027-04-20,2027-04-21,2027-04-22,2027-04-23,2027-04-26,2027-04-27,2027-04-28,2027-04-29,2027-04-30,2027-05-03,2027-05-04,2027-05-05,2027-05-06,2027-05-07,2027-05-10,2027-05-11,2027-05-12,2027-05-13,2027-05-14,2027-05-17,2027-05-18,2027-05-19,2027-05-20,2027-05-21,2027-05-24,2027-05-25,2027-05-26,2027-05-27,2027-05-28,2027-06-01,2027-06-02,2027-06-03,2027-06-04,2027-06-07,2027-06-08,2027-06-09,2027-06-10,2027-06-11,2027-06-14,2027-06-15,2027-06-16,2027-06-17,2027-06-18,2027-06-21,2027-06-22,2027-06-23,2027-06-24,2027-06-25,2027-06-28,2027-06-29,2027-06-30,2027-07-01,2027-07-02,2027-07-06,2027-07-07,2027-07-08,2027-07-09,2027-07-12",,2026-07-13,2026-08-19,,hlgtfs.zip,hartford_gtfs_effective_2026-07-11_updated_2026-08-19.zip,0,To Southbound to New Haven Union Station; GTFS; gtfs_trip_id=4020; gtfs_service_id=2; source_origin=Hartford; source_destination=New Haven Union Station
CTrail,Hartford Line,Hartford Line,CTrail 4453,To Southbound to New Haven Union Station,WFD,Wallingford,4,09:14,09:14,2026-07-13,2027-07-12,"2026-07-13,2026-07-14,2026-07-15,2026-07-16,2026-07-17,2026-07-20,2026-07-21,2026-07-22,2026-07-23,2026-07-24,2026-07-27,2026-07-28,2026-07-29,2026-07-30,2026-07-31,2026-08-03,2026-08-04,2026-08-05,2026-08-06,2026-08-07,2026-08-10,2026-08-11,2026-08-12,2026-08-13,2026-08-14,2026-08-17,2026-08-18,2026-08-19,2026-08-20,2026-08-21,2026-08-24,2026-08-25,2026-08-26,2026-08-27,2026-08-28,2026-08-31,2026-09-01,2026-09-02,2026-09-03,2026-09-04,2026-09-08,2026-09-09,2026-09-10,2026-09-11,2026-09-14,2026-09-15,2026-09-16,2026-09-17,2026-09-18,2026-09-21,2026-09-22,2026-09-23,2026-09-24,2026-09-25,2026-09-28,2026-09-29,2026-09-30,2026-10-01,2026-10-02,2026-10-05,2026-10-06,2026-10-07,2026-10-08,2026-10-09,2026-10-12,2026-10-13,2026-10-14,2026-10-15,2026-10-16,2026-10-19,2026-10-20,2026-10-21,2026-10-22,2026-10-23,2026-10-26,2026-10-27,2026-10-28,2026-10-29,2026-10-30,2026-11-02,2026-11-03,2026-11-04,2026-11-05,2026-11-06,2026-11-09,2026-11-10,2026-11-11,2026-11-12,2026-11-13,2026-11-16,2026-11-17,2026-11-18,2026-11-19,2026-11-20,2026-11-23,2026-11-24,2026-11-25,2026-11-27,2026-11-30,2026-12-01,2026-12-02,2026-12-03,2026-12-04,2026-12-07,2026-12-08,2026-12-09,2026-12-10,2026-12-11,2026-12-14,2026-12-15,2026-12-16,2026-12-17,2026-12-18,2026-12-21,2026-12-22,2026-12-23,2026-12-24,2026-12-28,2026-12-29,2026-12-30,2026-12-31,2027-01-04,2027-01-05,2027-01-06,2027-01-07,2027-01-08,2027-01-11,2027-01-12,2027-01-13,2027-01-14,2027-01-15,2027-01-19,2027-01-20,2027-01-21,2027-01-22,2027-01-25,2027-01-26,2027-01-27,2027-01-28,2027-01-29,2027-02-01,2027-02-02,2027-02-03,2027-02-04,2027-02-05,2027-02-08,2027-02-09,2027-02-10,2027-02-11,2027-02-12,2027-02-16,2027-02-17,2027-02-18,2027-02-19,2027-02-22,2027-02-23,2027-02-24,2027-02-25,2027-02-26,2027-03-01,2027-03-02,2027-03-03,2027-03-04,2027-03-05,2027-03-08,2027-03-09,2027-03-10,2027-03-11,2027-03-12,2027-03-15,2027-03-16,2027-03-17,2027-03-18,2027-03-19,2027-03-22,2027-03-23,2027-03-24,2027-03-25,2027-03-26,2027-03-29,2027-03-30,2027-03-31,2027-04-01,2027-04-02,2027-04-05,2027-04-06,2027-04-07,2027-04-08,2027-04-09,2027-04-12,2027-04-13,2027-04-14,2027-04-15,2027-04-16,2027-04-19,2027-04-20,2027-04-21,2027-04-22,2027-04-23,2027-04-26,2027-04-27,2027-04-28,2027-04-29,2027-04-30,2027-05-03,2027-05-04,2027-05-05,2027-05-06,2027-05-07,2027-05-10,2027-05-11,2027-05-12,2027-05-13,2027-05-14,2027-05-17,2027-05-18,2027-05-19,2027-05-20,2027-05-21,2027-05-24,2027-05-25,2027-05-26,2027-05-27,2027-05-28,2027-06-01,2027-06-02,2027-06-03,2027-06-04,2027-06-07,2027-06-08,2027-06-09,2027-06-10,2027-06-11,2027-06-14,2027-06-15,2027-06-16,2027-06-17,2027-06-18,2027-06-21,2027-06-22,2027-06-23,2027-06-24,2027-06-25,2027-06-28,2027-06-29,2027-06-30,2027-07-01,2027-07-02,2027-07-06,2027-07-07,2027-07-08,2027-07-09,2027-07-12",,2026-07-13,2026-08-19,,hlgtfs.zip,hartford_gtfs_effective_2026-07-11_updated_2026-08-19.zip,0,To Southbound to New Haven Union Station; GTFS; gtfs_trip_id=4020; gtfs_service_id=2; source_origin=Hartford; source_destination=New Haven Union Station
CTrail,Hartford Line,Hartford Line,CTrail 4453,To Southbound to New Haven Union Station,STS,New Haven State Street,5,09:30,09:30,2026-07-13,2027-07-12,"2026-07-13,2026-07-14,2026-07-15,2026-07-16,2026-07-17,2026-07-20,2026-07-21,2026-07-22,2026-07-23,2026-07-24,2026-07-27,2026-07-28,2026-07-29,2026-07-30,2026-07-31,2026-08-03,2026-08-04,2026-08-05,2026-08-06,2026-08-07,2026-08-10,2026-08-11,2026-08-12,2026-08-13,2026-08-14,2026-08-17,2026-08-18,2026-08-19,2026-08-20,2026-08-21,2026-08-24,2026-08-25,2026-08-26,2026-08-27,2026-08-28,2026-08-31,2026-09-01,2026-09-02,2026-09-03,2026-09-04,2026-09-08,2026-09-09,2026-09-10,2026-09-11,2026-09-14,2026-09-15,2026-09-16,2026-09-17,2026-09-18,2026-09-21,2026-09-22,2026-09-23,2026-09-24,2026-09-25,2026-09-28,2026-09-29,2026-09-30,2026-10-01,2026-10-02,2026-10-05,2026-10-06,2026-10-07,2026-10-08,2026-10-09,2026-10-12,2026-10-13,2026-10-14,2026-10-15,2026-10-16,2026-10-19,2026-10-20,2026-10-21,2026-10-22,2026-10-23,2026-10-26,2026-10-27,2026-10-28,2026-10-29,2026-10-30,2026-11-02,2026-11-03,2026-11-04,2026-11-05,2026-11-06,2026-11-09,2026-11-10,2026-11-11,2026-11-12,2026-11-13,2026-11-16,2026-11-17,2026-11-18,2026-11-19,2026-11-20,2026-11-23,2026-11-24,2026-11-25,2026-11-27,2026-11-30,2026-12-01,2026-12-02,2026-12-03,2026-12-04,2026-12-07,2026-12-08,2026-12-09,2026-12-10,2026-12-11,2026-12-14,2026-12-15,2026-12-16,2026-12-17,2026-12-18,2026-12-21,2026-12-22,2026-12-23,2026-12-24,2026-12-28,2026-12-29,2026-12-30,2026-12-31,2027-01-04,2027-01-05,2027-01-06,2027-01-07,2027-01-08,2027-01-11,2027-01-12,2027-01-13,2027-01-14,2027-01-15,2027-01-19,2027-01-20,2027-01-21,2027-01-22,2027-01-25,2027-01-26,2027-01-27,2027-01-28,2027-01-29,2027-02-01,2027-02-02,2027-02-03,2027-02-04,2027-02-05,2027-02-08,2027-02-09,2027-02-10,2027-02-11,2027-02-12,2027-02-16,2027-02-17,2027-02-18,2027-02-19,2027-02-22,2027-02-23,2027-02-24,2027-02-25,2027-02-26,2027-03-01,2027-03-02,2027-03-03,2027-03-04,2027-03-05,2027-03-08,2027-03-09,2027-03-10,2027-03-11,2027-03-12,2027-03-15,2027-03-16,2027-03-17,2027-03-18,2027-03-19,2027-03-22,2027-03-23,2027-03-24,2027-03-25,2027-03-26,2027-03-29,2027-03-30,2027-03-31,2027-04-01,2027-04-02,2027-04-05,2027-04-06,2027-04-07,2027-04-08,2027-04-09,2027-04-12,2027-04-13,2027-04-14,2027-04-15,2027-04-16,2027-04-19,2027-04-20,2027-04-21,2027-04-22,2027-04-23,2027-04-26,2027-04-27,2027-04-28,2027-04-29,2027-04-30,2027-05-03,2027-05-04,2027-05-05,2027-05-06,2027-05-07,2027-05-10,2027-05-11,2027-05-12,2027-05-13,2027-05-14,2027-05-17,2027-05-18,2027-05-19,2027-05-20,2027-05-21,2027-05-24,2027-05-25,2027-05-26,2027-05-27,2027-05-28,2027-06-01,2027-06-02,2027-06-03,2027-06-04,2027-06-07,2027-06-08,2027-06-09,2027-06-10,2027-06-11,2027-06-14,2027-06-15,2027-06-16,2027-06-17,2027-06-18,2027-06-21,2027-06-22,2027-06-23,2027-06-24,2027-06-25,2027-06-28,2027-06-29,2027-06-30,2027-07-01,2027-07-02,2027-07-06,2027-07-07,2027-07-08,2027-07-09,2027-07-12",,2026-07-13,2026-08-19,,hlgtfs.zip,hartford_gtfs_effective_2026-07-11_updated_2026-08-19.zip,0,To Southbound to New Haven Union Station; GTFS; gtfs_trip_id=4020; gtfs_service_id=2; source_origin=Hartford; source_destination=New Haven Union Station
CTrail,Hartford Line,Hartford Line,CTrail 4453,To Southbound to New Haven Union Station,NHV,New Haven Union Station,6,09:36,09:36,2026-07-13,2027-07-12,"2026-07-13,2026-07-14,2026-07-15,2026-07-16,2026-07-17,2026-07-20,2026-07-21,2026-07-22,2026-07-23,2026-07-24,2026-07-27,2026-07-28,2026-07-29,2026-07-30,2026-07-31,2026-08-03,2026-08-04,2026-08-05,2026-08-06,2026-08-07,2026-08-10,2026-08-11,2026-08-12,2026-08-13,2026-08-14,2026-08-17,2026-08-18,2026-08-19,2026-08-20,2026-08-21,2026-08-24,2026-08-25,2026-08-26,2026-08-27,2026-08-28,2026-08-31,2026-09-01,2026-09-02,2026-09-03,2026-09-04,2026-09-08,2026-09-09,2026-09-10,2026-09-11,2026-09-14,2026-09-15,2026-09-16,2026-09-17,2026-09-18,2026-09-21,2026-09-22,2026-09-23,2026-09-24,2026-09-25,2026-09-28,2026-09-29,2026-09-30,2026-10-01,2026-10-02,2026-10-05,2026-10-06,2026-10-07,2026-10-08,2026-10-09,2026-10-12,2026-10-13,2026-10-14,2026-10-15,2026-10-16,2026-10-19,2026-10-20,2026-10-21,2026-10-22,2026-10-23,2026-10-26,2026-10-27,2026-10-28,2026-10-29,2026-10-30,2026-11-02,2026-11-03,2026-11-04,2026-11-05,2026-11-06,2026-11-09,2026-11-10,2026-11-11,2026-11-12,2026-11-13,2026-11-16,2026-11-17,2026-11-18,2026-11-19,2026-11-20,2026-11-23,2026-11-24,2026-11-25,2026-11-27,2026-11-30,2026-12-01,2026-12-02,2026-12-03,2026-12-04,2026-12-07,2026-12-08,2026-12-09,2026-12-10,2026-12-11,2026-12-14,2026-12-15,2026-12-16,2026-12-17,2026-12-18,2026-12-21,2026-12-22,2026-12-23,2026-12-24,2026-12-28,2026-12-29,2026-12-30,2026-12-31,2027-01-04,2027-01-05,2027-01-06,2027-01-07,2027-01-08,2027-01-11,2027-01-12,2027-01-13,2027-01-14,2027-01-15,2027-01-19,2027-01-20,2027-01-21,2027-01-22,2027-01-25,2027-01-26,2027-01-27,2027-01-28,2027-01-29,2027-02-01,2027-02-02,2027-02-03,2027-02-04,2027-02-05,2027-02-08,2027-02-09,2027-02-10,2027-02-11,2027-02-12,2027-02-16,2027-02-17,2027-02-18,2027-02-19,2027-02-22,2027-02-23,2027-02-24,2027-02-25,2027-02-26,2027-03-01,2027-03-02,2027-03-03,2027-03-04,2027-03-05,2027-03-08,2027-03-09,2027-03-10,2027-03-11,2027-03-12,2027-03-15,2027-03-16,2027-03-17,2027-03-18,2027-03-19,2027-03-22,2027-03-23,2027-03-24,2027-03-25,2027-03-26,2027-03-29,2027-03-30,2027-03-31,2027-04-01,2027-04-02,2027-04-05,2027-04-06,2027-04-07,2027-04-08,2027-04-09,2027-04-12,2027-04-13,2027-04-14,2027-04-15,2027-04-16,2027-04-19,2027-04-20,2027-04-21,2027-04-22,2027-04-23,2027-04-26,2027-04-27,2027-04-28,2027-04-29,2027-04-30,2027-05-03,2027-05-04,2027-05-05,2027-05-06,2027-05-07,2027-05-10,2027-05-11,2027-05-12,2027-05-13,2027-05-14,2027-05-17,2027-05-18,2027-05-19,2027-05-20,2027-05-21,2027-05-24,2027-05-25,2027-05-26,2027-05-27,2027-05-28,2027-06-01,2027-06-02,2027-06-03,2027-06-04,2027-06-07,2027-06-08,2027-06-09,2027-06-10,2027-06-11,2027-06-14,2027-06-15,2027-06-16,2027-06-17,2027-06-18,2027-06-21,2027-06-22,2027-06-23,2027-06-24,2027-06-25,2027-06-28,2027-06-29,2027-06-30,2027-07-01,2027-07-02,2027-07-06,2027-07-07,2027-07-08,2027-07-09,2027-07-12",,2026-07-13,2026-08-19,,hlgtfs.zip,hartford_gtfs_effective_2026-07-11_updated_2026-08-19.zip,0,To Southbound to New Haven Union Station; GTFS; gtfs_trip_id=4020; gtfs_service_id=2; source_origin=Hartford; source_destination=New Haven Union Station
CTrail,Hartford Line,Hartford Line,CTrail 4458,To Northbound to Hartford,NHV,New Haven Union Station,1,14:15,14:15,2026-07-13,2027-07-12,"2026-07-13,2026-07-14,2026-07-15,2026-07-16,2026-07-17,2026-07-20,2026-07-21,2026-07-22,2026-07-23,2026-07-24,2026-07-27,2026-07-28,2026-07-29,2026-07-30,2026-07-31,2026-08-03,2026-08-04,2026-08-05,2026-08-06,2026-08-07,2026-08-10,2026-08-11,2026-08-12,2026-08-13,2026-08-14,2026-08-17,2026-08-18,2026-08-19,2026-08-20,2026-08-21,2026-08-24,2026-08-25,2026-08-26,2026-08-27,2026-08-28,2026-08-31,2026-09-01,2026-09-02,2026-09-03,2026-09-04,2026-09-08,2026-09-09,2026-09-10,2026-09-11,2026-09-14,2026-09-15,2026-09-16,2026-09-17,2026-09-18,2026-09-21,2026-09-22,2026-09-23,2026-09-24,2026-09-25,2026-09-28,2026-09-29,2026-09-30,2026-10-01,2026-10-02,2026-10-05,2026-10-06,2026-10-07,2026-10-08,2026-10-09,2026-10-12,2026-10-13,2026-10-14,2026-10-15,2026-10-16,2026-10-19,2026-10-20,2026-10-21,2026-10-22,2026-10-23,2026-10-26,2026-10-27,2026-10-28,2026-10-29,2026-10-30,2026-11-02,2026-11-03,2026-11-04,2026-11-05,2026-11-06,2026-11-09,2026-11-10,2026-11-11,2026-11-12,2026-11-13,2026-11-16,2026-11-17,2026-11-18,2026-11-19,2026-11-20,2026-11-23,2026-11-24,2026-11-25,2026-11-27,2026-11-30,2026-12-01,2026-12-02,2026-12-03,2026-12-04,2026-12-07,2026-12-08,2026-12-09,2026-12-10,2026-12-11,2026-12-14,2026-12-15,2026-12-16,2026-12-17,2026-12-18,2026-12-21,2026-12-22,2026-12-23,2026-12-24,2026-12-28,2026-12-29,2026-12-30,2026-12-31,2027-01-04,2027-01-05,2027-01-06,2027-01-07,2027-01-08,2027-01-11,2027-01-12,2027-01-13,2027-01-14,2027-01-15,2027-01-19,2027-01-20,2027-01-21,2027-01-22,2027-01-25,2027-01-26,2027-01-27,2027-01-28,2027-01-29,2027-02-01,2027-02-02,2027-02-03,2027-02-04,2027-02-05,2027-02-08,2027-02-09,2027-02-10,2027-02-11,2027-02-12,2027-02-16,2027-02-17,2027-02-18,2027-02-19,2027-02-22,2027-02-23,2027-02-24,2027-02-25,2027-02-26,2027-03-01,2027-03-02,2027-03-03,2027-03-04,2027-03-05,2027-03-08,2027-03-09,2027-03-10,2027-03-11,2027-03-12,2027-03-15,2027-03-16,2027-03-17,2027-03-18,2027-03-19,2027-03-22,2027-03-23,2027-03-24,2027-03-25,2027-03-26,2027-03-29,2027-03-30,2027-03-31,2027-04-01,2027-04-02,2027-04-05,2027-04-06,2027-04-07,2027-04-08,2027-04-09,2027-04-12,2027-04-13,2027-04-14,2027-04-15,2027-04-16,2027-04-19,2027-04-20,2027-04-21,2027-04-22,2027-04-23,2027-04-26,2027-04-27,2027-04-28,2027-04-29,2027-04-30,2027-05-03,2027-05-04,2027-05-05,2027-05-06,2027-05-07,2027-05-10,2027-05-11,2027-05-12,2027-05-13,2027-05-14,2027-05-17,2027-05-18,2027-05-19,2027-05-20,2027-05-21,2027-05-24,2027-05-25,2027-05-26,2027-05-27,2027-05-28,2027-06-01,2027-06-02,2027-06-03,2027-06-04,2027-06-07,2027-06-08,2027-06-09,2027-06-10,2027-06-11,2027-06-14,2027-06-15,2027-06-16,2027-06-17,2027-06-18,2027-06-21,2027-06-22,2027-06-23,2027-06-24,2027-06-25,2027-06-28,2027-06-29,2027-06-30,2027-07-01,2027-07-02,2027-07-06,2027-07-07,2027-07-08,2027-07-09,2027-07-12",,2026-07-13,2026-08-19,,hlgtfs.zip,hartford_gtfs_effective_2026-07-11_updated_2026-08-19.zip,0,To Northbound to Hartford; GTFS; gtfs_trip_id=7020; gtfs_service_id=2; source_origin=New Haven Union Station; source_destination=Hartford
CTrail,Hartford Line,Hartford Line,CTrail 4458,To Northbound to Hartford,STS,New Haven State Street,2,14:18,14:18,2026-07-13,2027-07-12,"2026-07-13,2026-07-14,2026-07-15,2026-07-16,2026-07-17,2026-07-20,2026-07-21,2026-07-22,2026-07-23,2026-07-24,2026-07-27,2026-07-28,2026-07-29,2026-07-30,2026-07-31,2026-08-03,2026-08-04,2026-08-05,2026-08-06,2026-08-07,2026-08-10,2026-08-11,2026-08-12,2026-08-13,2026-08-14,2026-08-17,2026-08-18,2026-08-19,2026-08-20,2026-08-21,2026-08-24,2026-08-25,2026-08-26,2026-08-27,2026-08-28,2026-08-31,2026-09-01,2026-09-02,2026-09-03,2026-09-04,2026-09-08,2026-09-09,2026-09-10,2026-09-11,2026-09-14,2026-09-15,2026-09-16,2026-09-17,2026-09-18,2026-09-21,2026-09-22,2026-09-23,2026-09-24,2026-09-25,2026-09-28,2026-09-29,2026-09-30,2026-10-01,2026-10-02,2026-10-05,2026-10-06,2026-10-07,2026-10-08,2026-10-09,2026-10-12,2026-10-13,2026-10-14,2026-10-15,2026-10-16,2026-10-19,2026-10-20,2026-10-21,2026-10-22,2026-10-23,2026-10-26,2026-10-27,2026-10-28,2026-10-29,2026-10-30,2026-11-02,2026-11-03,2026-11-04,2026-11-05,2026-11-06,2026-11-09,2026-11-10,2026-11-11,2026-11-12,2026-11-13,2026-11-16,2026-11-17,2026-11-18,2026-11-19,2026-11-20,2026-11-23,2026-11-24,2026-11-25,2026-11-27,2026-11-30,2026-12-01,2026-12-02,2026-12-03,2026-12-04,2026-12-07,2026-12-08,2026-12-09,2026-12-10,2026-12-11,2026-12-14,2026-12-15,2026-12-16,2026-12-17,2026-12-18,2026-12-21,2026-12-22,2026-12-23,2026-12-24,2026-12-28,2026-12-29,2026-12-30,2026-12-31,2027-01-04,2027-01-05,2027-01-06,2027-01-07,2027-01-08,2027-01-11,2027-01-12,2027-01-13,2027-01-14,2027-01-15,2027-01-19,2027-01-20,2027-01-21,2027-01-22,2027-01-25,2027-01-26,2027-01-27,2027-01-28,2027-01-29,2027-02-01,2027-02-02,2027-02-03,2027-02-04,2027-02-05,2027-02-08,2027-02-09,2027-02-10,2027-02-11,2027-02-12,2027-02-16,2027-02-17,2027-02-18,2027-02-19,2027-02-22,2027-02-23,2027-02-24,2027-02-25,2027-02-26,2027-03-01,2027-03-02,2027-03-03,2027-03-04,2027-03-05,2027-03-08,2027-03-09,2027-03-10,2027-03-11,2027-03-12,2027-03-15,2027-03-16,2027-03-17,2027-03-18,2027-03-19,2027-03-22,2027-03-23,2027-03-24,2027-03-25,2027-03-26,2027-03-29,2027-03-30,2027-03-31,2027-04-01,2027-04-02,2027-04-05,2027-04-06,2027-04-07,2027-04-08,2027-04-09,2027-04-12,2027-04-13,2027-04-14,2027-04-15,2027-04-16,2027-04-19,2027-04-20,2027-04-21,2027-04-22,2027-04-23,2027-04-26,2027-04-27,2027-04-28,2027-04-29,2027-04-30,2027-05-03,2027-05-04,2027-05-05,2027-05-06,2027-05-07,2027-05-10,2027-05-11,2027-05-12,2027-05-13,2027-05-14,2027-05-17,2027-05-18,2027-05-19,2027-05-20,2027-05-21,2027-05-24,2027-05-25,2027-05-26,2027-05-27,2027-05-28,2027-06-01,2027-06-02,2027-06-03,2027-06-04,2027-06-07,2027-06-08,2027-06-09,2027-06-10,2027-06-11,2027-06-14,2027-06-15,2027-06-16,2027-06-17,2027-06-18,2027-06-21,2027-06-22,2027-06-23,2027-06-24,2027-06-25,2027-06-28,2027-06-29,2027-06-30,2027-07-01,2027-07-02,2027-07-06,2027-07-07,2027-07-08,2027-07-09,2027-07-12",,2026-07-13,2026-08-19,,hlgtfs.zip,hartford_gtfs_effective_2026-07-11_updated_2026-08-19.zip,0,To Northbound to Hartford; GTFS; gtfs_trip_id=7020; gtfs_service_id=2; source_origin=New Haven Union Station; source_destination=Hartford
CTrail,Hartford Line,Hartford Line,CTrail 4458,To Northbound to Hartford,WFD,Wallingford,3,14:33,14:33,2026-07-13,2027-07-12,"2026-07-13,2026-07-14,2026-07-15,2026-07-16,2026-07-17,2026-07-20,2026-07-21,2026-07-22,2026-07-23,2026-07-24,2026-07-27,2026-07-28,2026-07-29,2026-07-30,2026-07-31,2026-08-03,2026-08-04,2026-08-05,2026-08-06,2026-08-07,2026-08-10,2026-08-11,2026-08-12,2026-08-13,2026-08-14,2026-08-17,2026-08-18,2026-08-19,2026-08-20,2026-08-21,2026-08-24,2026-08-25,2026-08-26,2026-08-27,2026-08-28,2026-08-31,2026-09-01,2026-09-02,2026-09-03,2026-09-04,2026-09-08,2026-09-09,2026-09-10,2026-09-11,2026-09-14,2026-09-15,2026-09-16,2026-09-17,2026-09-18,2026-09-21,2026-09-22,2026-09-23,2026-09-24,2026-09-25,2026-09-28,2026-09-29,2026-09-30,2026-10-01,2026-10-02,2026-10-05,2026-10-06,2026-10-07,2026-10-08,2026-10-09,2026-10-12,2026-10-13,2026-10-14,2026-10-15,2026-10-16,2026-10-19,2026-10-20,2026-10-21,2026-10-22,2026-10-23,2026-10-26,2026-10-27,2026-10-28,2026-10-29,2026-10-30,2026-11-02,2026-11-03,2026-11-04,2026-11-05,2026-11-06,2026-11-09,2026-11-10,2026-11-11,2026-11-12,2026-11-13,2026-11-16,2026-11-17,2026-11-18,2026-11-19,2026-11-20,2026-11-23,2026-11-24,2026-11-25,2026-11-27,2026-11-30,2026-12-01,2026-12-02,2026-12-03,2026-12-04,2026-12-07,2026-12-08,2026-12-09,2026-12-10,2026-12-11,2026-12-14,2026-12-15,2026-12-16,2026-12-17,2026-12-18,2026-12-21,2026-12-22,2026-12-23,2026-12-24,2026-12-28,2026-12-29,2026-12-30,2026-12-31,2027-01-04,2027-01-05,2027-01-06,2027-01-07,2027-01-08,2027-01-11,2027-01-12,2027-01-13,2027-01-14,2027-01-15,2027-01-19,2027-01-20,2027-01-21,2027-01-22,2027-01-25,2027-01-26,2027-01-27,2027-01-28,2027-01-29,2027-02-01,2027-02-02,2027-02-03,2027-02-04,2027-02-05,2027-02-08,2027-02-09,2027-02-10,2027-02-11,2027-02-12,2027-02-16,2027-02-17,2027-02-18,2027-02-19,2027-02-22,2027-02-23,2027-02-24,2027-02-25,2027-02-26,2027-03-01,2027-03-02,2027-03-03,2027-03-04,2027-03-05,2027-03-08,2027-03-09,2027-03-10,2027-03-11,2027-03-12,2027-03-15,2027-03-16,2027-03-17,2027-03-18,2027-03-19,2027-03-22,2027-03-23,2027-03-24,2027-03-25,2027-03-26,2027-03-29,2027-03-30,2027-03-31,2027-04-01,2027-04-02,2027-04-05,2027-04-06,2027-04-07,2027-04-08,2027-04-09,2027-04-12,2027-04-13,2027-04-14,2027-04-15,2027-04-16,2027-04-19,2027-04-20,2027-04-21,2027-04-22,2027-04-23,2027-04-26,2027-04-27,2027-04-28,2027-04-29,2027-04-30,2027-05-03,2027-05-04,2027-05-05,2027-05-06,2027-05-07,2027-05-10,2027-05-11,2027-05-12,2027-05-13,2027-05-14,2027-05-17,2027-05-18,2027-05-19,2027-05-20,2027-05-21,2027-05-24,2027-05-25,2027-05-26,2027-05-27,2027-05-28,2027-06-01,2027-06-02,2027-06-03,2027-06-04,2027-06-07,2027-06-08,2027-06-09,2027-06-10,2027-06-11,2027-06-14,2027-06-15,2027-06-16,2027-06-17,2027-06-18,2027-06-21,2027-06-22,2027-06-23,2027-06-24,2027-06-25,2027-06-28,2027-06-29,2027-06-30,2027-07-01,2027-07-02,2027-07-06,2027-07-07,2027-07-08,2027-07-09,2027-07-12",,2026-07-13,2026-08-19,,hlgtfs.zip,hartford_gtfs_effective_2026-07-11_updated_2026-08-19.zip,0,To Northbound to Hartford; GTFS; gtfs_trip_id=7020; gtfs_service_id=2; source_origin=New Haven Union Station; source_destination=Hartford
CTrail,Hartford Line,Hartford Line,CTrail 4458,To Northbound to Hartford,MDN,Meriden,4,14:42,14:42,2026-07-13,2027-07-12,"2026-07-13,2026-07-14,2026-07-15,2026-07-16,2026-07-17,2026-07-20,2026-07-21,2026-07-22,2026-07-23,2026-07-24,2026-07-27,2026-07-28,2026-07-29,2026-07-30,2026-07-31,2026-08-03,2026-08-04,2026-08-05,2026-08-06,2026-08-07,2026-08-10,2026-08-11,2026-08-12,2026-08-13,2026-08-14,2026-08-17,2026-08-18,2026-08-19,2026-08-20,2026-08-21,2026-08-24,2026-08-25,2026-08-26,2026-08-27,2026-08-28,2026-08-31,2026-09-01,2026-09-02,2026-09-03,2026-09-04,2026-09-08,2026-09-09,2026-09-10,2026-09-11,2026-09-14,2026-09-15,2026-09-16,2026-09-17,2026-09-18,2026-09-21,2026-09-22,2026-09-23,2026-09-24,2026-09-25,2026-09-28,2026-09-29,2026-09-30,2026-10-01,2026-10-02,2026-10-05,2026-10-06,2026-10-07,2026-10-08,2026-10-09,2026-10-12,2026-10-13,2026-10-14,2026-10-15,2026-10-16,2026-10-19,2026-10-20,2026-10-21,2026-10-22,2026-10-23,2026-10-26,2026-10-27,2026-10-28,2026-10-29,2026-10-30,2026-11-02,2026-11-03,2026-11-04,2026-11-05,2026-11-06,2026-11-09,2026-11-10,2026-11-11,2026-11-12,2026-11-13,2026-11-16,2026-11-17,2026-11-18,2026-11-19,2026-11-20,2026-11-23,2026-11-24,2026-11-25,2026-11-27,2026-11-30,2026-12-01,2026-12-02,2026-12-03,2026-12-04,2026-12-07,2026-12-08,2026-12-09,2026-12-10,2026-12-11,2026-12-14,2026-12-15,2026-12-16,2026-12-17,2026-12-18,2026-12-21,2026-12-22,2026-12-23,2026-12-24,2026-12-28,2026-12-29,2026-12-30,2026-12-31,2027-01-04,2027-01-05,2027-01-06,2027-01-07,2027-01-08,2027-01-11,2027-01-12,2027-01-13,2027-01-14,2027-01-15,2027-01-19,2027-01-20,2027-01-21,2027-01-22,2027-01-25,2027-01-26,2027-01-27,2027-01-28,2027-01-29,2027-02-01,2027-02-02,2027-02-03,2027-02-04,2027-02-05,2027-02-08,2027-02-09,2027-02-10,2027-02-11,2027-02-12,2027-02-16,2027-02-17,2027-02-18,2027-02-19,2027-02-22,2027-02-23,2027-02-24,2027-02-25,2027-02-26,2027-03-01,2027-03-02,2027-03-03,2027-03-04,2027-03-05,2027-03-08,2027-03-09,2027-03-10,2027-03-11,2027-03-12,2027-03-15,2027-03-16,2027-03-17,2027-03-18,2027-03-19,2027-03-22,2027-03-23,2027-03-24,2027-03-25,2027-03-26,2027-03-29,2027-03-30,2027-03-31,2027-04-01,2027-04-02,2027-04-05,2027-04-06,2027-04-07,2027-04-08,2027-04-09,2027-04-12,2027-04-13,2027-04-14,2027-04-15,2027-04-16,2027-04-19,2027-04-20,2027-04-21,2027-04-22,2027-04-23,2027-04-26,2027-04-27,2027-04-28,2027-04-29,2027-04-30,2027-05-03,2027-05-04,2027-05-05,2027-05-06,2027-05-07,2027-05-10,2027-05-11,2027-05-12,2027-05-13,2027-05-14,2027-05-17,2027-05-18,2027-05-19,2027-05-20,2027-05-21,2027-05-24,2027-05-25,2027-05-26,2027-05-27,2027-05-28,2027-06-01,2027-06-02,2027-06-03,2027-06-04,2027-06-07,2027-06-08,2027-06-09,2027-06-10,2027-06-11,2027-06-14,2027-06-15,2027-06-16,2027-06-17,2027-06-18,2027-06-21,2027-06-22,2027-06-23,2027-06-24,2027-06-25,2027-06-28,2027-06-29,2027-06-30,2027-07-01,2027-07-02,2027-07-06,2027-07-07,2027-07-08,2027-07-09,2027-07-12",,2026-07-13,2026-08-19,,hlgtfs.zip,hartford_gtfs_effective_2026-07-11_updated_2026-08-19.zip,0,To Northbound to Hartford; GTFS; gtfs_trip_id=7020; gtfs_service_id=2; source_origin=New Haven Union Station; source_destination=Hartford
CTrail,Hartford Line,Hartford Line,CTrail 4458,To Northbound to Hartford,BER,Berlin,5,14:51,14:51,2026-07-13,2027-07-12,"2026-07-13,2026-07-14,2026-07-15,2026-07-16,2026-07-17,2026-07-20,2026-07-21,2026-07-22,2026-07-23,2026-07-24,2026-07-27,2026-07-28,2026-07-29,2026-07-30,2026-07-31,2026-08-03,2026-08-04,2026-08-05,2026-08-06,2026-08-07,2026-08-10,2026-08-11,2026-08-12,2026-08-13,2026-08-14,2026-08-17,2026-08-18,2026-08-19,2026-08-20,2026-08-21,2026-08-24,2026-08-25,2026-08-26,2026-08-27,2026-08-28,2026-08-31,2026-09-01,2026-09-02,2026-09-03,2026-09-04,2026-09-08,2026-09-09,2026-09-10,2026-09-11,2026-09-14,2026-09-15,2026-09-16,2026-09-17,2026-09-18,2026-09-21,2026-09-22,2026-09-23,2026-09-24,2026-09-25,2026-09-28,2026-09-29,2026-09-30,2026-10-01,2026-10-02,2026-10-05,2026-10-06,2026-10-07,2026-10-08,2026-10-09,2026-10-12,2026-10-13,2026-10-14,2026-10-15,2026-10-16,2026-10-19,2026-10-20,2026-10-21,2026-10-22,2026-10-23,2026-10-26,2026-10-27,2026-10-28,2026-10-29,2026-10-30,2026-11-02,2026-11-03,2026-11-04,2026-11-05,2026-11-06,2026-11-09,2026-11-10,2026-11-11,2026-11-12,2026-11-13,2026-11-16,2026-11-17,2026-11-18,2026-11-19,2026-11-20,2026-11-23,2026-11-24,2026-11-25,2026-11-27,2026-11-30,2026-12-01,2026-12-02,2026-12-03,2026-12-04,2026-12-07,2026-12-08,2026-12-09,2026-12-10,2026-12-11,2026-12-14,2026-12-15,2026-12-16,2026-12-17,2026-12-18,2026-12-21,2026-12-22,2026-12-23,2026-12-24,2026-12-28,2026-12-29,2026-12-30,2026-12-31,2027-01-04,2027-01-05,2027-01-06,2027-01-07,2027-01-08,2027-01-11,2027-01-12,2027-01-13,2027-01-14,2027-01-15,2027-01-19,2027-01-20,2027-01-21,2027-01-22,2027-01-25,2027-01-26,2027-01-27,2027-01-28,2027-01-29,2027-02-01,2027-02-02,2027-02-03,2027-02-04,2027-02-05,2027-02-08,2027-02-09,2027-02-10,2027-02-11,2027-02-12,2027-02-16,2027-02-17,2027-02-18,2027-02-19,2027-02-22,2027-02-23,2027-02-24,2027-02-25,2027-02-26,2027-03-01,2027-03-02,2027-03-03,2027-03-04,2027-03-05,2027-03-08,2027-03-09,2027-03-10,2027-03-11,2027-03-12,2027-03-15,2027-03-16,2027-03-17,2027-03-18,2027-03-19,2027-03-22,2027-03-23,2027-03-24,2027-03-25,2027-03-26,2027-03-29,2027-03-30,2027-03-31,2027-04-01,2027-04-02,2027-04-05,2027-04-06,2027-04-07,2027-04-08,2027-04-09,2027-04-12,2027-04-13,2027-04-14,2027-04-15,2027-04-16,2027-04-19,2027-04-20,2027-04-21,2027-04-22,2027-04-23,2027-04-26,2027-04-27,2027-04-28,2027-04-29,2027-04-30,2027-05-03,2027-05-04,2027-05-05,2027-05-06,2027-05-07,2027-05-10,2027-05-11,2027-05-12,2027-05-13,2027-05-14,2027-05-17,2027-05-18,2027-05-19,2027-05-20,2027-05-21,2027-05-24,2027-05-25,2027-05-26,2027-05-27,2027-05-28,2027-06-01,2027-06-02,2027-06-03,2027-06-04,2027-06-07,2027-06-08,2027-06-09,2027-06-10,2027-06-11,2027-06-14,2027-06-15,2027-06-16,2027-06-17,2027-06-18,2027-06-21,2027-06-22,2027-06-23,2027-06-24,2027-06-25,2027-06-28,2027-06-29,2027-06-30,2027-07-01,2027-07-02,2027-07-06,2027-07-07,2027-07-08,2027-07-09,2027-07-12",,2026-07-13,2026-08-19,,hlgtfs.zip,hartford_gtfs_effective_2026-07-11_updated_2026-08-19.zip,0,To Northbound to Hartford; GTFS; gtfs_trip_id=7020; gtfs_service_id=2; source_origin=New Haven Union Station; source_destination=Hartford
CTrail,Hartford Line,Hartford Line,CTrail 4458,To Northbound to Hartford,HFD,Hartford,6,15:07,15:07,2026-07-13,2027-07-12,"2026-07-13,2026-07-14,2026-07-15,2026-07-16,2026-07-17,2026-07-20,2026-07-21,2026-07-22,2026-07-23,2026-07-24,2026-07-27,2026-07-28,2026-07-29,2026-07-30,2026-07-31,2026-08-03,2026-08-04,2026-08-05,2026-08-06,2026-08-07,2026-08-10,2026-08-11,2026-08-12,2026-08-13,2026-08-14,2026-08-17,2026-08-18,2026-08-19,2026-08-20,2026-08-21,2026-08-24,2026-08-25,2026-08-26,2026-08-27,2026-08-28,2026-08-31,2026-09-01,2026-09-02,2026-09-03,2026-09-04,2026-09-08,2026-09-09,2026-09-10,2026-09-11,2026-09-14,2026-09-15,2026-09-16,2026-09-17,2026-09-18,2026-09-21,2026-09-22,2026-09-23,2026-09-24,2026-09-25,2026-09-28,2026-09-29,2026-09-30,2026-10-01,2026-10-02,2026-10-05,2026-10-06,2026-10-07,2026-10-08,2026-10-09,2026-10-12,2026-10-13,2026-10-14,2026-10-15,2026-10-16,2026-10-19,2026-10-20,2026-10-21,2026-10-22,2026-10-23,2026-10-26,2026-10-27,2026-10-28,2026-10-29,2026-10-30,2026-11-02,2026-11-03,2026-11-04,2026-11-05,2026-11-06,2026-11-09,2026-11-10,2026-11-11,2026-11-12,2026-11-13,2026-11-16,2026-11-17,2026-11-18,2026-11-19,2026-11-20,2026-11-23,2026-11-24,2026-11-25,2026-11-27,2026-11-30,2026-12-01,2026-12-02,2026-12-03,2026-12-04,2026-12-07,2026-12-08,2026-12-09,2026-12-10,2026-12-11,2026-12-14,2026-12-15,2026-12-16,2026-12-17,2026-12-18,2026-12-21,2026-12-22,2026-12-23,2026-12-24,2026-12-28,2026-12-29,2026-12-30,2026-12-31,2027-01-04,2027-01-05,2027-01-06,2027-01-07,2027-01-08,2027-01-11,2027-01-12,2027-01-13,2027-01-14,2027-01-15,2027-01-19,2027-01-20,2027-01-21,2027-01-22,2027-01-25,2027-01-26,2027-01-27,2027-01-28,2027-01-29,2027-02-01,2027-02-02,2027-02-03,2027-02-04,2027-02-05,2027-02-08,2027-02-09,2027-02-10,2027-02-11,2027-02-12,2027-02-16,2027-02-17,2027-02-18,2027-02-19,2027-02-22,2027-02-23,2027-02-24,2027-02-25,2027-02-26,2027-03-01,2027-03-02,2027-03-03,2027-03-04,2027-03-05,2027-03-08,2027-03-09,2027-03-10,2027-03-11,2027-03-12,2027-03-15,2027-03-16,2027-03-17,2027-03-18,2027-03-19,2027-03-22,2027-03-23,2027-03-24,2027-03-25,2027-03-26,2027-03-29,2027-03-30,2027-03-31,2027-04-01,2027-04-02,2027-04-05,2027-04-06,2027-04-07,2027-04-08,2027-04-09,2027-04-12,2027-04-13,2027-04-14,2027-04-15,2027-04-16,2027-04-19,2027-04-20,2027-04-21,2027-04-22,2027-04-23,2027-04-26,2027-04-27,2027-04-28,2027-04-29,2027-04-30,2027-05-03,2027-05-04,2027-05-05,2027-05-06,2027-05-07,2027-05-10,2027-05-11,2027-05-12,2027-05-13,2027-05-14,2027-05-17,2027-05-18,2027-05-19,2027-05-20,2027-05-21,2027-05-24,2027-05-25,2027-05-26,2027-05-27,2027-05-28,2027-06-01,2027-06-02,2027-06-03,2027-06-04,2027-06-07,2027-06-08,2027-06-09,2027-06-10,2027-06-11,2027-06-14,2027-06-15,2027-06-16,2027-06-17,2027-06-18,2027-06-21,2027-06-22,2027-06-23,2027-06-24,2027-06-25,2027-06-28,2027-06-29,2027-06-30,2027-07-01,2027-07-02,2027-07-06,2027-07-07,2027-07-08,2027-07-09,2027-07-12",,2026-07-13,2026-08-19,,hlgtfs.zip,hartford_gtfs_effective_2026-07-11_updated_2026-08-19.zip,0,To Northbound to Hartford; GTFS; gtfs_trip_id=7020; gtfs_service_id=2; source_origin=New Haven Union Station; source_destination=Hartford
CTrail,Hartford Line,Hartford Line,CTrail 4461,To Southbound to New Haven Union Station,HFD,Hartford,1,16:08,16:08,2026-07-13,2027-07-12,"2026-07-13,2026-07-14,2026-07-15,2026-07-16,2026-07-17,2026-07-20,2026-07-21,2026-07-22,2026-07-23,2026-07-24,2026-07-27,2026-07-28,2026-07-29,2026-07-30,2026-07-31,2026-08-03,2026-08-04,2026-08-05,2026-08-06,2026-08-07,2026-08-10,2026-08-11,2026-08-12,2026-08-13,2026-08-14,2026-08-17,2026-08-18,2026-08-19,2026-08-20,2026-08-21,2026-08-24,2026-08-25,2026-08-26,2026-08-27,2026-08-28,2026-08-31,2026-09-01,2026-09-02,2026-09-03,2026-09-04,2026-09-08,2026-09-09,2026-09-10,2026-09-11,2026-09-14,2026-09-15,2026-09-16,2026-09-17,2026-09-18,2026-09-21,2026-09-22,2026-09-23,2026-09-24,2026-09-25,2026-09-28,2026-09-29,2026-09-30,2026-10-01,2026-10-02,2026-10-05,2026-10-06,2026-10-07,2026-10-08,2026-10-09,2026-10-12,2026-10-13,2026-10-14,2026-10-15,2026-10-16,2026-10-19,2026-10-20,2026-10-21,2026-10-22,2026-10-23,2026-10-26,2026-10-27,2026-10-28,2026-10-29,2026-10-30,2026-11-02,2026-11-03,2026-11-04,2026-11-05,2026-11-06,2026-11-09,2026-11-10,2026-11-11,2026-11-12,2026-11-13,2026-11-16,2026-11-17,2026-11-18,2026-11-19,2026-11-20,2026-11-23,2026-11-24,2026-11-25,2026-11-27,2026-11-30,2026-12-01,2026-12-02,2026-12-03,2026-12-04,2026-12-07,2026-12-08,2026-12-09,2026-12-10,2026-12-11,2026-12-14,2026-12-15,2026-12-16,2026-12-17,2026-12-18,2026-12-21,2026-12-22,2026-12-23,2026-12-24,2026-12-28,2026-12-29,2026-12-30,2026-12-31,2027-01-04,2027-01-05,2027-01-06,2027-01-07,2027-01-08,2027-01-11,2027-01-12,2027-01-13,2027-01-14,2027-01-15,2027-01-19,2027-01-20,2027-01-21,2027-01-22,2027-01-25,2027-01-26,2027-01-27,2027-01-28,2027-01-29,2027-02-01,2027-02-02,2027-02-03,2027-02-04,2027-02-05,2027-02-08,2027-02-09,2027-02-10,2027-02-11,2027-02-12,2027-02-16,2027-02-17,2027-02-18,2027-02-19,2027-02-22,2027-02-23,2027-02-24,2027-02-25,2027-02-26,2027-03-01,2027-03-02,2027-03-03,2027-03-04,2027-03-05,2027-03-08,2027-03-09,2027-03-10,2027-03-11,2027-03-12,2027-03-15,2027-03-16,2027-03-17,2027-03-18,2027-03-19,2027-03-22,2027-03-23,2027-03-24,2027-03-25,2027-03-26,2027-03-29,2027-03-30,2027-03-31,2027-04-01,2027-04-02,2027-04-05,2027-04-06,2027-04-07,2027-04-08,2027-04-09,2027-04-12,2027-04-13,2027-04-14,2027-04-15,2027-04-16,2027-04-19,2027-04-20,2027-04-21,2027-04-22,2027-04-23,2027-04-26,2027-04-27,2027-04-28,2027-04-29,2027-04-30,2027-05-03,2027-05-04,2027-05-05,2027-05-06,2027-05-07,2027-05-10,2027-05-11,2027-05-12,2027-05-13,2027-05-14,2027-05-17,2027-05-18,2027-05-19,2027-05-20,2027-05-21,2027-05-24,2027-05-25,2027-05-26,2027-05-27,2027-05-28,2027-06-01,2027-06-02,2027-06-03,2027-06-04,2027-06-07,2027-06-08,2027-06-09,2027-06-10,2027-06-11,2027-06-14,2027-06-15,2027-06-16,2027-06-17,2027-06-18,2027-06-21,2027-06-22,2027-06-23,2027-06-24,2027-06-25,2027-06-28,2027-06-29,2027-06-30,2027-07-01,2027-07-02,2027-07-06,2027-07-07,2027-07-08,2027-07-09,2027-07-12",,2026-07-13,2026-08-19,,hlgtfs.zip,hartford_gtfs_effective_2026-07-11_updated_2026-08-19.zip,0,To Southbound to New Haven Union Station; GTFS; gtfs_trip_id=17020; gtfs_service_id=2; source_origin=Hartford; source_destination=New Haven Union Station
CTrail,Hartford Line,Hartford Line,CTrail 4461,To Southbound to New Haven Union Station,BER,Berlin,2,16:20,16:20,2026-07-13,2027-07-12,"2026-07-13,2026-07-14,2026-07-15,2026-07-16,2026-07-17,2026-07-20,2026-07-21,2026-07-22,2026-07-23,2026-07-24,2026-07-27,2026-07-28,2026-07-29,2026-07-30,2026-07-31,2026-08-03,2026-08-04,2026-08-05,2026-08-06,2026-08-07,2026-08-10,2026-08-11,2026-08-12,2026-08-13,2026-08-14,2026-08-17,2026-08-18,2026-08-19,2026-08-20,2026-08-21,2026-08-24,2026-08-25,2026-08-26,2026-08-27,2026-08-28,2026-08-31,2026-09-01,2026-09-02,2026-09-03,2026-09-04,2026-09-08,2026-09-09,2026-09-10,2026-09-11,2026-09-14,2026-09-15,2026-09-16,2026-09-17,2026-09-18,2026-09-21,2026-09-22,2026-09-23,2026-09-24,2026-09-25,2026-09-28,2026-09-29,2026-09-30,2026-10-01,2026-10-02,2026-10-05,2026-10-06,2026-10-07,2026-10-08,2026-10-09,2026-10-12,2026-10-13,2026-10-14,2026-10-15,2026-10-16,2026-10-19,2026-10-20,2026-10-21,2026-10-22,2026-10-23,2026-10-26,2026-10-27,2026-10-28,2026-10-29,2026-10-30,2026-11-02,2026-11-03,2026-11-04,2026-11-05,2026-11-06,2026-11-09,2026-11-10,2026-11-11,2026-11-12,2026-11-13,2026-11-16,2026-11-17,2026-11-18,2026-11-19,2026-11-20,2026-11-23,2026-11-24,2026-11-25,2026-11-27,2026-11-30,2026-12-01,2026-12-02,2026-12-03,2026-12-04,2026-12-07,2026-12-08,2026-12-09,2026-12-10,2026-12-11,2026-12-14,2026-12-15,2026-12-16,2026-12-17,2026-12-18,2026-12-21,2026-12-22,2026-12-23,2026-12-24,2026-12-28,2026-12-29,2026-12-30,2026-12-31,2027-01-04,2027-01-05,2027-01-06,2027-01-07,2027-01-08,2027-01-11,2027-01-12,2027-01-13,2027-01-14,2027-01-15,2027-01-19,2027-01-20,2027-01-21,2027-01-22,2027-01-25,2027-01-26,2027-01-27,2027-01-28,2027-01-29,2027-02-01,2027-02-02,2027-02-03,2027-02-04,2027-02-05,2027-02-08,2027-02-09,2027-02-10,2027-02-11,2027-02-12,2027-02-16,2027-02-17,2027-02-18,2027-02-19,2027-02-22,2027-02-23,2027-02-24,2027-02-25,2027-02-26,2027-03-01,2027-03-02,2027-03-03,2027-03-04,2027-03-05,2027-03-08,2027-03-09,2027-03-10,2027-03-11,2027-03-12,2027-03-15,2027-03-16,2027-03-17,2027-03-18,2027-03-19,2027-03-22,2027-03-23,2027-03-24,2027-03-25,2027-03-26,2027-03-29,2027-03-30,2027-03-31,2027-04-01,2027-04-02,2027-04-05,2027-04-06,2027-04-07,2027-04-08,2027-04-09,2027-04-12,2027-04-13,2027-04-14,2027-04-15,2027-04-16,2027-04-19,2027-04-20,2027-04-21,2027-04-22,2027-04-23,2027-04-26,2027-04-27,2027-04-28,2027-04-29,2027-04-30,2027-05-03,2027-05-04,2027-05-05,2027-05-06,2027-05-07,2027-05-10,2027-05-11,2027-05-12,2027-05-13,2027-05-14,2027-05-17,2027-05-18,2027-05-19,2027-05-20,2027-05-21,2027-05-24,2027-05-25,2027-05-26,2027-05-27,2027-05-28,2027-06-01,2027-06-02,2027-06-03,2027-06-04,2027-06-07,2027-06-08,2027-06-09,2027-06-10,2027-06-11,2027-06-14,2027-06-15,2027-06-16,2027-06-17,2027-06-18,2027-06-21,2027-06-22,2027-06-23,2027-06-24,2027-06-25,2027-06-28,2027-06-29,2027-06-30,2027-07-01,2027-07-02,2027-07-06,2027-07-07,2027-07-08,2027-07-09,2027-07-12",,2026-07-13,2026-08-19,,hlgtfs.zip,hartford_gtfs_effective_2026-07-11_updated_2026-08-19.zip,0,To Southbound to New Haven Union Station; GTFS; gtfs_trip_id=17020; gtfs_service_id=2; source_origin=Hartford; source_destination=New Haven Union Station
CTrail,Hartford Line,Hartford Line,CTrail 4461,To Southbound to New Haven Union Station,MDN,Meriden,3,16:29,16:29,2026-07-13,2027-07-12,"2026-07-13,2026-07-14,2026-07-15,2026-07-16,2026-07-17,2026-07-20,2026-07-21,2026-07-22,2026-07-23,2026-07-24,2026-07-27,2026-07-28,2026-07-29,2026-07-30,2026-07-31,2026-08-03,2026-08-04,2026-08-05,2026-08-06,2026-08-07,2026-08-10,2026-08-11,2026-08-12,2026-08-13,2026-08-14,2026-08-17,2026-08-18,2026-08-19,2026-08-20,2026-08-21,2026-08-24,2026-08-25,2026-08-26,2026-08-27,2026-08-28,2026-08-31,2026-09-01,2026-09-02,2026-09-03,2026-09-04,2026-09-08,2026-09-09,2026-09-10,2026-09-11,2026-09-14,2026-09-15,2026-09-16,2026-09-17,2026-09-18,2026-09-21,2026-09-22,2026-09-23,2026-09-24,2026-09-25,2026-09-28,2026-09-29,2026-09-30,2026-10-01,2026-10-02,2026-10-05,2026-10-06,2026-10-07,2026-10-08,2026-10-09,2026-10-12,2026-10-13,2026-10-14,2026-10-15,2026-10-16,2026-10-19,2026-10-20,2026-10-21,2026-10-22,2026-10-23,2026-10-26,2026-10-27,2026-10-28,2026-10-29,2026-10-30,2026-11-02,2026-11-03,2026-11-04,2026-11-05,2026-11-06,2026-11-09,2026-11-10,2026-11-11,2026-11-12,2026-11-13,2026-11-16,2026-11-17,2026-11-18,2026-11-19,2026-11-20,2026-11-23,2026-11-24,2026-11-25,2026-11-27,2026-11-30,2026-12-01,2026-12-02,2026-12-03,2026-12-04,2026-12-07,2026-12-08,2026-12-09,2026-12-10,2026-12-11,2026-12-14,2026-12-15,2026-12-16,2026-12-17,2026-12-18,2026-12-21,2026-12-22,2026-12-23,2026-12-24,2026-12-28,2026-12-29,2026-12-30,2026-12-31,2027-01-04,2027-01-05,2027-01-06,2027-01-07,2027-01-08,2027-01-11,2027-01-12,2027-01-13,2027-01-14,2027-01-15,2027-01-19,2027-01-20,2027-01-21,2027-01-22,2027-01-25,2027-01-26,2027-01-27,2027-01-28,2027-01-29,2027-02-01,2027-02-02,2027-02-03,2027-02-04,2027-02-05,2027-02-08,2027-02-09,2027-02-10,2027-02-11,2027-02-12,2027-02-16,2027-02-17,2027-02-18,2027-02-19,2027-02-22,2027-02-23,2027-02-24,2027-02-25,2027-02-26,2027-03-01,2027-03-02,2027-03-03,2027-03-04,2027-03-05,2027-03-08,2027-03-09,2027-03-10,2027-03-11,2027-03-12,2027-03-15,2027-03-16,2027-03-17,2027-03-18,2027-03-19,2027-03-22,2027-03-23,2027-03-24,2027-03-25,2027-03-26,2027-03-29,2027-03-30,2027-03-31,2027-04-01,2027-04-02,2027-04-05,2027-04-06,2027-04-07,2027-04-08,2027-04-09,2027-04-12,2027-04-13,2027-04-14,2027-04-15,2027-04-16,2027-04-19,2027-04-20,2027-04-21,2027-04-22,2027-04-23,2027-04-26,2027-04-27,2027-04-28,2027-04-29,2027-04-30,2027-05-03,2027-05-04,2027-05-05,2027-05-06,2027-05-07,2027-05-10,2027-05-11,2027-05-12,2027-05-13,2027-05-14,2027-05-17,2027-05-18,2027-05-19,2027-05-20,2027-05-21,2027-05-24,2027-05-25,2027-05-26,2027-05-27,2027-05-28,2027-06-01,2027-06-02,2027-06-03,2027-06-04,2027-06-07,2027-06-08,2027-06-09,2027-06-10,2027-06-11,2027-06-14,2027-06-15,2027-06-16,2027-06-17,2027-06-18,2027-06-21,2027-06-22,2027-06-23,2027-06-24,2027-06-25,2027-06-28,2027-06-29,2027-06-30,2027-07-01,2027-07-02,2027-07-06,2027-07-07,2027-07-08,2027-07-09,2027-07-12",,2026-07-13,2026-08-19,,hlgtfs.zip,hartford_gtfs_effective_2026-07-11_updated_2026-08-19.zip,0,To Southbound to New Haven Union Station; GTFS; gtfs_trip_id=17020; gtfs_service_id=2; source_origin=Hartford; source_destination=New Haven Union Station
CTrail,Hartford Line,Hartford Line,CTrail 4461,To Southbound to New Haven Union Station,WFD,Wallingford,4,16:38,16:38,2026-07-13,2027-07-12,"2026-07-13,2026-07-14,2026-07-15,2026-07-16,2026-07-17,2026-07-20,2026-07-21,2026-07-22,2026-07-23,2026-07-24,2026-07-27,2026-07-28,2026-07-29,2026-07-30,2026-07-31,2026-08-03,2026-08-04,2026-08-05,2026-08-06,2026-08-07,2026-08-10,2026-08-11,2026-08-12,2026-08-13,2026-08-14,2026-08-17,2026-08-18,2026-08-19,2026-08-20,2026-08-21,2026-08-24,2026-08-25,2026-08-26,2026-08-27,2026-08-28,2026-08-31,2026-09-01,2026-09-02,2026-09-03,2026-09-04,2026-09-08,2026-09-09,2026-09-10,2026-09-11,2026-09-14,2026-09-15,2026-09-16,2026-09-17,2026-09-18,2026-09-21,2026-09-22,2026-09-23,2026-09-24,2026-09-25,2026-09-28,2026-09-29,2026-09-30,2026-10-01,2026-10-02,2026-10-05,2026-10-06,2026-10-07,2026-10-08,2026-10-09,2026-10-12,2026-10-13,2026-10-14,2026-10-15,2026-10-16,2026-10-19,2026-10-20,2026-10-21,2026-10-22,2026-10-23,2026-10-26,2026-10-27,2026-10-28,2026-10-29,2026-10-30,2026-11-02,2026-11-03,2026-11-04,2026-11-05,2026-11-06,2026-11-09,2026-11-10,2026-11-11,2026-11-12,2026-11-13,2026-11-16,2026-11-17,2026-11-18,2026-11-19,2026-11-20,2026-11-23,2026-11-24,2026-11-25,2026-11-27,2026-11-30,2026-12-01,2026-12-02,2026-12-03,2026-12-04,2026-12-07,2026-12-08,2026-12-09,2026-12-10,2026-12-11,2026-12-14,2026-12-15,2026-12-16,2026-12-17,2026-12-18,2026-12-21,2026-12-22,2026-12-23,2026-12-24,2026-12-28,2026-12-29,2026-12-30,2026-12-31,2027-01-04,2027-01-05,2027-01-06,2027-01-07,2027-01-08,2027-01-11,2027-01-12,2027-01-13,2027-01-14,2027-01-15,2027-01-19,2027-01-20,2027-01-21,2027-01-22,2027-01-25,2027-01-26,2027-01-27,2027-01-28,2027-01-29,2027-02-01,2027-02-02,2027-02-03,2027-02-04,2027-02-05,2027-02-08,2027-02-09,2027-02-10,2027-02-11,2027-02-12,2027-02-16,2027-02-17,2027-02-18,2027-02-19,2027-02-22,2027-02-23,2027-02-24,2027-02-25,2027-02-26,2027-03-01,2027-03-02,2027-03-03,2027-03-04,2027-03-05,2027-03-08,2027-03-09,2027-03-10,2027-03-11,2027-03-12,2027-03-15,2027-03-16,2027-03-17,2027-03-18,2027-03-19,2027-03-22,2027-03-23,2027-03-24,2027-03-25,2027-03-26,2027-03-29,2027-03-30,2027-03-31,2027-04-01,2027-04-02,2027-04-05,2027-04-06,2027-04-07,2027-04-08,2027-04-09,2027-04-12,2027-04-13,2027-04-14,2027-04-15,2027-04-16,2027-04-19,2027-04-20,2027-04-21,2027-04-22,2027-04-23,2027-04-26,2027-04-27,2027-04-28,2027-04-29,2027-04-30,2027-05-03,2027-05-04,2027-05-05,2027-05-06,2027-05-07,2027-05-10,2027-05-11,2027-05-12,2027-05-13,2027-05-14,2027-05-17,2027-05-18,2027-05-19,2027-05-20,2027-05-21,2027-05-24,2027-05-25,2027-05-26,2027-05-27,2027-05-28,2027-06-01,2027-06-02,2027-06-03,2027-06-04,2027-06-07,2027-06-08,2027-06-09,2027-06-10,2027-06-11,2027-06-14,2027-06-15,2027-06-16,2027-06-17,2027-06-18,2027-06-21,2027-06-22,2027-06-23,2027-06-24,2027-06-25,2027-06-28,2027-06-29,2027-06-30,2027-07-01,2027-07-02,2027-07-06,2027-07-07,2027-07-08,2027-07-09,2027-07-12",,2026-07-13,2026-08-19,,hlgtfs.zip,hartford_gtfs_effective_2026-07-11_updated_2026-08-19.zip,0,To Southbound to New Haven Union Station; GTFS; gtfs_trip_id=17020; gtfs_service_id=2; source_origin=Hartford; source_destination=New Haven Union Station
CTrail,Hartford Line,Hartford Line,CTrail 4461,To Southbound to New Haven Union Station,STS,New Haven State Street,5,16:54,16:54,2026-07-13,2027-07-12,"2026-07-13,2026-07-14,2026-07-15,2026-07-16,2026-07-17,2026-07-20,2026-07-21,2026-07-22,2026-07-23,2026-07-24,2026-07-27,2026-07-28,2026-07-29,2026-07-30,2026-07-31,2026-08-03,2026-08-04,2026-08-05,2026-08-06,2026-08-07,2026-08-10,2026-08-11,2026-08-12,2026-08-13,2026-08-14,2026-08-17,2026-08-18,2026-08-19,2026-08-20,2026-08-21,2026-08-24,2026-08-25,2026-08-26,2026-08-27,2026-08-28,2026-08-31,2026-09-01,2026-09-02,2026-09-03,2026-09-04,2026-09-08,2026-09-09,2026-09-10,2026-09-11,2026-09-14,2026-09-15,2026-09-16,2026-09-17,2026-09-18,2026-09-21,2026-09-22,2026-09-23,2026-09-24,2026-09-25,2026-09-28,2026-09-29,2026-09-30,2026-10-01,2026-10-02,2026-10-05,2026-10-06,2026-10-07,2026-10-08,2026-10-09,2026-10-12,2026-10-13,2026-10-14,2026-10-15,2026-10-16,2026-10-19,2026-10-20,2026-10-21,2026-10-22,2026-10-23,2026-10-26,2026-10-27,2026-10-28,2026-10-29,2026-10-30,2026-11-02,2026-11-03,2026-11-04,2026-11-05,2026-11-06,2026-11-09,2026-11-10,2026-11-11,2026-11-12,2026-11-13,2026-11-16,2026-11-17,2026-11-18,2026-11-19,2026-11-20,2026-11-23,2026-11-24,2026-11-25,2026-11-27,2026-11-30,2026-12-01,2026-12-02,2026-12-03,2026-12-04,2026-12-07,2026-12-08,2026-12-09,2026-12-10,2026-12-11,2026-12-14,2026-12-15,2026-12-16,2026-12-17,2026-12-18,2026-12-21,2026-12-22,2026-12-23,2026-12-24,2026-12-28,2026-12-29,2026-12-30,2026-12-31,2027-01-04,2027-01-05,2027-01-06,2027-01-07,2027-01-08,2027-01-11,2027-01-12,2027-01-13,2027-01-14,2027-01-15,2027-01-19,2027-01-20,2027-01-21,2027-01-22,2027-01-25,2027-01-26,2027-01-27,2027-01-28,2027-01-29,2027-02-01,2027-02-02,2027-02-03,2027-02-04,2027-02-05,2027-02-08,2027-02-09,2027-02-10,2027-02-11,2027-02-12,2027-02-16,2027-02-17,2027-02-18,2027-02-19,2027-02-22,2027-02-23,2027-02-24,2027-02-25,2027-02-26,2027-03-01,2027-03-02,2027-03-03,2027-03-04,2027-03-05,2027-03-08,2027-03-09,2027-03-10,2027-03-11,2027-03-12,2027-03-15,2027-03-16,2027-03-17,2027-03-18,2027-03-19,2027-03-22,2027-03-23,2027-03-24,2027-03-25,2027-03-26,2027-03-29,2027-03-30,2027-03-31,2027-04-01,2027-04-02,2027-04-05,2027-04-06,2027-04-07,2027-04-08,2027-04-09,2027-04-12,2027-04-13,2027-04-14,2027-04-15,2027-04-16,2027-04-19,2027-04-20,2027-04-21,2027-04-22,2027-04-23,2027-04-26,2027-04-27,2027-04-28,2027-04-29,2027-04-30,2027-05-03,2027-05-04,2027-05-05,2027-05-06,2027-05-07,2027-05-10,2027-05-11,2027-05-12,2027-05-13,2027-05-14,2027-05-17,2027-05-18,2027-05-19,2027-05-20,2027-05-21,2027-05-24,2027-05-25,2027-05-26,2027-05-27,2027-05-28,2027-06-01,2027-06-02,2027-06-03,2027-06-04,2027-06-07,2027-06-08,2027-06-09,2027-06-10,2027-06-11,2027-06-14,2027-06-15,2027-06-16,2027-06-17,2027-06-18,2027-06-21,2027-06-22,2027-06-23,2027-06-24,2027-06-25,2027-06-28,2027-06-29,2027-06-30,2027-07-01,2027-07-02,2027-07-06,2027-07-07,2027-07-08,2027-07-09,2027-07-12",,2026-07-13,2026-08-19,,hlgtfs.zip,hartford_gtfs_effective_2026-07-11_updated_2026-08-19.zip,0,To Southbound to New Haven Union Station; GTFS; gtfs_trip_id=17020; gtfs_service_id=2; source_origin=Hartford; source_destination=New Haven Union Station
CTrail,Hartford Line,Hartford Line,CTrail 4461,To Southbound to New Haven Union Station,NHV,New Haven Union Station,6,17:00,17:00,2026-07-13,2027-07-12,"2026-07-13,2026-07-14,2026-07-15,2026-07-16,2026-07-17,2026-07-20,2026-07-21,2026-07-22,2026-07-23,2026-07-24,2026-07-27,2026-07-28,2026-07-29,2026-07-30,2026-07-31,2026-08-03,2026-08-04,2026-08-05,2026-08-06,2026-08-07,2026-08-10,2026-08-11,2026-08-12,2026-08-13,2026-08-14,2026-08-17,2026-08-18,2026-08-19,2026-08-20,2026-08-21,2026-08-24,2026-08-25,2026-08-26,2026-08-27,2026-08-28,2026-08-31,2026-09-01,2026-09-02,2026-09-03,2026-09-04,2026-09-08,2026-09-09,2026-09-10,2026-09-11,2026-09-14,2026-09-15,2026-09-16,2026-09-17,2026-09-18,2026-09-21,2026-09-22,2026-09-23,2026-09-24,2026-09-25,2026-09-28,2026-09-29,2026-09-30,2026-10-01,2026-10-02,2026-10-05,2026-10-06,2026-10-07,2026-10-08,2026-10-09,2026-10-12,2026-10-13,2026-10-14,2026-10-15,2026-10-16,2026-10-19,2026-10-20,2026-10-21,2026-10-22,2026-10-23,2026-10-26,2026-10-27,2026-10-28,2026-10-29,2026-10-30,2026-11-02,2026-11-03,2026-11-04,2026-11-05,2026-11-06,2026-11-09,2026-11-10,2026-11-11,2026-11-12,2026-11-13,2026-11-16,2026-11-17,2026-11-18,2026-11-19,2026-11-20,2026-11-23,2026-11-24,2026-11-25,2026-11-27,2026-11-30,2026-12-01,2026-12-02,2026-12-03,2026-12-04,2026-12-07,2026-12-08,2026-12-09,2026-12-10,2026-12-11,2026-12-14,2026-12-15,2026-12-16,2026-12-17,2026-12-18,2026-12-21,2026-12-22,2026-12-23,2026-12-24,2026-12-28,2026-12-29,2026-12-30,2026-12-31,2027-01-04,2027-01-05,2027-01-06,2027-01-07,2027-01-08,2027-01-11,2027-01-12,2027-01-13,2027-01-14,2027-01-15,2027-01-19,2027-01-20,2027-01-21,2027-01-22,2027-01-25,2027-01-26,2027-01-27,2027-01-28,2027-01-29,2027-02-01,2027-02-02,2027-02-03,2027-02-04,2027-02-05,2027-02-08,2027-02-09,2027-02-10,2027-02-11,2027-02-12,2027-02-16,2027-02-17,2027-02-18,2027-02-19,2027-02-22,2027-02-23,2027-02-24,2027-02-25,2027-02-26,2027-03-01,2027-03-02,2027-03-03,2027-03-04,2027-03-05,2027-03-08,2027-03-09,2027-03-10,2027-03-11,2027-03-12,2027-03-15,2027-03-16,2027-03-17,2027-03-18,2027-03-19,2027-03-22,2027-03-23,2027-03-24,2027-03-25,2027-03-26,2027-03-29,2027-03-30,2027-03-31,2027-04-01,2027-04-02,2027-04-05,2027-04-06,2027-04-07,2027-04-08,2027-04-09,2027-04-12,2027-04-13,2027-04-14,2027-04-15,2027-04-16,2027-04-19,2027-04-20,2027-04-21,2027-04-22,2027-04-23,2027-04-26,2027-04-27,2027-04-28,2027-04-29,2027-04-30,2027-05-03,2027-05-04,2027-05-05,2027-05-06,2027-05-07,2027-05-10,2027-05-11,2027-05-12,2027-05-13,2027-05-14,2027-05-17,2027-05-18,2027-05-19,2027-05-20,2027-05-21,2027-05-24,2027-05-25,2027-05-26,2027-05-27,2027-05-28,2027-06-01,2027-06-02,2027-06-03,2027-06-04,2027-06-07,2027-06-08,2027-06-09,2027-06-10,2027-06-11,2027-06-14,2027-06-15,2027-06-16,2027-06-17,2027-06-18,2027-06-21,2027-06-22,2027-06-23,2027-06-24,2027-06-25,2027-06-28,2027-06-29,2027-06-30,2027-07-01,2027-07-02,2027-07-06,2027-07-07,2027-07-08,2027-07-09,2027-07-12",,2026-07-13,2026-08-19,,hlgtfs.zip,hartford_gtfs_effective_2026-07-11_updated_2026-08-19.zip,0,To Southbound to New Haven Union Station; GTFS; gtfs_trip_id=17020; gtfs_service_id=2; source_origin=Hartford; source_destination=New Haven Union Station
CTrail,Hartford Line,Hartford Line,CTrail 4462,To Northbound to Hartford,NHV,New Haven Union Station,1,16:47,16:47,2026-07-13,2027-07-12,"2026-07-13,2026-07-14,2026-07-15,2026-07-16,2026-07-17,2026-07-20,2026-07-21,2026-07-22,2026-07-23,2026-07-24,2026-07-27,2026-07-28,2026-07-29,2026-07-30,2026-07-31,2026-08-03,2026-08-04,2026-08-05,2026-08-06,2026-08-07,2026-08-10,2026-08-11,2026-08-12,2026-08-13,2026-08-14,2026-08-17,2026-08-18,2026-08-19,2026-08-20,2026-08-21,2026-08-24,2026-08-25,2026-08-26,2026-08-27,2026-08-28,2026-08-31,2026-09-01,2026-09-02,2026-09-03,2026-09-04,2026-09-08,2026-09-09,2026-09-10,2026-09-11,2026-09-14,2026-09-15,2026-09-16,2026-09-17,2026-09-18,2026-09-21,2026-09-22,2026-09-23,2026-09-24,2026-09-25,2026-09-28,2026-09-29,2026-09-30,2026-10-01,2026-10-02,2026-10-05,2026-10-06,2026-10-07,2026-10-08,2026-10-09,2026-10-12,2026-10-13,2026-10-14,2026-10-15,2026-10-16,2026-10-19,2026-10-20,2026-10-21,2026-10-22,2026-10-23,2026-10-26,2026-10-27,2026-10-28,2026-10-29,2026-10-30,2026-11-02,2026-11-03,2026-11-04,2026-11-05,2026-11-06,2026-11-09,2026-11-10,2026-11-11,2026-11-12,2026-11-13,2026-11-16,2026-11-17,2026-11-18,2026-11-19,2026-11-20,2026-11-23,2026-11-24,2026-11-25,2026-11-27,2026-11-30,2026-12-01,2026-12-02,2026-12-03,2026-12-04,2026-12-07,2026-12-08,2026-12-09,2026-12-10,2026-12-11,2026-12-14,2026-12-15,2026-12-16,2026-12-17,2026-12-18,2026-12-21,2026-12-22,2026-12-23,2026-12-24,2026-12-28,2026-12-29,2026-12-30,2026-12-31,2027-01-04,2027-01-05,2027-01-06,2027-01-07,2027-01-08,2027-01-11,2027-01-12,2027-01-13,2027-01-14,2027-01-15,2027-01-19,2027-01-20,2027-01-21,2027-01-22,2027-01-25,2027-01-26,2027-01-27,2027-01-28,2027-01-29,2027-02-01,2027-02-02,2027-02-03,2027-02-04,2027-02-05,2027-02-08,2027-02-09,2027-02-10,2027-02-11,2027-02-12,2027-02-16,2027-02-17,2027-02-18,2027-02-19,2027-02-22,2027-02-23,2027-02-24,2027-02-25,2027-02-26,2027-03-01,2027-03-02,2027-03-03,2027-03-04,2027-03-05,2027-03-08,2027-03-09,2027-03-10,2027-03-11,2027-03-12,2027-03-15,2027-03-16,2027-03-17,2027-03-18,2027-03-19,2027-03-22,2027-03-23,2027-03-24,2027-03-25,2027-03-26,2027-03-29,2027-03-30,2027-03-31,2027-04-01,2027-04-02,2027-04-05,2027-04-06,2027-04-07,2027-04-08,2027-04-09,2027-04-12,2027-04-13,2027-04-14,2027-04-15,2027-04-16,2027-04-19,2027-04-20,2027-04-21,2027-04-22,2027-04-23,2027-04-26,2027-04-27,2027-04-28,2027-04-29,2027-04-30,2027-05-03,2027-05-04,2027-05-05,2027-05-06,2027-05-07,2027-05-10,2027-05-11,2027-05-12,2027-05-13,2027-05-14,2027-05-17,2027-05-18,2027-05-19,2027-05-20,2027-05-21,2027-05-24,2027-05-25,2027-05-26,2027-05-27,2027-05-28,2027-06-01,2027-06-02,2027-06-03,2027-06-04,2027-06-07,2027-06-08,2027-06-09,2027-06-10,2027-06-11,2027-06-14,2027-06-15,2027-06-16,2027-06-17,2027-06-18,2027-06-21,2027-06-22,2027-06-23,2027-06-24,2027-06-25,2027-06-28,2027-06-29,2027-06-30,2027-07-01,2027-07-02,2027-07-06,2027-07-07,2027-07-08,2027-07-09,2027-07-12",,2026-07-13,2026-08-19,,hlgtfs.zip,hartford_gtfs_effective_2026-07-11_updated_2026-08-19.zip,0,To Northbound to Hartford; GTFS; gtfs_trip_id=12020; gtfs_service_id=2; source_origin=New Haven Union Station; source_destination=Hartford
CTrail,Hartford Line,Hartford Line,CTrail 4462,To Northbound to Hartford,STS,New Haven State Street,2,16:50,16:50,2026-07-13,2027-07-12,"2026-07-13,2026-07-14,2026-07-15,2026-07-16,2026-07-17,2026-07-20,2026-07-21,2026-07-22,2026-07-23,2026-07-24,2026-07-27,2026-07-28,2026-07-29,2026-07-30,2026-07-31,2026-08-03,2026-08-04,2026-08-05,2026-08-06,2026-08-07,2026-08-10,2026-08-11,2026-08-12,2026-08-13,2026-08-14,2026-08-17,2026-08-18,2026-08-19,2026-08-20,2026-08-21,2026-08-24,2026-08-25,2026-08-26,2026-08-27,2026-08-28,2026-08-31,2026-09-01,2026-09-02,2026-09-03,2026-09-04,2026-09-08,2026-09-09,2026-09-10,2026-09-11,2026-09-14,2026-09-15,2026-09-16,2026-09-17,2026-09-18,2026-09-21,2026-09-22,2026-09-23,2026-09-24,2026-09-25,2026-09-28,2026-09-29,2026-09-30,2026-10-01,2026-10-02,2026-10-05,2026-10-06,2026-10-07,2026-10-08,2026-10-09,2026-10-12,2026-10-13,2026-10-14,2026-10-15,2026-10-16,2026-10-19,2026-10-20,2026-10-21,2026-10-22,2026-10-23,2026-10-26,2026-10-27,2026-10-28,2026-10-29,2026-10-30,2026-11-02,2026-11-03,2026-11-04,2026-11-05,2026-11-06,2026-11-09,2026-11-10,2026-11-11,2026-11-12,2026-11-13,2026-11-16,2026-11-17,2026-11-18,2026-11-19,2026-11-20,2026-11-23,2026-11-24,2026-11-25,2026-11-27,2026-11-30,2026-12-01,2026-12-02,2026-12-03,2026-12-04,2026-12-07,2026-12-08,2026-12-09,2026-12-10,2026-12-11,2026-12-14,2026-12-15,2026-12-16,2026-12-17,2026-12-18,2026-12-21,2026-12-22,2026-12-23,2026-12-24,2026-12-28,2026-12-29,2026-12-30,2026-12-31,2027-01-04,2027-01-05,2027-01-06,2027-01-07,2027-01-08,2027-01-11,2027-01-12,2027-01-13,2027-01-14,2027-01-15,2027-01-19,2027-01-20,2027-01-21,2027-01-22,2027-01-25,2027-01-26,2027-01-27,2027-01-28,2027-01-29,2027-02-01,2027-02-02,2027-02-03,2027-02-04,2027-02-05,2027-02-08,2027-02-09,2027-02-10,2027-02-11,2027-02-12,2027-02-16,2027-02-17,2027-02-18,2027-02-19,2027-02-22,2027-02-23,2027-02-24,2027-02-25,2027-02-26,2027-03-01,2027-03-02,2027-03-03,2027-03-04,2027-03-05,2027-03-08,2027-03-09,2027-03-10,2027-03-11,2027-03-12,2027-03-15,2027-03-16,2027-03-17,2027-03-18,2027-03-19,2027-03-22,2027-03-23,2027-03-24,2027-03-25,2027-03-26,2027-03-29,2027-03-30,2027-03-31,2027-04-01,2027-04-02,2027-04-05,2027-04-06,2027-04-07,2027-04-08,2027-04-09,2027-04-12,2027-04-13,2027-04-14,2027-04-15,2027-04-16,2027-04-19,2027-04-20,2027-04-21,2027-04-22,2027-04-23,2027-04-26,2027-04-27,2027-04-28,2027-04-29,2027-04-30,2027-05-03,2027-05-04,2027-05-05,2027-05-06,2027-05-07,2027-05-10,2027-05-11,2027-05-12,2027-05-13,2027-05-14,2027-05-17,2027-05-18,2027-05-19,2027-05-20,2027-05-21,2027-05-24,2027-05-25,2027-05-26,2027-05-27,2027-05-28,2027-06-01,2027-06-02,2027-06-03,2027-06-04,2027-06-07,2027-06-08,2027-06-09,2027-06-10,2027-06-11,2027-06-14,2027-06-15,2027-06-16,2027-06-17,2027-06-18,2027-06-21,2027-06-22,2027-06-23,2027-06-24,2027-06-25,2027-06-28,2027-06-29,2027-06-30,2027-07-01,2027-07-02,2027-07-06,2027-07-07,2027-07-08,2027-07-09,2027-07-12",,2026-07-13,2026-08-19,,hlgtfs.zip,hartford_gtfs_effective_2026-07-11_updated_2026-08-19.zip,0,To Northbound to Hartford; GTFS; gtfs_trip_id=12020; gtfs_service_id=2; source_origin=New Haven Union Station; source_destination=Hartford
CTrail,Hartford Line,Hartford Line,CTrail 4462,To Northbound to Hartford,WFD,Wallingford,3,17:05,17:05,2026-07-13,2027-07-12,"2026-07-13,2026-07-14,2026-07-15,2026-07-16,2026-07-17,2026-07-20,2026-07-21,2026-07-22,2026-07-23,2026-07-24,2026-07-27,2026-07-28,2026-07-29,2026-07-30,2026-07-31,2026-08-03,2026-08-04,2026-08-05,2026-08-06,2026-08-07,2026-08-10,2026-08-11,2026-08-12,2026-08-13,2026-08-14,2026-08-17,2026-08-18,2026-08-19,2026-08-20,2026-08-21,2026-08-24,2026-08-25,2026-08-26,2026-08-27,2026-08-28,2026-08-31,2026-09-01,2026-09-02,2026-09-03,2026-09-04,2026-09-08,2026-09-09,2026-09-10,2026-09-11,2026-09-14,2026-09-15,2026-09-16,2026-09-17,2026-09-18,2026-09-21,2026-09-22,2026-09-23,2026-09-24,2026-09-25,2026-09-28,2026-09-29,2026-09-30,2026-10-01,2026-10-02,2026-10-05,2026-10-06,2026-10-07,2026-10-08,2026-10-09,2026-10-12,2026-10-13,2026-10-14,2026-10-15,2026-10-16,2026-10-19,2026-10-20,2026-10-21,2026-10-22,2026-10-23,2026-10-26,2026-10-27,2026-10-28,2026-10-29,2026-10-30,2026-11-02,2026-11-03,2026-11-04,2026-11-05,2026-11-06,2026-11-09,2026-11-10,2026-11-11,2026-11-12,2026-11-13,2026-11-16,2026-11-17,2026-11-18,2026-11-19,2026-11-20,2026-11-23,2026-11-24,2026-11-25,2026-11-27,2026-11-30,2026-12-01,2026-12-02,2026-12-03,2026-12-04,2026-12-07,2026-12-08,2026-12-09,2026-12-10,2026-12-11,2026-12-14,2026-12-15,2026-12-16,2026-12-17,2026-12-18,2026-12-21,2026-12-22,2026-12-23,2026-12-24,2026-12-28,2026-12-29,2026-12-30,2026-12-31,2027-01-04,2027-01-05,2027-01-06,2027-01-07,2027-01-08,2027-01-11,2027-01-12,2027-01-13,2027-01-14,2027-01-15,2027-01-19,2027-01-20,2027-01-21,2027-01-22,2027-01-25,2027-01-26,2027-01-27,2027-01-28,2027-01-29,2027-02-01,2027-02-02,2027-02-03,2027-02-04,2027-02-05,2027-02-08,2027-02-09,2027-02-10,2027-02-11,2027-02-12,2027-02-16,2027-02-17,2027-02-18,2027-02-19,2027-02-22,2027-02-23,2027-02-24,2027-02-25,2027-02-26,2027-03-01,2027-03-02,2027-03-03,2027-03-04,2027-03-05,2027-03-08,2027-03-09,2027-03-10,2027-03-11,2027-03-12,2027-03-15,2027-03-16,2027-03-17,2027-03-18,2027-03-19,2027-03-22,2027-03-23,2027-03-24,2027-03-25,2027-03-26,2027-03-29,2027-03-30,2027-03-31,2027-04-01,2027-04-02,2027-04-05,2027-04-06,2027-04-07,2027-04-08,2027-04-09,2027-04-12,2027-04-13,2027-04-14,2027-04-15,2027-04-16,2027-04-19,2027-04-20,2027-04-21,2027-04-22,2027-04-23,2027-04-26,2027-04-27,2027-04-28,2027-04-29,2027-04-30,2027-05-03,2027-05-04,2027-05-05,2027-05-06,2027-05-07,2027-05-10,2027-05-11,2027-05-12,2027-05-13,2027-05-14,2027-05-17,2027-05-18,2027-05-19,2027-05-20,2027-05-21,2027-05-24,2027-05-25,2027-05-26,2027-05-27,2027-05-28,2027-06-01,2027-06-02,2027-06-03,2027-06-04,2027-06-07,2027-06-08,2027-06-09,2027-06-10,2027-06-11,2027-06-14,2027-06-15,2027-06-16,2027-06-17,2027-06-18,2027-06-21,2027-06-22,2027-06-23,2027-06-24,2027-06-25,2027-06-28,2027-06-29,2027-06-30,2027-07-01,2027-07-02,2027-07-06,2027-07-07,2027-07-08,2027-07-09,2027-07-12",,2026-07-13,2026-08-19,,hlgtfs.zip,hartford_gtfs_effective_2026-07-11_updated_2026-08-19.zip,0,To Northbound to Hartford; GTFS; gtfs_trip_id=12020; gtfs_service_id=2; source_origin=New Haven Union Station; source_destination=Hartford
CTrail,Hartford Line,Hartford Line,CTrail 4462,To Northbound to Hartford,MDN,Meriden,4,17:14,17:14,2026-07-13,2027-07-12,"2026-07-13,2026-07-14,2026-07-15,2026-07-16,2026-07-17,2026-07-20,2026-07-21,2026-07-22,2026-07-23,2026-07-24,2026-07-27,2026-07-28,2026-07-29,2026-07-30,2026-07-31,2026-08-03,2026-08-04,2026-08-05,2026-08-06,2026-08-07,2026-08-10,2026-08-11,2026-08-12,2026-08-13,2026-08-14,2026-08-17,2026-08-18,2026-08-19,2026-08-20,2026-08-21,2026-08-24,2026-08-25,2026-08-26,2026-08-27,2026-08-28,2026-08-31,2026-09-01,2026-09-02,2026-09-03,2026-09-04,2026-09-08,2026-09-09,2026-09-10,2026-09-11,2026-09-14,2026-09-15,2026-09-16,2026-09-17,2026-09-18,2026-09-21,2026-09-22,2026-09-23,2026-09-24,2026-09-25,2026-09-28,2026-09-29,2026-09-30,2026-10-01,2026-10-02,2026-10-05,2026-10-06,2026-10-07,2026-10-08,2026-10-09,2026-10-12,2026-10-13,2026-10-14,2026-10-15,2026-10-16,2026-10-19,2026-10-20,2026-10-21,2026-10-22,2026-10-23,2026-10-26,2026-10-27,2026-10-28,2026-10-29,2026-10-30,2026-11-02,2026-11-03,2026-11-04,2026-11-05,2026-11-06,2026-11-09,2026-11-10,2026-11-11,2026-11-12,2026-11-13,2026-11-16,2026-11-17,2026-11-18,2026-11-19,2026-11-20,2026-11-23,2026-11-24,2026-11-25,2026-11-27,2026-11-30,2026-12-01,2026-12-02,2026-12-03,2026-12-04,2026-12-07,2026-12-08,2026-12-09,2026-12-10,2026-12-11,2026-12-14,2026-12-15,2026-12-16,2026-12-17,2026-12-18,2026-12-21,2026-12-22,2026-12-23,2026-12-24,2026-12-28,2026-12-29,2026-12-30,2026-12-31,2027-01-04,2027-01-05,2027-01-06,2027-01-07,2027-01-08,2027-01-11,2027-01-12,2027-01-13,2027-01-14,2027-01-15,2027-01-19,2027-01-20,2027-01-21,2027-01-22,2027-01-25,2027-01-26,2027-01-27,2027-01-28,2027-01-29,2027-02-01,2027-02-02,2027-02-03,2027-02-04,2027-02-05,2027-02-08,2027-02-09,2027-02-10,2027-02-11,2027-02-12,2027-02-16,2027-02-17,2027-02-18,2027-02-19,2027-02-22,2027-02-23,2027-02-24,2027-02-25,2027-02-26,2027-03-01,2027-03-02,2027-03-03,2027-03-04,2027-03-05,2027-03-08,2027-03-09,2027-03-10,2027-03-11,2027-03-12,2027-03-15,2027-03-16,2027-03-17,2027-03-18,2027-03-19,2027-03-22,2027-03-23,2027-03-24,2027-03-25,2027-03-26,2027-03-29,2027-03-30,2027-03-31,2027-04-01,2027-04-02,2027-04-05,2027-04-06,2027-04-07,2027-04-08,2027-04-09,2027-04-12,2027-04-13,2027-04-14,2027-04-15,2027-04-16,2027-04-19,2027-04-20,2027-04-21,2027-04-22,2027-04-23,2027-04-26,2027-04-27,2027-04-28,2027-04-29,2027-04-30,2027-05-03,2027-05-04,2027-05-05,2027-05-06,2027-05-07,2027-05-10,2027-05-11,2027-05-12,2027-05-13,2027-05-14,2027-05-17,2027-05-18,2027-05-19,2027-05-20,2027-05-21,2027-05-24,2027-05-25,2027-05-26,2027-05-27,2027-05-28,2027-06-01,2027-06-02,2027-06-03,2027-06-04,2027-06-07,2027-06-08,2027-06-09,2027-06-10,2027-06-11,2027-06-14,2027-06-15,2027-06-16,2027-06-17,2027-06-18,2027-06-21,2027-06-22,2027-06-23,2027-06-24,2027-06-25,2027-06-28,2027-06-29,2027-06-30,2027-07-01,2027-07-02,2027-07-06,2027-07-07,2027-07-08,2027-07-09,2027-07-12",,2026-07-13,2026-08-19,,hlgtfs.zip,hartford_gtfs_effective_2026-07-11_updated_2026-08-19.zip,0,To Northbound to Hartford; GTFS; gtfs_trip_id=12020; gtfs_service_id=2; source_origin=New Haven Union Station; source_destination=Hartford
CTrail,Hartford Line,Hartford Line,CTrail 4462,To Northbound to Hartford,BER,Berlin,5,17:23,17:23,2026-07-13,2027-07-12,"2026-07-13,2026-07-14,2026-07-15,2026-07-16,2026-07-17,2026-07-20,2026-07-21,2026-07-22,2026-07-23,2026-07-24,2026-07-27,2026-07-28,2026-07-29,2026-07-30,2026-07-31,2026-08-03,2026-08-04,2026-08-05,2026-08-06,2026-08-07,2026-08-10,2026-08-11,2026-08-12,2026-08-13,2026-08-14,2026-08-17,2026-08-18,2026-08-19,2026-08-20,2026-08-21,2026-08-24,2026-08-25,2026-08-26,2026-08-27,2026-08-28,2026-08-31,2026-09-01,2026-09-02,2026-09-03,2026-09-04,2026-09-08,2026-09-09,2026-09-10,2026-09-11,2026-09-14,2026-09-15,2026-09-16,2026-09-17,2026-09-18,2026-09-21,2026-09-22,2026-09-23,2026-09-24,2026-09-25,2026-09-28,2026-09-29,2026-09-30,2026-10-01,2026-10-02,2026-10-05,2026-10-06,2026-10-07,2026-10-08,2026-10-09,2026-10-12,2026-10-13,2026-10-14,2026-10-15,2026-10-16,2026-10-19,2026-10-20,2026-10-21,2026-10-22,2026-10-23,2026-10-26,2026-10-27,2026-10-28,2026-10-29,2026-10-30,2026-11-02,2026-11-03,2026-11-04,2026-11-05,2026-11-06,2026-11-09,2026-11-10,2026-11-11,2026-11-12,2026-11-13,2026-11-16,2026-11-17,2026-11-18,2026-11-19,2026-11-20,2026-11-23,2026-11-24,2026-11-25,2026-11-27,2026-11-30,2026-12-01,2026-12-02,2026-12-03,2026-12-04,2026-12-07,2026-12-08,2026-12-09,2026-12-10,2026-12-11,2026-12-14,2026-12-15,2026-12-16,2026-12-17,2026-12-18,2026-12-21,2026-12-22,2026-12-23,2026-12-24,2026-12-28,2026-12-29,2026-12-30,2026-12-31,2027-01-04,2027-01-05,2027-01-06,2027-01-07,2027-01-08,2027-01-11,2027-01-12,2027-01-13,2027-01-14,2027-01-15,2027-01-19,2027-01-20,2027-01-21,2027-01-22,2027-01-25,2027-01-26,2027-01-27,2027-01-28,2027-01-29,2027-02-01,2027-02-02,2027-02-03,2027-02-04,2027-02-05,2027-02-08,2027-02-09,2027-02-10,2027-02-11,2027-02-12,2027-02-16,2027-02-17,2027-02-18,2027-02-19,2027-02-22,2027-02-23,2027-02-24,2027-02-25,2027-02-26,2027-03-01,2027-03-02,2027-03-03,2027-03-04,2027-03-05,2027-03-08,2027-03-09,2027-03-10,2027-03-11,2027-03-12,2027-03-15,2027-03-16,2027-03-17,2027-03-18,2027-03-19,2027-03-22,2027-03-23,2027-03-24,2027-03-25,2027-03-26,2027-03-29,2027-03-30,2027-03-31,2027-04-01,2027-04-02,2027-04-05,2027-04-06,2027-04-07,2027-04-08,2027-04-09,2027-04-12,2027-04-13,2027-04-14,2027-04-15,2027-04-16,2027-04-19,2027-04-20,2027-04-21,2027-04-22,2027-04-23,2027-04-26,2027-04-27,2027-04-28,2027-04-29,2027-04-30,2027-05-03,2027-05-04,2027-05-05,2027-05-06,2027-05-07,2027-05-10,2027-05-11,2027-05-12,2027-05-13,2027-05-14,2027-05-17,2027-05-18,2027-05-19,2027-05-20,2027-05-21,2027-05-24,2027-05-25,2027-05-26,2027-05-27,2027-05-28,2027-06-01,2027-06-02,2027-06-03,2027-06-04,2027-06-07,2027-06-08,2027-06-09,2027-06-10,2027-06-11,2027-06-14,2027-06-15,2027-06-16,2027-06-17,2027-06-18,2027-06-21,2027-06-22,2027-06-23,2027-06-24,2027-06-25,2027-06-28,2027-06-29,2027-06-30,2027-07-01,2027-07-02,2027-07-06,2027-07-07,2027-07-08,2027-07-09,2027-07-12",,2026-07-13,2026-08-19,,hlgtfs.zip,hartford_gtfs_effective_2026-07-11_updated_2026-08-19.zip,0,To Northbound to Hartford; GTFS; gtfs_trip_id=12020; gtfs_service_id=2; source_origin=New Haven Union Station; source_destination=Hartford
CTrail,Hartford Line,Hartford Line,CTrail 4462,To Northbound to Hartford,HFD,Hartford,6,17:39,17:39,2026-07-13,2027-07-12,"2026-07-13,2026-07-14,2026-07-15,2026-07-16,2026-07-17,2026-07-20,2026-07-21,2026-07-22,2026-07-23,2026-07-24,2026-07-27,2026-07-28,2026-07-29,2026-07-30,2026-07-31,2026-08-03,2026-08-04,2026-08-05,2026-08-06,2026-08-07,2026-08-10,2026-08-11,2026-08-12,2026-08-13,2026-08-14,2026-08-17,2026-08-18,2026-08-19,2026-08-20,2026-08-21,2026-08-24,2026-08-25,2026-08-26,2026-08-27,2026-08-28,2026-08-31,2026-09-01,2026-09-02,2026-09-03,2026-09-04,2026-09-08,2026-09-09,2026-09-10,2026-09-11,2026-09-14,2026-09-15,2026-09-16,2026-09-17,2026-09-18,2026-09-21,2026-09-22,2026-09-23,2026-09-24,2026-09-25,2026-09-28,2026-09-29,2026-09-30,2026-10-01,2026-10-02,2026-10-05,2026-10-06,2026-10-07,2026-10-08,2026-10-09,2026-10-12,2026-10-13,2026-10-14,2026-10-15,2026-10-16,2026-10-19,2026-10-20,2026-10-21,2026-10-22,2026-10-23,2026-10-26,2026-10-27,2026-10-28,2026-10-29,2026-10-30,2026-11-02,2026-11-03,2026-11-04,2026-11-05,2026-11-06,2026-11-09,2026-11-10,2026-11-11,2026-11-12,2026-11-13,2026-11-16,2026-11-17,2026-11-18,2026-11-19,2026-11-20,2026-11-23,2026-11-24,2026-11-25,2026-11-27,2026-11-30,2026-12-01,2026-12-02,2026-12-03,2026-12-04,2026-12-07,2026-12-08,2026-12-09,2026-12-10,2026-12-11,2026-12-14,2026-12-15,2026-12-16,2026-12-17,2026-12-18,2026-12-21,2026-12-22,2026-12-23,2026-12-24,2026-12-28,2026-12-29,2026-12-30,2026-12-31,2027-01-04,2027-01-05,2027-01-06,2027-01-07,2027-01-08,2027-01-11,2027-01-12,2027-01-13,2027-01-14,2027-01-15,2027-01-19,2027-01-20,2027-01-21,2027-01-22,2027-01-25,2027-01-26,2027-01-27,2027-01-28,2027-01-29,2027-02-01,2027-02-02,2027-02-03,2027-02-04,2027-02-05,2027-02-08,2027-02-09,2027-02-10,2027-02-11,2027-02-12,2027-02-16,2027-02-17,2027-02-18,2027-02-19,2027-02-22,2027-02-23,2027-02-24,2027-02-25,2027-02-26,2027-03-01,2027-03-02,2027-03-03,2027-03-04,2027-03-05,2027-03-08,2027-03-09,2027-03-10,2027-03-11,2027-03-12,2027-03-15,2027-03-16,2027-03-17,2027-03-18,2027-03-19,2027-03-22,2027-03-23,2027-03-24,2027-03-25,2027-03-26,2027-03-29,2027-03-30,2027-03-31,2027-04-01,2027-04-02,2027-04-05,2027-04-06,2027-04-07,2027-04-08,2027-04-09,2027-04-12,2027-04-13,2027-04-14,2027-04-15,2027-04-16,2027-04-19,2027-04-20,2027-04-21,2027-04-22,2027-04-23,2027-04-26,2027-04-27,2027-04-28,2027-04-29,2027-04-30,2027-05-03,2027-05-04,2027-05-05,2027-05-06,2027-05-07,2027-05-10,2027-05-11,2027-05-12,2027-05-13,2027-05-14,2027-05-17,2027-05-18,2027-05-19,2027-05-20,2027-05-21,2027-05-24,2027-05-25,2027-05-26,2027-05-27,2027-05-28,2027-06-01,2027-06-02,2027-06-03,2027-06-04,2027-06-07,2027-06-08,2027-06-09,2027-06-10,2027-06-11,2027-06-14,2027-06-15,2027-06-16,2027-06-17,2027-06-18,2027-06-21,2027-06-22,2027-06-23,2027-06-24,2027-06-25,2027-06-28,2027-06-29,2027-06-30,2027-07-01,2027-07-02,2027-07-06,2027-07-07,2027-07-08,2027-07-09,2027-07-12",,2026-07-13,2026-08-19,,hlgtfs.zip,hartford_gtfs_effective_2026-07-11_updated_2026-08-19.zip,0,To Northbound to Hartford; GTFS; gtfs_trip_id=12020; gtfs_service_id=2; source_origin=New Haven Union Station; source_destination=Hartford
CTrail,Hartford Line,Hartford Line,CTrail 4463,To Southbound to New Haven Union Station,HFD,Hartford,1,17:51,17:51,2026-07-13,2027-07-12,"2026-07-13,2026-07-14,2026-07-15,2026-07-16,2026-07-17,2026-07-20,2026-07-21,2026-07-22,2026-07-23,2026-07-24,2026-07-27,2026-07-28,2026-07-29,2026-07-30,2026-07-31,2026-08-03,2026-08-04,2026-08-05,2026-08-06,2026-08-07,2026-08-10,2026-08-11,2026-08-12,2026-08-13,2026-08-14,2026-08-17,2026-08-18,2026-08-19,2026-08-20,2026-08-21,2026-08-24,2026-08-25,2026-08-26,2026-08-27,2026-08-28,2026-08-31,2026-09-01,2026-09-02,2026-09-03,2026-09-04,2026-09-08,2026-09-09,2026-09-10,2026-09-11,2026-09-14,2026-09-15,2026-09-16,2026-09-17,2026-09-18,2026-09-21,2026-09-22,2026-09-23,2026-09-24,2026-09-25,2026-09-28,2026-09-29,2026-09-30,2026-10-01,2026-10-02,2026-10-05,2026-10-06,2026-10-07,2026-10-08,2026-10-09,2026-10-12,2026-10-13,2026-10-14,2026-10-15,2026-10-16,2026-10-19,2026-10-20,2026-10-21,2026-10-22,2026-10-23,2026-10-26,2026-10-27,2026-10-28,2026-10-29,2026-10-30,2026-11-02,2026-11-03,2026-11-04,2026-11-05,2026-11-06,2026-11-09,2026-11-10,2026-11-11,2026-11-12,2026-11-13,2026-11-16,2026-11-17,2026-11-18,2026-11-19,2026-11-20,2026-11-23,2026-11-24,2026-11-25,2026-11-27,2026-11-30,2026-12-01,2026-12-02,2026-12-03,2026-12-04,2026-12-07,2026-12-08,2026-12-09,2026-12-10,2026-12-11,2026-12-14,2026-12-15,2026-12-16,2026-12-17,2026-12-18,2026-12-21,2026-12-22,2026-12-23,2026-12-24,2026-12-28,2026-12-29,2026-12-30,2026-12-31,2027-01-04,2027-01-05,2027-01-06,2027-01-07,2027-01-08,2027-01-11,2027-01-12,2027-01-13,2027-01-14,2027-01-15,2027-01-19,2027-01-20,2027-01-21,2027-01-22,2027-01-25,2027-01-26,2027-01-27,2027-01-28,2027-01-29,2027-02-01,2027-02-02,2027-02-03,2027-02-04,2027-02-05,2027-02-08,2027-02-09,2027-02-10,2027-02-11,2027-02-12,2027-02-16,2027-02-17,2027-02-18,2027-02-19,2027-02-22,2027-02-23,2027-02-24,2027-02-25,2027-02-26,2027-03-01,2027-03-02,2027-03-03,2027-03-04,2027-03-05,2027-03-08,2027-03-09,2027-03-10,2027-03-11,2027-03-12,2027-03-15,2027-03-16,2027-03-17,2027-03-18,2027-03-19,2027-03-22,2027-03-23,2027-03-24,2027-03-25,2027-03-26,2027-03-29,2027-03-30,2027-03-31,2027-04-01,2027-04-02,2027-04-05,2027-04-06,2027-04-07,2027-04-08,2027-04-09,2027-04-12,2027-04-13,2027-04-14,2027-04-15,2027-04-16,2027-04-19,2027-04-20,2027-04-21,2027-04-22,2027-04-23,2027-04-26,2027-04-27,2027-04-28,2027-04-29,2027-04-30,2027-05-03,2027-05-04,2027-05-05,2027-05-06,2027-05-07,2027-05-10,2027-05-11,2027-05-12,2027-05-13,2027-05-14,2027-05-17,2027-05-18,2027-05-19,2027-05-20,2027-05-21,2027-05-24,2027-05-25,2027-05-26,2027-05-27,2027-05-28,2027-06-01,2027-06-02,2027-06-03,2027-06-04,2027-06-07,2027-06-08,2027-06-09,2027-06-10,2027-06-11,2027-06-14,2027-06-15,2027-06-16,2027-06-17,2027-06-18,2027-06-21,2027-06-22,2027-06-23,2027-06-24,2027-06-25,2027-06-28,2027-06-29,2027-06-30,2027-07-01,2027-07-02,2027-07-06,2027-07-07,2027-07-08,2027-07-09,2027-07-12",,2026-07-13,2026-08-19,,hlgtfs.zip,hartford_gtfs_effective_2026-07-11_updated_2026-08-19.zip,0,To Southbound to New Haven Union Station; GTFS; gtfs_trip_id=39020; gtfs_service_id=2; source_origin=Hartford; source_destination=New Haven Union Station
CTrail,Hartford Line,Hartford Line,CTrail 4463,To Southbound to New Haven Union Station,BER,Berlin,2,18:03,18:03,2026-07-13,2027-07-12,"2026-07-13,2026-07-14,2026-07-15,2026-07-16,2026-07-17,2026-07-20,2026-07-21,2026-07-22,2026-07-23,2026-07-24,2026-07-27,2026-07-28,2026-07-29,2026-07-30,2026-07-31,2026-08-03,2026-08-04,2026-08-05,2026-08-06,2026-08-07,2026-08-10,2026-08-11,2026-08-12,2026-08-13,2026-08-14,2026-08-17,2026-08-18,2026-08-19,2026-08-20,2026-08-21,2026-08-24,2026-08-25,2026-08-26,2026-08-27,2026-08-28,2026-08-31,2026-09-01,2026-09-02,2026-09-03,2026-09-04,2026-09-08,2026-09-09,2026-09-10,2026-09-11,2026-09-14,2026-09-15,2026-09-16,2026-09-17,2026-09-18,2026-09-21,2026-09-22,2026-09-23,2026-09-24,2026-09-25,2026-09-28,2026-09-29,2026-09-30,2026-10-01,2026-10-02,2026-10-05,2026-10-06,2026-10-07,2026-10-08,2026-10-09,2026-10-12,2026-10-13,2026-10-14,2026-10-15,2026-10-16,2026-10-19,2026-10-20,2026-10-21,2026-10-22,2026-10-23,2026-10-26,2026-10-27,2026-10-28,2026-10-29,2026-10-30,2026-11-02,2026-11-03,2026-11-04,2026-11-05,2026-11-06,2026-11-09,2026-11-10,2026-11-11,2026-11-12,2026-11-13,2026-11-16,2026-11-17,2026-11-18,2026-11-19,2026-11-20,2026-11-23,2026-11-24,2026-11-25,2026-11-27,2026-11-30,2026-12-01,2026-12-02,2026-12-03,2026-12-04,2026-12-07,2026-12-08,2026-12-09,2026-12-10,2026-12-11,2026-12-14,2026-12-15,2026-12-16,2026-12-17,2026-12-18,2026-12-21,2026-12-22,2026-12-23,2026-12-24,2026-12-28,2026-12-29,2026-12-30,2026-12-31,2027-01-04,2027-01-05,2027-01-06,2027-01-07,2027-01-08,2027-01-11,2027-01-12,2027-01-13,2027-01-14,2027-01-15,2027-01-19,2027-01-20,2027-01-21,2027-01-22,2027-01-25,2027-01-26,2027-01-27,2027-01-28,2027-01-29,2027-02-01,2027-02-02,2027-02-03,2027-02-04,2027-02-05,2027-02-08,2027-02-09,2027-02-10,2027-02-11,2027-02-12,2027-02-16,2027-02-17,2027-02-18,2027-02-19,2027-02-22,2027-02-23,2027-02-24,2027-02-25,2027-02-26,2027-03-01,2027-03-02,2027-03-03,2027-03-04,2027-03-05,2027-03-08,2027-03-09,2027-03-10,2027-03-11,2027-03-12,2027-03-15,2027-03-16,2027-03-17,2027-03-18,2027-03-19,2027-03-22,2027-03-23,2027-03-24,2027-03-25,2027-03-26,2027-03-29,2027-03-30,2027-03-31,2027-04-01,2027-04-02,2027-04-05,2027-04-06,2027-04-07,2027-04-08,2027-04-09,2027-04-12,2027-04-13,2027-04-14,2027-04-15,2027-04-16,2027-04-19,2027-04-20,2027-04-21,2027-04-22,2027-04-23,2027-04-26,2027-04-27,2027-04-28,2027-04-29,2027-04-30,2027-05-03,2027-05-04,2027-05-05,2027-05-06,2027-05-07,2027-05-10,2027-05-11,2027-05-12,2027-05-13,2027-05-14,2027-05-17,2027-05-18,2027-05-19,2027-05-20,2027-05-21,2027-05-24,2027-05-25,2027-05-26,2027-05-27,2027-05-28,2027-06-01,2027-06-02,2027-06-03,2027-06-04,2027-06-07,2027-06-08,2027-06-09,2027-06-10,2027-06-11,2027-06-14,2027-06-15,2027-06-16,2027-06-17,2027-06-18,2027-06-21,2027-06-22,2027-06-23,2027-06-24,2027-06-25,2027-06-28,2027-06-29,2027-06-30,2027-07-01,2027-07-02,2027-07-06,2027-07-07,2027-07-08,2027-07-09,2027-07-12",,2026-07-13,2026-08-19,,hlgtfs.zip,hartford_gtfs_effective_2026-07-11_updated_2026-08-19.zip,0,To Southbound to New Haven Union Station; GTFS; gtfs_trip_id=39020; gtfs_service_id=2; source_origin=Hartford; source_destination=New Haven Union Station
CTrail,Hartford Line,Hartford Line,CTrail 4463,To Southbound to New Haven Union Station,MDN,Meriden,3,18:12,18:12,2026-07-13,2027-07-12,"2026-07-13,2026-07-14,2026-07-15,2026-07-16,2026-07-17,2026-07-20,2026-07-21,2026-07-22,2026-07-23,2026-07-24,2026-07-27,2026-07-28,2026-07-29,2026-07-30,2026-07-31,2026-08-03,2026-08-04,2026-08-05,2026-08-06,2026-08-07,2026-08-10,2026-08-11,2026-08-12,2026-08-13,2026-08-14,2026-08-17,2026-08-18,2026-08-19,2026-08-20,2026-08-21,2026-08-24,2026-08-25,2026-08-26,2026-08-27,2026-08-28,2026-08-31,2026-09-01,2026-09-02,2026-09-03,2026-09-04,2026-09-08,2026-09-09,2026-09-10,2026-09-11,2026-09-14,2026-09-15,2026-09-16,2026-09-17,2026-09-18,2026-09-21,2026-09-22,2026-09-23,2026-09-24,2026-09-25,2026-09-28,2026-09-29,2026-09-30,2026-10-01,2026-10-02,2026-10-05,2026-10-06,2026-10-07,2026-10-08,2026-10-09,2026-10-12,2026-10-13,2026-10-14,2026-10-15,2026-10-16,2026-10-19,2026-10-20,2026-10-21,2026-10-22,2026-10-23,2026-10-26,2026-10-27,2026-10-28,2026-10-29,2026-10-30,2026-11-02,2026-11-03,2026-11-04,2026-11-05,2026-11-06,2026-11-09,2026-11-10,2026-11-11,2026-11-12,2026-11-13,2026-11-16,2026-11-17,2026-11-18,2026-11-19,2026-11-20,2026-11-23,2026-11-24,2026-11-25,2026-11-27,2026-11-30,2026-12-01,2026-12-02,2026-12-03,2026-12-04,2026-12-07,2026-12-08,2026-12-09,2026-12-10,2026-12-11,2026-12-14,2026-12-15,2026-12-16,2026-12-17,2026-12-18,2026-12-21,2026-12-22,2026-12-23,2026-12-24,2026-12-28,2026-12-29,2026-12-30,2026-12-31,2027-01-04,2027-01-05,2027-01-06,2027-01-07,2027-01-08,2027-01-11,2027-01-12,2027-01-13,2027-01-14,2027-01-15,2027-01-19,2027-01-20,2027-01-21,2027-01-22,2027-01-25,2027-01-26,2027-01-27,2027-01-28,2027-01-29,2027-02-01,2027-02-02,2027-02-03,2027-02-04,2027-02-05,2027-02-08,2027-02-09,2027-02-10,2027-02-11,2027-02-12,2027-02-16,2027-02-17,2027-02-18,2027-02-19,2027-02-22,2027-02-23,2027-02-24,2027-02-25,2027-02-26,2027-03-01,2027-03-02,2027-03-03,2027-03-04,2027-03-05,2027-03-08,2027-03-09,2027-03-10,2027-03-11,2027-03-12,2027-03-15,2027-03-16,2027-03-17,2027-03-18,2027-03-19,2027-03-22,2027-03-23,2027-03-24,2027-03-25,2027-03-26,2027-03-29,2027-03-30,2027-03-31,2027-04-01,2027-04-02,2027-04-05,2027-04-06,2027-04-07,2027-04-08,2027-04-09,2027-04-12,2027-04-13,2027-04-14,2027-04-15,2027-04-16,2027-04-19,2027-04-20,2027-04-21,2027-04-22,2027-04-23,2027-04-26,2027-04-27,2027-04-28,2027-04-29,2027-04-30,2027-05-03,2027-05-04,2027-05-05,2027-05-06,2027-05-07,2027-05-10,2027-05-11,2027-05-12,2027-05-13,2027-05-14,2027-05-17,2027-05-18,2027-05-19,2027-05-20,2027-05-21,2027-05-24,2027-05-25,2027-05-26,2027-05-27,2027-05-28,2027-06-01,2027-06-02,2027-06-03,2027-06-04,2027-06-07,2027-06-08,2027-06-09,2027-06-10,2027-06-11,2027-06-14,2027-06-15,2027-06-16,2027-06-17,2027-06-18,2027-06-21,2027-06-22,2027-06-23,2027-06-24,2027-06-25,2027-06-28,2027-06-29,2027-06-30,2027-07-01,2027-07-02,2027-07-06,2027-07-07,2027-07-08,2027-07-09,2027-07-12",,2026-07-13,2026-08-19,,hlgtfs.zip,hartford_gtfs_effective_2026-07-11_updated_2026-08-19.zip,0,To Southbound to New Haven Union Station; GTFS; gtfs_trip_id=39020; gtfs_service_id=2; source_origin=Hartford; source_destination=New Haven Union Station
CTrail,Hartford Line,Hartford Line,CTrail 4463,To Southbound to New Haven Union Station,WFD,Wallingford,4,18:21,18:21,2026-07-13,2027-07-12,"2026-07-13,2026-07-14,2026-07-15,2026-07-16,2026-07-17,2026-07-20,2026-07-21,2026-07-22,2026-07-23,2026-07-24,2026-07-27,2026-07-28,2026-07-29,2026-07-30,2026-07-31,2026-08-03,2026-08-04,2026-08-05,2026-08-06,2026-08-07,2026-08-10,2026-08-11,2026-08-12,2026-08-13,2026-08-14,2026-08-17,2026-08-18,2026-08-19,2026-08-20,2026-08-21,2026-08-24,2026-08-25,2026-08-26,2026-08-27,2026-08-28,2026-08-31,2026-09-01,2026-09-02,2026-09-03,2026-09-04,2026-09-08,2026-09-09,2026-09-10,2026-09-11,2026-09-14,2026-09-15,2026-09-16,2026-09-17,2026-09-18,2026-09-21,2026-09-22,2026-09-23,2026-09-24,2026-09-25,2026-09-28,2026-09-29,2026-09-30,2026-10-01,2026-10-02,2026-10-05,2026-10-06,2026-10-07,2026-10-08,2026-10-09,2026-10-12,2026-10-13,2026-10-14,2026-10-15,2026-10-16,2026-10-19,2026-10-20,2026-10-21,2026-10-22,2026-10-23,2026-10-26,2026-10-27,2026-10-28,2026-10-29,2026-10-30,2026-11-02,2026-11-03,2026-11-04,2026-11-05,2026-11-06,2026-11-09,2026-11-10,2026-11-11,2026-11-12,2026-11-13,2026-11-16,2026-11-17,2026-11-18,2026-11-19,2026-11-20,2026-11-23,2026-11-24,2026-11-25,2026-11-27,2026-11-30,2026-12-01,2026-12-02,2026-12-03,2026-12-04,2026-12-07,2026-12-08,2026-12-09,2026-12-10,2026-12-11,2026-12-14,2026-12-15,2026-12-16,2026-12-17,2026-12-18,2026-12-21,2026-12-22,2026-12-23,2026-12-24,2026-12-28,2026-12-29,2026-12-30,2026-12-31,2027-01-04,2027-01-05,2027-01-06,2027-01-07,2027-01-08,2027-01-11,2027-01-12,2027-01-13,2027-01-14,2027-01-15,2027-01-19,2027-01-20,2027-01-21,2027-01-22,2027-01-25,2027-01-26,2027-01-27,2027-01-28,2027-01-29,2027-02-01,2027-02-02,2027-02-03,2027-02-04,2027-02-05,2027-02-08,2027-02-09,2027-02-10,2027-02-11,2027-02-12,2027-02-16,2027-02-17,2027-02-18,2027-02-19,2027-02-22,2027-02-23,2027-02-24,2027-02-25,2027-02-26,2027-03-01,2027-03-02,2027-03-03,2027-03-04,2027-03-05,2027-03-08,2027-03-09,2027-03-10,2027-03-11,2027-03-12,2027-03-15,2027-03-16,2027-03-17,2027-03-18,2027-03-19,2027-03-22,2027-03-23,2027-03-24,2027-03-25,2027-03-26,2027-03-29,2027-03-30,2027-03-31,2027-04-01,2027-04-02,2027-04-05,2027-04-06,2027-04-07,2027-04-08,2027-04-09,2027-04-12,2027-04-13,2027-04-14,2027-04-15,2027-04-16,2027-04-19,2027-04-20,2027-04-21,2027-04-22,2027-04-23,2027-04-26,2027-04-27,2027-04-28,2027-04-29,2027-04-30,2027-05-03,2027-05-04,2027-05-05,2027-05-06,2027-05-07,2027-05-10,2027-05-11,2027-05-12,2027-05-13,2027-05-14,2027-05-17,2027-05-18,2027-05-19,2027-05-20,2027-05-21,2027-05-24,2027-05-25,2027-05-26,2027-05-27,2027-05-28,2027-06-01,2027-06-02,2027-06-03,2027-06-04,2027-06-07,2027-06-08,2027-06-09,2027-06-10,2027-06-11,2027-06-14,2027-06-15,2027-06-16,2027-06-17,2027-06-18,2027-06-21,2027-06-22,2027-06-23,2027-06-24,2027-06-25,2027-06-28,2027-06-29,2027-06-30,2027-07-01,2027-07-02,2027-07-06,2027-07-07,2027-07-08,2027-07-09,2027-07-12",,2026-07-13,2026-08-19,,hlgtfs.zip,hartford_gtfs_effective_2026-07-11_updated_2026-08-19.zip,0,To Southbound to New Haven Union Station; GTFS; gtfs_trip_id=39020; gtfs_service_id=2; source_origin=Hartford; source_destination=New Haven Union Station
CTrail,Hartford Line,Hartford Line,CTrail 4463,To Southbound to New Haven Union Station,STS,New Haven State Street,5,18:37,18:37,2026-07-13,2027-07-12,"2026-07-13,2026-07-14,2026-07-15,2026-07-16,2026-07-17,2026-07-20,2026-07-21,2026-07-22,2026-07-23,2026-07-24,2026-07-27,2026-07-28,2026-07-29,2026-07-30,2026-07-31,2026-08-03,2026-08-04,2026-08-05,2026-08-06,2026-08-07,2026-08-10,2026-08-11,2026-08-12,2026-08-13,2026-08-14,2026-08-17,2026-08-18,2026-08-19,2026-08-20,2026-08-21,2026-08-24,2026-08-25,2026-08-26,2026-08-27,2026-08-28,2026-08-31,2026-09-01,2026-09-02,2026-09-03,2026-09-04,2026-09-08,2026-09-09,2026-09-10,2026-09-11,2026-09-14,2026-09-15,2026-09-16,2026-09-17,2026-09-18,2026-09-21,2026-09-22,2026-09-23,2026-09-24,2026-09-25,2026-09-28,2026-09-29,2026-09-30,2026-10-01,2026-10-02,2026-10-05,2026-10-06,2026-10-07,2026-10-08,2026-10-09,2026-10-12,2026-10-13,2026-10-14,2026-10-15,2026-10-16,2026-10-19,2026-10-20,2026-10-21,2026-10-22,2026-10-23,2026-10-26,2026-10-27,2026-10-28,2026-10-29,2026-10-30,2026-11-02,2026-11-03,2026-11-04,2026-11-05,2026-11-06,2026-11-09,2026-11-10,2026-11-11,2026-11-12,2026-11-13,2026-11-16,2026-11-17,2026-11-18,2026-11-19,2026-11-20,2026-11-23,2026-11-24,2026-11-25,2026-11-27,2026-11-30,2026-12-01,2026-12-02,2026-12-03,2026-12-04,2026-12-07,2026-12-08,2026-12-09,2026-12-10,2026-12-11,2026-12-14,2026-12-15,2026-12-16,2026-12-17,2026-12-18,2026-12-21,2026-12-22,2026-12-23,2026-12-24,2026-12-28,2026-12-29,2026-12-30,2026-12-31,2027-01-04,2027-01-05,2027-01-06,2027-01-07,2027-01-08,2027-01-11,2027-01-12,2027-01-13,2027-01-14,2027-01-15,2027-01-19,2027-01-20,2027-01-21,2027-01-22,2027-01-25,2027-01-26,2027-01-27,2027-01-28,2027-01-29,2027-02-01,2027-02-02,2027-02-03,2027-02-04,2027-02-05,2027-02-08,2027-02-09,2027-02-10,2027-02-11,2027-02-12,2027-02-16,2027-02-17,2027-02-18,2027-02-19,2027-02-22,2027-02-23,2027-02-24,2027-02-25,2027-02-26,2027-03-01,2027-03-02,2027-03-03,2027-03-04,2027-03-05,2027-03-08,2027-03-09,2027-03-10,2027-03-11,2027-03-12,2027-03-15,2027-03-16,2027-03-17,2027-03-18,2027-03-19,2027-03-22,2027-03-23,2027-03-24,2027-03-25,2027-03-26,2027-03-29,2027-03-30,2027-03-31,2027-04-01,2027-04-02,2027-04-05,2027-04-06,2027-04-07,2027-04-08,2027-04-09,2027-04-12,2027-04-13,2027-04-14,2027-04-15,2027-04-16,2027-04-19,2027-04-20,2027-04-21,2027-04-22,2027-04-23,2027-04-26,2027-04-27,2027-04-28,2027-04-29,2027-04-30,2027-05-03,2027-05-04,2027-05-05,2027-05-06,2027-05-07,2027-05-10,2027-05-11,2027-05-12,2027-05-13,2027-05-14,2027-05-17,2027-05-18,2027-05-19,2027-05-20,2027-05-21,2027-05-24,2027-05-25,2027-05-26,2027-05-27,2027-05-28,2027-06-01,2027-06-02,2027-06-03,2027-06-04,2027-06-07,2027-06-08,2027-06-09,2027-06-10,2027-06-11,2027-06-14,2027-06-15,2027-06-16,2027-06-17,2027-06-18,2027-06-21,2027-06-22,2027-06-23,2027-06-24,2027-06-25,2027-06-28,2027-06-29,2027-06-30,2027-07-01,2027-07-02,2027-07-06,2027-07-07,2027-07-08,2027-07-09,2027-07-12",,2026-07-13,2026-08-19,,hlgtfs.zip,hartford_gtfs_effective_2026-07-11_updated_2026-08-19.zip,0,To Southbound to New Haven Union Station; GTFS; gtfs_trip_id=39020; gtfs_service_id=2; source_origin=Hartford; source_destination=New Haven Union Station
CTrail,Hartford Line,Hartford Line,CTrail 4463,To Southbound to New Haven Union Station,NHV,New Haven Union Station,6,18:43,18:43,2026-07-13,2027-07-12,"2026-07-13,2026-07-14,2026-07-15,2026-07-16,2026-07-17,2026-07-20,2026-07-21,2026-07-22,2026-07-23,2026-07-24,2026-07-27,2026-07-28,2026-07-29,2026-07-30,2026-07-31,2026-08-03,2026-08-04,2026-08-05,2026-08-06,2026-08-07,2026-08-10,2026-08-11,2026-08-12,2026-08-13,2026-08-14,2026-08-17,2026-08-18,2026-08-19,2026-08-20,2026-08-21,2026-08-24,2026-08-25,2026-08-26,2026-08-27,2026-08-28,2026-08-31,2026-09-01,2026-09-02,2026-09-03,2026-09-04,2026-09-08,2026-09-09,2026-09-10,2026-09-11,2026-09-14,2026-09-15,2026-09-16,2026-09-17,2026-09-18,2026-09-21,2026-09-22,2026-09-23,2026-09-24,2026-09-25,2026-09-28,2026-09-29,2026-09-30,2026-10-01,2026-10-02,2026-10-05,2026-10-06,2026-10-07,2026-10-08,2026-10-09,2026-10-12,2026-10-13,2026-10-14,2026-10-15,2026-10-16,2026-10-19,2026-10-20,2026-10-21,2026-10-22,2026-10-23,2026-10-26,2026-10-27,2026-10-28,2026-10-29,2026-10-30,2026-11-02,2026-11-03,2026-11-04,2026-11-05,2026-11-06,2026-11-09,2026-11-10,2026-11-11,2026-11-12,2026-11-13,2026-11-16,2026-11-17,2026-11-18,2026-11-19,2026-11-20,2026-11-23,2026-11-24,2026-11-25,2026-11-27,2026-11-30,2026-12-01,2026-12-02,2026-12-03,2026-12-04,2026-12-07,2026-12-08,2026-12-09,2026-12-10,2026-12-11,2026-12-14,2026-12-15,2026-12-16,2026-12-17,2026-12-18,2026-12-21,2026-12-22,2026-12-23,2026-12-24,2026-12-28,2026-12-29,2026-12-30,2026-12-31,2027-01-04,2027-01-05,2027-01-06,2027-01-07,2027-01-08,2027-01-11,2027-01-12,2027-01-13,2027-01-14,2027-01-15,2027-01-19,2027-01-20,2027-01-21,2027-01-22,2027-01-25,2027-01-26,2027-01-27,2027-01-28,2027-01-29,2027-02-01,2027-02-02,2027-02-03,2027-02-04,2027-02-05,2027-02-08,2027-02-09,2027-02-10,2027-02-11,2027-02-12,2027-02-16,2027-02-17,2027-02-18,2027-02-19,2027-02-22,2027-02-23,2027-02-24,2027-02-25,2027-02-26,2027-03-01,2027-03-02,2027-03-03,2027-03-04,2027-03-05,2027-03-08,2027-03-09,2027-03-10,2027-03-11,2027-03-12,2027-03-15,2027-03-16,2027-03-17,2027-03-18,2027-03-19,2027-03-22,2027-03-23,2027-03-24,2027-03-25,2027-03-26,2027-03-29,2027-03-30,2027-03-31,2027-04-01,2027-04-02,2027-04-05,2027-04-06,2027-04-07,2027-04-08,2027-04-09,2027-04-12,2027-04-13,2027-04-14,2027-04-15,2027-04-16,2027-04-19,2027-04-20,2027-04-21,2027-04-22,2027-04-23,2027-04-26,2027-04-27,2027-04-28,2027-04-29,2027-04-30,2027-05-03,2027-05-04,2027-05-05,2027-05-06,2027-05-07,2027-05-10,2027-05-11,2027-05-12,2027-05-13,2027-05-14,2027-05-17,2027-05-18,2027-05-19,2027-05-20,2027-05-21,2027-05-24,2027-05-25,2027-05-26,2027-05-27,2027-05-28,2027-06-01,2027-06-02,2027-06-03,2027-06-04,2027-06-07,2027-06-08,2027-06-09,2027-06-10,2027-06-11,2027-06-14,2027-06-15,2027-06-16,2027-06-17,2027-06-18,2027-06-21,2027-06-22,2027-06-23,2027-06-24,2027-06-25,2027-06-28,2027-06-29,2027-06-30,2027-07-01,2027-07-02,2027-07-06,2027-07-07,2027-07-08,2027-07-09,2027-07-12",,2026-07-13,2026-08-19,,hlgtfs.zip,hartford_gtfs_effective_2026-07-11_updated_2026-08-19.zip,0,To Southbound to New Haven Union Station; GTFS; gtfs_trip_id=39020; gtfs_service_id=2; source_origin=Hartford; source_destination=New Haven Union Station
CTrail,Hartford Line,Hartford Line,CTrail 4466,To Northbound to Springfield,NHV,New Haven Union Station,1,19:00,19:00,2026-07-13,2027-07-12,"2026-07-13,2026-07-14,2026-07-15,2026-07-16,2026-07-17,2026-07-20,2026-07-21,2026-07-22,2026-07-23,2026-07-24,2026-07-27,2026-07-28,2026-07-29,2026-07-30,2026-07-31,2026-08-03,2026-08-04,2026-08-05,2026-08-06,2026-08-07,2026-08-10,2026-08-11,2026-08-12,2026-08-13,2026-08-14,2026-08-17,2026-08-18,2026-08-19,2026-08-20,2026-08-21,2026-08-24,2026-08-25,2026-08-26,2026-08-27,2026-08-28,2026-08-31,2026-09-01,2026-09-02,2026-09-03,2026-09-04,2026-09-08,2026-09-09,2026-09-10,2026-09-11,2026-09-14,2026-09-15,2026-09-16,2026-09-17,2026-09-18,2026-09-21,2026-09-22,2026-09-23,2026-09-24,2026-09-25,2026-09-28,2026-09-29,2026-09-30,2026-10-01,2026-10-02,2026-10-05,2026-10-06,2026-10-07,2026-10-08,2026-10-09,2026-10-12,2026-10-13,2026-10-14,2026-10-15,2026-10-16,2026-10-19,2026-10-20,2026-10-21,2026-10-22,2026-10-23,2026-10-26,2026-10-27,2026-10-28,2026-10-29,2026-10-30,2026-11-02,2026-11-03,2026-11-04,2026-11-05,2026-11-06,2026-11-09,2026-11-10,2026-11-11,2026-11-12,2026-11-13,2026-11-16,2026-11-17,2026-11-18,2026-11-19,2026-11-20,2026-11-23,2026-11-24,2026-11-25,2026-11-27,2026-11-30,2026-12-01,2026-12-02,2026-12-03,2026-12-04,2026-12-07,2026-12-08,2026-12-09,2026-12-10,2026-12-11,2026-12-14,2026-12-15,2026-12-16,2026-12-17,2026-12-18,2026-12-21,2026-12-22,2026-12-23,2026-12-24,2026-12-28,2026-12-29,2026-12-30,2026-12-31,2027-01-04,2027-01-05,2027-01-06,2027-01-07,2027-01-08,2027-01-11,2027-01-12,2027-01-13,2027-01-14,2027-01-15,2027-01-19,2027-01-20,2027-01-21,2027-01-22,2027-01-25,2027-01-26,2027-01-27,2027-01-28,2027-01-29,2027-02-01,2027-02-02,2027-02-03,2027-02-04,2027-02-05,2027-02-08,2027-02-09,2027-02-10,2027-02-11,2027-02-12,2027-02-16,2027-02-17,2027-02-18,2027-02-19,2027-02-22,2027-02-23,2027-02-24,2027-02-25,2027-02-26,2027-03-01,2027-03-02,2027-03-03,2027-03-04,2027-03-05,2027-03-08,2027-03-09,2027-03-10,2027-03-11,2027-03-12,2027-03-15,2027-03-16,2027-03-17,2027-03-18,2027-03-19,2027-03-22,2027-03-23,2027-03-24,2027-03-25,2027-03-26,2027-03-29,2027-03-30,2027-03-31,2027-04-01,2027-04-02,2027-04-05,2027-04-06,2027-04-07,2027-04-08,2027-04-09,2027-04-12,2027-04-13,2027-04-14,2027-04-15,2027-04-16,2027-04-19,2027-04-20,2027-04-21,2027-04-22,2027-04-23,2027-04-26,2027-04-27,2027-04-28,2027-04-29,2027-04-30,2027-05-03,2027-05-04,2027-05-05,2027-05-06,2027-05-07,2027-05-10,2027-05-11,2027-05-12,2027-05-13,2027-05-14,2027-05-17,2027-05-18,2027-05-19,2027-05-20,2027-05-21,2027-05-24,2027-05-25,2027-05-26,2027-05-27,2027-05-28,2027-06-01,2027-06-02,2027-06-03,2027-06-04,2027-06-07,2027-06-08,2027-06-09,2027-06-10,2027-06-11,2027-06-14,2027-06-15,2027-06-16,2027-06-17,2027-06-18,2027-06-21,2027-06-22,2027-06-23,2027-06-24,2027-06-25,2027-06-28,2027-06-29,2027-06-30,2027-07-01,2027-07-02,2027-07-06,2027-07-07,2027-07-08,2027-07-09,2027-07-12",,2026-07-13,2026-08-19,,hlgtfs.zip,hartford_gtfs_effective_2026-07-11_updated_2026-08-19.zip,0,To Northbound to Springfield; GTFS; gtfs_trip_id=1020; gtfs_service_id=2; source_origin=New Haven Union Station; source_destination=Springfield
CTrail,Hartford Line,Hartford Line,CTrail 4466,To Northbound to Springfield,STS,New Haven State Street,2,19:03,19:03,2026-07-13,2027-07-12,"2026-07-13,2026-07-14,2026-07-15,2026-07-16,2026-07-17,2026-07-20,2026-07-21,2026-07-22,2026-07-23,2026-07-24,2026-07-27,2026-07-28,2026-07-29,2026-07-30,2026-07-31,2026-08-03,2026-08-04,2026-08-05,2026-08-06,2026-08-07,2026-08-10,2026-08-11,2026-08-12,2026-08-13,2026-08-14,2026-08-17,2026-08-18,2026-08-19,2026-08-20,2026-08-21,2026-08-24,2026-08-25,2026-08-26,2026-08-27,2026-08-28,2026-08-31,2026-09-01,2026-09-02,2026-09-03,2026-09-04,2026-09-08,2026-09-09,2026-09-10,2026-09-11,2026-09-14,2026-09-15,2026-09-16,2026-09-17,2026-09-18,2026-09-21,2026-09-22,2026-09-23,2026-09-24,2026-09-25,2026-09-28,2026-09-29,2026-09-30,2026-10-01,2026-10-02,2026-10-05,2026-10-06,2026-10-07,2026-10-08,2026-10-09,2026-10-12,2026-10-13,2026-10-14,2026-10-15,2026-10-16,2026-10-19,2026-10-20,2026-10-21,2026-10-22,2026-10-23,2026-10-26,2026-10-27,2026-10-28,2026-10-29,2026-10-30,2026-11-02,2026-11-03,2026-11-04,2026-11-05,2026-11-06,2026-11-09,2026-11-10,2026-11-11,2026-11-12,2026-11-13,2026-11-16,2026-11-17,2026-11-18,2026-11-19,2026-11-20,2026-11-23,2026-11-24,2026-11-25,2026-11-27,2026-11-30,2026-12-01,2026-12-02,2026-12-03,2026-12-04,2026-12-07,2026-12-08,2026-12-09,2026-12-10,2026-12-11,2026-12-14,2026-12-15,2026-12-16,2026-12-17,2026-12-18,2026-12-21,2026-12-22,2026-12-23,2026-12-24,2026-12-28,2026-12-29,2026-12-30,2026-12-31,2027-01-04,2027-01-05,2027-01-06,2027-01-07,2027-01-08,2027-01-11,2027-01-12,2027-01-13,2027-01-14,2027-01-15,2027-01-19,2027-01-20,2027-01-21,2027-01-22,2027-01-25,2027-01-26,2027-01-27,2027-01-28,2027-01-29,2027-02-01,2027-02-02,2027-02-03,2027-02-04,2027-02-05,2027-02-08,2027-02-09,2027-02-10,2027-02-11,2027-02-12,2027-02-16,2027-02-17,2027-02-18,2027-02-19,2027-02-22,2027-02-23,2027-02-24,2027-02-25,2027-02-26,2027-03-01,2027-03-02,2027-03-03,2027-03-04,2027-03-05,2027-03-08,2027-03-09,2027-03-10,2027-03-11,2027-03-12,2027-03-15,2027-03-16,2027-03-17,2027-03-18,2027-03-19,2027-03-22,2027-03-23,2027-03-24,2027-03-25,2027-03-26,2027-03-29,2027-03-30,2027-03-31,2027-04-01,2027-04-02,2027-04-05,2027-04-06,2027-04-07,2027-04-08,2027-04-09,2027-04-12,2027-04-13,2027-04-14,2027-04-15,2027-04-16,2027-04-19,2027-04-20,2027-04-21,2027-04-22,2027-04-23,2027-04-26,2027-04-27,2027-04-28,2027-04-29,2027-04-30,2027-05-03,2027-05-04,2027-05-05,2027-05-06,2027-05-07,2027-05-10,2027-05-11,2027-05-12,2027-05-13,2027-05-14,2027-05-17,2027-05-18,2027-05-19,2027-05-20,2027-05-21,2027-05-24,2027-05-25,2027-05-26,2027-05-27,2027-05-28,2027-06-01,2027-06-02,2027-06-03,2027-06-04,2027-06-07,2027-06-08,2027-06-09,2027-06-10,2027-06-11,2027-06-14,2027-06-15,2027-06-16,2027-06-17,2027-06-18,2027-06-21,2027-06-22,2027-06-23,2027-06-24,2027-06-25,2027-06-28,2027-06-29,2027-06-30,2027-07-01,2027-07-02,2027-07-06,2027-07-07,2027-07-08,2027-07-09,2027-07-12",,2026-07-13,2026-08-19,,hlgtfs.zip,hartford_gtfs_effective_2026-07-11_updated_2026-08-19.zip,0,To Northbound to Springfield; GTFS; gtfs_trip_id=1020; gtfs_service_id=2; source_origin=New Haven Union Station; source_destination=Springfield
CTrail,Hartford Line,Hartford Line,CTrail 4466,To Northbound to Springfield,WFD,Wallingford,3,19:21,19:21,2026-07-13,2027-07-12,"2026-07-13,2026-07-14,2026-07-15,2026-07-16,2026-07-17,2026-07-20,2026-07-21,2026-07-22,2026-07-23,2026-07-24,2026-07-27,2026-07-28,2026-07-29,2026-07-30,2026-07-31,2026-08-03,2026-08-04,2026-08-05,2026-08-06,2026-08-07,2026-08-10,2026-08-11,2026-08-12,2026-08-13,2026-08-14,2026-08-17,2026-08-18,2026-08-19,2026-08-20,2026-08-21,2026-08-24,2026-08-25,2026-08-26,2026-08-27,2026-08-28,2026-08-31,2026-09-01,2026-09-02,2026-09-03,2026-09-04,2026-09-08,2026-09-09,2026-09-10,2026-09-11,2026-09-14,2026-09-15,2026-09-16,2026-09-17,2026-09-18,2026-09-21,2026-09-22,2026-09-23,2026-09-24,2026-09-25,2026-09-28,2026-09-29,2026-09-30,2026-10-01,2026-10-02,2026-10-05,2026-10-06,2026-10-07,2026-10-08,2026-10-09,2026-10-12,2026-10-13,2026-10-14,2026-10-15,2026-10-16,2026-10-19,2026-10-20,2026-10-21,2026-10-22,2026-10-23,2026-10-26,2026-10-27,2026-10-28,2026-10-29,2026-10-30,2026-11-02,2026-11-03,2026-11-04,2026-11-05,2026-11-06,2026-11-09,2026-11-10,2026-11-11,2026-11-12,2026-11-13,2026-11-16,2026-11-17,2026-11-18,2026-11-19,2026-11-20,2026-11-23,2026-11-24,2026-11-25,2026-11-27,2026-11-30,2026-12-01,2026-12-02,2026-12-03,2026-12-04,2026-12-07,2026-12-08,2026-12-09,2026-12-10,2026-12-11,2026-12-14,2026-12-15,2026-12-16,2026-12-17,2026-12-18,2026-12-21,2026-12-22,2026-12-23,2026-12-24,2026-12-28,2026-12-29,2026-12-30,2026-12-31,2027-01-04,2027-01-05,2027-01-06,2027-01-07,2027-01-08,2027-01-11,2027-01-12,2027-01-13,2027-01-14,2027-01-15,2027-01-19,2027-01-20,2027-01-21,2027-01-22,2027-01-25,2027-01-26,2027-01-27,2027-01-28,2027-01-29,2027-02-01,2027-02-02,2027-02-03,2027-02-04,2027-02-05,2027-02-08,2027-02-09,2027-02-10,2027-02-11,2027-02-12,2027-02-16,2027-02-17,2027-02-18,2027-02-19,2027-02-22,2027-02-23,2027-02-24,2027-02-25,2027-02-26,2027-03-01,2027-03-02,2027-03-03,2027-03-04,2027-03-05,2027-03-08,2027-03-09,2027-03-10,2027-03-11,2027-03-12,2027-03-15,2027-03-16,2027-03-17,2027-03-18,2027-03-19,2027-03-22,2027-03-23,2027-03-24,2027-03-25,2027-03-26,2027-03-29,2027-03-30,2027-03-31,2027-04-01,2027-04-02,2027-04-05,2027-04-06,2027-04-07,2027-04-08,2027-04-09,2027-04-12,2027-04-13,2027-04-14,2027-04-15,2027-04-16,2027-04-19,2027-04-20,2027-04-21,2027-04-22,2027-04-23,2027-04-26,2027-04-27,2027-04-28,2027-04-29,2027-04-30,2027-05-03,2027-05-04,2027-05-05,2027-05-06,2027-05-07,2027-05-10,2027-05-11,2027-05-12,2027-05-13,2027-05-14,2027-05-17,2027-05-18,2027-05-19,2027-05-20,2027-05-21,2027-05-24,2027-05-25,2027-05-26,2027-05-27,2027-05-28,2027-06-01,2027-06-02,2027-06-03,2027-06-04,2027-06-07,2027-06-08,2027-06-09,2027-06-10,2027-06-11,2027-06-14,2027-06-15,2027-06-16,2027-06-17,2027-06-18,2027-06-21,2027-06-22,2027-06-23,2027-06-24,2027-06-25,2027-06-28,2027-06-29,2027-06-30,2027-07-01,2027-07-02,2027-07-06,2027-07-07,2027-07-08,2027-07-09,2027-07-12",,2026-07-13,2026-08-19,,hlgtfs.zip,hartford_gtfs_effective_2026-07-11_updated_2026-08-19.zip,0,To Northbound to Springfield; GTFS; gtfs_trip_id=1020; gtfs_service_id=2; source_origin=New Haven Union Station; source_destination=Springfield
CTrail,Hartford Line,Hartford Line,CTrail 4466,To Northbound to Springfield,MDN,Meriden,4,19:32,19:32,2026-07-13,2027-07-12,"2026-07-13,2026-07-14,2026-07-15,2026-07-16,2026-07-17,2026-07-20,2026-07-21,2026-07-22,2026-07-23,2026-07-24,2026-07-27,2026-07-28,2026-07-29,2026-07-30,2026-07-31,2026-08-03,2026-08-04,2026-08-05,2026-08-06,2026-08-07,2026-08-10,2026-08-11,2026-08-12,2026-08-13,2026-08-14,2026-08-17,2026-08-18,2026-08-19,2026-08-20,2026-08-21,2026-08-24,2026-08-25,2026-08-26,2026-08-27,2026-08-28,2026-08-31,2026-09-01,2026-09-02,2026-09-03,2026-09-04,2026-09-08,2026-09-09,2026-09-10,2026-09-11,2026-09-14,2026-09-15,2026-09-16,2026-09-17,2026-09-18,2026-09-21,2026-09-22,2026-09-23,2026-09-24,2026-09-25,2026-09-28,2026-09-29,2026-09-30,2026-10-01,2026-10-02,2026-10-05,2026-10-06,2026-10-07,2026-10-08,2026-10-09,2026-10-12,2026-10-13,2026-10-14,2026-10-15,2026-10-16,2026-10-19,2026-10-20,2026-10-21,2026-10-22,2026-10-23,2026-10-26,2026-10-27,2026-10-28,2026-10-29,2026-10-30,2026-11-02,2026-11-03,2026-11-04,2026-11-05,2026-11-06,2026-11-09,2026-11-10,2026-11-11,2026-11-12,2026-11-13,2026-11-16,2026-11-17,2026-11-18,2026-11-19,2026-11-20,2026-11-23,2026-11-24,2026-11-25,2026-11-27,2026-11-30,2026-12-01,2026-12-02,2026-12-03,2026-12-04,2026-12-07,2026-12-08,2026-12-09,2026-12-10,2026-12-11,2026-12-14,2026-12-15,2026-12-16,2026-12-17,2026-12-18,2026-12-21,2026-12-22,2026-12-23,2026-12-24,2026-12-28,2026-12-29,2026-12-30,2026-12-31,2027-01-04,2027-01-05,2027-01-06,2027-01-07,2027-01-08,2027-01-11,2027-01-12,2027-01-13,2027-01-14,2027-01-15,2027-01-19,2027-01-20,2027-01-21,2027-01-22,2027-01-25,2027-01-26,2027-01-27,2027-01-28,2027-01-29,2027-02-01,2027-02-02,2027-02-03,2027-02-04,2027-02-05,2027-02-08,2027-02-09,2027-02-10,2027-02-11,2027-02-12,2027-02-16,2027-02-17,2027-02-18,2027-02-19,2027-02-22,2027-02-23,2027-02-24,2027-02-25,2027-02-26,2027-03-01,2027-03-02,2027-03-03,2027-03-04,2027-03-05,2027-03-08,2027-03-09,2027-03-10,2027-03-11,2027-03-12,2027-03-15,2027-03-16,2027-03-17,2027-03-18,2027-03-19,2027-03-22,2027-03-23,2027-03-24,2027-03-25,2027-03-26,2027-03-29,2027-03-30,2027-03-31,2027-04-01,2027-04-02,2027-04-05,2027-04-06,2027-04-07,2027-04-08,2027-04-09,2027-04-12,2027-04-13,2027-04-14,2027-04-15,2027-04-16,2027-04-19,2027-04-20,2027-04-21,2027-04-22,2027-04-23,2027-04-26,2027-04-27,2027-04-28,2027-04-29,2027-04-30,2027-05-03,2027-05-04,2027-05-05,2027-05-06,2027-05-07,2027-05-10,2027-05-11,2027-05-12,2027-05-13,2027-05-14,2027-05-17,2027-05-18,2027-05-19,2027-05-20,2027-05-21,2027-05-24,2027-05-25,2027-05-26,2027-05-27,2027-05-28,2027-06-01,2027-06-02,2027-06-03,2027-06-04,2027-06-07,2027-06-08,2027-06-09,2027-06-10,2027-06-11,2027-06-14,2027-06-15,2027-06-16,2027-06-17,2027-06-18,2027-06-21,2027-06-22,2027-06-23,2027-06-24,2027-06-25,2027-06-28,2027-06-29,2027-06-30,2027-07-01,2027-07-02,2027-07-06,2027-07-07,2027-07-08,2027-07-09,2027-07-12",,2026-07-13,2026-08-19,,hlgtfs.zip,hartford_gtfs_effective_2026-07-11_updated_2026-08-19.zip,0,To Northbound to Springfield; GTFS; gtfs_trip_id=1020; gtfs_service_id=2; source_origin=New Haven Union Station; source_destination=Springfield
CTrail,Hartford Line,Hartford Line,CTrail 4466,To Northbound to Springfield,BER,Berlin,5,19:41,19:41,2026-07-13,2027-07-12,"2026-07-13,2026-07-14,2026-07-15,2026-07-16,2026-07-17,2026-07-20,2026-07-21,2026-07-22,2026-07-23,2026-07-24,2026-07-27,2026-07-28,2026-07-29,2026-07-30,2026-07-31,2026-08-03,2026-08-04,2026-08-05,2026-08-06,2026-08-07,2026-08-10,2026-08-11,2026-08-12,2026-08-13,2026-08-14,2026-08-17,2026-08-18,2026-08-19,2026-08-20,2026-08-21,2026-08-24,2026-08-25,2026-08-26,2026-08-27,2026-08-28,2026-08-31,2026-09-01,2026-09-02,2026-09-03,2026-09-04,2026-09-08,2026-09-09,2026-09-10,2026-09-11,2026-09-14,2026-09-15,2026-09-16,2026-09-17,2026-09-18,2026-09-21,2026-09-22,2026-09-23,2026-09-24,2026-09-25,2026-09-28,2026-09-29,2026-09-30,2026-10-01,2026-10-02,2026-10-05,2026-10-06,2026-10-07,2026-10-08,2026-10-09,2026-10-12,2026-10-13,2026-10-14,2026-10-15,2026-10-16,2026-10-19,2026-10-20,2026-10-21,2026-10-22,2026-10-23,2026-10-26,2026-10-27,2026-10-28,2026-10-29,2026-10-30,2026-11-02,2026-11-03,2026-11-04,2026-11-05,2026-11-06,2026-11-09,2026-11-10,2026-11-11,2026-11-12,2026-11-13,2026-11-16,2026-11-17,2026-11-18,2026-11-19,2026-11-20,2026-11-23,2026-11-24,2026-11-25,2026-11-27,2026-11-30,2026-12-01,2026-12-02,2026-12-03,2026-12-04,2026-12-07,2026-12-08,2026-12-09,2026-12-10,2026-12-11,2026-12-14,2026-12-15,2026-12-16,2026-12-17,2026-12-18,2026-12-21,2026-12-22,2026-12-23,2026-12-24,2026-12-28,2026-12-29,2026-12-30,2026-12-31,2027-01-04,2027-01-05,2027-01-06,2027-01-07,2027-01-08,2027-01-11,2027-01-12,2027-01-13,2027-01-14,2027-01-15,2027-01-19,2027-01-20,2027-01-21,2027-01-22,2027-01-25,2027-01-26,2027-01-27,2027-01-28,2027-01-29,2027-02-01,2027-02-02,2027-02-03,2027-02-04,2027-02-05,2027-02-08,2027-02-09,2027-02-10,2027-02-11,2027-02-12,2027-02-16,2027-02-17,2027-02-18,2027-02-19,2027-02-22,2027-02-23,2027-02-24,2027-02-25,2027-02-26,2027-03-01,2027-03-02,2027-03-03,2027-03-04,2027-03-05,2027-03-08,2027-03-09,2027-03-10,2027-03-11,2027-03-12,2027-03-15,2027-03-16,2027-03-17,2027-03-18,2027-03-19,2027-03-22,2027-03-23,2027-03-24,2027-03-25,2027-03-26,2027-03-29,2027-03-30,2027-03-31,2027-04-01,2027-04-02,2027-04-05,2027-04-06,2027-04-07,2027-04-08,2027-04-09,2027-04-12,2027-04-13,2027-04-14,2027-04-15,2027-04-16,2027-04-19,2027-04-20,2027-04-21,2027-04-22,2027-04-23,2027-04-26,2027-04-27,2027-04-28,2027-04-29,2027-04-30,2027-05-03,2027-05-04,2027-05-05,2027-05-06,2027-05-07,2027-05-10,2027-05-11,2027-05-12,2027-05-13,2027-05-14,2027-05-17,2027-05-18,2027-05-19,2027-05-20,2027-05-21,2027-05-24,2027-05-25,2027-05-26,2027-05-27,2027-05-28,2027-06-01,2027-06-02,2027-06-03,2027-06-04,2027-06-07,2027-06-08,2027-06-09,2027-06-10,2027-06-11,2027-06-14,2027-06-15,2027-06-16,2027-06-17,2027-06-18,2027-06-21,2027-06-22,2027-06-23,2027-06-24,2027-06-25,2027-06-28,2027-06-29,2027-06-30,2027-07-01,2027-07-02,2027-07-06,2027-07-07,2027-07-08,2027-07-09,2027-07-12",,2026-07-13,2026-08-19,,hlgtfs.zip,hartford_gtfs_effective_2026-07-11_updated_2026-08-19.zip,0,To Northbound to Springfield; GTFS; gtfs_trip_id=1020; gtfs_service_id=2; source_origin=New Haven Union Station; source_destination=Springfield
CTrail,Hartford Line,Hartford Line,CTrail 4466,To Northbound to Springfield,HFD,Hartford,6,19:54,19:54,2026-07-13,2027-07-12,"2026-07-13,2026-07-14,2026-07-15,2026-07-16,2026-07-17,2026-07-20,2026-07-21,2026-07-22,2026-07-23,2026-07-24,2026-07-27,2026-07-28,2026-07-29,2026-07-30,2026-07-31,2026-08-03,2026-08-04,2026-08-05,2026-08-06,2026-08-07,2026-08-10,2026-08-11,2026-08-12,2026-08-13,2026-08-14,2026-08-17,2026-08-18,2026-08-19,2026-08-20,2026-08-21,2026-08-24,2026-08-25,2026-08-26,2026-08-27,2026-08-28,2026-08-31,2026-09-01,2026-09-02,2026-09-03,2026-09-04,2026-09-08,2026-09-09,2026-09-10,2026-09-11,2026-09-14,2026-09-15,2026-09-16,2026-09-17,2026-09-18,2026-09-21,2026-09-22,2026-09-23,2026-09-24,2026-09-25,2026-09-28,2026-09-29,2026-09-30,2026-10-01,2026-10-02,2026-10-05,2026-10-06,2026-10-07,2026-10-08,2026-10-09,2026-10-12,2026-10-13,2026-10-14,2026-10-15,2026-10-16,2026-10-19,2026-10-20,2026-10-21,2026-10-22,2026-10-23,2026-10-26,2026-10-27,2026-10-28,2026-10-29,2026-10-30,2026-11-02,2026-11-03,2026-11-04,2026-11-05,2026-11-06,2026-11-09,2026-11-10,2026-11-11,2026-11-12,2026-11-13,2026-11-16,2026-11-17,2026-11-18,2026-11-19,2026-11-20,2026-11-23,2026-11-24,2026-11-25,2026-11-27,2026-11-30,2026-12-01,2026-12-02,2026-12-03,2026-12-04,2026-12-07,2026-12-08,2026-12-09,2026-12-10,2026-12-11,2026-12-14,2026-12-15,2026-12-16,2026-12-17,2026-12-18,2026-12-21,2026-12-22,2026-12-23,2026-12-24,2026-12-28,2026-12-29,2026-12-30,2026-12-31,2027-01-04,2027-01-05,2027-01-06,2027-01-07,2027-01-08,2027-01-11,2027-01-12,2027-01-13,2027-01-14,2027-01-15,2027-01-19,2027-01-20,2027-01-21,2027-01-22,2027-01-25,2027-01-26,2027-01-27,2027-01-28,2027-01-29,2027-02-01,2027-02-02,2027-02-03,2027-02-04,2027-02-05,2027-02-08,2027-02-09,2027-02-10,2027-02-11,2027-02-12,2027-02-16,2027-02-17,2027-02-18,2027-02-19,2027-02-22,2027-02-23,2027-02-24,2027-02-25,2027-02-26,2027-03-01,2027-03-02,2027-03-03,2027-03-04,2027-03-05,2027-03-08,2027-03-09,2027-03-10,2027-03-11,2027-03-12,2027-03-15,2027-03-16,2027-03-17,2027-03-18,2027-03-19,2027-03-22,2027-03-23,2027-03-24,2027-03-25,2027-03-26,2027-03-29,2027-03-30,2027-03-31,2027-04-01,2027-04-02,2027-04-05,2027-04-06,2027-04-07,2027-04-08,2027-04-09,2027-04-12,2027-04-13,2027-04-14,2027-04-15,2027-04-16,2027-04-19,2027-04-20,2027-04-21,2027-04-22,2027-04-23,2027-04-26,2027-04-27,2027-04-28,2027-04-29,2027-04-30,2027-05-03,2027-05-04,2027-05-05,2027-05-06,2027-05-07,2027-05-10,2027-05-11,2027-05-12,2027-05-13,2027-05-14,2027-05-17,2027-05-18,2027-05-19,2027-05-20,2027-05-21,2027-05-24,2027-05-25,2027-05-26,2027-05-27,2027-05-28,2027-06-01,2027-06-02,2027-06-03,2027-06-04,2027-06-07,2027-06-08,2027-06-09,2027-06-10,2027-06-11,2027-06-14,2027-06-15,2027-06-16,2027-06-17,2027-06-18,2027-06-21,2027-06-22,2027-06-23,2027-06-24,2027-06-25,2027-06-28,2027-06-29,2027-06-30,2027-07-01,2027-07-02,2027-07-06,2027-07-07,2027-07-08,2027-07-09,2027-07-12",,2026-07-13,2026-08-19,,hlgtfs.zip,hartford_gtfs_effective_2026-07-11_updated_2026-08-19.zip,0,To Northbound to Springfield; GTFS; gtfs_trip_id=1020; gtfs_service_id=2; source_origin=New Haven Union Station; source_destination=Springfield
CTrail,Hartford Line,Hartford Line,CTrail 4466,To Northbound to Springfield,WND,Windsor,7,20:02,20:02,2026-07-13,2027-07-12,"2026-07-13,2026-07-14,2026-07-15,2026-07-16,2026-07-17,2026-07-20,2026-07-21,2026-07-22,2026-07-23,2026-07-24,2026-07-27,2026-07-28,2026-07-29,2026-07-30,2026-07-31,2026-08-03,2026-08-04,2026-08-05,2026-08-06,2026-08-07,2026-08-10,2026-08-11,2026-08-12,2026-08-13,2026-08-14,2026-08-17,2026-08-18,2026-08-19,2026-08-20,2026-08-21,2026-08-24,2026-08-25,2026-08-26,2026-08-27,2026-08-28,2026-08-31,2026-09-01,2026-09-02,2026-09-03,2026-09-04,2026-09-08,2026-09-09,2026-09-10,2026-09-11,2026-09-14,2026-09-15,2026-09-16,2026-09-17,2026-09-18,2026-09-21,2026-09-22,2026-09-23,2026-09-24,2026-09-25,2026-09-28,2026-09-29,2026-09-30,2026-10-01,2026-10-02,2026-10-05,2026-10-06,2026-10-07,2026-10-08,2026-10-09,2026-10-12,2026-10-13,2026-10-14,2026-10-15,2026-10-16,2026-10-19,2026-10-20,2026-10-21,2026-10-22,2026-10-23,2026-10-26,2026-10-27,2026-10-28,2026-10-29,2026-10-30,2026-11-02,2026-11-03,2026-11-04,2026-11-05,2026-11-06,2026-11-09,2026-11-10,2026-11-11,2026-11-12,2026-11-13,2026-11-16,2026-11-17,2026-11-18,2026-11-19,2026-11-20,2026-11-23,2026-11-24,2026-11-25,2026-11-27,2026-11-30,2026-12-01,2026-12-02,2026-12-03,2026-12-04,2026-12-07,2026-12-08,2026-12-09,2026-12-10,2026-12-11,2026-12-14,2026-12-15,2026-12-16,2026-12-17,2026-12-18,2026-12-21,2026-12-22,2026-12-23,2026-12-24,2026-12-28,2026-12-29,2026-12-30,2026-12-31,2027-01-04,2027-01-05,2027-01-06,2027-01-07,2027-01-08,2027-01-11,2027-01-12,2027-01-13,2027-01-14,2027-01-15,2027-01-19,2027-01-20,2027-01-21,2027-01-22,2027-01-25,2027-01-26,2027-01-27,2027-01-28,2027-01-29,2027-02-01,2027-02-02,2027-02-03,2027-02-04,2027-02-05,2027-02-08,2027-02-09,2027-02-10,2027-02-11,2027-02-12,2027-02-16,2027-02-17,2027-02-18,2027-02-19,2027-02-22,2027-02-23,2027-02-24,2027-02-25,2027-02-26,2027-03-01,2027-03-02,2027-03-03,2027-03-04,2027-03-05,2027-03-08,2027-03-09,2027-03-10,2027-03-11,2027-03-12,2027-03-15,2027-03-16,2027-03-17,2027-03-18,2027-03-19,2027-03-22,2027-03-23,2027-03-24,2027-03-25,2027-03-26,2027-03-29,2027-03-30,2027-03-31,2027-04-01,2027-04-02,2027-04-05,2027-04-06,2027-04-07,2027-04-08,2027-04-09,2027-04-12,2027-04-13,2027-04-14,2027-04-15,2027-04-16,2027-04-19,2027-04-20,2027-04-21,2027-04-22,2027-04-23,2027-04-26,2027-04-27,2027-04-28,2027-04-29,2027-04-30,2027-05-03,2027-05-04,2027-05-05,2027-05-06,2027-05-07,2027-05-10,2027-05-11,2027-05-12,2027-05-13,2027-05-14,2027-05-17,2027-05-18,2027-05-19,2027-05-20,2027-05-21,2027-05-24,2027-05-25,2027-05-26,2027-05-27,2027-05-28,2027-06-01,2027-06-02,2027-06-03,2027-06-04,2027-06-07,2027-06-08,2027-06-09,2027-06-10,2027-06-11,2027-06-14,2027-06-15,2027-06-16,2027-06-17,2027-06-18,2027-06-21,2027-06-22,2027-06-23,2027-06-24,2027-06-25,2027-06-28,2027-06-29,2027-06-30,2027-07-01,2027-07-02,2027-07-06,2027-07-07,2027-07-08,2027-07-09,2027-07-12",,2026-07-13,2026-08-19,,hlgtfs.zip,hartford_gtfs_effective_2026-07-11_updated_2026-08-19.zip,0,To Northbound to Springfield; GTFS; gtfs_trip_id=1020; gtfs_service_id=2; source_origin=New Haven Union Station; source_destination=Springfield
CTrail,Hartford Line,Hartford Line,CTrail 4466,To Northbound to Springfield,WNL,Windsor Locks,8,20:11,20:11,2026-07-13,2027-07-12,"2026-07-13,2026-07-14,2026-07-15,2026-07-16,2026-07-17,2026-07-20,2026-07-21,2026-07-22,2026-07-23,2026-07-24,2026-07-27,2026-07-28,2026-07-29,2026-07-30,2026-07-31,2026-08-03,2026-08-04,2026-08-05,2026-08-06,2026-08-07,2026-08-10,2026-08-11,2026-08-12,2026-08-13,2026-08-14,2026-08-17,2026-08-18,2026-08-19,2026-08-20,2026-08-21,2026-08-24,2026-08-25,2026-08-26,2026-08-27,2026-08-28,2026-08-31,2026-09-01,2026-09-02,2026-09-03,2026-09-04,2026-09-08,2026-09-09,2026-09-10,2026-09-11,2026-09-14,2026-09-15,2026-09-16,2026-09-17,2026-09-18,2026-09-21,2026-09-22,2026-09-23,2026-09-24,2026-09-25,2026-09-28,2026-09-29,2026-09-30,2026-10-01,2026-10-02,2026-10-05,2026-10-06,2026-10-07,2026-10-08,2026-10-09,2026-10-12,2026-10-13,2026-10-14,2026-10-15,2026-10-16,2026-10-19,2026-10-20,2026-10-21,2026-10-22,2026-10-23,2026-10-26,2026-10-27,2026-10-28,2026-10-29,2026-10-30,2026-11-02,2026-11-03,2026-11-04,2026-11-05,2026-11-06,2026-11-09,2026-11-10,2026-11-11,2026-11-12,2026-11-13,2026-11-16,2026-11-17,2026-11-18,2026-11-19,2026-11-20,2026-11-23,2026-11-24,2026-11-25,2026-11-27,2026-11-30,2026-12-01,2026-12-02,2026-12-03,2026-12-04,2026-12-07,2026-12-08,2026-12-09,2026-12-10,2026-12-11,2026-12-14,2026-12-15,2026-12-16,2026-12-17,2026-12-18,2026-12-21,2026-12-22,2026-12-23,2026-12-24,2026-12-28,2026-12-29,2026-12-30,2026-12-31,2027-01-04,2027-01-05,2027-01-06,2027-01-07,2027-01-08,2027-01-11,2027-01-12,2027-01-13,2027-01-14,2027-01-15,2027-01-19,2027-01-20,2027-01-21,2027-01-22,2027-01-25,2027-01-26,2027-01-27,2027-01-28,2027-01-29,2027-02-01,2027-02-02,2027-02-03,2027-02-04,2027-02-05,2027-02-08,2027-02-09,2027-02-10,2027-02-11,2027-02-12,2027-02-16,2027-02-17,2027-02-18,2027-02-19,2027-02-22,2027-02-23,2027-02-24,2027-02-25,2027-02-26,2027-03-01,2027-03-02,2027-03-03,2027-03-04,2027-03-05,2027-03-08,2027-03-09,2027-03-10,2027-03-11,2027-03-12,2027-03-15,2027-03-16,2027-03-17,2027-03-18,2027-03-19,2027-03-22,2027-03-23,2027-03-24,2027-03-25,2027-03-26,2027-03-29,2027-03-30,2027-03-31,2027-04-01,2027-04-02,2027-04-05,2027-04-06,2027-04-07,2027-04-08,2027-04-09,2027-04-12,2027-04-13,2027-04-14,2027-04-15,2027-04-16,2027-04-19,2027-04-20,2027-04-21,2027-04-22,2027-04-23,2027-04-26,2027-04-27,2027-04-28,2027-04-29,2027-04-30,2027-05-03,2027-05-04,2027-05-05,2027-05-06,2027-05-07,2027-05-10,2027-05-11,2027-05-12,2027-05-13,2027-05-14,2027-05-17,2027-05-18,2027-05-19,2027-05-20,2027-05-21,2027-05-24,2027-05-25,2027-05-26,2027-05-27,2027-05-28,2027-06-01,2027-06-02,2027-06-03,2027-06-04,2027-06-07,2027-06-08,2027-06-09,2027-06-10,2027-06-11,2027-06-14,2027-06-15,2027-06-16,2027-06-17,2027-06-18,2027-06-21,2027-06-22,2027-06-23,2027-06-24,2027-06-25,2027-06-28,2027-06-29,2027-06-30,2027-07-01,2027-07-02,2027-07-06,2027-07-07,2027-07-08,2027-07-09,2027-07-12",,2026-07-13,2026-08-19,,hlgtfs.zip,hartford_gtfs_effective_2026-07-11_updated_2026-08-19.zip,0,To Northbound to Springfield; GTFS; gtfs_trip_id=1020; gtfs_service_id=2; source_origin=New Haven Union Station; source_destination=Springfield
CTrail,Hartford Line,Hartford Line,CTrail 4466,To Northbound to Springfield,SPG,Springfield,9,20:36,20:36,2026-07-13,2027-07-12,"2026-07-13,2026-07-14,2026-07-15,2026-07-16,2026-07-17,2026-07-20,2026-07-21,2026-07-22,2026-07-23,2026-07-24,2026-07-27,2026-07-28,2026-07-29,2026-07-30,2026-07-31,2026-08-03,2026-08-04,2026-08-05,2026-08-06,2026-08-07,2026-08-10,2026-08-11,2026-08-12,2026-08-13,2026-08-14,2026-08-17,2026-08-18,2026-08-19,2026-08-20,2026-08-21,2026-08-24,2026-08-25,2026-08-26,2026-08-27,2026-08-28,2026-08-31,2026-09-01,2026-09-02,2026-09-03,2026-09-04,2026-09-08,2026-09-09,2026-09-10,2026-09-11,2026-09-14,2026-09-15,2026-09-16,2026-09-17,2026-09-18,2026-09-21,2026-09-22,2026-09-23,2026-09-24,2026-09-25,2026-09-28,2026-09-29,2026-09-30,2026-10-01,2026-10-02,2026-10-05,2026-10-06,2026-10-07,2026-10-08,2026-10-09,2026-10-12,2026-10-13,2026-10-14,2026-10-15,2026-10-16,2026-10-19,2026-10-20,2026-10-21,2026-10-22,2026-10-23,2026-10-26,2026-10-27,2026-10-28,2026-10-29,2026-10-30,2026-11-02,2026-11-03,2026-11-04,2026-11-05,2026-11-06,2026-11-09,2026-11-10,2026-11-11,2026-11-12,2026-11-13,2026-11-16,2026-11-17,2026-11-18,2026-11-19,2026-11-20,2026-11-23,2026-11-24,2026-11-25,2026-11-27,2026-11-30,2026-12-01,2026-12-02,2026-12-03,2026-12-04,2026-12-07,2026-12-08,2026-12-09,2026-12-10,2026-12-11,2026-12-14,2026-12-15,2026-12-16,2026-12-17,2026-12-18,2026-12-21,2026-12-22,2026-12-23,2026-12-24,2026-12-28,2026-12-29,2026-12-30,2026-12-31,2027-01-04,2027-01-05,2027-01-06,2027-01-07,2027-01-08,2027-01-11,2027-01-12,2027-01-13,2027-01-14,2027-01-15,2027-01-19,2027-01-20,2027-01-21,2027-01-22,2027-01-25,2027-01-26,2027-01-27,2027-01-28,2027-01-29,2027-02-01,2027-02-02,2027-02-03,2027-02-04,2027-02-05,2027-02-08,2027-02-09,2027-02-10,2027-02-11,2027-02-12,2027-02-16,2027-02-17,2027-02-18,2027-02-19,2027-02-22,2027-02-23,2027-02-24,2027-02-25,2027-02-26,2027-03-01,2027-03-02,2027-03-03,2027-03-04,2027-03-05,2027-03-08,2027-03-09,2027-03-10,2027-03-11,2027-03-12,2027-03-15,2027-03-16,2027-03-17,2027-03-18,2027-03-19,2027-03-22,2027-03-23,2027-03-24,2027-03-25,2027-03-26,2027-03-29,2027-03-30,2027-03-31,2027-04-01,2027-04-02,2027-04-05,2027-04-06,2027-04-07,2027-04-08,2027-04-09,2027-04-12,2027-04-13,2027-04-14,2027-04-15,2027-04-16,2027-04-19,2027-04-20,2027-04-21,2027-04-22,2027-04-23,2027-04-26,2027-04-27,2027-04-28,2027-04-29,2027-04-30,2027-05-03,2027-05-04,2027-05-05,2027-05-06,2027-05-07,2027-05-10,2027-05-11,2027-05-12,2027-05-13,2027-05-14,2027-05-17,2027-05-18,2027-05-19,2027-05-20,2027-05-21,2027-05-24,2027-05-25,2027-05-26,2027-05-27,2027-05-28,2027-06-01,2027-06-02,2027-06-03,2027-06-04,2027-06-07,2027-06-08,2027-06-09,2027-06-10,2027-06-11,2027-06-14,2027-06-15,2027-06-16,2027-06-17,2027-06-18,2027-06-21,2027-06-22,2027-06-23,2027-06-24,2027-06-25,2027-06-28,2027-06-29,2027-06-30,2027-07-01,2027-07-02,2027-07-06,2027-07-07,2027-07-08,2027-07-09,2027-07-12",,2026-07-13,2026-08-19,,hlgtfs.zip,hartford_gtfs_effective_2026-07-11_updated_2026-08-19.zip,0,To Northbound to Springfield; GTFS; gtfs_trip_id=1020; gtfs_service_id=2; source_origin=New Haven Union Station; source_destination=Springfield
CTrail,Hartford Line,Hartford Line,CTrail 4467,To Southbound to New Haven Union Station,SPG,Springfield,1,20:47,20:47,2026-07-13,2027-07-12,"2026-07-13,2026-07-14,2026-07-15,2026-07-16,2026-07-17,2026-07-20,2026-07-21,2026-07-22,2026-07-23,2026-07-24,2026-07-27,2026-07-28,2026-07-29,2026-07-30,2026-07-31,2026-08-03,2026-08-04,2026-08-05,2026-08-06,2026-08-07,2026-08-10,2026-08-11,2026-08-12,2026-08-13,2026-08-14,2026-08-17,2026-08-18,2026-08-19,2026-08-20,2026-08-21,2026-08-24,2026-08-25,2026-08-26,2026-08-27,2026-08-28,2026-08-31,2026-09-01,2026-09-02,2026-09-03,2026-09-04,2026-09-08,2026-09-09,2026-09-10,2026-09-11,2026-09-14,2026-09-15,2026-09-16,2026-09-17,2026-09-18,2026-09-21,2026-09-22,2026-09-23,2026-09-24,2026-09-25,2026-09-28,2026-09-29,2026-09-30,2026-10-01,2026-10-02,2026-10-05,2026-10-06,2026-10-07,2026-10-08,2026-10-09,2026-10-12,2026-10-13,2026-10-14,2026-10-15,2026-10-16,2026-10-19,2026-10-20,2026-10-21,2026-10-22,2026-10-23,2026-10-26,2026-10-27,2026-10-28,2026-10-29,2026-10-30,2026-11-02,2026-11-03,2026-11-04,2026-11-05,2026-11-06,2026-11-09,2026-11-10,2026-11-11,2026-11-12,2026-11-13,2026-11-16,2026-11-17,2026-11-18,2026-11-19,2026-11-20,2026-11-23,2026-11-24,2026-11-25,2026-11-27,2026-11-30,2026-12-01,2026-12-02,2026-12-03,2026-12-04,2026-12-07,2026-12-08,2026-12-09,2026-12-10,2026-12-11,2026-12-14,2026-12-15,2026-12-16,2026-12-17,2026-12-18,2026-12-21,2026-12-22,2026-12-23,2026-12-24,2026-12-28,2026-12-29,2026-12-30,2026-12-31,2027-01-04,2027-01-05,2027-01-06,2027-01-07,2027-01-08,2027-01-11,2027-01-12,2027-01-13,2027-01-14,2027-01-15,2027-01-19,2027-01-20,2027-01-21,2027-01-22,2027-01-25,2027-01-26,2027-01-27,2027-01-28,2027-01-29,2027-02-01,2027-02-02,2027-02-03,2027-02-04,2027-02-05,2027-02-08,2027-02-09,2027-02-10,2027-02-11,2027-02-12,2027-02-16,2027-02-17,2027-02-18,2027-02-19,2027-02-22,2027-02-23,2027-02-24,2027-02-25,2027-02-26,2027-03-01,2027-03-02,2027-03-03,2027-03-04,2027-03-05,2027-03-08,2027-03-09,2027-03-10,2027-03-11,2027-03-12,2027-03-15,2027-03-16,2027-03-17,2027-03-18,2027-03-19,2027-03-22,2027-03-23,2027-03-24,2027-03-25,2027-03-26,2027-03-29,2027-03-30,2027-03-31,2027-04-01,2027-04-02,2027-04-05,2027-04-06,2027-04-07,2027-04-08,2027-04-09,2027-04-12,2027-04-13,2027-04-14,2027-04-15,2027-04-16,2027-04-19,2027-04-20,2027-04-21,2027-04-22,2027-04-23,2027-04-26,2027-04-27,2027-04-28,2027-04-29,2027-04-30,2027-05-03,2027-05-04,2027-05-05,2027-05-06,2027-05-07,2027-05-10,2027-05-11,2027-05-12,2027-05-13,2027-05-14,2027-05-17,2027-05-18,2027-05-19,2027-05-20,2027-05-21,2027-05-24,2027-05-25,2027-05-26,2027-05-27,2027-05-28,2027-06-01,2027-06-02,2027-06-03,2027-06-04,2027-06-07,2027-06-08,2027-06-09,2027-06-10,2027-06-11,2027-06-14,2027-06-15,2027-06-16,2027-06-17,2027-06-18,2027-06-21,2027-06-22,2027-06-23,2027-06-24,2027-06-25,2027-06-28,2027-06-29,2027-06-30,2027-07-01,2027-07-02,2027-07-06,2027-07-07,2027-07-08,2027-07-09,2027-07-12",,2026-07-13,2026-08-19,,hlgtfs.zip,hartford_gtfs_effective_2026-07-11_updated_2026-08-19.zip,0,To Southbound to New Haven Union Station; GTFS; gtfs_trip_id=16020; gtfs_service_id=2; source_origin=Springfield; source_destination=New Haven Union Station
CTrail,Hartford Line,Hartford Line,CTrail 4467,To Southbound to New Haven Union Station,WNL,Windsor Locks,2,21:10,21:10,2026-07-13,2027-07-12,"2026-07-13,2026-07-14,2026-07-15,2026-07-16,2026-07-17,2026-07-20,2026-07-21,2026-07-22,2026-07-23,2026-07-24,2026-07-27,2026-07-28,2026-07-29,2026-07-30,2026-07-31,2026-08-03,2026-08-04,2026-08-05,2026-08-06,2026-08-07,2026-08-10,2026-08-11,2026-08-12,2026-08-13,2026-08-14,2026-08-17,2026-08-18,2026-08-19,2026-08-20,2026-08-21,2026-08-24,2026-08-25,2026-08-26,2026-08-27,2026-08-28,2026-08-31,2026-09-01,2026-09-02,2026-09-03,2026-09-04,2026-09-08,2026-09-09,2026-09-10,2026-09-11,2026-09-14,2026-09-15,2026-09-16,2026-09-17,2026-09-18,2026-09-21,2026-09-22,2026-09-23,2026-09-24,2026-09-25,2026-09-28,2026-09-29,2026-09-30,2026-10-01,2026-10-02,2026-10-05,2026-10-06,2026-10-07,2026-10-08,2026-10-09,2026-10-12,2026-10-13,2026-10-14,2026-10-15,2026-10-16,2026-10-19,2026-10-20,2026-10-21,2026-10-22,2026-10-23,2026-10-26,2026-10-27,2026-10-28,2026-10-29,2026-10-30,2026-11-02,2026-11-03,2026-11-04,2026-11-05,2026-11-06,2026-11-09,2026-11-10,2026-11-11,2026-11-12,2026-11-13,2026-11-16,2026-11-17,2026-11-18,2026-11-19,2026-11-20,2026-11-23,2026-11-24,2026-11-25,2026-11-27,2026-11-30,2026-12-01,2026-12-02,2026-12-03,2026-12-04,2026-12-07,2026-12-08,2026-12-09,2026-12-10,2026-12-11,2026-12-14,2026-12-15,2026-12-16,2026-12-17,2026-12-18,2026-12-21,2026-12-22,2026-12-23,2026-12-24,2026-12-28,2026-12-29,2026-12-30,2026-12-31,2027-01-04,2027-01-05,2027-01-06,2027-01-07,2027-01-08,2027-01-11,2027-01-12,2027-01-13,2027-01-14,2027-01-15,2027-01-19,2027-01-20,2027-01-21,2027-01-22,2027-01-25,2027-01-26,2027-01-27,2027-01-28,2027-01-29,2027-02-01,2027-02-02,2027-02-03,2027-02-04,2027-02-05,2027-02-08,2027-02-09,2027-02-10,2027-02-11,2027-02-12,2027-02-16,2027-02-17,2027-02-18,2027-02-19,2027-02-22,2027-02-23,2027-02-24,2027-02-25,2027-02-26,2027-03-01,2027-03-02,2027-03-03,2027-03-04,2027-03-05,2027-03-08,2027-03-09,2027-03-10,2027-03-11,2027-03-12,2027-03-15,2027-03-16,2027-03-17,2027-03-18,2027-03-19,2027-03-22,2027-03-23,2027-03-24,2027-03-25,2027-03-26,2027-03-29,2027-03-30,2027-03-31,2027-04-01,2027-04-02,2027-04-05,2027-04-06,2027-04-07,2027-04-08,2027-04-09,2027-04-12,2027-04-13,2027-04-14,2027-04-15,2027-04-16,2027-04-19,2027-04-20,2027-04-21,2027-04-22,2027-04-23,2027-04-26,2027-04-27,2027-04-28,2027-04-29,2027-04-30,2027-05-03,2027-05-04,2027-05-05,2027-05-06,2027-05-07,2027-05-10,2027-05-11,2027-05-12,2027-05-13,2027-05-14,2027-05-17,2027-05-18,2027-05-19,2027-05-20,2027-05-21,2027-05-24,2027-05-25,2027-05-26,2027-05-27,2027-05-28,2027-06-01,2027-06-02,2027-06-03,2027-06-04,2027-06-07,2027-06-08,2027-06-09,2027-06-10,2027-06-11,2027-06-14,2027-06-15,2027-06-16,2027-06-17,2027-06-18,2027-06-21,2027-06-22,2027-06-23,2027-06-24,2027-06-25,2027-06-28,2027-06-29,2027-06-30,2027-07-01,2027-07-02,2027-07-06,2027-07-07,2027-07-08,2027-07-09,2027-07-12",,2026-07-13,2026-08-19,,hlgtfs.zip,hartford_gtfs_effective_2026-07-11_updated_2026-08-19.zip,0,To Southbound to New Haven Union Station; GTFS; gtfs_trip_id=16020; gtfs_service_id=2; source_origin=Springfield; source_destination=New Haven Union Station
CTrail,Hartford Line,Hartford Line,CTrail 4467,To Southbound to New Haven Union Station,WND,Windsor,3,21:17,21:17,2026-07-13,2027-07-12,"2026-07-13,2026-07-14,2026-07-15,2026-07-16,2026-07-17,2026-07-20,2026-07-21,2026-07-22,2026-07-23,2026-07-24,2026-07-27,2026-07-28,2026-07-29,2026-07-30,2026-07-31,2026-08-03,2026-08-04,2026-08-05,2026-08-06,2026-08-07,2026-08-10,2026-08-11,2026-08-12,2026-08-13,2026-08-14,2026-08-17,2026-08-18,2026-08-19,2026-08-20,2026-08-21,2026-08-24,2026-08-25,2026-08-26,2026-08-27,2026-08-28,2026-08-31,2026-09-01,2026-09-02,2026-09-03,2026-09-04,2026-09-08,2026-09-09,2026-09-10,2026-09-11,2026-09-14,2026-09-15,2026-09-16,2026-09-17,2026-09-18,2026-09-21,2026-09-22,2026-09-23,2026-09-24,2026-09-25,2026-09-28,2026-09-29,2026-09-30,2026-10-01,2026-10-02,2026-10-05,2026-10-06,2026-10-07,2026-10-08,2026-10-09,2026-10-12,2026-10-13,2026-10-14,2026-10-15,2026-10-16,2026-10-19,2026-10-20,2026-10-21,2026-10-22,2026-10-23,2026-10-26,2026-10-27,2026-10-28,2026-10-29,2026-10-30,2026-11-02,2026-11-03,2026-11-04,2026-11-05,2026-11-06,2026-11-09,2026-11-10,2026-11-11,2026-11-12,2026-11-13,2026-11-16,2026-11-17,2026-11-18,2026-11-19,2026-11-20,2026-11-23,2026-11-24,2026-11-25,2026-11-27,2026-11-30,2026-12-01,2026-12-02,2026-12-03,2026-12-04,2026-12-07,2026-12-08,2026-12-09,2026-12-10,2026-12-11,2026-12-14,2026-12-15,2026-12-16,2026-12-17,2026-12-18,2026-12-21,2026-12-22,2026-12-23,2026-12-24,2026-12-28,2026-12-29,2026-12-30,2026-12-31,2027-01-04,2027-01-05,2027-01-06,2027-01-07,2027-01-08,2027-01-11,2027-01-12,2027-01-13,2027-01-14,2027-01-15,2027-01-19,2027-01-20,2027-01-21,2027-01-22,2027-01-25,2027-01-26,2027-01-27,2027-01-28,2027-01-29,2027-02-01,2027-02-02,2027-02-03,2027-02-04,2027-02-05,2027-02-08,2027-02-09,2027-02-10,2027-02-11,2027-02-12,2027-02-16,2027-02-17,2027-02-18,2027-02-19,2027-02-22,2027-02-23,2027-02-24,2027-02-25,2027-02-26,2027-03-01,2027-03-02,2027-03-03,2027-03-04,2027-03-05,2027-03-08,2027-03-09,2027-03-10,2027-03-11,2027-03-12,2027-03-15,2027-03-16,2027-03-17,2027-03-18,2027-03-19,2027-03-22,2027-03-23,2027-03-24,2027-03-25,2027-03-26,2027-03-29,2027-03-30,2027-03-31,2027-04-01,2027-04-02,2027-04-05,2027-04-06,2027-04-07,2027-04-08,2027-04-09,2027-04-12,2027-04-13,2027-04-14,2027-04-15,2027-04-16,2027-04-19,2027-04-20,2027-04-21,2027-04-22,2027-04-23,2027-04-26,2027-04-27,2027-04-28,2027-04-29,2027-04-30,2027-05-03,2027-05-04,2027-05-05,2027-05-06,2027-05-07,2027-05-10,2027-05-11,2027-05-12,2027-05-13,2027-05-14,2027-05-17,2027-05-18,2027-05-19,2027-05-20,2027-05-21,2027-05-24,2027-05-25,2027-05-26,2027-05-27,2027-05-28,2027-06-01,2027-06-02,2027-06-03,2027-06-04,2027-06-07,2027-06-08,2027-06-09,2027-06-10,2027-06-11,2027-06-14,2027-06-15,2027-06-16,2027-06-17,2027-06-18,2027-06-21,2027-06-22,2027-06-23,2027-06-24,2027-06-25,2027-06-28,2027-06-29,2027-06-30,2027-07-01,2027-07-02,2027-07-06,2027-07-07,2027-07-08,2027-07-09,2027-07-12",,2026-07-13,2026-08-19,,hlgtfs.zip,hartford_gtfs_effective_2026-07-11_updated_2026-08-19.zip,0,To Southbound to New Haven Union Station; GTFS; gtfs_trip_id=16020; gtfs_service_id=2; source_origin=Springfield; source_destination=New Haven Union Station
CTrail,Hartford Line,Hartford Line,CTrail 4467,To Southbound to New Haven Union Station,HFD,Hartford,4,21:26,21:26,2026-07-13,2027-07-12,"2026-07-13,2026-07-14,2026-07-15,2026-07-16,2026-07-17,2026-07-20,2026-07-21,2026-07-22,2026-07-23,2026-07-24,2026-07-27,2026-07-28,2026-07-29,2026-07-30,2026-07-31,2026-08-03,2026-08-04,2026-08-05,2026-08-06,2026-08-07,2026-08-10,2026-08-11,2026-08-12,2026-08-13,2026-08-14,2026-08-17,2026-08-18,2026-08-19,2026-08-20,2026-08-21,2026-08-24,2026-08-25,2026-08-26,2026-08-27,2026-08-28,2026-08-31,2026-09-01,2026-09-02,2026-09-03,2026-09-04,2026-09-08,2026-09-09,2026-09-10,2026-09-11,2026-09-14,2026-09-15,2026-09-16,2026-09-17,2026-09-18,2026-09-21,2026-09-22,2026-09-23,2026-09-24,2026-09-25,2026-09-28,2026-09-29,2026-09-30,2026-10-01,2026-10-02,2026-10-05,2026-10-06,2026-10-07,2026-10-08,2026-10-09,2026-10-12,2026-10-13,2026-10-14,2026-10-15,2026-10-16,2026-10-19,2026-10-20,2026-10-21,2026-10-22,2026-10-23,2026-10-26,2026-10-27,2026-10-28,2026-10-29,2026-10-30,2026-11-02,2026-11-03,2026-11-04,2026-11-05,2026-11-06,2026-11-09,2026-11-10,2026-11-11,2026-11-12,2026-11-13,2026-11-16,2026-11-17,2026-11-18,2026-11-19,2026-11-20,2026-11-23,2026-11-24,2026-11-25,2026-11-27,2026-11-30,2026-12-01,2026-12-02,2026-12-03,2026-12-04,2026-12-07,2026-12-08,2026-12-09,2026-12-10,2026-12-11,2026-12-14,2026-12-15,2026-12-16,2026-12-17,2026-12-18,2026-12-21,2026-12-22,2026-12-23,2026-12-24,2026-12-28,2026-12-29,2026-12-30,2026-12-31,2027-01-04,2027-01-05,2027-01-06,2027-01-07,2027-01-08,2027-01-11,2027-01-12,2027-01-13,2027-01-14,2027-01-15,2027-01-19,2027-01-20,2027-01-21,2027-01-22,2027-01-25,2027-01-26,2027-01-27,2027-01-28,2027-01-29,2027-02-01,2027-02-02,2027-02-03,2027-02-04,2027-02-05,2027-02-08,2027-02-09,2027-02-10,2027-02-11,2027-02-12,2027-02-16,2027-02-17,2027-02-18,2027-02-19,2027-02-22,2027-02-23,2027-02-24,2027-02-25,2027-02-26,2027-03-01,2027-03-02,2027-03-03,2027-03-04,2027-03-05,2027-03-08,2027-03-09,2027-03-10,2027-03-11,2027-03-12,2027-03-15,2027-03-16,2027-03-17,2027-03-18,2027-03-19,2027-03-22,2027-03-23,2027-03-24,2027-03-25,2027-03-26,2027-03-29,2027-03-30,2027-03-31,2027-04-01,2027-04-02,2027-04-05,2027-04-06,2027-04-07,2027-04-08,2027-04-09,2027-04-12,2027-04-13,2027-04-14,2027-04-15,2027-04-16,2027-04-19,2027-04-20,2027-04-21,2027-04-22,2027-04-23,2027-04-26,2027-04-27,2027-04-28,2027-04-29,2027-04-30,2027-05-03,2027-05-04,2027-05-05,2027-05-06,2027-05-07,2027-05-10,2027-05-11,2027-05-12,2027-05-13,2027-05-14,2027-05-17,2027-05-18,2027-05-19,2027-05-20,2027-05-21,2027-05-24,2027-05-25,2027-05-26,2027-05-27,2027-05-28,2027-06-01,2027-06-02,2027-06-03,2027-06-04,2027-06-07,2027-06-08,2027-06-09,2027-06-10,2027-06-11,2027-06-14,2027-06-15,2027-06-16,2027-06-17,2027-06-18,2027-06-21,2027-06-22,2027-06-23,2027-06-24,2027-06-25,2027-06-28,2027-06-29,2027-06-30,2027-07-01,2027-07-02,2027-07-06,2027-07-07,2027-07-08,2027-07-09,2027-07-12",,2026-07-13,2026-08-19,,hlgtfs.zip,hartford_gtfs_effective_2026-07-11_updated_2026-08-19.zip,0,To Southbound to New Haven Union Station; GTFS; gtfs_trip_id=16020; gtfs_service_id=2; source_origin=Springfield; source_destination=New Haven Union Station
CTrail,Hartford Line,Hartford Line,CTrail 4467,To Southbound to New Haven Union Station,BER,Berlin,5,21:38,21:38,2026-07-13,2027-07-12,"2026-07-13,2026-07-14,2026-07-15,2026-07-16,2026-07-17,2026-07-20,2026-07-21,2026-07-22,2026-07-23,2026-07-24,2026-07-27,2026-07-28,2026-07-29,2026-07-30,2026-07-31,2026-08-03,2026-08-04,2026-08-05,2026-08-06,2026-08-07,2026-08-10,2026-08-11,2026-08-12,2026-08-13,2026-08-14,2026-08-17,2026-08-18,2026-08-19,2026-08-20,2026-08-21,2026-08-24,2026-08-25,2026-08-26,2026-08-27,2026-08-28,2026-08-31,2026-09-01,2026-09-02,2026-09-03,2026-09-04,2026-09-08,2026-09-09,2026-09-10,2026-09-11,2026-09-14,2026-09-15,2026-09-16,2026-09-17,2026-09-18,2026-09-21,2026-09-22,2026-09-23,2026-09-24,2026-09-25,2026-09-28,2026-09-29,2026-09-30,2026-10-01,2026-10-02,2026-10-05,2026-10-06,2026-10-07,2026-10-08,2026-10-09,2026-10-12,2026-10-13,2026-10-14,2026-10-15,2026-10-16,2026-10-19,2026-10-20,2026-10-21,2026-10-22,2026-10-23,2026-10-26,2026-10-27,2026-10-28,2026-10-29,2026-10-30,2026-11-02,2026-11-03,2026-11-04,2026-11-05,2026-11-06,2026-11-09,2026-11-10,2026-11-11,2026-11-12,2026-11-13,2026-11-16,2026-11-17,2026-11-18,2026-11-19,2026-11-20,2026-11-23,2026-11-24,2026-11-25,2026-11-27,2026-11-30,2026-12-01,2026-12-02,2026-12-03,2026-12-04,2026-12-07,2026-12-08,2026-12-09,2026-12-10,2026-12-11,2026-12-14,2026-12-15,2026-12-16,2026-12-17,2026-12-18,2026-12-21,2026-12-22,2026-12-23,2026-12-24,2026-12-28,2026-12-29,2026-12-30,2026-12-31,2027-01-04,2027-01-05,2027-01-06,2027-01-07,2027-01-08,2027-01-11,2027-01-12,2027-01-13,2027-01-14,2027-01-15,2027-01-19,2027-01-20,2027-01-21,2027-01-22,2027-01-25,2027-01-26,2027-01-27,2027-01-28,2027-01-29,2027-02-01,2027-02-02,2027-02-03,2027-02-04,2027-02-05,2027-02-08,2027-02-09,2027-02-10,2027-02-11,2027-02-12,2027-02-16,2027-02-17,2027-02-18,2027-02-19,2027-02-22,2027-02-23,2027-02-24,2027-02-25,2027-02-26,2027-03-01,2027-03-02,2027-03-03,2027-03-04,2027-03-05,2027-03-08,2027-03-09,2027-03-10,2027-03-11,2027-03-12,2027-03-15,2027-03-16,2027-03-17,2027-03-18,2027-03-19,2027-03-22,2027-03-23,2027-03-24,2027-03-25,2027-03-26,2027-03-29,2027-03-30,2027-03-31,2027-04-01,2027-04-02,2027-04-05,2027-04-06,2027-04-07,2027-04-08,2027-04-09,2027-04-12,2027-04-13,2027-04-14,2027-04-15,2027-04-16,2027-04-19,2027-04-20,2027-04-21,2027-04-22,2027-04-23,2027-04-26,2027-04-27,2027-04-28,2027-04-29,2027-04-30,2027-05-03,2027-05-04,2027-05-05,2027-05-06,2027-05-07,2027-05-10,2027-05-11,2027-05-12,2027-05-13,2027-05-14,2027-05-17,2027-05-18,2027-05-19,2027-05-20,2027-05-21,2027-05-24,2027-05-25,2027-05-26,2027-05-27,2027-05-28,2027-06-01,2027-06-02,2027-06-03,2027-06-04,2027-06-07,2027-06-08,2027-06-09,2027-06-10,2027-06-11,2027-06-14,2027-06-15,2027-06-16,2027-06-17,2027-06-18,2027-06-21,2027-06-22,2027-06-23,2027-06-24,2027-06-25,2027-06-28,2027-06-29,2027-06-30,2027-07-01,2027-07-02,2027-07-06,2027-07-07,2027-07-08,2027-07-09,2027-07-12",,2026-07-13,2026-08-19,,hlgtfs.zip,hartford_gtfs_effective_2026-07-11_updated_2026-08-19.zip,0,To Southbound to New Haven Union Station; GTFS; gtfs_trip_id=16020; gtfs_service_id=2; source_origin=Springfield; source_destination=New Haven Union Station
CTrail,Hartford Line,Hartford Line,CTrail 4467,To Southbound to New Haven Union Station,MDN,Meriden,6,21:47,21:47,2026-07-13,2027-07-12,"2026-07-13,2026-07-14,2026-07-15,2026-07-16,2026-07-17,2026-07-20,2026-07-21,2026-07-22,2026-07-23,2026-07-24,2026-07-27,2026-07-28,2026-07-29,2026-07-30,2026-07-31,2026-08-03,2026-08-04,2026-08-05,2026-08-06,2026-08-07,2026-08-10,2026-08-11,2026-08-12,2026-08-13,2026-08-14,2026-08-17,2026-08-18,2026-08-19,2026-08-20,2026-08-21,2026-08-24,2026-08-25,2026-08-26,2026-08-27,2026-08-28,2026-08-31,2026-09-01,2026-09-02,2026-09-03,2026-09-04,2026-09-08,2026-09-09,2026-09-10,2026-09-11,2026-09-14,2026-09-15,2026-09-16,2026-09-17,2026-09-18,2026-09-21,2026-09-22,2026-09-23,2026-09-24,2026-09-25,2026-09-28,2026-09-29,2026-09-30,2026-10-01,2026-10-02,2026-10-05,2026-10-06,2026-10-07,2026-10-08,2026-10-09,2026-10-12,2026-10-13,2026-10-14,2026-10-15,2026-10-16,2026-10-19,2026-10-20,2026-10-21,2026-10-22,2026-10-23,2026-10-26,2026-10-27,2026-10-28,2026-10-29,2026-10-30,2026-11-02,2026-11-03,2026-11-04,2026-11-05,2026-11-06,2026-11-09,2026-11-10,2026-11-11,2026-11-12,2026-11-13,2026-11-16,2026-11-17,2026-11-18,2026-11-19,2026-11-20,2026-11-23,2026-11-24,2026-11-25,2026-11-27,2026-11-30,2026-12-01,2026-12-02,2026-12-03,2026-12-04,2026-12-07,2026-12-08,2026-12-09,2026-12-10,2026-12-11,2026-12-14,2026-12-15,2026-12-16,2026-12-17,2026-12-18,2026-12-21,2026-12-22,2026-12-23,2026-12-24,2026-12-28,2026-12-29,2026-12-30,2026-12-31,2027-01-04,2027-01-05,2027-01-06,2027-01-07,2027-01-08,2027-01-11,2027-01-12,2027-01-13,2027-01-14,2027-01-15,2027-01-19,2027-01-20,2027-01-21,2027-01-22,2027-01-25,2027-01-26,2027-01-27,2027-01-28,2027-01-29,2027-02-01,2027-02-02,2027-02-03,2027-02-04,2027-02-05,2027-02-08,2027-02-09,2027-02-10,2027-02-11,2027-02-12,2027-02-16,2027-02-17,2027-02-18,2027-02-19,2027-02-22,2027-02-23,2027-02-24,2027-02-25,2027-02-26,2027-03-01,2027-03-02,2027-03-03,2027-03-04,2027-03-05,2027-03-08,2027-03-09,2027-03-10,2027-03-11,2027-03-12,2027-03-15,2027-03-16,2027-03-17,2027-03-18,2027-03-19,2027-03-22,2027-03-23,2027-03-24,2027-03-25,2027-03-26,2027-03-29,2027-03-30,2027-03-31,2027-04-01,2027-04-02,2027-04-05,2027-04-06,2027-04-07,2027-04-08,2027-04-09,2027-04-12,2027-04-13,2027-04-14,2027-04-15,2027-04-16,2027-04-19,2027-04-20,2027-04-21,2027-04-22,2027-04-23,2027-04-26,2027-04-27,2027-04-28,2027-04-29,2027-04-30,2027-05-03,2027-05-04,2027-05-05,2027-05-06,2027-05-07,2027-05-10,2027-05-11,2027-05-12,2027-05-13,2027-05-14,2027-05-17,2027-05-18,2027-05-19,2027-05-20,2027-05-21,2027-05-24,2027-05-25,2027-05-26,2027-05-27,2027-05-28,2027-06-01,2027-06-02,2027-06-03,2027-06-04,2027-06-07,2027-06-08,2027-06-09,2027-06-10,2027-06-11,2027-06-14,2027-06-15,2027-06-16,2027-06-17,2027-06-18,2027-06-21,2027-06-22,2027-06-23,2027-06-24,2027-06-25,2027-06-28,2027-06-29,2027-06-30,2027-07-01,2027-07-02,2027-07-06,2027-07-07,2027-07-08,2027-07-09,2027-07-12",,2026-07-13,2026-08-19,,hlgtfs.zip,hartford_gtfs_effective_2026-07-11_updated_2026-08-19.zip,0,To Southbound to New Haven Union Station; GTFS; gtfs_trip_id=16020; gtfs_service_id=2; source_origin=Springfield; source_destination=New Haven Union Station
CTrail,Hartford Line,Hartford Line,CTrail 4467,To Southbound to New Haven Union Station,WFD,Wallingford,7,21:56,21:56,2026-07-13,2027-07-12,"2026-07-13,2026-07-14,2026-07-15,2026-07-16,2026-07-17,2026-07-20,2026-07-21,2026-07-22,2026-07-23,2026-07-24,2026-07-27,2026-07-28,2026-07-29,2026-07-30,2026-07-31,2026-08-03,2026-08-04,2026-08-05,2026-08-06,2026-08-07,2026-08-10,2026-08-11,2026-08-12,2026-08-13,2026-08-14,2026-08-17,2026-08-18,2026-08-19,2026-08-20,2026-08-21,2026-08-24,2026-08-25,2026-08-26,2026-08-27,2026-08-28,2026-08-31,2026-09-01,2026-09-02,2026-09-03,2026-09-04,2026-09-08,2026-09-09,2026-09-10,2026-09-11,2026-09-14,2026-09-15,2026-09-16,2026-09-17,2026-09-18,2026-09-21,2026-09-22,2026-09-23,2026-09-24,2026-09-25,2026-09-28,2026-09-29,2026-09-30,2026-10-01,2026-10-02,2026-10-05,2026-10-06,2026-10-07,2026-10-08,2026-10-09,2026-10-12,2026-10-13,2026-10-14,2026-10-15,2026-10-16,2026-10-19,2026-10-20,2026-10-21,2026-10-22,2026-10-23,2026-10-26,2026-10-27,2026-10-28,2026-10-29,2026-10-30,2026-11-02,2026-11-03,2026-11-04,2026-11-05,2026-11-06,2026-11-09,2026-11-10,2026-11-11,2026-11-12,2026-11-13,2026-11-16,2026-11-17,2026-11-18,2026-11-19,2026-11-20,2026-11-23,2026-11-24,2026-11-25,2026-11-27,2026-11-30,2026-12-01,2026-12-02,2026-12-03,2026-12-04,2026-12-07,2026-12-08,2026-12-09,2026-12-10,2026-12-11,2026-12-14,2026-12-15,2026-12-16,2026-12-17,2026-12-18,2026-12-21,2026-12-22,2026-12-23,2026-12-24,2026-12-28,2026-12-29,2026-12-30,2026-12-31,2027-01-04,2027-01-05,2027-01-06,2027-01-07,2027-01-08,2027-01-11,2027-01-12,2027-01-13,2027-01-14,2027-01-15,2027-01-19,2027-01-20,2027-01-21,2027-01-22,2027-01-25,2027-01-26,2027-01-27,2027-01-28,2027-01-29,2027-02-01,2027-02-02,2027-02-03,2027-02-04,2027-02-05,2027-02-08,2027-02-09,2027-02-10,2027-02-11,2027-02-12,2027-02-16,2027-02-17,2027-02-18,2027-02-19,2027-02-22,2027-02-23,2027-02-24,2027-02-25,2027-02-26,2027-03-01,2027-03-02,2027-03-03,2027-03-04,2027-03-05,2027-03-08,2027-03-09,2027-03-10,2027-03-11,2027-03-12,2027-03-15,2027-03-16,2027-03-17,2027-03-18,2027-03-19,2027-03-22,2027-03-23,2027-03-24,2027-03-25,2027-03-26,2027-03-29,2027-03-30,2027-03-31,2027-04-01,2027-04-02,2027-04-05,2027-04-06,2027-04-07,2027-04-08,2027-04-09,2027-04-12,2027-04-13,2027-04-14,2027-04-15,2027-04-16,2027-04-19,2027-04-20,2027-04-21,2027-04-22,2027-04-23,2027-04-26,2027-04-27,2027-04-28,2027-04-29,2027-04-30,2027-05-03,2027-05-04,2027-05-05,2027-05-06,2027-05-07,2027-05-10,2027-05-11,2027-05-12,2027-05-13,2027-05-14,2027-05-17,2027-05-18,2027-05-19,2027-05-20,2027-05-21,2027-05-24,2027-05-25,2027-05-26,2027-05-27,2027-05-28,2027-06-01,2027-06-02,2027-06-03,2027-06-04,2027-06-07,2027-06-08,2027-06-09,2027-06-10,2027-06-11,2027-06-14,2027-06-15,2027-06-16,2027-06-17,2027-06-18,2027-06-21,2027-06-22,2027-06-23,2027-06-24,2027-06-25,2027-06-28,2027-06-29,2027-06-30,2027-07-01,2027-07-02,2027-07-06,2027-07-07,2027-07-08,2027-07-09,2027-07-12",,2026-07-13,2026-08-19,,hlgtfs.zip,hartford_gtfs_effective_2026-07-11_updated_2026-08-19.zip,0,To Southbound to New Haven Union Station; GTFS; gtfs_trip_id=16020; gtfs_service_id=2; source_origin=Springfield; source_destination=New Haven Union Station
CTrail,Hartford Line,Hartford Line,CTrail 4467,To Southbound to New Haven Union Station,STS,New Haven State Street,8,22:12,22:12,2026-07-13,2027-07-12,"2026-07-13,2026-07-14,2026-07-15,2026-07-16,2026-07-17,2026-07-20,2026-07-21,2026-07-22,2026-07-23,2026-07-24,2026-07-27,2026-07-28,2026-07-29,2026-07-30,2026-07-31,2026-08-03,2026-08-04,2026-08-05,2026-08-06,2026-08-07,2026-08-10,2026-08-11,2026-08-12,2026-08-13,2026-08-14,2026-08-17,2026-08-18,2026-08-19,2026-08-20,2026-08-21,2026-08-24,2026-08-25,2026-08-26,2026-08-27,2026-08-28,2026-08-31,2026-09-01,2026-09-02,2026-09-03,2026-09-04,2026-09-08,2026-09-09,2026-09-10,2026-09-11,2026-09-14,2026-09-15,2026-09-16,2026-09-17,2026-09-18,2026-09-21,2026-09-22,2026-09-23,2026-09-24,2026-09-25,2026-09-28,2026-09-29,2026-09-30,2026-10-01,2026-10-02,2026-10-05,2026-10-06,2026-10-07,2026-10-08,2026-10-09,2026-10-12,2026-10-13,2026-10-14,2026-10-15,2026-10-16,2026-10-19,2026-10-20,2026-10-21,2026-10-22,2026-10-23,2026-10-26,2026-10-27,2026-10-28,2026-10-29,2026-10-30,2026-11-02,2026-11-03,2026-11-04,2026-11-05,2026-11-06,2026-11-09,2026-11-10,2026-11-11,2026-11-12,2026-11-13,2026-11-16,2026-11-17,2026-11-18,2026-11-19,2026-11-20,2026-11-23,2026-11-24,2026-11-25,2026-11-27,2026-11-30,2026-12-01,2026-12-02,2026-12-03,2026-12-04,2026-12-07,2026-12-08,2026-12-09,2026-12-10,2026-12-11,2026-12-14,2026-12-15,2026-12-16,2026-12-17,2026-12-18,2026-12-21,2026-12-22,2026-12-23,2026-12-24,2026-12-28,2026-12-29,2026-12-30,2026-12-31,2027-01-04,2027-01-05,2027-01-06,2027-01-07,2027-01-08,2027-01-11,2027-01-12,2027-01-13,2027-01-14,2027-01-15,2027-01-19,2027-01-20,2027-01-21,2027-01-22,2027-01-25,2027-01-26,2027-01-27,2027-01-28,2027-01-29,2027-02-01,2027-02-02,2027-02-03,2027-02-04,2027-02-05,2027-02-08,2027-02-09,2027-02-10,2027-02-11,2027-02-12,2027-02-16,2027-02-17,2027-02-18,2027-02-19,2027-02-22,2027-02-23,2027-02-24,2027-02-25,2027-02-26,2027-03-01,2027-03-02,2027-03-03,2027-03-04,2027-03-05,2027-03-08,2027-03-09,2027-03-10,2027-03-11,2027-03-12,2027-03-15,2027-03-16,2027-03-17,2027-03-18,2027-03-19,2027-03-22,2027-03-23,2027-03-24,2027-03-25,2027-03-26,2027-03-29,2027-03-30,2027-03-31,2027-04-01,2027-04-02,2027-04-05,2027-04-06,2027-04-07,2027-04-08,2027-04-09,2027-04-12,2027-04-13,2027-04-14,2027-04-15,2027-04-16,2027-04-19,2027-04-20,2027-04-21,2027-04-22,2027-04-23,2027-04-26,2027-04-27,2027-04-28,2027-04-29,2027-04-30,2027-05-03,2027-05-04,2027-05-05,2027-05-06,2027-05-07,2027-05-10,2027-05-11,2027-05-12,2027-05-13,2027-05-14,2027-05-17,2027-05-18,2027-05-19,2027-05-20,2027-05-21,2027-05-24,2027-05-25,2027-05-26,2027-05-27,2027-05-28,2027-06-01,2027-06-02,2027-06-03,2027-06-04,2027-06-07,2027-06-08,2027-06-09,2027-06-10,2027-06-11,2027-06-14,2027-06-15,2027-06-16,2027-06-17,2027-06-18,2027-06-21,2027-06-22,2027-06-23,2027-06-24,2027-06-25,2027-06-28,2027-06-29,2027-06-30,2027-07-01,2027-07-02,2027-07-06,2027-07-07,2027-07-08,2027-07-09,2027-07-12",,2026-07-13,2026-08-19,,hlgtfs.zip,hartford_gtfs_effective_2026-07-11_updated_2026-08-19.zip,0,To Southbound to New Haven Union Station; GTFS; gtfs_trip_id=16020; gtfs_service_id=2; source_origin=Springfield; source_destination=New Haven Union Station
CTrail,Hartford Line,Hartford Line,CTrail 4467,To Southbound to New Haven Union Station,NHV,New Haven Union Station,9,22:17,22:17,2026-07-13,2027-07-12,"2026-07-13,2026-07-14,2026-07-15,2026-07-16,2026-07-17,2026-07-20,2026-07-21,2026-07-22,2026-07-23,2026-07-24,2026-07-27,2026-07-28,2026-07-29,2026-07-30,2026-07-31,2026-08-03,2026-08-04,2026-08-05,2026-08-06,2026-08-07,2026-08-10,2026-08-11,2026-08-12,2026-08-13,2026-08-14,2026-08-17,2026-08-18,2026-08-19,2026-08-20,2026-08-21,2026-08-24,2026-08-25,2026-08-26,2026-08-27,2026-08-28,2026-08-31,2026-09-01,2026-09-02,2026-09-03,2026-09-04,2026-09-08,2026-09-09,2026-09-10,2026-09-11,2026-09-14,2026-09-15,2026-09-16,2026-09-17,2026-09-18,2026-09-21,2026-09-22,2026-09-23,2026-09-24,2026-09-25,2026-09-28,2026-09-29,2026-09-30,2026-10-01,2026-10-02,2026-10-05,2026-10-06,2026-10-07,2026-10-08,2026-10-09,2026-10-12,2026-10-13,2026-10-14,2026-10-15,2026-10-16,2026-10-19,2026-10-20,2026-10-21,2026-10-22,2026-10-23,2026-10-26,2026-10-27,2026-10-28,2026-10-29,2026-10-30,2026-11-02,2026-11-03,2026-11-04,2026-11-05,2026-11-06,2026-11-09,2026-11-10,2026-11-11,2026-11-12,2026-11-13,2026-11-16,2026-11-17,2026-11-18,2026-11-19,2026-11-20,2026-11-23,2026-11-24,2026-11-25,2026-11-27,2026-11-30,2026-12-01,2026-12-02,2026-12-03,2026-12-04,2026-12-07,2026-12-08,2026-12-09,2026-12-10,2026-12-11,2026-12-14,2026-12-15,2026-12-16,2026-12-17,2026-12-18,2026-12-21,2026-12-22,2026-12-23,2026-12-24,2026-12-28,2026-12-29,2026-12-30,2026-12-31,2027-01-04,2027-01-05,2027-01-06,2027-01-07,2027-01-08,2027-01-11,2027-01-12,2027-01-13,2027-01-14,2027-01-15,2027-01-19,2027-01-20,2027-01-21,2027-01-22,2027-01-25,2027-01-26,2027-01-27,2027-01-28,2027-01-29,2027-02-01,2027-02-02,2027-02-03,2027-02-04,2027-02-05,2027-02-08,2027-02-09,2027-02-10,2027-02-11,2027-02-12,2027-02-16,2027-02-17,2027-02-18,2027-02-19,2027-02-22,2027-02-23,2027-02-24,2027-02-25,2027-02-26,2027-03-01,2027-03-02,2027-03-03,2027-03-04,2027-03-05,2027-03-08,2027-03-09,2027-03-10,2027-03-11,2027-03-12,2027-03-15,2027-03-16,2027-03-17,2027-03-18,2027-03-19,2027-03-22,2027-03-23,2027-03-24,2027-03-25,2027-03-26,2027-03-29,2027-03-30,2027-03-31,2027-04-01,2027-04-02,2027-04-05,2027-04-06,2027-04-07,2027-04-08,2027-04-09,2027-04-12,2027-04-13,2027-04-14,2027-04-15,2027-04-16,2027-04-19,2027-04-20,2027-04-21,2027-04-22,2027-04-23,2027-04-26,2027-04-27,2027-04-28,2027-04-29,2027-04-30,2027-05-03,2027-05-04,2027-05-05,2027-05-06,2027-05-07,2027-05-10,2027-05-11,2027-05-12,2027-05-13,2027-05-14,2027-05-17,2027-05-18,2027-05-19,2027-05-20,2027-05-21,2027-05-24,2027-05-25,2027-05-26,2027-05-27,2027-05-28,2027-06-01,2027-06-02,2027-06-03,2027-06-04,2027-06-07,2027-06-08,2027-06-09,2027-06-10,2027-06-11,2027-06-14,2027-06-15,2027-06-16,2027-06-17,2027-06-18,2027-06-21,2027-06-22,2027-06-23,2027-06-24,2027-06-25,2027-06-28,2027-06-29,2027-06-30,2027-07-01,2027-07-02,2027-07-06,2027-07-07,2027-07-08,2027-07-09,2027-07-12",,2026-07-13,2026-08-19,,hlgtfs.zip,hartford_gtfs_effective_2026-07-11_updated_2026-08-19.zip,0,To Southbound to New Haven Union Station; GTFS; gtfs_trip_id=16020; gtfs_service_id=2; source_origin=Springfield; source_destination=New Haven Union Station
CTrail,Hartford Line,Hartford Line,CTrail 4476,To Northbound to Springfield,NHV,New Haven Union Station,1,17:30,17:30,2026-07-13,2027-07-12,"2026-07-13,2026-07-14,2026-07-15,2026-07-16,2026-07-17,2026-07-20,2026-07-21,2026-07-22,2026-07-23,2026-07-24,2026-07-27,2026-07-28,2026-07-29,2026-07-30,2026-07-31,2026-08-03,2026-08-04,2026-08-05,2026-08-06,2026-08-07,2026-08-10,2026-08-11,2026-08-12,2026-08-13,2026-08-14,2026-08-17,2026-08-18,2026-08-19,2026-08-20,2026-08-21,2026-08-24,2026-08-25,2026-08-26,2026-08-27,2026-08-28,2026-08-31,2026-09-01,2026-09-02,2026-09-03,2026-09-04,2026-09-08,2026-09-09,2026-09-10,2026-09-11,2026-09-14,2026-09-15,2026-09-16,2026-09-17,2026-09-18,2026-09-21,2026-09-22,2026-09-23,2026-09-24,2026-09-25,2026-09-28,2026-09-29,2026-09-30,2026-10-01,2026-10-02,2026-10-05,2026-10-06,2026-10-07,2026-10-08,2026-10-09,2026-10-12,2026-10-13,2026-10-14,2026-10-15,2026-10-16,2026-10-19,2026-10-20,2026-10-21,2026-10-22,2026-10-23,2026-10-26,2026-10-27,2026-10-28,2026-10-29,2026-10-30,2026-11-02,2026-11-03,2026-11-04,2026-11-05,2026-11-06,2026-11-09,2026-11-10,2026-11-11,2026-11-12,2026-11-13,2026-11-16,2026-11-17,2026-11-18,2026-11-19,2026-11-20,2026-11-23,2026-11-24,2026-11-25,2026-11-27,2026-11-30,2026-12-01,2026-12-02,2026-12-03,2026-12-04,2026-12-07,2026-12-08,2026-12-09,2026-12-10,2026-12-11,2026-12-14,2026-12-15,2026-12-16,2026-12-17,2026-12-18,2026-12-21,2026-12-22,2026-12-23,2026-12-24,2026-12-28,2026-12-29,2026-12-30,2026-12-31,2027-01-04,2027-01-05,2027-01-06,2027-01-07,2027-01-08,2027-01-11,2027-01-12,2027-01-13,2027-01-14,2027-01-15,2027-01-19,2027-01-20,2027-01-21,2027-01-22,2027-01-25,2027-01-26,2027-01-27,2027-01-28,2027-01-29,2027-02-01,2027-02-02,2027-02-03,2027-02-04,2027-02-05,2027-02-08,2027-02-09,2027-02-10,2027-02-11,2027-02-12,2027-02-16,2027-02-17,2027-02-18,2027-02-19,2027-02-22,2027-02-23,2027-02-24,2027-02-25,2027-02-26,2027-03-01,2027-03-02,2027-03-03,2027-03-04,2027-03-05,2027-03-08,2027-03-09,2027-03-10,2027-03-11,2027-03-12,2027-03-15,2027-03-16,2027-03-17,2027-03-18,2027-03-19,2027-03-22,2027-03-23,2027-03-24,2027-03-25,2027-03-26,2027-03-29,2027-03-30,2027-03-31,2027-04-01,2027-04-02,2027-04-05,2027-04-06,2027-04-07,2027-04-08,2027-04-09,2027-04-12,2027-04-13,2027-04-14,2027-04-15,2027-04-16,2027-04-19,2027-04-20,2027-04-21,2027-04-22,2027-04-23,2027-04-26,2027-04-27,2027-04-28,2027-04-29,2027-04-30,2027-05-03,2027-05-04,2027-05-05,2027-05-06,2027-05-07,2027-05-10,2027-05-11,2027-05-12,2027-05-13,2027-05-14,2027-05-17,2027-05-18,2027-05-19,2027-05-20,2027-05-21,2027-05-24,2027-05-25,2027-05-26,2027-05-27,2027-05-28,2027-06-01,2027-06-02,2027-06-03,2027-06-04,2027-06-07,2027-06-08,2027-06-09,2027-06-10,2027-06-11,2027-06-14,2027-06-15,2027-06-16,2027-06-17,2027-06-18,2027-06-21,2027-06-22,2027-06-23,2027-06-24,2027-06-25,2027-06-28,2027-06-29,2027-06-30,2027-07-01,2027-07-02,2027-07-06,2027-07-07,2027-07-08,2027-07-09,2027-07-12",,2026-07-13,2026-08-19,,hlgtfs.zip,hartford_gtfs_effective_2026-07-11_updated_2026-08-19.zip,0,To Northbound to Springfield; GTFS; gtfs_trip_id=14020; gtfs_service_id=2; source_origin=New Haven Union Station; source_destination=Springfield
CTrail,Hartford Line,Hartford Line,CTrail 4476,To Northbound to Springfield,STS,New Haven State Street,2,17:33,17:33,2026-07-13,2027-07-12,"2026-07-13,2026-07-14,2026-07-15,2026-07-16,2026-07-17,2026-07-20,2026-07-21,2026-07-22,2026-07-23,2026-07-24,2026-07-27,2026-07-28,2026-07-29,2026-07-30,2026-07-31,2026-08-03,2026-08-04,2026-08-05,2026-08-06,2026-08-07,2026-08-10,2026-08-11,2026-08-12,2026-08-13,2026-08-14,2026-08-17,2026-08-18,2026-08-19,2026-08-20,2026-08-21,2026-08-24,2026-08-25,2026-08-26,2026-08-27,2026-08-28,2026-08-31,2026-09-01,2026-09-02,2026-09-03,2026-09-04,2026-09-08,2026-09-09,2026-09-10,2026-09-11,2026-09-14,2026-09-15,2026-09-16,2026-09-17,2026-09-18,2026-09-21,2026-09-22,2026-09-23,2026-09-24,2026-09-25,2026-09-28,2026-09-29,2026-09-30,2026-10-01,2026-10-02,2026-10-05,2026-10-06,2026-10-07,2026-10-08,2026-10-09,2026-10-12,2026-10-13,2026-10-14,2026-10-15,2026-10-16,2026-10-19,2026-10-20,2026-10-21,2026-10-22,2026-10-23,2026-10-26,2026-10-27,2026-10-28,2026-10-29,2026-10-30,2026-11-02,2026-11-03,2026-11-04,2026-11-05,2026-11-06,2026-11-09,2026-11-10,2026-11-11,2026-11-12,2026-11-13,2026-11-16,2026-11-17,2026-11-18,2026-11-19,2026-11-20,2026-11-23,2026-11-24,2026-11-25,2026-11-27,2026-11-30,2026-12-01,2026-12-02,2026-12-03,2026-12-04,2026-12-07,2026-12-08,2026-12-09,2026-12-10,2026-12-11,2026-12-14,2026-12-15,2026-12-16,2026-12-17,2026-12-18,2026-12-21,2026-12-22,2026-12-23,2026-12-24,2026-12-28,2026-12-29,2026-12-30,2026-12-31,2027-01-04,2027-01-05,2027-01-06,2027-01-07,2027-01-08,2027-01-11,2027-01-12,2027-01-13,2027-01-14,2027-01-15,2027-01-19,2027-01-20,2027-01-21,2027-01-22,2027-01-25,2027-01-26,2027-01-27,2027-01-28,2027-01-29,2027-02-01,2027-02-02,2027-02-03,2027-02-04,2027-02-05,2027-02-08,2027-02-09,2027-02-10,2027-02-11,2027-02-12,2027-02-16,2027-02-17,2027-02-18,2027-02-19,2027-02-22,2027-02-23,2027-02-24,2027-02-25,2027-02-26,2027-03-01,2027-03-02,2027-03-03,2027-03-04,2027-03-05,2027-03-08,2027-03-09,2027-03-10,2027-03-11,2027-03-12,2027-03-15,2027-03-16,2027-03-17,2027-03-18,2027-03-19,2027-03-22,2027-03-23,2027-03-24,2027-03-25,2027-03-26,2027-03-29,2027-03-30,2027-03-31,2027-04-01,2027-04-02,2027-04-05,2027-04-06,2027-04-07,2027-04-08,2027-04-09,2027-04-12,2027-04-13,2027-04-14,2027-04-15,2027-04-16,2027-04-19,2027-04-20,2027-04-21,2027-04-22,2027-04-23,2027-04-26,2027-04-27,2027-04-28,2027-04-29,2027-04-30,2027-05-03,2027-05-04,2027-05-05,2027-05-06,2027-05-07,2027-05-10,2027-05-11,2027-05-12,2027-05-13,2027-05-14,2027-05-17,2027-05-18,2027-05-19,2027-05-20,2027-05-21,2027-05-24,2027-05-25,2027-05-26,2027-05-27,2027-05-28,2027-06-01,2027-06-02,2027-06-03,2027-06-04,2027-06-07,2027-06-08,2027-06-09,2027-06-10,2027-06-11,2027-06-14,2027-06-15,2027-06-16,2027-06-17,2027-06-18,2027-06-21,2027-06-22,2027-06-23,2027-06-24,2027-06-25,2027-06-28,2027-06-29,2027-06-30,2027-07-01,2027-07-02,2027-07-06,2027-07-07,2027-07-08,2027-07-09,2027-07-12",,2026-07-13,2026-08-19,,hlgtfs.zip,hartford_gtfs_effective_2026-07-11_updated_2026-08-19.zip,0,To Northbound to Springfield; GTFS; gtfs_trip_id=14020; gtfs_service_id=2; source_origin=New Haven Union Station; source_destination=Springfield
CTrail,Hartford Line,Hartford Line,CTrail 4476,To Northbound to Springfield,WFD,Wallingford,3,17:50,17:50,2026-07-13,2027-07-12,"2026-07-13,2026-07-14,2026-07-15,2026-07-16,2026-07-17,2026-07-20,2026-07-21,2026-07-22,2026-07-23,2026-07-24,2026-07-27,2026-07-28,2026-07-29,2026-07-30,2026-07-31,2026-08-03,2026-08-04,2026-08-05,2026-08-06,2026-08-07,2026-08-10,2026-08-11,2026-08-12,2026-08-13,2026-08-14,2026-08-17,2026-08-18,2026-08-19,2026-08-20,2026-08-21,2026-08-24,2026-08-25,2026-08-26,2026-08-27,2026-08-28,2026-08-31,2026-09-01,2026-09-02,2026-09-03,2026-09-04,2026-09-08,2026-09-09,2026-09-10,2026-09-11,2026-09-14,2026-09-15,2026-09-16,2026-09-17,2026-09-18,2026-09-21,2026-09-22,2026-09-23,2026-09-24,2026-09-25,2026-09-28,2026-09-29,2026-09-30,2026-10-01,2026-10-02,2026-10-05,2026-10-06,2026-10-07,2026-10-08,2026-10-09,2026-10-12,2026-10-13,2026-10-14,2026-10-15,2026-10-16,2026-10-19,2026-10-20,2026-10-21,2026-10-22,2026-10-23,2026-10-26,2026-10-27,2026-10-28,2026-10-29,2026-10-30,2026-11-02,2026-11-03,2026-11-04,2026-11-05,2026-11-06,2026-11-09,2026-11-10,2026-11-11,2026-11-12,2026-11-13,2026-11-16,2026-11-17,2026-11-18,2026-11-19,2026-11-20,2026-11-23,2026-11-24,2026-11-25,2026-11-27,2026-11-30,2026-12-01,2026-12-02,2026-12-03,2026-12-04,2026-12-07,2026-12-08,2026-12-09,2026-12-10,2026-12-11,2026-12-14,2026-12-15,2026-12-16,2026-12-17,2026-12-18,2026-12-21,2026-12-22,2026-12-23,2026-12-24,2026-12-28,2026-12-29,2026-12-30,2026-12-31,2027-01-04,2027-01-05,2027-01-06,2027-01-07,2027-01-08,2027-01-11,2027-01-12,2027-01-13,2027-01-14,2027-01-15,2027-01-19,2027-01-20,2027-01-21,2027-01-22,2027-01-25,2027-01-26,2027-01-27,2027-01-28,2027-01-29,2027-02-01,2027-02-02,2027-02-03,2027-02-04,2027-02-05,2027-02-08,2027-02-09,2027-02-10,2027-02-11,2027-02-12,2027-02-16,2027-02-17,2027-02-18,2027-02-19,2027-02-22,2027-02-23,2027-02-24,2027-02-25,2027-02-26,2027-03-01,2027-03-02,2027-03-03,2027-03-04,2027-03-05,2027-03-08,2027-03-09,2027-03-10,2027-03-11,2027-03-12,2027-03-15,2027-03-16,2027-03-17,2027-03-18,2027-03-19,2027-03-22,2027-03-23,2027-03-24,2027-03-25,2027-03-26,2027-03-29,2027-03-30,2027-03-31,2027-04-01,2027-04-02,2027-04-05,2027-04-06,2027-04-07,2027-04-08,2027-04-09,2027-04-12,2027-04-13,2027-04-14,2027-04-15,2027-04-16,2027-04-19,2027-04-20,2027-04-21,2027-04-22,2027-04-23,2027-04-26,2027-04-27,2027-04-28,2027-04-29,2027-04-30,2027-05-03,2027-05-04,2027-05-05,2027-05-06,2027-05-07,2027-05-10,2027-05-11,2027-05-12,2027-05-13,2027-05-14,2027-05-17,2027-05-18,2027-05-19,2027-05-20,2027-05-21,2027-05-24,2027-05-25,2027-05-26,2027-05-27,2027-05-28,2027-06-01,2027-06-02,2027-06-03,2027-06-04,2027-06-07,2027-06-08,2027-06-09,2027-06-10,2027-06-11,2027-06-14,2027-06-15,2027-06-16,2027-06-17,2027-06-18,2027-06-21,2027-06-22,2027-06-23,2027-06-24,2027-06-25,2027-06-28,2027-06-29,2027-06-30,2027-07-01,2027-07-02,2027-07-06,2027-07-07,2027-07-08,2027-07-09,2027-07-12",,2026-07-13,2026-08-19,,hlgtfs.zip,hartford_gtfs_effective_2026-07-11_updated_2026-08-19.zip,0,To Northbound to Springfield; GTFS; gtfs_trip_id=14020; gtfs_service_id=2; source_origin=New Haven Union Station; source_destination=Springfield
CTrail,Hartford Line,Hartford Line,CTrail 4476,To Northbound to Springfield,MDN,Meriden,4,18:01,18:01,2026-07-13,2027-07-12,"2026-07-13,2026-07-14,2026-07-15,2026-07-16,2026-07-17,2026-07-20,2026-07-21,2026-07-22,2026-07-23,2026-07-24,2026-07-27,2026-07-28,2026-07-29,2026-07-30,2026-07-31,2026-08-03,2026-08-04,2026-08-05,2026-08-06,2026-08-07,2026-08-10,2026-08-11,2026-08-12,2026-08-13,2026-08-14,2026-08-17,2026-08-18,2026-08-19,2026-08-20,2026-08-21,2026-08-24,2026-08-25,2026-08-26,2026-08-27,2026-08-28,2026-08-31,2026-09-01,2026-09-02,2026-09-03,2026-09-04,2026-09-08,2026-09-09,2026-09-10,2026-09-11,2026-09-14,2026-09-15,2026-09-16,2026-09-17,2026-09-18,2026-09-21,2026-09-22,2026-09-23,2026-09-24,2026-09-25,2026-09-28,2026-09-29,2026-09-30,2026-10-01,2026-10-02,2026-10-05,2026-10-06,2026-10-07,2026-10-08,2026-10-09,2026-10-12,2026-10-13,2026-10-14,2026-10-15,2026-10-16,2026-10-19,2026-10-20,2026-10-21,2026-10-22,2026-10-23,2026-10-26,2026-10-27,2026-10-28,2026-10-29,2026-10-30,2026-11-02,2026-11-03,2026-11-04,2026-11-05,2026-11-06,2026-11-09,2026-11-10,2026-11-11,2026-11-12,2026-11-13,2026-11-16,2026-11-17,2026-11-18,2026-11-19,2026-11-20,2026-11-23,2026-11-24,2026-11-25,2026-11-27,2026-11-30,2026-12-01,2026-12-02,2026-12-03,2026-12-04,2026-12-07,2026-12-08,2026-12-09,2026-12-10,2026-12-11,2026-12-14,2026-12-15,2026-12-16,2026-12-17,2026-12-18,2026-12-21,2026-12-22,2026-12-23,2026-12-24,2026-12-28,2026-12-29,2026-12-30,2026-12-31,2027-01-04,2027-01-05,2027-01-06,2027-01-07,2027-01-08,2027-01-11,2027-01-12,2027-01-13,2027-01-14,2027-01-15,2027-01-19,2027-01-20,2027-01-21,2027-01-22,2027-01-25,2027-01-26,2027-01-27,2027-01-28,2027-01-29,2027-02-01,2027-02-02,2027-02-03,2027-02-04,2027-02-05,2027-02-08,2027-02-09,2027-02-10,2027-02-11,2027-02-12,2027-02-16,2027-02-17,2027-02-18,2027-02-19,2027-02-22,2027-02-23,2027-02-24,2027-02-25,2027-02-26,2027-03-01,2027-03-02,2027-03-03,2027-03-04,2027-03-05,2027-03-08,2027-03-09,2027-03-10,2027-03-11,2027-03-12,2027-03-15,2027-03-16,2027-03-17,2027-03-18,2027-03-19,2027-03-22,2027-03-23,2027-03-24,2027-03-25,2027-03-26,2027-03-29,2027-03-30,2027-03-31,2027-04-01,2027-04-02,2027-04-05,2027-04-06,2027-04-07,2027-04-08,2027-04-09,2027-04-12,2027-04-13,2027-04-14,2027-04-15,2027-04-16,2027-04-19,2027-04-20,2027-04-21,2027-04-22,2027-04-23,2027-04-26,2027-04-27,2027-04-28,2027-04-29,2027-04-30,2027-05-03,2027-05-04,2027-05-05,2027-05-06,2027-05-07,2027-05-10,2027-05-11,2027-05-12,2027-05-13,2027-05-14,2027-05-17,2027-05-18,2027-05-19,2027-05-20,2027-05-21,2027-05-24,2027-05-25,2027-05-26,2027-05-27,2027-05-28,2027-06-01,2027-06-02,2027-06-03,2027-06-04,2027-06-07,2027-06-08,2027-06-09,2027-06-10,2027-06-11,2027-06-14,2027-06-15,2027-06-16,2027-06-17,2027-06-18,2027-06-21,2027-06-22,2027-06-23,2027-06-24,2027-06-25,2027-06-28,2027-06-29,2027-06-30,2027-07-01,2027-07-02,2027-07-06,2027-07-07,2027-07-08,2027-07-09,2027-07-12",,2026-07-13,2026-08-19,,hlgtfs.zip,hartford_gtfs_effective_2026-07-11_updated_2026-08-19.zip,0,To Northbound to Springfield; GTFS; gtfs_trip_id=14020; gtfs_service_id=2; source_origin=New Haven Union Station; source_destination=Springfield
CTrail,Hartford Line,Hartford Line,CTrail 4476,To Northbound to Springfield,BER,Berlin,5,18:10,18:10,2026-07-13,2027-07-12,"2026-07-13,2026-07-14,2026-07-15,2026-07-16,2026-07-17,2026-07-20,2026-07-21,2026-07-22,2026-07-23,2026-07-24,2026-07-27,2026-07-28,2026-07-29,2026-07-30,2026-07-31,2026-08-03,2026-08-04,2026-08-05,2026-08-06,2026-08-07,2026-08-10,2026-08-11,2026-08-12,2026-08-13,2026-08-14,2026-08-17,2026-08-18,2026-08-19,2026-08-20,2026-08-21,2026-08-24,2026-08-25,2026-08-26,2026-08-27,2026-08-28,2026-08-31,2026-09-01,2026-09-02,2026-09-03,2026-09-04,2026-09-08,2026-09-09,2026-09-10,2026-09-11,2026-09-14,2026-09-15,2026-09-16,2026-09-17,2026-09-18,2026-09-21,2026-09-22,2026-09-23,2026-09-24,2026-09-25,2026-09-28,2026-09-29,2026-09-30,2026-10-01,2026-10-02,2026-10-05,2026-10-06,2026-10-07,2026-10-08,2026-10-09,2026-10-12,2026-10-13,2026-10-14,2026-10-15,2026-10-16,2026-10-19,2026-10-20,2026-10-21,2026-10-22,2026-10-23,2026-10-26,2026-10-27,2026-10-28,2026-10-29,2026-10-30,2026-11-02,2026-11-03,2026-11-04,2026-11-05,2026-11-06,2026-11-09,2026-11-10,2026-11-11,2026-11-12,2026-11-13,2026-11-16,2026-11-17,2026-11-18,2026-11-19,2026-11-20,2026-11-23,2026-11-24,2026-11-25,2026-11-27,2026-11-30,2026-12-01,2026-12-02,2026-12-03,2026-12-04,2026-12-07,2026-12-08,2026-12-09,2026-12-10,2026-12-11,2026-12-14,2026-12-15,2026-12-16,2026-12-17,2026-12-18,2026-12-21,2026-12-22,2026-12-23,2026-12-24,2026-12-28,2026-12-29,2026-12-30,2026-12-31,2027-01-04,2027-01-05,2027-01-06,2027-01-07,2027-01-08,2027-01-11,2027-01-12,2027-01-13,2027-01-14,2027-01-15,2027-01-19,2027-01-20,2027-01-21,2027-01-22,2027-01-25,2027-01-26,2027-01-27,2027-01-28,2027-01-29,2027-02-01,2027-02-02,2027-02-03,2027-02-04,2027-02-05,2027-02-08,2027-02-09,2027-02-10,2027-02-11,2027-02-12,2027-02-16,2027-02-17,2027-02-18,2027-02-19,2027-02-22,2027-02-23,2027-02-24,2027-02-25,2027-02-26,2027-03-01,2027-03-02,2027-03-03,2027-03-04,2027-03-05,2027-03-08,2027-03-09,2027-03-10,2027-03-11,2027-03-12,2027-03-15,2027-03-16,2027-03-17,2027-03-18,2027-03-19,2027-03-22,2027-03-23,2027-03-24,2027-03-25,2027-03-26,2027-03-29,2027-03-30,2027-03-31,2027-04-01,2027-04-02,2027-04-05,2027-04-06,2027-04-07,2027-04-08,2027-04-09,2027-04-12,2027-04-13,2027-04-14,2027-04-15,2027-04-16,2027-04-19,2027-04-20,2027-04-21,2027-04-22,2027-04-23,2027-04-26,2027-04-27,2027-04-28,2027-04-29,2027-04-30,2027-05-03,2027-05-04,2027-05-05,2027-05-06,2027-05-07,2027-05-10,2027-05-11,2027-05-12,2027-05-13,2027-05-14,2027-05-17,2027-05-18,2027-05-19,2027-05-20,2027-05-21,2027-05-24,2027-05-25,2027-05-26,2027-05-27,2027-05-28,2027-06-01,2027-06-02,2027-06-03,2027-06-04,2027-06-07,2027-06-08,2027-06-09,2027-06-10,2027-06-11,2027-06-14,2027-06-15,2027-06-16,2027-06-17,2027-06-18,2027-06-21,2027-06-22,2027-06-23,2027-06-24,2027-06-25,2027-06-28,2027-06-29,2027-06-30,2027-07-01,2027-07-02,2027-07-06,2027-07-07,2027-07-08,2027-07-09,2027-07-12",,2026-07-13,2026-08-19,,hlgtfs.zip,hartford_gtfs_effective_2026-07-11_updated_2026-08-19.zip,0,To Northbound to Springfield; GTFS; gtfs_trip_id=14020; gtfs_service_id=2; source_origin=New Haven Union Station; source_destination=Springfield
CTrail,Hartford Line,Hartford Line,CTrail 4476,To Northbound to Springfield,HFD,Hartford,6,18:25,18:25,2026-07-13,2027-07-12,"2026-07-13,2026-07-14,2026-07-15,2026-07-16,2026-07-17,2026-07-20,2026-07-21,2026-07-22,2026-07-23,2026-07-24,2026-07-27,2026-07-28,2026-07-29,2026-07-30,2026-07-31,2026-08-03,2026-08-04,2026-08-05,2026-08-06,2026-08-07,2026-08-10,2026-08-11,2026-08-12,2026-08-13,2026-08-14,2026-08-17,2026-08-18,2026-08-19,2026-08-20,2026-08-21,2026-08-24,2026-08-25,2026-08-26,2026-08-27,2026-08-28,2026-08-31,2026-09-01,2026-09-02,2026-09-03,2026-09-04,2026-09-08,2026-09-09,2026-09-10,2026-09-11,2026-09-14,2026-09-15,2026-09-16,2026-09-17,2026-09-18,2026-09-21,2026-09-22,2026-09-23,2026-09-24,2026-09-25,2026-09-28,2026-09-29,2026-09-30,2026-10-01,2026-10-02,2026-10-05,2026-10-06,2026-10-07,2026-10-08,2026-10-09,2026-10-12,2026-10-13,2026-10-14,2026-10-15,2026-10-16,2026-10-19,2026-10-20,2026-10-21,2026-10-22,2026-10-23,2026-10-26,2026-10-27,2026-10-28,2026-10-29,2026-10-30,2026-11-02,2026-11-03,2026-11-04,2026-11-05,2026-11-06,2026-11-09,2026-11-10,2026-11-11,2026-11-12,2026-11-13,2026-11-16,2026-11-17,2026-11-18,2026-11-19,2026-11-20,2026-11-23,2026-11-24,2026-11-25,2026-11-27,2026-11-30,2026-12-01,2026-12-02,2026-12-03,2026-12-04,2026-12-07,2026-12-08,2026-12-09,2026-12-10,2026-12-11,2026-12-14,2026-12-15,2026-12-16,2026-12-17,2026-12-18,2026-12-21,2026-12-22,2026-12-23,2026-12-24,2026-12-28,2026-12-29,2026-12-30,2026-12-31,2027-01-04,2027-01-05,2027-01-06,2027-01-07,2027-01-08,2027-01-11,2027-01-12,2027-01-13,2027-01-14,2027-01-15,2027-01-19,2027-01-20,2027-01-21,2027-01-22,2027-01-25,2027-01-26,2027-01-27,2027-01-28,2027-01-29,2027-02-01,2027-02-02,2027-02-03,2027-02-04,2027-02-05,2027-02-08,2027-02-09,2027-02-10,2027-02-11,2027-02-12,2027-02-16,2027-02-17,2027-02-18,2027-02-19,2027-02-22,2027-02-23,2027-02-24,2027-02-25,2027-02-26,2027-03-01,2027-03-02,2027-03-03,2027-03-04,2027-03-05,2027-03-08,2027-03-09,2027-03-10,2027-03-11,2027-03-12,2027-03-15,2027-03-16,2027-03-17,2027-03-18,2027-03-19,2027-03-22,2027-03-23,2027-03-24,2027-03-25,2027-03-26,2027-03-29,2027-03-30,2027-03-31,2027-04-01,2027-04-02,2027-04-05,2027-04-06,2027-04-07,2027-04-08,2027-04-09,2027-04-12,2027-04-13,2027-04-14,2027-04-15,2027-04-16,2027-04-19,2027-04-20,2027-04-21,2027-04-22,2027-04-23,2027-04-26,2027-04-27,2027-04-28,2027-04-29,2027-04-30,2027-05-03,2027-05-04,2027-05-05,2027-05-06,2027-05-07,2027-05-10,2027-05-11,2027-05-12,2027-05-13,2027-05-14,2027-05-17,2027-05-18,2027-05-19,2027-05-20,2027-05-21,2027-05-24,2027-05-25,2027-05-26,2027-05-27,2027-05-28,2027-06-01,2027-06-02,2027-06-03,2027-06-04,2027-06-07,2027-06-08,2027-06-09,2027-06-10,2027-06-11,2027-06-14,2027-06-15,2027-06-16,2027-06-17,2027-06-18,2027-06-21,2027-06-22,2027-06-23,2027-06-24,2027-06-25,2027-06-28,2027-06-29,2027-06-30,2027-07-01,2027-07-02,2027-07-06,2027-07-07,2027-07-08,2027-07-09,2027-07-12",,2026-07-13,2026-08-19,,hlgtfs.zip,hartford_gtfs_effective_2026-07-11_updated_2026-08-19.zip,0,To Northbound to Springfield; GTFS; gtfs_trip_id=14020; gtfs_service_id=2; source_origin=New Haven Union Station; source_destination=Springfield
CTrail,Hartford Line,Hartford Line,CTrail 4476,To Northbound to Springfield,WND,Windsor,7,18:33,18:33,2026-07-13,2027-07-12,"2026-07-13,2026-07-14,2026-07-15,2026-07-16,2026-07-17,2026-07-20,2026-07-21,2026-07-22,2026-07-23,2026-07-24,2026-07-27,2026-07-28,2026-07-29,2026-07-30,2026-07-31,2026-08-03,2026-08-04,2026-08-05,2026-08-06,2026-08-07,2026-08-10,2026-08-11,2026-08-12,2026-08-13,2026-08-14,2026-08-17,2026-08-18,2026-08-19,2026-08-20,2026-08-21,2026-08-24,2026-08-25,2026-08-26,2026-08-27,2026-08-28,2026-08-31,2026-09-01,2026-09-02,2026-09-03,2026-09-04,2026-09-08,2026-09-09,2026-09-10,2026-09-11,2026-09-14,2026-09-15,2026-09-16,2026-09-17,2026-09-18,2026-09-21,2026-09-22,2026-09-23,2026-09-24,2026-09-25,2026-09-28,2026-09-29,2026-09-30,2026-10-01,2026-10-02,2026-10-05,2026-10-06,2026-10-07,2026-10-08,2026-10-09,2026-10-12,2026-10-13,2026-10-14,2026-10-15,2026-10-16,2026-10-19,2026-10-20,2026-10-21,2026-10-22,2026-10-23,2026-10-26,2026-10-27,2026-10-28,2026-10-29,2026-10-30,2026-11-02,2026-11-03,2026-11-04,2026-11-05,2026-11-06,2026-11-09,2026-11-10,2026-11-11,2026-11-12,2026-11-13,2026-11-16,2026-11-17,2026-11-18,2026-11-19,2026-11-20,2026-11-23,2026-11-24,2026-11-25,2026-11-27,2026-11-30,2026-12-01,2026-12-02,2026-12-03,2026-12-04,2026-12-07,2026-12-08,2026-12-09,2026-12-10,2026-12-11,2026-12-14,2026-12-15,2026-12-16,2026-12-17,2026-12-18,2026-12-21,2026-12-22,2026-12-23,2026-12-24,2026-12-28,2026-12-29,2026-12-30,2026-12-31,2027-01-04,2027-01-05,2027-01-06,2027-01-07,2027-01-08,2027-01-11,2027-01-12,2027-01-13,2027-01-14,2027-01-15,2027-01-19,2027-01-20,2027-01-21,2027-01-22,2027-01-25,2027-01-26,2027-01-27,2027-01-28,2027-01-29,2027-02-01,2027-02-02,2027-02-03,2027-02-04,2027-02-05,2027-02-08,2027-02-09,2027-02-10,2027-02-11,2027-02-12,2027-02-16,2027-02-17,2027-02-18,2027-02-19,2027-02-22,2027-02-23,2027-02-24,2027-02-25,2027-02-26,2027-03-01,2027-03-02,2027-03-03,2027-03-04,2027-03-05,2027-03-08,2027-03-09,2027-03-10,2027-03-11,2027-03-12,2027-03-15,2027-03-16,2027-03-17,2027-03-18,2027-03-19,2027-03-22,2027-03-23,2027-03-24,2027-03-25,2027-03-26,2027-03-29,2027-03-30,2027-03-31,2027-04-01,2027-04-02,2027-04-05,2027-04-06,2027-04-07,2027-04-08,2027-04-09,2027-04-12,2027-04-13,2027-04-14,2027-04-15,2027-04-16,2027-04-19,2027-04-20,2027-04-21,2027-04-22,2027-04-23,2027-04-26,2027-04-27,2027-04-28,2027-04-29,2027-04-30,2027-05-03,2027-05-04,2027-05-05,2027-05-06,2027-05-07,2027-05-10,2027-05-11,2027-05-12,2027-05-13,2027-05-14,2027-05-17,2027-05-18,2027-05-19,2027-05-20,2027-05-21,2027-05-24,2027-05-25,2027-05-26,2027-05-27,2027-05-28,2027-06-01,2027-06-02,2027-06-03,2027-06-04,2027-06-07,2027-06-08,2027-06-09,2027-06-10,2027-06-11,2027-06-14,2027-06-15,2027-06-16,2027-06-17,2027-06-18,2027-06-21,2027-06-22,2027-06-23,2027-06-24,2027-06-25,2027-06-28,2027-06-29,2027-06-30,2027-07-01,2027-07-02,2027-07-06,2027-07-07,2027-07-08,2027-07-09,2027-07-12",,2026-07-13,2026-08-19,,hlgtfs.zip,hartford_gtfs_effective_2026-07-11_updated_2026-08-19.zip,0,To Northbound to Springfield; GTFS; gtfs_trip_id=14020; gtfs_service_id=2; source_origin=New Haven Union Station; source_destination=Springfield
CTrail,Hartford Line,Hartford Line,CTrail 4476,To Northbound to Springfield,WNL,Windsor Locks,8,18:39,18:39,2026-07-13,2027-07-12,"2026-07-13,2026-07-14,2026-07-15,2026-07-16,2026-07-17,2026-07-20,2026-07-21,2026-07-22,2026-07-23,2026-07-24,2026-07-27,2026-07-28,2026-07-29,2026-07-30,2026-07-31,2026-08-03,2026-08-04,2026-08-05,2026-08-06,2026-08-07,2026-08-10,2026-08-11,2026-08-12,2026-08-13,2026-08-14,2026-08-17,2026-08-18,2026-08-19,2026-08-20,2026-08-21,2026-08-24,2026-08-25,2026-08-26,2026-08-27,2026-08-28,2026-08-31,2026-09-01,2026-09-02,2026-09-03,2026-09-04,2026-09-08,2026-09-09,2026-09-10,2026-09-11,2026-09-14,2026-09-15,2026-09-16,2026-09-17,2026-09-18,2026-09-21,2026-09-22,2026-09-23,2026-09-24,2026-09-25,2026-09-28,2026-09-29,2026-09-30,2026-10-01,2026-10-02,2026-10-05,2026-10-06,2026-10-07,2026-10-08,2026-10-09,2026-10-12,2026-10-13,2026-10-14,2026-10-15,2026-10-16,2026-10-19,2026-10-20,2026-10-21,2026-10-22,2026-10-23,2026-10-26,2026-10-27,2026-10-28,2026-10-29,2026-10-30,2026-11-02,2026-11-03,2026-11-04,2026-11-05,2026-11-06,2026-11-09,2026-11-10,2026-11-11,2026-11-12,2026-11-13,2026-11-16,2026-11-17,2026-11-18,2026-11-19,2026-11-20,2026-11-23,2026-11-24,2026-11-25,2026-11-27,2026-11-30,2026-12-01,2026-12-02,2026-12-03,2026-12-04,2026-12-07,2026-12-08,2026-12-09,2026-12-10,2026-12-11,2026-12-14,2026-12-15,2026-12-16,2026-12-17,2026-12-18,2026-12-21,2026-12-22,2026-12-23,2026-12-24,2026-12-28,2026-12-29,2026-12-30,2026-12-31,2027-01-04,2027-01-05,2027-01-06,2027-01-07,2027-01-08,2027-01-11,2027-01-12,2027-01-13,2027-01-14,2027-01-15,2027-01-19,2027-01-20,2027-01-21,2027-01-22,2027-01-25,2027-01-26,2027-01-27,2027-01-28,2027-01-29,2027-02-01,2027-02-02,2027-02-03,2027-02-04,2027-02-05,2027-02-08,2027-02-09,2027-02-10,2027-02-11,2027-02-12,2027-02-16,2027-02-17,2027-02-18,2027-02-19,2027-02-22,2027-02-23,2027-02-24,2027-02-25,2027-02-26,2027-03-01,2027-03-02,2027-03-03,2027-03-04,2027-03-05,2027-03-08,2027-03-09,2027-03-10,2027-03-11,2027-03-12,2027-03-15,2027-03-16,2027-03-17,2027-03-18,2027-03-19,2027-03-22,2027-03-23,2027-03-24,2027-03-25,2027-03-26,2027-03-29,2027-03-30,2027-03-31,2027-04-01,2027-04-02,2027-04-05,2027-04-06,2027-04-07,2027-04-08,2027-04-09,2027-04-12,2027-04-13,2027-04-14,2027-04-15,2027-04-16,2027-04-19,2027-04-20,2027-04-21,2027-04-22,2027-04-23,2027-04-26,2027-04-27,2027-04-28,2027-04-29,2027-04-30,2027-05-03,2027-05-04,2027-05-05,2027-05-06,2027-05-07,2027-05-10,2027-05-11,2027-05-12,2027-05-13,2027-05-14,2027-05-17,2027-05-18,2027-05-19,2027-05-20,2027-05-21,2027-05-24,2027-05-25,2027-05-26,2027-05-27,2027-05-28,2027-06-01,2027-06-02,2027-06-03,2027-06-04,2027-06-07,2027-06-08,2027-06-09,2027-06-10,2027-06-11,2027-06-14,2027-06-15,2027-06-16,2027-06-17,2027-06-18,2027-06-21,2027-06-22,2027-06-23,2027-06-24,2027-06-25,2027-06-28,2027-06-29,2027-06-30,2027-07-01,2027-07-02,2027-07-06,2027-07-07,2027-07-08,2027-07-09,2027-07-12",,2026-07-13,2026-08-19,,hlgtfs.zip,hartford_gtfs_effective_2026-07-11_updated_2026-08-19.zip,0,To Northbound to Springfield; GTFS; gtfs_trip_id=14020; gtfs_service_id=2; source_origin=New Haven Union Station; source_destination=Springfield
CTrail,Hartford Line,Hartford Line,CTrail 4476,To Northbound to Springfield,SPG,Springfield,9,19:04,19:04,2026-07-13,2027-07-12,"2026-07-13,2026-07-14,2026-07-15,2026-07-16,2026-07-17,2026-07-20,2026-07-21,2026-07-22,2026-07-23,2026-07-24,2026-07-27,2026-07-28,2026-07-29,2026-07-30,2026-07-31,2026-08-03,2026-08-04,2026-08-05,2026-08-06,2026-08-07,2026-08-10,2026-08-11,2026-08-12,2026-08-13,2026-08-14,2026-08-17,2026-08-18,2026-08-19,2026-08-20,2026-08-21,2026-08-24,2026-08-25,2026-08-26,2026-08-27,2026-08-28,2026-08-31,2026-09-01,2026-09-02,2026-09-03,2026-09-04,2026-09-08,2026-09-09,2026-09-10,2026-09-11,2026-09-14,2026-09-15,2026-09-16,2026-09-17,2026-09-18,2026-09-21,2026-09-22,2026-09-23,2026-09-24,2026-09-25,2026-09-28,2026-09-29,2026-09-30,2026-10-01,2026-10-02,2026-10-05,2026-10-06,2026-10-07,2026-10-08,2026-10-09,2026-10-12,2026-10-13,2026-10-14,2026-10-15,2026-10-16,2026-10-19,2026-10-20,2026-10-21,2026-10-22,2026-10-23,2026-10-26,2026-10-27,2026-10-28,2026-10-29,2026-10-30,2026-11-02,2026-11-03,2026-11-04,2026-11-05,2026-11-06,2026-11-09,2026-11-10,2026-11-11,2026-11-12,2026-11-13,2026-11-16,2026-11-17,2026-11-18,2026-11-19,2026-11-20,2026-11-23,2026-11-24,2026-11-25,2026-11-27,2026-11-30,2026-12-01,2026-12-02,2026-12-03,2026-12-04,2026-12-07,2026-12-08,2026-12-09,2026-12-10,2026-12-11,2026-12-14,2026-12-15,2026-12-16,2026-12-17,2026-12-18,2026-12-21,2026-12-22,2026-12-23,2026-12-24,2026-12-28,2026-12-29,2026-12-30,2026-12-31,2027-01-04,2027-01-05,2027-01-06,2027-01-07,2027-01-08,2027-01-11,2027-01-12,2027-01-13,2027-01-14,2027-01-15,2027-01-19,2027-01-20,2027-01-21,2027-01-22,2027-01-25,2027-01-26,2027-01-27,2027-01-28,2027-01-29,2027-02-01,2027-02-02,2027-02-03,2027-02-04,2027-02-05,2027-02-08,2027-02-09,2027-02-10,2027-02-11,2027-02-12,2027-02-16,2027-02-17,2027-02-18,2027-02-19,2027-02-22,2027-02-23,2027-02-24,2027-02-25,2027-02-26,2027-03-01,2027-03-02,2027-03-03,2027-03-04,2027-03-05,2027-03-08,2027-03-09,2027-03-10,2027-03-11,2027-03-12,2027-03-15,2027-03-16,2027-03-17,2027-03-18,2027-03-19,2027-03-22,2027-03-23,2027-03-24,2027-03-25,2027-03-26,2027-03-29,2027-03-30,2027-03-31,2027-04-01,2027-04-02,2027-04-05,2027-04-06,2027-04-07,2027-04-08,2027-04-09,2027-04-12,2027-04-13,2027-04-14,2027-04-15,2027-04-16,2027-04-19,2027-04-20,2027-04-21,2027-04-22,2027-04-23,2027-04-26,2027-04-27,2027-04-28,2027-04-29,2027-04-30,2027-05-03,2027-05-04,2027-05-05,2027-05-06,2027-05-07,2027-05-10,2027-05-11,2027-05-12,2027-05-13,2027-05-14,2027-05-17,2027-05-18,2027-05-19,2027-05-20,2027-05-21,2027-05-24,2027-05-25,2027-05-26,2027-05-27,2027-05-28,2027-06-01,2027-06-02,2027-06-03,2027-06-04,2027-06-07,2027-06-08,2027-06-09,2027-06-10,2027-06-11,2027-06-14,2027-06-15,2027-06-16,2027-06-17,2027-06-18,2027-06-21,2027-06-22,2027-06-23,2027-06-24,2027-06-25,2027-06-28,2027-06-29,2027-06-30,2027-07-01,2027-07-02,2027-07-06,2027-07-07,2027-07-08,2027-07-09,2027-07-12",,2026-07-13,2026-08-19,,hlgtfs.zip,hartford_gtfs_effective_2026-07-11_updated_2026-08-19.zip,0,To Northbound to Springfield; GTFS; gtfs_trip_id=14020; gtfs_service_id=2; source_origin=New Haven Union Station; source_destination=Springfield
CTrail,Hartford Line,Hartford Line,CTrail 6400,To Northbound to Springfield,NHV,New Haven Union Station,1,08:10,08:10,2026-07-11,2027-07-11,"2026-07-11,2026-07-12,2026-07-18,2026-07-19,2026-07-25,2026-07-26,2026-08-01,2026-08-02,2026-08-08,2026-08-09,2026-08-15,2026-08-16,2026-08-22,2026-08-23,2026-08-29,2026-08-30,2026-09-05,2026-09-06,2026-09-07,2026-09-12,2026-09-13,2026-09-19,2026-09-20,2026-09-26,2026-09-27,2026-10-03,2026-10-04,2026-10-10,2026-10-11,2026-10-17,2026-10-18,2026-10-24,2026-10-25,2026-10-31,2026-11-01,2026-11-07,2026-11-08,2026-11-14,2026-11-15,2026-11-21,2026-11-22,2026-11-26,2026-11-28,2026-11-29,2026-12-05,2026-12-06,2026-12-12,2026-12-13,2026-12-19,2026-12-20,2026-12-25,2026-12-26,2026-12-27,2027-01-01,2027-01-02,2027-01-03,2027-01-09,2027-01-10,2027-01-16,2027-01-17,2027-01-18,2027-01-23,2027-01-24,2027-01-30,2027-01-31,2027-02-06,2027-02-07,2027-02-13,2027-02-14,2027-02-15,2027-02-20,2027-02-21,2027-02-27,2027-02-28,2027-03-06,2027-03-07,2027-03-13,2027-03-14,2027-03-20,2027-03-21,2027-03-27,2027-03-28,2027-04-03,2027-04-04,2027-04-10,2027-04-11,2027-04-17,2027-04-18,2027-04-24,2027-04-25,2027-05-01,2027-05-02,2027-05-08,2027-05-09,2027-05-15,2027-05-16,2027-05-22,2027-05-23,2027-05-29,2027-05-30,2027-05-31,2027-06-05,2027-06-06,2027-06-12,2027-06-13,2027-06-19,2027-06-20,2027-06-26,2027-06-27,2027-07-03,2027-07-04,2027-07-05,2027-07-10,2027-07-11",,2026-07-11,2026-08-19,,hlgtfs.zip,hartford_gtfs_effective_2026-07-11_updated_2026-08-19.zip,0,To Northbound to Springfield; GTFS; gtfs_trip_id=18010; gtfs_service_id=1; source_origin=New Haven Union Station; source_destination=Springfield
CTrail,Hartford Line,Hartford Line,CTrail 6400,To Northbound to Springfield,STS,New Haven State Street,2,08:13,08:13,2026-07-11,2027-07-11,"2026-07-11,2026-07-12,2026-07-18,2026-07-19,2026-07-25,2026-07-26,2026-08-01,2026-08-02,2026-08-08,2026-08-09,2026-08-15,2026-08-16,2026-08-22,2026-08-23,2026-08-29,2026-08-30,2026-09-05,2026-09-06,2026-09-07,2026-09-12,2026-09-13,2026-09-19,2026-09-20,2026-09-26,2026-09-27,2026-10-03,2026-10-04,2026-10-10,2026-10-11,2026-10-17,2026-10-18,2026-10-24,2026-10-25,2026-10-31,2026-11-01,2026-11-07,2026-11-08,2026-11-14,2026-11-15,2026-11-21,2026-11-22,2026-11-26,2026-11-28,2026-11-29,2026-12-05,2026-12-06,2026-12-12,2026-12-13,2026-12-19,2026-12-20,2026-12-25,2026-12-26,2026-12-27,2027-01-01,2027-01-02,2027-01-03,2027-01-09,2027-01-10,2027-01-16,2027-01-17,2027-01-18,2027-01-23,2027-01-24,2027-01-30,2027-01-31,2027-02-06,2027-02-07,2027-02-13,2027-02-14,2027-02-15,2027-02-20,2027-02-21,2027-02-27,2027-02-28,2027-03-06,2027-03-07,2027-03-13,2027-03-14,2027-03-20,2027-03-21,2027-03-27,2027-03-28,2027-04-03,2027-04-04,2027-04-10,2027-04-11,2027-04-17,2027-04-18,2027-04-24,2027-04-25,2027-05-01,2027-05-02,2027-05-08,2027-05-09,2027-05-15,2027-05-16,2027-05-22,2027-05-23,2027-05-29,2027-05-30,2027-05-31,2027-06-05,2027-06-06,2027-06-12,2027-06-13,2027-06-19,2027-06-20,2027-06-26,2027-06-27,2027-07-03,2027-07-04,2027-07-05,2027-07-10,2027-07-11",,2026-07-11,2026-08-19,,hlgtfs.zip,hartford_gtfs_effective_2026-07-11_updated_2026-08-19.zip,0,To Northbound to Springfield; GTFS; gtfs_trip_id=18010; gtfs_service_id=1; source_origin=New Haven Union Station; source_destination=Springfield
CTrail,Hartford Line,Hartford Line,CTrail 6400,To Northbound to Springfield,WFD,Wallingford,3,08:26,08:26,2026-07-11,2027-07-11,"2026-07-11,2026-07-12,2026-07-18,2026-07-19,2026-07-25,2026-07-26,2026-08-01,2026-08-02,2026-08-08,2026-08-09,2026-08-15,2026-08-16,2026-08-22,2026-08-23,2026-08-29,2026-08-30,2026-09-05,2026-09-06,2026-09-07,2026-09-12,2026-09-13,2026-09-19,2026-09-20,2026-09-26,2026-09-27,2026-10-03,2026-10-04,2026-10-10,2026-10-11,2026-10-17,2026-10-18,2026-10-24,2026-10-25,2026-10-31,2026-11-01,2026-11-07,2026-11-08,2026-11-14,2026-11-15,2026-11-21,2026-11-22,2026-11-26,2026-11-28,2026-11-29,2026-12-05,2026-12-06,2026-12-12,2026-12-13,2026-12-19,2026-12-20,2026-12-25,2026-12-26,2026-12-27,2027-01-01,2027-01-02,2027-01-03,2027-01-09,2027-01-10,2027-01-16,2027-01-17,2027-01-18,2027-01-23,2027-01-24,2027-01-30,2027-01-31,2027-02-06,2027-02-07,2027-02-13,2027-02-14,2027-02-15,2027-02-20,2027-02-21,2027-02-27,2027-02-28,2027-03-06,2027-03-07,2027-03-13,2027-03-14,2027-03-20,2027-03-21,2027-03-27,2027-03-28,2027-04-03,2027-04-04,2027-04-10,2027-04-11,2027-04-17,2027-04-18,2027-04-24,2027-04-25,2027-05-01,2027-05-02,2027-05-08,2027-05-09,2027-05-15,2027-05-16,2027-05-22,2027-05-23,2027-05-29,2027-05-30,2027-05-31,2027-06-05,2027-06-06,2027-06-12,2027-06-13,2027-06-19,2027-06-20,2027-06-26,2027-06-27,2027-07-03,2027-07-04,2027-07-05,2027-07-10,2027-07-11",,2026-07-11,2026-08-19,,hlgtfs.zip,hartford_gtfs_effective_2026-07-11_updated_2026-08-19.zip,0,To Northbound to Springfield; GTFS; gtfs_trip_id=18010; gtfs_service_id=1; source_origin=New Haven Union Station; source_destination=Springfield
CTrail,Hartford Line,Hartford Line,CTrail 6400,To Northbound to Springfield,MDN,Meriden,4,08:33,08:33,2026-07-11,2027-07-11,"2026-07-11,2026-07-12,2026-07-18,2026-07-19,2026-07-25,2026-07-26,2026-08-01,2026-08-02,2026-08-08,2026-08-09,2026-08-15,2026-08-16,2026-08-22,2026-08-23,2026-08-29,2026-08-30,2026-09-05,2026-09-06,2026-09-07,2026-09-12,2026-09-13,2026-09-19,2026-09-20,2026-09-26,2026-09-27,2026-10-03,2026-10-04,2026-10-10,2026-10-11,2026-10-17,2026-10-18,2026-10-24,2026-10-25,2026-10-31,2026-11-01,2026-11-07,2026-11-08,2026-11-14,2026-11-15,2026-11-21,2026-11-22,2026-11-26,2026-11-28,2026-11-29,2026-12-05,2026-12-06,2026-12-12,2026-12-13,2026-12-19,2026-12-20,2026-12-25,2026-12-26,2026-12-27,2027-01-01,2027-01-02,2027-01-03,2027-01-09,2027-01-10,2027-01-16,2027-01-17,2027-01-18,2027-01-23,2027-01-24,2027-01-30,2027-01-31,2027-02-06,2027-02-07,2027-02-13,2027-02-14,2027-02-15,2027-02-20,2027-02-21,2027-02-27,2027-02-28,2027-03-06,2027-03-07,2027-03-13,2027-03-14,2027-03-20,2027-03-21,2027-03-27,2027-03-28,2027-04-03,2027-04-04,2027-04-10,2027-04-11,2027-04-17,2027-04-18,2027-04-24,2027-04-25,2027-05-01,2027-05-02,2027-05-08,2027-05-09,2027-05-15,2027-05-16,2027-05-22,2027-05-23,2027-05-29,2027-05-30,2027-05-31,2027-06-05,2027-06-06,2027-06-12,2027-06-13,2027-06-19,2027-06-20,2027-06-26,2027-06-27,2027-07-03,2027-07-04,2027-07-05,2027-07-10,2027-07-11",,2026-07-11,2026-08-19,,hlgtfs.zip,hartford_gtfs_effective_2026-07-11_updated_2026-08-19.zip,0,To Northbound to Springfield; GTFS; gtfs_trip_id=18010; gtfs_service_id=1; source_origin=New Haven Union Station; source_destination=Springfield
CTrail,Hartford Line,Hartford Line,CTrail 6400,To Northbound to Springfield,BER,Berlin,5,08:42,08:42,2026-07-11,2027-07-11,"2026-07-11,2026-07-12,2026-07-18,2026-07-19,2026-07-25,2026-07-26,2026-08-01,2026-08-02,2026-08-08,2026-08-09,2026-08-15,2026-08-16,2026-08-22,2026-08-23,2026-08-29,2026-08-30,2026-09-05,2026-09-06,2026-09-07,2026-09-12,2026-09-13,2026-09-19,2026-09-20,2026-09-26,2026-09-27,2026-10-03,2026-10-04,2026-10-10,2026-10-11,2026-10-17,2026-10-18,2026-10-24,2026-10-25,2026-10-31,2026-11-01,2026-11-07,2026-11-08,2026-11-14,2026-11-15,2026-11-21,2026-11-22,2026-11-26,2026-11-28,2026-11-29,2026-12-05,2026-12-06,2026-12-12,2026-12-13,2026-12-19,2026-12-20,2026-12-25,2026-12-26,2026-12-27,2027-01-01,2027-01-02,2027-01-03,2027-01-09,2027-01-10,2027-01-16,2027-01-17,2027-01-18,2027-01-23,2027-01-24,2027-01-30,2027-01-31,2027-02-06,2027-02-07,2027-02-13,2027-02-14,2027-02-15,2027-02-20,2027-02-21,2027-02-27,2027-02-28,2027-03-06,2027-03-07,2027-03-13,2027-03-14,2027-03-20,2027-03-21,2027-03-27,2027-03-28,2027-04-03,2027-04-04,2027-04-10,2027-04-11,2027-04-17,2027-04-18,2027-04-24,2027-04-25,2027-05-01,2027-05-02,2027-05-08,2027-05-09,2027-05-15,2027-05-16,2027-05-22,2027-05-23,2027-05-29,2027-05-30,2027-05-31,2027-06-05,2027-06-06,2027-06-12,2027-06-13,2027-06-19,2027-06-20,2027-06-26,2027-06-27,2027-07-03,2027-07-04,2027-07-05,2027-07-10,2027-07-11",,2026-07-11,2026-08-19,,hlgtfs.zip,hartford_gtfs_effective_2026-07-11_updated_2026-08-19.zip,0,To Northbound to Springfield; GTFS; gtfs_trip_id=18010; gtfs_service_id=1; source_origin=New Haven Union Station; source_destination=Springfield
CTrail,Hartford Line,Hartford Line,CTrail 6400,To Northbound to Springfield,HFD,Hartford,6,08:56,08:56,2026-07-11,2027-07-11,"2026-07-11,2026-07-12,2026-07-18,2026-07-19,2026-07-25,2026-07-26,2026-08-01,2026-08-02,2026-08-08,2026-08-09,2026-08-15,2026-08-16,2026-08-22,2026-08-23,2026-08-29,2026-08-30,2026-09-05,2026-09-06,2026-09-07,2026-09-12,2026-09-13,2026-09-19,2026-09-20,2026-09-26,2026-09-27,2026-10-03,2026-10-04,2026-10-10,2026-10-11,2026-10-17,2026-10-18,2026-10-24,2026-10-25,2026-10-31,2026-11-01,2026-11-07,2026-11-08,2026-11-14,2026-11-15,2026-11-21,2026-11-22,2026-11-26,2026-11-28,2026-11-29,2026-12-05,2026-12-06,2026-12-12,2026-12-13,2026-12-19,2026-12-20,2026-12-25,2026-12-26,2026-12-27,2027-01-01,2027-01-02,2027-01-03,2027-01-09,2027-01-10,2027-01-16,2027-01-17,2027-01-18,2027-01-23,2027-01-24,2027-01-30,2027-01-31,2027-02-06,2027-02-07,2027-02-13,2027-02-14,2027-02-15,2027-02-20,2027-02-21,2027-02-27,2027-02-28,2027-03-06,2027-03-07,2027-03-13,2027-03-14,2027-03-20,2027-03-21,2027-03-27,2027-03-28,2027-04-03,2027-04-04,2027-04-10,2027-04-11,2027-04-17,2027-04-18,2027-04-24,2027-04-25,2027-05-01,2027-05-02,2027-05-08,2027-05-09,2027-05-15,2027-05-16,2027-05-22,2027-05-23,2027-05-29,2027-05-30,2027-05-31,2027-06-05,2027-06-06,2027-06-12,2027-06-13,2027-06-19,2027-06-20,2027-06-26,2027-06-27,2027-07-03,2027-07-04,2027-07-05,2027-07-10,2027-07-11",,2026-07-11,2026-08-19,,hlgtfs.zip,hartford_gtfs_effective_2026-07-11_updated_2026-08-19.zip,0,To Northbound to Springfield; GTFS; gtfs_trip_id=18010; gtfs_service_id=1; source_origin=New Haven Union Station; source_destination=Springfield
CTrail,Hartford Line,Hartford Line,CTrail 6400,To Northbound to Springfield,WND,Windsor,7,09:05,09:05,2026-07-11,2027-07-11,"2026-07-11,2026-07-12,2026-07-18,2026-07-19,2026-07-25,2026-07-26,2026-08-01,2026-08-02,2026-08-08,2026-08-09,2026-08-15,2026-08-16,2026-08-22,2026-08-23,2026-08-29,2026-08-30,2026-09-05,2026-09-06,2026-09-07,2026-09-12,2026-09-13,2026-09-19,2026-09-20,2026-09-26,2026-09-27,2026-10-03,2026-10-04,2026-10-10,2026-10-11,2026-10-17,2026-10-18,2026-10-24,2026-10-25,2026-10-31,2026-11-01,2026-11-07,2026-11-08,2026-11-14,2026-11-15,2026-11-21,2026-11-22,2026-11-26,2026-11-28,2026-11-29,2026-12-05,2026-12-06,2026-12-12,2026-12-13,2026-12-19,2026-12-20,2026-12-25,2026-12-26,2026-12-27,2027-01-01,2027-01-02,2027-01-03,2027-01-09,2027-01-10,2027-01-16,2027-01-17,2027-01-18,2027-01-23,2027-01-24,2027-01-30,2027-01-31,2027-02-06,2027-02-07,2027-02-13,2027-02-14,2027-02-15,2027-02-20,2027-02-21,2027-02-27,2027-02-28,2027-03-06,2027-03-07,2027-03-13,2027-03-14,2027-03-20,2027-03-21,2027-03-27,2027-03-28,2027-04-03,2027-04-04,2027-04-10,2027-04-11,2027-04-17,2027-04-18,2027-04-24,2027-04-25,2027-05-01,2027-05-02,2027-05-08,2027-05-09,2027-05-15,2027-05-16,2027-05-22,2027-05-23,2027-05-29,2027-05-30,2027-05-31,2027-06-05,2027-06-06,2027-06-12,2027-06-13,2027-06-19,2027-06-20,2027-06-26,2027-06-27,2027-07-03,2027-07-04,2027-07-05,2027-07-10,2027-07-11",,2026-07-11,2026-08-19,,hlgtfs.zip,hartford_gtfs_effective_2026-07-11_updated_2026-08-19.zip,0,To Northbound to Springfield; GTFS; gtfs_trip_id=18010; gtfs_service_id=1; source_origin=New Haven Union Station; source_destination=Springfield
CTrail,Hartford Line,Hartford Line,CTrail 6400,To Northbound to Springfield,WNL,Windsor Locks,8,09:11,09:11,2026-07-11,2027-07-11,"2026-07-11,2026-07-12,2026-07-18,2026-07-19,2026-07-25,2026-07-26,2026-08-01,2026-08-02,2026-08-08,2026-08-09,2026-08-15,2026-08-16,2026-08-22,2026-08-23,2026-08-29,2026-08-30,2026-09-05,2026-09-06,2026-09-07,2026-09-12,2026-09-13,2026-09-19,2026-09-20,2026-09-26,2026-09-27,2026-10-03,2026-10-04,2026-10-10,2026-10-11,2026-10-17,2026-10-18,2026-10-24,2026-10-25,2026-10-31,2026-11-01,2026-11-07,2026-11-08,2026-11-14,2026-11-15,2026-11-21,2026-11-22,2026-11-26,2026-11-28,2026-11-29,2026-12-05,2026-12-06,2026-12-12,2026-12-13,2026-12-19,2026-12-20,2026-12-25,2026-12-26,2026-12-27,2027-01-01,2027-01-02,2027-01-03,2027-01-09,2027-01-10,2027-01-16,2027-01-17,2027-01-18,2027-01-23,2027-01-24,2027-01-30,2027-01-31,2027-02-06,2027-02-07,2027-02-13,2027-02-14,2027-02-15,2027-02-20,2027-02-21,2027-02-27,2027-02-28,2027-03-06,2027-03-07,2027-03-13,2027-03-14,2027-03-20,2027-03-21,2027-03-27,2027-03-28,2027-04-03,2027-04-04,2027-04-10,2027-04-11,2027-04-17,2027-04-18,2027-04-24,2027-04-25,2027-05-01,2027-05-02,2027-05-08,2027-05-09,2027-05-15,2027-05-16,2027-05-22,2027-05-23,2027-05-29,2027-05-30,2027-05-31,2027-06-05,2027-06-06,2027-06-12,2027-06-13,2027-06-19,2027-06-20,2027-06-26,2027-06-27,2027-07-03,2027-07-04,2027-07-05,2027-07-10,2027-07-11",,2026-07-11,2026-08-19,,hlgtfs.zip,hartford_gtfs_effective_2026-07-11_updated_2026-08-19.zip,0,To Northbound to Springfield; GTFS; gtfs_trip_id=18010; gtfs_service_id=1; source_origin=New Haven Union Station; source_destination=Springfield
CTrail,Hartford Line,Hartford Line,CTrail 6400,To Northbound to Springfield,SPG,Springfield,9,09:42,09:42,2026-07-11,2027-07-11,"2026-07-11,2026-07-12,2026-07-18,2026-07-19,2026-07-25,2026-07-26,2026-08-01,2026-08-02,2026-08-08,2026-08-09,2026-08-15,2026-08-16,2026-08-22,2026-08-23,2026-08-29,2026-08-30,2026-09-05,2026-09-06,2026-09-07,2026-09-12,2026-09-13,2026-09-19,2026-09-20,2026-09-26,2026-09-27,2026-10-03,2026-10-04,2026-10-10,2026-10-11,2026-10-17,2026-10-18,2026-10-24,2026-10-25,2026-10-31,2026-11-01,2026-11-07,2026-11-08,2026-11-14,2026-11-15,2026-11-21,2026-11-22,2026-11-26,2026-11-28,2026-11-29,2026-12-05,2026-12-06,2026-12-12,2026-12-13,2026-12-19,2026-12-20,2026-12-25,2026-12-26,2026-12-27,2027-01-01,2027-01-02,2027-01-03,2027-01-09,2027-01-10,2027-01-16,2027-01-17,2027-01-18,2027-01-23,2027-01-24,2027-01-30,2027-01-31,2027-02-06,2027-02-07,2027-02-13,2027-02-14,2027-02-15,2027-02-20,2027-02-21,2027-02-27,2027-02-28,2027-03-06,2027-03-07,2027-03-13,2027-03-14,2027-03-20,2027-03-21,2027-03-27,2027-03-28,2027-04-03,2027-04-04,2027-04-10,2027-04-11,2027-04-17,2027-04-18,2027-04-24,2027-04-25,2027-05-01,2027-05-02,2027-05-08,2027-05-09,2027-05-15,2027-05-16,2027-05-22,2027-05-23,2027-05-29,2027-05-30,2027-05-31,2027-06-05,2027-06-06,2027-06-12,2027-06-13,2027-06-19,2027-06-20,2027-06-26,2027-06-27,2027-07-03,2027-07-04,2027-07-05,2027-07-10,2027-07-11",,2026-07-11,2026-08-19,,hlgtfs.zip,hartford_gtfs_effective_2026-07-11_updated_2026-08-19.zip,0,To Northbound to Springfield; GTFS; gtfs_trip_id=18010; gtfs_service_id=1; source_origin=New Haven Union Station; source_destination=Springfield
CTrail,Hartford Line,Hartford Line,CTrail 6401,To Southbound to New Haven Union Station,SPG,Springfield,1,10:00,10:00,2026-07-11,2027-07-11,"2026-07-11,2026-07-12,2026-07-18,2026-07-19,2026-07-25,2026-07-26,2026-08-01,2026-08-02,2026-08-08,2026-08-09,2026-08-15,2026-08-16,2026-08-22,2026-08-23,2026-08-29,2026-08-30,2026-09-05,2026-09-06,2026-09-07,2026-09-12,2026-09-13,2026-09-19,2026-09-20,2026-09-26,2026-09-27,2026-10-03,2026-10-04,2026-10-10,2026-10-11,2026-10-17,2026-10-18,2026-10-24,2026-10-25,2026-10-31,2026-11-01,2026-11-07,2026-11-08,2026-11-14,2026-11-15,2026-11-21,2026-11-22,2026-11-26,2026-11-28,2026-11-29,2026-12-05,2026-12-06,2026-12-12,2026-12-13,2026-12-19,2026-12-20,2026-12-25,2026-12-26,2026-12-27,2027-01-01,2027-01-02,2027-01-03,2027-01-09,2027-01-10,2027-01-16,2027-01-17,2027-01-18,2027-01-23,2027-01-24,2027-01-30,2027-01-31,2027-02-06,2027-02-07,2027-02-13,2027-02-14,2027-02-15,2027-02-20,2027-02-21,2027-02-27,2027-02-28,2027-03-06,2027-03-07,2027-03-13,2027-03-14,2027-03-20,2027-03-21,2027-03-27,2027-03-28,2027-04-03,2027-04-04,2027-04-10,2027-04-11,2027-04-17,2027-04-18,2027-04-24,2027-04-25,2027-05-01,2027-05-02,2027-05-08,2027-05-09,2027-05-15,2027-05-16,2027-05-22,2027-05-23,2027-05-29,2027-05-30,2027-05-31,2027-06-05,2027-06-06,2027-06-12,2027-06-13,2027-06-19,2027-06-20,2027-06-26,2027-06-27,2027-07-03,2027-07-04,2027-07-05,2027-07-10,2027-07-11",,2026-07-11,2026-08-19,,hlgtfs.zip,hartford_gtfs_effective_2026-07-11_updated_2026-08-19.zip,0,To Southbound to New Haven Union Station; GTFS; gtfs_trip_id=36010; gtfs_service_id=1; source_origin=Springfield; source_destination=New Haven Union Station
CTrail,Hartford Line,Hartford Line,CTrail 6401,To Southbound to New Haven Union Station,WNL,Windsor Locks,2,10:21,10:21,2026-07-11,2027-07-11,"2026-07-11,2026-07-12,2026-07-18,2026-07-19,2026-07-25,2026-07-26,2026-08-01,2026-08-02,2026-08-08,2026-08-09,2026-08-15,2026-08-16,2026-08-22,2026-08-23,2026-08-29,2026-08-30,2026-09-05,2026-09-06,2026-09-07,2026-09-12,2026-09-13,2026-09-19,2026-09-20,2026-09-26,2026-09-27,2026-10-03,2026-10-04,2026-10-10,2026-10-11,2026-10-17,2026-10-18,2026-10-24,2026-10-25,2026-10-31,2026-11-01,2026-11-07,2026-11-08,2026-11-14,2026-11-15,2026-11-21,2026-11-22,2026-11-26,2026-11-28,2026-11-29,2026-12-05,2026-12-06,2026-12-12,2026-12-13,2026-12-19,2026-12-20,2026-12-25,2026-12-26,2026-12-27,2027-01-01,2027-01-02,2027-01-03,2027-01-09,2027-01-10,2027-01-16,2027-01-17,2027-01-18,2027-01-23,2027-01-24,2027-01-30,2027-01-31,2027-02-06,2027-02-07,2027-02-13,2027-02-14,2027-02-15,2027-02-20,2027-02-21,2027-02-27,2027-02-28,2027-03-06,2027-03-07,2027-03-13,2027-03-14,2027-03-20,2027-03-21,2027-03-27,2027-03-28,2027-04-03,2027-04-04,2027-04-10,2027-04-11,2027-04-17,2027-04-18,2027-04-24,2027-04-25,2027-05-01,2027-05-02,2027-05-08,2027-05-09,2027-05-15,2027-05-16,2027-05-22,2027-05-23,2027-05-29,2027-05-30,2027-05-31,2027-06-05,2027-06-06,2027-06-12,2027-06-13,2027-06-19,2027-06-20,2027-06-26,2027-06-27,2027-07-03,2027-07-04,2027-07-05,2027-07-10,2027-07-11",,2026-07-11,2026-08-19,,hlgtfs.zip,hartford_gtfs_effective_2026-07-11_updated_2026-08-19.zip,0,To Southbound to New Haven Union Station; GTFS; gtfs_trip_id=36010; gtfs_service_id=1; source_origin=Springfield; source_destination=New Haven Union Station
CTrail,Hartford Line,Hartford Line,CTrail 6401,To Southbound to New Haven Union Station,WND,Windsor,3,10:28,10:28,2026-07-11,2027-07-11,"2026-07-11,2026-07-12,2026-07-18,2026-07-19,2026-07-25,2026-07-26,2026-08-01,2026-08-02,2026-08-08,2026-08-09,2026-08-15,2026-08-16,2026-08-22,2026-08-23,2026-08-29,2026-08-30,2026-09-05,2026-09-06,2026-09-07,2026-09-12,2026-09-13,2026-09-19,2026-09-20,2026-09-26,2026-09-27,2026-10-03,2026-10-04,2026-10-10,2026-10-11,2026-10-17,2026-10-18,2026-10-24,2026-10-25,2026-10-31,2026-11-01,2026-11-07,2026-11-08,2026-11-14,2026-11-15,2026-11-21,2026-11-22,2026-11-26,2026-11-28,2026-11-29,2026-12-05,2026-12-06,2026-12-12,2026-12-13,2026-12-19,2026-12-20,2026-12-25,2026-12-26,2026-12-27,2027-01-01,2027-01-02,2027-01-03,2027-01-09,2027-01-10,2027-01-16,2027-01-17,2027-01-18,2027-01-23,2027-01-24,2027-01-30,2027-01-31,2027-02-06,2027-02-07,2027-02-13,2027-02-14,2027-02-15,2027-02-20,2027-02-21,2027-02-27,2027-02-28,2027-03-06,2027-03-07,2027-03-13,2027-03-14,2027-03-20,2027-03-21,2027-03-27,2027-03-28,2027-04-03,2027-04-04,2027-04-10,2027-04-11,2027-04-17,2027-04-18,2027-04-24,2027-04-25,2027-05-01,2027-05-02,2027-05-08,2027-05-09,2027-05-15,2027-05-16,2027-05-22,2027-05-23,2027-05-29,2027-05-30,2027-05-31,2027-06-05,2027-06-06,2027-06-12,2027-06-13,2027-06-19,2027-06-20,2027-06-26,2027-06-27,2027-07-03,2027-07-04,2027-07-05,2027-07-10,2027-07-11",,2026-07-11,2026-08-19,,hlgtfs.zip,hartford_gtfs_effective_2026-07-11_updated_2026-08-19.zip,0,To Southbound to New Haven Union Station; GTFS; gtfs_trip_id=36010; gtfs_service_id=1; source_origin=Springfield; source_destination=New Haven Union Station
CTrail,Hartford Line,Hartford Line,CTrail 6401,To Southbound to New Haven Union Station,HFD,Hartford,4,10:39,10:39,2026-07-11,2027-07-11,"2026-07-11,2026-07-12,2026-07-18,2026-07-19,2026-07-25,2026-07-26,2026-08-01,2026-08-02,2026-08-08,2026-08-09,2026-08-15,2026-08-16,2026-08-22,2026-08-23,2026-08-29,2026-08-30,2026-09-05,2026-09-06,2026-09-07,2026-09-12,2026-09-13,2026-09-19,2026-09-20,2026-09-26,2026-09-27,2026-10-03,2026-10-04,2026-10-10,2026-10-11,2026-10-17,2026-10-18,2026-10-24,2026-10-25,2026-10-31,2026-11-01,2026-11-07,2026-11-08,2026-11-14,2026-11-15,2026-11-21,2026-11-22,2026-11-26,2026-11-28,2026-11-29,2026-12-05,2026-12-06,2026-12-12,2026-12-13,2026-12-19,2026-12-20,2026-12-25,2026-12-26,2026-12-27,2027-01-01,2027-01-02,2027-01-03,2027-01-09,2027-01-10,2027-01-16,2027-01-17,2027-01-18,2027-01-23,2027-01-24,2027-01-30,2027-01-31,2027-02-06,2027-02-07,2027-02-13,2027-02-14,2027-02-15,2027-02-20,2027-02-21,2027-02-27,2027-02-28,2027-03-06,2027-03-07,2027-03-13,2027-03-14,2027-03-20,2027-03-21,2027-03-27,2027-03-28,2027-04-03,2027-04-04,2027-04-10,2027-04-11,2027-04-17,2027-04-18,2027-04-24,2027-04-25,2027-05-01,2027-05-02,2027-05-08,2027-05-09,2027-05-15,2027-05-16,2027-05-22,2027-05-23,2027-05-29,2027-05-30,2027-05-31,2027-06-05,2027-06-06,2027-06-12,2027-06-13,2027-06-19,2027-06-20,2027-06-26,2027-06-27,2027-07-03,2027-07-04,2027-07-05,2027-07-10,2027-07-11",,2026-07-11,2026-08-19,,hlgtfs.zip,hartford_gtfs_effective_2026-07-11_updated_2026-08-19.zip,0,To Southbound to New Haven Union Station; GTFS; gtfs_trip_id=36010; gtfs_service_id=1; source_origin=Springfield; source_destination=New Haven Union Station
CTrail,Hartford Line,Hartford Line,CTrail 6401,To Southbound to New Haven Union Station,BER,Berlin,5,10:51,10:51,2026-07-11,2027-07-11,"2026-07-11,2026-07-12,2026-07-18,2026-07-19,2026-07-25,2026-07-26,2026-08-01,2026-08-02,2026-08-08,2026-08-09,2026-08-15,2026-08-16,2026-08-22,2026-08-23,2026-08-29,2026-08-30,2026-09-05,2026-09-06,2026-09-07,2026-09-12,2026-09-13,2026-09-19,2026-09-20,2026-09-26,2026-09-27,2026-10-03,2026-10-04,2026-10-10,2026-10-11,2026-10-17,2026-10-18,2026-10-24,2026-10-25,2026-10-31,2026-11-01,2026-11-07,2026-11-08,2026-11-14,2026-11-15,2026-11-21,2026-11-22,2026-11-26,2026-11-28,2026-11-29,2026-12-05,2026-12-06,2026-12-12,2026-12-13,2026-12-19,2026-12-20,2026-12-25,2026-12-26,2026-12-27,2027-01-01,2027-01-02,2027-01-03,2027-01-09,2027-01-10,2027-01-16,2027-01-17,2027-01-18,2027-01-23,2027-01-24,2027-01-30,2027-01-31,2027-02-06,2027-02-07,2027-02-13,2027-02-14,2027-02-15,2027-02-20,2027-02-21,2027-02-27,2027-02-28,2027-03-06,2027-03-07,2027-03-13,2027-03-14,2027-03-20,2027-03-21,2027-03-27,2027-03-28,2027-04-03,2027-04-04,2027-04-10,2027-04-11,2027-04-17,2027-04-18,2027-04-24,2027-04-25,2027-05-01,2027-05-02,2027-05-08,2027-05-09,2027-05-15,2027-05-16,2027-05-22,2027-05-23,2027-05-29,2027-05-30,2027-05-31,2027-06-05,2027-06-06,2027-06-12,2027-06-13,2027-06-19,2027-06-20,2027-06-26,2027-06-27,2027-07-03,2027-07-04,2027-07-05,2027-07-10,2027-07-11",,2026-07-11,2026-08-19,,hlgtfs.zip,hartford_gtfs_effective_2026-07-11_updated_2026-08-19.zip,0,To Southbound to New Haven Union Station; GTFS; gtfs_trip_id=36010; gtfs_service_id=1; source_origin=Springfield; source_destination=New Haven Union Station
CTrail,Hartford Line,Hartford Line,CTrail 6401,To Southbound to New Haven Union Station,MDN,Meriden,6,11:00,11:00,2026-07-11,2027-07-11,"2026-07-11,2026-07-12,2026-07-18,2026-07-19,2026-07-25,2026-07-26,2026-08-01,2026-08-02,2026-08-08,2026-08-09,2026-08-15,2026-08-16,2026-08-22,2026-08-23,2026-08-29,2026-08-30,2026-09-05,2026-09-06,2026-09-07,2026-09-12,2026-09-13,2026-09-19,2026-09-20,2026-09-26,2026-09-27,2026-10-03,2026-10-04,2026-10-10,2026-10-11,2026-10-17,2026-10-18,2026-10-24,2026-10-25,2026-10-31,2026-11-01,2026-11-07,2026-11-08,2026-11-14,2026-11-15,2026-11-21,2026-11-22,2026-11-26,2026-11-28,2026-11-29,2026-12-05,2026-12-06,2026-12-12,2026-12-13,2026-12-19,2026-12-20,2026-12-25,2026-12-26,2026-12-27,2027-01-01,2027-01-02,2027-01-03,2027-01-09,2027-01-10,2027-01-16,2027-01-17,2027-01-18,2027-01-23,2027-01-24,2027-01-30,2027-01-31,2027-02-06,2027-02-07,2027-02-13,2027-02-14,2027-02-15,2027-02-20,2027-02-21,2027-02-27,2027-02-28,2027-03-06,2027-03-07,2027-03-13,2027-03-14,2027-03-20,2027-03-21,2027-03-27,2027-03-28,2027-04-03,2027-04-04,2027-04-10,2027-04-11,2027-04-17,2027-04-18,2027-04-24,2027-04-25,2027-05-01,2027-05-02,2027-05-08,2027-05-09,2027-05-15,2027-05-16,2027-05-22,2027-05-23,2027-05-29,2027-05-30,2027-05-31,2027-06-05,2027-06-06,2027-06-12,2027-06-13,2027-06-19,2027-06-20,2027-06-26,2027-06-27,2027-07-03,2027-07-04,2027-07-05,2027-07-10,2027-07-11",,2026-07-11,2026-08-19,,hlgtfs.zip,hartford_gtfs_effective_2026-07-11_updated_2026-08-19.zip,0,To Southbound to New Haven Union Station; GTFS; gtfs_trip_id=36010; gtfs_service_id=1; source_origin=Springfield; source_destination=New Haven Union Station
CTrail,Hartford Line,Hartford Line,CTrail 6401,To Southbound to New Haven Union Station,WFD,Wallingford,7,11:09,11:09,2026-07-11,2027-07-11,"2026-07-11,2026-07-12,2026-07-18,2026-07-19,2026-07-25,2026-07-26,2026-08-01,2026-08-02,2026-08-08,2026-08-09,2026-08-15,2026-08-16,2026-08-22,2026-08-23,2026-08-29,2026-08-30,2026-09-05,2026-09-06,2026-09-07,2026-09-12,2026-09-13,2026-09-19,2026-09-20,2026-09-26,2026-09-27,2026-10-03,2026-10-04,2026-10-10,2026-10-11,2026-10-17,2026-10-18,2026-10-24,2026-10-25,2026-10-31,2026-11-01,2026-11-07,2026-11-08,2026-11-14,2026-11-15,2026-11-21,2026-11-22,2026-11-26,2026-11-28,2026-11-29,2026-12-05,2026-12-06,2026-12-12,2026-12-13,2026-12-19,2026-12-20,2026-12-25,2026-12-26,2026-12-27,2027-01-01,2027-01-02,2027-01-03,2027-01-09,2027-01-10,2027-01-16,2027-01-17,2027-01-18,2027-01-23,2027-01-24,2027-01-30,2027-01-31,2027-02-06,2027-02-07,2027-02-13,2027-02-14,2027-02-15,2027-02-20,2027-02-21,2027-02-27,2027-02-28,2027-03-06,2027-03-07,2027-03-13,2027-03-14,2027-03-20,2027-03-21,2027-03-27,2027-03-28,2027-04-03,2027-04-04,2027-04-10,2027-04-11,2027-04-17,2027-04-18,2027-04-24,2027-04-25,2027-05-01,2027-05-02,2027-05-08,2027-05-09,2027-05-15,2027-05-16,2027-05-22,2027-05-23,2027-05-29,2027-05-30,2027-05-31,2027-06-05,2027-06-06,2027-06-12,2027-06-13,2027-06-19,2027-06-20,2027-06-26,2027-06-27,2027-07-03,2027-07-04,2027-07-05,2027-07-10,2027-07-11",,2026-07-11,2026-08-19,,hlgtfs.zip,hartford_gtfs_effective_2026-07-11_updated_2026-08-19.zip,0,To Southbound to New Haven Union Station; GTFS; gtfs_trip_id=36010; gtfs_service_id=1; source_origin=Springfield; source_destination=New Haven Union Station
CTrail,Hartford Line,Hartford Line,CTrail 6401,To Southbound to New Haven Union Station,STS,New Haven State Street,8,11:25,11:25,2026-07-11,2027-07-11,"2026-07-11,2026-07-12,2026-07-18,2026-07-19,2026-07-25,2026-07-26,2026-08-01,2026-08-02,2026-08-08,2026-08-09,2026-08-15,2026-08-16,2026-08-22,2026-08-23,2026-08-29,2026-08-30,2026-09-05,2026-09-06,2026-09-07,2026-09-12,2026-09-13,2026-09-19,2026-09-20,2026-09-26,2026-09-27,2026-10-03,2026-10-04,2026-10-10,2026-10-11,2026-10-17,2026-10-18,2026-10-24,2026-10-25,2026-10-31,2026-11-01,2026-11-07,2026-11-08,2026-11-14,2026-11-15,2026-11-21,2026-11-22,2026-11-26,2026-11-28,2026-11-29,2026-12-05,2026-12-06,2026-12-12,2026-12-13,2026-12-19,2026-12-20,2026-12-25,2026-12-26,2026-12-27,2027-01-01,2027-01-02,2027-01-03,2027-01-09,2027-01-10,2027-01-16,2027-01-17,2027-01-18,2027-01-23,2027-01-24,2027-01-30,2027-01-31,2027-02-06,2027-02-07,2027-02-13,2027-02-14,2027-02-15,2027-02-20,2027-02-21,2027-02-27,2027-02-28,2027-03-06,2027-03-07,2027-03-13,2027-03-14,2027-03-20,2027-03-21,2027-03-27,2027-03-28,2027-04-03,2027-04-04,2027-04-10,2027-04-11,2027-04-17,2027-04-18,2027-04-24,2027-04-25,2027-05-01,2027-05-02,2027-05-08,2027-05-09,2027-05-15,2027-05-16,2027-05-22,2027-05-23,2027-05-29,2027-05-30,2027-05-31,2027-06-05,2027-06-06,2027-06-12,2027-06-13,2027-06-19,2027-06-20,2027-06-26,2027-06-27,2027-07-03,2027-07-04,2027-07-05,2027-07-10,2027-07-11",,2026-07-11,2026-08-19,,hlgtfs.zip,hartford_gtfs_effective_2026-07-11_updated_2026-08-19.zip,0,To Southbound to New Haven Union Station; GTFS; gtfs_trip_id=36010; gtfs_service_id=1; source_origin=Springfield; source_destination=New Haven Union Station
CTrail,Hartford Line,Hartford Line,CTrail 6401,To Southbound to New Haven Union Station,NHV,New Haven Union Station,9,11:33,11:33,2026-07-11,2027-07-11,"2026-07-11,2026-07-12,2026-07-18,2026-07-19,2026-07-25,2026-07-26,2026-08-01,2026-08-02,2026-08-08,2026-08-09,2026-08-15,2026-08-16,2026-08-22,2026-08-23,2026-08-29,2026-08-30,2026-09-05,2026-09-06,2026-09-07,2026-09-12,2026-09-13,2026-09-19,2026-09-20,2026-09-26,2026-09-27,2026-10-03,2026-10-04,2026-10-10,2026-10-11,2026-10-17,2026-10-18,2026-10-24,2026-10-25,2026-10-31,2026-11-01,2026-11-07,2026-11-08,2026-11-14,2026-11-15,2026-11-21,2026-11-22,2026-11-26,2026-11-28,2026-11-29,2026-12-05,2026-12-06,2026-12-12,2026-12-13,2026-12-19,2026-12-20,2026-12-25,2026-12-26,2026-12-27,2027-01-01,2027-01-02,2027-01-03,2027-01-09,2027-01-10,2027-01-16,2027-01-17,2027-01-18,2027-01-23,2027-01-24,2027-01-30,2027-01-31,2027-02-06,2027-02-07,2027-02-13,2027-02-14,2027-02-15,2027-02-20,2027-02-21,2027-02-27,2027-02-28,2027-03-06,2027-03-07,2027-03-13,2027-03-14,2027-03-20,2027-03-21,2027-03-27,2027-03-28,2027-04-03,2027-04-04,2027-04-10,2027-04-11,2027-04-17,2027-04-18,2027-04-24,2027-04-25,2027-05-01,2027-05-02,2027-05-08,2027-05-09,2027-05-15,2027-05-16,2027-05-22,2027-05-23,2027-05-29,2027-05-30,2027-05-31,2027-06-05,2027-06-06,2027-06-12,2027-06-13,2027-06-19,2027-06-20,2027-06-26,2027-06-27,2027-07-03,2027-07-04,2027-07-05,2027-07-10,2027-07-11",,2026-07-11,2026-08-19,,hlgtfs.zip,hartford_gtfs_effective_2026-07-11_updated_2026-08-19.zip,0,To Southbound to New Haven Union Station; GTFS; gtfs_trip_id=36010; gtfs_service_id=1; source_origin=Springfield; source_destination=New Haven Union Station
CTrail,Hartford Line,Hartford Line,CTrail 6402,To Northbound to Springfield,NHV,New Haven Union Station,1,10:05,10:05,2026-07-11,2027-07-11,"2026-07-11,2026-07-12,2026-07-18,2026-07-19,2026-07-25,2026-07-26,2026-08-01,2026-08-02,2026-08-08,2026-08-09,2026-08-15,2026-08-16,2026-08-22,2026-08-23,2026-08-29,2026-08-30,2026-09-05,2026-09-06,2026-09-07,2026-09-12,2026-09-13,2026-09-19,2026-09-20,2026-09-26,2026-09-27,2026-10-03,2026-10-04,2026-10-10,2026-10-11,2026-10-17,2026-10-18,2026-10-24,2026-10-25,2026-10-31,2026-11-01,2026-11-07,2026-11-08,2026-11-14,2026-11-15,2026-11-21,2026-11-22,2026-11-26,2026-11-28,2026-11-29,2026-12-05,2026-12-06,2026-12-12,2026-12-13,2026-12-19,2026-12-20,2026-12-25,2026-12-26,2026-12-27,2027-01-01,2027-01-02,2027-01-03,2027-01-09,2027-01-10,2027-01-16,2027-01-17,2027-01-18,2027-01-23,2027-01-24,2027-01-30,2027-01-31,2027-02-06,2027-02-07,2027-02-13,2027-02-14,2027-02-15,2027-02-20,2027-02-21,2027-02-27,2027-02-28,2027-03-06,2027-03-07,2027-03-13,2027-03-14,2027-03-20,2027-03-21,2027-03-27,2027-03-28,2027-04-03,2027-04-04,2027-04-10,2027-04-11,2027-04-17,2027-04-18,2027-04-24,2027-04-25,2027-05-01,2027-05-02,2027-05-08,2027-05-09,2027-05-15,2027-05-16,2027-05-22,2027-05-23,2027-05-29,2027-05-30,2027-05-31,2027-06-05,2027-06-06,2027-06-12,2027-06-13,2027-06-19,2027-06-20,2027-06-26,2027-06-27,2027-07-03,2027-07-04,2027-07-05,2027-07-10,2027-07-11",,2026-07-11,2026-08-19,,hlgtfs.zip,hartford_gtfs_effective_2026-07-11_updated_2026-08-19.zip,0,To Northbound to Springfield; GTFS; gtfs_trip_id=37010; gtfs_service_id=1; source_origin=New Haven Union Station; source_destination=Springfield
CTrail,Hartford Line,Hartford Line,CTrail 6402,To Northbound to Springfield,STS,New Haven State Street,2,10:08,10:08,2026-07-11,2027-07-11,"2026-07-11,2026-07-12,2026-07-18,2026-07-19,2026-07-25,2026-07-26,2026-08-01,2026-08-02,2026-08-08,2026-08-09,2026-08-15,2026-08-16,2026-08-22,2026-08-23,2026-08-29,2026-08-30,2026-09-05,2026-09-06,2026-09-07,2026-09-12,2026-09-13,2026-09-19,2026-09-20,2026-09-26,2026-09-27,2026-10-03,2026-10-04,2026-10-10,2026-10-11,2026-10-17,2026-10-18,2026-10-24,2026-10-25,2026-10-31,2026-11-01,2026-11-07,2026-11-08,2026-11-14,2026-11-15,2026-11-21,2026-11-22,2026-11-26,2026-11-28,2026-11-29,2026-12-05,2026-12-06,2026-12-12,2026-12-13,2026-12-19,2026-12-20,2026-12-25,2026-12-26,2026-12-27,2027-01-01,2027-01-02,2027-01-03,2027-01-09,2027-01-10,2027-01-16,2027-01-17,2027-01-18,2027-01-23,2027-01-24,2027-01-30,2027-01-31,2027-02-06,2027-02-07,2027-02-13,2027-02-14,2027-02-15,2027-02-20,2027-02-21,2027-02-27,2027-02-28,2027-03-06,2027-03-07,2027-03-13,2027-03-14,2027-03-20,2027-03-21,2027-03-27,2027-03-28,2027-04-03,2027-04-04,2027-04-10,2027-04-11,2027-04-17,2027-04-18,2027-04-24,2027-04-25,2027-05-01,2027-05-02,2027-05-08,2027-05-09,2027-05-15,2027-05-16,2027-05-22,2027-05-23,2027-05-29,2027-05-30,2027-05-31,2027-06-05,2027-06-06,2027-06-12,2027-06-13,2027-06-19,2027-06-20,2027-06-26,2027-06-27,2027-07-03,2027-07-04,2027-07-05,2027-07-10,2027-07-11",,2026-07-11,2026-08-19,,hlgtfs.zip,hartford_gtfs_effective_2026-07-11_updated_2026-08-19.zip,0,To Northbound to Springfield; GTFS; gtfs_trip_id=37010; gtfs_service_id=1; source_origin=New Haven Union Station; source_destination=Springfield
CTrail,Hartford Line,Hartford Line,CTrail 6402,To Northbound to Springfield,WFD,Wallingford,3,10:23,10:23,2026-07-11,2027-07-11,"2026-07-11,2026-07-12,2026-07-18,2026-07-19,2026-07-25,2026-07-26,2026-08-01,2026-08-02,2026-08-08,2026-08-09,2026-08-15,2026-08-16,2026-08-22,2026-08-23,2026-08-29,2026-08-30,2026-09-05,2026-09-06,2026-09-07,2026-09-12,2026-09-13,2026-09-19,2026-09-20,2026-09-26,2026-09-27,2026-10-03,2026-10-04,2026-10-10,2026-10-11,2026-10-17,2026-10-18,2026-10-24,2026-10-25,2026-10-31,2026-11-01,2026-11-07,2026-11-08,2026-11-14,2026-11-15,2026-11-21,2026-11-22,2026-11-26,2026-11-28,2026-11-29,2026-12-05,2026-12-06,2026-12-12,2026-12-13,2026-12-19,2026-12-20,2026-12-25,2026-12-26,2026-12-27,2027-01-01,2027-01-02,2027-01-03,2027-01-09,2027-01-10,2027-01-16,2027-01-17,2027-01-18,2027-01-23,2027-01-24,2027-01-30,2027-01-31,2027-02-06,2027-02-07,2027-02-13,2027-02-14,2027-02-15,2027-02-20,2027-02-21,2027-02-27,2027-02-28,2027-03-06,2027-03-07,2027-03-13,2027-03-14,2027-03-20,2027-03-21,2027-03-27,2027-03-28,2027-04-03,2027-04-04,2027-04-10,2027-04-11,2027-04-17,2027-04-18,2027-04-24,2027-04-25,2027-05-01,2027-05-02,2027-05-08,2027-05-09,2027-05-15,2027-05-16,2027-05-22,2027-05-23,2027-05-29,2027-05-30,2027-05-31,2027-06-05,2027-06-06,2027-06-12,2027-06-13,2027-06-19,2027-06-20,2027-06-26,2027-06-27,2027-07-03,2027-07-04,2027-07-05,2027-07-10,2027-07-11",,2026-07-11,2026-08-19,,hlgtfs.zip,hartford_gtfs_effective_2026-07-11_updated_2026-08-19.zip,0,To Northbound to Springfield; GTFS; gtfs_trip_id=37010; gtfs_service_id=1; source_origin=New Haven Union Station; source_destination=Springfield
CTrail,Hartford Line,Hartford Line,CTrail 6402,To Northbound to Springfield,MDN,Meriden,4,10:32,10:32,2026-07-11,2027-07-11,"2026-07-11,2026-07-12,2026-07-18,2026-07-19,2026-07-25,2026-07-26,2026-08-01,2026-08-02,2026-08-08,2026-08-09,2026-08-15,2026-08-16,2026-08-22,2026-08-23,2026-08-29,2026-08-30,2026-09-05,2026-09-06,2026-09-07,2026-09-12,2026-09-13,2026-09-19,2026-09-20,2026-09-26,2026-09-27,2026-10-03,2026-10-04,2026-10-10,2026-10-11,2026-10-17,2026-10-18,2026-10-24,2026-10-25,2026-10-31,2026-11-01,2026-11-07,2026-11-08,2026-11-14,2026-11-15,2026-11-21,2026-11-22,2026-11-26,2026-11-28,2026-11-29,2026-12-05,2026-12-06,2026-12-12,2026-12-13,2026-12-19,2026-12-20,2026-12-25,2026-12-26,2026-12-27,2027-01-01,2027-01-02,2027-01-03,2027-01-09,2027-01-10,2027-01-16,2027-01-17,2027-01-18,2027-01-23,2027-01-24,2027-01-30,2027-01-31,2027-02-06,2027-02-07,2027-02-13,2027-02-14,2027-02-15,2027-02-20,2027-02-21,2027-02-27,2027-02-28,2027-03-06,2027-03-07,2027-03-13,2027-03-14,2027-03-20,2027-03-21,2027-03-27,2027-03-28,2027-04-03,2027-04-04,2027-04-10,2027-04-11,2027-04-17,2027-04-18,2027-04-24,2027-04-25,2027-05-01,2027-05-02,2027-05-08,2027-05-09,2027-05-15,2027-05-16,2027-05-22,2027-05-23,2027-05-29,2027-05-30,2027-05-31,2027-06-05,2027-06-06,2027-06-12,2027-06-13,2027-06-19,2027-06-20,2027-06-26,2027-06-27,2027-07-03,2027-07-04,2027-07-05,2027-07-10,2027-07-11",,2026-07-11,2026-08-19,,hlgtfs.zip,hartford_gtfs_effective_2026-07-11_updated_2026-08-19.zip,0,To Northbound to Springfield; GTFS; gtfs_trip_id=37010; gtfs_service_id=1; source_origin=New Haven Union Station; source_destination=Springfield
CTrail,Hartford Line,Hartford Line,CTrail 6402,To Northbound to Springfield,BER,Berlin,5,10:41,10:41,2026-07-11,2027-07-11,"2026-07-11,2026-07-12,2026-07-18,2026-07-19,2026-07-25,2026-07-26,2026-08-01,2026-08-02,2026-08-08,2026-08-09,2026-08-15,2026-08-16,2026-08-22,2026-08-23,2026-08-29,2026-08-30,2026-09-05,2026-09-06,2026-09-07,2026-09-12,2026-09-13,2026-09-19,2026-09-20,2026-09-26,2026-09-27,2026-10-03,2026-10-04,2026-10-10,2026-10-11,2026-10-17,2026-10-18,2026-10-24,2026-10-25,2026-10-31,2026-11-01,2026-11-07,2026-11-08,2026-11-14,2026-11-15,2026-11-21,2026-11-22,2026-11-26,2026-11-28,2026-11-29,2026-12-05,2026-12-06,2026-12-12,2026-12-13,2026-12-19,2026-12-20,2026-12-25,2026-12-26,2026-12-27,2027-01-01,2027-01-02,2027-01-03,2027-01-09,2027-01-10,2027-01-16,2027-01-17,2027-01-18,2027-01-23,2027-01-24,2027-01-30,2027-01-31,2027-02-06,2027-02-07,2027-02-13,2027-02-14,2027-02-15,2027-02-20,2027-02-21,2027-02-27,2027-02-28,2027-03-06,2027-03-07,2027-03-13,2027-03-14,2027-03-20,2027-03-21,2027-03-27,2027-03-28,2027-04-03,2027-04-04,2027-04-10,2027-04-11,2027-04-17,2027-04-18,2027-04-24,2027-04-25,2027-05-01,2027-05-02,2027-05-08,2027-05-09,2027-05-15,2027-05-16,2027-05-22,2027-05-23,2027-05-29,2027-05-30,2027-05-31,2027-06-05,2027-06-06,2027-06-12,2027-06-13,2027-06-19,2027-06-20,2027-06-26,2027-06-27,2027-07-03,2027-07-04,2027-07-05,2027-07-10,2027-07-11",,2026-07-11,2026-08-19,,hlgtfs.zip,hartford_gtfs_effective_2026-07-11_updated_2026-08-19.zip,0,To Northbound to Springfield; GTFS; gtfs_trip_id=37010; gtfs_service_id=1; source_origin=New Haven Union Station; source_destination=Springfield
CTrail,Hartford Line,Hartford Line,CTrail 6402,To Northbound to Springfield,HFD,Hartford,6,10:56,10:56,2026-07-11,2027-07-11,"2026-07-11,2026-07-12,2026-07-18,2026-07-19,2026-07-25,2026-07-26,2026-08-01,2026-08-02,2026-08-08,2026-08-09,2026-08-15,2026-08-16,2026-08-22,2026-08-23,2026-08-29,2026-08-30,2026-09-05,2026-09-06,2026-09-07,2026-09-12,2026-09-13,2026-09-19,2026-09-20,2026-09-26,2026-09-27,2026-10-03,2026-10-04,2026-10-10,2026-10-11,2026-10-17,2026-10-18,2026-10-24,2026-10-25,2026-10-31,2026-11-01,2026-11-07,2026-11-08,2026-11-14,2026-11-15,2026-11-21,2026-11-22,2026-11-26,2026-11-28,2026-11-29,2026-12-05,2026-12-06,2026-12-12,2026-12-13,2026-12-19,2026-12-20,2026-12-25,2026-12-26,2026-12-27,2027-01-01,2027-01-02,2027-01-03,2027-01-09,2027-01-10,2027-01-16,2027-01-17,2027-01-18,2027-01-23,2027-01-24,2027-01-30,2027-01-31,2027-02-06,2027-02-07,2027-02-13,2027-02-14,2027-02-15,2027-02-20,2027-02-21,2027-02-27,2027-02-28,2027-03-06,2027-03-07,2027-03-13,2027-03-14,2027-03-20,2027-03-21,2027-03-27,2027-03-28,2027-04-03,2027-04-04,2027-04-10,2027-04-11,2027-04-17,2027-04-18,2027-04-24,2027-04-25,2027-05-01,2027-05-02,2027-05-08,2027-05-09,2027-05-15,2027-05-16,2027-05-22,2027-05-23,2027-05-29,2027-05-30,2027-05-31,2027-06-05,2027-06-06,2027-06-12,2027-06-13,2027-06-19,2027-06-20,2027-06-26,2027-06-27,2027-07-03,2027-07-04,2027-07-05,2027-07-10,2027-07-11",,2026-07-11,2026-08-19,,hlgtfs.zip,hartford_gtfs_effective_2026-07-11_updated_2026-08-19.zip,0,To Northbound to Springfield; GTFS; gtfs_trip_id=37010; gtfs_service_id=1; source_origin=New Haven Union Station; source_destination=Springfield
CTrail,Hartford Line,Hartford Line,CTrail 6402,To Northbound to Springfield,WND,Windsor,7,11:04,11:04,2026-07-11,2027-07-11,"2026-07-11,2026-07-12,2026-07-18,2026-07-19,2026-07-25,2026-07-26,2026-08-01,2026-08-02,2026-08-08,2026-08-09,2026-08-15,2026-08-16,2026-08-22,2026-08-23,2026-08-29,2026-08-30,2026-09-05,2026-09-06,2026-09-07,2026-09-12,2026-09-13,2026-09-19,2026-09-20,2026-09-26,2026-09-27,2026-10-03,2026-10-04,2026-10-10,2026-10-11,2026-10-17,2026-10-18,2026-10-24,2026-10-25,2026-10-31,2026-11-01,2026-11-07,2026-11-08,2026-11-14,2026-11-15,2026-11-21,2026-11-22,2026-11-26,2026-11-28,2026-11-29,2026-12-05,2026-12-06,2026-12-12,2026-12-13,2026-12-19,2026-12-20,2026-12-25,2026-12-26,2026-12-27,2027-01-01,2027-01-02,2027-01-03,2027-01-09,2027-01-10,2027-01-16,2027-01-17,2027-01-18,2027-01-23,2027-01-24,2027-01-30,2027-01-31,2027-02-06,2027-02-07,2027-02-13,2027-02-14,2027-02-15,2027-02-20,2027-02-21,2027-02-27,2027-02-28,2027-03-06,2027-03-07,2027-03-13,2027-03-14,2027-03-20,2027-03-21,2027-03-27,2027-03-28,2027-04-03,2027-04-04,2027-04-10,2027-04-11,2027-04-17,2027-04-18,2027-04-24,2027-04-25,2027-05-01,2027-05-02,2027-05-08,2027-05-09,2027-05-15,2027-05-16,2027-05-22,2027-05-23,2027-05-29,2027-05-30,2027-05-31,2027-06-05,2027-06-06,2027-06-12,2027-06-13,2027-06-19,2027-06-20,2027-06-26,2027-06-27,2027-07-03,2027-07-04,2027-07-05,2027-07-10,2027-07-11",,2026-07-11,2026-08-19,,hlgtfs.zip,hartford_gtfs_effective_2026-07-11_updated_2026-08-19.zip,0,To Northbound to Springfield; GTFS; gtfs_trip_id=37010; gtfs_service_id=1; source_origin=New Haven Union Station; source_destination=Springfield
CTrail,Hartford Line,Hartford Line,CTrail 6402,To Northbound to Springfield,WNL,Windsor Locks,8,11:10,11:10,2026-07-11,2027-07-11,"2026-07-11,2026-07-12,2026-07-18,2026-07-19,2026-07-25,2026-07-26,2026-08-01,2026-08-02,2026-08-08,2026-08-09,2026-08-15,2026-08-16,2026-08-22,2026-08-23,2026-08-29,2026-08-30,2026-09-05,2026-09-06,2026-09-07,2026-09-12,2026-09-13,2026-09-19,2026-09-20,2026-09-26,2026-09-27,2026-10-03,2026-10-04,2026-10-10,2026-10-11,2026-10-17,2026-10-18,2026-10-24,2026-10-25,2026-10-31,2026-11-01,2026-11-07,2026-11-08,2026-11-14,2026-11-15,2026-11-21,2026-11-22,2026-11-26,2026-11-28,2026-11-29,2026-12-05,2026-12-06,2026-12-12,2026-12-13,2026-12-19,2026-12-20,2026-12-25,2026-12-26,2026-12-27,2027-01-01,2027-01-02,2027-01-03,2027-01-09,2027-01-10,2027-01-16,2027-01-17,2027-01-18,2027-01-23,2027-01-24,2027-01-30,2027-01-31,2027-02-06,2027-02-07,2027-02-13,2027-02-14,2027-02-15,2027-02-20,2027-02-21,2027-02-27,2027-02-28,2027-03-06,2027-03-07,2027-03-13,2027-03-14,2027-03-20,2027-03-21,2027-03-27,2027-03-28,2027-04-03,2027-04-04,2027-04-10,2027-04-11,2027-04-17,2027-04-18,2027-04-24,2027-04-25,2027-05-01,2027-05-02,2027-05-08,2027-05-09,2027-05-15,2027-05-16,2027-05-22,2027-05-23,2027-05-29,2027-05-30,2027-05-31,2027-06-05,2027-06-06,2027-06-12,2027-06-13,2027-06-19,2027-06-20,2027-06-26,2027-06-27,2027-07-03,2027-07-04,2027-07-05,2027-07-10,2027-07-11",,2026-07-11,2026-08-19,,hlgtfs.zip,hartford_gtfs_effective_2026-07-11_updated_2026-08-19.zip,0,To Northbound to Springfield; GTFS; gtfs_trip_id=37010; gtfs_service_id=1; source_origin=New Haven Union Station; source_destination=Springfield
CTrail,Hartford Line,Hartford Line,CTrail 6402,To Northbound to Springfield,SPG,Springfield,9,11:38,11:38,2026-07-11,2027-07-11,"2026-07-11,2026-07-12,2026-07-18,2026-07-19,2026-07-25,2026-07-26,2026-08-01,2026-08-02,2026-08-08,2026-08-09,2026-08-15,2026-08-16,2026-08-22,2026-08-23,2026-08-29,2026-08-30,2026-09-05,2026-09-06,2026-09-07,2026-09-12,2026-09-13,2026-09-19,2026-09-20,2026-09-26,2026-09-27,2026-10-03,2026-10-04,2026-10-10,2026-10-11,2026-10-17,2026-10-18,2026-10-24,2026-10-25,2026-10-31,2026-11-01,2026-11-07,2026-11-08,2026-11-14,2026-11-15,2026-11-21,2026-11-22,2026-11-26,2026-11-28,2026-11-29,2026-12-05,2026-12-06,2026-12-12,2026-12-13,2026-12-19,2026-12-20,2026-12-25,2026-12-26,2026-12-27,2027-01-01,2027-01-02,2027-01-03,2027-01-09,2027-01-10,2027-01-16,2027-01-17,2027-01-18,2027-01-23,2027-01-24,2027-01-30,2027-01-31,2027-02-06,2027-02-07,2027-02-13,2027-02-14,2027-02-15,2027-02-20,2027-02-21,2027-02-27,2027-02-28,2027-03-06,2027-03-07,2027-03-13,2027-03-14,2027-03-20,2027-03-21,2027-03-27,2027-03-28,2027-04-03,2027-04-04,2027-04-10,2027-04-11,2027-04-17,2027-04-18,2027-04-24,2027-04-25,2027-05-01,2027-05-02,2027-05-08,2027-05-09,2027-05-15,2027-05-16,2027-05-22,2027-05-23,2027-05-29,2027-05-30,2027-05-31,2027-06-05,2027-06-06,2027-06-12,2027-06-13,2027-06-19,2027-06-20,2027-06-26,2027-06-27,2027-07-03,2027-07-04,2027-07-05,2027-07-10,2027-07-11",,2026-07-11,2026-08-19,,hlgtfs.zip,hartford_gtfs_effective_2026-07-11_updated_2026-08-19.zip,0,To Northbound to Springfield; GTFS; gtfs_trip_id=37010; gtfs_service_id=1; source_origin=New Haven Union Station; source_destination=Springfield
CTrail,Hartford Line,Hartford Line,CTrail 6403,To Southbound to New Haven Union Station,SPG,Springfield,1,12:00,12:00,2026-07-11,2027-07-11,"2026-07-11,2026-07-12,2026-07-18,2026-07-19,2026-07-25,2026-07-26,2026-08-01,2026-08-02,2026-08-08,2026-08-09,2026-08-15,2026-08-16,2026-08-22,2026-08-23,2026-08-29,2026-08-30,2026-09-05,2026-09-06,2026-09-07,2026-09-12,2026-09-13,2026-09-19,2026-09-20,2026-09-26,2026-09-27,2026-10-03,2026-10-04,2026-10-10,2026-10-11,2026-10-17,2026-10-18,2026-10-24,2026-10-25,2026-10-31,2026-11-01,2026-11-07,2026-11-08,2026-11-14,2026-11-15,2026-11-21,2026-11-22,2026-11-26,2026-11-28,2026-11-29,2026-12-05,2026-12-06,2026-12-12,2026-12-13,2026-12-19,2026-12-20,2026-12-25,2026-12-26,2026-12-27,2027-01-01,2027-01-02,2027-01-03,2027-01-09,2027-01-10,2027-01-16,2027-01-17,2027-01-18,2027-01-23,2027-01-24,2027-01-30,2027-01-31,2027-02-06,2027-02-07,2027-02-13,2027-02-14,2027-02-15,2027-02-20,2027-02-21,2027-02-27,2027-02-28,2027-03-06,2027-03-07,2027-03-13,2027-03-14,2027-03-20,2027-03-21,2027-03-27,2027-03-28,2027-04-03,2027-04-04,2027-04-10,2027-04-11,2027-04-17,2027-04-18,2027-04-24,2027-04-25,2027-05-01,2027-05-02,2027-05-08,2027-05-09,2027-05-15,2027-05-16,2027-05-22,2027-05-23,2027-05-29,2027-05-30,2027-05-31,2027-06-05,2027-06-06,2027-06-12,2027-06-13,2027-06-19,2027-06-20,2027-06-26,2027-06-27,2027-07-03,2027-07-04,2027-07-05,2027-07-10,2027-07-11",,2026-07-11,2026-08-19,,hlgtfs.zip,hartford_gtfs_effective_2026-07-11_updated_2026-08-19.zip,0,To Southbound to New Haven Union Station; GTFS; gtfs_trip_id=38010; gtfs_service_id=1; source_origin=Springfield; source_destination=New Haven Union Station
CTrail,Hartford Line,Hartford Line,CTrail 6403,To Southbound to New Haven Union Station,WNL,Windsor Locks,2,12:22,12:22,2026-07-11,2027-07-11,"2026-07-11,2026-07-12,2026-07-18,2026-07-19,2026-07-25,2026-07-26,2026-08-01,2026-08-02,2026-08-08,2026-08-09,2026-08-15,2026-08-16,2026-08-22,2026-08-23,2026-08-29,2026-08-30,2026-09-05,2026-09-06,2026-09-07,2026-09-12,2026-09-13,2026-09-19,2026-09-20,2026-09-26,2026-09-27,2026-10-03,2026-10-04,2026-10-10,2026-10-11,2026-10-17,2026-10-18,2026-10-24,2026-10-25,2026-10-31,2026-11-01,2026-11-07,2026-11-08,2026-11-14,2026-11-15,2026-11-21,2026-11-22,2026-11-26,2026-11-28,2026-11-29,2026-12-05,2026-12-06,2026-12-12,2026-12-13,2026-12-19,2026-12-20,2026-12-25,2026-12-26,2026-12-27,2027-01-01,2027-01-02,2027-01-03,2027-01-09,2027-01-10,2027-01-16,2027-01-17,2027-01-18,2027-01-23,2027-01-24,2027-01-30,2027-01-31,2027-02-06,2027-02-07,2027-02-13,2027-02-14,2027-02-15,2027-02-20,2027-02-21,2027-02-27,2027-02-28,2027-03-06,2027-03-07,2027-03-13,2027-03-14,2027-03-20,2027-03-21,2027-03-27,2027-03-28,2027-04-03,2027-04-04,2027-04-10,2027-04-11,2027-04-17,2027-04-18,2027-04-24,2027-04-25,2027-05-01,2027-05-02,2027-05-08,2027-05-09,2027-05-15,2027-05-16,2027-05-22,2027-05-23,2027-05-29,2027-05-30,2027-05-31,2027-06-05,2027-06-06,2027-06-12,2027-06-13,2027-06-19,2027-06-20,2027-06-26,2027-06-27,2027-07-03,2027-07-04,2027-07-05,2027-07-10,2027-07-11",,2026-07-11,2026-08-19,,hlgtfs.zip,hartford_gtfs_effective_2026-07-11_updated_2026-08-19.zip,0,To Southbound to New Haven Union Station; GTFS; gtfs_trip_id=38010; gtfs_service_id=1; source_origin=Springfield; source_destination=New Haven Union Station
CTrail,Hartford Line,Hartford Line,CTrail 6403,To Southbound to New Haven Union Station,WND,Windsor,3,12:28,12:28,2026-07-11,2027-07-11,"2026-07-11,2026-07-12,2026-07-18,2026-07-19,2026-07-25,2026-07-26,2026-08-01,2026-08-02,2026-08-08,2026-08-09,2026-08-15,2026-08-16,2026-08-22,2026-08-23,2026-08-29,2026-08-30,2026-09-05,2026-09-06,2026-09-07,2026-09-12,2026-09-13,2026-09-19,2026-09-20,2026-09-26,2026-09-27,2026-10-03,2026-10-04,2026-10-10,2026-10-11,2026-10-17,2026-10-18,2026-10-24,2026-10-25,2026-10-31,2026-11-01,2026-11-07,2026-11-08,2026-11-14,2026-11-15,2026-11-21,2026-11-22,2026-11-26,2026-11-28,2026-11-29,2026-12-05,2026-12-06,2026-12-12,2026-12-13,2026-12-19,2026-12-20,2026-12-25,2026-12-26,2026-12-27,2027-01-01,2027-01-02,2027-01-03,2027-01-09,2027-01-10,2027-01-16,2027-01-17,2027-01-18,2027-01-23,2027-01-24,2027-01-30,2027-01-31,2027-02-06,2027-02-07,2027-02-13,2027-02-14,2027-02-15,2027-02-20,2027-02-21,2027-02-27,2027-02-28,2027-03-06,2027-03-07,2027-03-13,2027-03-14,2027-03-20,2027-03-21,2027-03-27,2027-03-28,2027-04-03,2027-04-04,2027-04-10,2027-04-11,2027-04-17,2027-04-18,2027-04-24,2027-04-25,2027-05-01,2027-05-02,2027-05-08,2027-05-09,2027-05-15,2027-05-16,2027-05-22,2027-05-23,2027-05-29,2027-05-30,2027-05-31,2027-06-05,2027-06-06,2027-06-12,2027-06-13,2027-06-19,2027-06-20,2027-06-26,2027-06-27,2027-07-03,2027-07-04,2027-07-05,2027-07-10,2027-07-11",,2026-07-11,2026-08-19,,hlgtfs.zip,hartford_gtfs_effective_2026-07-11_updated_2026-08-19.zip,0,To Southbound to New Haven Union Station; GTFS; gtfs_trip_id=38010; gtfs_service_id=1; source_origin=Springfield; source_destination=New Haven Union Station
CTrail,Hartford Line,Hartford Line,CTrail 6403,To Southbound to New Haven Union Station,HFD,Hartford,4,12:39,12:39,2026-07-11,2027-07-11,"2026-07-11,2026-07-12,2026-07-18,2026-07-19,2026-07-25,2026-07-26,2026-08-01,2026-08-02,2026-08-08,2026-08-09,2026-08-15,2026-08-16,2026-08-22,2026-08-23,2026-08-29,2026-08-30,2026-09-05,2026-09-06,2026-09-07,2026-09-12,2026-09-13,2026-09-19,2026-09-20,2026-09-26,2026-09-27,2026-10-03,2026-10-04,2026-10-10,2026-10-11,2026-10-17,2026-10-18,2026-10-24,2026-10-25,2026-10-31,2026-11-01,2026-11-07,2026-11-08,2026-11-14,2026-11-15,2026-11-21,2026-11-22,2026-11-26,2026-11-28,2026-11-29,2026-12-05,2026-12-06,2026-12-12,2026-12-13,2026-12-19,2026-12-20,2026-12-25,2026-12-26,2026-12-27,2027-01-01,2027-01-02,2027-01-03,2027-01-09,2027-01-10,2027-01-16,2027-01-17,2027-01-18,2027-01-23,2027-01-24,2027-01-30,2027-01-31,2027-02-06,2027-02-07,2027-02-13,2027-02-14,2027-02-15,2027-02-20,2027-02-21,2027-02-27,2027-02-28,2027-03-06,2027-03-07,2027-03-13,2027-03-14,2027-03-20,2027-03-21,2027-03-27,2027-03-28,2027-04-03,2027-04-04,2027-04-10,2027-04-11,2027-04-17,2027-04-18,2027-04-24,2027-04-25,2027-05-01,2027-05-02,2027-05-08,2027-05-09,2027-05-15,2027-05-16,2027-05-22,2027-05-23,2027-05-29,2027-05-30,2027-05-31,2027-06-05,2027-06-06,2027-06-12,2027-06-13,2027-06-19,2027-06-20,2027-06-26,2027-06-27,2027-07-03,2027-07-04,2027-07-05,2027-07-10,2027-07-11",,2026-07-11,2026-08-19,,hlgtfs.zip,hartford_gtfs_effective_2026-07-11_updated_2026-08-19.zip,0,To Southbound to New Haven Union Station; GTFS; gtfs_trip_id=38010; gtfs_service_id=1; source_origin=Springfield; source_destination=New Haven Union Station
CTrail,Hartford Line,Hartford Line,CTrail 6403,To Southbound to New Haven Union Station,BER,Berlin,5,12:51,12:51,2026-07-11,2027-07-11,"2026-07-11,2026-07-12,2026-07-18,2026-07-19,2026-07-25,2026-07-26,2026-08-01,2026-08-02,2026-08-08,2026-08-09,2026-08-15,2026-08-16,2026-08-22,2026-08-23,2026-08-29,2026-08-30,2026-09-05,2026-09-06,2026-09-07,2026-09-12,2026-09-13,2026-09-19,2026-09-20,2026-09-26,2026-09-27,2026-10-03,2026-10-04,2026-10-10,2026-10-11,2026-10-17,2026-10-18,2026-10-24,2026-10-25,2026-10-31,2026-11-01,2026-11-07,2026-11-08,2026-11-14,2026-11-15,2026-11-21,2026-11-22,2026-11-26,2026-11-28,2026-11-29,2026-12-05,2026-12-06,2026-12-12,2026-12-13,2026-12-19,2026-12-20,2026-12-25,2026-12-26,2026-12-27,2027-01-01,2027-01-02,2027-01-03,2027-01-09,2027-01-10,2027-01-16,2027-01-17,2027-01-18,2027-01-23,2027-01-24,2027-01-30,2027-01-31,2027-02-06,2027-02-07,2027-02-13,2027-02-14,2027-02-15,2027-02-20,2027-02-21,2027-02-27,2027-02-28,2027-03-06,2027-03-07,2027-03-13,2027-03-14,2027-03-20,2027-03-21,2027-03-27,2027-03-28,2027-04-03,2027-04-04,2027-04-10,2027-04-11,2027-04-17,2027-04-18,2027-04-24,2027-04-25,2027-05-01,2027-05-02,2027-05-08,2027-05-09,2027-05-15,2027-05-16,2027-05-22,2027-05-23,2027-05-29,2027-05-30,2027-05-31,2027-06-05,2027-06-06,2027-06-12,2027-06-13,2027-06-19,2027-06-20,2027-06-26,2027-06-27,2027-07-03,2027-07-04,2027-07-05,2027-07-10,2027-07-11",,2026-07-11,2026-08-19,,hlgtfs.zip,hartford_gtfs_effective_2026-07-11_updated_2026-08-19.zip,0,To Southbound to New Haven Union Station; GTFS; gtfs_trip_id=38010; gtfs_service_id=1; source_origin=Springfield; source_destination=New Haven Union Station
CTrail,Hartford Line,Hartford Line,CTrail 6403,To Southbound to New Haven Union Station,MDN,Meriden,6,13:00,13:00,2026-07-11,2027-07-11,"2026-07-11,2026-07-12,2026-07-18,2026-07-19,2026-07-25,2026-07-26,2026-08-01,2026-08-02,2026-08-08,2026-08-09,2026-08-15,2026-08-16,2026-08-22,2026-08-23,2026-08-29,2026-08-30,2026-09-05,2026-09-06,2026-09-07,2026-09-12,2026-09-13,2026-09-19,2026-09-20,2026-09-26,2026-09-27,2026-10-03,2026-10-04,2026-10-10,2026-10-11,2026-10-17,2026-10-18,2026-10-24,2026-10-25,2026-10-31,2026-11-01,2026-11-07,2026-11-08,2026-11-14,2026-11-15,2026-11-21,2026-11-22,2026-11-26,2026-11-28,2026-11-29,2026-12-05,2026-12-06,2026-12-12,2026-12-13,2026-12-19,2026-12-20,2026-12-25,2026-12-26,2026-12-27,2027-01-01,2027-01-02,2027-01-03,2027-01-09,2027-01-10,2027-01-16,2027-01-17,2027-01-18,2027-01-23,2027-01-24,2027-01-30,2027-01-31,2027-02-06,2027-02-07,2027-02-13,2027-02-14,2027-02-15,2027-02-20,2027-02-21,2027-02-27,2027-02-28,2027-03-06,2027-03-07,2027-03-13,2027-03-14,2027-03-20,2027-03-21,2027-03-27,2027-03-28,2027-04-03,2027-04-04,2027-04-10,2027-04-11,2027-04-17,2027-04-18,2027-04-24,2027-04-25,2027-05-01,2027-05-02,2027-05-08,2027-05-09,2027-05-15,2027-05-16,2027-05-22,2027-05-23,2027-05-29,2027-05-30,2027-05-31,2027-06-05,2027-06-06,2027-06-12,2027-06-13,2027-06-19,2027-06-20,2027-06-26,2027-06-27,2027-07-03,2027-07-04,2027-07-05,2027-07-10,2027-07-11",,2026-07-11,2026-08-19,,hlgtfs.zip,hartford_gtfs_effective_2026-07-11_updated_2026-08-19.zip,0,To Southbound to New Haven Union Station; GTFS; gtfs_trip_id=38010; gtfs_service_id=1; source_origin=Springfield; source_destination=New Haven Union Station
CTrail,Hartford Line,Hartford Line,CTrail 6403,To Southbound to New Haven Union Station,WFD,Wallingford,7,13:09,13:09,2026-07-11,2027-07-11,"2026-07-11,2026-07-12,2026-07-18,2026-07-19,2026-07-25,2026-07-26,2026-08-01,2026-08-02,2026-08-08,2026-08-09,2026-08-15,2026-08-16,2026-08-22,2026-08-23,2026-08-29,2026-08-30,2026-09-05,2026-09-06,2026-09-07,2026-09-12,2026-09-13,2026-09-19,2026-09-20,2026-09-26,2026-09-27,2026-10-03,2026-10-04,2026-10-10,2026-10-11,2026-10-17,2026-10-18,2026-10-24,2026-10-25,2026-10-31,2026-11-01,2026-11-07,2026-11-08,2026-11-14,2026-11-15,2026-11-21,2026-11-22,2026-11-26,2026-11-28,2026-11-29,2026-12-05,2026-12-06,2026-12-12,2026-12-13,2026-12-19,2026-12-20,2026-12-25,2026-12-26,2026-12-27,2027-01-01,2027-01-02,2027-01-03,2027-01-09,2027-01-10,2027-01-16,2027-01-17,2027-01-18,2027-01-23,2027-01-24,2027-01-30,2027-01-31,2027-02-06,2027-02-07,2027-02-13,2027-02-14,2027-02-15,2027-02-20,2027-02-21,2027-02-27,2027-02-28,2027-03-06,2027-03-07,2027-03-13,2027-03-14,2027-03-20,2027-03-21,2027-03-27,2027-03-28,2027-04-03,2027-04-04,2027-04-10,2027-04-11,2027-04-17,2027-04-18,2027-04-24,2027-04-25,2027-05-01,2027-05-02,2027-05-08,2027-05-09,2027-05-15,2027-05-16,2027-05-22,2027-05-23,2027-05-29,2027-05-30,2027-05-31,2027-06-05,2027-06-06,2027-06-12,2027-06-13,2027-06-19,2027-06-20,2027-06-26,2027-06-27,2027-07-03,2027-07-04,2027-07-05,2027-07-10,2027-07-11",,2026-07-11,2026-08-19,,hlgtfs.zip,hartford_gtfs_effective_2026-07-11_updated_2026-08-19.zip,0,To Southbound to New Haven Union Station; GTFS; gtfs_trip_id=38010; gtfs_service_id=1; source_origin=Springfield; source_destination=New Haven Union Station
CTrail,Hartford Line,Hartford Line,CTrail 6403,To Southbound to New Haven Union Station,STS,New Haven State Street,8,13:25,13:25,2026-07-11,2027-07-11,"2026-07-11,2026-07-12,2026-07-18,2026-07-19,2026-07-25,2026-07-26,2026-08-01,2026-08-02,2026-08-08,2026-08-09,2026-08-15,2026-08-16,2026-08-22,2026-08-23,2026-08-29,2026-08-30,2026-09-05,2026-09-06,2026-09-07,2026-09-12,2026-09-13,2026-09-19,2026-09-20,2026-09-26,2026-09-27,2026-10-03,2026-10-04,2026-10-10,2026-10-11,2026-10-17,2026-10-18,2026-10-24,2026-10-25,2026-10-31,2026-11-01,2026-11-07,2026-11-08,2026-11-14,2026-11-15,2026-11-21,2026-11-22,2026-11-26,2026-11-28,2026-11-29,2026-12-05,2026-12-06,2026-12-12,2026-12-13,2026-12-19,2026-12-20,2026-12-25,2026-12-26,2026-12-27,2027-01-01,2027-01-02,2027-01-03,2027-01-09,2027-01-10,2027-01-16,2027-01-17,2027-01-18,2027-01-23,2027-01-24,2027-01-30,2027-01-31,2027-02-06,2027-02-07,2027-02-13,2027-02-14,2027-02-15,2027-02-20,2027-02-21,2027-02-27,2027-02-28,2027-03-06,2027-03-07,2027-03-13,2027-03-14,2027-03-20,2027-03-21,2027-03-27,2027-03-28,2027-04-03,2027-04-04,2027-04-10,2027-04-11,2027-04-17,2027-04-18,2027-04-24,2027-04-25,2027-05-01,2027-05-02,2027-05-08,2027-05-09,2027-05-15,2027-05-16,2027-05-22,2027-05-23,2027-05-29,2027-05-30,2027-05-31,2027-06-05,2027-06-06,2027-06-12,2027-06-13,2027-06-19,2027-06-20,2027-06-26,2027-06-27,2027-07-03,2027-07-04,2027-07-05,2027-07-10,2027-07-11",,2026-07-11,2026-08-19,,hlgtfs.zip,hartford_gtfs_effective_2026-07-11_updated_2026-08-19.zip,0,To Southbound to New Haven Union Station; GTFS; gtfs_trip_id=38010; gtfs_service_id=1; source_origin=Springfield; source_destination=New Haven Union Station
CTrail,Hartford Line,Hartford Line,CTrail 6403,To Southbound to New Haven Union Station,NHV,New Haven Union Station,9,13:29,13:29,2026-07-11,2027-07-11,"2026-07-11,2026-07-12,2026-07-18,2026-07-19,2026-07-25,2026-07-26,2026-08-01,2026-08-02,2026-08-08,2026-08-09,2026-08-15,2026-08-16,2026-08-22,2026-08-23,2026-08-29,2026-08-30,2026-09-05,2026-09-06,2026-09-07,2026-09-12,2026-09-13,2026-09-19,2026-09-20,2026-09-26,2026-09-27,2026-10-03,2026-10-04,2026-10-10,2026-10-11,2026-10-17,2026-10-18,2026-10-24,2026-10-25,2026-10-31,2026-11-01,2026-11-07,2026-11-08,2026-11-14,2026-11-15,2026-11-21,2026-11-22,2026-11-26,2026-11-28,2026-11-29,2026-12-05,2026-12-06,2026-12-12,2026-12-13,2026-12-19,2026-12-20,2026-12-25,2026-12-26,2026-12-27,2027-01-01,2027-01-02,2027-01-03,2027-01-09,2027-01-10,2027-01-16,2027-01-17,2027-01-18,2027-01-23,2027-01-24,2027-01-30,2027-01-31,2027-02-06,2027-02-07,2027-02-13,2027-02-14,2027-02-15,2027-02-20,2027-02-21,2027-02-27,2027-02-28,2027-03-06,2027-03-07,2027-03-13,2027-03-14,2027-03-20,2027-03-21,2027-03-27,2027-03-28,2027-04-03,2027-04-04,2027-04-10,2027-04-11,2027-04-17,2027-04-18,2027-04-24,2027-04-25,2027-05-01,2027-05-02,2027-05-08,2027-05-09,2027-05-15,2027-05-16,2027-05-22,2027-05-23,2027-05-29,2027-05-30,2027-05-31,2027-06-05,2027-06-06,2027-06-12,2027-06-13,2027-06-19,2027-06-20,2027-06-26,2027-06-27,2027-07-03,2027-07-04,2027-07-05,2027-07-10,2027-07-11",,2026-07-11,2026-08-19,,hlgtfs.zip,hartford_gtfs_effective_2026-07-11_updated_2026-08-19.zip,0,To Southbound to New Haven Union Station; GTFS; gtfs_trip_id=38010; gtfs_service_id=1; source_origin=Springfield; source_destination=New Haven Union Station
CTrail,Hartford Line,Hartford Line,CTrail 6410,To Northbound to Springfield,NHV,New Haven Union Station,1,19:30,19:30,2026-07-11,2027-07-11,"2026-07-11,2026-07-12,2026-07-18,2026-07-19,2026-07-25,2026-07-26,2026-08-01,2026-08-02,2026-08-08,2026-08-09,2026-08-15,2026-08-16,2026-08-22,2026-08-23,2026-08-29,2026-08-30,2026-09-05,2026-09-06,2026-09-07,2026-09-12,2026-09-13,2026-09-19,2026-09-20,2026-09-26,2026-09-27,2026-10-03,2026-10-04,2026-10-10,2026-10-11,2026-10-17,2026-10-18,2026-10-24,2026-10-25,2026-10-31,2026-11-01,2026-11-07,2026-11-08,2026-11-14,2026-11-15,2026-11-21,2026-11-22,2026-11-26,2026-11-28,2026-11-29,2026-12-05,2026-12-06,2026-12-12,2026-12-13,2026-12-19,2026-12-20,2026-12-25,2026-12-26,2026-12-27,2027-01-01,2027-01-02,2027-01-03,2027-01-09,2027-01-10,2027-01-16,2027-01-17,2027-01-18,2027-01-23,2027-01-24,2027-01-30,2027-01-31,2027-02-06,2027-02-07,2027-02-13,2027-02-14,2027-02-15,2027-02-20,2027-02-21,2027-02-27,2027-02-28,2027-03-06,2027-03-07,2027-03-13,2027-03-14,2027-03-20,2027-03-21,2027-03-27,2027-03-28,2027-04-03,2027-04-04,2027-04-10,2027-04-11,2027-04-17,2027-04-18,2027-04-24,2027-04-25,2027-05-01,2027-05-02,2027-05-08,2027-05-09,2027-05-15,2027-05-16,2027-05-22,2027-05-23,2027-05-29,2027-05-30,2027-05-31,2027-06-05,2027-06-06,2027-06-12,2027-06-13,2027-06-19,2027-06-20,2027-06-26,2027-06-27,2027-07-03,2027-07-04,2027-07-05,2027-07-10,2027-07-11",,2026-07-11,2026-08-19,,hlgtfs.zip,hartford_gtfs_effective_2026-07-11_updated_2026-08-19.zip,0,To Northbound to Springfield; GTFS; gtfs_trip_id=5010; gtfs_service_id=1; source_origin=New Haven Union Station; source_destination=Springfield
CTrail,Hartford Line,Hartford Line,CTrail 6410,To Northbound to Springfield,STS,New Haven State Street,2,19:33,19:33,2026-07-11,2027-07-11,"2026-07-11,2026-07-12,2026-07-18,2026-07-19,2026-07-25,2026-07-26,2026-08-01,2026-08-02,2026-08-08,2026-08-09,2026-08-15,2026-08-16,2026-08-22,2026-08-23,2026-08-29,2026-08-30,2026-09-05,2026-09-06,2026-09-07,2026-09-12,2026-09-13,2026-09-19,2026-09-20,2026-09-26,2026-09-27,2026-10-03,2026-10-04,2026-10-10,2026-10-11,2026-10-17,2026-10-18,2026-10-24,2026-10-25,2026-10-31,2026-11-01,2026-11-07,2026-11-08,2026-11-14,2026-11-15,2026-11-21,2026-11-22,2026-11-26,2026-11-28,2026-11-29,2026-12-05,2026-12-06,2026-12-12,2026-12-13,2026-12-19,2026-12-20,2026-12-25,2026-12-26,2026-12-27,2027-01-01,2027-01-02,2027-01-03,2027-01-09,2027-01-10,2027-01-16,2027-01-17,2027-01-18,2027-01-23,2027-01-24,2027-01-30,2027-01-31,2027-02-06,2027-02-07,2027-02-13,2027-02-14,2027-02-15,2027-02-20,2027-02-21,2027-02-27,2027-02-28,2027-03-06,2027-03-07,2027-03-13,2027-03-14,2027-03-20,2027-03-21,2027-03-27,2027-03-28,2027-04-03,2027-04-04,2027-04-10,2027-04-11,2027-04-17,2027-04-18,2027-04-24,2027-04-25,2027-05-01,2027-05-02,2027-05-08,2027-05-09,2027-05-15,2027-05-16,2027-05-22,2027-05-23,2027-05-29,2027-05-30,2027-05-31,2027-06-05,2027-06-06,2027-06-12,2027-06-13,2027-06-19,2027-06-20,2027-06-26,2027-06-27,2027-07-03,2027-07-04,2027-07-05,2027-07-10,2027-07-11",,2026-07-11,2026-08-19,,hlgtfs.zip,hartford_gtfs_effective_2026-07-11_updated_2026-08-19.zip,0,To Northbound to Springfield; GTFS; gtfs_trip_id=5010; gtfs_service_id=1; source_origin=New Haven Union Station; source_destination=Springfield
CTrail,Hartford Line,Hartford Line,CTrail 6410,To Northbound to Springfield,WFD,Wallingford,3,19:48,19:48,2026-07-11,2027-07-11,"2026-07-11,2026-07-12,2026-07-18,2026-07-19,2026-07-25,2026-07-26,2026-08-01,2026-08-02,2026-08-08,2026-08-09,2026-08-15,2026-08-16,2026-08-22,2026-08-23,2026-08-29,2026-08-30,2026-09-05,2026-09-06,2026-09-07,2026-09-12,2026-09-13,2026-09-19,2026-09-20,2026-09-26,2026-09-27,2026-10-03,2026-10-04,2026-10-10,2026-10-11,2026-10-17,2026-10-18,2026-10-24,2026-10-25,2026-10-31,2026-11-01,2026-11-07,2026-11-08,2026-11-14,2026-11-15,2026-11-21,2026-11-22,2026-11-26,2026-11-28,2026-11-29,2026-12-05,2026-12-06,2026-12-12,2026-12-13,2026-12-19,2026-12-20,2026-12-25,2026-12-26,2026-12-27,2027-01-01,2027-01-02,2027-01-03,2027-01-09,2027-01-10,2027-01-16,2027-01-17,2027-01-18,2027-01-23,2027-01-24,2027-01-30,2027-01-31,2027-02-06,2027-02-07,2027-02-13,2027-02-14,2027-02-15,2027-02-20,2027-02-21,2027-02-27,2027-02-28,2027-03-06,2027-03-07,2027-03-13,2027-03-14,2027-03-20,2027-03-21,2027-03-27,2027-03-28,2027-04-03,2027-04-04,2027-04-10,2027-04-11,2027-04-17,2027-04-18,2027-04-24,2027-04-25,2027-05-01,2027-05-02,2027-05-08,2027-05-09,2027-05-15,2027-05-16,2027-05-22,2027-05-23,2027-05-29,2027-05-30,2027-05-31,2027-06-05,2027-06-06,2027-06-12,2027-06-13,2027-06-19,2027-06-20,2027-06-26,2027-06-27,2027-07-03,2027-07-04,2027-07-05,2027-07-10,2027-07-11",,2026-07-11,2026-08-19,,hlgtfs.zip,hartford_gtfs_effective_2026-07-11_updated_2026-08-19.zip,0,To Northbound to Springfield; GTFS; gtfs_trip_id=5010; gtfs_service_id=1; source_origin=New Haven Union Station; source_destination=Springfield
CTrail,Hartford Line,Hartford Line,CTrail 6410,To Northbound to Springfield,MDN,Meriden,4,19:57,19:57,2026-07-11,2027-07-11,"2026-07-11,2026-07-12,2026-07-18,2026-07-19,2026-07-25,2026-07-26,2026-08-01,2026-08-02,2026-08-08,2026-08-09,2026-08-15,2026-08-16,2026-08-22,2026-08-23,2026-08-29,2026-08-30,2026-09-05,2026-09-06,2026-09-07,2026-09-12,2026-09-13,2026-09-19,2026-09-20,2026-09-26,2026-09-27,2026-10-03,2026-10-04,2026-10-10,2026-10-11,2026-10-17,2026-10-18,2026-10-24,2026-10-25,2026-10-31,2026-11-01,2026-11-07,2026-11-08,2026-11-14,2026-11-15,2026-11-21,2026-11-22,2026-11-26,2026-11-28,2026-11-29,2026-12-05,2026-12-06,2026-12-12,2026-12-13,2026-12-19,2026-12-20,2026-12-25,2026-12-26,2026-12-27,2027-01-01,2027-01-02,2027-01-03,2027-01-09,2027-01-10,2027-01-16,2027-01-17,2027-01-18,2027-01-23,2027-01-24,2027-01-30,2027-01-31,2027-02-06,2027-02-07,2027-02-13,2027-02-14,2027-02-15,2027-02-20,2027-02-21,2027-02-27,2027-02-28,2027-03-06,2027-03-07,2027-03-13,2027-03-14,2027-03-20,2027-03-21,2027-03-27,2027-03-28,2027-04-03,2027-04-04,2027-04-10,2027-04-11,2027-04-17,2027-04-18,2027-04-24,2027-04-25,2027-05-01,2027-05-02,2027-05-08,2027-05-09,2027-05-15,2027-05-16,2027-05-22,2027-05-23,2027-05-29,2027-05-30,2027-05-31,2027-06-05,2027-06-06,2027-06-12,2027-06-13,2027-06-19,2027-06-20,2027-06-26,2027-06-27,2027-07-03,2027-07-04,2027-07-05,2027-07-10,2027-07-11",,2026-07-11,2026-08-19,,hlgtfs.zip,hartford_gtfs_effective_2026-07-11_updated_2026-08-19.zip,0,To Northbound to Springfield; GTFS; gtfs_trip_id=5010; gtfs_service_id=1; source_origin=New Haven Union Station; source_destination=Springfield
CTrail,Hartford Line,Hartford Line,CTrail 6410,To Northbound to Springfield,BER,Berlin,5,20:06,20:06,2026-07-11,2027-07-11,"2026-07-11,2026-07-12,2026-07-18,2026-07-19,2026-07-25,2026-07-26,2026-08-01,2026-08-02,2026-08-08,2026-08-09,2026-08-15,2026-08-16,2026-08-22,2026-08-23,2026-08-29,2026-08-30,2026-09-05,2026-09-06,2026-09-07,2026-09-12,2026-09-13,2026-09-19,2026-09-20,2026-09-26,2026-09-27,2026-10-03,2026-10-04,2026-10-10,2026-10-11,2026-10-17,2026-10-18,2026-10-24,2026-10-25,2026-10-31,2026-11-01,2026-11-07,2026-11-08,2026-11-14,2026-11-15,2026-11-21,2026-11-22,2026-11-26,2026-11-28,2026-11-29,2026-12-05,2026-12-06,2026-12-12,2026-12-13,2026-12-19,2026-12-20,2026-12-25,2026-12-26,2026-12-27,2027-01-01,2027-01-02,2027-01-03,2027-01-09,2027-01-10,2027-01-16,2027-01-17,2027-01-18,2027-01-23,2027-01-24,2027-01-30,2027-01-31,2027-02-06,2027-02-07,2027-02-13,2027-02-14,2027-02-15,2027-02-20,2027-02-21,2027-02-27,2027-02-28,2027-03-06,2027-03-07,2027-03-13,2027-03-14,2027-03-20,2027-03-21,2027-03-27,2027-03-28,2027-04-03,2027-04-04,2027-04-10,2027-04-11,2027-04-17,2027-04-18,2027-04-24,2027-04-25,2027-05-01,2027-05-02,2027-05-08,2027-05-09,2027-05-15,2027-05-16,2027-05-22,2027-05-23,2027-05-29,2027-05-30,2027-05-31,2027-06-05,2027-06-06,2027-06-12,2027-06-13,2027-06-19,2027-06-20,2027-06-26,2027-06-27,2027-07-03,2027-07-04,2027-07-05,2027-07-10,2027-07-11",,2026-07-11,2026-08-19,,hlgtfs.zip,hartford_gtfs_effective_2026-07-11_updated_2026-08-19.zip,0,To Northbound to Springfield; GTFS; gtfs_trip_id=5010; gtfs_service_id=1; source_origin=New Haven Union Station; source_destination=Springfield
CTrail,Hartford Line,Hartford Line,CTrail 6410,To Northbound to Springfield,HFD,Hartford,6,20:21,20:21,2026-07-11,2027-07-11,"2026-07-11,2026-07-12,2026-07-18,2026-07-19,2026-07-25,2026-07-26,2026-08-01,2026-08-02,2026-08-08,2026-08-09,2026-08-15,2026-08-16,2026-08-22,2026-08-23,2026-08-29,2026-08-30,2026-09-05,2026-09-06,2026-09-07,2026-09-12,2026-09-13,2026-09-19,2026-09-20,2026-09-26,2026-09-27,2026-10-03,2026-10-04,2026-10-10,2026-10-11,2026-10-17,2026-10-18,2026-10-24,2026-10-25,2026-10-31,2026-11-01,2026-11-07,2026-11-08,2026-11-14,2026-11-15,2026-11-21,2026-11-22,2026-11-26,2026-11-28,2026-11-29,2026-12-05,2026-12-06,2026-12-12,2026-12-13,2026-12-19,2026-12-20,2026-12-25,2026-12-26,2026-12-27,2027-01-01,2027-01-02,2027-01-03,2027-01-09,2027-01-10,2027-01-16,2027-01-17,2027-01-18,2027-01-23,2027-01-24,2027-01-30,2027-01-31,2027-02-06,2027-02-07,2027-02-13,2027-02-14,2027-02-15,2027-02-20,2027-02-21,2027-02-27,2027-02-28,2027-03-06,2027-03-07,2027-03-13,2027-03-14,2027-03-20,2027-03-21,2027-03-27,2027-03-28,2027-04-03,2027-04-04,2027-04-10,2027-04-11,2027-04-17,2027-04-18,2027-04-24,2027-04-25,2027-05-01,2027-05-02,2027-05-08,2027-05-09,2027-05-15,2027-05-16,2027-05-22,2027-05-23,2027-05-29,2027-05-30,2027-05-31,2027-06-05,2027-06-06,2027-06-12,2027-06-13,2027-06-19,2027-06-20,2027-06-26,2027-06-27,2027-07-03,2027-07-04,2027-07-05,2027-07-10,2027-07-11",,2026-07-11,2026-08-19,,hlgtfs.zip,hartford_gtfs_effective_2026-07-11_updated_2026-08-19.zip,0,To Northbound to Springfield; GTFS; gtfs_trip_id=5010; gtfs_service_id=1; source_origin=New Haven Union Station; source_destination=Springfield
CTrail,Hartford Line,Hartford Line,CTrail 6410,To Northbound to Springfield,WND,Windsor,7,20:29,20:29,2026-07-11,2027-07-11,"2026-07-11,2026-07-12,2026-07-18,2026-07-19,2026-07-25,2026-07-26,2026-08-01,2026-08-02,2026-08-08,2026-08-09,2026-08-15,2026-08-16,2026-08-22,2026-08-23,2026-08-29,2026-08-30,2026-09-05,2026-09-06,2026-09-07,2026-09-12,2026-09-13,2026-09-19,2026-09-20,2026-09-26,2026-09-27,2026-10-03,2026-10-04,2026-10-10,2026-10-11,2026-10-17,2026-10-18,2026-10-24,2026-10-25,2026-10-31,2026-11-01,2026-11-07,2026-11-08,2026-11-14,2026-11-15,2026-11-21,2026-11-22,2026-11-26,2026-11-28,2026-11-29,2026-12-05,2026-12-06,2026-12-12,2026-12-13,2026-12-19,2026-12-20,2026-12-25,2026-12-26,2026-12-27,2027-01-01,2027-01-02,2027-01-03,2027-01-09,2027-01-10,2027-01-16,2027-01-17,2027-01-18,2027-01-23,2027-01-24,2027-01-30,2027-01-31,2027-02-06,2027-02-07,2027-02-13,2027-02-14,2027-02-15,2027-02-20,2027-02-21,2027-02-27,2027-02-28,2027-03-06,2027-03-07,2027-03-13,2027-03-14,2027-03-20,2027-03-21,2027-03-27,2027-03-28,2027-04-03,2027-04-04,2027-04-10,2027-04-11,2027-04-17,2027-04-18,2027-04-24,2027-04-25,2027-05-01,2027-05-02,2027-05-08,2027-05-09,2027-05-15,2027-05-16,2027-05-22,2027-05-23,2027-05-29,2027-05-30,2027-05-31,2027-06-05,2027-06-06,2027-06-12,2027-06-13,2027-06-19,2027-06-20,2027-06-26,2027-06-27,2027-07-03,2027-07-04,2027-07-05,2027-07-10,2027-07-11",,2026-07-11,2026-08-19,,hlgtfs.zip,hartford_gtfs_effective_2026-07-11_updated_2026-08-19.zip,0,To Northbound to Springfield; GTFS; gtfs_trip_id=5010; gtfs_service_id=1; source_origin=New Haven Union Station; source_destination=Springfield
CTrail,Hartford Line,Hartford Line,CTrail 6410,To Northbound to Springfield,WNL,Windsor Locks,8,20:35,20:35,2026-07-11,2027-07-11,"2026-07-11,2026-07-12,2026-07-18,2026-07-19,2026-07-25,2026-07-26,2026-08-01,2026-08-02,2026-08-08,2026-08-09,2026-08-15,2026-08-16,2026-08-22,2026-08-23,2026-08-29,2026-08-30,2026-09-05,2026-09-06,2026-09-07,2026-09-12,2026-09-13,2026-09-19,2026-09-20,2026-09-26,2026-09-27,2026-10-03,2026-10-04,2026-10-10,2026-10-11,2026-10-17,2026-10-18,2026-10-24,2026-10-25,2026-10-31,2026-11-01,2026-11-07,2026-11-08,2026-11-14,2026-11-15,2026-11-21,2026-11-22,2026-11-26,2026-11-28,2026-11-29,2026-12-05,2026-12-06,2026-12-12,2026-12-13,2026-12-19,2026-12-20,2026-12-25,2026-12-26,2026-12-27,2027-01-01,2027-01-02,2027-01-03,2027-01-09,2027-01-10,2027-01-16,2027-01-17,2027-01-18,2027-01-23,2027-01-24,2027-01-30,2027-01-31,2027-02-06,2027-02-07,2027-02-13,2027-02-14,2027-02-15,2027-02-20,2027-02-21,2027-02-27,2027-02-28,2027-03-06,2027-03-07,2027-03-13,2027-03-14,2027-03-20,2027-03-21,2027-03-27,2027-03-28,2027-04-03,2027-04-04,2027-04-10,2027-04-11,2027-04-17,2027-04-18,2027-04-24,2027-04-25,2027-05-01,2027-05-02,2027-05-08,2027-05-09,2027-05-15,2027-05-16,2027-05-22,2027-05-23,2027-05-29,2027-05-30,2027-05-31,2027-06-05,2027-06-06,2027-06-12,2027-06-13,2027-06-19,2027-06-20,2027-06-26,2027-06-27,2027-07-03,2027-07-04,2027-07-05,2027-07-10,2027-07-11",,2026-07-11,2026-08-19,,hlgtfs.zip,hartford_gtfs_effective_2026-07-11_updated_2026-08-19.zip,0,To Northbound to Springfield; GTFS; gtfs_trip_id=5010; gtfs_service_id=1; source_origin=New Haven Union Station; source_destination=Springfield
CTrail,Hartford Line,Hartford Line,CTrail 6410,To Northbound to Springfield,SPG,Springfield,9,21:03,21:03,2026-07-11,2027-07-11,"2026-07-11,2026-07-12,2026-07-18,2026-07-19,2026-07-25,2026-07-26,2026-08-01,2026-08-02,2026-08-08,2026-08-09,2026-08-15,2026-08-16,2026-08-22,2026-08-23,2026-08-29,2026-08-30,2026-09-05,2026-09-06,2026-09-07,2026-09-12,2026-09-13,2026-09-19,2026-09-20,2026-09-26,2026-09-27,2026-10-03,2026-10-04,2026-10-10,2026-10-11,2026-10-17,2026-10-18,2026-10-24,2026-10-25,2026-10-31,2026-11-01,2026-11-07,2026-11-08,2026-11-14,2026-11-15,2026-11-21,2026-11-22,2026-11-26,2026-11-28,2026-11-29,2026-12-05,2026-12-06,2026-12-12,2026-12-13,2026-12-19,2026-12-20,2026-12-25,2026-12-26,2026-12-27,2027-01-01,2027-01-02,2027-01-03,2027-01-09,2027-01-10,2027-01-16,2027-01-17,2027-01-18,2027-01-23,2027-01-24,2027-01-30,2027-01-31,2027-02-06,2027-02-07,2027-02-13,2027-02-14,2027-02-15,2027-02-20,2027-02-21,2027-02-27,2027-02-28,2027-03-06,2027-03-07,2027-03-13,2027-03-14,2027-03-20,2027-03-21,2027-03-27,2027-03-28,2027-04-03,2027-04-04,2027-04-10,2027-04-11,2027-04-17,2027-04-18,2027-04-24,2027-04-25,2027-05-01,2027-05-02,2027-05-08,2027-05-09,2027-05-15,2027-05-16,2027-05-22,2027-05-23,2027-05-29,2027-05-30,2027-05-31,2027-06-05,2027-06-06,2027-06-12,2027-06-13,2027-06-19,2027-06-20,2027-06-26,2027-06-27,2027-07-03,2027-07-04,2027-07-05,2027-07-10,2027-07-11",,2026-07-11,2026-08-19,,hlgtfs.zip,hartford_gtfs_effective_2026-07-11_updated_2026-08-19.zip,0,To Northbound to Springfield; GTFS; gtfs_trip_id=5010; gtfs_service_id=1; source_origin=New Haven Union Station; source_destination=Springfield
CTrail,Hartford Line,Hartford Line,CTrail 6411,To Southbound to New Haven Union Station,SPG,Springfield,1,21:45,21:45,2026-07-11,2027-07-11,"2026-07-11,2026-07-12,2026-07-18,2026-07-19,2026-07-25,2026-07-26,2026-08-01,2026-08-02,2026-08-08,2026-08-09,2026-08-15,2026-08-16,2026-08-22,2026-08-23,2026-08-29,2026-08-30,2026-09-05,2026-09-06,2026-09-07,2026-09-12,2026-09-13,2026-09-19,2026-09-20,2026-09-26,2026-09-27,2026-10-03,2026-10-04,2026-10-10,2026-10-11,2026-10-17,2026-10-18,2026-10-24,2026-10-25,2026-10-31,2026-11-01,2026-11-07,2026-11-08,2026-11-14,2026-11-15,2026-11-21,2026-11-22,2026-11-26,2026-11-28,2026-11-29,2026-12-05,2026-12-06,2026-12-12,2026-12-13,2026-12-19,2026-12-20,2026-12-25,2026-12-26,2026-12-27,2027-01-01,2027-01-02,2027-01-03,2027-01-09,2027-01-10,2027-01-16,2027-01-17,2027-01-18,2027-01-23,2027-01-24,2027-01-30,2027-01-31,2027-02-06,2027-02-07,2027-02-13,2027-02-14,2027-02-15,2027-02-20,2027-02-21,2027-02-27,2027-02-28,2027-03-06,2027-03-07,2027-03-13,2027-03-14,2027-03-20,2027-03-21,2027-03-27,2027-03-28,2027-04-03,2027-04-04,2027-04-10,2027-04-11,2027-04-17,2027-04-18,2027-04-24,2027-04-25,2027-05-01,2027-05-02,2027-05-08,2027-05-09,2027-05-15,2027-05-16,2027-05-22,2027-05-23,2027-05-29,2027-05-30,2027-05-31,2027-06-05,2027-06-06,2027-06-12,2027-06-13,2027-06-19,2027-06-20,2027-06-26,2027-06-27,2027-07-03,2027-07-04,2027-07-05,2027-07-10,2027-07-11",,2026-07-11,2026-08-19,,hlgtfs.zip,hartford_gtfs_effective_2026-07-11_updated_2026-08-19.zip,0,To Southbound to New Haven Union Station; GTFS; gtfs_trip_id=11010; gtfs_service_id=1; source_origin=Springfield; source_destination=New Haven Union Station
CTrail,Hartford Line,Hartford Line,CTrail 6411,To Southbound to New Haven Union Station,WNL,Windsor Locks,2,22:06,22:06,2026-07-11,2027-07-11,"2026-07-11,2026-07-12,2026-07-18,2026-07-19,2026-07-25,2026-07-26,2026-08-01,2026-08-02,2026-08-08,2026-08-09,2026-08-15,2026-08-16,2026-08-22,2026-08-23,2026-08-29,2026-08-30,2026-09-05,2026-09-06,2026-09-07,2026-09-12,2026-09-13,2026-09-19,2026-09-20,2026-09-26,2026-09-27,2026-10-03,2026-10-04,2026-10-10,2026-10-11,2026-10-17,2026-10-18,2026-10-24,2026-10-25,2026-10-31,2026-11-01,2026-11-07,2026-11-08,2026-11-14,2026-11-15,2026-11-21,2026-11-22,2026-11-26,2026-11-28,2026-11-29,2026-12-05,2026-12-06,2026-12-12,2026-12-13,2026-12-19,2026-12-20,2026-12-25,2026-12-26,2026-12-27,2027-01-01,2027-01-02,2027-01-03,2027-01-09,2027-01-10,2027-01-16,2027-01-17,2027-01-18,2027-01-23,2027-01-24,2027-01-30,2027-01-31,2027-02-06,2027-02-07,2027-02-13,2027-02-14,2027-02-15,2027-02-20,2027-02-21,2027-02-27,2027-02-28,2027-03-06,2027-03-07,2027-03-13,2027-03-14,2027-03-20,2027-03-21,2027-03-27,2027-03-28,2027-04-03,2027-04-04,2027-04-10,2027-04-11,2027-04-17,2027-04-18,2027-04-24,2027-04-25,2027-05-01,2027-05-02,2027-05-08,2027-05-09,2027-05-15,2027-05-16,2027-05-22,2027-05-23,2027-05-29,2027-05-30,2027-05-31,2027-06-05,2027-06-06,2027-06-12,2027-06-13,2027-06-19,2027-06-20,2027-06-26,2027-06-27,2027-07-03,2027-07-04,2027-07-05,2027-07-10,2027-07-11",,2026-07-11,2026-08-19,,hlgtfs.zip,hartford_gtfs_effective_2026-07-11_updated_2026-08-19.zip,0,To Southbound to New Haven Union Station; GTFS; gtfs_trip_id=11010; gtfs_service_id=1; source_origin=Springfield; source_destination=New Haven Union Station
CTrail,Hartford Line,Hartford Line,CTrail 6411,To Southbound to New Haven Union Station,WND,Windsor,3,22:13,22:13,2026-07-11,2027-07-11,"2026-07-11,2026-07-12,2026-07-18,2026-07-19,2026-07-25,2026-07-26,2026-08-01,2026-08-02,2026-08-08,2026-08-09,2026-08-15,2026-08-16,2026-08-22,2026-08-23,2026-08-29,2026-08-30,2026-09-05,2026-09-06,2026-09-07,2026-09-12,2026-09-13,2026-09-19,2026-09-20,2026-09-26,2026-09-27,2026-10-03,2026-10-04,2026-10-10,2026-10-11,2026-10-17,2026-10-18,2026-10-24,2026-10-25,2026-10-31,2026-11-01,2026-11-07,2026-11-08,2026-11-14,2026-11-15,2026-11-21,2026-11-22,2026-11-26,2026-11-28,2026-11-29,2026-12-05,2026-12-06,2026-12-12,2026-12-13,2026-12-19,2026-12-20,2026-12-25,2026-12-26,2026-12-27,2027-01-01,2027-01-02,2027-01-03,2027-01-09,2027-01-10,2027-01-16,2027-01-17,2027-01-18,2027-01-23,2027-01-24,2027-01-30,2027-01-31,2027-02-06,2027-02-07,2027-02-13,2027-02-14,2027-02-15,2027-02-20,2027-02-21,2027-02-27,2027-02-28,2027-03-06,2027-03-07,2027-03-13,2027-03-14,2027-03-20,2027-03-21,2027-03-27,2027-03-28,2027-04-03,2027-04-04,2027-04-10,2027-04-11,2027-04-17,2027-04-18,2027-04-24,2027-04-25,2027-05-01,2027-05-02,2027-05-08,2027-05-09,2027-05-15,2027-05-16,2027-05-22,2027-05-23,2027-05-29,2027-05-30,2027-05-31,2027-06-05,2027-06-06,2027-06-12,2027-06-13,2027-06-19,2027-06-20,2027-06-26,2027-06-27,2027-07-03,2027-07-04,2027-07-05,2027-07-10,2027-07-11",,2026-07-11,2026-08-19,,hlgtfs.zip,hartford_gtfs_effective_2026-07-11_updated_2026-08-19.zip,0,To Southbound to New Haven Union Station; GTFS; gtfs_trip_id=11010; gtfs_service_id=1; source_origin=Springfield; source_destination=New Haven Union Station
CTrail,Hartford Line,Hartford Line,CTrail 6411,To Southbound to New Haven Union Station,HFD,Hartford,4,22:24,22:24,2026-07-11,2027-07-11,"2026-07-11,2026-07-12,2026-07-18,2026-07-19,2026-07-25,2026-07-26,2026-08-01,2026-08-02,2026-08-08,2026-08-09,2026-08-15,2026-08-16,2026-08-22,2026-08-23,2026-08-29,2026-08-30,2026-09-05,2026-09-06,2026-09-07,2026-09-12,2026-09-13,2026-09-19,2026-09-20,2026-09-26,2026-09-27,2026-10-03,2026-10-04,2026-10-10,2026-10-11,2026-10-17,2026-10-18,2026-10-24,2026-10-25,2026-10-31,2026-11-01,2026-11-07,2026-11-08,2026-11-14,2026-11-15,2026-11-21,2026-11-22,2026-11-26,2026-11-28,2026-11-29,2026-12-05,2026-12-06,2026-12-12,2026-12-13,2026-12-19,2026-12-20,2026-12-25,2026-12-26,2026-12-27,2027-01-01,2027-01-02,2027-01-03,2027-01-09,2027-01-10,2027-01-16,2027-01-17,2027-01-18,2027-01-23,2027-01-24,2027-01-30,2027-01-31,2027-02-06,2027-02-07,2027-02-13,2027-02-14,2027-02-15,2027-02-20,2027-02-21,2027-02-27,2027-02-28,2027-03-06,2027-03-07,2027-03-13,2027-03-14,2027-03-20,2027-03-21,2027-03-27,2027-03-28,2027-04-03,2027-04-04,2027-04-10,2027-04-11,2027-04-17,2027-04-18,2027-04-24,2027-04-25,2027-05-01,2027-05-02,2027-05-08,2027-05-09,2027-05-15,2027-05-16,2027-05-22,2027-05-23,2027-05-29,2027-05-30,2027-05-31,2027-06-05,2027-06-06,2027-06-12,2027-06-13,2027-06-19,2027-06-20,2027-06-26,2027-06-27,2027-07-03,2027-07-04,2027-07-05,2027-07-10,2027-07-11",,2026-07-11,2026-08-19,,hlgtfs.zip,hartford_gtfs_effective_2026-07-11_updated_2026-08-19.zip,0,To Southbound to New Haven Union Station; GTFS; gtfs_trip_id=11010; gtfs_service_id=1; source_origin=Springfield; source_destination=New Haven Union Station
CTrail,Hartford Line,Hartford Line,CTrail 6411,To Southbound to New Haven Union Station,BER,Berlin,5,22:36,22:36,2026-07-11,2027-07-11,"2026-07-11,2026-07-12,2026-07-18,2026-07-19,2026-07-25,2026-07-26,2026-08-01,2026-08-02,2026-08-08,2026-08-09,2026-08-15,2026-08-16,2026-08-22,2026-08-23,2026-08-29,2026-08-30,2026-09-05,2026-09-06,2026-09-07,2026-09-12,2026-09-13,2026-09-19,2026-09-20,2026-09-26,2026-09-27,2026-10-03,2026-10-04,2026-10-10,2026-10-11,2026-10-17,2026-10-18,2026-10-24,2026-10-25,2026-10-31,2026-11-01,2026-11-07,2026-11-08,2026-11-14,2026-11-15,2026-11-21,2026-11-22,2026-11-26,2026-11-28,2026-11-29,2026-12-05,2026-12-06,2026-12-12,2026-12-13,2026-12-19,2026-12-20,2026-12-25,2026-12-26,2026-12-27,2027-01-01,2027-01-02,2027-01-03,2027-01-09,2027-01-10,2027-01-16,2027-01-17,2027-01-18,2027-01-23,2027-01-24,2027-01-30,2027-01-31,2027-02-06,2027-02-07,2027-02-13,2027-02-14,2027-02-15,2027-02-20,2027-02-21,2027-02-27,2027-02-28,2027-03-06,2027-03-07,2027-03-13,2027-03-14,2027-03-20,2027-03-21,2027-03-27,2027-03-28,2027-04-03,2027-04-04,2027-04-10,2027-04-11,2027-04-17,2027-04-18,2027-04-24,2027-04-25,2027-05-01,2027-05-02,2027-05-08,2027-05-09,2027-05-15,2027-05-16,2027-05-22,2027-05-23,2027-05-29,2027-05-30,2027-05-31,2027-06-05,2027-06-06,2027-06-12,2027-06-13,2027-06-19,2027-06-20,2027-06-26,2027-06-27,2027-07-03,2027-07-04,2027-07-05,2027-07-10,2027-07-11",,2026-07-11,2026-08-19,,hlgtfs.zip,hartford_gtfs_effective_2026-07-11_updated_2026-08-19.zip,0,To Southbound to New Haven Union Station; GTFS; gtfs_trip_id=11010; gtfs_service_id=1; source_origin=Springfield; source_destination=New Haven Union Station
CTrail,Hartford Line,Hartford Line,CTrail 6411,To Southbound to New Haven Union Station,MDN,Meriden,6,22:45,22:45,2026-07-11,2027-07-11,"2026-07-11,2026-07-12,2026-07-18,2026-07-19,2026-07-25,2026-07-26,2026-08-01,2026-08-02,2026-08-08,2026-08-09,2026-08-15,2026-08-16,2026-08-22,2026-08-23,2026-08-29,2026-08-30,2026-09-05,2026-09-06,2026-09-07,2026-09-12,2026-09-13,2026-09-19,2026-09-20,2026-09-26,2026-09-27,2026-10-03,2026-10-04,2026-10-10,2026-10-11,2026-10-17,2026-10-18,2026-10-24,2026-10-25,2026-10-31,2026-11-01,2026-11-07,2026-11-08,2026-11-14,2026-11-15,2026-11-21,2026-11-22,2026-11-26,2026-11-28,2026-11-29,2026-12-05,2026-12-06,2026-12-12,2026-12-13,2026-12-19,2026-12-20,2026-12-25,2026-12-26,2026-12-27,2027-01-01,2027-01-02,2027-01-03,2027-01-09,2027-01-10,2027-01-16,2027-01-17,2027-01-18,2027-01-23,2027-01-24,2027-01-30,2027-01-31,2027-02-06,2027-02-07,2027-02-13,2027-02-14,2027-02-15,2027-02-20,2027-02-21,2027-02-27,2027-02-28,2027-03-06,2027-03-07,2027-03-13,2027-03-14,2027-03-20,2027-03-21,2027-03-27,2027-03-28,2027-04-03,2027-04-04,2027-04-10,2027-04-11,2027-04-17,2027-04-18,2027-04-24,2027-04-25,2027-05-01,2027-05-02,2027-05-08,2027-05-09,2027-05-15,2027-05-16,2027-05-22,2027-05-23,2027-05-29,2027-05-30,2027-05-31,2027-06-05,2027-06-06,2027-06-12,2027-06-13,2027-06-19,2027-06-20,2027-06-26,2027-06-27,2027-07-03,2027-07-04,2027-07-05,2027-07-10,2027-07-11",,2026-07-11,2026-08-19,,hlgtfs.zip,hartford_gtfs_effective_2026-07-11_updated_2026-08-19.zip,0,To Southbound to New Haven Union Station; GTFS; gtfs_trip_id=11010; gtfs_service_id=1; source_origin=Springfield; source_destination=New Haven Union Station
CTrail,Hartford Line,Hartford Line,CTrail 6411,To Southbound to New Haven Union Station,WFD,Wallingford,7,22:54,22:54,2026-07-11,2027-07-11,"2026-07-11,2026-07-12,2026-07-18,2026-07-19,2026-07-25,2026-07-26,2026-08-01,2026-08-02,2026-08-08,2026-08-09,2026-08-15,2026-08-16,2026-08-22,2026-08-23,2026-08-29,2026-08-30,2026-09-05,2026-09-06,2026-09-07,2026-09-12,2026-09-13,2026-09-19,2026-09-20,2026-09-26,2026-09-27,2026-10-03,2026-10-04,2026-10-10,2026-10-11,2026-10-17,2026-10-18,2026-10-24,2026-10-25,2026-10-31,2026-11-01,2026-11-07,2026-11-08,2026-11-14,2026-11-15,2026-11-21,2026-11-22,2026-11-26,2026-11-28,2026-11-29,2026-12-05,2026-12-06,2026-12-12,2026-12-13,2026-12-19,2026-12-20,2026-12-25,2026-12-26,2026-12-27,2027-01-01,2027-01-02,2027-01-03,2027-01-09,2027-01-10,2027-01-16,2027-01-17,2027-01-18,2027-01-23,2027-01-24,2027-01-30,2027-01-31,2027-02-06,2027-02-07,2027-02-13,2027-02-14,2027-02-15,2027-02-20,2027-02-21,2027-02-27,2027-02-28,2027-03-06,2027-03-07,2027-03-13,2027-03-14,2027-03-20,2027-03-21,2027-03-27,2027-03-28,2027-04-03,2027-04-04,2027-04-10,2027-04-11,2027-04-17,2027-04-18,2027-04-24,2027-04-25,2027-05-01,2027-05-02,2027-05-08,2027-05-09,2027-05-15,2027-05-16,2027-05-22,2027-05-23,2027-05-29,2027-05-30,2027-05-31,2027-06-05,2027-06-06,2027-06-12,2027-06-13,2027-06-19,2027-06-20,2027-06-26,2027-06-27,2027-07-03,2027-07-04,2027-07-05,2027-07-10,2027-07-11",,2026-07-11,2026-08-19,,hlgtfs.zip,hartford_gtfs_effective_2026-07-11_updated_2026-08-19.zip,0,To Southbound to New Haven Union Station; GTFS; gtfs_trip_id=11010; gtfs_service_id=1; source_origin=Springfield; source_destination=New Haven Union Station
CTrail,Hartford Line,Hartford Line,CTrail 6411,To Southbound to New Haven Union Station,STS,New Haven State Street,8,23:10,23:10,2026-07-11,2027-07-11,"2026-07-11,2026-07-12,2026-07-18,2026-07-19,2026-07-25,2026-07-26,2026-08-01,2026-08-02,2026-08-08,2026-08-09,2026-08-15,2026-08-16,2026-08-22,2026-08-23,2026-08-29,2026-08-30,2026-09-05,2026-09-06,2026-09-07,2026-09-12,2026-09-13,2026-09-19,2026-09-20,2026-09-26,2026-09-27,2026-10-03,2026-10-04,2026-10-10,2026-10-11,2026-10-17,2026-10-18,2026-10-24,2026-10-25,2026-10-31,2026-11-01,2026-11-07,2026-11-08,2026-11-14,2026-11-15,2026-11-21,2026-11-22,2026-11-26,2026-11-28,2026-11-29,2026-12-05,2026-12-06,2026-12-12,2026-12-13,2026-12-19,2026-12-20,2026-12-25,2026-12-26,2026-12-27,2027-01-01,2027-01-02,2027-01-03,2027-01-09,2027-01-10,2027-01-16,2027-01-17,2027-01-18,2027-01-23,2027-01-24,2027-01-30,2027-01-31,2027-02-06,2027-02-07,2027-02-13,2027-02-14,2027-02-15,2027-02-20,2027-02-21,2027-02-27,2027-02-28,2027-03-06,2027-03-07,2027-03-13,2027-03-14,2027-03-20,2027-03-21,2027-03-27,2027-03-28,2027-04-03,2027-04-04,2027-04-10,2027-04-11,2027-04-17,2027-04-18,2027-04-24,2027-04-25,2027-05-01,2027-05-02,2027-05-08,2027-05-09,2027-05-15,2027-05-16,2027-05-22,2027-05-23,2027-05-29,2027-05-30,2027-05-31,2027-06-05,2027-06-06,2027-06-12,2027-06-13,2027-06-19,2027-06-20,2027-06-26,2027-06-27,2027-07-03,2027-07-04,2027-07-05,2027-07-10,2027-07-11",,2026-07-11,2026-08-19,,hlgtfs.zip,hartford_gtfs_effective_2026-07-11_updated_2026-08-19.zip,0,To Southbound to New Haven Union Station; GTFS; gtfs_trip_id=11010; gtfs_service_id=1; source_origin=Springfield; source_destination=New Haven Union Station
CTrail,Hartford Line,Hartford Line,CTrail 6411,To Southbound to New Haven Union Station,NHV,New Haven Union Station,9,23:18,23:18,2026-07-11,2027-07-11,"2026-07-11,2026-07-12,2026-07-18,2026-07-19,2026-07-25,2026-07-26,2026-08-01,2026-08-02,2026-08-08,2026-08-09,2026-08-15,2026-08-16,2026-08-22,2026-08-23,2026-08-29,2026-08-30,2026-09-05,2026-09-06,2026-09-07,2026-09-12,2026-09-13,2026-09-19,2026-09-20,2026-09-26,2026-09-27,2026-10-03,2026-10-04,2026-10-10,2026-10-11,2026-10-17,2026-10-18,2026-10-24,2026-10-25,2026-10-31,2026-11-01,2026-11-07,2026-11-08,2026-11-14,2026-11-15,2026-11-21,2026-11-22,2026-11-26,2026-11-28,2026-11-29,2026-12-05,2026-12-06,2026-12-12,2026-12-13,2026-12-19,2026-12-20,2026-12-25,2026-12-26,2026-12-27,2027-01-01,2027-01-02,2027-01-03,2027-01-09,2027-01-10,2027-01-16,2027-01-17,2027-01-18,2027-01-23,2027-01-24,2027-01-30,2027-01-31,2027-02-06,2027-02-07,2027-02-13,2027-02-14,2027-02-15,2027-02-20,2027-02-21,2027-02-27,2027-02-28,2027-03-06,2027-03-07,2027-03-13,2027-03-14,2027-03-20,2027-03-21,2027-03-27,2027-03-28,2027-04-03,2027-04-04,2027-04-10,2027-04-11,2027-04-17,2027-04-18,2027-04-24,2027-04-25,2027-05-01,2027-05-02,2027-05-08,2027-05-09,2027-05-15,2027-05-16,2027-05-22,2027-05-23,2027-05-29,2027-05-30,2027-05-31,2027-06-05,2027-06-06,2027-06-12,2027-06-13,2027-06-19,2027-06-20,2027-06-26,2027-06-27,2027-07-03,2027-07-04,2027-07-05,2027-07-10,2027-07-11",,2026-07-11,2026-08-19,,hlgtfs.zip,hartford_gtfs_effective_2026-07-11_updated_2026-08-19.zip,0,To Southbound to New Haven Union Station; GTFS; gtfs_trip_id=11010; gtfs_service_id=1; source_origin=Springfield; source_destination=New Haven Union Station
CTrail,Hartford Line,Hartford Line,CTrail 6454,To Northbound to Springfield,NHV,New Haven Union Station,1,12:30,12:30,2026-07-11,2027-07-11,"2026-07-11,2026-07-12,2026-07-18,2026-07-19,2026-07-25,2026-07-26,2026-08-01,2026-08-02,2026-08-08,2026-08-09,2026-08-15,2026-08-16,2026-08-22,2026-08-23,2026-08-29,2026-08-30,2026-09-05,2026-09-06,2026-09-07,2026-09-12,2026-09-13,2026-09-19,2026-09-20,2026-09-26,2026-09-27,2026-10-03,2026-10-04,2026-10-10,2026-10-11,2026-10-17,2026-10-18,2026-10-24,2026-10-25,2026-10-31,2026-11-01,2026-11-07,2026-11-08,2026-11-14,2026-11-15,2026-11-21,2026-11-22,2026-11-26,2026-11-28,2026-11-29,2026-12-05,2026-12-06,2026-12-12,2026-12-13,2026-12-19,2026-12-20,2026-12-25,2026-12-26,2026-12-27,2027-01-01,2027-01-02,2027-01-03,2027-01-09,2027-01-10,2027-01-16,2027-01-17,2027-01-18,2027-01-23,2027-01-24,2027-01-30,2027-01-31,2027-02-06,2027-02-07,2027-02-13,2027-02-14,2027-02-15,2027-02-20,2027-02-21,2027-02-27,2027-02-28,2027-03-06,2027-03-07,2027-03-13,2027-03-14,2027-03-20,2027-03-21,2027-03-27,2027-03-28,2027-04-03,2027-04-04,2027-04-10,2027-04-11,2027-04-17,2027-04-18,2027-04-24,2027-04-25,2027-05-01,2027-05-02,2027-05-08,2027-05-09,2027-05-15,2027-05-16,2027-05-22,2027-05-23,2027-05-29,2027-05-30,2027-05-31,2027-06-05,2027-06-06,2027-06-12,2027-06-13,2027-06-19,2027-06-20,2027-06-26,2027-06-27,2027-07-03,2027-07-04,2027-07-05,2027-07-10,2027-07-11",,2026-07-11,2026-08-19,,hlgtfs.zip,hartford_gtfs_effective_2026-07-11_updated_2026-08-19.zip,0,To Northbound to Springfield; GTFS; gtfs_trip_id=2010; gtfs_service_id=1; source_origin=New Haven Union Station; source_destination=Springfield
CTrail,Hartford Line,Hartford Line,CTrail 6454,To Northbound to Springfield,STS,New Haven State Street,2,12:33,12:33,2026-07-11,2027-07-11,"2026-07-11,2026-07-12,2026-07-18,2026-07-19,2026-07-25,2026-07-26,2026-08-01,2026-08-02,2026-08-08,2026-08-09,2026-08-15,2026-08-16,2026-08-22,2026-08-23,2026-08-29,2026-08-30,2026-09-05,2026-09-06,2026-09-07,2026-09-12,2026-09-13,2026-09-19,2026-09-20,2026-09-26,2026-09-27,2026-10-03,2026-10-04,2026-10-10,2026-10-11,2026-10-17,2026-10-18,2026-10-24,2026-10-25,2026-10-31,2026-11-01,2026-11-07,2026-11-08,2026-11-14,2026-11-15,2026-11-21,2026-11-22,2026-11-26,2026-11-28,2026-11-29,2026-12-05,2026-12-06,2026-12-12,2026-12-13,2026-12-19,2026-12-20,2026-12-25,2026-12-26,2026-12-27,2027-01-01,2027-01-02,2027-01-03,2027-01-09,2027-01-10,2027-01-16,2027-01-17,2027-01-18,2027-01-23,2027-01-24,2027-01-30,2027-01-31,2027-02-06,2027-02-07,2027-02-13,2027-02-14,2027-02-15,2027-02-20,2027-02-21,2027-02-27,2027-02-28,2027-03-06,2027-03-07,2027-03-13,2027-03-14,2027-03-20,2027-03-21,2027-03-27,2027-03-28,2027-04-03,2027-04-04,2027-04-10,2027-04-11,2027-04-17,2027-04-18,2027-04-24,2027-04-25,2027-05-01,2027-05-02,2027-05-08,2027-05-09,2027-05-15,2027-05-16,2027-05-22,2027-05-23,2027-05-29,2027-05-30,2027-05-31,2027-06-05,2027-06-06,2027-06-12,2027-06-13,2027-06-19,2027-06-20,2027-06-26,2027-06-27,2027-07-03,2027-07-04,2027-07-05,2027-07-10,2027-07-11",,2026-07-11,2026-08-19,,hlgtfs.zip,hartford_gtfs_effective_2026-07-11_updated_2026-08-19.zip,0,To Northbound to Springfield; GTFS; gtfs_trip_id=2010; gtfs_service_id=1; source_origin=New Haven Union Station; source_destination=Springfield
CTrail,Hartford Line,Hartford Line,CTrail 6454,To Northbound to Springfield,WFD,Wallingford,3,12:48,12:48,2026-07-11,2027-07-11,"2026-07-11,2026-07-12,2026-07-18,2026-07-19,2026-07-25,2026-07-26,2026-08-01,2026-08-02,2026-08-08,2026-08-09,2026-08-15,2026-08-16,2026-08-22,2026-08-23,2026-08-29,2026-08-30,2026-09-05,2026-09-06,2026-09-07,2026-09-12,2026-09-13,2026-09-19,2026-09-20,2026-09-26,2026-09-27,2026-10-03,2026-10-04,2026-10-10,2026-10-11,2026-10-17,2026-10-18,2026-10-24,2026-10-25,2026-10-31,2026-11-01,2026-11-07,2026-11-08,2026-11-14,2026-11-15,2026-11-21,2026-11-22,2026-11-26,2026-11-28,2026-11-29,2026-12-05,2026-12-06,2026-12-12,2026-12-13,2026-12-19,2026-12-20,2026-12-25,2026-12-26,2026-12-27,2027-01-01,2027-01-02,2027-01-03,2027-01-09,2027-01-10,2027-01-16,2027-01-17,2027-01-18,2027-01-23,2027-01-24,2027-01-30,2027-01-31,2027-02-06,2027-02-07,2027-02-13,2027-02-14,2027-02-15,2027-02-20,2027-02-21,2027-02-27,2027-02-28,2027-03-06,2027-03-07,2027-03-13,2027-03-14,2027-03-20,2027-03-21,2027-03-27,2027-03-28,2027-04-03,2027-04-04,2027-04-10,2027-04-11,2027-04-17,2027-04-18,2027-04-24,2027-04-25,2027-05-01,2027-05-02,2027-05-08,2027-05-09,2027-05-15,2027-05-16,2027-05-22,2027-05-23,2027-05-29,2027-05-30,2027-05-31,2027-06-05,2027-06-06,2027-06-12,2027-06-13,2027-06-19,2027-06-20,2027-06-26,2027-06-27,2027-07-03,2027-07-04,2027-07-05,2027-07-10,2027-07-11",,2026-07-11,2026-08-19,,hlgtfs.zip,hartford_gtfs_effective_2026-07-11_updated_2026-08-19.zip,0,To Northbound to Springfield; GTFS; gtfs_trip_id=2010; gtfs_service_id=1; source_origin=New Haven Union Station; source_destination=Springfield
CTrail,Hartford Line,Hartford Line,CTrail 6454,To Northbound to Springfield,MDN,Meriden,4,12:57,12:57,2026-07-11,2027-07-11,"2026-07-11,2026-07-12,2026-07-18,2026-07-19,2026-07-25,2026-07-26,2026-08-01,2026-08-02,2026-08-08,2026-08-09,2026-08-15,2026-08-16,2026-08-22,2026-08-23,2026-08-29,2026-08-30,2026-09-05,2026-09-06,2026-09-07,2026-09-12,2026-09-13,2026-09-19,2026-09-20,2026-09-26,2026-09-27,2026-10-03,2026-10-04,2026-10-10,2026-10-11,2026-10-17,2026-10-18,2026-10-24,2026-10-25,2026-10-31,2026-11-01,2026-11-07,2026-11-08,2026-11-14,2026-11-15,2026-11-21,2026-11-22,2026-11-26,2026-11-28,2026-11-29,2026-12-05,2026-12-06,2026-12-12,2026-12-13,2026-12-19,2026-12-20,2026-12-25,2026-12-26,2026-12-27,2027-01-01,2027-01-02,2027-01-03,2027-01-09,2027-01-10,2027-01-16,2027-01-17,2027-01-18,2027-01-23,2027-01-24,2027-01-30,2027-01-31,2027-02-06,2027-02-07,2027-02-13,2027-02-14,2027-02-15,2027-02-20,2027-02-21,2027-02-27,2027-02-28,2027-03-06,2027-03-07,2027-03-13,2027-03-14,2027-03-20,2027-03-21,2027-03-27,2027-03-28,2027-04-03,2027-04-04,2027-04-10,2027-04-11,2027-04-17,2027-04-18,2027-04-24,2027-04-25,2027-05-01,2027-05-02,2027-05-08,2027-05-09,2027-05-15,2027-05-16,2027-05-22,2027-05-23,2027-05-29,2027-05-30,2027-05-31,2027-06-05,2027-06-06,2027-06-12,2027-06-13,2027-06-19,2027-06-20,2027-06-26,2027-06-27,2027-07-03,2027-07-04,2027-07-05,2027-07-10,2027-07-11",,2026-07-11,2026-08-19,,hlgtfs.zip,hartford_gtfs_effective_2026-07-11_updated_2026-08-19.zip,0,To Northbound to Springfield; GTFS; gtfs_trip_id=2010; gtfs_service_id=1; source_origin=New Haven Union Station; source_destination=Springfield
CTrail,Hartford Line,Hartford Line,CTrail 6454,To Northbound to Springfield,BER,Berlin,5,13:06,13:06,2026-07-11,2027-07-11,"2026-07-11,2026-07-12,2026-07-18,2026-07-19,2026-07-25,2026-07-26,2026-08-01,2026-08-02,2026-08-08,2026-08-09,2026-08-15,2026-08-16,2026-08-22,2026-08-23,2026-08-29,2026-08-30,2026-09-05,2026-09-06,2026-09-07,2026-09-12,2026-09-13,2026-09-19,2026-09-20,2026-09-26,2026-09-27,2026-10-03,2026-10-04,2026-10-10,2026-10-11,2026-10-17,2026-10-18,2026-10-24,2026-10-25,2026-10-31,2026-11-01,2026-11-07,2026-11-08,2026-11-14,2026-11-15,2026-11-21,2026-11-22,2026-11-26,2026-11-28,2026-11-29,2026-12-05,2026-12-06,2026-12-12,2026-12-13,2026-12-19,2026-12-20,2026-12-25,2026-12-26,2026-12-27,2027-01-01,2027-01-02,2027-01-03,2027-01-09,2027-01-10,2027-01-16,2027-01-17,2027-01-18,2027-01-23,2027-01-24,2027-01-30,2027-01-31,2027-02-06,2027-02-07,2027-02-13,2027-02-14,2027-02-15,2027-02-20,2027-02-21,2027-02-27,2027-02-28,2027-03-06,2027-03-07,2027-03-13,2027-03-14,2027-03-20,2027-03-21,2027-03-27,2027-03-28,2027-04-03,2027-04-04,2027-04-10,2027-04-11,2027-04-17,2027-04-18,2027-04-24,2027-04-25,2027-05-01,2027-05-02,2027-05-08,2027-05-09,2027-05-15,2027-05-16,2027-05-22,2027-05-23,2027-05-29,2027-05-30,2027-05-31,2027-06-05,2027-06-06,2027-06-12,2027-06-13,2027-06-19,2027-06-20,2027-06-26,2027-06-27,2027-07-03,2027-07-04,2027-07-05,2027-07-10,2027-07-11",,2026-07-11,2026-08-19,,hlgtfs.zip,hartford_gtfs_effective_2026-07-11_updated_2026-08-19.zip,0,To Northbound to Springfield; GTFS; gtfs_trip_id=2010; gtfs_service_id=1; source_origin=New Haven Union Station; source_destination=Springfield
CTrail,Hartford Line,Hartford Line,CTrail 6454,To Northbound to Springfield,HFD,Hartford,6,13:19,13:19,2026-07-11,2027-07-11,"2026-07-11,2026-07-12,2026-07-18,2026-07-19,2026-07-25,2026-07-26,2026-08-01,2026-08-02,2026-08-08,2026-08-09,2026-08-15,2026-08-16,2026-08-22,2026-08-23,2026-08-29,2026-08-30,2026-09-05,2026-09-06,2026-09-07,2026-09-12,2026-09-13,2026-09-19,2026-09-20,2026-09-26,2026-09-27,2026-10-03,2026-10-04,2026-10-10,2026-10-11,2026-10-17,2026-10-18,2026-10-24,2026-10-25,2026-10-31,2026-11-01,2026-11-07,2026-11-08,2026-11-14,2026-11-15,2026-11-21,2026-11-22,2026-11-26,2026-11-28,2026-11-29,2026-12-05,2026-12-06,2026-12-12,2026-12-13,2026-12-19,2026-12-20,2026-12-25,2026-12-26,2026-12-27,2027-01-01,2027-01-02,2027-01-03,2027-01-09,2027-01-10,2027-01-16,2027-01-17,2027-01-18,2027-01-23,2027-01-24,2027-01-30,2027-01-31,2027-02-06,2027-02-07,2027-02-13,2027-02-14,2027-02-15,2027-02-20,2027-02-21,2027-02-27,2027-02-28,2027-03-06,2027-03-07,2027-03-13,2027-03-14,2027-03-20,2027-03-21,2027-03-27,2027-03-28,2027-04-03,2027-04-04,2027-04-10,2027-04-11,2027-04-17,2027-04-18,2027-04-24,2027-04-25,2027-05-01,2027-05-02,2027-05-08,2027-05-09,2027-05-15,2027-05-16,2027-05-22,2027-05-23,2027-05-29,2027-05-30,2027-05-31,2027-06-05,2027-06-06,2027-06-12,2027-06-13,2027-06-19,2027-06-20,2027-06-26,2027-06-27,2027-07-03,2027-07-04,2027-07-05,2027-07-10,2027-07-11",,2026-07-11,2026-08-19,,hlgtfs.zip,hartford_gtfs_effective_2026-07-11_updated_2026-08-19.zip,0,To Northbound to Springfield; GTFS; gtfs_trip_id=2010; gtfs_service_id=1; source_origin=New Haven Union Station; source_destination=Springfield
CTrail,Hartford Line,Hartford Line,CTrail 6454,To Northbound to Springfield,WND,Windsor,7,13:27,13:27,2026-07-11,2027-07-11,"2026-07-11,2026-07-12,2026-07-18,2026-07-19,2026-07-25,2026-07-26,2026-08-01,2026-08-02,2026-08-08,2026-08-09,2026-08-15,2026-08-16,2026-08-22,2026-08-23,2026-08-29,2026-08-30,2026-09-05,2026-09-06,2026-09-07,2026-09-12,2026-09-13,2026-09-19,2026-09-20,2026-09-26,2026-09-27,2026-10-03,2026-10-04,2026-10-10,2026-10-11,2026-10-17,2026-10-18,2026-10-24,2026-10-25,2026-10-31,2026-11-01,2026-11-07,2026-11-08,2026-11-14,2026-11-15,2026-11-21,2026-11-22,2026-11-26,2026-11-28,2026-11-29,2026-12-05,2026-12-06,2026-12-12,2026-12-13,2026-12-19,2026-12-20,2026-12-25,2026-12-26,2026-12-27,2027-01-01,2027-01-02,2027-01-03,2027-01-09,2027-01-10,2027-01-16,2027-01-17,2027-01-18,2027-01-23,2027-01-24,2027-01-30,2027-01-31,2027-02-06,2027-02-07,2027-02-13,2027-02-14,2027-02-15,2027-02-20,2027-02-21,2027-02-27,2027-02-28,2027-03-06,2027-03-07,2027-03-13,2027-03-14,2027-03-20,2027-03-21,2027-03-27,2027-03-28,2027-04-03,2027-04-04,2027-04-10,2027-04-11,2027-04-17,2027-04-18,2027-04-24,2027-04-25,2027-05-01,2027-05-02,2027-05-08,2027-05-09,2027-05-15,2027-05-16,2027-05-22,2027-05-23,2027-05-29,2027-05-30,2027-05-31,2027-06-05,2027-06-06,2027-06-12,2027-06-13,2027-06-19,2027-06-20,2027-06-26,2027-06-27,2027-07-03,2027-07-04,2027-07-05,2027-07-10,2027-07-11",,2026-07-11,2026-08-19,,hlgtfs.zip,hartford_gtfs_effective_2026-07-11_updated_2026-08-19.zip,0,To Northbound to Springfield; GTFS; gtfs_trip_id=2010; gtfs_service_id=1; source_origin=New Haven Union Station; source_destination=Springfield
CTrail,Hartford Line,Hartford Line,CTrail 6454,To Northbound to Springfield,WNL,Windsor Locks,8,13:36,13:36,2026-07-11,2027-07-11,"2026-07-11,2026-07-12,2026-07-18,2026-07-19,2026-07-25,2026-07-26,2026-08-01,2026-08-02,2026-08-08,2026-08-09,2026-08-15,2026-08-16,2026-08-22,2026-08-23,2026-08-29,2026-08-30,2026-09-05,2026-09-06,2026-09-07,2026-09-12,2026-09-13,2026-09-19,2026-09-20,2026-09-26,2026-09-27,2026-10-03,2026-10-04,2026-10-10,2026-10-11,2026-10-17,2026-10-18,2026-10-24,2026-10-25,2026-10-31,2026-11-01,2026-11-07,2026-11-08,2026-11-14,2026-11-15,2026-11-21,2026-11-22,2026-11-26,2026-11-28,2026-11-29,2026-12-05,2026-12-06,2026-12-12,2026-12-13,2026-12-19,2026-12-20,2026-12-25,2026-12-26,2026-12-27,2027-01-01,2027-01-02,2027-01-03,2027-01-09,2027-01-10,2027-01-16,2027-01-17,2027-01-18,2027-01-23,2027-01-24,2027-01-30,2027-01-31,2027-02-06,2027-02-07,2027-02-13,2027-02-14,2027-02-15,2027-02-20,2027-02-21,2027-02-27,2027-02-28,2027-03-06,2027-03-07,2027-03-13,2027-03-14,2027-03-20,2027-03-21,2027-03-27,2027-03-28,2027-04-03,2027-04-04,2027-04-10,2027-04-11,2027-04-17,2027-04-18,2027-04-24,2027-04-25,2027-05-01,2027-05-02,2027-05-08,2027-05-09,2027-05-15,2027-05-16,2027-05-22,2027-05-23,2027-05-29,2027-05-30,2027-05-31,2027-06-05,2027-06-06,2027-06-12,2027-06-13,2027-06-19,2027-06-20,2027-06-26,2027-06-27,2027-07-03,2027-07-04,2027-07-05,2027-07-10,2027-07-11",,2026-07-11,2026-08-19,,hlgtfs.zip,hartford_gtfs_effective_2026-07-11_updated_2026-08-19.zip,0,To Northbound to Springfield; GTFS; gtfs_trip_id=2010; gtfs_service_id=1; source_origin=New Haven Union Station; source_destination=Springfield
CTrail,Hartford Line,Hartford Line,CTrail 6454,To Northbound to Springfield,SPG,Springfield,9,14:04,14:04,2026-07-11,2027-07-11,"2026-07-11,2026-07-12,2026-07-18,2026-07-19,2026-07-25,2026-07-26,2026-08-01,2026-08-02,2026-08-08,2026-08-09,2026-08-15,2026-08-16,2026-08-22,2026-08-23,2026-08-29,2026-08-30,2026-09-05,2026-09-06,2026-09-07,2026-09-12,2026-09-13,2026-09-19,2026-09-20,2026-09-26,2026-09-27,2026-10-03,2026-10-04,2026-10-10,2026-10-11,2026-10-17,2026-10-18,2026-10-24,2026-10-25,2026-10-31,2026-11-01,2026-11-07,2026-11-08,2026-11-14,2026-11-15,2026-11-21,2026-11-22,2026-11-26,2026-11-28,2026-11-29,2026-12-05,2026-12-06,2026-12-12,2026-12-13,2026-12-19,2026-12-20,2026-12-25,2026-12-26,2026-12-27,2027-01-01,2027-01-02,2027-01-03,2027-01-09,2027-01-10,2027-01-16,2027-01-17,2027-01-18,2027-01-23,2027-01-24,2027-01-30,2027-01-31,2027-02-06,2027-02-07,2027-02-13,2027-02-14,2027-02-15,2027-02-20,2027-02-21,2027-02-27,2027-02-28,2027-03-06,2027-03-07,2027-03-13,2027-03-14,2027-03-20,2027-03-21,2027-03-27,2027-03-28,2027-04-03,2027-04-04,2027-04-10,2027-04-11,2027-04-17,2027-04-18,2027-04-24,2027-04-25,2027-05-01,2027-05-02,2027-05-08,2027-05-09,2027-05-15,2027-05-16,2027-05-22,2027-05-23,2027-05-29,2027-05-30,2027-05-31,2027-06-05,2027-06-06,2027-06-12,2027-06-13,2027-06-19,2027-06-20,2027-06-26,2027-06-27,2027-07-03,2027-07-04,2027-07-05,2027-07-10,2027-07-11",,2026-07-11,2026-08-19,,hlgtfs.zip,hartford_gtfs_effective_2026-07-11_updated_2026-08-19.zip,0,To Northbound to Springfield; GTFS; gtfs_trip_id=2010; gtfs_service_id=1; source_origin=New Haven Union Station; source_destination=Springfield
CTrail,Hartford Line,Hartford Line,CTrail 6455,To Southbound to New Haven Union Station,SPG,Springfield,1,14:20,14:20,2026-07-11,2027-07-11,"2026-07-11,2026-07-12,2026-07-18,2026-07-19,2026-07-25,2026-07-26,2026-08-01,2026-08-02,2026-08-08,2026-08-09,2026-08-15,2026-08-16,2026-08-22,2026-08-23,2026-08-29,2026-08-30,2026-09-05,2026-09-06,2026-09-07,2026-09-12,2026-09-13,2026-09-19,2026-09-20,2026-09-26,2026-09-27,2026-10-03,2026-10-04,2026-10-10,2026-10-11,2026-10-17,2026-10-18,2026-10-24,2026-10-25,2026-10-31,2026-11-01,2026-11-07,2026-11-08,2026-11-14,2026-11-15,2026-11-21,2026-11-22,2026-11-26,2026-11-28,2026-11-29,2026-12-05,2026-12-06,2026-12-12,2026-12-13,2026-12-19,2026-12-20,2026-12-25,2026-12-26,2026-12-27,2027-01-01,2027-01-02,2027-01-03,2027-01-09,2027-01-10,2027-01-16,2027-01-17,2027-01-18,2027-01-23,2027-01-24,2027-01-30,2027-01-31,2027-02-06,2027-02-07,2027-02-13,2027-02-14,2027-02-15,2027-02-20,2027-02-21,2027-02-27,2027-02-28,2027-03-06,2027-03-07,2027-03-13,2027-03-14,2027-03-20,2027-03-21,2027-03-27,2027-03-28,2027-04-03,2027-04-04,2027-04-10,2027-04-11,2027-04-17,2027-04-18,2027-04-24,2027-04-25,2027-05-01,2027-05-02,2027-05-08,2027-05-09,2027-05-15,2027-05-16,2027-05-22,2027-05-23,2027-05-29,2027-05-30,2027-05-31,2027-06-05,2027-06-06,2027-06-12,2027-06-13,2027-06-19,2027-06-20,2027-06-26,2027-06-27,2027-07-03,2027-07-04,2027-07-05,2027-07-10,2027-07-11",,2026-07-11,2026-08-19,,hlgtfs.zip,hartford_gtfs_effective_2026-07-11_updated_2026-08-19.zip,0,To Southbound to New Haven Union Station; GTFS; gtfs_trip_id=6010; gtfs_service_id=1; source_origin=Springfield; source_destination=New Haven Union Station
CTrail,Hartford Line,Hartford Line,CTrail 6455,To Southbound to New Haven Union Station,WNL,Windsor Locks,2,14:41,14:41,2026-07-11,2027-07-11,"2026-07-11,2026-07-12,2026-07-18,2026-07-19,2026-07-25,2026-07-26,2026-08-01,2026-08-02,2026-08-08,2026-08-09,2026-08-15,2026-08-16,2026-08-22,2026-08-23,2026-08-29,2026-08-30,2026-09-05,2026-09-06,2026-09-07,2026-09-12,2026-09-13,2026-09-19,2026-09-20,2026-09-26,2026-09-27,2026-10-03,2026-10-04,2026-10-10,2026-10-11,2026-10-17,2026-10-18,2026-10-24,2026-10-25,2026-10-31,2026-11-01,2026-11-07,2026-11-08,2026-11-14,2026-11-15,2026-11-21,2026-11-22,2026-11-26,2026-11-28,2026-11-29,2026-12-05,2026-12-06,2026-12-12,2026-12-13,2026-12-19,2026-12-20,2026-12-25,2026-12-26,2026-12-27,2027-01-01,2027-01-02,2027-01-03,2027-01-09,2027-01-10,2027-01-16,2027-01-17,2027-01-18,2027-01-23,2027-01-24,2027-01-30,2027-01-31,2027-02-06,2027-02-07,2027-02-13,2027-02-14,2027-02-15,2027-02-20,2027-02-21,2027-02-27,2027-02-28,2027-03-06,2027-03-07,2027-03-13,2027-03-14,2027-03-20,2027-03-21,2027-03-27,2027-03-28,2027-04-03,2027-04-04,2027-04-10,2027-04-11,2027-04-17,2027-04-18,2027-04-24,2027-04-25,2027-05-01,2027-05-02,2027-05-08,2027-05-09,2027-05-15,2027-05-16,2027-05-22,2027-05-23,2027-05-29,2027-05-30,2027-05-31,2027-06-05,2027-06-06,2027-06-12,2027-06-13,2027-06-19,2027-06-20,2027-06-26,2027-06-27,2027-07-03,2027-07-04,2027-07-05,2027-07-10,2027-07-11",,2026-07-11,2026-08-19,,hlgtfs.zip,hartford_gtfs_effective_2026-07-11_updated_2026-08-19.zip,0,To Southbound to New Haven Union Station; GTFS; gtfs_trip_id=6010; gtfs_service_id=1; source_origin=Springfield; source_destination=New Haven Union Station
CTrail,Hartford Line,Hartford Line,CTrail 6455,To Southbound to New Haven Union Station,WND,Windsor,3,14:48,14:48,2026-07-11,2027-07-11,"2026-07-11,2026-07-12,2026-07-18,2026-07-19,2026-07-25,2026-07-26,2026-08-01,2026-08-02,2026-08-08,2026-08-09,2026-08-15,2026-08-16,2026-08-22,2026-08-23,2026-08-29,2026-08-30,2026-09-05,2026-09-06,2026-09-07,2026-09-12,2026-09-13,2026-09-19,2026-09-20,2026-09-26,2026-09-27,2026-10-03,2026-10-04,2026-10-10,2026-10-11,2026-10-17,2026-10-18,2026-10-24,2026-10-25,2026-10-31,2026-11-01,2026-11-07,2026-11-08,2026-11-14,2026-11-15,2026-11-21,2026-11-22,2026-11-26,2026-11-28,2026-11-29,2026-12-05,2026-12-06,2026-12-12,2026-12-13,2026-12-19,2026-12-20,2026-12-25,2026-12-26,2026-12-27,2027-01-01,2027-01-02,2027-01-03,2027-01-09,2027-01-10,2027-01-16,2027-01-17,2027-01-18,2027-01-23,2027-01-24,2027-01-30,2027-01-31,2027-02-06,2027-02-07,2027-02-13,2027-02-14,2027-02-15,2027-02-20,2027-02-21,2027-02-27,2027-02-28,2027-03-06,2027-03-07,2027-03-13,2027-03-14,2027-03-20,2027-03-21,2027-03-27,2027-03-28,2027-04-03,2027-04-04,2027-04-10,2027-04-11,2027-04-17,2027-04-18,2027-04-24,2027-04-25,2027-05-01,2027-05-02,2027-05-08,2027-05-09,2027-05-15,2027-05-16,2027-05-22,2027-05-23,2027-05-29,2027-05-30,2027-05-31,2027-06-05,2027-06-06,2027-06-12,2027-06-13,2027-06-19,2027-06-20,2027-06-26,2027-06-27,2027-07-03,2027-07-04,2027-07-05,2027-07-10,2027-07-11",,2026-07-11,2026-08-19,,hlgtfs.zip,hartford_gtfs_effective_2026-07-11_updated_2026-08-19.zip,0,To Southbound to New Haven Union Station; GTFS; gtfs_trip_id=6010; gtfs_service_id=1; source_origin=Springfield; source_destination=New Haven Union Station
CTrail,Hartford Line,Hartford Line,CTrail 6455,To Southbound to New Haven Union Station,HFD,Hartford,4,14:59,14:59,2026-07-11,2027-07-11,"2026-07-11,2026-07-12,2026-07-18,2026-07-19,2026-07-25,2026-07-26,2026-08-01,2026-08-02,2026-08-08,2026-08-09,2026-08-15,2026-08-16,2026-08-22,2026-08-23,2026-08-29,2026-08-30,2026-09-05,2026-09-06,2026-09-07,2026-09-12,2026-09-13,2026-09-19,2026-09-20,2026-09-26,2026-09-27,2026-10-03,2026-10-04,2026-10-10,2026-10-11,2026-10-17,2026-10-18,2026-10-24,2026-10-25,2026-10-31,2026-11-01,2026-11-07,2026-11-08,2026-11-14,2026-11-15,2026-11-21,2026-11-22,2026-11-26,2026-11-28,2026-11-29,2026-12-05,2026-12-06,2026-12-12,2026-12-13,2026-12-19,2026-12-20,2026-12-25,2026-12-26,2026-12-27,2027-01-01,2027-01-02,2027-01-03,2027-01-09,2027-01-10,2027-01-16,2027-01-17,2027-01-18,2027-01-23,2027-01-24,2027-01-30,2027-01-31,2027-02-06,2027-02-07,2027-02-13,2027-02-14,2027-02-15,2027-02-20,2027-02-21,2027-02-27,2027-02-28,2027-03-06,2027-03-07,2027-03-13,2027-03-14,2027-03-20,2027-03-21,2027-03-27,2027-03-28,2027-04-03,2027-04-04,2027-04-10,2027-04-11,2027-04-17,2027-04-18,2027-04-24,2027-04-25,2027-05-01,2027-05-02,2027-05-08,2027-05-09,2027-05-15,2027-05-16,2027-05-22,2027-05-23,2027-05-29,2027-05-30,2027-05-31,2027-06-05,2027-06-06,2027-06-12,2027-06-13,2027-06-19,2027-06-20,2027-06-26,2027-06-27,2027-07-03,2027-07-04,2027-07-05,2027-07-10,2027-07-11",,2026-07-11,2026-08-19,,hlgtfs.zip,hartford_gtfs_effective_2026-07-11_updated_2026-08-19.zip,0,To Southbound to New Haven Union Station; GTFS; gtfs_trip_id=6010; gtfs_service_id=1; source_origin=Springfield; source_destination=New Haven Union Station
CTrail,Hartford Line,Hartford Line,CTrail 6455,To Southbound to New Haven Union Station,BER,Berlin,5,15:11,15:11,2026-07-11,2027-07-11,"2026-07-11,2026-07-12,2026-07-18,2026-07-19,2026-07-25,2026-07-26,2026-08-01,2026-08-02,2026-08-08,2026-08-09,2026-08-15,2026-08-16,2026-08-22,2026-08-23,2026-08-29,2026-08-30,2026-09-05,2026-09-06,2026-09-07,2026-09-12,2026-09-13,2026-09-19,2026-09-20,2026-09-26,2026-09-27,2026-10-03,2026-10-04,2026-10-10,2026-10-11,2026-10-17,2026-10-18,2026-10-24,2026-10-25,2026-10-31,2026-11-01,2026-11-07,2026-11-08,2026-11-14,2026-11-15,2026-11-21,2026-11-22,2026-11-26,2026-11-28,2026-11-29,2026-12-05,2026-12-06,2026-12-12,2026-12-13,2026-12-19,2026-12-20,2026-12-25,2026-12-26,2026-12-27,2027-01-01,2027-01-02,2027-01-03,2027-01-09,2027-01-10,2027-01-16,2027-01-17,2027-01-18,2027-01-23,2027-01-24,2027-01-30,2027-01-31,2027-02-06,2027-02-07,2027-02-13,2027-02-14,2027-02-15,2027-02-20,2027-02-21,2027-02-27,2027-02-28,2027-03-06,2027-03-07,2027-03-13,2027-03-14,2027-03-20,2027-03-21,2027-03-27,2027-03-28,2027-04-03,2027-04-04,2027-04-10,2027-04-11,2027-04-17,2027-04-18,2027-04-24,2027-04-25,2027-05-01,2027-05-02,2027-05-08,2027-05-09,2027-05-15,2027-05-16,2027-05-22,2027-05-23,2027-05-29,2027-05-30,2027-05-31,2027-06-05,2027-06-06,2027-06-12,2027-06-13,2027-06-19,2027-06-20,2027-06-26,2027-06-27,2027-07-03,2027-07-04,2027-07-05,2027-07-10,2027-07-11",,2026-07-11,2026-08-19,,hlgtfs.zip,hartford_gtfs_effective_2026-07-11_updated_2026-08-19.zip,0,To Southbound to New Haven Union Station; GTFS; gtfs_trip_id=6010; gtfs_service_id=1; source_origin=Springfield; source_destination=New Haven Union Station
CTrail,Hartford Line,Hartford Line,CTrail 6455,To Southbound to New Haven Union Station,MDN,Meriden,6,15:20,15:20,2026-07-11,2027-07-11,"2026-07-11,2026-07-12,2026-07-18,2026-07-19,2026-07-25,2026-07-26,2026-08-01,2026-08-02,2026-08-08,2026-08-09,2026-08-15,2026-08-16,2026-08-22,2026-08-23,2026-08-29,2026-08-30,2026-09-05,2026-09-06,2026-09-07,2026-09-12,2026-09-13,2026-09-19,2026-09-20,2026-09-26,2026-09-27,2026-10-03,2026-10-04,2026-10-10,2026-10-11,2026-10-17,2026-10-18,2026-10-24,2026-10-25,2026-10-31,2026-11-01,2026-11-07,2026-11-08,2026-11-14,2026-11-15,2026-11-21,2026-11-22,2026-11-26,2026-11-28,2026-11-29,2026-12-05,2026-12-06,2026-12-12,2026-12-13,2026-12-19,2026-12-20,2026-12-25,2026-12-26,2026-12-27,2027-01-01,2027-01-02,2027-01-03,2027-01-09,2027-01-10,2027-01-16,2027-01-17,2027-01-18,2027-01-23,2027-01-24,2027-01-30,2027-01-31,2027-02-06,2027-02-07,2027-02-13,2027-02-14,2027-02-15,2027-02-20,2027-02-21,2027-02-27,2027-02-28,2027-03-06,2027-03-07,2027-03-13,2027-03-14,2027-03-20,2027-03-21,2027-03-27,2027-03-28,2027-04-03,2027-04-04,2027-04-10,2027-04-11,2027-04-17,2027-04-18,2027-04-24,2027-04-25,2027-05-01,2027-05-02,2027-05-08,2027-05-09,2027-05-15,2027-05-16,2027-05-22,2027-05-23,2027-05-29,2027-05-30,2027-05-31,2027-06-05,2027-06-06,2027-06-12,2027-06-13,2027-06-19,2027-06-20,2027-06-26,2027-06-27,2027-07-03,2027-07-04,2027-07-05,2027-07-10,2027-07-11",,2026-07-11,2026-08-19,,hlgtfs.zip,hartford_gtfs_effective_2026-07-11_updated_2026-08-19.zip,0,To Southbound to New Haven Union Station; GTFS; gtfs_trip_id=6010; gtfs_service_id=1; source_origin=Springfield; source_destination=New Haven Union Station
CTrail,Hartford Line,Hartford Line,CTrail 6455,To Southbound to New Haven Union Station,WFD,Wallingford,7,15:29,15:29,2026-07-11,2027-07-11,"2026-07-11,2026-07-12,2026-07-18,2026-07-19,2026-07-25,2026-07-26,2026-08-01,2026-08-02,2026-08-08,2026-08-09,2026-08-15,2026-08-16,2026-08-22,2026-08-23,2026-08-29,2026-08-30,2026-09-05,2026-09-06,2026-09-07,2026-09-12,2026-09-13,2026-09-19,2026-09-20,2026-09-26,2026-09-27,2026-10-03,2026-10-04,2026-10-10,2026-10-11,2026-10-17,2026-10-18,2026-10-24,2026-10-25,2026-10-31,2026-11-01,2026-11-07,2026-11-08,2026-11-14,2026-11-15,2026-11-21,2026-11-22,2026-11-26,2026-11-28,2026-11-29,2026-12-05,2026-12-06,2026-12-12,2026-12-13,2026-12-19,2026-12-20,2026-12-25,2026-12-26,2026-12-27,2027-01-01,2027-01-02,2027-01-03,2027-01-09,2027-01-10,2027-01-16,2027-01-17,2027-01-18,2027-01-23,2027-01-24,2027-01-30,2027-01-31,2027-02-06,2027-02-07,2027-02-13,2027-02-14,2027-02-15,2027-02-20,2027-02-21,2027-02-27,2027-02-28,2027-03-06,2027-03-07,2027-03-13,2027-03-14,2027-03-20,2027-03-21,2027-03-27,2027-03-28,2027-04-03,2027-04-04,2027-04-10,2027-04-11,2027-04-17,2027-04-18,2027-04-24,2027-04-25,2027-05-01,2027-05-02,2027-05-08,2027-05-09,2027-05-15,2027-05-16,2027-05-22,2027-05-23,2027-05-29,2027-05-30,2027-05-31,2027-06-05,2027-06-06,2027-06-12,2027-06-13,2027-06-19,2027-06-20,2027-06-26,2027-06-27,2027-07-03,2027-07-04,2027-07-05,2027-07-10,2027-07-11",,2026-07-11,2026-08-19,,hlgtfs.zip,hartford_gtfs_effective_2026-07-11_updated_2026-08-19.zip,0,To Southbound to New Haven Union Station; GTFS; gtfs_trip_id=6010; gtfs_service_id=1; source_origin=Springfield; source_destination=New Haven Union Station
CTrail,Hartford Line,Hartford Line,CTrail 6455,To Southbound to New Haven Union Station,STS,New Haven State Street,8,15:45,15:45,2026-07-11,2027-07-11,"2026-07-11,2026-07-12,2026-07-18,2026-07-19,2026-07-25,2026-07-26,2026-08-01,2026-08-02,2026-08-08,2026-08-09,2026-08-15,2026-08-16,2026-08-22,2026-08-23,2026-08-29,2026-08-30,2026-09-05,2026-09-06,2026-09-07,2026-09-12,2026-09-13,2026-09-19,2026-09-20,2026-09-26,2026-09-27,2026-10-03,2026-10-04,2026-10-10,2026-10-11,2026-10-17,2026-10-18,2026-10-24,2026-10-25,2026-10-31,2026-11-01,2026-11-07,2026-11-08,2026-11-14,2026-11-15,2026-11-21,2026-11-22,2026-11-26,2026-11-28,2026-11-29,2026-12-05,2026-12-06,2026-12-12,2026-12-13,2026-12-19,2026-12-20,2026-12-25,2026-12-26,2026-12-27,2027-01-01,2027-01-02,2027-01-03,2027-01-09,2027-01-10,2027-01-16,2027-01-17,2027-01-18,2027-01-23,2027-01-24,2027-01-30,2027-01-31,2027-02-06,2027-02-07,2027-02-13,2027-02-14,2027-02-15,2027-02-20,2027-02-21,2027-02-27,2027-02-28,2027-03-06,2027-03-07,2027-03-13,2027-03-14,2027-03-20,2027-03-21,2027-03-27,2027-03-28,2027-04-03,2027-04-04,2027-04-10,2027-04-11,2027-04-17,2027-04-18,2027-04-24,2027-04-25,2027-05-01,2027-05-02,2027-05-08,2027-05-09,2027-05-15,2027-05-16,2027-05-22,2027-05-23,2027-05-29,2027-05-30,2027-05-31,2027-06-05,2027-06-06,2027-06-12,2027-06-13,2027-06-19,2027-06-20,2027-06-26,2027-06-27,2027-07-03,2027-07-04,2027-07-05,2027-07-10,2027-07-11",,2026-07-11,2026-08-19,,hlgtfs.zip,hartford_gtfs_effective_2026-07-11_updated_2026-08-19.zip,0,To Southbound to New Haven Union Station; GTFS; gtfs_trip_id=6010; gtfs_service_id=1; source_origin=Springfield; source_destination=New Haven Union Station
CTrail,Hartford Line,Hartford Line,CTrail 6455,To Southbound to New Haven Union Station,NHV,New Haven Union Station,9,15:52,15:52,2026-07-11,2027-07-11,"2026-07-11,2026-07-12,2026-07-18,2026-07-19,2026-07-25,2026-07-26,2026-08-01,2026-08-02,2026-08-08,2026-08-09,2026-08-15,2026-08-16,2026-08-22,2026-08-23,2026-08-29,2026-08-30,2026-09-05,2026-09-06,2026-09-07,2026-09-12,2026-09-13,2026-09-19,2026-09-20,2026-09-26,2026-09-27,2026-10-03,2026-10-04,2026-10-10,2026-10-11,2026-10-17,2026-10-18,2026-10-24,2026-10-25,2026-10-31,2026-11-01,2026-11-07,2026-11-08,2026-11-14,2026-11-15,2026-11-21,2026-11-22,2026-11-26,2026-11-28,2026-11-29,2026-12-05,2026-12-06,2026-12-12,2026-12-13,2026-12-19,2026-12-20,2026-12-25,2026-12-26,2026-12-27,2027-01-01,2027-01-02,2027-01-03,2027-01-09,2027-01-10,2027-01-16,2027-01-17,2027-01-18,2027-01-23,2027-01-24,2027-01-30,2027-01-31,2027-02-06,2027-02-07,2027-02-13,2027-02-14,2027-02-15,2027-02-20,2027-02-21,2027-02-27,2027-02-28,2027-03-06,2027-03-07,2027-03-13,2027-03-14,2027-03-20,2027-03-21,2027-03-27,2027-03-28,2027-04-03,2027-04-04,2027-04-10,2027-04-11,2027-04-17,2027-04-18,2027-04-24,2027-04-25,2027-05-01,2027-05-02,2027-05-08,2027-05-09,2027-05-15,2027-05-16,2027-05-22,2027-05-23,2027-05-29,2027-05-30,2027-05-31,2027-06-05,2027-06-06,2027-06-12,2027-06-13,2027-06-19,2027-06-20,2027-06-26,2027-06-27,2027-07-03,2027-07-04,2027-07-05,2027-07-10,2027-07-11",,2026-07-11,2026-08-19,,hlgtfs.zip,hartford_gtfs_effective_2026-07-11_updated_2026-08-19.zip,0,To Southbound to New Haven Union Station; GTFS; gtfs_trip_id=6010; gtfs_service_id=1; source_origin=Springfield; source_destination=New Haven Union Station
CTrail,Hartford Line,Hartford Line,CTrail 6456,To Northbound to Hartford,NHV,New Haven Union Station,1,14:25,14:25,2026-07-11,2027-07-11,"2026-07-11,2026-07-12,2026-07-18,2026-07-19,2026-07-25,2026-07-26,2026-08-01,2026-08-02,2026-08-08,2026-08-09,2026-08-15,2026-08-16,2026-08-22,2026-08-23,2026-08-29,2026-08-30,2026-09-05,2026-09-06,2026-09-07,2026-09-12,2026-09-13,2026-09-19,2026-09-20,2026-09-26,2026-09-27,2026-10-03,2026-10-04,2026-10-10,2026-10-11,2026-10-17,2026-10-18,2026-10-24,2026-10-25,2026-10-31,2026-11-01,2026-11-07,2026-11-08,2026-11-14,2026-11-15,2026-11-21,2026-11-22,2026-11-26,2026-11-28,2026-11-29,2026-12-05,2026-12-06,2026-12-12,2026-12-13,2026-12-19,2026-12-20,2026-12-25,2026-12-26,2026-12-27,2027-01-01,2027-01-02,2027-01-03,2027-01-09,2027-01-10,2027-01-16,2027-01-17,2027-01-18,2027-01-23,2027-01-24,2027-01-30,2027-01-31,2027-02-06,2027-02-07,2027-02-13,2027-02-14,2027-02-15,2027-02-20,2027-02-21,2027-02-27,2027-02-28,2027-03-06,2027-03-07,2027-03-13,2027-03-14,2027-03-20,2027-03-21,2027-03-27,2027-03-28,2027-04-03,2027-04-04,2027-04-10,2027-04-11,2027-04-17,2027-04-18,2027-04-24,2027-04-25,2027-05-01,2027-05-02,2027-05-08,2027-05-09,2027-05-15,2027-05-16,2027-05-22,2027-05-23,2027-05-29,2027-05-30,2027-05-31,2027-06-05,2027-06-06,2027-06-12,2027-06-13,2027-06-19,2027-06-20,2027-06-26,2027-06-27,2027-07-03,2027-07-04,2027-07-05,2027-07-10,2027-07-11",,2026-07-11,2026-08-19,,hlgtfs.zip,hartford_gtfs_effective_2026-07-11_updated_2026-08-19.zip,0,To Northbound to Hartford; GTFS; gtfs_trip_id=13010; gtfs_service_id=1; source_origin=New Haven Union Station; source_destination=Hartford
CTrail,Hartford Line,Hartford Line,CTrail 6456,To Northbound to Hartford,STS,New Haven State Street,2,14:28,14:28,2026-07-11,2027-07-11,"2026-07-11,2026-07-12,2026-07-18,2026-07-19,2026-07-25,2026-07-26,2026-08-01,2026-08-02,2026-08-08,2026-08-09,2026-08-15,2026-08-16,2026-08-22,2026-08-23,2026-08-29,2026-08-30,2026-09-05,2026-09-06,2026-09-07,2026-09-12,2026-09-13,2026-09-19,2026-09-20,2026-09-26,2026-09-27,2026-10-03,2026-10-04,2026-10-10,2026-10-11,2026-10-17,2026-10-18,2026-10-24,2026-10-25,2026-10-31,2026-11-01,2026-11-07,2026-11-08,2026-11-14,2026-11-15,2026-11-21,2026-11-22,2026-11-26,2026-11-28,2026-11-29,2026-12-05,2026-12-06,2026-12-12,2026-12-13,2026-12-19,2026-12-20,2026-12-25,2026-12-26,2026-12-27,2027-01-01,2027-01-02,2027-01-03,2027-01-09,2027-01-10,2027-01-16,2027-01-17,2027-01-18,2027-01-23,2027-01-24,2027-01-30,2027-01-31,2027-02-06,2027-02-07,2027-02-13,2027-02-14,2027-02-15,2027-02-20,2027-02-21,2027-02-27,2027-02-28,2027-03-06,2027-03-07,2027-03-13,2027-03-14,2027-03-20,2027-03-21,2027-03-27,2027-03-28,2027-04-03,2027-04-04,2027-04-10,2027-04-11,2027-04-17,2027-04-18,2027-04-24,2027-04-25,2027-05-01,2027-05-02,2027-05-08,2027-05-09,2027-05-15,2027-05-16,2027-05-22,2027-05-23,2027-05-29,2027-05-30,2027-05-31,2027-06-05,2027-06-06,2027-06-12,2027-06-13,2027-06-19,2027-06-20,2027-06-26,2027-06-27,2027-07-03,2027-07-04,2027-07-05,2027-07-10,2027-07-11",,2026-07-11,2026-08-19,,hlgtfs.zip,hartford_gtfs_effective_2026-07-11_updated_2026-08-19.zip,0,To Northbound to Hartford; GTFS; gtfs_trip_id=13010; gtfs_service_id=1; source_origin=New Haven Union Station; source_destination=Hartford
CTrail,Hartford Line,Hartford Line,CTrail 6456,To Northbound to Hartford,WFD,Wallingford,3,14:43,14:43,2026-07-11,2027-07-11,"2026-07-11,2026-07-12,2026-07-18,2026-07-19,2026-07-25,2026-07-26,2026-08-01,2026-08-02,2026-08-08,2026-08-09,2026-08-15,2026-08-16,2026-08-22,2026-08-23,2026-08-29,2026-08-30,2026-09-05,2026-09-06,2026-09-07,2026-09-12,2026-09-13,2026-09-19,2026-09-20,2026-09-26,2026-09-27,2026-10-03,2026-10-04,2026-10-10,2026-10-11,2026-10-17,2026-10-18,2026-10-24,2026-10-25,2026-10-31,2026-11-01,2026-11-07,2026-11-08,2026-11-14,2026-11-15,2026-11-21,2026-11-22,2026-11-26,2026-11-28,2026-11-29,2026-12-05,2026-12-06,2026-12-12,2026-12-13,2026-12-19,2026-12-20,2026-12-25,2026-12-26,2026-12-27,2027-01-01,2027-01-02,2027-01-03,2027-01-09,2027-01-10,2027-01-16,2027-01-17,2027-01-18,2027-01-23,2027-01-24,2027-01-30,2027-01-31,2027-02-06,2027-02-07,2027-02-13,2027-02-14,2027-02-15,2027-02-20,2027-02-21,2027-02-27,2027-02-28,2027-03-06,2027-03-07,2027-03-13,2027-03-14,2027-03-20,2027-03-21,2027-03-27,2027-03-28,2027-04-03,2027-04-04,2027-04-10,2027-04-11,2027-04-17,2027-04-18,2027-04-24,2027-04-25,2027-05-01,2027-05-02,2027-05-08,2027-05-09,2027-05-15,2027-05-16,2027-05-22,2027-05-23,2027-05-29,2027-05-30,2027-05-31,2027-06-05,2027-06-06,2027-06-12,2027-06-13,2027-06-19,2027-06-20,2027-06-26,2027-06-27,2027-07-03,2027-07-04,2027-07-05,2027-07-10,2027-07-11",,2026-07-11,2026-08-19,,hlgtfs.zip,hartford_gtfs_effective_2026-07-11_updated_2026-08-19.zip,0,To Northbound to Hartford; GTFS; gtfs_trip_id=13010; gtfs_service_id=1; source_origin=New Haven Union Station; source_destination=Hartford
CTrail,Hartford Line,Hartford Line,CTrail 6456,To Northbound to Hartford,MDN,Meriden,4,14:52,14:52,2026-07-11,2027-07-11,"2026-07-11,2026-07-12,2026-07-18,2026-07-19,2026-07-25,2026-07-26,2026-08-01,2026-08-02,2026-08-08,2026-08-09,2026-08-15,2026-08-16,2026-08-22,2026-08-23,2026-08-29,2026-08-30,2026-09-05,2026-09-06,2026-09-07,2026-09-12,2026-09-13,2026-09-19,2026-09-20,2026-09-26,2026-09-27,2026-10-03,2026-10-04,2026-10-10,2026-10-11,2026-10-17,2026-10-18,2026-10-24,2026-10-25,2026-10-31,2026-11-01,2026-11-07,2026-11-08,2026-11-14,2026-11-15,2026-11-21,2026-11-22,2026-11-26,2026-11-28,2026-11-29,2026-12-05,2026-12-06,2026-12-12,2026-12-13,2026-12-19,2026-12-20,2026-12-25,2026-12-26,2026-12-27,2027-01-01,2027-01-02,2027-01-03,2027-01-09,2027-01-10,2027-01-16,2027-01-17,2027-01-18,2027-01-23,2027-01-24,2027-01-30,2027-01-31,2027-02-06,2027-02-07,2027-02-13,2027-02-14,2027-02-15,2027-02-20,2027-02-21,2027-02-27,2027-02-28,2027-03-06,2027-03-07,2027-03-13,2027-03-14,2027-03-20,2027-03-21,2027-03-27,2027-03-28,2027-04-03,2027-04-04,2027-04-10,2027-04-11,2027-04-17,2027-04-18,2027-04-24,2027-04-25,2027-05-01,2027-05-02,2027-05-08,2027-05-09,2027-05-15,2027-05-16,2027-05-22,2027-05-23,2027-05-29,2027-05-30,2027-05-31,2027-06-05,2027-06-06,2027-06-12,2027-06-13,2027-06-19,2027-06-20,2027-06-26,2027-06-27,2027-07-03,2027-07-04,2027-07-05,2027-07-10,2027-07-11",,2026-07-11,2026-08-19,,hlgtfs.zip,hartford_gtfs_effective_2026-07-11_updated_2026-08-19.zip,0,To Northbound to Hartford; GTFS; gtfs_trip_id=13010; gtfs_service_id=1; source_origin=New Haven Union Station; source_destination=Hartford
CTrail,Hartford Line,Hartford Line,CTrail 6456,To Northbound to Hartford,BER,Berlin,5,15:01,15:01,2026-07-11,2027-07-11,"2026-07-11,2026-07-12,2026-07-18,2026-07-19,2026-07-25,2026-07-26,2026-08-01,2026-08-02,2026-08-08,2026-08-09,2026-08-15,2026-08-16,2026-08-22,2026-08-23,2026-08-29,2026-08-30,2026-09-05,2026-09-06,2026-09-07,2026-09-12,2026-09-13,2026-09-19,2026-09-20,2026-09-26,2026-09-27,2026-10-03,2026-10-04,2026-10-10,2026-10-11,2026-10-17,2026-10-18,2026-10-24,2026-10-25,2026-10-31,2026-11-01,2026-11-07,2026-11-08,2026-11-14,2026-11-15,2026-11-21,2026-11-22,2026-11-26,2026-11-28,2026-11-29,2026-12-05,2026-12-06,2026-12-12,2026-12-13,2026-12-19,2026-12-20,2026-12-25,2026-12-26,2026-12-27,2027-01-01,2027-01-02,2027-01-03,2027-01-09,2027-01-10,2027-01-16,2027-01-17,2027-01-18,2027-01-23,2027-01-24,2027-01-30,2027-01-31,2027-02-06,2027-02-07,2027-02-13,2027-02-14,2027-02-15,2027-02-20,2027-02-21,2027-02-27,2027-02-28,2027-03-06,2027-03-07,2027-03-13,2027-03-14,2027-03-20,2027-03-21,2027-03-27,2027-03-28,2027-04-03,2027-04-04,2027-04-10,2027-04-11,2027-04-17,2027-04-18,2027-04-24,2027-04-25,2027-05-01,2027-05-02,2027-05-08,2027-05-09,2027-05-15,2027-05-16,2027-05-22,2027-05-23,2027-05-29,2027-05-30,2027-05-31,2027-06-05,2027-06-06,2027-06-12,2027-06-13,2027-06-19,2027-06-20,2027-06-26,2027-06-27,2027-07-03,2027-07-04,2027-07-05,2027-07-10,2027-07-11",,2026-07-11,2026-08-19,,hlgtfs.zip,hartford_gtfs_effective_2026-07-11_updated_2026-08-19.zip,0,To Northbound to Hartford; GTFS; gtfs_trip_id=13010; gtfs_service_id=1; source_origin=New Haven Union Station; source_destination=Hartford
CTrail,Hartford Line,Hartford Line,CTrail 6456,To Northbound to Hartford,HFD,Hartford,6,15:13,15:13,2026-07-11,2027-07-11,"2026-07-11,2026-07-12,2026-07-18,2026-07-19,2026-07-25,2026-07-26,2026-08-01,2026-08-02,2026-08-08,2026-08-09,2026-08-15,2026-08-16,2026-08-22,2026-08-23,2026-08-29,2026-08-30,2026-09-05,2026-09-06,2026-09-07,2026-09-12,2026-09-13,2026-09-19,2026-09-20,2026-09-26,2026-09-27,2026-10-03,2026-10-04,2026-10-10,2026-10-11,2026-10-17,2026-10-18,2026-10-24,2026-10-25,2026-10-31,2026-11-01,2026-11-07,2026-11-08,2026-11-14,2026-11-15,2026-11-21,2026-11-22,2026-11-26,2026-11-28,2026-11-29,2026-12-05,2026-12-06,2026-12-12,2026-12-13,2026-12-19,2026-12-20,2026-12-25,2026-12-26,2026-12-27,2027-01-01,2027-01-02,2027-01-03,2027-01-09,2027-01-10,2027-01-16,2027-01-17,2027-01-18,2027-01-23,2027-01-24,2027-01-30,2027-01-31,2027-02-06,2027-02-07,2027-02-13,2027-02-14,2027-02-15,2027-02-20,2027-02-21,2027-02-27,2027-02-28,2027-03-06,2027-03-07,2027-03-13,2027-03-14,2027-03-20,2027-03-21,2027-03-27,2027-03-28,2027-04-03,2027-04-04,2027-04-10,2027-04-11,2027-04-17,2027-04-18,2027-04-24,2027-04-25,2027-05-01,2027-05-02,2027-05-08,2027-05-09,2027-05-15,2027-05-16,2027-05-22,2027-05-23,2027-05-29,2027-05-30,2027-05-31,2027-06-05,2027-06-06,2027-06-12,2027-06-13,2027-06-19,2027-06-20,2027-06-26,2027-06-27,2027-07-03,2027-07-04,2027-07-05,2027-07-10,2027-07-11",,2026-07-11,2026-08-19,,hlgtfs.zip,hartford_gtfs_effective_2026-07-11_updated_2026-08-19.zip,0,To Northbound to Hartford; GTFS; gtfs_trip_id=13010; gtfs_service_id=1; source_origin=New Haven Union Station; source_destination=Hartford
CTrail,Hartford Line,Hartford Line,CTrail 6457,To Southbound to New Haven Union Station,HFD,Hartford,1,16:10,16:10,2026-07-11,2027-07-11,"2026-07-11,2026-07-12,2026-07-18,2026-07-19,2026-07-25,2026-07-26,2026-08-01,2026-08-02,2026-08-08,2026-08-09,2026-08-15,2026-08-16,2026-08-22,2026-08-23,2026-08-29,2026-08-30,2026-09-05,2026-09-06,2026-09-07,2026-09-12,2026-09-13,2026-09-19,2026-09-20,2026-09-26,2026-09-27,2026-10-03,2026-10-04,2026-10-10,2026-10-11,2026-10-17,2026-10-18,2026-10-24,2026-10-25,2026-10-31,2026-11-01,2026-11-07,2026-11-08,2026-11-14,2026-11-15,2026-11-21,2026-11-22,2026-11-26,2026-11-28,2026-11-29,2026-12-05,2026-12-06,2026-12-12,2026-12-13,2026-12-19,2026-12-20,2026-12-25,2026-12-26,2026-12-27,2027-01-01,2027-01-02,2027-01-03,2027-01-09,2027-01-10,2027-01-16,2027-01-17,2027-01-18,2027-01-23,2027-01-24,2027-01-30,2027-01-31,2027-02-06,2027-02-07,2027-02-13,2027-02-14,2027-02-15,2027-02-20,2027-02-21,2027-02-27,2027-02-28,2027-03-06,2027-03-07,2027-03-13,2027-03-14,2027-03-20,2027-03-21,2027-03-27,2027-03-28,2027-04-03,2027-04-04,2027-04-10,2027-04-11,2027-04-17,2027-04-18,2027-04-24,2027-04-25,2027-05-01,2027-05-02,2027-05-08,2027-05-09,2027-05-15,2027-05-16,2027-05-22,2027-05-23,2027-05-29,2027-05-30,2027-05-31,2027-06-05,2027-06-06,2027-06-12,2027-06-13,2027-06-19,2027-06-20,2027-06-26,2027-06-27,2027-07-03,2027-07-04,2027-07-05,2027-07-10,2027-07-11",,2026-07-11,2026-08-19,,hlgtfs.zip,hartford_gtfs_effective_2026-07-11_updated_2026-08-19.zip,0,To Southbound to New Haven Union Station; GTFS; gtfs_trip_id=28010; gtfs_service_id=1; source_origin=Hartford; source_destination=New Haven Union Station
CTrail,Hartford Line,Hartford Line,CTrail 6457,To Southbound to New Haven Union Station,BER,Berlin,2,16:22,16:22,2026-07-11,2027-07-11,"2026-07-11,2026-07-12,2026-07-18,2026-07-19,2026-07-25,2026-07-26,2026-08-01,2026-08-02,2026-08-08,2026-08-09,2026-08-15,2026-08-16,2026-08-22,2026-08-23,2026-08-29,2026-08-30,2026-09-05,2026-09-06,2026-09-07,2026-09-12,2026-09-13,2026-09-19,2026-09-20,2026-09-26,2026-09-27,2026-10-03,2026-10-04,2026-10-10,2026-10-11,2026-10-17,2026-10-18,2026-10-24,2026-10-25,2026-10-31,2026-11-01,2026-11-07,2026-11-08,2026-11-14,2026-11-15,2026-11-21,2026-11-22,2026-11-26,2026-11-28,2026-11-29,2026-12-05,2026-12-06,2026-12-12,2026-12-13,2026-12-19,2026-12-20,2026-12-25,2026-12-26,2026-12-27,2027-01-01,2027-01-02,2027-01-03,2027-01-09,2027-01-10,2027-01-16,2027-01-17,2027-01-18,2027-01-23,2027-01-24,2027-01-30,2027-01-31,2027-02-06,2027-02-07,2027-02-13,2027-02-14,2027-02-15,2027-02-20,2027-02-21,2027-02-27,2027-02-28,2027-03-06,2027-03-07,2027-03-13,2027-03-14,2027-03-20,2027-03-21,2027-03-27,2027-03-28,2027-04-03,2027-04-04,2027-04-10,2027-04-11,2027-04-17,2027-04-18,2027-04-24,2027-04-25,2027-05-01,2027-05-02,2027-05-08,2027-05-09,2027-05-15,2027-05-16,2027-05-22,2027-05-23,2027-05-29,2027-05-30,2027-05-31,2027-06-05,2027-06-06,2027-06-12,2027-06-13,2027-06-19,2027-06-20,2027-06-26,2027-06-27,2027-07-03,2027-07-04,2027-07-05,2027-07-10,2027-07-11",,2026-07-11,2026-08-19,,hlgtfs.zip,hartford_gtfs_effective_2026-07-11_updated_2026-08-19.zip,0,To Southbound to New Haven Union Station; GTFS; gtfs_trip_id=28010; gtfs_service_id=1; source_origin=Hartford; source_destination=New Haven Union Station
CTrail,Hartford Line,Hartford Line,CTrail 6457,To Southbound to New Haven Union Station,MDN,Meriden,3,16:31,16:31,2026-07-11,2027-07-11,"2026-07-11,2026-07-12,2026-07-18,2026-07-19,2026-07-25,2026-07-26,2026-08-01,2026-08-02,2026-08-08,2026-08-09,2026-08-15,2026-08-16,2026-08-22,2026-08-23,2026-08-29,2026-08-30,2026-09-05,2026-09-06,2026-09-07,2026-09-12,2026-09-13,2026-09-19,2026-09-20,2026-09-26,2026-09-27,2026-10-03,2026-10-04,2026-10-10,2026-10-11,2026-10-17,2026-10-18,2026-10-24,2026-10-25,2026-10-31,2026-11-01,2026-11-07,2026-11-08,2026-11-14,2026-11-15,2026-11-21,2026-11-22,2026-11-26,2026-11-28,2026-11-29,2026-12-05,2026-12-06,2026-12-12,2026-12-13,2026-12-19,2026-12-20,2026-12-25,2026-12-26,2026-12-27,2027-01-01,2027-01-02,2027-01-03,2027-01-09,2027-01-10,2027-01-16,2027-01-17,2027-01-18,2027-01-23,2027-01-24,2027-01-30,2027-01-31,2027-02-06,2027-02-07,2027-02-13,2027-02-14,2027-02-15,2027-02-20,2027-02-21,2027-02-27,2027-02-28,2027-03-06,2027-03-07,2027-03-13,2027-03-14,2027-03-20,2027-03-21,2027-03-27,2027-03-28,2027-04-03,2027-04-04,2027-04-10,2027-04-11,2027-04-17,2027-04-18,2027-04-24,2027-04-25,2027-05-01,2027-05-02,2027-05-08,2027-05-09,2027-05-15,2027-05-16,2027-05-22,2027-05-23,2027-05-29,2027-05-30,2027-05-31,2027-06-05,2027-06-06,2027-06-12,2027-06-13,2027-06-19,2027-06-20,2027-06-26,2027-06-27,2027-07-03,2027-07-04,2027-07-05,2027-07-10,2027-07-11",,2026-07-11,2026-08-19,,hlgtfs.zip,hartford_gtfs_effective_2026-07-11_updated_2026-08-19.zip,0,To Southbound to New Haven Union Station; GTFS; gtfs_trip_id=28010; gtfs_service_id=1; source_origin=Hartford; source_destination=New Haven Union Station
CTrail,Hartford Line,Hartford Line,CTrail 6457,To Southbound to New Haven Union Station,WFD,Wallingford,4,16:40,16:40,2026-07-11,2027-07-11,"2026-07-11,2026-07-12,2026-07-18,2026-07-19,2026-07-25,2026-07-26,2026-08-01,2026-08-02,2026-08-08,2026-08-09,2026-08-15,2026-08-16,2026-08-22,2026-08-23,2026-08-29,2026-08-30,2026-09-05,2026-09-06,2026-09-07,2026-09-12,2026-09-13,2026-09-19,2026-09-20,2026-09-26,2026-09-27,2026-10-03,2026-10-04,2026-10-10,2026-10-11,2026-10-17,2026-10-18,2026-10-24,2026-10-25,2026-10-31,2026-11-01,2026-11-07,2026-11-08,2026-11-14,2026-11-15,2026-11-21,2026-11-22,2026-11-26,2026-11-28,2026-11-29,2026-12-05,2026-12-06,2026-12-12,2026-12-13,2026-12-19,2026-12-20,2026-12-25,2026-12-26,2026-12-27,2027-01-01,2027-01-02,2027-01-03,2027-01-09,2027-01-10,2027-01-16,2027-01-17,2027-01-18,2027-01-23,2027-01-24,2027-01-30,2027-01-31,2027-02-06,2027-02-07,2027-02-13,2027-02-14,2027-02-15,2027-02-20,2027-02-21,2027-02-27,2027-02-28,2027-03-06,2027-03-07,2027-03-13,2027-03-14,2027-03-20,2027-03-21,2027-03-27,2027-03-28,2027-04-03,2027-04-04,2027-04-10,2027-04-11,2027-04-17,2027-04-18,2027-04-24,2027-04-25,2027-05-01,2027-05-02,2027-05-08,2027-05-09,2027-05-15,2027-05-16,2027-05-22,2027-05-23,2027-05-29,2027-05-30,2027-05-31,2027-06-05,2027-06-06,2027-06-12,2027-06-13,2027-06-19,2027-06-20,2027-06-26,2027-06-27,2027-07-03,2027-07-04,2027-07-05,2027-07-10,2027-07-11",,2026-07-11,2026-08-19,,hlgtfs.zip,hartford_gtfs_effective_2026-07-11_updated_2026-08-19.zip,0,To Southbound to New Haven Union Station; GTFS; gtfs_trip_id=28010; gtfs_service_id=1; source_origin=Hartford; source_destination=New Haven Union Station
CTrail,Hartford Line,Hartford Line,CTrail 6457,To Southbound to New Haven Union Station,STS,New Haven State Street,5,16:56,16:56,2026-07-11,2027-07-11,"2026-07-11,2026-07-12,2026-07-18,2026-07-19,2026-07-25,2026-07-26,2026-08-01,2026-08-02,2026-08-08,2026-08-09,2026-08-15,2026-08-16,2026-08-22,2026-08-23,2026-08-29,2026-08-30,2026-09-05,2026-09-06,2026-09-07,2026-09-12,2026-09-13,2026-09-19,2026-09-20,2026-09-26,2026-09-27,2026-10-03,2026-10-04,2026-10-10,2026-10-11,2026-10-17,2026-10-18,2026-10-24,2026-10-25,2026-10-31,2026-11-01,2026-11-07,2026-11-08,2026-11-14,2026-11-15,2026-11-21,2026-11-22,2026-11-26,2026-11-28,2026-11-29,2026-12-05,2026-12-06,2026-12-12,2026-12-13,2026-12-19,2026-12-20,2026-12-25,2026-12-26,2026-12-27,2027-01-01,2027-01-02,2027-01-03,2027-01-09,2027-01-10,2027-01-16,2027-01-17,2027-01-18,2027-01-23,2027-01-24,2027-01-30,2027-01-31,2027-02-06,2027-02-07,2027-02-13,2027-02-14,2027-02-15,2027-02-20,2027-02-21,2027-02-27,2027-02-28,2027-03-06,2027-03-07,2027-03-13,2027-03-14,2027-03-20,2027-03-21,2027-03-27,2027-03-28,2027-04-03,2027-04-04,2027-04-10,2027-04-11,2027-04-17,2027-04-18,2027-04-24,2027-04-25,2027-05-01,2027-05-02,2027-05-08,2027-05-09,2027-05-15,2027-05-16,2027-05-22,2027-05-23,2027-05-29,2027-05-30,2027-05-31,2027-06-05,2027-06-06,2027-06-12,2027-06-13,2027-06-19,2027-06-20,2027-06-26,2027-06-27,2027-07-03,2027-07-04,2027-07-05,2027-07-10,2027-07-11",,2026-07-11,2026-08-19,,hlgtfs.zip,hartford_gtfs_effective_2026-07-11_updated_2026-08-19.zip,0,To Southbound to New Haven Union Station; GTFS; gtfs_trip_id=28010; gtfs_service_id=1; source_origin=Hartford; source_destination=New Haven Union Station
CTrail,Hartford Line,Hartford Line,CTrail 6457,To Southbound to New Haven Union Station,NHV,New Haven Union Station,6,17:02,17:02,2026-07-11,2027-07-11,"2026-07-11,2026-07-12,2026-07-18,2026-07-19,2026-07-25,2026-07-26,2026-08-01,2026-08-02,2026-08-08,2026-08-09,2026-08-15,2026-08-16,2026-08-22,2026-08-23,2026-08-29,2026-08-30,2026-09-05,2026-09-06,2026-09-07,2026-09-12,2026-09-13,2026-09-19,2026-09-20,2026-09-26,2026-09-27,2026-10-03,2026-10-04,2026-10-10,2026-10-11,2026-10-17,2026-10-18,2026-10-24,2026-10-25,2026-10-31,2026-11-01,2026-11-07,2026-11-08,2026-11-14,2026-11-15,2026-11-21,2026-11-22,2026-11-26,2026-11-28,2026-11-29,2026-12-05,2026-12-06,2026-12-12,2026-12-13,2026-12-19,2026-12-20,2026-12-25,2026-12-26,2026-12-27,2027-01-01,2027-01-02,2027-01-03,2027-01-09,2027-01-10,2027-01-16,2027-01-17,2027-01-18,2027-01-23,2027-01-24,2027-01-30,2027-01-31,2027-02-06,2027-02-07,2027-02-13,2027-02-14,2027-02-15,2027-02-20,2027-02-21,2027-02-27,2027-02-28,2027-03-06,2027-03-07,2027-03-13,2027-03-14,2027-03-20,2027-03-21,2027-03-27,2027-03-28,2027-04-03,2027-04-04,2027-04-10,2027-04-11,2027-04-17,2027-04-18,2027-04-24,2027-04-25,2027-05-01,2027-05-02,2027-05-08,2027-05-09,2027-05-15,2027-05-16,2027-05-22,2027-05-23,2027-05-29,2027-05-30,2027-05-31,2027-06-05,2027-06-06,2027-06-12,2027-06-13,2027-06-19,2027-06-20,2027-06-26,2027-06-27,2027-07-03,2027-07-04,2027-07-05,2027-07-10,2027-07-11",,2026-07-11,2026-08-19,,hlgtfs.zip,hartford_gtfs_effective_2026-07-11_updated_2026-08-19.zip,0,To Southbound to New Haven Union Station; GTFS; gtfs_trip_id=28010; gtfs_service_id=1; source_origin=Hartford; source_destination=New Haven Union Station
CTrail,Hartford Line,Hartford Line,CTrail 6458,To Northbound to Hartford,NHV,New Haven Union Station,1,16:00,16:00,2026-07-11,2027-07-11,"2026-07-11,2026-07-12,2026-07-18,2026-07-19,2026-07-25,2026-07-26,2026-08-01,2026-08-02,2026-08-08,2026-08-09,2026-08-15,2026-08-16,2026-08-22,2026-08-23,2026-08-29,2026-08-30,2026-09-05,2026-09-06,2026-09-07,2026-09-12,2026-09-13,2026-09-19,2026-09-20,2026-09-26,2026-09-27,2026-10-03,2026-10-04,2026-10-10,2026-10-11,2026-10-17,2026-10-18,2026-10-24,2026-10-25,2026-10-31,2026-11-01,2026-11-07,2026-11-08,2026-11-14,2026-11-15,2026-11-21,2026-11-22,2026-11-26,2026-11-28,2026-11-29,2026-12-05,2026-12-06,2026-12-12,2026-12-13,2026-12-19,2026-12-20,2026-12-25,2026-12-26,2026-12-27,2027-01-01,2027-01-02,2027-01-03,2027-01-09,2027-01-10,2027-01-16,2027-01-17,2027-01-18,2027-01-23,2027-01-24,2027-01-30,2027-01-31,2027-02-06,2027-02-07,2027-02-13,2027-02-14,2027-02-15,2027-02-20,2027-02-21,2027-02-27,2027-02-28,2027-03-06,2027-03-07,2027-03-13,2027-03-14,2027-03-20,2027-03-21,2027-03-27,2027-03-28,2027-04-03,2027-04-04,2027-04-10,2027-04-11,2027-04-17,2027-04-18,2027-04-24,2027-04-25,2027-05-01,2027-05-02,2027-05-08,2027-05-09,2027-05-15,2027-05-16,2027-05-22,2027-05-23,2027-05-29,2027-05-30,2027-05-31,2027-06-05,2027-06-06,2027-06-12,2027-06-13,2027-06-19,2027-06-20,2027-06-26,2027-06-27,2027-07-03,2027-07-04,2027-07-05,2027-07-10,2027-07-11",,2026-07-11,2026-08-19,,hlgtfs.zip,hartford_gtfs_effective_2026-07-11_updated_2026-08-19.zip,0,To Northbound to Hartford; GTFS; gtfs_trip_id=15010; gtfs_service_id=1; source_origin=New Haven Union Station; source_destination=Hartford
CTrail,Hartford Line,Hartford Line,CTrail 6458,To Northbound to Hartford,STS,New Haven State Street,2,16:03,16:03,2026-07-11,2027-07-11,"2026-07-11,2026-07-12,2026-07-18,2026-07-19,2026-07-25,2026-07-26,2026-08-01,2026-08-02,2026-08-08,2026-08-09,2026-08-15,2026-08-16,2026-08-22,2026-08-23,2026-08-29,2026-08-30,2026-09-05,2026-09-06,2026-09-07,2026-09-12,2026-09-13,2026-09-19,2026-09-20,2026-09-26,2026-09-27,2026-10-03,2026-10-04,2026-10-10,2026-10-11,2026-10-17,2026-10-18,2026-10-24,2026-10-25,2026-10-31,2026-11-01,2026-11-07,2026-11-08,2026-11-14,2026-11-15,2026-11-21,2026-11-22,2026-11-26,2026-11-28,2026-11-29,2026-12-05,2026-12-06,2026-12-12,2026-12-13,2026-12-19,2026-12-20,2026-12-25,2026-12-26,2026-12-27,2027-01-01,2027-01-02,2027-01-03,2027-01-09,2027-01-10,2027-01-16,2027-01-17,2027-01-18,2027-01-23,2027-01-24,2027-01-30,2027-01-31,2027-02-06,2027-02-07,2027-02-13,2027-02-14,2027-02-15,2027-02-20,2027-02-21,2027-02-27,2027-02-28,2027-03-06,2027-03-07,2027-03-13,2027-03-14,2027-03-20,2027-03-21,2027-03-27,2027-03-28,2027-04-03,2027-04-04,2027-04-10,2027-04-11,2027-04-17,2027-04-18,2027-04-24,2027-04-25,2027-05-01,2027-05-02,2027-05-08,2027-05-09,2027-05-15,2027-05-16,2027-05-22,2027-05-23,2027-05-29,2027-05-30,2027-05-31,2027-06-05,2027-06-06,2027-06-12,2027-06-13,2027-06-19,2027-06-20,2027-06-26,2027-06-27,2027-07-03,2027-07-04,2027-07-05,2027-07-10,2027-07-11",,2026-07-11,2026-08-19,,hlgtfs.zip,hartford_gtfs_effective_2026-07-11_updated_2026-08-19.zip,0,To Northbound to Hartford; GTFS; gtfs_trip_id=15010; gtfs_service_id=1; source_origin=New Haven Union Station; source_destination=Hartford
CTrail,Hartford Line,Hartford Line,CTrail 6458,To Northbound to Hartford,WFD,Wallingford,3,16:18,16:18,2026-07-11,2027-07-11,"2026-07-11,2026-07-12,2026-07-18,2026-07-19,2026-07-25,2026-07-26,2026-08-01,2026-08-02,2026-08-08,2026-08-09,2026-08-15,2026-08-16,2026-08-22,2026-08-23,2026-08-29,2026-08-30,2026-09-05,2026-09-06,2026-09-07,2026-09-12,2026-09-13,2026-09-19,2026-09-20,2026-09-26,2026-09-27,2026-10-03,2026-10-04,2026-10-10,2026-10-11,2026-10-17,2026-10-18,2026-10-24,2026-10-25,2026-10-31,2026-11-01,2026-11-07,2026-11-08,2026-11-14,2026-11-15,2026-11-21,2026-11-22,2026-11-26,2026-11-28,2026-11-29,2026-12-05,2026-12-06,2026-12-12,2026-12-13,2026-12-19,2026-12-20,2026-12-25,2026-12-26,2026-12-27,2027-01-01,2027-01-02,2027-01-03,2027-01-09,2027-01-10,2027-01-16,2027-01-17,2027-01-18,2027-01-23,2027-01-24,2027-01-30,2027-01-31,2027-02-06,2027-02-07,2027-02-13,2027-02-14,2027-02-15,2027-02-20,2027-02-21,2027-02-27,2027-02-28,2027-03-06,2027-03-07,2027-03-13,2027-03-14,2027-03-20,2027-03-21,2027-03-27,2027-03-28,2027-04-03,2027-04-04,2027-04-10,2027-04-11,2027-04-17,2027-04-18,2027-04-24,2027-04-25,2027-05-01,2027-05-02,2027-05-08,2027-05-09,2027-05-15,2027-05-16,2027-05-22,2027-05-23,2027-05-29,2027-05-30,2027-05-31,2027-06-05,2027-06-06,2027-06-12,2027-06-13,2027-06-19,2027-06-20,2027-06-26,2027-06-27,2027-07-03,2027-07-04,2027-07-05,2027-07-10,2027-07-11",,2026-07-11,2026-08-19,,hlgtfs.zip,hartford_gtfs_effective_2026-07-11_updated_2026-08-19.zip,0,To Northbound to Hartford; GTFS; gtfs_trip_id=15010; gtfs_service_id=1; source_origin=New Haven Union Station; source_destination=Hartford
CTrail,Hartford Line,Hartford Line,CTrail 6458,To Northbound to Hartford,MDN,Meriden,4,16:27,16:27,2026-07-11,2027-07-11,"2026-07-11,2026-07-12,2026-07-18,2026-07-19,2026-07-25,2026-07-26,2026-08-01,2026-08-02,2026-08-08,2026-08-09,2026-08-15,2026-08-16,2026-08-22,2026-08-23,2026-08-29,2026-08-30,2026-09-05,2026-09-06,2026-09-07,2026-09-12,2026-09-13,2026-09-19,2026-09-20,2026-09-26,2026-09-27,2026-10-03,2026-10-04,2026-10-10,2026-10-11,2026-10-17,2026-10-18,2026-10-24,2026-10-25,2026-10-31,2026-11-01,2026-11-07,2026-11-08,2026-11-14,2026-11-15,2026-11-21,2026-11-22,2026-11-26,2026-11-28,2026-11-29,2026-12-05,2026-12-06,2026-12-12,2026-12-13,2026-12-19,2026-12-20,2026-12-25,2026-12-26,2026-12-27,2027-01-01,2027-01-02,2027-01-03,2027-01-09,2027-01-10,2027-01-16,2027-01-17,2027-01-18,2027-01-23,2027-01-24,2027-01-30,2027-01-31,2027-02-06,2027-02-07,2027-02-13,2027-02-14,2027-02-15,2027-02-20,2027-02-21,2027-02-27,2027-02-28,2027-03-06,2027-03-07,2027-03-13,2027-03-14,2027-03-20,2027-03-21,2027-03-27,2027-03-28,2027-04-03,2027-04-04,2027-04-10,2027-04-11,2027-04-17,2027-04-18,2027-04-24,2027-04-25,2027-05-01,2027-05-02,2027-05-08,2027-05-09,2027-05-15,2027-05-16,2027-05-22,2027-05-23,2027-05-29,2027-05-30,2027-05-31,2027-06-05,2027-06-06,2027-06-12,2027-06-13,2027-06-19,2027-06-20,2027-06-26,2027-06-27,2027-07-03,2027-07-04,2027-07-05,2027-07-10,2027-07-11",,2026-07-11,2026-08-19,,hlgtfs.zip,hartford_gtfs_effective_2026-07-11_updated_2026-08-19.zip,0,To Northbound to Hartford; GTFS; gtfs_trip_id=15010; gtfs_service_id=1; source_origin=New Haven Union Station; source_destination=Hartford
CTrail,Hartford Line,Hartford Line,CTrail 6458,To Northbound to Hartford,BER,Berlin,5,16:36,16:36,2026-07-11,2027-07-11,"2026-07-11,2026-07-12,2026-07-18,2026-07-19,2026-07-25,2026-07-26,2026-08-01,2026-08-02,2026-08-08,2026-08-09,2026-08-15,2026-08-16,2026-08-22,2026-08-23,2026-08-29,2026-08-30,2026-09-05,2026-09-06,2026-09-07,2026-09-12,2026-09-13,2026-09-19,2026-09-20,2026-09-26,2026-09-27,2026-10-03,2026-10-04,2026-10-10,2026-10-11,2026-10-17,2026-10-18,2026-10-24,2026-10-25,2026-10-31,2026-11-01,2026-11-07,2026-11-08,2026-11-14,2026-11-15,2026-11-21,2026-11-22,2026-11-26,2026-11-28,2026-11-29,2026-12-05,2026-12-06,2026-12-12,2026-12-13,2026-12-19,2026-12-20,2026-12-25,2026-12-26,2026-12-27,2027-01-01,2027-01-02,2027-01-03,2027-01-09,2027-01-10,2027-01-16,2027-01-17,2027-01-18,2027-01-23,2027-01-24,2027-01-30,2027-01-31,2027-02-06,2027-02-07,2027-02-13,2027-02-14,2027-02-15,2027-02-20,2027-02-21,2027-02-27,2027-02-28,2027-03-06,2027-03-07,2027-03-13,2027-03-14,2027-03-20,2027-03-21,2027-03-27,2027-03-28,2027-04-03,2027-04-04,2027-04-10,2027-04-11,2027-04-17,2027-04-18,2027-04-24,2027-04-25,2027-05-01,2027-05-02,2027-05-08,2027-05-09,2027-05-15,2027-05-16,2027-05-22,2027-05-23,2027-05-29,2027-05-30,2027-05-31,2027-06-05,2027-06-06,2027-06-12,2027-06-13,2027-06-19,2027-06-20,2027-06-26,2027-06-27,2027-07-03,2027-07-04,2027-07-05,2027-07-10,2027-07-11",,2026-07-11,2026-08-19,,hlgtfs.zip,hartford_gtfs_effective_2026-07-11_updated_2026-08-19.zip,0,To Northbound to Hartford; GTFS; gtfs_trip_id=15010; gtfs_service_id=1; source_origin=New Haven Union Station; source_destination=Hartford
CTrail,Hartford Line,Hartford Line,CTrail 6458,To Northbound to Hartford,HFD,Hartford,6,16:52,16:52,2026-07-11,2027-07-11,"2026-07-11,2026-07-12,2026-07-18,2026-07-19,2026-07-25,2026-07-26,2026-08-01,2026-08-02,2026-08-08,2026-08-09,2026-08-15,2026-08-16,2026-08-22,2026-08-23,2026-08-29,2026-08-30,2026-09-05,2026-09-06,2026-09-07,2026-09-12,2026-09-13,2026-09-19,2026-09-20,2026-09-26,2026-09-27,2026-10-03,2026-10-04,2026-10-10,2026-10-11,2026-10-17,2026-10-18,2026-10-24,2026-10-25,2026-10-31,2026-11-01,2026-11-07,2026-11-08,2026-11-14,2026-11-15,2026-11-21,2026-11-22,2026-11-26,2026-11-28,2026-11-29,2026-12-05,2026-12-06,2026-12-12,2026-12-13,2026-12-19,2026-12-20,2026-12-25,2026-12-26,2026-12-27,2027-01-01,2027-01-02,2027-01-03,2027-01-09,2027-01-10,2027-01-16,2027-01-17,2027-01-18,2027-01-23,2027-01-24,2027-01-30,2027-01-31,2027-02-06,2027-02-07,2027-02-13,2027-02-14,2027-02-15,2027-02-20,2027-02-21,2027-02-27,2027-02-28,2027-03-06,2027-03-07,2027-03-13,2027-03-14,2027-03-20,2027-03-21,2027-03-27,2027-03-28,2027-04-03,2027-04-04,2027-04-10,2027-04-11,2027-04-17,2027-04-18,2027-04-24,2027-04-25,2027-05-01,2027-05-02,2027-05-08,2027-05-09,2027-05-15,2027-05-16,2027-05-22,2027-05-23,2027-05-29,2027-05-30,2027-05-31,2027-06-05,2027-06-06,2027-06-12,2027-06-13,2027-06-19,2027-06-20,2027-06-26,2027-06-27,2027-07-03,2027-07-04,2027-07-05,2027-07-10,2027-07-11",,2026-07-11,2026-08-19,,hlgtfs.zip,hartford_gtfs_effective_2026-07-11_updated_2026-08-19.zip,0,To Northbound to Hartford; GTFS; gtfs_trip_id=15010; gtfs_service_id=1; source_origin=New Haven Union Station; source_destination=Hartford
CTrail,Hartford Line,Hartford Line,CTrail 6459,To Southbound to New Haven Union Station,HFD,Hartford,1,17:54,17:54,2026-07-11,2027-07-11,"2026-07-11,2026-07-12,2026-07-18,2026-07-19,2026-07-25,2026-07-26,2026-08-01,2026-08-02,2026-08-08,2026-08-09,2026-08-15,2026-08-16,2026-08-22,2026-08-23,2026-08-29,2026-08-30,2026-09-05,2026-09-06,2026-09-07,2026-09-12,2026-09-13,2026-09-19,2026-09-20,2026-09-26,2026-09-27,2026-10-03,2026-10-04,2026-10-10,2026-10-11,2026-10-17,2026-10-18,2026-10-24,2026-10-25,2026-10-31,2026-11-01,2026-11-07,2026-11-08,2026-11-14,2026-11-15,2026-11-21,2026-11-22,2026-11-26,2026-11-28,2026-11-29,2026-12-05,2026-12-06,2026-12-12,2026-12-13,2026-12-19,2026-12-20,2026-12-25,2026-12-26,2026-12-27,2027-01-01,2027-01-02,2027-01-03,2027-01-09,2027-01-10,2027-01-16,2027-01-17,2027-01-18,2027-01-23,2027-01-24,2027-01-30,2027-01-31,2027-02-06,2027-02-07,2027-02-13,2027-02-14,2027-02-15,2027-02-20,2027-02-21,2027-02-27,2027-02-28,2027-03-06,2027-03-07,2027-03-13,2027-03-14,2027-03-20,2027-03-21,2027-03-27,2027-03-28,2027-04-03,2027-04-04,2027-04-10,2027-04-11,2027-04-17,2027-04-18,2027-04-24,2027-04-25,2027-05-01,2027-05-02,2027-05-08,2027-05-09,2027-05-15,2027-05-16,2027-05-22,2027-05-23,2027-05-29,2027-05-30,2027-05-31,2027-06-05,2027-06-06,2027-06-12,2027-06-13,2027-06-19,2027-06-20,2027-06-26,2027-06-27,2027-07-03,2027-07-04,2027-07-05,2027-07-10,2027-07-11",,2026-07-11,2026-08-19,,hlgtfs.zip,hartford_gtfs_effective_2026-07-11_updated_2026-08-19.zip,0,To Southbound to New Haven Union Station; GTFS; gtfs_trip_id=23010; gtfs_service_id=1; source_origin=Hartford; source_destination=New Haven Union Station
CTrail,Hartford Line,Hartford Line,CTrail 6459,To Southbound to New Haven Union Station,BER,Berlin,2,18:06,18:06,2026-07-11,2027-07-11,"2026-07-11,2026-07-12,2026-07-18,2026-07-19,2026-07-25,2026-07-26,2026-08-01,2026-08-02,2026-08-08,2026-08-09,2026-08-15,2026-08-16,2026-08-22,2026-08-23,2026-08-29,2026-08-30,2026-09-05,2026-09-06,2026-09-07,2026-09-12,2026-09-13,2026-09-19,2026-09-20,2026-09-26,2026-09-27,2026-10-03,2026-10-04,2026-10-10,2026-10-11,2026-10-17,2026-10-18,2026-10-24,2026-10-25,2026-10-31,2026-11-01,2026-11-07,2026-11-08,2026-11-14,2026-11-15,2026-11-21,2026-11-22,2026-11-26,2026-11-28,2026-11-29,2026-12-05,2026-12-06,2026-12-12,2026-12-13,2026-12-19,2026-12-20,2026-12-25,2026-12-26,2026-12-27,2027-01-01,2027-01-02,2027-01-03,2027-01-09,2027-01-10,2027-01-16,2027-01-17,2027-01-18,2027-01-23,2027-01-24,2027-01-30,2027-01-31,2027-02-06,2027-02-07,2027-02-13,2027-02-14,2027-02-15,2027-02-20,2027-02-21,2027-02-27,2027-02-28,2027-03-06,2027-03-07,2027-03-13,2027-03-14,2027-03-20,2027-03-21,2027-03-27,2027-03-28,2027-04-03,2027-04-04,2027-04-10,2027-04-11,2027-04-17,2027-04-18,2027-04-24,2027-04-25,2027-05-01,2027-05-02,2027-05-08,2027-05-09,2027-05-15,2027-05-16,2027-05-22,2027-05-23,2027-05-29,2027-05-30,2027-05-31,2027-06-05,2027-06-06,2027-06-12,2027-06-13,2027-06-19,2027-06-20,2027-06-26,2027-06-27,2027-07-03,2027-07-04,2027-07-05,2027-07-10,2027-07-11",,2026-07-11,2026-08-19,,hlgtfs.zip,hartford_gtfs_effective_2026-07-11_updated_2026-08-19.zip,0,To Southbound to New Haven Union Station; GTFS; gtfs_trip_id=23010; gtfs_service_id=1; source_origin=Hartford; source_destination=New Haven Union Station
CTrail,Hartford Line,Hartford Line,CTrail 6459,To Southbound to New Haven Union Station,MDN,Meriden,3,18:15,18:15,2026-07-11,2027-07-11,"2026-07-11,2026-07-12,2026-07-18,2026-07-19,2026-07-25,2026-07-26,2026-08-01,2026-08-02,2026-08-08,2026-08-09,2026-08-15,2026-08-16,2026-08-22,2026-08-23,2026-08-29,2026-08-30,2026-09-05,2026-09-06,2026-09-07,2026-09-12,2026-09-13,2026-09-19,2026-09-20,2026-09-26,2026-09-27,2026-10-03,2026-10-04,2026-10-10,2026-10-11,2026-10-17,2026-10-18,2026-10-24,2026-10-25,2026-10-31,2026-11-01,2026-11-07,2026-11-08,2026-11-14,2026-11-15,2026-11-21,2026-11-22,2026-11-26,2026-11-28,2026-11-29,2026-12-05,2026-12-06,2026-12-12,2026-12-13,2026-12-19,2026-12-20,2026-12-25,2026-12-26,2026-12-27,2027-01-01,2027-01-02,2027-01-03,2027-01-09,2027-01-10,2027-01-16,2027-01-17,2027-01-18,2027-01-23,2027-01-24,2027-01-30,2027-01-31,2027-02-06,2027-02-07,2027-02-13,2027-02-14,2027-02-15,2027-02-20,2027-02-21,2027-02-27,2027-02-28,2027-03-06,2027-03-07,2027-03-13,2027-03-14,2027-03-20,2027-03-21,2027-03-27,2027-03-28,2027-04-03,2027-04-04,2027-04-10,2027-04-11,2027-04-17,2027-04-18,2027-04-24,2027-04-25,2027-05-01,2027-05-02,2027-05-08,2027-05-09,2027-05-15,2027-05-16,2027-05-22,2027-05-23,2027-05-29,2027-05-30,2027-05-31,2027-06-05,2027-06-06,2027-06-12,2027-06-13,2027-06-19,2027-06-20,2027-06-26,2027-06-27,2027-07-03,2027-07-04,2027-07-05,2027-07-10,2027-07-11",,2026-07-11,2026-08-19,,hlgtfs.zip,hartford_gtfs_effective_2026-07-11_updated_2026-08-19.zip,0,To Southbound to New Haven Union Station; GTFS; gtfs_trip_id=23010; gtfs_service_id=1; source_origin=Hartford; source_destination=New Haven Union Station
CTrail,Hartford Line,Hartford Line,CTrail 6459,To Southbound to New Haven Union Station,WFD,Wallingford,4,18:24,18:24,2026-07-11,2027-07-11,"2026-07-11,2026-07-12,2026-07-18,2026-07-19,2026-07-25,2026-07-26,2026-08-01,2026-08-02,2026-08-08,2026-08-09,2026-08-15,2026-08-16,2026-08-22,2026-08-23,2026-08-29,2026-08-30,2026-09-05,2026-09-06,2026-09-07,2026-09-12,2026-09-13,2026-09-19,2026-09-20,2026-09-26,2026-09-27,2026-10-03,2026-10-04,2026-10-10,2026-10-11,2026-10-17,2026-10-18,2026-10-24,2026-10-25,2026-10-31,2026-11-01,2026-11-07,2026-11-08,2026-11-14,2026-11-15,2026-11-21,2026-11-22,2026-11-26,2026-11-28,2026-11-29,2026-12-05,2026-12-06,2026-12-12,2026-12-13,2026-12-19,2026-12-20,2026-12-25,2026-12-26,2026-12-27,2027-01-01,2027-01-02,2027-01-03,2027-01-09,2027-01-10,2027-01-16,2027-01-17,2027-01-18,2027-01-23,2027-01-24,2027-01-30,2027-01-31,2027-02-06,2027-02-07,2027-02-13,2027-02-14,2027-02-15,2027-02-20,2027-02-21,2027-02-27,2027-02-28,2027-03-06,2027-03-07,2027-03-13,2027-03-14,2027-03-20,2027-03-21,2027-03-27,2027-03-28,2027-04-03,2027-04-04,2027-04-10,2027-04-11,2027-04-17,2027-04-18,2027-04-24,2027-04-25,2027-05-01,2027-05-02,2027-05-08,2027-05-09,2027-05-15,2027-05-16,2027-05-22,2027-05-23,2027-05-29,2027-05-30,2027-05-31,2027-06-05,2027-06-06,2027-06-12,2027-06-13,2027-06-19,2027-06-20,2027-06-26,2027-06-27,2027-07-03,2027-07-04,2027-07-05,2027-07-10,2027-07-11",,2026-07-11,2026-08-19,,hlgtfs.zip,hartford_gtfs_effective_2026-07-11_updated_2026-08-19.zip,0,To Southbound to New Haven Union Station; GTFS; gtfs_trip_id=23010; gtfs_service_id=1; source_origin=Hartford; source_destination=New Haven Union Station
CTrail,Hartford Line,Hartford Line,CTrail 6459,To Southbound to New Haven Union Station,STS,New Haven State Street,5,18:40,18:40,2026-07-11,2027-07-11,"2026-07-11,2026-07-12,2026-07-18,2026-07-19,2026-07-25,2026-07-26,2026-08-01,2026-08-02,2026-08-08,2026-08-09,2026-08-15,2026-08-16,2026-08-22,2026-08-23,2026-08-29,2026-08-30,2026-09-05,2026-09-06,2026-09-07,2026-09-12,2026-09-13,2026-09-19,2026-09-20,2026-09-26,2026-09-27,2026-10-03,2026-10-04,2026-10-10,2026-10-11,2026-10-17,2026-10-18,2026-10-24,2026-10-25,2026-10-31,2026-11-01,2026-11-07,2026-11-08,2026-11-14,2026-11-15,2026-11-21,2026-11-22,2026-11-26,2026-11-28,2026-11-29,2026-12-05,2026-12-06,2026-12-12,2026-12-13,2026-12-19,2026-12-20,2026-12-25,2026-12-26,2026-12-27,2027-01-01,2027-01-02,2027-01-03,2027-01-09,2027-01-10,2027-01-16,2027-01-17,2027-01-18,2027-01-23,2027-01-24,2027-01-30,2027-01-31,2027-02-06,2027-02-07,2027-02-13,2027-02-14,2027-02-15,2027-02-20,2027-02-21,2027-02-27,2027-02-28,2027-03-06,2027-03-07,2027-03-13,2027-03-14,2027-03-20,2027-03-21,2027-03-27,2027-03-28,2027-04-03,2027-04-04,2027-04-10,2027-04-11,2027-04-17,2027-04-18,2027-04-24,2027-04-25,2027-05-01,2027-05-02,2027-05-08,2027-05-09,2027-05-15,2027-05-16,2027-05-22,2027-05-23,2027-05-29,2027-05-30,2027-05-31,2027-06-05,2027-06-06,2027-06-12,2027-06-13,2027-06-19,2027-06-20,2027-06-26,2027-06-27,2027-07-03,2027-07-04,2027-07-05,2027-07-10,2027-07-11",,2026-07-11,2026-08-19,,hlgtfs.zip,hartford_gtfs_effective_2026-07-11_updated_2026-08-19.zip,0,To Southbound to New Haven Union Station; GTFS; gtfs_trip_id=23010; gtfs_service_id=1; source_origin=Hartford; source_destination=New Haven Union Station
CTrail,Hartford Line,Hartford Line,CTrail 6459,To Southbound to New Haven Union Station,NHV,New Haven Union Station,6,18:46,18:46,2026-07-11,2027-07-11,"2026-07-11,2026-07-12,2026-07-18,2026-07-19,2026-07-25,2026-07-26,2026-08-01,2026-08-02,2026-08-08,2026-08-09,2026-08-15,2026-08-16,2026-08-22,2026-08-23,2026-08-29,2026-08-30,2026-09-05,2026-09-06,2026-09-07,2026-09-12,2026-09-13,2026-09-19,2026-09-20,2026-09-26,2026-09-27,2026-10-03,2026-10-04,2026-10-10,2026-10-11,2026-10-17,2026-10-18,2026-10-24,2026-10-25,2026-10-31,2026-11-01,2026-11-07,2026-11-08,2026-11-14,2026-11-15,2026-11-21,2026-11-22,2026-11-26,2026-11-28,2026-11-29,2026-12-05,2026-12-06,2026-12-12,2026-12-13,2026-12-19,2026-12-20,2026-12-25,2026-12-26,2026-12-27,2027-01-01,2027-01-02,2027-01-03,2027-01-09,2027-01-10,2027-01-16,2027-01-17,2027-01-18,2027-01-23,2027-01-24,2027-01-30,2027-01-31,2027-02-06,2027-02-07,2027-02-13,2027-02-14,2027-02-15,2027-02-20,2027-02-21,2027-02-27,2027-02-28,2027-03-06,2027-03-07,2027-03-13,2027-03-14,2027-03-20,2027-03-21,2027-03-27,2027-03-28,2027-04-03,2027-04-04,2027-04-10,2027-04-11,2027-04-17,2027-04-18,2027-04-24,2027-04-25,2027-05-01,2027-05-02,2027-05-08,2027-05-09,2027-05-15,2027-05-16,2027-05-22,2027-05-23,2027-05-29,2027-05-30,2027-05-31,2027-06-05,2027-06-06,2027-06-12,2027-06-13,2027-06-19,2027-06-20,2027-06-26,2027-06-27,2027-07-03,2027-07-04,2027-07-05,2027-07-10,2027-07-11",,2026-07-11,2026-08-19,,hlgtfs.zip,hartford_gtfs_effective_2026-07-11_updated_2026-08-19.zip,0,To Southbound to New Haven Union Station; GTFS; gtfs_trip_id=23010; gtfs_service_id=1; source_origin=Hartford; source_destination=New Haven Union Station
