agency,service_name,route_name,train_number,direction,station_id,station_name,station_sequence,arrival_time,departure_time,service_start_date,service_end_date,service_dates,service_days,timetable_effective_date,timetable_last_updated_date,timetable_revision_date,source_original_filename,source_pdf,source_page,raw_notes
CTrail,Shore Line East,Shore Line East,1600,To New London,NHV,New Haven,1,04:25,04:25,2026-07-20,2027-07-19,,weekday,2026-07-20,2026-07-25,,GTFS.zip,sle_gtfs_effective_2026-07-19_updated_2026-07-24.zip,0,To New London; GTFS; gtfs_trip_id=271226; gtfs_service_id=306262007200; source_origin=New Haven; source_destination=New London
CTrail,Shore Line East,Shore Line East,1600,To New London,NHV,New Haven,2,04:27,04:27,2026-07-20,2027-07-19,,weekday,2026-07-20,2026-07-25,,GTFS.zip,sle_gtfs_effective_2026-07-19_updated_2026-07-24.zip,0,To New London; GTFS; gtfs_trip_id=271226; gtfs_service_id=306262007200; source_origin=New Haven; source_destination=New London
CTrail,Shore Line East,Shore Line East,1600,To New London,BRA,Branford,3,04:38,04:38,2026-07-20,2027-07-19,,weekday,2026-07-20,2026-07-25,,GTFS.zip,sle_gtfs_effective_2026-07-19_updated_2026-07-24.zip,0,To New London; GTFS; gtfs_trip_id=271226; gtfs_service_id=306262007200; source_origin=New Haven; source_destination=New London
CTrail,Shore Line East,Shore Line East,1600,To New London,GUI,Guilford,4,04:46,04:46,2026-07-20,2027-07-19,,weekday,2026-07-20,2026-07-25,,GTFS.zip,sle_gtfs_effective_2026-07-19_updated_2026-07-24.zip,0,To New London; GTFS; gtfs_trip_id=271226; gtfs_service_id=306262007200; source_origin=New Haven; source_destination=New London
CTrail,Shore Line East,Shore Line East,1600,To New London,MAD,Madison,5,04:51,04:51,2026-07-20,2027-07-19,,weekday,2026-07-20,2026-07-25,,GTFS.zip,sle_gtfs_effective_2026-07-19_updated_2026-07-24.zip,0,To New London; GTFS; gtfs_trip_id=271226; gtfs_service_id=306262007200; source_origin=New Haven; source_destination=New London
CTrail,Shore Line East,Shore Line East,1600,To New London,CLIN,Clinton,6,04:56,04:56,2026-07-20,2027-07-19,,weekday,2026-07-20,2026-07-25,,GTFS.zip,sle_gtfs_effective_2026-07-19_updated_2026-07-24.zip,0,To New London; GTFS; gtfs_trip_id=271226; gtfs_service_id=306262007200; source_origin=New Haven; source_destination=New London
CTrail,Shore Line East,Shore Line East,1600,To New London,WBK,Westbrook,7,05:01,05:01,2026-07-20,2027-07-19,,weekday,2026-07-20,2026-07-25,,GTFS.zip,sle_gtfs_effective_2026-07-19_updated_2026-07-24.zip,0,To New London; GTFS; gtfs_trip_id=271226; gtfs_service_id=306262007200; source_origin=New Haven; source_destination=New London
CTrail,Shore Line East,Shore Line East,1600,To New London,OSB,Old Saybrook,8,05:08,05:08,2026-07-20,2027-07-19,,weekday,2026-07-20,2026-07-25,,GTFS.zip,sle_gtfs_effective_2026-07-19_updated_2026-07-24.zip,0,To New London; GTFS; gtfs_trip_id=271226; gtfs_service_id=306262007200; source_origin=New Haven; source_destination=New London
CTrail,Shore Line East,Shore Line East,1600,To New London,NLC,New London,9,05:30,05:30,2026-07-20,2027-07-19,,weekday,2026-07-20,2026-07-25,,GTFS.zip,sle_gtfs_effective_2026-07-19_updated_2026-07-24.zip,0,To New London; GTFS; gtfs_trip_id=271226; gtfs_service_id=306262007200; source_origin=New Haven; source_destination=New London
CTrail,Shore Line East,Shore Line East,1602,To New London,NHV,New Haven,1,05:12,05:12,2026-07-20,2027-07-19,,weekday,2026-07-20,2026-07-25,,GTFS.zip,sle_gtfs_effective_2026-07-19_updated_2026-07-24.zip,0,To New London; GTFS; gtfs_trip_id=271229; gtfs_service_id=306262007200; source_origin=New Haven; source_destination=New London
CTrail,Shore Line East,Shore Line East,1602,To New London,NHV,New Haven,2,05:14,05:14,2026-07-20,2027-07-19,,weekday,2026-07-20,2026-07-25,,GTFS.zip,sle_gtfs_effective_2026-07-19_updated_2026-07-24.zip,0,To New London; GTFS; gtfs_trip_id=271229; gtfs_service_id=306262007200; source_origin=New Haven; source_destination=New London
CTrail,Shore Line East,Shore Line East,1602,To New London,BRA,Branford,3,05:25,05:25,2026-07-20,2027-07-19,,weekday,2026-07-20,2026-07-25,,GTFS.zip,sle_gtfs_effective_2026-07-19_updated_2026-07-24.zip,0,To New London; GTFS; gtfs_trip_id=271229; gtfs_service_id=306262007200; source_origin=New Haven; source_destination=New London
CTrail,Shore Line East,Shore Line East,1602,To New London,GUI,Guilford,4,05:31,05:31,2026-07-20,2027-07-19,,weekday,2026-07-20,2026-07-25,,GTFS.zip,sle_gtfs_effective_2026-07-19_updated_2026-07-24.zip,0,To New London; GTFS; gtfs_trip_id=271229; gtfs_service_id=306262007200; source_origin=New Haven; source_destination=New London
CTrail,Shore Line East,Shore Line East,1602,To New London,MAD,Madison,5,05:38,05:38,2026-07-20,2027-07-19,,weekday,2026-07-20,2026-07-25,,GTFS.zip,sle_gtfs_effective_2026-07-19_updated_2026-07-24.zip,0,To New London; GTFS; gtfs_trip_id=271229; gtfs_service_id=306262007200; source_origin=New Haven; source_destination=New London
CTrail,Shore Line East,Shore Line East,1602,To New London,CLIN,Clinton,6,05:43,05:43,2026-07-20,2027-07-19,,weekday,2026-07-20,2026-07-25,,GTFS.zip,sle_gtfs_effective_2026-07-19_updated_2026-07-24.zip,0,To New London; GTFS; gtfs_trip_id=271229; gtfs_service_id=306262007200; source_origin=New Haven; source_destination=New London
CTrail,Shore Line East,Shore Line East,1602,To New London,WBK,Westbrook,7,05:48,05:48,2026-07-20,2027-07-19,,weekday,2026-07-20,2026-07-25,,GTFS.zip,sle_gtfs_effective_2026-07-19_updated_2026-07-24.zip,0,To New London; GTFS; gtfs_trip_id=271229; gtfs_service_id=306262007200; source_origin=New Haven; source_destination=New London
CTrail,Shore Line East,Shore Line East,1602,To New London,OSB,Old Saybrook,8,05:55,05:55,2026-07-20,2027-07-19,,weekday,2026-07-20,2026-07-25,,GTFS.zip,sle_gtfs_effective_2026-07-19_updated_2026-07-24.zip,0,To New London; GTFS; gtfs_trip_id=271229; gtfs_service_id=306262007200; source_origin=New Haven; source_destination=New London
CTrail,Shore Line East,Shore Line East,1602,To New London,NLC,New London,9,06:16,06:16,2026-07-20,2027-07-19,,weekday,2026-07-20,2026-07-25,,GTFS.zip,sle_gtfs_effective_2026-07-19_updated_2026-07-24.zip,0,To New London; GTFS; gtfs_trip_id=271229; gtfs_service_id=306262007200; source_origin=New Haven; source_destination=New London
CTrail,Shore Line East,Shore Line East,1604,To New London,NHV,New Haven,1,06:05,06:05,2026-07-20,2027-07-19,,weekday,2026-07-20,2026-07-25,,GTFS.zip,sle_gtfs_effective_2026-07-19_updated_2026-07-24.zip,0,To New London; GTFS; gtfs_trip_id=271232; gtfs_service_id=306262007200; source_origin=New Haven; source_destination=New London
CTrail,Shore Line East,Shore Line East,1604,To New London,NHV,New Haven,2,06:07,06:07,2026-07-20,2027-07-19,,weekday,2026-07-20,2026-07-25,,GTFS.zip,sle_gtfs_effective_2026-07-19_updated_2026-07-24.zip,0,To New London; GTFS; gtfs_trip_id=271232; gtfs_service_id=306262007200; source_origin=New Haven; source_destination=New London
CTrail,Shore Line East,Shore Line East,1604,To New London,BRA,Branford,3,06:18,06:18,2026-07-20,2027-07-19,,weekday,2026-07-20,2026-07-25,,GTFS.zip,sle_gtfs_effective_2026-07-19_updated_2026-07-24.zip,0,To New London; GTFS; gtfs_trip_id=271232; gtfs_service_id=306262007200; source_origin=New Haven; source_destination=New London
CTrail,Shore Line East,Shore Line East,1604,To New London,GUI,Guilford,4,06:26,06:26,2026-07-20,2027-07-19,,weekday,2026-07-20,2026-07-25,,GTFS.zip,sle_gtfs_effective_2026-07-19_updated_2026-07-24.zip,0,To New London; GTFS; gtfs_trip_id=271232; gtfs_service_id=306262007200; source_origin=New Haven; source_destination=New London
CTrail,Shore Line East,Shore Line East,1604,To New London,CLIN,Clinton,5,06:35,06:35,2026-07-20,2027-07-19,,weekday,2026-07-20,2026-07-25,,GTFS.zip,sle_gtfs_effective_2026-07-19_updated_2026-07-24.zip,0,To New London; GTFS; gtfs_trip_id=271232; gtfs_service_id=306262007200; source_origin=New Haven; source_destination=New London
CTrail,Shore Line East,Shore Line East,1604,To New London,WBK,Westbrook,6,06:40,06:40,2026-07-20,2027-07-19,,weekday,2026-07-20,2026-07-25,,GTFS.zip,sle_gtfs_effective_2026-07-19_updated_2026-07-24.zip,0,To New London; GTFS; gtfs_trip_id=271232; gtfs_service_id=306262007200; source_origin=New Haven; source_destination=New London
CTrail,Shore Line East,Shore Line East,1604,To New London,OSB,Old Saybrook,7,06:47,06:47,2026-07-20,2027-07-19,,weekday,2026-07-20,2026-07-25,,GTFS.zip,sle_gtfs_effective_2026-07-19_updated_2026-07-24.zip,0,To New London; GTFS; gtfs_trip_id=271232; gtfs_service_id=306262007200; source_origin=New Haven; source_destination=New London
CTrail,Shore Line East,Shore Line East,1604,To New London,NLC,New London,8,07:08,07:08,2026-07-20,2027-07-19,,weekday,2026-07-20,2026-07-25,,GTFS.zip,sle_gtfs_effective_2026-07-19_updated_2026-07-24.zip,0,To New London; GTFS; gtfs_trip_id=271232; gtfs_service_id=306262007200; source_origin=New Haven; source_destination=New London
CTrail,Shore Line East,Shore Line East,1606,To New London,NHV,New Haven,1,08:05,08:05,2026-07-20,2027-07-19,,weekday,2026-07-20,2026-07-25,,GTFS.zip,sle_gtfs_effective_2026-07-19_updated_2026-07-24.zip,0,To New London; GTFS; gtfs_trip_id=271235; gtfs_service_id=306262007200; source_origin=New Haven; source_destination=New London
CTrail,Shore Line East,Shore Line East,1606,To New London,NHV,New Haven,2,08:07,08:07,2026-07-20,2027-07-19,,weekday,2026-07-20,2026-07-25,,GTFS.zip,sle_gtfs_effective_2026-07-19_updated_2026-07-24.zip,0,To New London; GTFS; gtfs_trip_id=271235; gtfs_service_id=306262007200; source_origin=New Haven; source_destination=New London
CTrail,Shore Line East,Shore Line East,1606,To New London,BRA,Branford,3,08:17,08:17,2026-07-20,2027-07-19,,weekday,2026-07-20,2026-07-25,,GTFS.zip,sle_gtfs_effective_2026-07-19_updated_2026-07-24.zip,0,To New London; GTFS; gtfs_trip_id=271235; gtfs_service_id=306262007200; source_origin=New Haven; source_destination=New London
CTrail,Shore Line East,Shore Line East,1606,To New London,GUI,Guilford,4,08:25,08:25,2026-07-20,2027-07-19,,weekday,2026-07-20,2026-07-25,,GTFS.zip,sle_gtfs_effective_2026-07-19_updated_2026-07-24.zip,0,To New London; GTFS; gtfs_trip_id=271235; gtfs_service_id=306262007200; source_origin=New Haven; source_destination=New London
CTrail,Shore Line East,Shore Line East,1606,To New London,MAD,Madison,5,08:31,08:31,2026-07-20,2027-07-19,,weekday,2026-07-20,2026-07-25,,GTFS.zip,sle_gtfs_effective_2026-07-19_updated_2026-07-24.zip,0,To New London; GTFS; gtfs_trip_id=271235; gtfs_service_id=306262007200; source_origin=New Haven; source_destination=New London
CTrail,Shore Line East,Shore Line East,1606,To New London,CLIN,Clinton,6,08:35,08:35,2026-07-20,2027-07-19,,weekday,2026-07-20,2026-07-25,,GTFS.zip,sle_gtfs_effective_2026-07-19_updated_2026-07-24.zip,0,To New London; GTFS; gtfs_trip_id=271235; gtfs_service_id=306262007200; source_origin=New Haven; source_destination=New London
CTrail,Shore Line East,Shore Line East,1606,To New London,WBK,Westbrook,7,08:40,08:40,2026-07-20,2027-07-19,,weekday,2026-07-20,2026-07-25,,GTFS.zip,sle_gtfs_effective_2026-07-19_updated_2026-07-24.zip,0,To New London; GTFS; gtfs_trip_id=271235; gtfs_service_id=306262007200; source_origin=New Haven; source_destination=New London
CTrail,Shore Line East,Shore Line East,1606,To New London,OSB,Old Saybrook,8,08:46,08:46,2026-07-20,2027-07-19,,weekday,2026-07-20,2026-07-25,,GTFS.zip,sle_gtfs_effective_2026-07-19_updated_2026-07-24.zip,0,To New London; GTFS; gtfs_trip_id=271235; gtfs_service_id=306262007200; source_origin=New Haven; source_destination=New London
CTrail,Shore Line East,Shore Line East,1606,To New London,NLC,New London,9,09:12,09:12,2026-07-20,2027-07-19,,weekday,2026-07-20,2026-07-25,,GTFS.zip,sle_gtfs_effective_2026-07-19_updated_2026-07-24.zip,0,To New London; GTFS; gtfs_trip_id=271235; gtfs_service_id=306262007200; source_origin=New Haven; source_destination=New London
CTrail,Shore Line East,Shore Line East,1610,To New London,NHV,New Haven,1,09:50,09:50,2026-07-20,2027-07-19,,weekday,2026-07-20,2026-07-25,,GTFS.zip,sle_gtfs_effective_2026-07-19_updated_2026-07-24.zip,0,To New London; GTFS; gtfs_trip_id=271238; gtfs_service_id=306262007200; source_origin=New Haven; source_destination=New London
CTrail,Shore Line East,Shore Line East,1610,To New London,NHV,New Haven,2,09:52,09:52,2026-07-20,2027-07-19,,weekday,2026-07-20,2026-07-25,,GTFS.zip,sle_gtfs_effective_2026-07-19_updated_2026-07-24.zip,0,To New London; GTFS; gtfs_trip_id=271238; gtfs_service_id=306262007200; source_origin=New Haven; source_destination=New London
CTrail,Shore Line East,Shore Line East,1610,To New London,BRA,Branford,3,10:02,10:02,2026-07-20,2027-07-19,,weekday,2026-07-20,2026-07-25,,GTFS.zip,sle_gtfs_effective_2026-07-19_updated_2026-07-24.zip,0,To New London; GTFS; gtfs_trip_id=271238; gtfs_service_id=306262007200; source_origin=New Haven; source_destination=New London
CTrail,Shore Line East,Shore Line East,1610,To New London,GUI,Guilford,4,10:10,10:10,2026-07-20,2027-07-19,,weekday,2026-07-20,2026-07-25,,GTFS.zip,sle_gtfs_effective_2026-07-19_updated_2026-07-24.zip,0,To New London; GTFS; gtfs_trip_id=271238; gtfs_service_id=306262007200; source_origin=New Haven; source_destination=New London
CTrail,Shore Line East,Shore Line East,1610,To New London,CLIN,Clinton,5,10:20,10:20,2026-07-20,2027-07-19,,weekday,2026-07-20,2026-07-25,,GTFS.zip,sle_gtfs_effective_2026-07-19_updated_2026-07-24.zip,0,To New London; GTFS; gtfs_trip_id=271238; gtfs_service_id=306262007200; source_origin=New Haven; source_destination=New London
CTrail,Shore Line East,Shore Line East,1610,To New London,WBK,Westbrook,6,10:25,10:25,2026-07-20,2027-07-19,,weekday,2026-07-20,2026-07-25,,GTFS.zip,sle_gtfs_effective_2026-07-19_updated_2026-07-24.zip,0,To New London; GTFS; gtfs_trip_id=271238; gtfs_service_id=306262007200; source_origin=New Haven; source_destination=New London
CTrail,Shore Line East,Shore Line East,1610,To New London,OSB,Old Saybrook,7,10:31,10:31,2026-07-20,2027-07-19,,weekday,2026-07-20,2026-07-25,,GTFS.zip,sle_gtfs_effective_2026-07-19_updated_2026-07-24.zip,0,To New London; GTFS; gtfs_trip_id=271238; gtfs_service_id=306262007200; source_origin=New Haven; source_destination=New London
CTrail,Shore Line East,Shore Line East,1610,To New London,NLC,New London,8,10:55,10:55,2026-07-20,2027-07-19,,weekday,2026-07-20,2026-07-25,,GTFS.zip,sle_gtfs_effective_2026-07-19_updated_2026-07-24.zip,0,To New London; GTFS; gtfs_trip_id=271238; gtfs_service_id=306262007200; source_origin=New Haven; source_destination=New London
CTrail,Shore Line East,Shore Line East,1632,To New London,NHV,New Haven,1,14:15,14:15,2026-07-20,2027-07-19,,weekday,2026-07-20,2026-07-25,,GTFS.zip,sle_gtfs_effective_2026-07-19_updated_2026-07-24.zip,0,To New London; GTFS; gtfs_trip_id=271241; gtfs_service_id=306262007200; source_origin=New Haven; source_destination=New London
CTrail,Shore Line East,Shore Line East,1632,To New London,NHV,New Haven,2,14:17,14:17,2026-07-20,2027-07-19,,weekday,2026-07-20,2026-07-25,,GTFS.zip,sle_gtfs_effective_2026-07-19_updated_2026-07-24.zip,0,To New London; GTFS; gtfs_trip_id=271241; gtfs_service_id=306262007200; source_origin=New Haven; source_destination=New London
CTrail,Shore Line East,Shore Line East,1632,To New London,BRA,Branford,3,14:27,14:27,2026-07-20,2027-07-19,,weekday,2026-07-20,2026-07-25,,GTFS.zip,sle_gtfs_effective_2026-07-19_updated_2026-07-24.zip,0,To New London; GTFS; gtfs_trip_id=271241; gtfs_service_id=306262007200; source_origin=New Haven; source_destination=New London
CTrail,Shore Line East,Shore Line East,1632,To New London,GUI,Guilford,4,14:36,14:36,2026-07-20,2027-07-19,,weekday,2026-07-20,2026-07-25,,GTFS.zip,sle_gtfs_effective_2026-07-19_updated_2026-07-24.zip,0,To New London; GTFS; gtfs_trip_id=271241; gtfs_service_id=306262007200; source_origin=New Haven; source_destination=New London
CTrail,Shore Line East,Shore Line East,1632,To New London,MAD,Madison,5,14:41,14:41,2026-07-20,2027-07-19,,weekday,2026-07-20,2026-07-25,,GTFS.zip,sle_gtfs_effective_2026-07-19_updated_2026-07-24.zip,0,To New London; GTFS; gtfs_trip_id=271241; gtfs_service_id=306262007200; source_origin=New Haven; source_destination=New London
CTrail,Shore Line East,Shore Line East,1632,To New London,CLIN,Clinton,6,14:46,14:46,2026-07-20,2027-07-19,,weekday,2026-07-20,2026-07-25,,GTFS.zip,sle_gtfs_effective_2026-07-19_updated_2026-07-24.zip,0,To New London; GTFS; gtfs_trip_id=271241; gtfs_service_id=306262007200; source_origin=New Haven; source_destination=New London
CTrail,Shore Line East,Shore Line East,1632,To New London,WBK,Westbrook,7,14:51,14:51,2026-07-20,2027-07-19,,weekday,2026-07-20,2026-07-25,,GTFS.zip,sle_gtfs_effective_2026-07-19_updated_2026-07-24.zip,0,To New London; GTFS; gtfs_trip_id=271241; gtfs_service_id=306262007200; source_origin=New Haven; source_destination=New London
CTrail,Shore Line East,Shore Line East,1632,To New London,OSB,Old Saybrook,8,14:58,14:58,2026-07-20,2027-07-19,,weekday,2026-07-20,2026-07-25,,GTFS.zip,sle_gtfs_effective_2026-07-19_updated_2026-07-24.zip,0,To New London; GTFS; gtfs_trip_id=271241; gtfs_service_id=306262007200; source_origin=New Haven; source_destination=New London
CTrail,Shore Line East,Shore Line East,1632,To New London,NLC,New London,9,15:25,15:25,2026-07-20,2027-07-19,,weekday,2026-07-20,2026-07-25,,GTFS.zip,sle_gtfs_effective_2026-07-19_updated_2026-07-24.zip,0,To New London; GTFS; gtfs_trip_id=271241; gtfs_service_id=306262007200; source_origin=New Haven; source_destination=New London
CTrail,Shore Line East,Shore Line East,1633,To New Haven,NLC,New London,1,05:46,05:46,2026-07-20,2027-07-19,,weekday,2026-07-20,2026-07-25,,GTFS.zip,sle_gtfs_effective_2026-07-19_updated_2026-07-24.zip,0,To New Haven; GTFS; gtfs_trip_id=271271; gtfs_service_id=306262007200; source_origin=New London; source_destination=New Haven
CTrail,Shore Line East,Shore Line East,1633,To New Haven,OSB,Old Saybrook,2,06:06,06:06,2026-07-20,2027-07-19,,weekday,2026-07-20,2026-07-25,,GTFS.zip,sle_gtfs_effective_2026-07-19_updated_2026-07-24.zip,0,To New Haven; GTFS; gtfs_trip_id=271271; gtfs_service_id=306262007200; source_origin=New London; source_destination=New Haven
CTrail,Shore Line East,Shore Line East,1633,To New Haven,WBK,Westbrook,3,06:11,06:11,2026-07-20,2027-07-19,,weekday,2026-07-20,2026-07-25,,GTFS.zip,sle_gtfs_effective_2026-07-19_updated_2026-07-24.zip,0,To New Haven; GTFS; gtfs_trip_id=271271; gtfs_service_id=306262007200; source_origin=New London; source_destination=New Haven
CTrail,Shore Line East,Shore Line East,1633,To New Haven,CLIN,Clinton,4,06:16,06:16,2026-07-20,2027-07-19,,weekday,2026-07-20,2026-07-25,,GTFS.zip,sle_gtfs_effective_2026-07-19_updated_2026-07-24.zip,0,To New Haven; GTFS; gtfs_trip_id=271271; gtfs_service_id=306262007200; source_origin=New London; source_destination=New Haven
CTrail,Shore Line East,Shore Line East,1633,To New Haven,MAD,Madison,5,06:21,06:21,2026-07-20,2027-07-19,,weekday,2026-07-20,2026-07-25,,GTFS.zip,sle_gtfs_effective_2026-07-19_updated_2026-07-24.zip,0,To New Haven; GTFS; gtfs_trip_id=271271; gtfs_service_id=306262007200; source_origin=New London; source_destination=New Haven
CTrail,Shore Line East,Shore Line East,1633,To New Haven,GUI,Guilford,6,06:29,06:29,2026-07-20,2027-07-19,,weekday,2026-07-20,2026-07-25,,GTFS.zip,sle_gtfs_effective_2026-07-19_updated_2026-07-24.zip,0,To New Haven; GTFS; gtfs_trip_id=271271; gtfs_service_id=306262007200; source_origin=New London; source_destination=New Haven
CTrail,Shore Line East,Shore Line East,1633,To New Haven,BRA,Branford,7,06:37,06:37,2026-07-20,2027-07-19,,weekday,2026-07-20,2026-07-25,,GTFS.zip,sle_gtfs_effective_2026-07-19_updated_2026-07-24.zip,0,To New Haven; GTFS; gtfs_trip_id=271271; gtfs_service_id=306262007200; source_origin=New London; source_destination=New Haven
CTrail,Shore Line East,Shore Line East,1633,To New Haven,NHV,New Haven,8,06:47,06:47,2026-07-20,2027-07-19,,weekday,2026-07-20,2026-07-25,,GTFS.zip,sle_gtfs_effective_2026-07-19_updated_2026-07-24.zip,0,To New Haven; GTFS; gtfs_trip_id=271271; gtfs_service_id=306262007200; source_origin=New London; source_destination=New Haven
CTrail,Shore Line East,Shore Line East,1633,To New Haven,NHV,New Haven,9,06:51,06:51,2026-07-20,2027-07-19,,weekday,2026-07-20,2026-07-25,,GTFS.zip,sle_gtfs_effective_2026-07-19_updated_2026-07-24.zip,0,To New Haven; GTFS; gtfs_trip_id=271271; gtfs_service_id=306262007200; source_origin=New London; source_destination=New Haven
CTrail,Shore Line East,Shore Line East,1634,To New London,NHV,New Haven,1,16:28,16:28,2026-07-20,2027-07-19,,weekday,2026-07-20,2026-07-25,,GTFS.zip,sle_gtfs_effective_2026-07-19_updated_2026-07-24.zip,0,To New London; GTFS; gtfs_trip_id=271244; gtfs_service_id=306262007200; source_origin=New Haven; source_destination=New London
CTrail,Shore Line East,Shore Line East,1634,To New London,NHV,New Haven,2,16:30,16:30,2026-07-20,2027-07-19,,weekday,2026-07-20,2026-07-25,,GTFS.zip,sle_gtfs_effective_2026-07-19_updated_2026-07-24.zip,0,To New London; GTFS; gtfs_trip_id=271244; gtfs_service_id=306262007200; source_origin=New Haven; source_destination=New London
CTrail,Shore Line East,Shore Line East,1634,To New London,BRA,Branford,3,16:40,16:40,2026-07-20,2027-07-19,,weekday,2026-07-20,2026-07-25,,GTFS.zip,sle_gtfs_effective_2026-07-19_updated_2026-07-24.zip,0,To New London; GTFS; gtfs_trip_id=271244; gtfs_service_id=306262007200; source_origin=New Haven; source_destination=New London
CTrail,Shore Line East,Shore Line East,1634,To New London,GUI,Guilford,4,16:50,16:50,2026-07-20,2027-07-19,,weekday,2026-07-20,2026-07-25,,GTFS.zip,sle_gtfs_effective_2026-07-19_updated_2026-07-24.zip,0,To New London; GTFS; gtfs_trip_id=271244; gtfs_service_id=306262007200; source_origin=New Haven; source_destination=New London
CTrail,Shore Line East,Shore Line East,1634,To New London,MAD,Madison,5,16:59,16:59,2026-07-20,2027-07-19,,weekday,2026-07-20,2026-07-25,,GTFS.zip,sle_gtfs_effective_2026-07-19_updated_2026-07-24.zip,0,To New London; GTFS; gtfs_trip_id=271244; gtfs_service_id=306262007200; source_origin=New Haven; source_destination=New London
CTrail,Shore Line East,Shore Line East,1634,To New London,CLIN,Clinton,6,17:04,17:04,2026-07-20,2027-07-19,,weekday,2026-07-20,2026-07-25,,GTFS.zip,sle_gtfs_effective_2026-07-19_updated_2026-07-24.zip,0,To New London; GTFS; gtfs_trip_id=271244; gtfs_service_id=306262007200; source_origin=New Haven; source_destination=New London
CTrail,Shore Line East,Shore Line East,1634,To New London,WBK,Westbrook,7,17:09,17:09,2026-07-20,2027-07-19,,weekday,2026-07-20,2026-07-25,,GTFS.zip,sle_gtfs_effective_2026-07-19_updated_2026-07-24.zip,0,To New London; GTFS; gtfs_trip_id=271244; gtfs_service_id=306262007200; source_origin=New Haven; source_destination=New London
CTrail,Shore Line East,Shore Line East,1634,To New London,OSB,Old Saybrook,8,17:14,17:14,2026-07-20,2027-07-19,,weekday,2026-07-20,2026-07-25,,GTFS.zip,sle_gtfs_effective_2026-07-19_updated_2026-07-24.zip,0,To New London; GTFS; gtfs_trip_id=271244; gtfs_service_id=306262007200; source_origin=New Haven; source_destination=New London
CTrail,Shore Line East,Shore Line East,1634,To New London,NLC,New London,9,17:40,17:40,2026-07-20,2027-07-19,,weekday,2026-07-20,2026-07-25,,GTFS.zip,sle_gtfs_effective_2026-07-19_updated_2026-07-24.zip,0,To New London; GTFS; gtfs_trip_id=271244; gtfs_service_id=306262007200; source_origin=New Haven; source_destination=New London
CTrail,Shore Line East,Shore Line East,1637,To New Haven,NLC,New London,1,06:30,06:30,2026-07-20,2027-07-19,,weekday,2026-07-20,2026-07-25,,GTFS.zip,sle_gtfs_effective_2026-07-19_updated_2026-07-24.zip,0,To New Haven; GTFS; gtfs_trip_id=271256; gtfs_service_id=306262007200; source_origin=New London; source_destination=New Haven
CTrail,Shore Line East,Shore Line East,1637,To New Haven,OSB,Old Saybrook,2,06:50,06:50,2026-07-20,2027-07-19,,weekday,2026-07-20,2026-07-25,,GTFS.zip,sle_gtfs_effective_2026-07-19_updated_2026-07-24.zip,0,To New Haven; GTFS; gtfs_trip_id=271256; gtfs_service_id=306262007200; source_origin=New London; source_destination=New Haven
CTrail,Shore Line East,Shore Line East,1637,To New Haven,WBK,Westbrook,3,06:55,06:55,2026-07-20,2027-07-19,,weekday,2026-07-20,2026-07-25,,GTFS.zip,sle_gtfs_effective_2026-07-19_updated_2026-07-24.zip,0,To New Haven; GTFS; gtfs_trip_id=271256; gtfs_service_id=306262007200; source_origin=New London; source_destination=New Haven
CTrail,Shore Line East,Shore Line East,1637,To New Haven,CLIN,Clinton,4,07:00,07:00,2026-07-20,2027-07-19,,weekday,2026-07-20,2026-07-25,,GTFS.zip,sle_gtfs_effective_2026-07-19_updated_2026-07-24.zip,0,To New Haven; GTFS; gtfs_trip_id=271256; gtfs_service_id=306262007200; source_origin=New London; source_destination=New Haven
CTrail,Shore Line East,Shore Line East,1637,To New Haven,MAD,Madison,5,07:05,07:05,2026-07-20,2027-07-19,,weekday,2026-07-20,2026-07-25,,GTFS.zip,sle_gtfs_effective_2026-07-19_updated_2026-07-24.zip,0,To New Haven; GTFS; gtfs_trip_id=271256; gtfs_service_id=306262007200; source_origin=New London; source_destination=New Haven
CTrail,Shore Line East,Shore Line East,1637,To New Haven,GUI,Guilford,6,07:11,07:11,2026-07-20,2027-07-19,,weekday,2026-07-20,2026-07-25,,GTFS.zip,sle_gtfs_effective_2026-07-19_updated_2026-07-24.zip,0,To New Haven; GTFS; gtfs_trip_id=271256; gtfs_service_id=306262007200; source_origin=New London; source_destination=New Haven
CTrail,Shore Line East,Shore Line East,1637,To New Haven,BRA,Branford,7,07:18,07:18,2026-07-20,2027-07-19,,weekday,2026-07-20,2026-07-25,,GTFS.zip,sle_gtfs_effective_2026-07-19_updated_2026-07-24.zip,0,To New Haven; GTFS; gtfs_trip_id=271256; gtfs_service_id=306262007200; source_origin=New London; source_destination=New Haven
CTrail,Shore Line East,Shore Line East,1637,To New Haven,NHV,New Haven,8,07:29,07:29,2026-07-20,2027-07-19,,weekday,2026-07-20,2026-07-25,,GTFS.zip,sle_gtfs_effective_2026-07-19_updated_2026-07-24.zip,0,To New Haven; GTFS; gtfs_trip_id=271256; gtfs_service_id=306262007200; source_origin=New London; source_destination=New Haven
CTrail,Shore Line East,Shore Line East,1637,To New Haven,NHV,New Haven,9,07:32,07:32,2026-07-20,2027-07-19,,weekday,2026-07-20,2026-07-25,,GTFS.zip,sle_gtfs_effective_2026-07-19_updated_2026-07-24.zip,0,To New Haven; GTFS; gtfs_trip_id=271256; gtfs_service_id=306262007200; source_origin=New London; source_destination=New Haven
CTrail,Shore Line East,Shore Line East,1638,To New London,NHV,New Haven,1,17:18,17:18,2026-07-20,2027-07-19,,weekday,2026-07-20,2026-07-25,,GTFS.zip,sle_gtfs_effective_2026-07-19_updated_2026-07-24.zip,0,To New London; GTFS; gtfs_trip_id=271247; gtfs_service_id=306262007200; source_origin=New Haven; source_destination=New London
CTrail,Shore Line East,Shore Line East,1638,To New London,NHV,New Haven,2,17:20,17:20,2026-07-20,2027-07-19,,weekday,2026-07-20,2026-07-25,,GTFS.zip,sle_gtfs_effective_2026-07-19_updated_2026-07-24.zip,0,To New London; GTFS; gtfs_trip_id=271247; gtfs_service_id=306262007200; source_origin=New Haven; source_destination=New London
CTrail,Shore Line East,Shore Line East,1638,To New London,BRA,Branford,3,17:30,17:30,2026-07-20,2027-07-19,,weekday,2026-07-20,2026-07-25,,GTFS.zip,sle_gtfs_effective_2026-07-19_updated_2026-07-24.zip,0,To New London; GTFS; gtfs_trip_id=271247; gtfs_service_id=306262007200; source_origin=New Haven; source_destination=New London
CTrail,Shore Line East,Shore Line East,1638,To New London,GUI,Guilford,4,17:38,17:38,2026-07-20,2027-07-19,,weekday,2026-07-20,2026-07-25,,GTFS.zip,sle_gtfs_effective_2026-07-19_updated_2026-07-24.zip,0,To New London; GTFS; gtfs_trip_id=271247; gtfs_service_id=306262007200; source_origin=New Haven; source_destination=New London
CTrail,Shore Line East,Shore Line East,1638,To New London,MAD,Madison,5,17:43,17:43,2026-07-20,2027-07-19,,weekday,2026-07-20,2026-07-25,,GTFS.zip,sle_gtfs_effective_2026-07-19_updated_2026-07-24.zip,0,To New London; GTFS; gtfs_trip_id=271247; gtfs_service_id=306262007200; source_origin=New Haven; source_destination=New London
CTrail,Shore Line East,Shore Line East,1638,To New London,CLIN,Clinton,6,17:48,17:48,2026-07-20,2027-07-19,,weekday,2026-07-20,2026-07-25,,GTFS.zip,sle_gtfs_effective_2026-07-19_updated_2026-07-24.zip,0,To New London; GTFS; gtfs_trip_id=271247; gtfs_service_id=306262007200; source_origin=New Haven; source_destination=New London
CTrail,Shore Line East,Shore Line East,1638,To New London,WBK,Westbrook,7,17:53,17:53,2026-07-20,2027-07-19,,weekday,2026-07-20,2026-07-25,,GTFS.zip,sle_gtfs_effective_2026-07-19_updated_2026-07-24.zip,0,To New London; GTFS; gtfs_trip_id=271247; gtfs_service_id=306262007200; source_origin=New Haven; source_destination=New London
CTrail,Shore Line East,Shore Line East,1638,To New London,OSB,Old Saybrook,8,18:00,18:00,2026-07-20,2027-07-19,,weekday,2026-07-20,2026-07-25,,GTFS.zip,sle_gtfs_effective_2026-07-19_updated_2026-07-24.zip,0,To New London; GTFS; gtfs_trip_id=271247; gtfs_service_id=306262007200; source_origin=New Haven; source_destination=New London
CTrail,Shore Line East,Shore Line East,1638,To New London,NLC,New London,9,18:28,18:28,2026-07-20,2027-07-19,,weekday,2026-07-20,2026-07-25,,GTFS.zip,sle_gtfs_effective_2026-07-19_updated_2026-07-24.zip,0,To New London; GTFS; gtfs_trip_id=271247; gtfs_service_id=306262007200; source_origin=New Haven; source_destination=New London
CTrail,Shore Line East,Shore Line East,1640,To New London,NHV,New Haven,1,19:45,19:45,2026-07-20,2027-07-19,,weekday,2026-07-20,2026-07-25,,GTFS.zip,sle_gtfs_effective_2026-07-19_updated_2026-07-24.zip,0,To New London; GTFS; gtfs_trip_id=271253; gtfs_service_id=306262007200; source_origin=New Haven; source_destination=New London
CTrail,Shore Line East,Shore Line East,1640,To New London,NHV,New Haven,2,19:47,19:47,2026-07-20,2027-07-19,,weekday,2026-07-20,2026-07-25,,GTFS.zip,sle_gtfs_effective_2026-07-19_updated_2026-07-24.zip,0,To New London; GTFS; gtfs_trip_id=271253; gtfs_service_id=306262007200; source_origin=New Haven; source_destination=New London
CTrail,Shore Line East,Shore Line East,1640,To New London,BRA,Branford,3,19:57,19:57,2026-07-20,2027-07-19,,weekday,2026-07-20,2026-07-25,,GTFS.zip,sle_gtfs_effective_2026-07-19_updated_2026-07-24.zip,0,To New London; GTFS; gtfs_trip_id=271253; gtfs_service_id=306262007200; source_origin=New Haven; source_destination=New London
CTrail,Shore Line East,Shore Line East,1640,To New London,GUI,Guilford,4,20:05,20:05,2026-07-20,2027-07-19,,weekday,2026-07-20,2026-07-25,,GTFS.zip,sle_gtfs_effective_2026-07-19_updated_2026-07-24.zip,0,To New London; GTFS; gtfs_trip_id=271253; gtfs_service_id=306262007200; source_origin=New Haven; source_destination=New London
CTrail,Shore Line East,Shore Line East,1640,To New London,MAD,Madison,5,20:10,20:10,2026-07-20,2027-07-19,,weekday,2026-07-20,2026-07-25,,GTFS.zip,sle_gtfs_effective_2026-07-19_updated_2026-07-24.zip,0,To New London; GTFS; gtfs_trip_id=271253; gtfs_service_id=306262007200; source_origin=New Haven; source_destination=New London
CTrail,Shore Line East,Shore Line East,1640,To New London,CLIN,Clinton,6,20:15,20:15,2026-07-20,2027-07-19,,weekday,2026-07-20,2026-07-25,,GTFS.zip,sle_gtfs_effective_2026-07-19_updated_2026-07-24.zip,0,To New London; GTFS; gtfs_trip_id=271253; gtfs_service_id=306262007200; source_origin=New Haven; source_destination=New London
CTrail,Shore Line East,Shore Line East,1640,To New London,WBK,Westbrook,7,20:20,20:20,2026-07-20,2027-07-19,,weekday,2026-07-20,2026-07-25,,GTFS.zip,sle_gtfs_effective_2026-07-19_updated_2026-07-24.zip,0,To New London; GTFS; gtfs_trip_id=271253; gtfs_service_id=306262007200; source_origin=New Haven; source_destination=New London
CTrail,Shore Line East,Shore Line East,1640,To New London,OSB,Old Saybrook,8,20:26,20:26,2026-07-20,2027-07-19,,weekday,2026-07-20,2026-07-25,,GTFS.zip,sle_gtfs_effective_2026-07-19_updated_2026-07-24.zip,0,To New London; GTFS; gtfs_trip_id=271253; gtfs_service_id=306262007200; source_origin=New Haven; source_destination=New London
CTrail,Shore Line East,Shore Line East,1640,To New London,NLC,New London,9,20:50,20:50,2026-07-20,2027-07-19,,weekday,2026-07-20,2026-07-25,,GTFS.zip,sle_gtfs_effective_2026-07-19_updated_2026-07-24.zip,0,To New London; GTFS; gtfs_trip_id=271253; gtfs_service_id=306262007200; source_origin=New Haven; source_destination=New London
CTrail,Shore Line East,Shore Line East,1645,To New Haven,NLC,New London,1,07:25,07:25,2026-07-20,2027-07-19,,weekday,2026-07-20,2026-07-25,,GTFS.zip,sle_gtfs_effective_2026-07-19_updated_2026-07-24.zip,0,To New Haven; GTFS; gtfs_trip_id=271259; gtfs_service_id=306262007200; source_origin=New London; source_destination=New Haven
CTrail,Shore Line East,Shore Line East,1645,To New Haven,OSB,Old Saybrook,2,07:45,07:45,2026-07-20,2027-07-19,,weekday,2026-07-20,2026-07-25,,GTFS.zip,sle_gtfs_effective_2026-07-19_updated_2026-07-24.zip,0,To New Haven; GTFS; gtfs_trip_id=271259; gtfs_service_id=306262007200; source_origin=New London; source_destination=New Haven
CTrail,Shore Line East,Shore Line East,1645,To New Haven,WBK,Westbrook,3,07:50,07:50,2026-07-20,2027-07-19,,weekday,2026-07-20,2026-07-25,,GTFS.zip,sle_gtfs_effective_2026-07-19_updated_2026-07-24.zip,0,To New Haven; GTFS; gtfs_trip_id=271259; gtfs_service_id=306262007200; source_origin=New London; source_destination=New Haven
CTrail,Shore Line East,Shore Line East,1645,To New Haven,CLIN,Clinton,4,07:55,07:55,2026-07-20,2027-07-19,,weekday,2026-07-20,2026-07-25,,GTFS.zip,sle_gtfs_effective_2026-07-19_updated_2026-07-24.zip,0,To New Haven; GTFS; gtfs_trip_id=271259; gtfs_service_id=306262007200; source_origin=New London; source_destination=New Haven
CTrail,Shore Line East,Shore Line East,1645,To New Haven,MAD,Madison,5,08:00,08:00,2026-07-20,2027-07-19,,weekday,2026-07-20,2026-07-25,,GTFS.zip,sle_gtfs_effective_2026-07-19_updated_2026-07-24.zip,0,To New Haven; GTFS; gtfs_trip_id=271259; gtfs_service_id=306262007200; source_origin=New London; source_destination=New Haven
CTrail,Shore Line East,Shore Line East,1645,To New Haven,GUI,Guilford,6,08:06,08:06,2026-07-20,2027-07-19,,weekday,2026-07-20,2026-07-25,,GTFS.zip,sle_gtfs_effective_2026-07-19_updated_2026-07-24.zip,0,To New Haven; GTFS; gtfs_trip_id=271259; gtfs_service_id=306262007200; source_origin=New London; source_destination=New Haven
CTrail,Shore Line East,Shore Line East,1645,To New Haven,BRA,Branford,7,08:15,08:15,2026-07-20,2027-07-19,,weekday,2026-07-20,2026-07-25,,GTFS.zip,sle_gtfs_effective_2026-07-19_updated_2026-07-24.zip,0,To New Haven; GTFS; gtfs_trip_id=271259; gtfs_service_id=306262007200; source_origin=New London; source_destination=New Haven
CTrail,Shore Line East,Shore Line East,1645,To New Haven,NHV,New Haven,8,08:27,08:27,2026-07-20,2027-07-19,,weekday,2026-07-20,2026-07-25,,GTFS.zip,sle_gtfs_effective_2026-07-19_updated_2026-07-24.zip,0,To New Haven; GTFS; gtfs_trip_id=271259; gtfs_service_id=306262007200; source_origin=New London; source_destination=New Haven
CTrail,Shore Line East,Shore Line East,1645,To New Haven,NHV,New Haven,9,08:30,08:30,2026-07-20,2027-07-19,,weekday,2026-07-20,2026-07-25,,GTFS.zip,sle_gtfs_effective_2026-07-19_updated_2026-07-24.zip,0,To New Haven; GTFS; gtfs_trip_id=271259; gtfs_service_id=306262007200; source_origin=New London; source_destination=New Haven
CTrail,Shore Line East,Shore Line East,1652,To New London,NHV,New Haven,1,20:50,20:50,2026-07-20,2027-07-19,,weekday,2026-07-20,2026-07-25,,GTFS.zip,sle_gtfs_effective_2026-07-19_updated_2026-07-24.zip,0,To New London; GTFS; gtfs_trip_id=271250; gtfs_service_id=306262007200; source_origin=New Haven; source_destination=New London
CTrail,Shore Line East,Shore Line East,1652,To New London,NHV,New Haven,2,20:52,20:52,2026-07-20,2027-07-19,,weekday,2026-07-20,2026-07-25,,GTFS.zip,sle_gtfs_effective_2026-07-19_updated_2026-07-24.zip,0,To New London; GTFS; gtfs_trip_id=271250; gtfs_service_id=306262007200; source_origin=New Haven; source_destination=New London
CTrail,Shore Line East,Shore Line East,1652,To New London,BRA,Branford,3,21:02,21:02,2026-07-20,2027-07-19,,weekday,2026-07-20,2026-07-25,,GTFS.zip,sle_gtfs_effective_2026-07-19_updated_2026-07-24.zip,0,To New London; GTFS; gtfs_trip_id=271250; gtfs_service_id=306262007200; source_origin=New Haven; source_destination=New London
CTrail,Shore Line East,Shore Line East,1652,To New London,GUI,Guilford,4,21:10,21:10,2026-07-20,2027-07-19,,weekday,2026-07-20,2026-07-25,,GTFS.zip,sle_gtfs_effective_2026-07-19_updated_2026-07-24.zip,0,To New London; GTFS; gtfs_trip_id=271250; gtfs_service_id=306262007200; source_origin=New Haven; source_destination=New London
CTrail,Shore Line East,Shore Line East,1652,To New London,MAD,Madison,5,21:15,21:15,2026-07-20,2027-07-19,,weekday,2026-07-20,2026-07-25,,GTFS.zip,sle_gtfs_effective_2026-07-19_updated_2026-07-24.zip,0,To New London; GTFS; gtfs_trip_id=271250; gtfs_service_id=306262007200; source_origin=New Haven; source_destination=New London
CTrail,Shore Line East,Shore Line East,1652,To New London,CLIN,Clinton,6,21:20,21:20,2026-07-20,2027-07-19,,weekday,2026-07-20,2026-07-25,,GTFS.zip,sle_gtfs_effective_2026-07-19_updated_2026-07-24.zip,0,To New London; GTFS; gtfs_trip_id=271250; gtfs_service_id=306262007200; source_origin=New Haven; source_destination=New London
CTrail,Shore Line East,Shore Line East,1652,To New London,WBK,Westbrook,7,21:25,21:25,2026-07-20,2027-07-19,,weekday,2026-07-20,2026-07-25,,GTFS.zip,sle_gtfs_effective_2026-07-19_updated_2026-07-24.zip,0,To New London; GTFS; gtfs_trip_id=271250; gtfs_service_id=306262007200; source_origin=New Haven; source_destination=New London
CTrail,Shore Line East,Shore Line East,1652,To New London,OSB,Old Saybrook,8,21:32,21:32,2026-07-20,2027-07-19,,weekday,2026-07-20,2026-07-25,,GTFS.zip,sle_gtfs_effective_2026-07-19_updated_2026-07-24.zip,0,To New London; GTFS; gtfs_trip_id=271250; gtfs_service_id=306262007200; source_origin=New Haven; source_destination=New London
CTrail,Shore Line East,Shore Line East,1652,To New London,NLC,New London,9,21:55,21:55,2026-07-20,2027-07-19,,weekday,2026-07-20,2026-07-25,,GTFS.zip,sle_gtfs_effective_2026-07-19_updated_2026-07-24.zip,0,To New London; GTFS; gtfs_trip_id=271250; gtfs_service_id=306262007200; source_origin=New Haven; source_destination=New London
CTrail,Shore Line East,Shore Line East,1659,To New Haven,NLC,New London,1,09:58,09:58,2026-07-20,2027-07-19,,weekday,2026-07-20,2026-07-25,,GTFS.zip,sle_gtfs_effective_2026-07-19_updated_2026-07-24.zip,0,To New Haven; GTFS; gtfs_trip_id=271262; gtfs_service_id=306262007200; source_origin=New London; source_destination=New Haven
CTrail,Shore Line East,Shore Line East,1659,To New Haven,OSB,Old Saybrook,2,10:19,10:19,2026-07-20,2027-07-19,,weekday,2026-07-20,2026-07-25,,GTFS.zip,sle_gtfs_effective_2026-07-19_updated_2026-07-24.zip,0,To New Haven; GTFS; gtfs_trip_id=271262; gtfs_service_id=306262007200; source_origin=New London; source_destination=New Haven
CTrail,Shore Line East,Shore Line East,1659,To New Haven,WBK,Westbrook,3,10:24,10:24,2026-07-20,2027-07-19,,weekday,2026-07-20,2026-07-25,,GTFS.zip,sle_gtfs_effective_2026-07-19_updated_2026-07-24.zip,0,To New Haven; GTFS; gtfs_trip_id=271262; gtfs_service_id=306262007200; source_origin=New London; source_destination=New Haven
CTrail,Shore Line East,Shore Line East,1659,To New Haven,CLIN,Clinton,4,10:29,10:29,2026-07-20,2027-07-19,,weekday,2026-07-20,2026-07-25,,GTFS.zip,sle_gtfs_effective_2026-07-19_updated_2026-07-24.zip,0,To New Haven; GTFS; gtfs_trip_id=271262; gtfs_service_id=306262007200; source_origin=New London; source_destination=New Haven
CTrail,Shore Line East,Shore Line East,1659,To New Haven,MAD,Madison,5,10:34,10:34,2026-07-20,2027-07-19,,weekday,2026-07-20,2026-07-25,,GTFS.zip,sle_gtfs_effective_2026-07-19_updated_2026-07-24.zip,0,To New Haven; GTFS; gtfs_trip_id=271262; gtfs_service_id=306262007200; source_origin=New London; source_destination=New Haven
CTrail,Shore Line East,Shore Line East,1659,To New Haven,GUI,Guilford,6,10:39,10:39,2026-07-20,2027-07-19,,weekday,2026-07-20,2026-07-25,,GTFS.zip,sle_gtfs_effective_2026-07-19_updated_2026-07-24.zip,0,To New Haven; GTFS; gtfs_trip_id=271262; gtfs_service_id=306262007200; source_origin=New London; source_destination=New Haven
CTrail,Shore Line East,Shore Line East,1659,To New Haven,BRA,Branford,7,10:47,10:47,2026-07-20,2027-07-19,,weekday,2026-07-20,2026-07-25,,GTFS.zip,sle_gtfs_effective_2026-07-19_updated_2026-07-24.zip,0,To New Haven; GTFS; gtfs_trip_id=271262; gtfs_service_id=306262007200; source_origin=New London; source_destination=New Haven
CTrail,Shore Line East,Shore Line East,1659,To New Haven,NHV,New Haven,8,10:57,10:57,2026-07-20,2027-07-19,,weekday,2026-07-20,2026-07-25,,GTFS.zip,sle_gtfs_effective_2026-07-19_updated_2026-07-24.zip,0,To New Haven; GTFS; gtfs_trip_id=271262; gtfs_service_id=306262007200; source_origin=New London; source_destination=New Haven
CTrail,Shore Line East,Shore Line East,1659,To New Haven,NHV,New Haven,9,11:04,11:04,2026-07-20,2027-07-19,,weekday,2026-07-20,2026-07-25,,GTFS.zip,sle_gtfs_effective_2026-07-19_updated_2026-07-24.zip,0,To New Haven; GTFS; gtfs_trip_id=271262; gtfs_service_id=306262007200; source_origin=New London; source_destination=New Haven
CTrail,Shore Line East,Shore Line East,1667,To New Haven,NLC,New London,1,11:12,11:12,2026-07-20,2027-07-19,,weekday,2026-07-20,2026-07-25,,GTFS.zip,sle_gtfs_effective_2026-07-19_updated_2026-07-24.zip,0,To New Haven; GTFS; gtfs_trip_id=271265; gtfs_service_id=306262007200; source_origin=New London; source_destination=New Haven
CTrail,Shore Line East,Shore Line East,1667,To New Haven,OSB,Old Saybrook,2,11:33,11:33,2026-07-20,2027-07-19,,weekday,2026-07-20,2026-07-25,,GTFS.zip,sle_gtfs_effective_2026-07-19_updated_2026-07-24.zip,0,To New Haven; GTFS; gtfs_trip_id=271265; gtfs_service_id=306262007200; source_origin=New London; source_destination=New Haven
CTrail,Shore Line East,Shore Line East,1667,To New Haven,WBK,Westbrook,3,11:39,11:39,2026-07-20,2027-07-19,,weekday,2026-07-20,2026-07-25,,GTFS.zip,sle_gtfs_effective_2026-07-19_updated_2026-07-24.zip,0,To New Haven; GTFS; gtfs_trip_id=271265; gtfs_service_id=306262007200; source_origin=New London; source_destination=New Haven
CTrail,Shore Line East,Shore Line East,1667,To New Haven,CLIN,Clinton,4,11:44,11:44,2026-07-20,2027-07-19,,weekday,2026-07-20,2026-07-25,,GTFS.zip,sle_gtfs_effective_2026-07-19_updated_2026-07-24.zip,0,To New Haven; GTFS; gtfs_trip_id=271265; gtfs_service_id=306262007200; source_origin=New London; source_destination=New Haven
CTrail,Shore Line East,Shore Line East,1667,To New Haven,GUI,Guilford,5,11:57,11:57,2026-07-20,2027-07-19,,weekday,2026-07-20,2026-07-25,,GTFS.zip,sle_gtfs_effective_2026-07-19_updated_2026-07-24.zip,0,To New Haven; GTFS; gtfs_trip_id=271265; gtfs_service_id=306262007200; source_origin=New London; source_destination=New Haven
CTrail,Shore Line East,Shore Line East,1667,To New Haven,BRA,Branford,6,12:04,12:04,2026-07-20,2027-07-19,,weekday,2026-07-20,2026-07-25,,GTFS.zip,sle_gtfs_effective_2026-07-19_updated_2026-07-24.zip,0,To New Haven; GTFS; gtfs_trip_id=271265; gtfs_service_id=306262007200; source_origin=New London; source_destination=New Haven
CTrail,Shore Line East,Shore Line East,1667,To New Haven,NHV,New Haven,7,12:14,12:14,2026-07-20,2027-07-19,,weekday,2026-07-20,2026-07-25,,GTFS.zip,sle_gtfs_effective_2026-07-19_updated_2026-07-24.zip,0,To New Haven; GTFS; gtfs_trip_id=271265; gtfs_service_id=306262007200; source_origin=New London; source_destination=New Haven
CTrail,Shore Line East,Shore Line East,1667,To New Haven,NHV,New Haven,8,12:18,12:18,2026-07-20,2027-07-19,,weekday,2026-07-20,2026-07-25,,GTFS.zip,sle_gtfs_effective_2026-07-19_updated_2026-07-24.zip,0,To New Haven; GTFS; gtfs_trip_id=271265; gtfs_service_id=306262007200; source_origin=New London; source_destination=New Haven
CTrail,Shore Line East,Shore Line East,1681,To New Haven,NLC,New London,1,15:45,15:45,2026-07-20,2027-07-19,,weekday,2026-07-20,2026-07-25,,GTFS.zip,sle_gtfs_effective_2026-07-19_updated_2026-07-24.zip,0,To New Haven; GTFS; gtfs_trip_id=271274; gtfs_service_id=306262007200; source_origin=New London; source_destination=New Haven
CTrail,Shore Line East,Shore Line East,1681,To New Haven,OSB,Old Saybrook,2,16:06,16:06,2026-07-20,2027-07-19,,weekday,2026-07-20,2026-07-25,,GTFS.zip,sle_gtfs_effective_2026-07-19_updated_2026-07-24.zip,0,To New Haven; GTFS; gtfs_trip_id=271274; gtfs_service_id=306262007200; source_origin=New London; source_destination=New Haven
CTrail,Shore Line East,Shore Line East,1681,To New Haven,WBK,Westbrook,3,16:11,16:11,2026-07-20,2027-07-19,,weekday,2026-07-20,2026-07-25,,GTFS.zip,sle_gtfs_effective_2026-07-19_updated_2026-07-24.zip,0,To New Haven; GTFS; gtfs_trip_id=271274; gtfs_service_id=306262007200; source_origin=New London; source_destination=New Haven
CTrail,Shore Line East,Shore Line East,1681,To New Haven,CLIN,Clinton,4,16:16,16:16,2026-07-20,2027-07-19,,weekday,2026-07-20,2026-07-25,,GTFS.zip,sle_gtfs_effective_2026-07-19_updated_2026-07-24.zip,0,To New Haven; GTFS; gtfs_trip_id=271274; gtfs_service_id=306262007200; source_origin=New London; source_destination=New Haven
CTrail,Shore Line East,Shore Line East,1681,To New Haven,GUI,Guilford,5,16:24,16:24,2026-07-20,2027-07-19,,weekday,2026-07-20,2026-07-25,,GTFS.zip,sle_gtfs_effective_2026-07-19_updated_2026-07-24.zip,0,To New Haven; GTFS; gtfs_trip_id=271274; gtfs_service_id=306262007200; source_origin=New London; source_destination=New Haven
CTrail,Shore Line East,Shore Line East,1681,To New Haven,BRA,Branford,6,16:32,16:32,2026-07-20,2027-07-19,,weekday,2026-07-20,2026-07-25,,GTFS.zip,sle_gtfs_effective_2026-07-19_updated_2026-07-24.zip,0,To New Haven; GTFS; gtfs_trip_id=271274; gtfs_service_id=306262007200; source_origin=New London; source_destination=New Haven
CTrail,Shore Line East,Shore Line East,1681,To New Haven,NHV,New Haven,7,16:43,16:43,2026-07-20,2027-07-19,,weekday,2026-07-20,2026-07-25,,GTFS.zip,sle_gtfs_effective_2026-07-19_updated_2026-07-24.zip,0,To New Haven; GTFS; gtfs_trip_id=271274; gtfs_service_id=306262007200; source_origin=New London; source_destination=New Haven
CTrail,Shore Line East,Shore Line East,1681,To New Haven,NHV,New Haven,8,16:48,16:48,2026-07-20,2027-07-19,,weekday,2026-07-20,2026-07-25,,GTFS.zip,sle_gtfs_effective_2026-07-19_updated_2026-07-24.zip,0,To New Haven; GTFS; gtfs_trip_id=271274; gtfs_service_id=306262007200; source_origin=New London; source_destination=New Haven
CTrail,Shore Line East,Shore Line East,1687,To New Haven,NLC,New London,1,18:00,18:00,2026-07-20,2027-07-19,,weekday,2026-07-20,2026-07-25,,GTFS.zip,sle_gtfs_effective_2026-07-19_updated_2026-07-24.zip,0,To New Haven; GTFS; gtfs_trip_id=271268; gtfs_service_id=306262007200; source_origin=New London; source_destination=New Haven
CTrail,Shore Line East,Shore Line East,1687,To New Haven,OSB,Old Saybrook,2,18:21,18:21,2026-07-20,2027-07-19,,weekday,2026-07-20,2026-07-25,,GTFS.zip,sle_gtfs_effective_2026-07-19_updated_2026-07-24.zip,0,To New Haven; GTFS; gtfs_trip_id=271268; gtfs_service_id=306262007200; source_origin=New London; source_destination=New Haven
CTrail,Shore Line East,Shore Line East,1687,To New Haven,WBK,Westbrook,3,18:26,18:26,2026-07-20,2027-07-19,,weekday,2026-07-20,2026-07-25,,GTFS.zip,sle_gtfs_effective_2026-07-19_updated_2026-07-24.zip,0,To New Haven; GTFS; gtfs_trip_id=271268; gtfs_service_id=306262007200; source_origin=New London; source_destination=New Haven
CTrail,Shore Line East,Shore Line East,1687,To New Haven,CLIN,Clinton,4,18:30,18:30,2026-07-20,2027-07-19,,weekday,2026-07-20,2026-07-25,,GTFS.zip,sle_gtfs_effective_2026-07-19_updated_2026-07-24.zip,0,To New Haven; GTFS; gtfs_trip_id=271268; gtfs_service_id=306262007200; source_origin=New London; source_destination=New Haven
CTrail,Shore Line East,Shore Line East,1687,To New Haven,GUI,Guilford,5,18:39,18:39,2026-07-20,2027-07-19,,weekday,2026-07-20,2026-07-25,,GTFS.zip,sle_gtfs_effective_2026-07-19_updated_2026-07-24.zip,0,To New Haven; GTFS; gtfs_trip_id=271268; gtfs_service_id=306262007200; source_origin=New London; source_destination=New Haven
CTrail,Shore Line East,Shore Line East,1687,To New Haven,BRA,Branford,6,18:47,18:47,2026-07-20,2027-07-19,,weekday,2026-07-20,2026-07-25,,GTFS.zip,sle_gtfs_effective_2026-07-19_updated_2026-07-24.zip,0,To New Haven; GTFS; gtfs_trip_id=271268; gtfs_service_id=306262007200; source_origin=New London; source_destination=New Haven
CTrail,Shore Line East,Shore Line East,1687,To New Haven,NHV,New Haven,7,18:59,18:59,2026-07-20,2027-07-19,,weekday,2026-07-20,2026-07-25,,GTFS.zip,sle_gtfs_effective_2026-07-19_updated_2026-07-24.zip,0,To New Haven; GTFS; gtfs_trip_id=271268; gtfs_service_id=306262007200; source_origin=New London; source_destination=New Haven
CTrail,Shore Line East,Shore Line East,1687,To New Haven,NHV,New Haven,8,19:05,19:05,2026-07-20,2027-07-19,,weekday,2026-07-20,2026-07-25,,GTFS.zip,sle_gtfs_effective_2026-07-19_updated_2026-07-24.zip,0,To New Haven; GTFS; gtfs_trip_id=271268; gtfs_service_id=306262007200; source_origin=New London; source_destination=New Haven
CTrail,Shore Line East,Shore Line East,1691,To New Haven,NLC,New London,1,19:08,19:08,2026-07-20,2027-07-19,,weekday,2026-07-20,2026-07-25,,GTFS.zip,sle_gtfs_effective_2026-07-19_updated_2026-07-24.zip,0,To New Haven; GTFS; gtfs_trip_id=271277; gtfs_service_id=306262007200; source_origin=New London; source_destination=New Haven
CTrail,Shore Line East,Shore Line East,1691,To New Haven,OSB,Old Saybrook,2,19:39,19:39,2026-07-20,2027-07-19,,weekday,2026-07-20,2026-07-25,,GTFS.zip,sle_gtfs_effective_2026-07-19_updated_2026-07-24.zip,0,To New Haven; GTFS; gtfs_trip_id=271277; gtfs_service_id=306262007200; source_origin=New London; source_destination=New Haven
CTrail,Shore Line East,Shore Line East,1691,To New Haven,WBK,Westbrook,3,19:44,19:44,2026-07-20,2027-07-19,,weekday,2026-07-20,2026-07-25,,GTFS.zip,sle_gtfs_effective_2026-07-19_updated_2026-07-24.zip,0,To New Haven; GTFS; gtfs_trip_id=271277; gtfs_service_id=306262007200; source_origin=New London; source_destination=New Haven
CTrail,Shore Line East,Shore Line East,1691,To New Haven,CLIN,Clinton,4,19:48,19:48,2026-07-20,2027-07-19,,weekday,2026-07-20,2026-07-25,,GTFS.zip,sle_gtfs_effective_2026-07-19_updated_2026-07-24.zip,0,To New Haven; GTFS; gtfs_trip_id=271277; gtfs_service_id=306262007200; source_origin=New London; source_destination=New Haven
CTrail,Shore Line East,Shore Line East,1691,To New Haven,GUI,Guilford,5,19:58,19:58,2026-07-20,2027-07-19,,weekday,2026-07-20,2026-07-25,,GTFS.zip,sle_gtfs_effective_2026-07-19_updated_2026-07-24.zip,0,To New Haven; GTFS; gtfs_trip_id=271277; gtfs_service_id=306262007200; source_origin=New London; source_destination=New Haven
CTrail,Shore Line East,Shore Line East,1691,To New Haven,BRA,Branford,6,20:07,20:07,2026-07-20,2027-07-19,,weekday,2026-07-20,2026-07-25,,GTFS.zip,sle_gtfs_effective_2026-07-19_updated_2026-07-24.zip,0,To New Haven; GTFS; gtfs_trip_id=271277; gtfs_service_id=306262007200; source_origin=New London; source_destination=New Haven
CTrail,Shore Line East,Shore Line East,1691,To New Haven,NHV,New Haven,7,20:17,20:17,2026-07-20,2027-07-19,,weekday,2026-07-20,2026-07-25,,GTFS.zip,sle_gtfs_effective_2026-07-19_updated_2026-07-24.zip,0,To New Haven; GTFS; gtfs_trip_id=271277; gtfs_service_id=306262007200; source_origin=New London; source_destination=New Haven
CTrail,Shore Line East,Shore Line East,1691,To New Haven,NHV,New Haven,8,20:20,20:20,2026-07-20,2027-07-19,,weekday,2026-07-20,2026-07-25,,GTFS.zip,sle_gtfs_effective_2026-07-19_updated_2026-07-24.zip,0,To New Haven; GTFS; gtfs_trip_id=271277; gtfs_service_id=306262007200; source_origin=New London; source_destination=New Haven
CTrail,Shore Line East,Shore Line East,1695,To New Haven,NLC,New London,1,21:05,21:05,2026-07-20,2027-07-19,,weekday,2026-07-20,2026-07-25,,GTFS.zip,sle_gtfs_effective_2026-07-19_updated_2026-07-24.zip,0,To New Haven; GTFS; gtfs_trip_id=271283; gtfs_service_id=306262007200; source_origin=New London; source_destination=New Haven
CTrail,Shore Line East,Shore Line East,1695,To New Haven,OSB,Old Saybrook,2,21:25,21:25,2026-07-20,2027-07-19,,weekday,2026-07-20,2026-07-25,,GTFS.zip,sle_gtfs_effective_2026-07-19_updated_2026-07-24.zip,0,To New Haven; GTFS; gtfs_trip_id=271283; gtfs_service_id=306262007200; source_origin=New London; source_destination=New Haven
CTrail,Shore Line East,Shore Line East,1695,To New Haven,WBK,Westbrook,3,21:30,21:30,2026-07-20,2027-07-19,,weekday,2026-07-20,2026-07-25,,GTFS.zip,sle_gtfs_effective_2026-07-19_updated_2026-07-24.zip,0,To New Haven; GTFS; gtfs_trip_id=271283; gtfs_service_id=306262007200; source_origin=New London; source_destination=New Haven
CTrail,Shore Line East,Shore Line East,1695,To New Haven,CLIN,Clinton,4,21:35,21:35,2026-07-20,2027-07-19,,weekday,2026-07-20,2026-07-25,,GTFS.zip,sle_gtfs_effective_2026-07-19_updated_2026-07-24.zip,0,To New Haven; GTFS; gtfs_trip_id=271283; gtfs_service_id=306262007200; source_origin=New London; source_destination=New Haven
CTrail,Shore Line East,Shore Line East,1695,To New Haven,GUI,Guilford,5,21:46,21:46,2026-07-20,2027-07-19,,weekday,2026-07-20,2026-07-25,,GTFS.zip,sle_gtfs_effective_2026-07-19_updated_2026-07-24.zip,0,To New Haven; GTFS; gtfs_trip_id=271283; gtfs_service_id=306262007200; source_origin=New London; source_destination=New Haven
CTrail,Shore Line East,Shore Line East,1695,To New Haven,BRA,Branford,6,21:55,21:55,2026-07-20,2027-07-19,,weekday,2026-07-20,2026-07-25,,GTFS.zip,sle_gtfs_effective_2026-07-19_updated_2026-07-24.zip,0,To New Haven; GTFS; gtfs_trip_id=271283; gtfs_service_id=306262007200; source_origin=New London; source_destination=New Haven
CTrail,Shore Line East,Shore Line East,1695,To New Haven,NHV,New Haven,7,22:07,22:07,2026-07-20,2027-07-19,,weekday,2026-07-20,2026-07-25,,GTFS.zip,sle_gtfs_effective_2026-07-19_updated_2026-07-24.zip,0,To New Haven; GTFS; gtfs_trip_id=271283; gtfs_service_id=306262007200; source_origin=New London; source_destination=New Haven
CTrail,Shore Line East,Shore Line East,1695,To New Haven,NHV,New Haven,8,22:11,22:11,2026-07-20,2027-07-19,,weekday,2026-07-20,2026-07-25,,GTFS.zip,sle_gtfs_effective_2026-07-19_updated_2026-07-24.zip,0,To New Haven; GTFS; gtfs_trip_id=271283; gtfs_service_id=306262007200; source_origin=New London; source_destination=New Haven
CTrail,Shore Line East,Shore Line East,1699,To New Haven,NLC,New London,1,22:15,22:15,2026-07-20,2027-07-19,,weekday,2026-07-20,2026-07-25,,GTFS.zip,sle_gtfs_effective_2026-07-19_updated_2026-07-24.zip,0,To New Haven; GTFS; gtfs_trip_id=271280; gtfs_service_id=306262007200; source_origin=New London; source_destination=New Haven
CTrail,Shore Line East,Shore Line East,1699,To New Haven,OSB,Old Saybrook,2,22:36,22:36,2026-07-20,2027-07-19,,weekday,2026-07-20,2026-07-25,,GTFS.zip,sle_gtfs_effective_2026-07-19_updated_2026-07-24.zip,0,To New Haven; GTFS; gtfs_trip_id=271280; gtfs_service_id=306262007200; source_origin=New London; source_destination=New Haven
CTrail,Shore Line East,Shore Line East,1699,To New Haven,WBK,Westbrook,3,22:41,22:41,2026-07-20,2027-07-19,,weekday,2026-07-20,2026-07-25,,GTFS.zip,sle_gtfs_effective_2026-07-19_updated_2026-07-24.zip,0,To New Haven; GTFS; gtfs_trip_id=271280; gtfs_service_id=306262007200; source_origin=New London; source_destination=New Haven
CTrail,Shore Line East,Shore Line East,1699,To New Haven,CLIN,Clinton,4,22:46,22:46,2026-07-20,2027-07-19,,weekday,2026-07-20,2026-07-25,,GTFS.zip,sle_gtfs_effective_2026-07-19_updated_2026-07-24.zip,0,To New Haven; GTFS; gtfs_trip_id=271280; gtfs_service_id=306262007200; source_origin=New London; source_destination=New Haven
CTrail,Shore Line East,Shore Line East,1699,To New Haven,GUI,Guilford,5,22:54,22:54,2026-07-20,2027-07-19,,weekday,2026-07-20,2026-07-25,,GTFS.zip,sle_gtfs_effective_2026-07-19_updated_2026-07-24.zip,0,To New Haven; GTFS; gtfs_trip_id=271280; gtfs_service_id=306262007200; source_origin=New London; source_destination=New Haven
CTrail,Shore Line East,Shore Line East,1699,To New Haven,BRA,Branford,6,23:01,23:01,2026-07-20,2027-07-19,,weekday,2026-07-20,2026-07-25,,GTFS.zip,sle_gtfs_effective_2026-07-19_updated_2026-07-24.zip,0,To New Haven; GTFS; gtfs_trip_id=271280; gtfs_service_id=306262007200; source_origin=New London; source_destination=New Haven
CTrail,Shore Line East,Shore Line East,1699,To New Haven,NHV,New Haven,7,23:13,23:13,2026-07-20,2027-07-19,,weekday,2026-07-20,2026-07-25,,GTFS.zip,sle_gtfs_effective_2026-07-19_updated_2026-07-24.zip,0,To New Haven; GTFS; gtfs_trip_id=271280; gtfs_service_id=306262007200; source_origin=New London; source_destination=New Haven
CTrail,Shore Line East,Shore Line East,1699,To New Haven,NHV,New Haven,8,23:18,23:18,2026-07-20,2027-07-19,,weekday,2026-07-20,2026-07-25,,GTFS.zip,sle_gtfs_effective_2026-07-19_updated_2026-07-24.zip,0,To New Haven; GTFS; gtfs_trip_id=271280; gtfs_service_id=306262007200; source_origin=New London; source_destination=New Haven
CTrail,Shore Line East,Shore Line East,3034,To New London,NHV,New Haven,1,16:05,16:05,2026-07-19,2027-07-18,,weekend,2026-07-19,2026-07-25,,GTFS.zip,sle_gtfs_effective_2026-07-19_updated_2026-07-24.zip,0,To New London; GTFS; gtfs_trip_id=271208; gtfs_service_id=306562007200; source_origin=New Haven; source_destination=New London
CTrail,Shore Line East,Shore Line East,3034,To New London,NHV,New Haven,2,16:07,16:07,2026-07-19,2027-07-18,,weekend,2026-07-19,2026-07-25,,GTFS.zip,sle_gtfs_effective_2026-07-19_updated_2026-07-24.zip,0,To New London; GTFS; gtfs_trip_id=271208; gtfs_service_id=306562007200; source_origin=New Haven; source_destination=New London
CTrail,Shore Line East,Shore Line East,3034,To New London,BRA,Branford,3,16:15,16:15,2026-07-19,2027-07-18,,weekend,2026-07-19,2026-07-25,,GTFS.zip,sle_gtfs_effective_2026-07-19_updated_2026-07-24.zip,0,To New London; GTFS; gtfs_trip_id=271208; gtfs_service_id=306562007200; source_origin=New Haven; source_destination=New London
CTrail,Shore Line East,Shore Line East,3034,To New London,GUI,Guilford,4,16:23,16:23,2026-07-19,2027-07-18,,weekend,2026-07-19,2026-07-25,,GTFS.zip,sle_gtfs_effective_2026-07-19_updated_2026-07-24.zip,0,To New London; GTFS; gtfs_trip_id=271208; gtfs_service_id=306562007200; source_origin=New Haven; source_destination=New London
CTrail,Shore Line East,Shore Line East,3034,To New London,MAD,Madison,5,16:28,16:28,2026-07-19,2027-07-18,,weekend,2026-07-19,2026-07-25,,GTFS.zip,sle_gtfs_effective_2026-07-19_updated_2026-07-24.zip,0,To New London; GTFS; gtfs_trip_id=271208; gtfs_service_id=306562007200; source_origin=New Haven; source_destination=New London
CTrail,Shore Line East,Shore Line East,3034,To New London,CLIN,Clinton,6,16:33,16:33,2026-07-19,2027-07-18,,weekend,2026-07-19,2026-07-25,,GTFS.zip,sle_gtfs_effective_2026-07-19_updated_2026-07-24.zip,0,To New London; GTFS; gtfs_trip_id=271208; gtfs_service_id=306562007200; source_origin=New Haven; source_destination=New London
CTrail,Shore Line East,Shore Line East,3034,To New London,WBK,Westbrook,7,16:38,16:38,2026-07-19,2027-07-18,,weekend,2026-07-19,2026-07-25,,GTFS.zip,sle_gtfs_effective_2026-07-19_updated_2026-07-24.zip,0,To New London; GTFS; gtfs_trip_id=271208; gtfs_service_id=306562007200; source_origin=New Haven; source_destination=New London
CTrail,Shore Line East,Shore Line East,3034,To New London,OSB,Old Saybrook,8,16:45,16:45,2026-07-19,2027-07-18,,weekend,2026-07-19,2026-07-25,,GTFS.zip,sle_gtfs_effective_2026-07-19_updated_2026-07-24.zip,0,To New London; GTFS; gtfs_trip_id=271208; gtfs_service_id=306562007200; source_origin=New Haven; source_destination=New London
CTrail,Shore Line East,Shore Line East,3034,To New London,NLC,New London,9,17:10,17:10,2026-07-19,2027-07-18,,weekend,2026-07-19,2026-07-25,,GTFS.zip,sle_gtfs_effective_2026-07-19_updated_2026-07-24.zip,0,To New London; GTFS; gtfs_trip_id=271208; gtfs_service_id=306562007200; source_origin=New Haven; source_destination=New London
CTrail,Shore Line East,Shore Line East,3604,To New London,NHV,New Haven,1,09:12,09:12,2026-07-19,2027-07-18,,weekend,2026-07-19,2026-07-25,,GTFS.zip,sle_gtfs_effective_2026-07-19_updated_2026-07-24.zip,0,To New London; GTFS; gtfs_trip_id=271196; gtfs_service_id=306562007200; source_origin=New Haven; source_destination=New London
CTrail,Shore Line East,Shore Line East,3604,To New London,NHV,New Haven,2,09:14,09:14,2026-07-19,2027-07-18,,weekend,2026-07-19,2026-07-25,,GTFS.zip,sle_gtfs_effective_2026-07-19_updated_2026-07-24.zip,0,To New London; GTFS; gtfs_trip_id=271196; gtfs_service_id=306562007200; source_origin=New Haven; source_destination=New London
CTrail,Shore Line East,Shore Line East,3604,To New London,BRA,Branford,3,09:25,09:25,2026-07-19,2027-07-18,,weekend,2026-07-19,2026-07-25,,GTFS.zip,sle_gtfs_effective_2026-07-19_updated_2026-07-24.zip,0,To New London; GTFS; gtfs_trip_id=271196; gtfs_service_id=306562007200; source_origin=New Haven; source_destination=New London
CTrail,Shore Line East,Shore Line East,3604,To New London,GUI,Guilford,4,09:33,09:33,2026-07-19,2027-07-18,,weekend,2026-07-19,2026-07-25,,GTFS.zip,sle_gtfs_effective_2026-07-19_updated_2026-07-24.zip,0,To New London; GTFS; gtfs_trip_id=271196; gtfs_service_id=306562007200; source_origin=New Haven; source_destination=New London
CTrail,Shore Line East,Shore Line East,3604,To New London,CLIN,Clinton,5,09:44,09:44,2026-07-19,2027-07-18,,weekend,2026-07-19,2026-07-25,,GTFS.zip,sle_gtfs_effective_2026-07-19_updated_2026-07-24.zip,0,To New London; GTFS; gtfs_trip_id=271196; gtfs_service_id=306562007200; source_origin=New Haven; source_destination=New London
CTrail,Shore Line East,Shore Line East,3604,To New London,WBK,Westbrook,6,09:49,09:49,2026-07-19,2027-07-18,,weekend,2026-07-19,2026-07-25,,GTFS.zip,sle_gtfs_effective_2026-07-19_updated_2026-07-24.zip,0,To New London; GTFS; gtfs_trip_id=271196; gtfs_service_id=306562007200; source_origin=New Haven; source_destination=New London
CTrail,Shore Line East,Shore Line East,3604,To New London,OSB,Old Saybrook,7,09:56,09:56,2026-07-19,2027-07-18,,weekend,2026-07-19,2026-07-25,,GTFS.zip,sle_gtfs_effective_2026-07-19_updated_2026-07-24.zip,0,To New London; GTFS; gtfs_trip_id=271196; gtfs_service_id=306562007200; source_origin=New Haven; source_destination=New London
CTrail,Shore Line East,Shore Line East,3604,To New London,NLC,New London,8,10:20,10:20,2026-07-19,2027-07-18,,weekend,2026-07-19,2026-07-25,,GTFS.zip,sle_gtfs_effective_2026-07-19_updated_2026-07-24.zip,0,To New London; GTFS; gtfs_trip_id=271196; gtfs_service_id=306562007200; source_origin=New Haven; source_destination=New London
CTrail,Shore Line East,Shore Line East,3610,To New London,NHV,New Haven,1,10:45,10:45,2026-07-19,2027-07-18,,weekend,2026-07-19,2026-07-25,,GTFS.zip,sle_gtfs_effective_2026-07-19_updated_2026-07-24.zip,0,To New London; GTFS; gtfs_trip_id=271198; gtfs_service_id=306562007200; source_origin=New Haven; source_destination=New London
CTrail,Shore Line East,Shore Line East,3610,To New London,NHV,New Haven,2,10:47,10:47,2026-07-19,2027-07-18,,weekend,2026-07-19,2026-07-25,,GTFS.zip,sle_gtfs_effective_2026-07-19_updated_2026-07-24.zip,0,To New London; GTFS; gtfs_trip_id=271198; gtfs_service_id=306562007200; source_origin=New Haven; source_destination=New London
CTrail,Shore Line East,Shore Line East,3610,To New London,BRA,Branford,3,10:57,10:57,2026-07-19,2027-07-18,,weekend,2026-07-19,2026-07-25,,GTFS.zip,sle_gtfs_effective_2026-07-19_updated_2026-07-24.zip,0,To New London; GTFS; gtfs_trip_id=271198; gtfs_service_id=306562007200; source_origin=New Haven; source_destination=New London
CTrail,Shore Line East,Shore Line East,3610,To New London,GUI,Guilford,4,11:06,11:06,2026-07-19,2027-07-18,,weekend,2026-07-19,2026-07-25,,GTFS.zip,sle_gtfs_effective_2026-07-19_updated_2026-07-24.zip,0,To New London; GTFS; gtfs_trip_id=271198; gtfs_service_id=306562007200; source_origin=New Haven; source_destination=New London
CTrail,Shore Line East,Shore Line East,3610,To New London,CLIN,Clinton,5,11:14,11:14,2026-07-19,2027-07-18,,weekend,2026-07-19,2026-07-25,,GTFS.zip,sle_gtfs_effective_2026-07-19_updated_2026-07-24.zip,0,To New London; GTFS; gtfs_trip_id=271198; gtfs_service_id=306562007200; source_origin=New Haven; source_destination=New London
CTrail,Shore Line East,Shore Line East,3610,To New London,WBK,Westbrook,6,11:19,11:19,2026-07-19,2027-07-18,,weekend,2026-07-19,2026-07-25,,GTFS.zip,sle_gtfs_effective_2026-07-19_updated_2026-07-24.zip,0,To New London; GTFS; gtfs_trip_id=271198; gtfs_service_id=306562007200; source_origin=New Haven; source_destination=New London
CTrail,Shore Line East,Shore Line East,3610,To New London,OSB,Old Saybrook,7,11:27,11:27,2026-07-19,2027-07-18,,weekend,2026-07-19,2026-07-25,,GTFS.zip,sle_gtfs_effective_2026-07-19_updated_2026-07-24.zip,0,To New London; GTFS; gtfs_trip_id=271198; gtfs_service_id=306562007200; source_origin=New Haven; source_destination=New London
CTrail,Shore Line East,Shore Line East,3610,To New London,NLC,New London,8,11:55,11:55,2026-07-19,2027-07-18,,weekend,2026-07-19,2026-07-25,,GTFS.zip,sle_gtfs_effective_2026-07-19_updated_2026-07-24.zip,0,To New London; GTFS; gtfs_trip_id=271198; gtfs_service_id=306562007200; source_origin=New Haven; source_destination=New London
CTrail,Shore Line East,Shore Line East,3613,To New Haven,NLC,New London,1,06:25,06:25,2026-07-19,2027-07-18,,weekend,2026-07-19,2026-07-25,,GTFS.zip,sle_gtfs_effective_2026-07-19_updated_2026-07-24.zip,0,To New Haven; GTFS; gtfs_trip_id=271202; gtfs_service_id=306562007200; source_origin=New London; source_destination=New Haven
CTrail,Shore Line East,Shore Line East,3613,To New Haven,OSB,Old Saybrook,2,06:46,06:46,2026-07-19,2027-07-18,,weekend,2026-07-19,2026-07-25,,GTFS.zip,sle_gtfs_effective_2026-07-19_updated_2026-07-24.zip,0,To New Haven; GTFS; gtfs_trip_id=271202; gtfs_service_id=306562007200; source_origin=New London; source_destination=New Haven
CTrail,Shore Line East,Shore Line East,3613,To New Haven,WBK,Westbrook,3,06:51,06:51,2026-07-19,2027-07-18,,weekend,2026-07-19,2026-07-25,,GTFS.zip,sle_gtfs_effective_2026-07-19_updated_2026-07-24.zip,0,To New Haven; GTFS; gtfs_trip_id=271202; gtfs_service_id=306562007200; source_origin=New London; source_destination=New Haven
CTrail,Shore Line East,Shore Line East,3613,To New Haven,CLIN,Clinton,4,06:56,06:56,2026-07-19,2027-07-18,,weekend,2026-07-19,2026-07-25,,GTFS.zip,sle_gtfs_effective_2026-07-19_updated_2026-07-24.zip,0,To New Haven; GTFS; gtfs_trip_id=271202; gtfs_service_id=306562007200; source_origin=New London; source_destination=New Haven
CTrail,Shore Line East,Shore Line East,3613,To New Haven,MAD,Madison,5,07:01,07:01,2026-07-19,2027-07-18,,weekend,2026-07-19,2026-07-25,,GTFS.zip,sle_gtfs_effective_2026-07-19_updated_2026-07-24.zip,0,To New Haven; GTFS; gtfs_trip_id=271202; gtfs_service_id=306562007200; source_origin=New London; source_destination=New Haven
CTrail,Shore Line East,Shore Line East,3613,To New Haven,GUI,Guilford,6,07:06,07:06,2026-07-19,2027-07-18,,weekend,2026-07-19,2026-07-25,,GTFS.zip,sle_gtfs_effective_2026-07-19_updated_2026-07-24.zip,0,To New Haven; GTFS; gtfs_trip_id=271202; gtfs_service_id=306562007200; source_origin=New London; source_destination=New Haven
CTrail,Shore Line East,Shore Line East,3613,To New Haven,BRA,Branford,7,07:14,07:14,2026-07-19,2027-07-18,,weekend,2026-07-19,2026-07-25,,GTFS.zip,sle_gtfs_effective_2026-07-19_updated_2026-07-24.zip,0,To New Haven; GTFS; gtfs_trip_id=271202; gtfs_service_id=306562007200; source_origin=New London; source_destination=New Haven
CTrail,Shore Line East,Shore Line East,3613,To New Haven,NHV,New Haven,8,07:28,07:28,2026-07-19,2027-07-18,,weekend,2026-07-19,2026-07-25,,GTFS.zip,sle_gtfs_effective_2026-07-19_updated_2026-07-24.zip,0,To New Haven; GTFS; gtfs_trip_id=271202; gtfs_service_id=306562007200; source_origin=New London; source_destination=New Haven
CTrail,Shore Line East,Shore Line East,3613,To New Haven,NHV,New Haven,9,07:30,07:30,2026-07-19,2027-07-18,,weekend,2026-07-19,2026-07-25,,GTFS.zip,sle_gtfs_effective_2026-07-19_updated_2026-07-24.zip,0,To New Haven; GTFS; gtfs_trip_id=271202; gtfs_service_id=306562007200; source_origin=New London; source_destination=New Haven
CTrail,Shore Line East,Shore Line East,3618,To New London,NHV,New Haven,1,13:00,13:00,2026-07-19,2027-07-18,,weekend,2026-07-19,2026-07-25,,GTFS.zip,sle_gtfs_effective_2026-07-19_updated_2026-07-24.zip,0,To New London; GTFS; gtfs_trip_id=271200; gtfs_service_id=306562007200; source_origin=New Haven; source_destination=New London
CTrail,Shore Line East,Shore Line East,3618,To New London,NHV,New Haven,2,13:02,13:02,2026-07-19,2027-07-18,,weekend,2026-07-19,2026-07-25,,GTFS.zip,sle_gtfs_effective_2026-07-19_updated_2026-07-24.zip,0,To New London; GTFS; gtfs_trip_id=271200; gtfs_service_id=306562007200; source_origin=New Haven; source_destination=New London
CTrail,Shore Line East,Shore Line East,3618,To New London,BRA,Branford,3,13:12,13:12,2026-07-19,2027-07-18,,weekend,2026-07-19,2026-07-25,,GTFS.zip,sle_gtfs_effective_2026-07-19_updated_2026-07-24.zip,0,To New London; GTFS; gtfs_trip_id=271200; gtfs_service_id=306562007200; source_origin=New Haven; source_destination=New London
CTrail,Shore Line East,Shore Line East,3618,To New London,GUI,Guilford,4,13:20,13:20,2026-07-19,2027-07-18,,weekend,2026-07-19,2026-07-25,,GTFS.zip,sle_gtfs_effective_2026-07-19_updated_2026-07-24.zip,0,To New London; GTFS; gtfs_trip_id=271200; gtfs_service_id=306562007200; source_origin=New Haven; source_destination=New London
CTrail,Shore Line East,Shore Line East,3618,To New London,MAD,Madison,5,13:25,13:25,2026-07-19,2027-07-18,,weekend,2026-07-19,2026-07-25,,GTFS.zip,sle_gtfs_effective_2026-07-19_updated_2026-07-24.zip,0,To New London; GTFS; gtfs_trip_id=271200; gtfs_service_id=306562007200; source_origin=New Haven; source_destination=New London
CTrail,Shore Line East,Shore Line East,3618,To New London,CLIN,Clinton,6,13:30,13:30,2026-07-19,2027-07-18,,weekend,2026-07-19,2026-07-25,,GTFS.zip,sle_gtfs_effective_2026-07-19_updated_2026-07-24.zip,0,To New London; GTFS; gtfs_trip_id=271200; gtfs_service_id=306562007200; source_origin=New Haven; source_destination=New London
CTrail,Shore Line East,Shore Line East,3618,To New London,WBK,Westbrook,7,13:35,13:35,2026-07-19,2027-07-18,,weekend,2026-07-19,2026-07-25,,GTFS.zip,sle_gtfs_effective_2026-07-19_updated_2026-07-24.zip,0,To New London; GTFS; gtfs_trip_id=271200; gtfs_service_id=306562007200; source_origin=New Haven; source_destination=New London
CTrail,Shore Line East,Shore Line East,3618,To New London,OSB,Old Saybrook,8,13:42,13:42,2026-07-19,2027-07-18,,weekend,2026-07-19,2026-07-25,,GTFS.zip,sle_gtfs_effective_2026-07-19_updated_2026-07-24.zip,0,To New London; GTFS; gtfs_trip_id=271200; gtfs_service_id=306562007200; source_origin=New Haven; source_destination=New London
CTrail,Shore Line East,Shore Line East,3618,To New London,NLC,New London,9,14:05,14:05,2026-07-19,2027-07-18,,weekend,2026-07-19,2026-07-25,,GTFS.zip,sle_gtfs_effective_2026-07-19_updated_2026-07-24.zip,0,To New London; GTFS; gtfs_trip_id=271200; gtfs_service_id=306562007200; source_origin=New Haven; source_destination=New London
CTrail,Shore Line East,Shore Line East,3621,To New Haven,NLC,New London,1,08:18,08:18,2026-07-19,2027-07-18,,weekend,2026-07-19,2026-07-25,,GTFS.zip,sle_gtfs_effective_2026-07-19_updated_2026-07-24.zip,0,To New Haven; GTFS; gtfs_trip_id=271204; gtfs_service_id=306562007200; source_origin=New London; source_destination=New Haven
CTrail,Shore Line East,Shore Line East,3621,To New Haven,OSB,Old Saybrook,2,08:39,08:39,2026-07-19,2027-07-18,,weekend,2026-07-19,2026-07-25,,GTFS.zip,sle_gtfs_effective_2026-07-19_updated_2026-07-24.zip,0,To New Haven; GTFS; gtfs_trip_id=271204; gtfs_service_id=306562007200; source_origin=New London; source_destination=New Haven
CTrail,Shore Line East,Shore Line East,3621,To New Haven,WBK,Westbrook,3,08:44,08:44,2026-07-19,2027-07-18,,weekend,2026-07-19,2026-07-25,,GTFS.zip,sle_gtfs_effective_2026-07-19_updated_2026-07-24.zip,0,To New Haven; GTFS; gtfs_trip_id=271204; gtfs_service_id=306562007200; source_origin=New London; source_destination=New Haven
CTrail,Shore Line East,Shore Line East,3621,To New Haven,CLIN,Clinton,4,08:49,08:49,2026-07-19,2027-07-18,,weekend,2026-07-19,2026-07-25,,GTFS.zip,sle_gtfs_effective_2026-07-19_updated_2026-07-24.zip,0,To New Haven; GTFS; gtfs_trip_id=271204; gtfs_service_id=306562007200; source_origin=New London; source_destination=New Haven
CTrail,Shore Line East,Shore Line East,3621,To New Haven,MAD,Madison,5,08:54,08:54,2026-07-19,2027-07-18,,weekend,2026-07-19,2026-07-25,,GTFS.zip,sle_gtfs_effective_2026-07-19_updated_2026-07-24.zip,0,To New Haven; GTFS; gtfs_trip_id=271204; gtfs_service_id=306562007200; source_origin=New London; source_destination=New Haven
CTrail,Shore Line East,Shore Line East,3621,To New Haven,GUI,Guilford,6,08:59,08:59,2026-07-19,2027-07-18,,weekend,2026-07-19,2026-07-25,,GTFS.zip,sle_gtfs_effective_2026-07-19_updated_2026-07-24.zip,0,To New Haven; GTFS; gtfs_trip_id=271204; gtfs_service_id=306562007200; source_origin=New London; source_destination=New Haven
CTrail,Shore Line East,Shore Line East,3621,To New Haven,BRA,Branford,7,09:07,09:07,2026-07-19,2027-07-18,,weekend,2026-07-19,2026-07-25,,GTFS.zip,sle_gtfs_effective_2026-07-19_updated_2026-07-24.zip,0,To New Haven; GTFS; gtfs_trip_id=271204; gtfs_service_id=306562007200; source_origin=New London; source_destination=New Haven
CTrail,Shore Line East,Shore Line East,3621,To New Haven,NHV,New Haven,8,09:19,09:19,2026-07-19,2027-07-18,,weekend,2026-07-19,2026-07-25,,GTFS.zip,sle_gtfs_effective_2026-07-19_updated_2026-07-24.zip,0,To New Haven; GTFS; gtfs_trip_id=271204; gtfs_service_id=306562007200; source_origin=New London; source_destination=New Haven
CTrail,Shore Line East,Shore Line East,3621,To New Haven,NHV,New Haven,9,09:23,09:23,2026-07-19,2027-07-18,,weekend,2026-07-19,2026-07-25,,GTFS.zip,sle_gtfs_effective_2026-07-19_updated_2026-07-24.zip,0,To New Haven; GTFS; gtfs_trip_id=271204; gtfs_service_id=306562007200; source_origin=New London; source_destination=New Haven
CTrail,Shore Line East,Shore Line East,3629,To New Haven,NLC,New London,1,10:35,10:35,2026-07-19,2027-07-18,,weekend,2026-07-19,2026-07-25,,GTFS.zip,sle_gtfs_effective_2026-07-19_updated_2026-07-24.zip,0,To New Haven; GTFS; gtfs_trip_id=271212; gtfs_service_id=306562007200; source_origin=New London; source_destination=New Haven
CTrail,Shore Line East,Shore Line East,3629,To New Haven,OSB,Old Saybrook,2,11:00,11:00,2026-07-19,2027-07-18,,weekend,2026-07-19,2026-07-25,,GTFS.zip,sle_gtfs_effective_2026-07-19_updated_2026-07-24.zip,0,To New Haven; GTFS; gtfs_trip_id=271212; gtfs_service_id=306562007200; source_origin=New London; source_destination=New Haven
CTrail,Shore Line East,Shore Line East,3629,To New Haven,WBK,Westbrook,3,11:07,11:07,2026-07-19,2027-07-18,,weekend,2026-07-19,2026-07-25,,GTFS.zip,sle_gtfs_effective_2026-07-19_updated_2026-07-24.zip,0,To New Haven; GTFS; gtfs_trip_id=271212; gtfs_service_id=306562007200; source_origin=New London; source_destination=New Haven
CTrail,Shore Line East,Shore Line East,3629,To New Haven,CLIN,Clinton,4,11:12,11:12,2026-07-19,2027-07-18,,weekend,2026-07-19,2026-07-25,,GTFS.zip,sle_gtfs_effective_2026-07-19_updated_2026-07-24.zip,0,To New Haven; GTFS; gtfs_trip_id=271212; gtfs_service_id=306562007200; source_origin=New London; source_destination=New Haven
CTrail,Shore Line East,Shore Line East,3629,To New Haven,MAD,Madison,5,11:17,11:17,2026-07-19,2027-07-18,,weekend,2026-07-19,2026-07-25,,GTFS.zip,sle_gtfs_effective_2026-07-19_updated_2026-07-24.zip,0,To New Haven; GTFS; gtfs_trip_id=271212; gtfs_service_id=306562007200; source_origin=New London; source_destination=New Haven
CTrail,Shore Line East,Shore Line East,3629,To New Haven,GUI,Guilford,6,11:22,11:22,2026-07-19,2027-07-18,,weekend,2026-07-19,2026-07-25,,GTFS.zip,sle_gtfs_effective_2026-07-19_updated_2026-07-24.zip,0,To New Haven; GTFS; gtfs_trip_id=271212; gtfs_service_id=306562007200; source_origin=New London; source_destination=New Haven
CTrail,Shore Line East,Shore Line East,3629,To New Haven,BRA,Branford,7,11:30,11:30,2026-07-19,2027-07-18,,weekend,2026-07-19,2026-07-25,,GTFS.zip,sle_gtfs_effective_2026-07-19_updated_2026-07-24.zip,0,To New Haven; GTFS; gtfs_trip_id=271212; gtfs_service_id=306562007200; source_origin=New London; source_destination=New Haven
CTrail,Shore Line East,Shore Line East,3629,To New Haven,NHV,New Haven,8,11:42,11:42,2026-07-19,2027-07-18,,weekend,2026-07-19,2026-07-25,,GTFS.zip,sle_gtfs_effective_2026-07-19_updated_2026-07-24.zip,0,To New Haven; GTFS; gtfs_trip_id=271212; gtfs_service_id=306562007200; source_origin=New London; source_destination=New Haven
CTrail,Shore Line East,Shore Line East,3629,To New Haven,NHV,New Haven,9,11:45,11:45,2026-07-19,2027-07-18,,weekend,2026-07-19,2026-07-25,,GTFS.zip,sle_gtfs_effective_2026-07-19_updated_2026-07-24.zip,0,To New Haven; GTFS; gtfs_trip_id=271212; gtfs_service_id=306562007200; source_origin=New London; source_destination=New Haven
CTrail,Shore Line East,Shore Line East,3637,To New Haven,NLC,New London,1,12:16,12:16,2026-07-19,2027-07-18,,weekend,2026-07-19,2026-07-25,,GTFS.zip,sle_gtfs_effective_2026-07-19_updated_2026-07-24.zip,0,To New Haven; GTFS; gtfs_trip_id=271214; gtfs_service_id=306562007200; source_origin=New London; source_destination=New Haven
CTrail,Shore Line East,Shore Line East,3637,To New Haven,OSB,Old Saybrook,2,12:39,12:39,2026-07-19,2027-07-18,,weekend,2026-07-19,2026-07-25,,GTFS.zip,sle_gtfs_effective_2026-07-19_updated_2026-07-24.zip,0,To New Haven; GTFS; gtfs_trip_id=271214; gtfs_service_id=306562007200; source_origin=New London; source_destination=New Haven
CTrail,Shore Line East,Shore Line East,3637,To New Haven,WBK,Westbrook,3,12:46,12:46,2026-07-19,2027-07-18,,weekend,2026-07-19,2026-07-25,,GTFS.zip,sle_gtfs_effective_2026-07-19_updated_2026-07-24.zip,0,To New Haven; GTFS; gtfs_trip_id=271214; gtfs_service_id=306562007200; source_origin=New London; source_destination=New Haven
CTrail,Shore Line East,Shore Line East,3637,To New Haven,CLIN,Clinton,4,12:51,12:51,2026-07-19,2027-07-18,,weekend,2026-07-19,2026-07-25,,GTFS.zip,sle_gtfs_effective_2026-07-19_updated_2026-07-24.zip,0,To New Haven; GTFS; gtfs_trip_id=271214; gtfs_service_id=306562007200; source_origin=New London; source_destination=New Haven
CTrail,Shore Line East,Shore Line East,3637,To New Haven,MAD,Madison,5,12:56,12:56,2026-07-19,2027-07-18,,weekend,2026-07-19,2026-07-25,,GTFS.zip,sle_gtfs_effective_2026-07-19_updated_2026-07-24.zip,0,To New Haven; GTFS; gtfs_trip_id=271214; gtfs_service_id=306562007200; source_origin=New London; source_destination=New Haven
CTrail,Shore Line East,Shore Line East,3637,To New Haven,GUI,Guilford,6,13:01,13:01,2026-07-19,2027-07-18,,weekend,2026-07-19,2026-07-25,,GTFS.zip,sle_gtfs_effective_2026-07-19_updated_2026-07-24.zip,0,To New Haven; GTFS; gtfs_trip_id=271214; gtfs_service_id=306562007200; source_origin=New London; source_destination=New Haven
CTrail,Shore Line East,Shore Line East,3637,To New Haven,BRA,Branford,7,13:10,13:10,2026-07-19,2027-07-18,,weekend,2026-07-19,2026-07-25,,GTFS.zip,sle_gtfs_effective_2026-07-19_updated_2026-07-24.zip,0,To New Haven; GTFS; gtfs_trip_id=271214; gtfs_service_id=306562007200; source_origin=New London; source_destination=New Haven
CTrail,Shore Line East,Shore Line East,3637,To New Haven,NHV,New Haven,8,13:21,13:21,2026-07-19,2027-07-18,,weekend,2026-07-19,2026-07-25,,GTFS.zip,sle_gtfs_effective_2026-07-19_updated_2026-07-24.zip,0,To New Haven; GTFS; gtfs_trip_id=271214; gtfs_service_id=306562007200; source_origin=New London; source_destination=New Haven
CTrail,Shore Line East,Shore Line East,3637,To New Haven,NHV,New Haven,9,13:25,13:25,2026-07-19,2027-07-18,,weekend,2026-07-19,2026-07-25,,GTFS.zip,sle_gtfs_effective_2026-07-19_updated_2026-07-24.zip,0,To New Haven; GTFS; gtfs_trip_id=271214; gtfs_service_id=306562007200; source_origin=New London; source_destination=New Haven
CTrail,Shore Line East,Shore Line East,3644,To New London,NHV,New Haven,1,19:25,19:25,2026-07-19,2027-07-18,,weekend,2026-07-19,2026-07-25,,GTFS.zip,sle_gtfs_effective_2026-07-19_updated_2026-07-24.zip,0,To New London; GTFS; gtfs_trip_id=271210; gtfs_service_id=306562007200; source_origin=New Haven; source_destination=New London
CTrail,Shore Line East,Shore Line East,3644,To New London,NHV,New Haven,2,19:27,19:27,2026-07-19,2027-07-18,,weekend,2026-07-19,2026-07-25,,GTFS.zip,sle_gtfs_effective_2026-07-19_updated_2026-07-24.zip,0,To New London; GTFS; gtfs_trip_id=271210; gtfs_service_id=306562007200; source_origin=New Haven; source_destination=New London
CTrail,Shore Line East,Shore Line East,3644,To New London,BRA,Branford,3,19:37,19:37,2026-07-19,2027-07-18,,weekend,2026-07-19,2026-07-25,,GTFS.zip,sle_gtfs_effective_2026-07-19_updated_2026-07-24.zip,0,To New London; GTFS; gtfs_trip_id=271210; gtfs_service_id=306562007200; source_origin=New Haven; source_destination=New London
CTrail,Shore Line East,Shore Line East,3644,To New London,GUI,Guilford,4,19:45,19:45,2026-07-19,2027-07-18,,weekend,2026-07-19,2026-07-25,,GTFS.zip,sle_gtfs_effective_2026-07-19_updated_2026-07-24.zip,0,To New London; GTFS; gtfs_trip_id=271210; gtfs_service_id=306562007200; source_origin=New Haven; source_destination=New London
CTrail,Shore Line East,Shore Line East,3644,To New London,MAD,Madison,5,19:50,19:50,2026-07-19,2027-07-18,,weekend,2026-07-19,2026-07-25,,GTFS.zip,sle_gtfs_effective_2026-07-19_updated_2026-07-24.zip,0,To New London; GTFS; gtfs_trip_id=271210; gtfs_service_id=306562007200; source_origin=New Haven; source_destination=New London
CTrail,Shore Line East,Shore Line East,3644,To New London,CLIN,Clinton,6,19:55,19:55,2026-07-19,2027-07-18,,weekend,2026-07-19,2026-07-25,,GTFS.zip,sle_gtfs_effective_2026-07-19_updated_2026-07-24.zip,0,To New London; GTFS; gtfs_trip_id=271210; gtfs_service_id=306562007200; source_origin=New Haven; source_destination=New London
CTrail,Shore Line East,Shore Line East,3644,To New London,WBK,Westbrook,7,20:00,20:00,2026-07-19,2027-07-18,,weekend,2026-07-19,2026-07-25,,GTFS.zip,sle_gtfs_effective_2026-07-19_updated_2026-07-24.zip,0,To New London; GTFS; gtfs_trip_id=271210; gtfs_service_id=306562007200; source_origin=New Haven; source_destination=New London
CTrail,Shore Line East,Shore Line East,3644,To New London,OSB,Old Saybrook,8,20:11,20:11,2026-07-19,2027-07-18,,weekend,2026-07-19,2026-07-25,,GTFS.zip,sle_gtfs_effective_2026-07-19_updated_2026-07-24.zip,0,To New London; GTFS; gtfs_trip_id=271210; gtfs_service_id=306562007200; source_origin=New Haven; source_destination=New London
CTrail,Shore Line East,Shore Line East,3644,To New London,NLC,New London,9,20:35,20:35,2026-07-19,2027-07-18,,weekend,2026-07-19,2026-07-25,,GTFS.zip,sle_gtfs_effective_2026-07-19_updated_2026-07-24.zip,0,To New London; GTFS; gtfs_trip_id=271210; gtfs_service_id=306562007200; source_origin=New Haven; source_destination=New London
CTrail,Shore Line East,Shore Line East,3645,To New Haven,NLC,New London,1,14:19,14:19,2026-07-19,2027-07-18,,weekend,2026-07-19,2026-07-25,,GTFS.zip,sle_gtfs_effective_2026-07-19_updated_2026-07-24.zip,0,To New Haven; GTFS; gtfs_trip_id=271216; gtfs_service_id=306562007200; source_origin=New London; source_destination=New Haven
CTrail,Shore Line East,Shore Line East,3645,To New Haven,OSB,Old Saybrook,2,14:41,14:41,2026-07-19,2027-07-18,,weekend,2026-07-19,2026-07-25,,GTFS.zip,sle_gtfs_effective_2026-07-19_updated_2026-07-24.zip,0,To New Haven; GTFS; gtfs_trip_id=271216; gtfs_service_id=306562007200; source_origin=New London; source_destination=New Haven
CTrail,Shore Line East,Shore Line East,3645,To New Haven,WBK,Westbrook,3,14:50,14:50,2026-07-19,2027-07-18,,weekend,2026-07-19,2026-07-25,,GTFS.zip,sle_gtfs_effective_2026-07-19_updated_2026-07-24.zip,0,To New Haven; GTFS; gtfs_trip_id=271216; gtfs_service_id=306562007200; source_origin=New London; source_destination=New Haven
CTrail,Shore Line East,Shore Line East,3645,To New Haven,CLIN,Clinton,4,14:55,14:55,2026-07-19,2027-07-18,,weekend,2026-07-19,2026-07-25,,GTFS.zip,sle_gtfs_effective_2026-07-19_updated_2026-07-24.zip,0,To New Haven; GTFS; gtfs_trip_id=271216; gtfs_service_id=306562007200; source_origin=New London; source_destination=New Haven
CTrail,Shore Line East,Shore Line East,3645,To New Haven,GUI,Guilford,5,15:04,15:04,2026-07-19,2027-07-18,,weekend,2026-07-19,2026-07-25,,GTFS.zip,sle_gtfs_effective_2026-07-19_updated_2026-07-24.zip,0,To New Haven; GTFS; gtfs_trip_id=271216; gtfs_service_id=306562007200; source_origin=New London; source_destination=New Haven
CTrail,Shore Line East,Shore Line East,3645,To New Haven,BRA,Branford,6,15:12,15:12,2026-07-19,2027-07-18,,weekend,2026-07-19,2026-07-25,,GTFS.zip,sle_gtfs_effective_2026-07-19_updated_2026-07-24.zip,0,To New Haven; GTFS; gtfs_trip_id=271216; gtfs_service_id=306562007200; source_origin=New London; source_destination=New Haven
CTrail,Shore Line East,Shore Line East,3645,To New Haven,NHV,New Haven,7,15:23,15:23,2026-07-19,2027-07-18,,weekend,2026-07-19,2026-07-25,,GTFS.zip,sle_gtfs_effective_2026-07-19_updated_2026-07-24.zip,0,To New Haven; GTFS; gtfs_trip_id=271216; gtfs_service_id=306562007200; source_origin=New London; source_destination=New Haven
CTrail,Shore Line East,Shore Line East,3645,To New Haven,NHV,New Haven,8,15:27,15:27,2026-07-19,2027-07-18,,weekend,2026-07-19,2026-07-25,,GTFS.zip,sle_gtfs_effective_2026-07-19_updated_2026-07-24.zip,0,To New Haven; GTFS; gtfs_trip_id=271216; gtfs_service_id=306562007200; source_origin=New London; source_destination=New Haven
CTrail,Shore Line East,Shore Line East,3652,To New London,NHV,New Haven,1,22:25,22:25,2026-07-19,2027-07-18,,weekend,2026-07-19,2026-07-25,,GTFS.zip,sle_gtfs_effective_2026-07-19_updated_2026-07-24.zip,0,To New London; GTFS; gtfs_trip_id=271206; gtfs_service_id=306562007200; source_origin=New Haven; source_destination=New London
CTrail,Shore Line East,Shore Line East,3652,To New London,NHV,New Haven,2,22:27,22:27,2026-07-19,2027-07-18,,weekend,2026-07-19,2026-07-25,,GTFS.zip,sle_gtfs_effective_2026-07-19_updated_2026-07-24.zip,0,To New London; GTFS; gtfs_trip_id=271206; gtfs_service_id=306562007200; source_origin=New Haven; source_destination=New London
CTrail,Shore Line East,Shore Line East,3652,To New London,BRA,Branford,3,22:37,22:37,2026-07-19,2027-07-18,,weekend,2026-07-19,2026-07-25,,GTFS.zip,sle_gtfs_effective_2026-07-19_updated_2026-07-24.zip,0,To New London; GTFS; gtfs_trip_id=271206; gtfs_service_id=306562007200; source_origin=New Haven; source_destination=New London
CTrail,Shore Line East,Shore Line East,3652,To New London,GUI,Guilford,4,22:45,22:45,2026-07-19,2027-07-18,,weekend,2026-07-19,2026-07-25,,GTFS.zip,sle_gtfs_effective_2026-07-19_updated_2026-07-24.zip,0,To New London; GTFS; gtfs_trip_id=271206; gtfs_service_id=306562007200; source_origin=New Haven; source_destination=New London
CTrail,Shore Line East,Shore Line East,3652,To New London,MAD,Madison,5,22:50,22:50,2026-07-19,2027-07-18,,weekend,2026-07-19,2026-07-25,,GTFS.zip,sle_gtfs_effective_2026-07-19_updated_2026-07-24.zip,0,To New London; GTFS; gtfs_trip_id=271206; gtfs_service_id=306562007200; source_origin=New Haven; source_destination=New London
CTrail,Shore Line East,Shore Line East,3652,To New London,CLIN,Clinton,6,22:55,22:55,2026-07-19,2027-07-18,,weekend,2026-07-19,2026-07-25,,GTFS.zip,sle_gtfs_effective_2026-07-19_updated_2026-07-24.zip,0,To New London; GTFS; gtfs_trip_id=271206; gtfs_service_id=306562007200; source_origin=New Haven; source_destination=New London
CTrail,Shore Line East,Shore Line East,3652,To New London,WBK,Westbrook,7,23:00,23:00,2026-07-19,2027-07-18,,weekend,2026-07-19,2026-07-25,,GTFS.zip,sle_gtfs_effective_2026-07-19_updated_2026-07-24.zip,0,To New London; GTFS; gtfs_trip_id=271206; gtfs_service_id=306562007200; source_origin=New Haven; source_destination=New London
CTrail,Shore Line East,Shore Line East,3652,To New London,OSB,Old Saybrook,8,23:06,23:06,2026-07-19,2027-07-18,,weekend,2026-07-19,2026-07-25,,GTFS.zip,sle_gtfs_effective_2026-07-19_updated_2026-07-24.zip,0,To New London; GTFS; gtfs_trip_id=271206; gtfs_service_id=306562007200; source_origin=New Haven; source_destination=New London
CTrail,Shore Line East,Shore Line East,3652,To New London,NLC,New London,9,23:29,23:29,2026-07-19,2027-07-18,,weekend,2026-07-19,2026-07-25,,GTFS.zip,sle_gtfs_effective_2026-07-19_updated_2026-07-24.zip,0,To New London; GTFS; gtfs_trip_id=271206; gtfs_service_id=306562007200; source_origin=New Haven; source_destination=New London
CTrail,Shore Line East,Shore Line East,3655,To New Haven,NLC,New London,1,17:29,17:29,2026-07-19,2027-07-18,,weekend,2026-07-19,2026-07-25,,GTFS.zip,sle_gtfs_effective_2026-07-19_updated_2026-07-24.zip,0,To New Haven; GTFS; gtfs_trip_id=271220; gtfs_service_id=306562007200; source_origin=New London; source_destination=New Haven
CTrail,Shore Line East,Shore Line East,3655,To New Haven,OSB,Old Saybrook,2,17:50,17:50,2026-07-19,2027-07-18,,weekend,2026-07-19,2026-07-25,,GTFS.zip,sle_gtfs_effective_2026-07-19_updated_2026-07-24.zip,0,To New Haven; GTFS; gtfs_trip_id=271220; gtfs_service_id=306562007200; source_origin=New London; source_destination=New Haven
CTrail,Shore Line East,Shore Line East,3655,To New Haven,WBK,Westbrook,3,17:55,17:55,2026-07-19,2027-07-18,,weekend,2026-07-19,2026-07-25,,GTFS.zip,sle_gtfs_effective_2026-07-19_updated_2026-07-24.zip,0,To New Haven; GTFS; gtfs_trip_id=271220; gtfs_service_id=306562007200; source_origin=New London; source_destination=New Haven
CTrail,Shore Line East,Shore Line East,3655,To New Haven,CLIN,Clinton,4,18:00,18:00,2026-07-19,2027-07-18,,weekend,2026-07-19,2026-07-25,,GTFS.zip,sle_gtfs_effective_2026-07-19_updated_2026-07-24.zip,0,To New Haven; GTFS; gtfs_trip_id=271220; gtfs_service_id=306562007200; source_origin=New London; source_destination=New Haven
CTrail,Shore Line East,Shore Line East,3655,To New Haven,GUI,Guilford,5,18:08,18:08,2026-07-19,2027-07-18,,weekend,2026-07-19,2026-07-25,,GTFS.zip,sle_gtfs_effective_2026-07-19_updated_2026-07-24.zip,0,To New Haven; GTFS; gtfs_trip_id=271220; gtfs_service_id=306562007200; source_origin=New London; source_destination=New Haven
CTrail,Shore Line East,Shore Line East,3655,To New Haven,BRA,Branford,6,18:16,18:16,2026-07-19,2027-07-18,,weekend,2026-07-19,2026-07-25,,GTFS.zip,sle_gtfs_effective_2026-07-19_updated_2026-07-24.zip,0,To New Haven; GTFS; gtfs_trip_id=271220; gtfs_service_id=306562007200; source_origin=New London; source_destination=New Haven
CTrail,Shore Line East,Shore Line East,3655,To New Haven,NHV,New Haven,7,18:26,18:26,2026-07-19,2027-07-18,,weekend,2026-07-19,2026-07-25,,GTFS.zip,sle_gtfs_effective_2026-07-19_updated_2026-07-24.zip,0,To New Haven; GTFS; gtfs_trip_id=271220; gtfs_service_id=306562007200; source_origin=New London; source_destination=New Haven
CTrail,Shore Line East,Shore Line East,3655,To New Haven,NHV,New Haven,8,18:32,18:32,2026-07-19,2027-07-18,,weekend,2026-07-19,2026-07-25,,GTFS.zip,sle_gtfs_effective_2026-07-19_updated_2026-07-24.zip,0,To New Haven; GTFS; gtfs_trip_id=271220; gtfs_service_id=306562007200; source_origin=New London; source_destination=New Haven
CTrail,Shore Line East,Shore Line East,3663,To New Haven,NLC,New London,1,21:00,21:00,2026-07-19,2027-07-18,,weekend,2026-07-19,2026-07-25,,GTFS.zip,sle_gtfs_effective_2026-07-19_updated_2026-07-24.zip,0,To New Haven; GTFS; gtfs_trip_id=279114; gtfs_service_id=306562007200; source_origin=New London; source_destination=New Haven
CTrail,Shore Line East,Shore Line East,3663,To New Haven,OSB,Old Saybrook,2,21:21,21:21,2026-07-19,2027-07-18,,weekend,2026-07-19,2026-07-25,,GTFS.zip,sle_gtfs_effective_2026-07-19_updated_2026-07-24.zip,0,To New Haven; GTFS; gtfs_trip_id=279114; gtfs_service_id=306562007200; source_origin=New London; source_destination=New Haven
CTrail,Shore Line East,Shore Line East,3663,To New Haven,WBK,Westbrook,3,21:26,21:26,2026-07-19,2027-07-18,,weekend,2026-07-19,2026-07-25,,GTFS.zip,sle_gtfs_effective_2026-07-19_updated_2026-07-24.zip,0,To New Haven; GTFS; gtfs_trip_id=279114; gtfs_service_id=306562007200; source_origin=New London; source_destination=New Haven
CTrail,Shore Line East,Shore Line East,3663,To New Haven,CLIN,Clinton,4,21:31,21:31,2026-07-19,2027-07-18,,weekend,2026-07-19,2026-07-25,,GTFS.zip,sle_gtfs_effective_2026-07-19_updated_2026-07-24.zip,0,To New Haven; GTFS; gtfs_trip_id=279114; gtfs_service_id=306562007200; source_origin=New London; source_destination=New Haven
CTrail,Shore Line East,Shore Line East,3663,To New Haven,GUI,Guilford,5,21:39,21:39,2026-07-19,2027-07-18,,weekend,2026-07-19,2026-07-25,,GTFS.zip,sle_gtfs_effective_2026-07-19_updated_2026-07-24.zip,0,To New Haven; GTFS; gtfs_trip_id=279114; gtfs_service_id=306562007200; source_origin=New London; source_destination=New Haven
CTrail,Shore Line East,Shore Line East,3663,To New Haven,BRA,Branford,6,21:47,21:47,2026-07-19,2027-07-18,,weekend,2026-07-19,2026-07-25,,GTFS.zip,sle_gtfs_effective_2026-07-19_updated_2026-07-24.zip,0,To New Haven; GTFS; gtfs_trip_id=279114; gtfs_service_id=306562007200; source_origin=New London; source_destination=New Haven
CTrail,Shore Line East,Shore Line East,3663,To New Haven,NHV,New Haven,7,21:57,21:57,2026-07-19,2027-07-18,,weekend,2026-07-19,2026-07-25,,GTFS.zip,sle_gtfs_effective_2026-07-19_updated_2026-07-24.zip,0,To New Haven; GTFS; gtfs_trip_id=279114; gtfs_service_id=306562007200; source_origin=New London; source_destination=New Haven
CTrail,Shore Line East,Shore Line East,3663,To New Haven,NHV,New Haven,8,22:01,22:01,2026-07-19,2027-07-18,,weekend,2026-07-19,2026-07-25,,GTFS.zip,sle_gtfs_effective_2026-07-19_updated_2026-07-24.zip,0,To New Haven; GTFS; gtfs_trip_id=279114; gtfs_service_id=306562007200; source_origin=New London; source_destination=New Haven
CTrail,Shore Line East,Shore Line East,3690,To New London,NHV,New Haven,1,05:10,05:10,2026-07-19,2027-07-18,,weekend,2026-07-19,2026-07-25,,GTFS.zip,sle_gtfs_effective_2026-07-19_updated_2026-07-24.zip,0,To New London; GTFS; gtfs_trip_id=271192; gtfs_service_id=306562007200; source_origin=New Haven; source_destination=New London
CTrail,Shore Line East,Shore Line East,3690,To New London,BRA,Branford,2,05:21,05:21,2026-07-19,2027-07-18,,weekend,2026-07-19,2026-07-25,,GTFS.zip,sle_gtfs_effective_2026-07-19_updated_2026-07-24.zip,0,To New London; GTFS; gtfs_trip_id=271192; gtfs_service_id=306562007200; source_origin=New Haven; source_destination=New London
CTrail,Shore Line East,Shore Line East,3690,To New London,GUI,Guilford,3,05:29,05:29,2026-07-19,2027-07-18,,weekend,2026-07-19,2026-07-25,,GTFS.zip,sle_gtfs_effective_2026-07-19_updated_2026-07-24.zip,0,To New London; GTFS; gtfs_trip_id=271192; gtfs_service_id=306562007200; source_origin=New Haven; source_destination=New London
CTrail,Shore Line East,Shore Line East,3690,To New London,MAD,Madison,4,05:33,05:33,2026-07-19,2027-07-18,,weekend,2026-07-19,2026-07-25,,GTFS.zip,sle_gtfs_effective_2026-07-19_updated_2026-07-24.zip,0,To New London; GTFS; gtfs_trip_id=271192; gtfs_service_id=306562007200; source_origin=New Haven; source_destination=New London
CTrail,Shore Line East,Shore Line East,3690,To New London,CLIN,Clinton,5,05:38,05:38,2026-07-19,2027-07-18,,weekend,2026-07-19,2026-07-25,,GTFS.zip,sle_gtfs_effective_2026-07-19_updated_2026-07-24.zip,0,To New London; GTFS; gtfs_trip_id=271192; gtfs_service_id=306562007200; source_origin=New Haven; source_destination=New London
CTrail,Shore Line East,Shore Line East,3690,To New London,WBK,Westbrook,6,05:43,05:43,2026-07-19,2027-07-18,,weekend,2026-07-19,2026-07-25,,GTFS.zip,sle_gtfs_effective_2026-07-19_updated_2026-07-24.zip,0,To New London; GTFS; gtfs_trip_id=271192; gtfs_service_id=306562007200; source_origin=New Haven; source_destination=New London
CTrail,Shore Line East,Shore Line East,3690,To New London,OSB,Old Saybrook,7,05:49,05:49,2026-07-19,2027-07-18,,weekend,2026-07-19,2026-07-25,,GTFS.zip,sle_gtfs_effective_2026-07-19_updated_2026-07-24.zip,0,To New London; GTFS; gtfs_trip_id=271192; gtfs_service_id=306562007200; source_origin=New Haven; source_destination=New London
CTrail,Shore Line East,Shore Line East,3690,To New London,NLC,New London,8,06:10,06:10,2026-07-19,2027-07-18,,weekend,2026-07-19,2026-07-25,,GTFS.zip,sle_gtfs_effective_2026-07-19_updated_2026-07-24.zip,0,To New London; GTFS; gtfs_trip_id=271192; gtfs_service_id=306562007200; source_origin=New Haven; source_destination=New London
CTrail,Shore Line East,Shore Line East,3692,To New London,NHV,New Haven,1,06:50,06:50,2026-07-19,2027-07-18,,weekend,2026-07-19,2026-07-25,,GTFS.zip,sle_gtfs_effective_2026-07-19_updated_2026-07-24.zip,0,To New London; GTFS; gtfs_trip_id=271194; gtfs_service_id=306562007200; source_origin=New Haven; source_destination=New London
CTrail,Shore Line East,Shore Line East,3692,To New London,NHV,New Haven,2,06:52,06:52,2026-07-19,2027-07-18,,weekend,2026-07-19,2026-07-25,,GTFS.zip,sle_gtfs_effective_2026-07-19_updated_2026-07-24.zip,0,To New London; GTFS; gtfs_trip_id=271194; gtfs_service_id=306562007200; source_origin=New Haven; source_destination=New London
CTrail,Shore Line East,Shore Line East,3692,To New London,BRA,Branford,3,07:02,07:02,2026-07-19,2027-07-18,,weekend,2026-07-19,2026-07-25,,GTFS.zip,sle_gtfs_effective_2026-07-19_updated_2026-07-24.zip,0,To New London; GTFS; gtfs_trip_id=271194; gtfs_service_id=306562007200; source_origin=New Haven; source_destination=New London
CTrail,Shore Line East,Shore Line East,3692,To New London,GUI,Guilford,4,07:10,07:10,2026-07-19,2027-07-18,,weekend,2026-07-19,2026-07-25,,GTFS.zip,sle_gtfs_effective_2026-07-19_updated_2026-07-24.zip,0,To New London; GTFS; gtfs_trip_id=271194; gtfs_service_id=306562007200; source_origin=New Haven; source_destination=New London
CTrail,Shore Line East,Shore Line East,3692,To New London,CLIN,Clinton,5,07:18,07:18,2026-07-19,2027-07-18,,weekend,2026-07-19,2026-07-25,,GTFS.zip,sle_gtfs_effective_2026-07-19_updated_2026-07-24.zip,0,To New London; GTFS; gtfs_trip_id=271194; gtfs_service_id=306562007200; source_origin=New Haven; source_destination=New London
CTrail,Shore Line East,Shore Line East,3692,To New London,WBK,Westbrook,6,07:23,07:23,2026-07-19,2027-07-18,,weekend,2026-07-19,2026-07-25,,GTFS.zip,sle_gtfs_effective_2026-07-19_updated_2026-07-24.zip,0,To New London; GTFS; gtfs_trip_id=271194; gtfs_service_id=306562007200; source_origin=New Haven; source_destination=New London
CTrail,Shore Line East,Shore Line East,3692,To New London,OSB,Old Saybrook,7,07:32,07:32,2026-07-19,2027-07-18,,weekend,2026-07-19,2026-07-25,,GTFS.zip,sle_gtfs_effective_2026-07-19_updated_2026-07-24.zip,0,To New London; GTFS; gtfs_trip_id=271194; gtfs_service_id=306562007200; source_origin=New Haven; source_destination=New London
CTrail,Shore Line East,Shore Line East,3692,To New London,NLC,New London,8,08:00,08:00,2026-07-19,2027-07-18,,weekend,2026-07-19,2026-07-25,,GTFS.zip,sle_gtfs_effective_2026-07-19_updated_2026-07-24.zip,0,To New London; GTFS; gtfs_trip_id=271194; gtfs_service_id=306562007200; source_origin=New Haven; source_destination=New London
CTrail,Shore Line East,Shore Line East,3699,To New Haven,NLC,New London,1,23:45,23:45,2026-07-19,2027-07-18,,weekend,2026-07-19,2026-07-25,,GTFS.zip,sle_gtfs_effective_2026-07-19_updated_2026-07-24.zip,0,To New Haven; GTFS; gtfs_trip_id=271218; gtfs_service_id=306562007200; source_origin=New London; source_destination=New Haven
CTrail,Shore Line East,Shore Line East,3699,To New Haven,OSB,Old Saybrook,2,24:05,24:05,2026-07-19,2027-07-18,,weekend,2026-07-19,2026-07-25,,GTFS.zip,sle_gtfs_effective_2026-07-19_updated_2026-07-24.zip,0,To New Haven; GTFS; gtfs_trip_id=271218; gtfs_service_id=306562007200; source_origin=New London; source_destination=New Haven
CTrail,Shore Line East,Shore Line East,3699,To New Haven,WBK,Westbrook,3,24:09,24:09,2026-07-19,2027-07-18,,weekend,2026-07-19,2026-07-25,,GTFS.zip,sle_gtfs_effective_2026-07-19_updated_2026-07-24.zip,0,To New Haven; GTFS; gtfs_trip_id=271218; gtfs_service_id=306562007200; source_origin=New London; source_destination=New Haven
CTrail,Shore Line East,Shore Line East,3699,To New Haven,CLIN,Clinton,4,24:14,24:14,2026-07-19,2027-07-18,,weekend,2026-07-19,2026-07-25,,GTFS.zip,sle_gtfs_effective_2026-07-19_updated_2026-07-24.zip,0,To New Haven; GTFS; gtfs_trip_id=271218; gtfs_service_id=306562007200; source_origin=New London; source_destination=New Haven
CTrail,Shore Line East,Shore Line East,3699,To New Haven,GUI,Guilford,5,24:22,24:22,2026-07-19,2027-07-18,,weekend,2026-07-19,2026-07-25,,GTFS.zip,sle_gtfs_effective_2026-07-19_updated_2026-07-24.zip,0,To New Haven; GTFS; gtfs_trip_id=271218; gtfs_service_id=306562007200; source_origin=New London; source_destination=New Haven
CTrail,Shore Line East,Shore Line East,3699,To New Haven,BRA,Branford,6,24:30,24:30,2026-07-19,2027-07-18,,weekend,2026-07-19,2026-07-25,,GTFS.zip,sle_gtfs_effective_2026-07-19_updated_2026-07-24.zip,0,To New Haven; GTFS; gtfs_trip_id=271218; gtfs_service_id=306562007200; source_origin=New London; source_destination=New Haven
CTrail,Shore Line East,Shore Line East,3699,To New Haven,NHV,New Haven,7,24:50,24:50,2026-07-19,2027-07-18,,weekend,2026-07-19,2026-07-25,,GTFS.zip,sle_gtfs_effective_2026-07-19_updated_2026-07-24.zip,0,To New Haven; GTFS; gtfs_trip_id=271218; gtfs_service_id=306562007200; source_origin=New London; source_destination=New Haven
CTrail,Shore Line East,Shore Line East,9633,To Stamford,OSB,Old Saybrook,1,06:18,06:18,2026-07-20,2027-07-19,,weekday,2026-07-20,2026-07-25,,GTFS.zip,sle_gtfs_effective_2026-07-19_updated_2026-07-24.zip,0,To Stamford; GTFS; gtfs_trip_id=185910; gtfs_service_id=306262007200; source_origin=Old Saybrook; source_destination=Stamford
CTrail,Shore Line East,Shore Line East,9633,To Stamford,WBK,Westbrook,2,06:23,06:23,2026-07-20,2027-07-19,,weekday,2026-07-20,2026-07-25,,GTFS.zip,sle_gtfs_effective_2026-07-19_updated_2026-07-24.zip,0,To Stamford; GTFS; gtfs_trip_id=185910; gtfs_service_id=306262007200; source_origin=Old Saybrook; source_destination=Stamford
CTrail,Shore Line East,Shore Line East,9633,To Stamford,CLIN,Clinton,3,06:28,06:28,2026-07-20,2027-07-19,,weekday,2026-07-20,2026-07-25,,GTFS.zip,sle_gtfs_effective_2026-07-19_updated_2026-07-24.zip,0,To Stamford; GTFS; gtfs_trip_id=185910; gtfs_service_id=306262007200; source_origin=Old Saybrook; source_destination=Stamford
CTrail,Shore Line East,Shore Line East,9633,To Stamford,MAD,Madison,4,06:33,06:33,2026-07-20,2027-07-19,,weekday,2026-07-20,2026-07-25,,GTFS.zip,sle_gtfs_effective_2026-07-19_updated_2026-07-24.zip,0,To Stamford; GTFS; gtfs_trip_id=185910; gtfs_service_id=306262007200; source_origin=Old Saybrook; source_destination=Stamford
CTrail,Shore Line East,Shore Line East,9633,To Stamford,GUI,Guilford,5,06:39,06:39,2026-07-20,2027-07-19,,weekday,2026-07-20,2026-07-25,,GTFS.zip,sle_gtfs_effective_2026-07-19_updated_2026-07-24.zip,0,To Stamford; GTFS; gtfs_trip_id=185910; gtfs_service_id=306262007200; source_origin=Old Saybrook; source_destination=Stamford
CTrail,Shore Line East,Shore Line East,9633,To Stamford,BRA,Branford,6,06:47,06:47,2026-07-20,2027-07-19,,weekday,2026-07-20,2026-07-25,,GTFS.zip,sle_gtfs_effective_2026-07-19_updated_2026-07-24.zip,0,To Stamford; GTFS; gtfs_trip_id=185910; gtfs_service_id=306262007200; source_origin=Old Saybrook; source_destination=Stamford
CTrail,Shore Line East,Shore Line East,9633,To Stamford,NHV,New Haven,7,07:00,07:00,2026-07-20,2027-07-19,,weekday,2026-07-20,2026-07-25,,GTFS.zip,sle_gtfs_effective_2026-07-19_updated_2026-07-24.zip,0,To Stamford; GTFS; gtfs_trip_id=185910; gtfs_service_id=306262007200; source_origin=Old Saybrook; source_destination=Stamford
CTrail,Shore Line East,Shore Line East,9633,To Stamford,NHV,New Haven,8,07:03,07:06,2026-07-20,2027-07-19,,weekday,2026-07-20,2026-07-25,,GTFS.zip,sle_gtfs_effective_2026-07-19_updated_2026-07-24.zip,0,To Stamford; GTFS; gtfs_trip_id=185910; gtfs_service_id=306262007200; source_origin=Old Saybrook; source_destination=Stamford
CTrail,Shore Line East,Shore Line East,9633,To Stamford,BRP,Bridgeport,9,07:27,07:27,2026-07-20,2027-07-19,,weekday,2026-07-20,2026-07-25,,GTFS.zip,sle_gtfs_effective_2026-07-19_updated_2026-07-24.zip,0,To Stamford; GTFS; gtfs_trip_id=185910; gtfs_service_id=306262007200; source_origin=Old Saybrook; source_destination=Stamford
CTrail,Shore Line East,Shore Line East,9633,To Stamford,STM,Stamford,10,07:53,07:53,2026-07-20,2027-07-19,,weekday,2026-07-20,2026-07-25,,GTFS.zip,sle_gtfs_effective_2026-07-19_updated_2026-07-24.zip,0,To Stamford; GTFS; gtfs_trip_id=185910; gtfs_service_id=306262007200; source_origin=Old Saybrook; source_destination=Stamford
CTrail,Shore Line East,Shore Line East,9700,To Old Saybrook,NHV,New Haven,1,04:25,04:25,2026-07-20,2027-07-19,,weekday,2026-07-20,2026-07-25,,GTFS.zip,sle_gtfs_effective_2026-07-19_updated_2026-07-24.zip,0,To Old Saybrook; GTFS; gtfs_trip_id=185952; gtfs_service_id=306262007200; source_origin=New Haven; source_destination=Old Saybrook
CTrail,Shore Line East,Shore Line East,9700,To Old Saybrook,BRA,Branford,2,04:37,04:37,2026-07-20,2027-07-19,,weekday,2026-07-20,2026-07-25,,GTFS.zip,sle_gtfs_effective_2026-07-19_updated_2026-07-24.zip,0,To Old Saybrook; GTFS; gtfs_trip_id=185952; gtfs_service_id=306262007200; source_origin=New Haven; source_destination=Old Saybrook
CTrail,Shore Line East,Shore Line East,9700,To Old Saybrook,GUI,Guilford,3,04:44,04:44,2026-07-20,2027-07-19,,weekday,2026-07-20,2026-07-25,,GTFS.zip,sle_gtfs_effective_2026-07-19_updated_2026-07-24.zip,0,To Old Saybrook; GTFS; gtfs_trip_id=185952; gtfs_service_id=306262007200; source_origin=New Haven; source_destination=Old Saybrook
CTrail,Shore Line East,Shore Line East,9700,To Old Saybrook,MAD,Madison,4,04:48,04:48,2026-07-20,2027-07-19,,weekday,2026-07-20,2026-07-25,,GTFS.zip,sle_gtfs_effective_2026-07-19_updated_2026-07-24.zip,0,To Old Saybrook; GTFS; gtfs_trip_id=185952; gtfs_service_id=306262007200; source_origin=New Haven; source_destination=Old Saybrook
CTrail,Shore Line East,Shore Line East,9700,To Old Saybrook,CLIN,Clinton,5,04:51,04:51,2026-07-20,2027-07-19,,weekday,2026-07-20,2026-07-25,,GTFS.zip,sle_gtfs_effective_2026-07-19_updated_2026-07-24.zip,0,To Old Saybrook; GTFS; gtfs_trip_id=185952; gtfs_service_id=306262007200; source_origin=New Haven; source_destination=Old Saybrook
CTrail,Shore Line East,Shore Line East,9700,To Old Saybrook,WBK,Westbrook,6,04:55,04:55,2026-07-20,2027-07-19,,weekday,2026-07-20,2026-07-25,,GTFS.zip,sle_gtfs_effective_2026-07-19_updated_2026-07-24.zip,0,To Old Saybrook; GTFS; gtfs_trip_id=185952; gtfs_service_id=306262007200; source_origin=New Haven; source_destination=Old Saybrook
CTrail,Shore Line East,Shore Line East,9700,To Old Saybrook,OSB,Old Saybrook,7,05:00,05:00,2026-07-20,2027-07-19,,weekday,2026-07-20,2026-07-25,,GTFS.zip,sle_gtfs_effective_2026-07-19_updated_2026-07-24.zip,0,To Old Saybrook; GTFS; gtfs_trip_id=185952; gtfs_service_id=306262007200; source_origin=New Haven; source_destination=Old Saybrook
CTrail,Shore Line East,Shore Line East,9704,To Old Saybrook,NHV,New Haven,1,04:45,04:45,2026-07-20,2027-07-19,,weekday,2026-07-20,2026-07-25,,GTFS.zip,sle_gtfs_effective_2026-07-19_updated_2026-07-24.zip,0,To Old Saybrook; GTFS; gtfs_trip_id=185953; gtfs_service_id=306262007200; source_origin=New Haven; source_destination=Old Saybrook
CTrail,Shore Line East,Shore Line East,9704,To Old Saybrook,BRA,Branford,2,04:59,04:59,2026-07-20,2027-07-19,,weekday,2026-07-20,2026-07-25,,GTFS.zip,sle_gtfs_effective_2026-07-19_updated_2026-07-24.zip,0,To Old Saybrook; GTFS; gtfs_trip_id=185953; gtfs_service_id=306262007200; source_origin=New Haven; source_destination=Old Saybrook
CTrail,Shore Line East,Shore Line East,9704,To Old Saybrook,GUI,Guilford,3,05:07,05:07,2026-07-20,2027-07-19,,weekday,2026-07-20,2026-07-25,,GTFS.zip,sle_gtfs_effective_2026-07-19_updated_2026-07-24.zip,0,To Old Saybrook; GTFS; gtfs_trip_id=185953; gtfs_service_id=306262007200; source_origin=New Haven; source_destination=Old Saybrook
CTrail,Shore Line East,Shore Line East,9704,To Old Saybrook,MAD,Madison,4,05:12,05:12,2026-07-20,2027-07-19,,weekday,2026-07-20,2026-07-25,,GTFS.zip,sle_gtfs_effective_2026-07-19_updated_2026-07-24.zip,0,To Old Saybrook; GTFS; gtfs_trip_id=185953; gtfs_service_id=306262007200; source_origin=New Haven; source_destination=Old Saybrook
CTrail,Shore Line East,Shore Line East,9704,To Old Saybrook,CLIN,Clinton,5,05:15,05:15,2026-07-20,2027-07-19,,weekday,2026-07-20,2026-07-25,,GTFS.zip,sle_gtfs_effective_2026-07-19_updated_2026-07-24.zip,0,To Old Saybrook; GTFS; gtfs_trip_id=185953; gtfs_service_id=306262007200; source_origin=New Haven; source_destination=Old Saybrook
CTrail,Shore Line East,Shore Line East,9704,To Old Saybrook,WBK,Westbrook,6,05:19,05:19,2026-07-20,2027-07-19,,weekday,2026-07-20,2026-07-25,,GTFS.zip,sle_gtfs_effective_2026-07-19_updated_2026-07-24.zip,0,To Old Saybrook; GTFS; gtfs_trip_id=185953; gtfs_service_id=306262007200; source_origin=New Haven; source_destination=Old Saybrook
CTrail,Shore Line East,Shore Line East,9704,To Old Saybrook,OSB,Old Saybrook,7,05:25,05:25,2026-07-20,2027-07-19,,weekday,2026-07-20,2026-07-25,,GTFS.zip,sle_gtfs_effective_2026-07-19_updated_2026-07-24.zip,0,To Old Saybrook; GTFS; gtfs_trip_id=185953; gtfs_service_id=306262007200; source_origin=New Haven; source_destination=Old Saybrook
CTrail,Shore Line East,Shore Line East,9706,To Old Saybrook,NHV,New Haven,1,04:55,04:55,2026-07-20,2027-07-19,,weekday,2026-07-20,2026-07-25,,GTFS.zip,sle_gtfs_effective_2026-07-19_updated_2026-07-24.zip,0,To Old Saybrook; GTFS; gtfs_trip_id=185954; gtfs_service_id=306262007200; source_origin=New Haven; source_destination=Old Saybrook
CTrail,Shore Line East,Shore Line East,9706,To Old Saybrook,BRA,Branford,2,05:07,05:07,2026-07-20,2027-07-19,,weekday,2026-07-20,2026-07-25,,GTFS.zip,sle_gtfs_effective_2026-07-19_updated_2026-07-24.zip,0,To Old Saybrook; GTFS; gtfs_trip_id=185954; gtfs_service_id=306262007200; source_origin=New Haven; source_destination=Old Saybrook
CTrail,Shore Line East,Shore Line East,9706,To Old Saybrook,GUI,Guilford,3,05:15,05:15,2026-07-20,2027-07-19,,weekday,2026-07-20,2026-07-25,,GTFS.zip,sle_gtfs_effective_2026-07-19_updated_2026-07-24.zip,0,To Old Saybrook; GTFS; gtfs_trip_id=185954; gtfs_service_id=306262007200; source_origin=New Haven; source_destination=Old Saybrook
CTrail,Shore Line East,Shore Line East,9706,To Old Saybrook,MAD,Madison,4,05:19,05:19,2026-07-20,2027-07-19,,weekday,2026-07-20,2026-07-25,,GTFS.zip,sle_gtfs_effective_2026-07-19_updated_2026-07-24.zip,0,To Old Saybrook; GTFS; gtfs_trip_id=185954; gtfs_service_id=306262007200; source_origin=New Haven; source_destination=Old Saybrook
CTrail,Shore Line East,Shore Line East,9706,To Old Saybrook,CLIN,Clinton,5,05:22,05:22,2026-07-20,2027-07-19,,weekday,2026-07-20,2026-07-25,,GTFS.zip,sle_gtfs_effective_2026-07-19_updated_2026-07-24.zip,0,To Old Saybrook; GTFS; gtfs_trip_id=185954; gtfs_service_id=306262007200; source_origin=New Haven; source_destination=Old Saybrook
CTrail,Shore Line East,Shore Line East,9706,To Old Saybrook,WBK,Westbrook,6,05:26,05:26,2026-07-20,2027-07-19,,weekday,2026-07-20,2026-07-25,,GTFS.zip,sle_gtfs_effective_2026-07-19_updated_2026-07-24.zip,0,To Old Saybrook; GTFS; gtfs_trip_id=185954; gtfs_service_id=306262007200; source_origin=New Haven; source_destination=Old Saybrook
CTrail,Shore Line East,Shore Line East,9706,To Old Saybrook,OSB,Old Saybrook,7,05:35,05:35,2026-07-20,2027-07-19,,weekday,2026-07-20,2026-07-25,,GTFS.zip,sle_gtfs_effective_2026-07-19_updated_2026-07-24.zip,0,To Old Saybrook; GTFS; gtfs_trip_id=185954; gtfs_service_id=306262007200; source_origin=New Haven; source_destination=Old Saybrook
CTrail,Shore Line East,Shore Line East,9755,To New Haven,OSB,Old Saybrook,1,19:00,19:00,2026-07-20,2027-07-19,,weekday,2026-07-20,2026-07-25,,GTFS.zip,sle_gtfs_effective_2026-07-19_updated_2026-07-24.zip,0,To New Haven; GTFS; gtfs_trip_id=185955; gtfs_service_id=306262007200; source_origin=Old Saybrook; source_destination=New Haven
CTrail,Shore Line East,Shore Line East,9755,To New Haven,NHV,New Haven,2,19:37,19:37,2026-07-20,2027-07-19,,weekday,2026-07-20,2026-07-25,,GTFS.zip,sle_gtfs_effective_2026-07-19_updated_2026-07-24.zip,0,To New Haven; GTFS; gtfs_trip_id=185955; gtfs_service_id=306262007200; source_origin=Old Saybrook; source_destination=New Haven
CTrail,Shore Line East,Shore Line East,9757,To New Haven,OSB,Old Saybrook,1,20:10,20:10,2026-07-20,2027-07-19,,weekday,2026-07-20,2026-07-25,,GTFS.zip,sle_gtfs_effective_2026-07-19_updated_2026-07-24.zip,0,To New Haven; GTFS; gtfs_trip_id=185956; gtfs_service_id=306262007200; source_origin=Old Saybrook; source_destination=New Haven
CTrail,Shore Line East,Shore Line East,9757,To New Haven,WBK,Westbrook,2,20:16,20:16,2026-07-20,2027-07-19,,weekday,2026-07-20,2026-07-25,,GTFS.zip,sle_gtfs_effective_2026-07-19_updated_2026-07-24.zip,0,To New Haven; GTFS; gtfs_trip_id=185956; gtfs_service_id=306262007200; source_origin=Old Saybrook; source_destination=New Haven
CTrail,Shore Line East,Shore Line East,9757,To New Haven,CLIN,Clinton,3,20:19,20:19,2026-07-20,2027-07-19,,weekday,2026-07-20,2026-07-25,,GTFS.zip,sle_gtfs_effective_2026-07-19_updated_2026-07-24.zip,0,To New Haven; GTFS; gtfs_trip_id=185956; gtfs_service_id=306262007200; source_origin=Old Saybrook; source_destination=New Haven
CTrail,Shore Line East,Shore Line East,9757,To New Haven,MAD,Madison,4,20:22,20:22,2026-07-20,2027-07-19,,weekday,2026-07-20,2026-07-25,,GTFS.zip,sle_gtfs_effective_2026-07-19_updated_2026-07-24.zip,0,To New Haven; GTFS; gtfs_trip_id=185956; gtfs_service_id=306262007200; source_origin=Old Saybrook; source_destination=New Haven
CTrail,Shore Line East,Shore Line East,9757,To New Haven,GUI,Guilford,5,20:25,20:25,2026-07-20,2027-07-19,,weekday,2026-07-20,2026-07-25,,GTFS.zip,sle_gtfs_effective_2026-07-19_updated_2026-07-24.zip,0,To New Haven; GTFS; gtfs_trip_id=185956; gtfs_service_id=306262007200; source_origin=Old Saybrook; source_destination=New Haven
CTrail,Shore Line East,Shore Line East,9757,To New Haven,BRA,Branford,6,20:32,20:32,2026-07-20,2027-07-19,,weekday,2026-07-20,2026-07-25,,GTFS.zip,sle_gtfs_effective_2026-07-19_updated_2026-07-24.zip,0,To New Haven; GTFS; gtfs_trip_id=185956; gtfs_service_id=306262007200; source_origin=Old Saybrook; source_destination=New Haven
CTrail,Shore Line East,Shore Line East,9757,To New Haven,NHV,New Haven,7,20:43,20:43,2026-07-20,2027-07-19,,weekday,2026-07-20,2026-07-25,,GTFS.zip,sle_gtfs_effective_2026-07-19_updated_2026-07-24.zip,0,To New Haven; GTFS; gtfs_trip_id=185956; gtfs_service_id=306262007200; source_origin=Old Saybrook; source_destination=New Haven
CTrail,Shore Line East,Shore Line East,9757,To New Haven,NHV,New Haven,8,20:45,20:45,2026-07-20,2027-07-19,,weekday,2026-07-20,2026-07-25,,GTFS.zip,sle_gtfs_effective_2026-07-19_updated_2026-07-24.zip,0,To New Haven; GTFS; gtfs_trip_id=185956; gtfs_service_id=306262007200; source_origin=Old Saybrook; source_destination=New Haven
CTrail,Shore Line East,Shore Line East,9759,To New Haven,OSB,Old Saybrook,1,20:55,20:55,2026-07-20,2027-07-19,,weekday,2026-07-20,2026-07-25,,GTFS.zip,sle_gtfs_effective_2026-07-19_updated_2026-07-24.zip,0,To New Haven; GTFS; gtfs_trip_id=185957; gtfs_service_id=306262007200; source_origin=Old Saybrook; source_destination=New Haven
CTrail,Shore Line East,Shore Line East,9759,To New Haven,NHV,New Haven,2,21:30,21:30,2026-07-20,2027-07-19,,weekday,2026-07-20,2026-07-25,,GTFS.zip,sle_gtfs_effective_2026-07-19_updated_2026-07-24.zip,0,To New Haven; GTFS; gtfs_trip_id=185957; gtfs_service_id=306262007200; source_origin=Old Saybrook; source_destination=New Haven
CTrail,Shore Line East,Shore Line East,9790,To Old Saybrook,NHV,New Haven,1,06:00,06:00,2026-07-19,2027-07-18,,weekend,2026-07-19,2026-07-25,,GTFS.zip,sle_gtfs_effective_2026-07-19_updated_2026-07-24.zip,0,To Old Saybrook; GTFS; gtfs_trip_id=185958; gtfs_service_id=306562007200; source_origin=New Haven; source_destination=Old Saybrook
CTrail,Shore Line East,Shore Line East,9790,To Old Saybrook,OSB,Old Saybrook,2,06:35,06:35,2026-07-19,2027-07-18,,weekend,2026-07-19,2026-07-25,,GTFS.zip,sle_gtfs_effective_2026-07-19_updated_2026-07-24.zip,0,To Old Saybrook; GTFS; gtfs_trip_id=185958; gtfs_service_id=306562007200; source_origin=New Haven; source_destination=Old Saybrook
