route_id,service_id,trip_id,trip_short_name,direction_id,shape_id,trip_headsign
42954,306262007200,233011,6627,0,,San Francisco
42954,312762007200,237424,6291,1,,Lakeland
42954,312762007200,237848,6292,0,,Jacksonville
42954,312762007200,237851,6048,1,,Toledo
42954,312762007200,237861,6049,0,,East Lansing
60,312762007200,238210,507,1,292,Eugene
60,312762007200,238213,509,1,293,Portland
60,312762007200,238216,508,0,289,Seattle
60,312762007200,238222,506,0,290,Seattle
60,312762007200,238231,504,0,289,Seattle
36948,312762007200,238271,316,1,257,St. Louis
43,312762007200,238576,8821,1,,Temple
43,312762007200,238581,8822,1,,Temple
43,312762007200,238587,8722,0,,Fort Cavazos
42951,312762007200,239272,300,0,254,Chicago
86,312762007200,239376,821,1,17,Fort Worth
42951,312762007200,182346,307,1,256,St. Louis
54,312762007200,182361,341,0,19,Milwaukee
54,312762007200,182362,342,1,20,Chicago
56,312762007200,182412,392,0,121,Chicago
56,312762007200,182413,393,1,122,Carbondale
36921,312762007200,240767,232,1,245,New York
42954,312762007200,241106,4104,1,,Merced
42954,312762007200,241110,4119,0,,San Jose
36921,312762007200,241687,230,1,245,New York
42954,112762847200,242223,3910,1,,Stockton
42954,112762847200,242245,3710,1,,Stockton
42954,112762847200,242252,3810,1,,Stockton
42954,212762006282,242221,3910,1,,Stockton
42954,100162836283,242222,3910,1,,Stockton
42954,212762006282,242243,3710,1,,Stockton
42954,100162836283,242244,3710,1,,Stockton
42954,212762006282,242250,3810,1,,Stockton
42954,100162836283,242251,3810,1,,Stockton
36921,312762007200,242355,235,0,248,Rensselaer
42951,312762007200,242714,305,1,256,St. Louis
42954,312762007200,243164,5702,1,,Los Angeles
42954,312762007200,243170,5802,1,,Los Angeles
42954,112762847200,243182,5810,1,,Los Angeles
42954,112762847200,243197,5710,1,,Los Angeles
42954,312762007200,243203,5712,1,,Los Angeles
42954,312762007200,243218,5912,1,,Santa Monica
42954,112762847200,243227,5910,1,,Santa Monica
42954,312762007200,243235,5716,1,,Los Angeles
42954,312762007200,243238,5812,1,,Los Angeles
42954,212762006282,243180,5810,1,,Los Angeles
42954,100162836283,243181,5810,1,,Los Angeles
42954,212762006282,243195,5710,1,,Los Angeles
42954,100162836283,243196,5710,1,,Los Angeles
42954,212762006282,243225,5910,1,,Santa Monica
42954,100162836283,243226,5910,1,,Santa Monica
42985,300262007200,243505,9453,1,,Washington
42985,300262007200,243599,9452,0,,Baltimore
42954,306562007200,243928,6065,1,,Virginia Beach
42954,306562007200,243986,6128,0,,Norfolk
42954,312762007200,244256,6121,1,,Shreveport
42954,312762007200,244265,6122,0,,Longview
42954,312762007200,244296,6421,0,,Longview
42954,312762007200,184033,5885,0,,Fresno
42985,306462007200,185787,9484,0,,Baltimore
42985,306462007200,185795,9488,0,,Baltimore
42985,306462007200,185804,9493,1,,Washington
42985,306262007200,185852,9534,0,,Perryville
42948,306262007200,185910,9633,0,,Stamford
42985,306262007200,185917,9638,1,,Old Saybrook
42985,306462007200,185933,9677,1,,Washington
42985,306462007200,185935,9681,1,,Washington
42985,306462007200,185936,9683,1,,Washington
42948,306262007200,185952,9700,1,,Old Saybrook
42948,306262007200,185953,9704,1,,Old Saybrook
42948,306262007200,185954,9706,1,,Old Saybrook
42948,306262007200,185955,9755,0,,New Haven
42948,306262007200,185956,9757,0,,New Haven
42948,306262007200,185957,9759,0,,New Haven
42948,306562007200,185958,9790,1,,Old Saybrook
23565,312762007200,189776,7104,1,,Lamy
23565,312762007200,189782,7204,0,,Los Alamos
42954,312762007200,194956,5014,1,,Emeryville
42951,312762007200,195509,301,1,256,St. Louis
42954,312762007200,207656,5874,1,,Los Angeles
42985,306462007200,211069,9478,0,,Baltimore
42985,306462007200,211073,9485,1,,Washington
42985,306462007200,211074,9486,0,,Baltimore
42985,306462007200,211078,9692,0,,Martin Airport
42985,306462007200,211081,9694,0,,Martin Airport
54,312762007200,218881,339,0,19,Milwaukee
54,312762007200,218898,337,0,19,Milwaukee
42951,312762007200,218961,302,0,254,Chicago
36926,312762007200,218964,319,1,376,Kansas City
42951,312762007200,220046,306,0,254,Chicago
42954,312762007200,222141,5713,0,,Bakersfield
42954,312762007200,222143,5715,0,,Bakersfield
42954,312762007200,222145,5815,0,,Bakersfield
42954,312762007200,222147,5813,0,,Bakersfield
42954,312762007200,222163,5817,0,,Bakersfield
42954,312762007200,222172,5811,0,,Bakersfield
42954,312762007200,222248,3865,0,,Stockton
42985,300162007200,222461,9675,1,,Washington
42985,300162007200,222468,9685,1,,Washington
42985,300162007200,222474,9494,0,,Baltimore
42985,306562007200,222476,9491,1,,Washington
42985,306562007200,222490,9495,1,,Washington
42985,300162007200,222492,9497,1,,Washington
42985,300162007200,222514,9696,0,,Martin Airport
42985,300162007200,222516,9698,0,,Martin Airport
42985,300162007200,222534,9688,0,,Martin Airport
42985,306562007200,222568,9487,1,,Washington
42985,306562007200,222570,9490,0,,Baltimore
42985,300162007200,222572,9476,0,,Baltimore
42985,300162007200,222574,9480,0,,Baltimore
42985,306562007200,222576,9482,0,,Baltimore
42985,300162007200,222578,9492,0,,Baltimore
42985,300162007200,222580,9499,1,,Washington
42985,300162007200,222582,9689,1,,Washington
42985,300162007200,222590,9481,1,,Washington
42954,312762007200,222798,3801,0,,Stockton
42954,312762007200,223317,3716,1,,Stockton
42954,312762007200,223413,6014,0,,San Francisco
54,312762007200,224561,338,1,20,Chicago
63,312762007200,225626,391,1,110,Carbondale
42954,312762007200,226448,5801,0,,Bakersfield
42954,312762007200,226938,5415,0,,Bakersfield
42954,312762007200,228161,4101,0,,San Jose
42954,312762007200,228162,4102,1,,Merced
42954,312762007200,228270,5717,0,,Bakersfield
42954,312762007200,244305,6422,1,,Shreveport
42954,312762007200,244367,5402,1,,San Bernardino
42954,312762007200,244371,5412,1,,San Bernardino
42954,312762007200,245361,3524,1,,Reno
63,312762007200,245627,390,0,109,Chicago
42954,306262007200,245824,6067,1,,Virginia Beach
36921,312762007200,245838,245,0,248,Rensselaer
42958,312762007200,246284,6090,0,,Wilson
42958,312762007200,246358,6190,0,,Wilson
36921,312762007200,246825,236,1,245,New York
42954,312762007200,247762,3514,1,,Salinas
42954,312762007200,247767,3614,0,,Carmel
42954,312762007200,247772,3511,1,,Salinas
42954,312762007200,247777,3611,0,,Carmel
43,312762007200,247911,8721,0,,Fort Cavazos
42954,312762007200,249420,5917,0,,Bakersfield
42954,312762007200,250081,6021,1,,Houston
42954,312762007200,250090,6022,0,,Longview
42958,312762007200,250876,6189,1,,Jacksonville
42958,312762007200,250878,6089,1,,Swansboro
42954,307462007200,254583,4050,1,,Richmond
42954,307462007200,254588,4051,0,,Charlottesville
42954,112762487200,255283,5719,0,,Bakersfield
42954,212762006246,255281,5719,0,,Bakersfield
42954,100262476247,255282,5719,0,,Bakersfield
42954,112762487200,255288,5919,0,,Bakersfield
42954,106262517200,255293,3642,1,,Auburn
42954,106262517200,255301,3536,1,,Auburn
42954,212762006246,255286,5919,0,,Bakersfield
42954,100262476247,255287,5919,0,,Bakersfield
42954,206262006247,255291,3642,1,,Auburn
42954,206262006247,255299,3536,1,,Auburn
42954,106262517200,255306,3646,1,,Auburn
42954,112762487200,255311,5419,0,,Bakersfield
42954,206262006247,255304,3646,1,,Auburn
42954,212762006246,255309,5419,0,,Bakersfield
42954,100262476247,255310,5419,0,,Bakersfield
42954,106262517200,255324,3623,0,,Sacramento
42954,206262006247,255322,3623,0,,Sacramento
42896,112762487200,255409,5619,0,,Las Vegas
42896,112762487200,255419,5612,1,,Santa Barbara
42896,212762006246,255407,5619,0,,Las Vegas
42896,100262476247,255408,5619,0,,Las Vegas
42896,212762006246,255417,5612,1,,Santa Barbara
42896,100262476247,255418,5612,1,,Santa Barbara
42954,306562007200,255457,6691,0,,San Francisco
42954,306562007200,255460,6653,0,,San Francisco
42954,306562007200,255463,6695,0,,San Francisco
42954,306562007200,255466,6687,0,,San Francisco
42954,306562007200,255469,6697,0,,San Francisco
42954,306562007200,255472,6699,0,,San Francisco
42954,306562007200,255475,6693,0,,San Francisco
42954,103262506250,255459,6691,0,,San Francisco
42954,103262506250,255462,6653,0,,San Francisco
42954,103262506250,255465,6695,0,,San Francisco
42954,103262506250,255468,6687,0,,San Francisco
42954,103262506250,255471,6697,0,,San Francisco
42954,103262506250,255474,6699,0,,San Francisco
42954,103262506250,255477,6693,0,,San Francisco
42954,106262517200,255482,6631,0,,San Francisco
42954,106262517200,255487,6625,0,,San Francisco
42954,106262517200,255492,6651,0,,San Francisco
42954,106262517200,255497,6639,0,,San Francisco
42954,106262517200,255502,6623,0,,San Francisco
42954,106262517200,255512,6649,0,,San Francisco
42954,106262517200,255517,6647,0,,San Francisco
42954,106262517200,255522,6641,0,,San Francisco
42954,106262517200,255527,6645,0,,San Francisco
42954,106262517200,255532,6621,0,,San Francisco
42954,106262517200,255537,6629,0,,San Francisco
42954,106262517200,255542,6643,0,,San Francisco
42954,106262517200,255547,6637,0,,San Francisco
42954,206262006247,255480,6631,0,,San Francisco
42954,206262006247,255485,6625,0,,San Francisco
42954,206262006247,255490,6651,0,,San Francisco
42954,206262006247,255495,6639,0,,San Francisco
42954,206262006247,255500,6623,0,,San Francisco
42954,206262006247,255510,6649,0,,San Francisco
42954,206262006247,255515,6647,0,,San Francisco
42954,206262006247,255520,6641,0,,San Francisco
42954,206262006247,255525,6645,0,,San Francisco
42954,206262006247,255530,6621,0,,San Francisco
42954,206262006247,255535,6629,0,,San Francisco
42954,206262006247,255540,6643,0,,San Francisco
42954,206262006247,255545,6637,0,,San Francisco
42954,306562007200,255551,6668,1,,Emeryville
42954,103262506250,255553,6668,1,,Emeryville
42954,306562007200,255557,6692,1,,Emeryville
42954,306562007200,255566,6686,1,,Emeryville
42954,306562007200,255572,6688,1,,Emeryville
42954,306562007200,255575,6684,1,,Emeryville
42954,103262506250,255559,6692,1,,Emeryville
42954,103262506250,255568,6686,1,,Emeryville
42954,103262506250,255574,6688,1,,Emeryville
42954,103262506250,255577,6684,1,,Emeryville
42954,106262517200,255582,6628,1,,Emeryville
42954,106262517200,255587,6624,1,,Emeryville
42954,306562007200,255588,6696,1,,Emeryville
42954,106262517200,255595,6636,1,,Emeryville
42954,106262517200,255600,6640,1,,Emeryville
42954,106262517200,255605,6634,1,,Emeryville
42954,306562007200,255606,6698,1,,Emeryville
42954,106262517200,255613,6630,1,,Emeryville
42954,106262517200,255618,6642,1,,Emeryville
42954,106262517200,255623,6626,1,,Emeryville
42954,106262517200,255628,6638,1,,Emeryville
42954,106262517200,255633,6632,1,,Emeryville
42954,206262006247,255580,6628,1,,Emeryville
42954,206262006247,255585,6624,1,,Emeryville
42954,103262506250,255590,6696,1,,Emeryville
42954,206262006247,255593,6636,1,,Emeryville
42954,206262006247,255598,6640,1,,Emeryville
42954,206262006247,255603,6634,1,,Emeryville
42954,103262506250,255608,6698,1,,Emeryville
42954,206262006247,255611,6630,1,,Emeryville
42954,206262006247,255616,6642,1,,Emeryville
42954,206262006247,255621,6626,1,,Emeryville
42954,206262006247,255626,6638,1,,Emeryville
42954,206262006247,255631,6632,1,,Emeryville
42954,106262517200,255638,6648,1,,Emeryville
42954,106262517200,255643,6644,1,,Emeryville
42954,106262517200,255648,6650,1,,Emeryville
42954,206262006247,255636,6648,1,,Emeryville
42954,206262006247,255641,6644,1,,Emeryville
42954,206262006247,255646,6650,1,,Emeryville
61,106262867200,257636,687,0,152,Brunswick
61,206262006285,257635,687,0,152,Brunswick
61,106562907200,257664,697,0,152,Brunswick
61,206562006284,257663,697,0,152,Brunswick
61,106262867200,257714,682,1,153,Boston
61,306262007200,257717,680,1,153,Boston
61,206262006285,257713,682,1,153,Boston
61,106562907200,257747,692,1,153,Boston
61,306562007200,257750,690,1,153,Boston
61,206562006284,257746,692,1,153,Boston
61,106562907200,257776,696,1,153,Boston
61,206562006284,257775,696,1,153,Boston
78,312762007200,258139,566,1,101,San Diego
78,312762007200,258142,562,1,101,San Diego
18650,312762007200,257368,5521,1,,Springfield
18650,312762007200,257377,5522,0,,Galesburg
78,312762007200,258282,777,0,148,San Luis Obispo
78,312762007200,258326,580,1,101,San Diego
78,312762007200,258336,591,0,102,Los Angeles
42954,306562007200,259390,3584,1,,Sparks
42954,312762007200,259395,3549,0,,Sacramento
42954,103262506250,259392,3584,1,,Sparks
78,312762007200,260141,573,0,102,Los Angeles
42954,106262517200,260162,6635,0,,San Francisco
42954,206262006247,260160,6635,0,,San Francisco
42957,312762007200,261108,383,0,,Quincy
42954,312762007200,260353,3816,1,,Stockton
42954,306562007200,260538,6673,0,,San Francisco
42954,312762007200,260543,5011,0,,San Francisco
42954,306562007200,260546,6677,0,,San Francisco
42954,103262506250,260540,6673,0,,San Francisco
42954,103262506250,260548,6677,0,,San Francisco
42954,112762847200,260555,6610,1,,Emeryville
42954,306562007200,260563,6678,1,,Emeryville
42954,306562007200,260568,6682,1,,Emeryville
42954,306562007200,260573,6679,0,,San Francisco
42954,306562007200,260578,6683,0,,San Francisco
42954,306562007200,260583,6674,1,,Emeryville
42954,306562007200,260594,6670,1,,Emeryville
42954,212762006282,260553,6610,1,,Emeryville
42954,100162836283,260554,6610,1,,Emeryville
42954,103262506250,260565,6678,1,,Emeryville
42954,103262506250,260570,6682,1,,Emeryville
42954,103262506250,260575,6679,0,,San Francisco
42954,103262506250,260580,6683,0,,San Francisco
42954,103262506250,260585,6674,1,,Emeryville
42954,103262506250,260596,6670,1,,Emeryville
42954,312762007200,261551,6097,1,,Fort Myers
42954,312762007200,261552,6098,0,,Orlando
42954,312762007200,261553,6092,0,,Tampa
42954,312762007200,261554,6091,1,,Fort Myers
77,312762007200,261557,53,1,5,Sanford
77,312762007200,261560,52,0,6,Lorton
78,312762007200,263375,564,1,101,San Diego
42954,312762007200,263384,5818,1,,San Diego
36949,312762007200,263461,290,1,370,New York
23565,312762007200,263481,7103,0,,Los Alamos
23565,312762007200,263484,7203,1,,Lamy
54,300262007200,263534,343,0,19,Milwaukee
42920,312762007200,263556,8903,1,,Oklahoma City
42920,312762007200,263559,8904,0,,Newton
42985,306262007200,263581,9403,1,,Washington
42985,306262007200,263583,9407,1,,Washington
42985,306262007200,263587,9413,1,,Washington
42985,306062007200,263622,9455,1,,Washington
41080,306262007200,263630,4085,1,,Richmond
42985,306262007200,263647,9421,1,,Washington
42985,306262007200,263652,9427,1,,Washington
42985,306262007200,263661,9431,1,,Washington
42985,306262007200,263668,9435,1,,Washington
42985,306262007200,263676,9443,1,,Washington
42985,306262007200,263710,9525,1,,Washington
42985,306262007200,263718,9583,1,,Baltimore
42985,306262007200,263722,9585,1,,Baltimore
42954,312762007200,263753,3768,1,,Stockton
41080,306262007200,263770,4141,1,,Richmond
41080,306562007200,263773,4195,1,,Richmond
41080,312762007200,263774,4174,0,,Washington
41080,306562007200,263775,4143,1,,Richmond
41080,312762007200,263776,4274,0,,Washington
42954,106262517200,281525,6093,0,,Newport News
42954,106262517200,281529,6094,0,,Norfolk
42954,106262517200,281533,6095,1,,Virginia Beach
42954,106262517200,281537,6125,1,,Virginia Beach
42954,106262517200,281541,6186,0,,Newport News
42954,106262517200,281545,6193,1,,Virginia Beach
94,100163397200,281652,662,1,21,New York
94,206262006247,281948,645,0,23,Harrisburg
94,106262516329,281950,645,0,23,Harrisburg
94,106263316358,281952,645,0,23,Harrisburg
94,106063626365,281954,645,0,23,Harrisburg
41044,106270047200,282201,478,0,,Springfield
54,206562006305,264199,331,0,19,Milwaukee
54,206262006303,264200,331,0,19,Milwaukee
54,206562006305,264203,332,1,20,Chicago
54,206262006303,264204,332,1,20,Chicago
54,206562006305,264207,334,1,20,Chicago
54,206262006303,264208,334,1,20,Chicago
54,206562006305,264211,335,0,19,Milwaukee
54,206262006303,264212,335,0,19,Milwaukee
54,206562006305,264215,336,1,20,Chicago
54,206262006303,264216,336,1,20,Chicago
55,312762007200,264135,370,1,27,Grand Rapids
54,112763067200,264201,331,0,19,Milwaukee
54,112763067200,264205,332,1,20,Chicago
54,112763067200,264209,334,1,20,Chicago
54,112763067200,264213,335,0,19,Milwaukee
54,112763067200,264217,336,1,20,Chicago
88,200162006241,282627,168,0,264,Boston
88,100162486283,282628,168,0,264,Boston
88,106462496249,282629,168,0,264,Boston
88,100162906325,282632,168,0,264,Boston
88,100463306330,282633,168,0,264,Boston
88,100263597001,282636,168,0,264,Boston
40751,206462006242,282669,2222,0,328,New York
40751,103262506250,282671,2222,0,328,New York
40751,106462566284,282672,2222,0,328,New York
40751,100163326332,282675,2222,0,328,New York
88,206562006214,282496,140,0,258,Springfield
88,106562206221,282497,140,0,,New Haven
88,106562276242,282498,140,0,258,Springfield
88,106562486284,282499,140,0,258,Springfield
88,103262506250,282500,140,0,258,Springfield
88,100463306330,282503,140,0,258,Springfield
88,100263597001,282504,140,0,258,Springfield
88,206462006242,282568,132,0,264,Boston
88,103262506250,282570,132,0,264,Boston
88,106462566284,282571,132,0,264,Boston
88,100163326332,282573,132,0,264,Boston
88,106562066214,282578,156,0,339,New York
88,106562206242,282579,156,0,339,New York
88,106562486291,282580,156,0,339,New York
88,103262506250,282581,156,0,339,New York
88,100463306330,282584,156,0,339,New York
88,100263597001,282585,156,0,339,New York
88,106562907200,282702,158,0,349,New York
88,106270047200,282825,130,0,237,New York
88,106270047200,282836,172,0,264,Boston
88,206262006247,282949,134,0,237,New York
88,106262516289,282951,134,0,237,New York
88,106262926329,282952,134,0,237,New York
88,106263316358,282954,134,0,237,New York
88,106063626365,282956,134,0,237,New York
88,206262006247,282960,184,0,264,Boston
41042,206262006247,282058,475,1,318,New Haven
41042,106262516303,282060,475,1,318,New Haven
41042,106263066329,282061,475,1,318,New Haven
41042,106263316358,282063,475,1,318,New Haven
41042,106063626365,282065,475,1,318,New Haven
41044,206262006217,282138,494,0,316,Greenfield
41044,100662186219,282139,494,0,,Springfield
41044,106262226247,282140,494,0,316,Greenfield
41044,106262516303,282142,494,0,316,Greenfield
41044,106263066329,282143,494,0,316,Greenfield
41044,106263316358,282145,494,0,316,Greenfield
41044,106063626365,282147,494,0,316,Greenfield
41044,206262006217,282152,486,0,316,Greenfield
41044,100662186219,282153,486,0,,Springfield
41044,106262226247,282154,486,0,316,Greenfield
41044,106262516303,282156,486,0,316,Greenfield
41044,106263066329,282157,486,0,316,Greenfield
41044,106263316358,282159,486,0,316,Greenfield
41044,106063626365,282161,486,0,316,Greenfield
88,206562006242,282338,162,0,264,Boston
88,106562486284,282339,162,0,264,Boston
88,103262506250,282340,162,0,264,Boston
88,100463306330,282343,162,0,264,Boston
88,100263597001,282344,162,0,264,Boston
88,106262516289,282962,184,0,264,Boston
88,106262926329,282963,184,0,264,Boston
88,106263316358,282965,184,0,264,Boston
88,106063626365,282967,184,0,264,Boston
88,206262006247,282992,94,0,341,Boston
88,106262516289,282994,94,0,341,Boston
88,106262926329,282995,94,0,341,Boston
88,106263316358,282997,94,0,341,Boston
88,106063626365,282999,94,0,341,Boston
88,106270047200,283016,148,0,258,Springfield
88,106270047200,283039,178,0,343,Boston
36923,112470037200,283058,20,0,244,New York
36923,100370787200,283060,20,0,244,New York
88,106562907200,282502,140,0,258,Springfield
88,100163397200,282646,126,0,237,New York
40751,106462917200,282674,2222,0,328,New York
88,106462917200,282682,166,0,264,Boston
88,206562006242,282698,158,0,349,New York
88,109762486250,282699,158,0,349,New York
88,106562556284,282700,158,0,349,New York
88,100463306330,282703,158,0,349,New York
88,100263597001,282704,158,0,349,New York
88,206462006242,282722,100,0,237,New York
88,103262506250,282724,100,0,237,New York
88,106462566284,282725,100,0,237,New York
88,100163326332,282727,100,0,237,New York
88,206262006247,282882,112,0,237,New York
88,106262516289,282884,112,0,237,New York
88,106262926329,282885,112,0,237,New York
88,106263316358,282887,112,0,237,New York
88,106063626365,282889,112,0,237,New York
40751,206262006247,283103,2124,0,328,New York
40751,106262516289,283105,2124,0,328,New York
40751,106262926329,283106,2124,0,328,New York
40751,106263316358,283108,2124,0,328,New York
40751,106063626365,283110,2124,0,328,New York
58,202162006288,283125,50,1,187,New York
58,102162906297,283126,50,1,,Indianapolis
58,102163007070,283127,50,1,187,New York
58,100170727072,283128,50,1,187,New York
88,206462006242,282678,166,0,264,Boston
88,103262506250,282680,166,0,264,Boston
88,106462566284,282681,166,0,264,Boston
88,100163326332,282683,166,0,264,Boston
88,106462917200,282726,100,0,237,New York
40751,106270047200,282814,2102,0,328,New York
88,106270047200,282957,134,0,237,New York
88,106270047200,282968,184,0,264,Boston
88,106270047200,283000,94,0,341,Boston
88,106270047200,283075,136,0,258,Springfield
40751,106270047200,283111,2124,0,328,New York
88,106562907200,282342,162,0,264,Boston
88,100163397200,282451,152,0,264,Boston
88,106462917200,282572,132,0,264,Boston
88,106562977200,282583,156,0,339,New York
88,200162006241,282639,126,0,237,New York
88,100162486283,282640,126,0,237,New York
88,106462496249,282641,126,0,237,New York
88,100162906325,282643,126,0,237,New York
88,100463306330,282644,126,0,237,New York
88,100263597001,282647,126,0,237,New York
40751,106562907200,282765,2258,0,327,Boston
40751,206262006247,282806,2102,0,328,New York
40751,106262516289,282808,2102,0,328,New York
40751,106262926329,282809,2102,0,328,New York
40751,106263316358,282811,2102,0,328,New York
40751,106063626365,282813,2102,0,328,New York
88,206262006218,283005,148,0,258,Springfield
88,100262196219,283006,148,0,,New Haven
88,106262226247,283007,148,0,258,Springfield
88,106262516289,283009,148,0,258,Springfield
88,106262926303,283010,148,0,258,Springfield
88,106263066329,283011,148,0,258,Springfield
88,106263316358,283013,148,0,258,Springfield
88,106063626365,283015,148,0,258,Springfield
88,100162066213,282442,152,0,264,Boston
88,100162206241,282443,152,0,264,Boston
88,100162486283,282444,152,0,264,Boston
88,106462496249,282445,152,0,264,Boston
88,100162906325,282448,152,0,264,Boston
88,100463306330,282449,152,0,264,Boston
88,100263597001,282452,152,0,264,Boston
88,206562006242,282485,118,0,237,New York
88,106562486284,282486,118,0,237,New York
88,103262506250,282487,118,0,237,New York
88,100463306330,282490,118,0,237,New York
88,100263597001,282491,118,0,237,New York
88,200162006241,282537,194,0,264,Boston
88,100162486283,282538,194,0,264,Boston
88,106462496249,282539,194,0,264,Boston
88,100162906325,282542,194,0,264,Boston
88,100463306330,282543,194,0,264,Boston
88,100263597001,282546,194,0,264,Boston
88,100163397200,282635,168,0,264,Boston
88,206262006247,282817,130,0,237,New York
88,106262516289,282819,130,0,237,New York
88,106262926329,282820,130,0,237,New York
88,106263316358,282822,130,0,237,New York
88,106063626365,282824,130,0,237,New York
88,206262006247,282828,172,0,264,Boston
88,106262516289,282830,172,0,264,Boston
88,106262926329,282831,172,0,264,Boston
88,106263316358,282833,172,0,264,Boston
88,106063626365,282835,172,0,264,Boston
88,106270047200,282934,174,0,264,Boston
58,102170757200,283129,50,1,187,New York
88,206262006240,283132,186,0,393,Philadelphia
88,106262436247,283133,186,0,393,Philadelphia
88,106262516289,283135,186,0,393,Philadelphia
88,106262926329,283136,186,0,393,Philadelphia
88,106263316358,283138,186,0,393,Philadelphia
88,106063626365,283140,186,0,393,Philadelphia
88,206262006247,283144,192,0,237,New York
88,106262516289,283146,192,0,237,New York
88,106262926329,283147,192,0,237,New York
88,106263316358,283149,192,0,237,New York
88,106063626365,283151,192,0,237,New York
88,103262506250,275452,150,0,356,Boston
88,100463306330,275454,150,0,356,Boston
88,100263597001,275455,150,0,356,Boston
88,200162006325,276344,144,0,388,New York
88,106462496249,276345,144,0,388,New York
88,100463306330,276348,144,0,388,New York
88,100263597001,276351,144,0,388,New York
88,206262006247,283031,178,0,343,Boston
88,106262516289,283033,178,0,343,Boston
88,106262926329,283034,178,0,343,Boston
88,106263316358,283036,178,0,343,Boston
88,106063626365,283038,178,0,343,Boston
36923,212462006239,283043,20,0,244,New York
36923,200362006241,283044,20,0,244,New York
36923,112462426246,283045,20,0,244,New York
36923,100362476283,283046,20,0,244,New York
36923,106462496249,283047,20,0,244,New York
36923,112462506288,283048,20,0,244,New York
36923,100362896297,283049,20,0,,Atlanta
36923,112462916298,283050,20,0,,Atlanta
36923,112462996328,283051,20,0,244,New York
36923,100363036360,283052,20,0,244,New York
36923,100863296329,283053,20,0,244,New York
36923,112463306357,283054,20,0,244,New York
36923,100463586365,283055,20,0,244,New York
36923,112063616364,283056,20,0,244,New York
36923,100370017071,283057,20,0,244,New York
36923,100170727072,283059,20,0,244,New York
88,200162006241,283234,142,0,237,New York
88,100162486283,283235,142,0,237,New York
88,106462496249,283236,142,0,237,New York
88,100162906325,283239,142,0,237,New York
88,100463306330,283240,142,0,237,New York
88,100263597001,283243,142,0,237,New York
88,200162006241,283256,106,0,237,New York
88,100162486283,283257,106,0,237,New York
88,106462496249,283258,106,0,237,New York
88,100162906325,283261,106,0,237,New York
88,100463306330,283262,106,0,237,New York
88,100263597001,283265,106,0,237,New York
69,112770017200,283282,90,0,104,New York
88,206262006240,276839,138,0,349,New York
88,106262436247,276840,138,0,349,New York
88,106262516329,276842,138,0,349,New York
88,106263316358,276844,138,0,349,New York
88,106063626365,276846,138,0,349,New York
88,206262006247,276873,170,0,264,Boston
88,106262516289,276875,170,0,264,Boston
88,106262926329,276876,170,0,264,Boston
88,106263316358,276878,170,0,264,Boston
88,106063626365,276880,170,0,264,Boston
41042,106263066329,277200,490,0,319,Springfield
41042,106263316358,277202,490,0,319,Springfield
41042,106063626365,277204,490,0,319,Springfield
41044,206262006247,277220,495,1,,New Haven
41044,106262516329,277222,495,1,,New Haven
41044,106263316358,277224,495,1,,New Haven
41044,106063626365,277226,495,1,,New Haven
51,212762006280,277248,4,1,118,Chicago
51,112762816303,277249,4,1,118,Chicago
51,112763047070,277250,4,1,118,Chicago
51,100270717071,277251,4,1,118,Chicago
51,212762006280,277256,3,0,270,Los Angeles
51,112762816303,277257,3,0,270,Los Angeles
51,112763047070,277258,3,0,270,Los Angeles
51,100270717071,277259,3,0,270,Los Angeles
41042,206262006247,277116,470,0,,Hartford
41042,106262516303,277118,470,0,,Hartford
41042,106263066329,277119,470,0,319,Springfield
41042,106263316358,277121,470,0,319,Springfield
41042,106063626365,277123,470,0,319,Springfield
40751,106462987200,275849,2212,0,328,New York
88,306562007200,275450,150,0,356,Boston
88,106270047200,276239,110,0,388,New York
88,100163397200,276350,144,0,388,New York
41042,206262006247,277138,473,1,,New Haven
41042,106262516303,277140,473,1,,New Haven
41042,106263066329,277141,473,1,318,New Haven
41042,106263316358,277143,473,1,318,New Haven
41042,106063626365,277145,473,1,318,New Haven
41042,206262006247,277151,474,0,319,Springfield
41042,106262516329,277153,474,0,319,Springfield
41042,106263316358,277155,474,0,319,Springfield
41042,106063626365,277157,474,0,319,Springfield
41042,106270047200,277205,490,0,319,Springfield
41044,106270047200,277227,495,1,,New Haven
51,112770737200,277253,4,1,118,Chicago
51,112770737200,277261,3,0,270,Los Angeles
88,206262006247,276938,177,1,355,Philadelphia
88,106262516329,276940,177,1,355,Philadelphia
88,106263316358,276942,177,1,355,Philadelphia
88,106063626365,276944,177,1,355,Philadelphia
88,106270047200,276966,179,1,355,Philadelphia
88,106270047200,277039,190,0,356,Boston
41042,106270047200,277124,470,0,319,Springfield
41042,106270047200,277146,473,1,318,New Haven
41042,106270047200,277158,474,0,319,Springfield
78,312762007200,277303,765,0,148,San Luis Obispo
78,312762007200,277306,769,0,149,Goleta
78,312762007200,277311,785,0,149,Goleta
78,312762007200,277314,790,1,151,San Diego
78,312762007200,277321,794,1,146,San Diego
78,312762007200,277352,774,1,146,San Diego
84,206262006247,277374,527,0,230,San Jose
84,106262516329,277376,527,0,230,San Jose
84,106263346358,277378,527,0,230,San Jose
84,106063626365,277380,527,0,230,San Jose
94,106063347200,277457,622,1,22,Philadelphia
94,206062006246,277452,622,1,22,Philadelphia
94,106062516328,277454,622,1,22,Philadelphia
84,106270047200,277381,527,0,230,San Jose
84,306562007200,273243,728,1,64,Sacramento
84,306562007200,273247,729,0,357,San Jose
84,103262506250,273259,733,0,230,San Jose
84,100663306331,273260,733,0,230,San Jose
84,100263597001,273261,733,0,230,San Jose
84,103262506250,273263,734,1,64,Sacramento
84,100663306331,273264,734,1,64,Sacramento
84,100263597001,273265,734,1,64,Sacramento
84,103262506250,273267,736,1,59,Sacramento
84,100663306331,273268,736,1,59,Sacramento
84,100263597001,273269,736,1,59,Sacramento
84,106270047200,273477,538,1,63,Auburn
84,106270047200,273495,539,0,230,San Jose
36921,312762007200,272930,243,0,248,Rensselaer
84,306562007200,273235,724,1,64,Sacramento
84,306562007200,273239,727,0,230,San Jose
84,103262506250,273274,737,0,61,Oakland
84,100663306331,273275,737,0,61,Oakland
84,100263597001,273276,737,0,61,Oakland
84,103262506250,273278,738,1,64,Sacramento
84,100663306331,273279,738,1,64,Sacramento
84,100263597001,273280,738,1,64,Sacramento
84,103262506250,273282,741,0,230,San Jose
84,100663306331,273283,741,0,230,San Jose
84,100263597001,273284,741,0,230,San Jose
84,103262506250,273309,747,0,230,San Jose
84,100663306331,273310,747,0,230,San Jose
84,100263597001,273311,747,0,230,San Jose
84,106270047200,273339,520,1,59,Sacramento
84,106270047200,273347,521,0,230,San Jose
84,106270047200,273355,522,1,59,Sacramento
84,106270047200,273363,523,0,230,San Jose
84,106270047200,273371,524,1,64,Sacramento
84,106270047200,273445,534,1,59,Sacramento
84,106270047200,273453,535,0,61,Oakland
84,106270047200,273531,544,1,64,Sacramento
84,106270047200,273552,547,0,230,San Jose
84,103262506250,273228,720,1,59,Sacramento
84,100663306331,273229,720,1,59,Sacramento
84,100263597001,273230,720,1,59,Sacramento
84,103262506250,273232,723,0,230,San Jose
84,100663306331,273233,723,0,230,San Jose
84,100263597001,273234,723,0,230,San Jose
84,206262006247,273382,526,1,59,Sacramento
84,106262516329,273384,526,1,59,Sacramento
84,106263346358,273386,526,1,59,Sacramento
84,106063626365,273388,526,1,59,Sacramento
84,206262006247,273398,528,1,64,Sacramento
84,106262516329,273400,528,1,64,Sacramento
84,106263346358,273402,528,1,64,Sacramento
84,106063626365,273404,528,1,64,Sacramento
84,206262006247,273406,529,0,357,San Jose
84,106262516329,273408,529,0,357,San Jose
84,106263346358,273410,529,0,357,San Jose
84,106063626365,273412,529,0,357,San Jose
84,106270047200,273507,541,0,61,Oakland
84,106270047200,273523,543,0,230,San Jose
42957,312762007200,272933,380,1,,Chicago
84,103262506250,273236,724,1,64,Sacramento
84,100663306331,273237,724,1,64,Sacramento
84,100263597001,273238,724,1,64,Sacramento
84,103262506250,273240,727,0,230,San Jose
84,100663306331,273241,727,0,230,San Jose
84,100263597001,273242,727,0,230,San Jose
84,306562007200,273273,737,0,61,Oakland
84,306562007200,273277,738,1,64,Sacramento
84,306562007200,273281,741,0,230,San Jose
84,306562007200,273308,747,0,230,San Jose
84,106270047200,273389,526,1,59,Sacramento
84,106270047200,273405,528,1,64,Sacramento
84,106270047200,273413,529,0,357,San Jose
84,106270047200,273421,530,1,64,Sacramento
84,106270047200,273429,531,0,61,Oakland
84,206262006247,273470,538,1,63,Auburn
84,106262516329,273472,538,1,63,Auburn
84,106263346358,273474,538,1,63,Auburn
84,106063626365,273476,538,1,63,Auburn
84,206262006247,273488,539,0,230,San Jose
84,106262516329,273490,539,0,230,San Jose
84,106263346358,273492,539,0,230,San Jose
84,106063626365,273494,539,0,230,San Jose
84,206262006247,273500,541,0,61,Oakland
84,106262516329,273502,541,0,61,Oakland
84,106263346358,273504,541,0,61,Oakland
84,106063626365,273506,541,0,61,Oakland
84,206262006247,273516,543,0,230,San Jose
84,106262516329,273518,543,0,230,San Jose
84,106263346358,273520,543,0,230,San Jose
84,106063626365,273522,543,0,230,San Jose
84,106270047200,273585,550,1,64,Sacramento
55,312762007200,272686,371,0,28,Chicago
42985,306262007200,272717,9517,1,,Washington
42985,306262007200,272720,9537,1,,Washington
42985,306262007200,272723,9641,0,,Washington
42985,306262007200,272757,9422,0,,Baltimore
42985,306262007200,272760,9428,0,,Baltimore
42985,306262007200,272763,9438,0,,Baltimore
42985,306262007200,272766,9446,0,,Baltimore
42985,306262007200,272769,9532,0,,Perryville
42985,306262007200,272772,9536,0,,Perryville
42985,306262007200,272775,9548,0,,Perryville
42985,306262007200,272701,9440,0,,Baltimore
42985,306262007200,272817,9451,1,,Washington
42985,306262007200,272820,9587,1,,Baltimore
42985,300262007200,272824,9589,1,,Washington
42985,306262007200,272698,9430,0,,Baltimore
42985,306262007200,272733,9418,0,,Baltimore
42985,306262007200,272736,9550,0,,Perryville
42985,306262007200,272739,9579,1,,Baltimore
42985,306262007200,272742,9610,0,,Martin Airport
42985,306262007200,272745,9400,0,,Baltimore
42985,306262007200,272748,9404,0,,Baltimore
42985,306262007200,272751,9408,0,,Baltimore
42985,306262007200,272754,9412,0,,Baltimore
42985,306262007200,272695,9414,0,,Baltimore
42985,306262007200,272704,9554,0,,Perryville
84,106270047200,273593,551,0,61,Oakland
78,312762007200,273600,588,1,101,San Diego
84,306562007200,273227,720,1,59,Sacramento
84,306562007200,273231,723,0,230,San Jose
84,103262506250,273244,728,1,64,Sacramento
84,100663306331,273245,728,1,64,Sacramento
84,100263597001,273246,728,1,64,Sacramento
84,103262506250,273248,729,0,357,San Jose
84,100663306331,273249,729,0,357,San Jose
84,100263597001,273250,729,0,357,San Jose
84,306562007200,273258,733,0,230,San Jose
84,306562007200,273262,734,1,64,Sacramento
84,306562007200,273266,736,1,59,Sacramento
84,306562007200,273296,744,1,63,Auburn
84,306562007200,273300,745,0,230,San Jose
84,306562007200,273304,746,1,64,Sacramento
84,306562007200,273320,751,0,61,Oakland
84,206262006247,273578,550,1,64,Sacramento
84,106262516329,273580,550,1,64,Sacramento
84,106263346358,273582,550,1,64,Sacramento
84,106063626365,273584,550,1,64,Sacramento
84,206262006247,273586,551,0,61,Oakland
84,106262516329,273588,551,0,61,Oakland
84,106263346358,273590,551,0,61,Oakland
84,106063626365,273592,551,0,61,Oakland
84,103262506250,273297,744,1,63,Auburn
84,100663306331,273298,744,1,63,Auburn
84,100263597001,273299,744,1,63,Auburn
84,103262506250,273301,745,0,230,San Jose
84,100663306331,273302,745,0,230,San Jose
84,100263597001,273303,745,0,230,San Jose
84,103262506250,273305,746,1,64,Sacramento
84,100663306331,273306,746,1,64,Sacramento
84,100263597001,273307,746,1,64,Sacramento
84,103262506250,273321,751,0,61,Oakland
84,100663306331,273322,751,0,61,Oakland
84,100263597001,273323,751,0,61,Oakland
84,206262006247,273332,520,1,59,Sacramento
84,106262516329,273334,520,1,59,Sacramento
84,106263346358,273336,520,1,59,Sacramento
84,106063626365,273338,520,1,59,Sacramento
84,206262006247,273340,521,0,230,San Jose
84,106262516329,273342,521,0,230,San Jose
84,106263346358,273344,521,0,230,San Jose
84,106063626365,273346,521,0,230,San Jose
84,206262006247,273348,522,1,59,Sacramento
84,106262516329,273350,522,1,59,Sacramento
84,106263346358,273352,522,1,59,Sacramento
84,106063626365,273354,522,1,59,Sacramento
84,206262006247,273356,523,0,230,San Jose
84,106262516329,273358,523,0,230,San Jose
84,106263346358,273360,523,0,230,San Jose
84,106063626365,273362,523,0,230,San Jose
84,206262006247,273364,524,1,64,Sacramento
84,106262516329,273366,524,1,64,Sacramento
84,106263346358,273368,524,1,64,Sacramento
84,106063626365,273370,524,1,64,Sacramento
84,206262006247,273414,530,1,64,Sacramento
84,106262516329,273416,530,1,64,Sacramento
84,106263346358,273418,530,1,64,Sacramento
84,106063626365,273420,530,1,64,Sacramento
84,206262006247,273422,531,0,61,Oakland
84,106262516329,273424,531,0,61,Oakland
84,106263346358,273426,531,0,61,Oakland
84,106063626365,273428,531,0,61,Oakland
84,206262006247,273438,534,1,59,Sacramento
84,106262516329,273440,534,1,59,Sacramento
84,106263346358,273442,534,1,59,Sacramento
84,106063626365,273444,534,1,59,Sacramento
84,206262006247,273446,535,0,61,Oakland
84,106262516329,273448,535,0,61,Oakland
84,106263346358,273450,535,0,61,Oakland
84,106063626365,273452,535,0,61,Oakland
84,206262006247,273524,544,1,64,Sacramento
84,106262516329,273526,544,1,64,Sacramento
84,106263346358,273528,544,1,64,Sacramento
84,106063626365,273530,544,1,64,Sacramento
84,206262006247,273545,547,0,230,San Jose
84,106262516329,273547,547,0,230,San Jose
84,106263346358,273549,547,0,230,San Jose
84,106063626365,273551,547,0,230,San Jose
40751,206462006242,274439,2218,0,328,New York
40751,103262506250,274442,2218,0,328,New York
40751,106462566263,274443,2218,0,328,New York
40751,106462706291,274444,2218,0,328,New York
40751,100163326332,274447,2218,0,328,New York
90,106270047200,286362,55,1,190,Washington
88,106270047200,286374,197,1,267,Washington
75,212762006213,286409,28,1,243,Chicago
75,109662146215,286410,28,1,364,Chicago
75,112762166279,286411,28,1,243,Chicago
75,112762807070,286412,28,1,243,Chicago
75,100270717071,286413,28,1,243,Chicago
75,112770737200,286444,27,0,241,Portland
40751,106270047200,286549,2123,1,326,Washington
40751,106270047200,286638,2165,1,324,Washington
40751,106270047200,286651,2167,1,324,Washington
88,100163537200,286286,127,1,267,Washington
88,206262006218,286307,137,1,260,Washington
88,100262196219,286308,137,1,260,Washington
88,106262226226,286309,137,1,260,Washington
88,106262296247,286310,137,1,260,Washington
88,106262516329,286312,137,1,260,Washington
88,106263316352,286314,137,1,260,Washington
88,106063556365,286315,137,1,260,Washington
36921,206262006212,286819,238,1,245,New York
36921,106562066249,286820,238,1,245,New York
36921,106262156254,286821,238,1,245,New York
81,112770737200,286833,48,1,127,New York
36921,112763067200,286841,284,1,280,New York
68,112763067200,286849,64,1,198,New York
95,112762557200,286854,68,1,3,New York
95,112762557200,286866,69,0,4,Montreal
84,106270047200,286922,540,1,59,Sacramento
84,206262006216,286925,545,0,61,Oakland
84,100862176217,286926,545,0,230,San Jose
84,106262186247,286927,545,0,61,Oakland
84,106262516329,286929,545,0,61,Oakland
84,106263346358,286931,545,0,61,Oakland
84,106063626365,286933,545,0,61,Oakland
84,206262006216,286937,548,1,59,Sacramento
84,106262186247,286939,548,1,59,Sacramento
84,106262516329,286941,548,1,59,Sacramento
84,106263346358,286943,548,1,59,Sacramento
84,106063626365,286945,548,1,59,Sacramento
78,312762007200,286972,584,1,101,San Diego
40751,206462006242,274604,2264,0,327,Boston
40751,103262506250,274606,2264,0,327,Boston
40751,100163326332,274608,2264,0,327,Boston
36921,112762557200,286822,238,1,245,New York
95,206262006212,286863,69,0,4,Montreal
95,106562066249,286864,69,0,4,Montreal
95,106262156254,286865,69,0,4,Montreal
84,100162066206,286976,750,1,,Sacramento
84,100862176217,286977,552,1,,Sacramento
81,112770737200,286989,448,1,126,Boston
81,112770737200,286996,449,0,125,Chicago
88,206562006214,287119,165,1,260,Washington
88,106562206221,287120,165,1,260,Washington
88,106562276347,287121,165,1,260,Washington
88,103262506250,287122,165,1,260,Washington
88,100463306330,287124,165,1,260,Washington
88,100263597001,287126,165,1,260,Washington
84,306562007200,287162,749,0,61,Oakland
84,103262506250,287163,749,0,61,Oakland
84,100663306331,287164,749,0,61,Oakland
84,100263597001,287165,749,0,61,Oakland
88,206262006219,287149,86,0,90,Boston
88,106262226247,287150,86,0,381,New York
88,106262516282,287152,86,0,381,New York
88,106262856289,287153,86,0,90,Boston
88,106262926329,287154,86,0,90,Boston
88,106263316358,287156,86,0,90,Boston
88,106063626365,287158,86,0,90,Boston
84,106562067200,287168,732,1,59,Sacramento
84,103262506250,287169,732,1,59,Sacramento
84,100663306331,287170,732,1,59,Sacramento
84,100263597001,287171,732,1,59,Sacramento
42954,112762187200,287182,6615,0,,San Francisco
42954,212762006216,287180,6615,0,,San Francisco
42954,100862176217,287181,6615,0,,San Francisco
64,112762227200,287230,43,0,105,Pittsburgh
58,107463547200,287243,51,0,188,Chicago
88,106563537200,287251,153,1,267,Washington
88,106562557200,287257,155,1,158,Norfolk
69,112770017200,287275,89,1,103,Savannah
88,100163537200,287284,109,1,267,Washington
88,100163537200,287303,101,1,267,Washington
88,106563537200,287311,103,1,267,Washington
88,206562006214,287313,143,1,259,Washington
88,106562206221,287314,143,1,,Washington
88,106562276347,287315,143,1,259,Washington
88,103262506250,287316,143,1,259,Washington
88,100463306330,287318,143,1,259,Washington
88,100263597001,287320,143,1,259,Washington
88,206462006214,287321,145,1,340,Roanoke
88,106462216221,287322,145,1,340,Roanoke
88,106462286242,287323,145,1,340,Roanoke
88,103262506250,287325,145,1,340,Roanoke
88,106462566347,287326,145,1,340,Roanoke
88,100163326332,287327,145,1,340,Roanoke
88,200162006213,287329,147,1,391,Roanoke
88,100162206220,287330,147,1,,Roanoke
88,100162276325,287331,147,1,391,Roanoke
88,106462496249,287332,147,1,391,Roanoke
88,100463306330,287335,147,1,391,Roanoke
88,100163396346,287337,147,1,391,Roanoke
88,100263597001,287339,147,1,391,Roanoke
88,206462006214,287340,157,1,259,Washington
88,106462216221,287341,157,1,,Washington
88,106462286242,287342,157,1,259,Washington
88,103262506250,287344,157,1,259,Washington
88,100163326332,287346,157,1,259,Washington
40751,206562006214,287355,2259,1,324,Washington
40751,100162206220,287356,2259,1,324,Washington
40751,106462216221,287357,2259,1,324,Washington
40751,106562276347,287358,2259,1,324,Washington
40751,103262506250,287359,2259,1,324,Washington
40751,100463306330,287360,2259,1,324,Washington
40751,100263597001,287362,2259,1,324,Washington
94,206562006214,287363,663,0,23,Harrisburg
94,106562206221,287364,663,0,23,Harrisburg
94,103262506250,287366,663,0,23,Harrisburg
94,100463306330,287367,663,0,23,Harrisburg
94,100263597001,287368,663,0,23,Harrisburg
84,106270047200,287040,537,0,61,Oakland
81,212762006205,286983,448,1,126,Boston
81,112162066210,286984,448,1,126,Boston
81,112762116219,286985,448,1,126,Boston
81,112162206224,286986,448,1,,Rensselaer
81,112762257071,286987,448,1,126,Boston
81,100170727072,286988,448,1,126,Boston
81,212762006207,286990,449,0,125,Chicago
81,106062086211,286991,449,0,125,Chicago
81,112762126221,286992,449,0,125,Chicago
81,106062226225,286993,449,0,,Chicago
81,112762267071,286994,449,0,125,Chicago
81,100170727072,286995,449,0,125,Chicago
84,206262006247,287033,537,0,61,Oakland
84,106262516329,287035,537,0,61,Oakland
84,106263346358,287037,537,0,61,Oakland
84,106063626365,287039,537,0,61,Oakland
42994,112770737200,287050,40,0,385,Chicago
42994,112770737200,287060,41,1,384,Miami
42994,212762006225,287043,40,0,385,Chicago
42994,112762286288,287045,40,0,385,Chicago
42994,112762896297,287046,40,0,,Chicago
42994,112762987070,287047,40,0,385,Chicago
42994,100270717071,287048,40,0,385,Chicago
42994,212762006225,287053,41,1,384,Miami
42994,112762286288,287055,41,1,384,Miami
42994,112762896297,287056,41,1,,Pittsburgh
42994,112762987070,287057,41,1,384,Miami
42994,100270717071,287058,41,1,384,Miami
40751,100163397200,287096,2250,0,327,Boston
88,206262006219,287127,182,0,237,New York
88,106262226247,287128,182,0,264,Boston
88,106262516282,287130,182,0,264,Boston
88,106262856289,287131,182,0,237,New York
88,106262926329,287132,182,0,237,New York
88,106263316358,287134,182,0,237,New York
88,106063626365,287136,182,0,237,New York
88,106270047200,287159,86,0,90,Boston
40751,100162066213,287086,2250,0,327,Boston
40751,100162206241,287087,2250,0,327,Boston
40751,100162486283,287088,2250,0,327,Boston
40751,106462496249,287089,2250,0,327,Boston
40751,100162906325,287093,2250,0,327,Boston
40751,100463306330,287094,2250,0,327,Boston
40751,100263597001,287097,2250,0,327,Boston
88,106563537200,287125,165,1,260,Washington
40751,106563537200,287105,2267,1,324,Washington
88,106270047200,287137,182,0,237,New York
40751,206562006214,287100,2267,1,324,Washington
40751,106562206221,287101,2267,1,324,Washington
40751,106562276347,287102,2267,1,324,Washington
40751,103262506250,287103,2267,1,324,Washington
40751,100463306330,287104,2267,1,324,Washington
40751,100263597001,287106,2267,1,324,Washington
88,206462006214,287375,105,1,267,Washington
88,106462216221,287376,105,1,267,Washington
88,106462286242,287377,105,1,267,Washington
88,103262506250,287379,105,1,267,Washington
88,106462566347,287380,105,1,267,Washington
88,100163326332,287381,105,1,267,Washington
88,200162006213,287653,146,0,258,Springfield
88,206462006214,287654,146,0,258,Springfield
88,100162206220,287655,146,0,,New Haven
88,106462216221,287656,146,0,,New Haven
88,100162276241,287657,146,0,258,Springfield
88,106462286242,287658,146,0,258,Springfield
88,100162486283,287659,146,0,258,Springfield
88,106462496249,287660,146,0,258,Springfield
88,103262506250,287661,146,0,258,Springfield
88,106462566284,287662,146,0,258,Springfield
88,100463306330,287666,146,0,258,Springfield
88,100263597001,287667,146,0,258,Springfield
94,206462006214,287669,674,1,21,New York
94,106462216221,287670,674,1,21,New York
94,103262506250,287672,674,1,21,New York
94,100463306330,287673,674,1,21,New York
94,100263597001,287674,674,1,21,New York
64,212762006219,287228,43,0,105,Pittsburgh
64,106562206221,287229,43,0,105,Pittsburgh
58,207462006205,287236,51,0,188,Chicago
58,107462076219,287237,51,0,188,Chicago
58,106462216221,287238,51,0,188,Chicago
58,107462246228,287239,51,0,188,Chicago
58,107462316289,287240,51,0,188,Chicago
58,107462916298,287241,51,0,,Chicago
58,107463016352,287242,51,0,188,Chicago
88,106562066214,287245,153,1,267,Washington
88,106562206221,287246,153,1,267,Washington
88,106562276347,287247,153,1,267,Washington
88,103262506250,287248,153,1,267,Washington
88,100463306330,287250,153,1,267,Washington
88,100263597001,287252,153,1,267,Washington
88,206562006214,287253,155,1,158,Norfolk
88,106562206221,287254,155,1,158,Norfolk
88,106562276249,287255,155,1,158,Norfolk
88,103262506250,287256,155,1,158,Norfolk
88,100463306330,287259,155,1,158,Norfolk
88,100263597001,287260,155,1,158,Norfolk
69,212762006205,287266,89,1,103,Savannah
69,100162066213,287267,89,1,103,Savannah
69,112662076219,287268,89,1,103,Savannah
69,106562206221,287269,89,1,103,Savannah
69,106262226226,287270,89,1,103,Savannah
69,112762276287,287271,89,1,103,Savannah
69,112762996352,287273,89,1,103,Savannah
69,112763536365,287274,89,1,103,Savannah
88,200162006213,287276,109,1,267,Washington
88,100162206220,287277,109,1,267,Washington
88,100162276325,287278,109,1,267,Washington
88,106462496249,287279,109,1,267,Washington
88,100463306330,287281,109,1,267,Washington
88,100163396346,287283,109,1,267,Washington
88,100263597001,287285,109,1,267,Washington
88,200162006213,287294,101,1,267,Washington
88,100162206220,287295,101,1,267,Washington
88,100162276325,287296,101,1,267,Washington
88,106462496249,287297,101,1,267,Washington
88,100463306330,287300,101,1,267,Washington
88,100163396346,287302,101,1,267,Washington
88,100263597001,287304,101,1,267,Washington
88,206562006214,287305,103,1,267,Washington
88,106562206221,287306,103,1,267,Washington
88,106562276347,287307,103,1,267,Washington
88,103262506250,287308,103,1,267,Washington
88,100463306330,287310,103,1,267,Washington
88,100263597001,287312,103,1,267,Washington
88,106563537200,287389,135,1,260,Washington
88,106463547200,287398,149,1,260,Washington
88,100163537200,287407,159,1,267,Washington
88,100163537200,287420,161,1,260,Washington
88,106463547200,287421,161,1,260,Washington
88,100163397200,287431,163,1,260,Washington
88,106463547200,287440,189,1,267,Washington
36923,112770737200,287456,19,1,242,New Orleans
90,106563537200,287463,57,1,190,Washington
94,106562277200,287469,667,0,23,Harrisburg
94,106562277200,287476,669,0,23,Harrisburg
94,106562277200,287482,671,0,23,Harrisburg
88,100163537200,287494,107,1,267,Washington
42996,112762577200,287515,23,0,387,New Orleans
88,100162907200,287664,146,0,258,Springfield
88,106462917200,287665,146,0,258,Springfield
94,300162007200,287668,674,1,21,New York
94,106462287200,287671,674,1,21,New York
88,106563537200,287319,143,1,259,Washington
88,106463547200,287328,145,1,340,Roanoke
88,100163537200,287338,147,1,391,Roanoke
88,106462567200,287345,157,1,259,Washington
40751,106563537200,287361,2259,1,324,Washington
94,106562277200,287365,663,0,23,Harrisburg
88,106463547200,287382,105,1,267,Washington
88,206562006214,287383,135,1,260,Washington
88,106562206221,287384,135,1,260,Washington
88,106562276347,287385,135,1,260,Washington
88,103262506250,287386,135,1,260,Washington
88,100463306330,287388,135,1,260,Washington
88,100263597001,287390,135,1,260,Washington
88,206462006214,287391,149,1,260,Washington
88,106462216221,287392,149,1,260,Washington
88,106462286242,287393,149,1,260,Washington
88,103262506250,287395,149,1,260,Washington
88,106462566347,287396,149,1,260,Washington
88,100163326332,287397,149,1,260,Washington
88,200162006213,287399,159,1,267,Washington
88,100162206220,287400,159,1,267,Washington
88,100162276325,287401,159,1,267,Washington
88,106462496249,287402,159,1,267,Washington
88,100463306330,287404,159,1,267,Washington
88,100163396346,287406,159,1,267,Washington
88,100263597001,287408,159,1,267,Washington
88,100162066213,287411,161,1,260,Washington
88,106462076214,287412,161,1,260,Washington
88,103262506250,287546,160,0,264,Boston
88,100463306330,287549,160,0,264,Boston
88,100263597001,287550,160,0,264,Boston
88,200162006213,287551,167,1,355,Philadelphia
88,100162206220,287552,167,1,355,Philadelphia
88,100162276325,287553,167,1,355,Philadelphia
88,106462496249,287554,167,1,355,Philadelphia
88,100463306330,287557,167,1,355,Philadelphia
88,100263597001,287560,167,1,355,Philadelphia
88,206562006214,287561,169,1,355,Philadelphia
88,106562206221,287562,169,1,355,Philadelphia
88,103262506250,287564,169,1,355,Philadelphia
88,100463306330,287566,169,1,355,Philadelphia
88,100263597001,287567,169,1,355,Philadelphia
94,206562006214,287568,637,0,24,Philadelphia
94,106562206221,287569,637,0,24,Philadelphia
94,103262506250,287571,637,0,24,Philadelphia
94,100463306330,287572,637,0,24,Philadelphia
94,100263597001,287573,637,0,24,Philadelphia
42996,212762006256,287580,24,1,386,Mobile Amtrak Sta
40751,206462006214,287603,2216,0,328,New York
40751,106462216221,287604,2216,0,328,New York
40751,106462286242,287605,2216,0,328,New York
40751,103262506250,287608,2216,0,328,New York
40751,106462566263,287609,2216,0,328,New York
40751,106462706284,287610,2216,0,328,New York
40751,106462916319,287612,2216,0,328,New York
40751,100163326332,287614,2216,0,328,New York
64,212762006219,287615,42,1,106,New York
64,106562206221,287616,42,1,106,New York
94,106562066221,287619,664,1,21,New York
94,103262506250,287621,664,1,21,New York
94,100463306330,287622,664,1,21,New York
94,100263597001,287623,664,1,21,New York
94,106562066214,287625,666,1,21,New York
94,106562206221,287626,666,1,21,New York
94,103262506250,287628,666,1,21,New York
94,100463306330,287629,666,1,21,New York
94,100263597001,287630,666,1,21,New York
94,206562006220,287631,670,1,21,New York
94,106462216221,287632,670,1,21,New York
94,103262506250,287634,670,1,21,New York
94,100263597001,287636,670,1,21,New York
88,206462006214,287637,154,0,264,Boston
88,106462216221,287638,154,0,264,Boston
88,106462286242,287639,154,0,264,Boston
88,103262506250,287641,154,0,264,Boston
88,106462566284,287642,154,0,264,Boston
88,100163326332,287644,154,0,264,Boston
88,206462006214,287645,96,0,264,Boston
88,106462216221,287646,96,0,264,Boston
88,106462286242,287647,96,0,264,Boston
88,103262506250,287649,96,0,264,Boston
88,106462566284,287650,96,0,264,Boston
88,100163326332,287652,96,0,264,Boston
88,100162206220,287413,161,1,260,Washington
88,106462216221,287414,161,1,260,Washington
88,100162276346,287415,161,1,260,Washington
88,106462286347,287416,161,1,260,Washington
88,103262506250,287417,161,1,260,Washington
88,100463306330,287419,161,1,260,Washington
88,100263597001,287422,161,1,260,Washington
88,200162006213,287423,163,1,260,Washington
88,100162206220,287424,163,1,260,Washington
88,100162276325,287425,163,1,260,Washington
88,106462496249,287426,163,1,260,Washington
88,100463306330,287429,163,1,260,Washington
88,100263597001,287432,163,1,260,Washington
88,206462006214,287433,189,1,267,Washington
88,106462216221,287434,189,1,267,Washington
88,106462286242,287435,189,1,267,Washington
88,103262506250,287437,189,1,267,Washington
88,106462566347,287438,189,1,267,Washington
88,100163326332,287439,189,1,267,Washington
36923,212762006205,287441,19,1,242,New Orleans
36923,106562066214,287442,19,1,242,New Orleans
36923,106262086219,287443,19,1,242,New Orleans
36923,106562206221,287444,19,1,242,New Orleans
36923,112762226228,287445,19,1,242,New Orleans
36923,112762296249,287446,19,1,242,New Orleans
36923,103262506250,287447,19,1,242,New Orleans
36923,112762516288,287448,19,1,242,New Orleans
36923,112762896298,287449,19,1,,New Orleans
36923,112762996329,287450,19,1,242,New Orleans
36923,100463306330,287451,19,1,242,New Orleans
36923,112763316352,287452,19,1,242,New Orleans
36923,112763536365,287453,19,1,242,New Orleans
36923,112770017071,287454,19,1,242,New Orleans
36923,100170727072,287455,19,1,242,New Orleans
90,206562006214,287457,57,1,190,Washington
90,106562206221,287458,57,1,378,Washington
90,106562276347,287459,57,1,190,Washington
90,103262506250,287460,57,1,190,Washington
90,100463306330,287462,57,1,190,Washington
90,100263597001,287464,57,1,190,Washington
94,106562066214,287466,667,0,23,Harrisburg
94,100162206220,287467,667,0,23,Harrisburg
94,106462216221,287468,667,0,23,Harrisburg
94,103262506250,287470,667,0,23,Harrisburg
94,100463306330,287471,667,0,23,Harrisburg
94,100263597001,287472,667,0,23,Harrisburg
94,106562066214,287474,669,0,23,Harrisburg
94,106562206221,287475,669,0,23,Harrisburg
94,103262506250,287477,669,0,23,Harrisburg
94,100463306330,287478,669,0,23,Harrisburg
94,100263597001,287479,669,0,23,Harrisburg
94,206562006214,287480,671,0,23,Harrisburg
94,106562206221,287481,671,0,23,Harrisburg
94,103262506250,287483,671,0,23,Harrisburg
94,100463306330,287484,671,0,23,Harrisburg
94,100263597001,287485,671,0,23,Harrisburg
88,200162006213,287486,107,1,267,Washington
88,100162206220,287487,107,1,267,Washington
88,100162276325,287488,107,1,267,Washington
88,106462496249,287489,107,1,267,Washington
88,100463306330,287491,107,1,267,Washington
88,100163396346,287493,107,1,267,Washington
88,100263597001,287495,107,1,267,Washington
42996,212762006256,287514,23,0,387,New Orleans
40751,106463267200,287613,2216,0,328,New York
64,112762227200,287617,42,1,106,New York
94,106562277200,287620,664,1,21,New York
94,106562277200,287627,666,1,21,New York
94,106562277200,287633,670,1,21,New York
88,106462917200,287643,154,0,264,Boston
88,106462917200,287651,96,0,264,Boston
88,106462917200,287522,120,0,237,New York
88,106462567200,287529,123,1,389,Philadelphia
88,106463547200,287539,139,1,260,Washington
88,106562907200,287548,160,0,264,Boston
88,100163397200,287559,167,1,355,Philadelphia
88,106562277200,287563,169,1,355,Philadelphia
94,106562277200,287570,637,0,24,Philadelphia
42996,112762577200,287581,24,1,386,Mobile Amtrak Sta
88,106462076221,287517,120,0,237,New York
88,106462286242,287518,120,0,237,New York
88,103262506250,287520,120,0,237,New York
88,106462566284,287521,120,0,237,New York
88,100163326332,287523,120,0,237,New York
88,206462006214,287524,123,1,389,Philadelphia
88,106462216221,287525,123,1,389,Philadelphia
88,106462286242,287526,123,1,389,Philadelphia
88,103262506250,287528,123,1,389,Philadelphia
88,100163326332,287530,123,1,389,Philadelphia
88,106462076214,287532,139,1,260,Washington
88,106462216221,287533,139,1,260,Washington
88,106462286242,287534,139,1,260,Washington
88,103262506250,287536,139,1,260,Washington
88,106462566347,287537,139,1,260,Washington
88,100163326332,287538,139,1,260,Washington
88,106562066214,287542,160,0,264,Boston
88,106562206221,287543,160,0,264,Boston
88,106562276242,287544,160,0,264,Boston
88,106562486284,287545,160,0,264,Boston
79,112762407200,287725,71,0,108,Charlotte
79,112762407200,287730,72,1,107,Raleigh
79,112762407200,287735,73,0,108,Charlotte
79,112762407200,287740,74,1,107,Raleigh
79,112762407200,287745,75,0,108,Charlotte
79,112762407200,287750,76,1,107,Raleigh
79,112762407200,287755,77,0,108,Charlotte
79,112762407200,287760,78,1,107,Raleigh
85,112770017200,287771,79,1,178,Charlotte
85,107070017200,287784,80,0,177,New York
85,105770027200,287785,80,0,177,New York
18650,112762757200,287789,8358,0,,St. Louis
18650,112762737200,287794,8359,1,,Carbondale
41080,112762227200,287797,8501,0,,Redding
41080,112762227200,287800,8514,1,,Sacramento
41080,112762227200,287803,8517,0,,Redding
41080,112762227200,287806,8504,1,,Sacramento
42996,112762577200,287819,26,1,386,Mobile Amtrak Sta
42996,112762577200,287823,25,0,387,New Orleans
84,106270047200,288005,542,1,64,Sacramento
94,106262086226,287840,642,1,21,New York
94,106262296247,287841,642,1,21,New York
94,106262516329,287843,642,1,21,New York
94,106263316358,287845,642,1,21,New York
94,106063626365,287847,642,1,21,New York
88,106563537200,287913,195,1,260,Washington
40751,106270047200,287948,2115,1,326,Washington
40751,106270047200,287958,2128,0,328,New York
40751,206262006247,287870,2108,0,328,New York
40751,106262516289,287872,2108,0,328,New York
40751,106262926329,287873,2108,0,328,New York
40751,106263316358,287875,2108,0,328,New York
40751,106063626365,287877,2108,0,328,New York
40751,106462567200,274607,2264,0,327,Boston
40751,106462987200,274446,2218,0,328,New York
42954,112762577200,287883,4761,0,,Oakland
42954,112762327200,287886,4765,0,,Oakland
42954,112762327200,287889,4769,0,,Oakland
42954,312762007200,287890,4770,1,,Santa Barbara
42954,112762327200,287893,4782,1,,Santa Barbara
42954,112762577200,287896,4785,0,,Oakland
42954,112762327200,287899,4790,1,,Santa Barbara
42954,112762327200,287902,4794,1,,San Luis Obispo
42954,312762007200,287903,4985,0,,Fullerton
42954,312762007200,287904,4970,1,,Palm Springs
42954,312762007200,287905,4982,1,,Indio
42954,312762007200,287906,4969,0,,Fullerton
40751,106462076214,287981,2209,1,326,Washington
40751,106462216221,287982,2209,1,326,Washington
40751,106462286242,287983,2209,1,326,Washington
40751,103262506250,287985,2209,1,326,Washington
40751,106462566347,287986,2209,1,326,Washington
40751,100163326332,287987,2209,1,326,Washington
40751,206262006247,287950,2128,0,328,New York
40751,106262516289,287952,2128,0,328,New York
40751,106262926329,287953,2128,0,328,New York
40751,106263316358,287955,2128,0,328,New York
40751,106063626365,287957,2128,0,328,New York
84,206262006247,287998,542,1,64,Sacramento
84,106262516329,288000,542,1,64,Sacramento
84,106263346358,288002,542,1,64,Sacramento
84,106063626365,288004,542,1,64,Sacramento
40751,106270047200,288023,2120,0,328,New York
40751,106270047200,288033,2112,0,328,New York
40751,106270047200,288098,2150,0,327,Boston
40751,106262436247,288187,2105,1,326,Washington
40751,106262516329,288189,2105,1,326,Washington
40751,106263316358,288191,2105,1,326,Washington
40751,106063626365,288193,2105,1,326,Washington
40751,106270047200,288240,2119,1,326,Washington
40751,106563257200,288245,2203,1,326,Washington
96,212762006205,288336,6,1,174,Chicago
96,109762066208,288337,6,1,,Denver
96,112762097070,288338,6,1,174,Chicago
96,100270717071,288339,6,1,174,Chicago
96,212762006206,288342,5,0,173,Emeryville
96,111262076209,288343,5,0,,Emeryville
96,112762107070,288344,5,0,173,Emeryville
96,100270717071,288345,5,0,173,Emeryville
68,212762006205,288356,63,0,350,Toronto
68,106562066235,288357,63,0,350,Toronto
68,106262086237,288358,63,0,350,Toronto
68,106262386250,288359,63,0,350,Toronto
68,106562416249,288360,63,0,350,Toronto
68,103062516254,288361,63,0,350,Toronto
68,106562556256,288362,63,0,350,Toronto
68,112762576305,288363,63,0,350,Toronto
36921,112762577200,288373,233,0,248,Rensselaer
40751,206262006247,288016,2120,0,328,New York
40751,106262516329,288018,2120,0,328,New York
40751,106263316358,288020,2120,0,328,New York
40751,106063626365,288022,2120,0,328,New York
40751,206262006247,288025,2112,0,328,New York
40751,106262516289,288027,2112,0,328,New York
40751,106262926329,288028,2112,0,328,New York
40751,106263316358,288030,2112,0,328,New York
40751,106063626365,288032,2112,0,328,New York
40751,100162066213,288049,2208,0,328,New York
40751,106462076214,288050,2208,0,328,New York
40751,100162206220,288051,2208,0,328,New York
40751,106462216221,288052,2208,0,328,New York
40751,100162276241,288053,2208,0,328,New York
40751,106462286242,288054,2208,0,328,New York
40751,100162486325,288055,2208,0,328,New York
40751,106462496249,288056,2208,0,328,New York
40751,103262506250,288057,2208,0,328,New York
40751,100463306330,288059,2208,0,328,New York
40751,100163326332,288060,2208,0,328,New York
40751,100263597001,288062,2208,0,328,New York
78,312762007200,275340,761,0,149,Goleta
40751,206462006242,275845,2212,0,328,New York
40751,103262506250,275847,2212,0,328,New York
40751,106462566291,275848,2212,0,328,New York
40751,100163326332,275850,2212,0,328,New York
88,106270047200,276847,138,0,349,New York
88,106270047200,276881,170,0,264,Boston
88,106270047200,276945,177,1,355,Philadelphia
88,206262006247,276959,179,1,355,Philadelphia
88,106262516329,276961,179,1,355,Philadelphia
88,106263316358,276963,179,1,355,Philadelphia
88,106063626365,276965,179,1,355,Philadelphia
88,206262006247,277032,190,0,356,Boston
88,106262516329,277034,190,0,356,Boston
88,106263316358,277036,190,0,356,Boston
88,106063626365,277038,190,0,356,Boston
88,206262006247,276232,110,0,388,New York
88,106262516329,276234,110,0,388,New York
88,106263316358,276236,110,0,388,New York
88,106063626365,276238,110,0,388,New York
41042,206562006214,277696,405,1,318,New Haven
41042,103262506250,277699,405,1,318,New Haven
41042,100463306330,277700,405,1,318,New Haven
41042,100263597001,277701,405,1,318,New Haven
41042,206462006214,277704,409,1,318,New Haven
41042,106462286242,277706,409,1,318,New Haven
41042,103262506250,277708,409,1,318,New Haven
41042,100163326332,277710,409,1,318,New Haven
41042,206462006214,277713,416,0,319,Springfield
41042,106462286242,277715,416,0,319,Springfield
41042,103262506250,277717,416,0,319,Springfield
41042,100163326332,277719,416,0,319,Springfield
41042,206562006214,277723,450,0,319,Springfield
41042,103262506250,277726,450,0,319,Springfield
41042,100463306330,277727,450,0,319,Springfield
41042,100263597001,277728,450,0,319,Springfield
41042,206562006214,277732,460,0,319,Springfield
41042,103262506250,277735,460,0,319,Springfield
41042,100463306330,277736,460,0,319,Springfield
41042,100263597001,277737,460,0,319,Springfield
41042,200162006213,277741,463,1,318,New Haven
41042,100162276325,277743,463,1,318,New Haven
41042,106462496249,277744,463,1,318,New Haven
41042,100463306330,277745,463,1,318,New Haven
41042,100263597001,277748,463,1,318,New Haven
41042,206562006214,277752,464,0,319,Springfield
41042,103262506250,277755,464,0,319,Springfield
41042,100463306330,277756,464,0,319,Springfield
41042,100263597001,277757,464,0,319,Springfield
41042,206462006214,277760,465,1,318,New Haven
41042,106462286242,277762,465,1,318,New Haven
41042,103262506250,277764,465,1,318,New Haven
41042,100163326332,277766,465,1,318,New Haven
41042,200162006213,277770,467,1,318,New Haven
41042,100162276325,277772,467,1,318,New Haven
41042,106462496249,277773,467,1,318,New Haven
41042,100463306330,277774,467,1,318,New Haven
41042,100263597001,277777,467,1,318,New Haven
41042,206462006214,277780,497,1,318,New Haven
41042,106462286242,277782,497,1,318,New Haven
41042,103262506250,277784,497,1,318,New Haven
41042,100163326332,277786,497,1,318,New Haven
41044,206562006214,277800,461,1,315,New Haven
41044,103262506250,277803,461,1,315,New Haven
41044,100463306330,277804,461,1,315,New Haven
41044,100263597001,277805,461,1,315,New Haven
41044,106562277200,277802,461,1,315,New Haven
41044,206262006218,277836,425,1,320,Springfield
41044,106262226247,277838,425,1,320,Springfield
41044,106262516329,277840,425,1,320,Springfield
41044,106263316358,277842,425,1,320,Springfield
41044,106063626365,277844,425,1,320,Springfield
41044,206562006214,277846,499,1,320,Springfield
41044,103262506250,277850,499,1,320,Springfield
41044,100463306330,277851,499,1,320,Springfield
41044,100263597001,277852,499,1,320,Springfield
41044,106562277200,277944,400,0,317,Greenfield
41042,106562277200,277698,405,1,318,New Haven
41042,106462567200,277709,409,1,318,New Haven
41042,106462567200,277718,416,0,319,Springfield
41042,106562277200,277725,450,0,319,Springfield
41042,106562277200,277734,460,0,319,Springfield
41042,100163397200,277747,463,1,318,New Haven
41042,106562277200,277754,464,0,319,Springfield
41042,106462567200,277765,465,1,318,New Haven
41042,100163397200,277776,467,1,318,New Haven
41042,106462567200,277785,497,1,318,New Haven
41044,106562277200,277849,499,1,320,Springfield
41044,106270047200,277845,425,1,320,Springfield
41044,103262506250,277945,400,0,317,Greenfield
41044,100463306330,277946,400,0,317,Greenfield
41044,100263597001,277947,400,0,317,Greenfield
36923,112762906298,278261,1019,1,,Washington
69,112762906297,278125,1090,0,,New York
36923,112762906298,278266,1020,0,,New York
42947,112762906298,278271,1097,1,,Washington
42947,112762906298,278276,1098,0,,New York
41044,206562006214,277905,488,0,316,Greenfield
41044,103262506250,277908,488,0,316,Greenfield
41044,100463306330,277909,488,0,316,Greenfield
41044,100263597001,277910,488,0,316,Greenfield
41044,206562006214,277941,400,0,317,Greenfield
94,206262006247,280096,644,1,21,New York
94,106262516329,280098,644,1,21,New York
94,106263316358,280100,644,1,21,New York
94,106063626365,280102,644,1,21,New York
94,206262006247,280106,646,1,21,New York
94,106262516329,280108,646,1,21,New York
94,106263316358,280110,646,1,21,New York
94,106063626365,280112,646,1,21,New York
94,206262006226,280116,648,1,21,New York
94,106262296247,280117,648,1,21,New York
94,106262516329,280119,648,1,21,New York
94,106263316358,280121,648,1,21,New York
94,106063626365,280123,648,1,21,New York
94,206262006226,280127,650,1,21,New York
94,106262296247,280128,650,1,21,New York
94,106262516329,280130,650,1,21,New York
94,106263316358,280132,650,1,21,New York
94,106063626365,280134,650,1,21,New York
94,206262006247,280138,652,1,21,New York
94,106262516329,280140,652,1,21,New York
94,106263316358,280142,652,1,21,New York
94,106063626365,280144,652,1,21,New York
94,106270047200,280237,607,0,23,Harrisburg
94,100163397200,280243,611,0,25,Harrisburg
94,106270047200,280259,641,0,23,Harrisburg
94,106270047200,280339,655,0,23,Harrisburg
94,106270047200,280349,657,0,23,Harrisburg
94,106270047200,280359,601,0,25,Harrisburg
94,206262006247,280362,605,0,25,Harrisburg
94,106262516329,280364,605,0,25,Harrisburg
94,106263316358,280366,605,0,25,Harrisburg
94,106063626365,280368,605,0,25,Harrisburg
40751,206562006291,280543,2260,0,327,Boston
40751,103262506250,280544,2260,0,327,Boston
40751,100463306330,280546,2260,0,327,Boston
40751,100263597001,280547,2260,0,327,Boston
42954,206262006212,278471,6255,1,,Providence
42954,206562006207,278472,6255,1,,Providence
42954,206262006212,278475,6256,0,,Worcester
42954,206562006207,278476,6256,0,,Worcester
42954,206262006212,278479,6257,1,,Providence
42954,206562006207,278480,6257,1,,Providence
42954,206262006212,278483,6258,0,,Worcester
42954,200162006206,278484,6258,0,,Worcester
42954,206462006207,278485,6258,0,,Worcester
42954,206262006212,278489,6259,1,,Providence
42954,200162006206,278490,6259,1,,Providence
42954,206462006207,278491,6259,1,,Providence
42954,206262006212,278495,6260,0,,Worcester
42954,206562006207,278496,6260,0,,Worcester
78,312762007200,280194,757,0,150,San Luis Obispo
94,206262006247,280262,609,0,23,Harrisburg
94,106262516329,280264,609,0,23,Harrisburg
94,106263316358,280266,609,0,23,Harrisburg
94,106063626365,280268,609,0,23,Harrisburg
94,206262006247,280272,643,0,23,Harrisburg
94,106262516329,280274,643,0,23,Harrisburg
94,106263316358,280276,643,0,23,Harrisburg
94,106063626365,280278,643,0,23,Harrisburg
94,206262006247,280292,647,0,23,Harrisburg
94,106262516329,280294,647,0,23,Harrisburg
94,106263316358,280296,647,0,23,Harrisburg
94,106063626365,280298,647,0,23,Harrisburg
94,206262006247,280302,649,0,23,Harrisburg
94,106262516329,280304,649,0,23,Harrisburg
94,106263316358,280306,649,0,23,Harrisburg
94,106063626365,280308,649,0,23,Harrisburg
94,206262006247,280312,651,0,23,Harrisburg
94,106262516329,280314,651,0,23,Harrisburg
94,106263316358,280316,651,0,23,Harrisburg
94,106063626365,280318,651,0,23,Harrisburg
94,206262006247,280322,653,0,23,Harrisburg
94,106262516329,280324,653,0,23,Harrisburg
94,106263316358,280326,653,0,23,Harrisburg
94,106063626365,280328,653,0,23,Harrisburg
94,100270087200,280161,624,1,21,New York
94,106270047200,280171,656,1,21,New York
94,106270047200,280181,658,1,21,New York
94,106270047200,280191,626,1,21,New York
94,106270047200,280369,605,0,25,Harrisburg
60,312762007200,280387,518,0,291,Vancouver
94,106262516329,280077,640,1,21,New York
94,106263316358,280079,640,1,21,New York
94,106063626365,280081,640,1,21,New York
40751,106270047200,280665,2158,0,327,Boston
40751,106270047200,280676,2160,0,327,Boston
40751,106270047200,280688,2162,0,327,Boston
40751,100163397200,280584,2262,0,327,Boston
40751,206262006247,280724,2118,0,328,New York
40751,106262516289,280726,2118,0,328,New York
40751,106262926329,280727,2118,0,328,New York
40751,106263316358,280729,2118,0,328,New York
40751,106063626365,280731,2118,0,328,New York
40751,206262006247,280746,2116,0,328,New York
40751,106262516329,280748,2116,0,328,New York
40751,106263316358,280750,2116,0,328,New York
40751,106063626365,280752,2116,0,328,New York
61,106262867200,281176,685,0,152,Brunswick
42954,106262517200,263983,3532,1,,Sparks
42954,106262517200,263989,3539,0,,Sacramento
42954,306562007200,263990,3591,0,,Sacramento
42954,206262006247,263981,3532,1,,Sparks
42954,206262006247,263987,3539,0,,Sacramento
42954,103262506250,263992,3591,0,,Sacramento
31849,312762007200,264268,7097,1,,Canadian Border
31849,312762007200,264273,7098,0,,Toronto
94,106270047200,280072,600,1,21,New York
94,106270047200,280082,640,1,21,New York
94,106270047200,280103,644,1,21,New York
94,106270047200,280113,646,1,21,New York
94,106270047200,280124,648,1,21,New York
94,106270047200,280135,650,1,21,New York
94,106270047200,280145,652,1,21,New York
94,206262006247,280230,607,0,23,Harrisburg
94,106262516329,280232,607,0,23,Harrisburg
94,106263316358,280234,607,0,23,Harrisburg
94,106063626365,280236,607,0,23,Harrisburg
94,200162006325,280238,611,0,25,Harrisburg
94,106462496249,280240,611,0,25,Harrisburg
94,100463306330,280241,611,0,25,Harrisburg
94,100263597001,280244,611,0,25,Harrisburg
94,206262006247,280252,641,0,23,Harrisburg
94,106262516329,280254,641,0,23,Harrisburg
94,106263316358,280256,641,0,23,Harrisburg
94,106063626365,280258,641,0,23,Harrisburg
94,200262006352,280158,624,1,21,New York
94,100863296329,280159,624,1,21,New York
94,206262006247,280164,656,1,21,New York
94,106262516329,280166,656,1,21,New York
94,106263316358,280168,656,1,21,New York
94,106063626365,280170,656,1,21,New York
94,206262006247,280174,658,1,21,New York
94,106262516329,280176,658,1,21,New York
94,106263316358,280178,658,1,21,New York
94,106063626365,280180,658,1,21,New York
94,206262006247,280184,626,1,21,New York
94,106262516329,280186,626,1,21,New York
94,106263316358,280188,626,1,21,New York
94,106063626365,280190,626,1,21,New York
94,106270047200,280269,609,0,23,Harrisburg
94,106270047200,280279,643,0,23,Harrisburg
94,106270047200,280299,647,0,23,Harrisburg
94,106270047200,280309,649,0,23,Harrisburg
94,106270047200,280319,651,0,23,Harrisburg
94,106270047200,280329,653,0,23,Harrisburg
94,206262006247,280332,655,0,23,Harrisburg
94,106262516329,280334,655,0,23,Harrisburg
94,106263316358,280336,655,0,23,Harrisburg
94,106063626365,280338,655,0,23,Harrisburg
94,206262006247,280342,657,0,23,Harrisburg
94,106262516329,280344,657,0,23,Harrisburg
94,106263316358,280346,657,0,23,Harrisburg
94,106063626365,280348,657,0,23,Harrisburg
94,206262006247,280352,601,0,25,Harrisburg
94,106262516329,280354,601,0,25,Harrisburg
94,106263316358,280356,601,0,25,Harrisburg
94,106063626365,280358,601,0,25,Harrisburg
94,206262006247,280065,600,1,21,New York
94,106262516329,280067,600,1,21,New York
94,106263316358,280069,600,1,21,New York
94,106063626365,280071,600,1,21,New York
94,206262006247,280075,640,1,21,New York
86,312762007200,264558,822,0,18,Oklahoma City
78,312762007200,265020,567,0,102,Los Angeles
78,312762007200,265015,572,1,101,San Diego
42985,306262007200,272714,9511,1,,Washington
42985,306262007200,272730,9449,1,,Washington
42985,306262007200,272778,9401,1,,Washington
42985,306262007200,272781,9409,1,,Washington
42985,306262007200,272784,9415,1,,Washington
42985,306262007200,272787,9419,1,,Washington
42985,306262007200,272790,9423,1,,Washington
42985,306262007200,272793,9429,1,,Washington
42985,306262007200,272796,9433,1,,Washington
42985,306262007200,272799,9439,1,,Washington
42985,306262007200,272802,9445,1,,Washington
42985,306262007200,272805,9447,1,,Washington
42985,306262007200,272808,9505,1,,Washington
42985,306262007200,272811,9613,1,,Baltimore
42985,306262007200,272814,9679,1,,Washington
36921,112762577200,265696,244,1,245,New York
36921,206162006246,265692,244,1,245,New York
36921,106562486249,265693,244,1,245,New York
36921,102962516255,265695,244,1,245,New York
42992,206662006247,265719,1246,1,,New York
42992,109862506256,265721,1246,1,,New York
36921,312762007200,266124,234,1,245,New York
42933,207162006235,266452,6005,1,,Fraser
42933,110362396243,266454,6005,1,,Fraser
42933,207162006235,266459,6006,1,,Fraser
42933,110362396243,266461,6006,1,,Fraser
42933,207162006235,266466,6205,1,,Winter Park
42933,110362396243,266468,6205,1,,Winter Park
42933,207162006235,266473,6206,1,,Winter Park
42933,110362396243,266475,6206,1,,Winter Park
36921,312762007200,266138,241,0,248,Rensselaer
42933,112763207200,266456,6005,1,,Fraser
42933,112763207200,266463,6006,1,,Fraser
42933,112763207200,266470,6205,1,,Winter Park
42933,112763207200,266477,6206,1,,Winter Park
36921,112763067200,267274,280,1,280,New York
42954,206562006249,267432,6087,0,,Newport News
42954,206562006249,267441,6099,1,,Virginia Beach
42954,206562006249,267447,6187,1,,Virginia Beach
36921,212762006305,267273,280,1,280,New York
42954,206562006249,267456,6124,0,,Newport News
42954,206562006249,267459,6158,0,,Norfolk
42954,206562006249,267476,6155,1,,Newport News
42954,206562006249,267479,6156,1,,Virginia Beach
41044,106562277200,277907,488,0,316,Greenfield
42985,306262007200,266616,9410,0,,Baltimore
42985,306262007200,266625,9416,0,,Baltimore
42985,306262007200,266634,9424,0,,Baltimore
42985,306262007200,266637,9426,0,,Baltimore
42985,306262007200,266655,9448,0,,Baltimore
42985,306262007200,266658,9502,0,,Perryville
42985,306262007200,266661,9520,0,,Perryville
42985,306262007200,266667,9544,0,,Perryville
42985,306262007200,266679,9612,0,,Martin Airport
42985,306262007200,266682,9634,0,,Martin Airport
42985,306262007200,266685,9642,0,,Martin Airport
42985,306262007200,266688,9652,0,,Perryville
42985,306262007200,266691,9654,0,,Perryville
69,112762906298,278071,1089,1,,Washington
42948,306562007200,279114,3663,0,,New Haven
84,206262006247,279103,532,1,59,Sacramento
84,106262516329,279105,532,1,59,Sacramento
84,106263346358,279107,532,1,59,Sacramento
84,106063626365,279109,532,1,59,Sacramento
84,106270047200,279110,532,1,59,Sacramento
42954,312762007200,279298,5005,0,,San Francisco
61,106262867200,279249,686,1,153,Boston
42954,103262506250,279295,5006,1,,Emeryville
42954,306562007200,279294,5006,1,,Emeryville
42954,106562557200,267457,6124,0,,Newport News
42954,106562557200,267460,6158,0,,Norfolk
42954,106562557200,267477,6155,1,,Newport News
42954,106562557200,267480,6156,1,,Virginia Beach
61,206262006285,279248,686,1,153,Boston
78,312762007200,267519,579,0,102,Los Angeles
42954,106562557200,267433,6087,0,,Newport News
42954,106562557200,267442,6099,1,,Virginia Beach
42954,106562557200,267448,6187,1,,Virginia Beach
78,312762007200,268278,581,0,102,Los Angeles
78,312762007200,268255,770,1,151,San Diego
78,312762007200,269604,595,0,102,Los Angeles
40751,200162006290,280579,2262,0,327,Boston
40751,106462496249,280580,2262,0,327,Boston
40751,100162976325,280581,2262,0,327,Boston
40751,100463306330,280582,2262,0,327,Boston
40751,100263597001,280585,2262,0,327,Boston
40751,106263316358,280685,2162,0,327,Boston
40751,106063626365,280687,2162,0,327,Boston
40751,106270047200,280732,2118,0,328,New York
40751,106270047200,280753,2116,0,328,New York
61,206262006285,281175,685,0,152,Brunswick
40751,106562977200,280545,2260,0,327,Boston
40751,206262006247,280657,2158,0,327,Boston
40751,106262516289,280659,2158,0,327,Boston
40751,106262926329,280660,2158,0,327,Boston
40751,106263316358,280662,2158,0,327,Boston
40751,106063626365,280664,2158,0,327,Boston
40751,206262006247,280668,2160,0,327,Boston
40751,106262516289,280670,2160,0,327,Boston
40751,106262926329,280671,2160,0,327,Boston
40751,106263316358,280673,2160,0,327,Boston
40751,106063626365,280675,2160,0,327,Boston
40751,206262006247,280681,2162,0,327,Boston
40751,106262516329,280683,2162,0,327,Boston
81,212762007071,281373,49,0,128,Chicago
81,100170727072,281374,49,0,128,Chicago
87,212762007071,281383,22,1,274,Chicago
87,100170727072,281384,22,1,274,Chicago
87,212762007071,281386,21,0,272,San Antonio
87,100170727072,281387,21,0,272,San Antonio
94,106270047200,282007,639,0,24,Philadelphia
94,106270047200,282018,654,1,21,New York
41044,206262006217,282095,479,1,315,New Haven
41044,100662186219,282096,479,1,,New Haven
41044,106262226247,282097,479,1,315,New Haven
41044,106262516303,282099,479,1,315,New Haven
41044,106263066329,282100,479,1,315,New Haven
41044,106263316358,282102,479,1,315,New Haven
75,212762006279,281245,7,0,184,Seattle
75,112762807070,281246,7,0,184,Seattle
75,100270717071,281247,7,0,184,Seattle
75,212762006279,281263,8,1,186,Chicago
75,112762807070,281264,8,1,186,Chicago
75,100270717071,281265,8,1,186,Chicago
42994,112762916298,281300,1041,1,,Miami
42994,100170727072,281302,1041,1,384,Miami
75,112770737200,281249,7,0,184,Seattle
42994,112762906297,281285,1040,0,,Jacksonville
42994,100170727072,281287,1040,0,385,Chicago
36924,112770737200,281307,11,1,314,Los Angeles
36924,112770737200,281311,14,0,313,Seattle
75,112770737200,281267,8,1,186,Chicago
81,112770737200,281375,49,0,128,Chicago
87,112770737200,281385,22,1,274,Chicago
87,112770737200,281388,21,0,272,San Antonio
41044,106063626365,282104,479,1,315,New Haven
42954,206262006250,281540,6186,0,,Newport News
42954,206262006250,281544,6193,1,,Virginia Beach
42954,306262007200,281556,6394,0,,Norfolk
42954,306262007200,281559,6438,0,,Norfolk
41044,206262006247,282036,471,1,359,New Haven
41044,106262516303,282038,471,1,359,New Haven
41044,106263066329,282039,471,1,,New Haven
41044,106263316358,282041,471,1,,New Haven
41044,106063626365,282043,471,1,,New Haven
94,100162066213,281647,662,1,21,New York
94,100162206325,281648,662,1,21,New York
94,106462496249,281649,662,1,21,New York
94,100463306330,281650,662,1,21,New York
94,100263597001,281653,662,1,21,New York
94,106270047200,281955,645,0,23,Harrisburg
41044,106270047200,282044,471,1,,New Haven
41042,206262006247,282070,417,1,318,New Haven
41042,106262516303,282072,417,1,318,New Haven
41042,106263066329,282073,417,1,318,New Haven
41042,106263316358,282075,417,1,318,New Haven
41042,106063626365,282077,417,1,318,New Haven
41044,106270047200,282105,479,1,315,New Haven
41044,206262006247,282193,478,0,,Springfield
41044,106262516303,282195,478,0,,Springfield
41044,106263066329,282196,478,0,,Springfield
41044,106263316358,282198,478,0,,Springfield
41044,106063626365,282200,478,0,,Springfield
60,312762007200,283367,502,0,290,Seattle
60,312762007200,283370,503,1,292,Eugene
36924,212762007071,281305,11,1,314,Los Angeles
36924,100170727072,281306,11,1,314,Los Angeles
36924,212762007071,281309,14,0,313,Seattle
36924,100170727072,281310,14,0,313,Seattle
94,206262006247,282000,639,0,24,Philadelphia
94,106262516329,282002,639,0,24,Philadelphia
94,106263316357,282004,639,0,24,Philadelphia
94,105663626364,282006,639,0,24,Philadelphia
94,206262006247,282011,654,1,21,New York
94,106262516329,282013,654,1,21,New York
94,106263316358,282015,654,1,21,New York
94,106063626365,282017,654,1,21,New York
41042,106270047200,282066,475,1,318,New Haven
41042,106270047200,282078,417,1,318,New Haven
41044,106270047200,282148,494,0,316,Greenfield
41044,106270047200,282162,486,0,316,Greenfield
42954,206262006250,281524,6093,0,,Newport News
42954,206262006250,281528,6094,0,,Norfolk
42954,206262006250,281532,6095,1,,Virginia Beach
42954,206262006250,281536,6125,1,,Virginia Beach
88,106562907200,282489,118,0,237,New York
88,100163397200,282545,194,0,264,Boston
40751,206562006242,282762,2258,0,327,Boston
40751,106562486284,282763,2258,0,327,Boston
40751,103262506250,282764,2258,0,327,Boston
40751,100463306330,282766,2258,0,327,Boston
40751,100263597001,282767,2258,0,327,Boston
88,106270047200,282890,112,0,237,New York
88,206262006247,282926,174,0,264,Boston
88,106262516289,282928,174,0,264,Boston
88,106262926329,282929,174,0,264,Boston
88,106263316358,282931,174,0,264,Boston
88,106063626365,282933,174,0,264,Boston
88,206262006218,283065,136,0,258,Springfield
88,100262196219,283066,136,0,,New Haven
88,106262226247,283067,136,0,258,Springfield
88,106262516289,283069,136,0,258,Springfield
88,106262926329,283070,136,0,258,Springfield
88,106263316358,283072,136,0,258,Springfield
88,106063626365,283074,136,0,258,Springfield
88,106270047200,283141,186,0,393,Philadelphia
88,106270047200,283152,192,0,237,New York
88,100163397200,283242,142,0,237,New York
88,100163397200,283264,106,0,237,New York
69,212762006288,283279,90,0,104,New York
69,112763006365,283281,90,0,104,New York
88,106562907200,283334,164,0,90,Boston
40751,100162907200,283427,2252,0,327,Boston
40751,106462917200,283428,2252,0,327,Boston
40751,106462917200,283446,2254,0,327,Boston
40751,100163397200,283449,2254,0,327,Boston
40751,106462567200,283470,2290,0,325,Boston
88,106562907200,283479,88,0,264,Boston
40751,106462567200,283497,2293,1,,New York
40751,100163397200,283500,2293,1,,New York
88,106462917200,283534,122,0,237,New York
88,106462917200,283542,104,0,237,New York
88,206562006242,283330,164,0,90,Boston
88,106562486284,283331,164,0,90,Boston
88,103262506250,283332,164,0,90,Boston
88,100463306330,283335,164,0,90,Boston
88,100263597001,283336,164,0,90,Boston
88,206462006242,283530,122,0,237,New York
88,103262506250,283532,122,0,237,New York
88,106462566284,283533,122,0,237,New York
88,100163326332,283535,122,0,237,New York
88,206462006242,283538,104,0,237,New York
88,103262506250,283540,104,0,237,New York
88,106462566284,283541,104,0,237,New York
88,100163326332,283543,104,0,237,New York
61,206562006284,283547,695,0,152,Brunswick
61,206562006284,283552,694,1,153,Boston
40751,106562066214,283421,2252,0,327,Boston
40751,106562206242,283422,2252,0,327,Boston
40751,100162486283,283423,2252,0,327,Boston
40751,106462496284,283424,2252,0,327,Boston
40751,103262506250,283425,2252,0,327,Boston
40751,100463306330,283429,2252,0,327,Boston
40751,100263597001,283430,2252,0,327,Boston
40751,100162066213,283437,2254,0,327,Boston
40751,106462076214,283438,2254,0,327,Boston
40751,100162206241,283439,2254,0,327,Boston
40751,106462216242,283440,2254,0,327,Boston
40751,100162486283,283441,2254,0,327,Boston
40751,106462496249,283442,2254,0,327,Boston
40751,103262506250,283443,2254,0,327,Boston
40751,106462566284,283444,2254,0,327,Boston
40751,100162906325,283445,2254,0,327,Boston
40751,100463306330,283447,2254,0,327,Boston
40751,100163326332,283448,2254,0,327,Boston
40751,100263597001,283450,2254,0,327,Boston
40751,206462006242,283467,2290,0,325,Boston
40751,103262506250,283469,2290,0,325,Boston
40751,100163326332,283471,2290,0,325,Boston
88,206562006242,283475,88,0,264,Boston
88,106562486284,283476,88,0,264,Boston
88,103262506250,283477,88,0,264,Boston
88,100463306330,283480,88,0,264,Boston
88,100263597001,283481,88,0,264,Boston
40751,200162006325,283490,2293,1,,New York
40751,206462006242,283494,2293,1,,New York
40751,106462496249,283495,2293,1,,New York
40751,103262506250,283496,2293,1,,New York
40751,100463306330,283498,2293,1,,New York
40751,100163326332,283499,2293,1,,New York
40751,100263597001,283501,2293,1,,New York
61,106562907200,283548,695,0,152,Brunswick
61,106562907200,283553,694,1,153,Boston
94,306562007200,283579,661,0,23,Harrisburg
94,106462567200,283681,612,1,22,Philadelphia
94,103262506250,283580,661,0,23,Harrisburg
94,100463306330,283581,661,0,23,Harrisburg
94,100263597001,283582,661,0,23,Harrisburg
54,206262006329,283616,329,0,19,Milwaukee
54,106263316358,283618,329,0,19,Milwaukee
54,206262006303,283621,330,1,20,Chicago
54,200162006304,283622,330,1,20,Chicago
54,106363066329,283623,330,1,20,Chicago
54,106363316358,283625,330,1,20,Chicago
61,104463226327,283875,1689,0,152,Brunswick
61,100463446344,283878,1689,0,152,Brunswick
51,100170727072,284124,1003,0,270,Los Angeles
51,100170727072,284129,1004,1,118,Chicago
96,100170727072,284134,1005,0,173,Emeryville
96,100170727072,284139,1006,1,174,Chicago
42947,112670017200,284328,98,0,113,New York
42947,100170797200,284331,98,0,113,New York
90,106562907200,284431,54,0,191,St Albans
88,100163397200,284443,82,0,264,Boston
42956,106262447200,284478,364,1,171,Port Huron
42956,106562487200,284479,364,1,171,Port Huron
42956,106262447200,284484,365,0,172,Chicago
42956,106562487200,284485,365,0,172,Chicago
60,312762007200,283352,500,0,290,Seattle
60,312762007200,283355,505,1,293,Portland
54,106263627200,283620,329,0,19,Milwaukee
54,106363607200,283627,330,1,20,Chicago
94,206462006242,283678,612,1,22,Philadelphia
94,103262506250,283680,612,1,22,Philadelphia
88,106563326333,283790,102,0,237,New York
88,102463286329,283791,1195,1,267,Washington
88,102463286329,283792,1172,0,237,New York
88,106563326333,283793,199,1,267,Washington
88,102463286329,283794,1194,0,237,New York
88,106563326333,283796,1161,1,267,Washington
88,102463286329,283797,1175,1,267,Washington
88,106563326333,283798,1162,0,237,New York
88,112470037200,283827,67,1,84,Newport News
36926,312762007200,283741,318,0,377,Chicago
60,312762007200,283765,511,1,293,Portland
88,212462006246,283820,67,1,84,Newport News
88,112462506328,283822,67,1,84,Newport News
88,112463306357,283824,67,1,84,Newport News
88,112063616364,283826,67,1,84,Newport News
61,201562006206,283834,1689,0,152,Brunswick
61,106462076207,283836,1689,0,152,Brunswick
61,109562096220,283838,1689,0,152,Brunswick
61,103562226227,283841,1689,0,152,Brunswick
61,105162296234,283844,1689,0,152,Brunswick
61,105162406244,283847,1689,0,152,Brunswick
61,102762516255,283850,1689,0,152,Brunswick
61,103362576262,283853,1689,0,152,Brunswick
61,109562656270,283856,1689,0,152,Brunswick
61,100462746274,283858,1689,0,152,Brunswick
61,102662756282,283859,1689,0,152,Brunswick
61,108062866291,283863,1689,0,152,Brunswick
61,100562886290,283865,1689,0,152,Brunswick
61,102863016307,283868,1689,0,152,Brunswick
61,101663146314,283871,1689,0,152,Brunswick
61,106563257200,283947,699,0,152,Brunswick
61,106263457200,283993,689,0,152,Brunswick
61,106462216235,283932,699,0,152,Brunswick
61,106562426249,283936,699,0,152,Brunswick
61,106462566263,283938,699,0,152,Brunswick
61,106562766284,283942,699,0,152,Brunswick
61,106562976318,283945,699,0,152,Brunswick
61,106463196319,283946,699,0,152,Brunswick
61,103262086215,283956,689,0,152,Brunswick
61,102862236225,283960,689,0,152,Brunswick
61,101262316232,283962,689,0,152,Brunswick
61,106062366239,283963,689,0,152,Brunswick
61,104662456250,283966,689,0,152,Brunswick
61,100462536253,283968,689,0,152,Brunswick
61,106262586264,283970,689,0,152,Brunswick
61,105662716278,283972,689,0,152,Brunswick
61,103662816285,283977,689,0,152,Brunswick
61,100862876287,283980,689,0,152,Brunswick
61,106262896300,283982,689,0,152,Brunswick
61,103463036306,283984,689,0,152,Brunswick
61,104663086313,283985,689,0,152,Brunswick
61,106263156321,283987,689,0,152,Brunswick
61,100263246324,283989,689,0,152,Brunswick
61,106263286343,283991,689,0,152,Brunswick
36949,312762007200,270507,291,0,371,Burlington
61,206562006284,270663,691,0,152,Brunswick
61,106562907200,270676,698,1,153,Boston
61,106562907200,270684,693,0,152,Brunswick
61,106562907200,270664,691,0,152,Brunswick
61,206562006284,270683,693,0,152,Brunswick
61,206562006284,270675,698,1,153,Boston
42947,212662006247,284316,98,0,113,New York
42947,200162006241,284317,98,0,113,New York
42947,100162486283,284318,98,0,113,New York
42947,106462496249,284319,98,0,113,New York
42947,112662506288,284320,98,0,113,New York
42947,112662896298,284321,98,0,,Jacksonville
42947,100162906297,284322,98,0,,Jacksonville
42947,112662996330,284323,98,0,113,New York
42947,100163046318,284324,98,0,113,New York
42947,100163256360,284325,98,0,113,New York
42947,100263316331,284326,98,0,113,New York
42947,112663336365,284327,98,0,113,New York
42947,100170027065,284329,98,0,113,New York
42947,100170727072,284330,98,0,113,New York
75,100170727072,284144,1007,0,184,Seattle
75,100170727072,284149,1008,1,186,Chicago
84,206262006247,284346,525,0,61,Oakland
84,106262516329,284348,525,0,61,Oakland
84,106263346358,284350,525,0,61,Oakland
84,106063626365,284352,525,0,61,Oakland
84,106270047200,284951,549,0,61,Oakland
84,106270047200,284961,536,1,59,Sacramento
42948,306562007200,271196,3604,1,,New London
42948,306562007200,271198,3610,1,,New London
42912,212762006303,271304,8004,1,,Kingman
42912,112763047072,271305,8004,1,,Kingman
33820,208462006302,271307,8601,1,,Maricopa
33820,108463057073,271308,8601,1,,Maricopa
33820,203762006304,271310,8602,1,,Maricopa
33820,103763067072,271311,8602,1,,Maricopa
42891,212762006304,271316,8854,1,,Flagstaff
42891,112763057073,271317,8854,1,,Flagstaff
33820,208462006302,271319,8901,0,,Phoenix
33820,108463057073,271320,8901,0,,Phoenix
33820,203762006304,271322,8902,0,,Phoenix
33820,103763067072,271323,8902,0,,Phoenix
42891,212762006304,271325,8953,0,,Williams
42891,112763057073,271326,8953,0,,Williams
42891,212762006304,271328,8954,0,,Williams
42891,112763057073,271329,8954,0,,Williams
61,206262006285,271677,684,1,153,Boston
61,206262006285,271689,688,1,153,Boston
42954,312762007200,271834,5605,1,,Seattle
42954,312762007200,271842,5677,1,,Seattle
42954,312762007200,271927,5604,0,,Bellingham
42954,312762007200,271935,5622,0,,Bellingham
42991,212762006263,271941,1340,1,337,Chicago
42991,212762006263,271947,1333,0,338,St. Paul
42948,306262007200,271280,1699,0,,New Haven
42948,306262007200,271283,1695,0,,New Haven
78,312762007200,271656,782,1,151,San Diego
61,206262006285,271665,681,0,152,Brunswick
61,206262006285,271671,683,0,152,Brunswick
94,100463306330,284082,610,1,22,Philadelphia
94,100163326332,284083,676,1,21,New York
84,106270047200,284353,525,0,61,Oakland
75,100170727072,284160,1027,0,241,Portland
75,100170727072,284165,1028,1,243,Chicago
42946,106862076211,284295,1059,1,73,New Orleans
42948,306562007200,271200,3618,1,,New London
61,106262867200,271678,684,1,153,Boston
61,106262867200,271690,688,1,153,Boston
36921,312762007200,271700,237,0,248,Rensselaer
42946,103462086212,284249,1058,0,74,Chicago
42956,206262006243,284476,364,1,171,Port Huron
42956,206562006242,284477,364,1,171,Port Huron
42956,206262006243,284482,365,0,172,Chicago
42956,206562006242,284483,365,0,172,Chicago
42946,112770737200,284779,59,1,73,New Orleans
36948,312762007200,284863,311,0,255,Kansas City
42946,212762006206,284772,59,1,73,New Orleans
42946,105662086210,284774,59,1,73,New Orleans
42946,112762126272,284776,59,1,73,New Orleans
42946,112762737071,284777,59,1,73,New Orleans
42946,100170727072,284778,59,1,73,New Orleans
78,312762007200,284840,587,0,102,Los Angeles
40751,206262006226,285288,2113,1,326,Washington
40751,106262296247,285289,2113,1,326,Washington
40751,106262516329,285291,2113,1,326,Washington
40751,106263316352,285293,2113,1,326,Washington
40751,106063556365,285294,2113,1,326,Washington
88,106270047200,285322,125,1,346,Newport News
40751,106270047200,285333,2155,1,324,Washington
88,206262006205,285381,171,1,344,Roanoke
88,106262086226,285382,171,1,344,Roanoke
88,106262296247,285383,171,1,344,Roanoke
88,106262516329,285385,171,1,344,Roanoke
88,106263316352,285387,171,1,344,Roanoke
88,106063556365,285388,171,1,344,Roanoke
40751,206262006205,285654,2159,1,324,Washington
40751,106262086226,285655,2159,1,324,Washington
40751,106262296240,285656,2159,1,324,Washington
40751,106262436247,285657,2159,1,324,Washington
40751,106262516329,285659,2159,1,324,Washington
40751,106263316352,285661,2159,1,324,Washington
40751,106063556365,285662,2159,1,324,Washington
88,206262006226,285677,198,1,237,New York
88,106262296247,285678,198,1,237,New York
88,106262516289,285680,198,1,237,New York
88,106262926329,285681,198,1,237,New York
88,106263316352,285683,198,1,237,New York
88,106063556365,285684,198,1,237,New York
88,206462006221,285698,117,1,390,Washington
88,106462286242,285699,117,1,390,Washington
88,103262506250,285701,117,1,390,Washington
88,106462566291,285702,117,1,390,Washington
88,106462986347,285703,117,1,390,Washington
88,100163326332,285704,117,1,390,Washington
40751,200162006213,285716,2207,1,326,Washington
40751,100162206220,285717,2207,1,326,Washington
40751,100162276325,285718,2207,1,326,Washington
40751,106462496249,285719,2207,1,326,Washington
40751,100463306330,285720,2207,1,326,Washington
40751,100163396346,285722,2207,1,326,Washington
40751,100263597001,285724,2207,1,326,Washington
40751,100163537200,285776,2211,1,326,Washington
88,100162557200,285880,99,1,84,Newport News
88,106462567200,285881,99,1,84,Newport News
40751,106463547200,285976,2223,1,326,Washington
40751,100163537200,286089,2271,1,324,Washington
40751,106463547200,286090,2271,1,324,Washington
88,100363527200,286097,65,1,84,Newport News
94,306562007200,286120,672,1,21,New York
40751,106270047200,285296,2113,1,326,Washington
88,106270047200,285390,171,1,344,Roanoke
88,206262006205,285465,85,1,260,Washington
88,106262086226,285466,85,1,260,Washington
88,106262296247,285467,85,1,260,Washington
88,106262516289,285469,85,1,260,Washington
88,106262926329,285470,85,1,260,Washington
88,106263316352,285472,85,1,260,Washington
88,106063556365,285473,85,1,260,Washington
90,106562066214,284425,54,0,191,St Albans
90,106562206221,284426,54,0,379,New Haven
90,106562276242,284427,54,0,191,St Albans
90,106562486284,284428,54,0,191,St Albans
90,103262506250,284429,54,0,191,St Albans
90,100463306330,284432,54,0,191,St Albans
90,100263597001,284433,54,0,191,St Albans
88,200162006241,284436,82,0,264,Boston
88,100162486283,284437,82,0,264,Boston
88,106462496249,284438,82,0,264,Boston
88,100162906325,284440,82,0,264,Boston
88,100463306330,284441,82,0,264,Boston
88,100263597001,284444,82,0,264,Boston
84,206262006247,284944,549,0,61,Oakland
84,106262516329,284946,549,0,61,Oakland
84,106263346358,284948,549,0,61,Oakland
84,106063626365,284950,549,0,61,Oakland
84,206262006247,284954,536,1,59,Sacramento
84,106262516329,284956,536,1,59,Sacramento
84,106263346358,284958,536,1,59,Sacramento
84,106063626365,284960,536,1,59,Sacramento
42954,100262476247,285079,5703,0,,Bakersfield
42954,212762006282,285083,6510,1,,Martinez
42954,100162836283,285084,6510,1,,Martinez
42954,312762007200,285091,3814,1,,Stockton
88,112763537200,285108,151,1,392,Roanoke
88,106270047200,285228,141,1,259,Washington
40751,106270047200,285237,2109,1,326,Washington
88,106270047200,285119,111,1,267,Washington
88,106270047200,285130,181,1,267,Washington
40751,106270047200,285141,2103,1,326,Washington
42954,312762007200,284969,3711,0,,Chico
42954,312762007200,284972,3712,1,,Stockton
42954,312762007200,284975,3713,0,,Chico
42954,312762007200,284978,3715,0,,Sacramento
42954,312762007200,284984,3811,0,,Davis
42954,312762007200,284987,3812,1,,Stockton
42954,312762007200,284990,3813,0,,Davis
42954,312762007200,284993,3815,0,,Davis
42954,312762007200,284996,3602,0,,Sacramento
42954,312762007200,285045,3916,1,,Stockton
42954,312762007200,285048,6611,0,,San Francisco
42954,312762007200,285051,6612,1,,Emeryville
42954,312762007200,285054,6613,0,,San Francisco
42954,312762007200,285057,6614,1,,Emeryville
42954,312762007200,285063,6616,1,,Emeryville
42954,312762007200,285066,6617,0,,San Francisco
42954,312762007200,285069,6619,0,,San Francisco
42954,312762007200,285072,3704,1,,Sacramento
42954,312762007200,285075,3802,1,,Sacramento
42954,112762487200,285080,5703,0,,Bakersfield
42954,112762847200,285085,6510,1,,Martinez
42954,312762007200,285088,6517,0,,Santa Rosa
88,206262006205,285196,183,1,267,Washington
88,106262086226,285197,183,1,267,Washington
88,106262296247,285198,183,1,267,Washington
88,106262516329,285200,183,1,267,Washington
88,106263316352,285202,183,1,267,Washington
88,106063556365,285203,183,1,267,Washington
40751,206262006226,285206,2107,1,326,Washington
40751,106262296247,285207,2107,1,326,Washington
40751,106262516329,285209,2107,1,326,Washington
40751,106263316352,285211,2107,1,326,Washington
40751,106063556365,285212,2107,1,326,Washington
88,206262006205,285217,141,1,259,Washington
88,106262086219,285218,141,1,259,Washington
88,103262226222,285219,141,1,,Washington
88,103062236226,285220,141,1,259,Washington
88,106262296247,285221,141,1,259,Washington
88,106262516329,285223,141,1,259,Washington
88,106263316352,285225,141,1,259,Washington
88,106063556365,285226,141,1,259,Washington
40751,206262006226,285229,2109,1,326,Washington
40751,106262296247,285230,2109,1,326,Washington
40751,106262516329,285232,2109,1,326,Washington
40751,106263316352,285234,2109,1,326,Washington
40751,106063556365,285235,2109,1,326,Washington
42954,312762007200,284999,3817,0,,Davis
42954,312762007200,285002,3819,0,,Davis
42954,312762007200,285005,3701,0,,Chico
42954,312762007200,285008,3717,0,,Chico
42954,312762007200,285011,3718,1,,Stockton
88,206262006205,285110,111,1,267,Washington
88,106262086226,285111,111,1,267,Washington
88,106262296247,285112,111,1,267,Washington
88,106262516329,285114,111,1,267,Washington
88,106263316352,285116,111,1,267,Washington
88,106063556365,285117,111,1,267,Washington
88,206262006205,285121,181,1,267,Washington
88,106262086226,285122,181,1,267,Washington
88,106262296247,285123,181,1,267,Washington
88,106262516329,285125,181,1,267,Washington
88,106263316352,285127,181,1,267,Washington
88,106063556365,285128,181,1,267,Washington
40751,206262006205,285132,2103,1,326,Washington
40751,106262086226,285133,2103,1,326,Washington
40751,106262296247,285134,2103,1,326,Washington
40751,106262516329,285136,2103,1,326,Washington
40751,106263316352,285138,2103,1,326,Washington
40751,106063556365,285139,2103,1,326,Washington
36930,204162006301,270812,1,0,269,Los Angeles
36930,104163047069,270813,1,0,269,Los Angeles
87,208262006300,270816,421,0,193,Los Angeles
87,108263037068,270817,421,0,193,Los Angeles
36930,107470737200,270823,2,1,271,New Orleans
87,107470737200,270834,422,1,195,Chicago
42912,112770757200,270870,8003,0,,Las Vegas
36930,207462006303,270821,2,1,271,New Orleans
36930,107463057071,270822,2,1,271,New Orleans
87,207462006303,270832,422,1,195,Chicago
87,107463057071,270833,422,1,195,Chicago
42948,306262007200,271256,1637,0,,New Haven
42948,306262007200,271259,1645,0,,New Haven
42948,306262007200,271262,1659,0,,New Haven
42948,306262007200,271265,1667,0,,New Haven
42948,306262007200,271268,1687,0,,New Haven
42948,306262007200,271271,1633,0,,New Haven
42948,306262007200,271274,1681,0,,New Haven
42948,306262007200,271277,1691,0,,New Haven
42948,306562007200,271212,3629,0,,New Haven
42948,306562007200,271214,3637,0,,New Haven
42948,306562007200,271216,3645,0,,New Haven
42948,306562007200,271218,3699,0,,New Haven
42948,306562007200,271220,3655,0,,New Haven
42948,306562007200,271192,3690,1,,New London
42948,306562007200,271194,3692,1,,New London
42912,112770737200,271306,8004,1,,Kingman
33820,108470757200,271309,8601,1,,Maricopa
33820,103770747200,271312,8602,1,,Maricopa
42891,112770747200,271318,8854,1,,Flagstaff
33820,108470757200,271321,8901,0,,Phoenix
33820,103770747200,271324,8902,0,,Phoenix
42891,112770747200,271327,8953,0,,Williams
42891,112770747200,271330,8954,0,,Williams
42891,312762007200,271511,8853,1,,Flagstaff
42912,212762006304,270867,8003,0,,Las Vegas
42912,112763067074,270869,8003,0,,Las Vegas
42948,306562007200,271202,3613,0,,New Haven
42948,306562007200,271204,3621,0,,New Haven
42948,306562007200,271206,3652,1,,New London
42948,306562007200,271208,3034,1,,New London
42948,306562007200,271210,3644,1,,New London
42948,306262007200,271226,1600,1,,New London
42948,306262007200,271229,1602,1,,New London
42948,306262007200,271232,1604,1,,New London
42948,306262007200,271235,1606,1,,New London
42948,306262007200,271238,1610,1,,New London
42948,306262007200,271241,1632,1,,New London
42948,306262007200,271244,1634,1,,New London
42948,306262007200,271247,1638,1,,New London
42948,306262007200,271250,1652,1,,New London
42948,306262007200,271253,1640,1,,New London
61,106262867200,271666,681,0,152,Brunswick
61,106262867200,271672,683,0,152,Brunswick
88,206262006205,285185,113,1,267,Washington
88,106262086226,285186,113,1,267,Washington
88,106262296247,285187,113,1,267,Washington
88,106262516329,285189,113,1,267,Washington
88,106263316352,285191,113,1,267,Washington
88,106063556365,285192,113,1,267,Washington
88,106270047200,285205,183,1,267,Washington
40751,106270047200,285214,2107,1,326,Washington
88,106270047200,285248,185,1,267,Washington
40751,106270047200,285259,2151,1,324,Washington
42954,312762007200,285020,6311,0,,Arcata
42954,312762007200,285023,6316,1,,Martinez
42954,312762007200,285026,6318,1,,Martinez
42954,312762007200,285029,6514,1,,Martinez
42954,312762007200,285032,6313,0,,Arcata
42954,306262007200,285033,3911,0,,San Jose
42954,106562067200,285036,3911,0,,San Jose
42954,312762007200,285039,3915,0,,San Jose
42954,312762007200,285042,6515,0,,Santa Rosa
88,212762006219,285104,151,1,392,Roanoke
88,106562206221,285105,151,1,392,Roanoke
88,106262226226,285106,151,1,392,Roanoke
88,112762276352,285107,151,1,392,Roanoke
88,106270047200,285194,113,1,267,Washington
88,206262006205,285239,185,1,267,Washington
88,106262086226,285240,185,1,267,Washington
88,106262296247,285241,185,1,267,Washington
88,106262516329,285243,185,1,267,Washington
88,106263316352,285245,185,1,267,Washington
88,106063556365,285246,185,1,267,Washington
40751,206262006205,285250,2151,1,324,Washington
40751,106262086226,285251,2151,1,324,Washington
40751,106262296247,285252,2151,1,324,Washington
40751,106262516329,285254,2151,1,324,Washington
40751,106263316352,285256,2151,1,324,Washington
40751,106063556365,285257,2151,1,324,Washington
42954,212762006246,285078,5703,0,,Bakersfield
36930,104170727200,270814,1,0,269,Los Angeles
87,108270717200,270818,421,0,193,Los Angeles
42991,112762647200,271942,1340,1,337,Chicago
42991,112762647200,271948,1333,0,338,St. Paul
60,312762007200,271937,517,1,372,Portland
88,106270047200,285307,95,1,342,Norfolk
88,212762006226,285688,66,0,343,Boston
88,112762276352,285689,66,0,343,Boston
88,206462006214,285795,121,1,267,Washington
88,106462216221,285796,121,1,267,Washington
88,106462286242,285797,121,1,267,Washington
88,103262506250,285799,121,1,267,Washington
88,106462566347,285800,121,1,267,Washington
88,100163326332,285801,121,1,267,Washington
40751,106463547200,285829,2215,1,326,Washington
40751,100163537200,285837,2255,1,324,Washington
40751,106463547200,285838,2255,1,324,Washington
40751,106270047200,285617,2131,1,326,Washington
88,206262006205,285619,131,1,267,Washington
88,106262086226,285620,131,1,267,Washington
88,106262296240,285621,131,1,267,Washington
88,106262436247,285622,131,1,267,Washington
88,106262516329,285624,131,1,267,Washington
88,106263316352,285626,131,1,267,Washington
88,106063556365,285627,131,1,267,Washington
40751,100163537200,285950,2265,1,324,Washington
40751,106463547200,285951,2265,1,324,Washington
40751,206462006214,285969,2223,1,326,Washington
40751,106462216221,285970,2223,1,326,Washington
40751,106462286242,285971,2223,1,326,Washington
40751,103262506250,285973,2223,1,326,Washington
40751,106462566347,285974,2223,1,326,Washington
40751,100163326332,285975,2223,1,326,Washington
88,106563537200,286105,128,0,349,New York
94,103262506250,286121,672,1,21,New York
94,100463306330,286122,672,1,21,New York
94,100263597001,286123,672,1,21,New York
88,106270047200,285475,85,1,260,Washington
42947,112770737200,285485,97,1,114,Miami
88,106270047200,285496,129,1,267,Washington
88,206562006221,285877,99,1,84,Newport News
88,106562276249,285878,99,1,84,Newport News
88,103262506250,285879,99,1,84,Newport News
88,100463306330,285883,99,1,84,Newport News
88,100263597001,285884,99,1,84,Newport News
88,106563537200,285922,87,1,342,Norfolk
42947,212762006205,285477,97,1,114,Miami
42947,112762066226,285478,97,1,114,Miami
42947,112762276288,285479,97,1,114,Miami
42947,112762896298,285480,97,1,,Miami
42947,112762996352,285481,97,1,114,Miami
42947,112763536365,285482,97,1,114,Miami
42947,112770017071,285483,97,1,114,Miami
42947,100170727072,285484,97,1,114,Miami
40751,206262006205,285608,2131,1,326,Washington
40751,106262086226,285609,2131,1,326,Washington
40751,106262296247,285610,2131,1,326,Washington
40751,106262516329,285612,2131,1,326,Washington
40751,106263316352,285614,2131,1,326,Washington
40751,106063556365,285615,2131,1,326,Washington
88,106463547200,285705,117,1,390,Washington
40751,100163537200,285723,2207,1,326,Washington
40751,106463547200,285785,2213,1,326,Washington
88,106463547200,285802,121,1,267,Washington
88,206562006214,285916,87,1,342,Norfolk
88,106562206221,285917,87,1,342,Norfolk
88,106562276347,285918,87,1,342,Norfolk
88,103262506250,285919,87,1,342,Norfolk
88,100463306330,285921,87,1,342,Norfolk
88,100263597001,285923,87,1,342,Norfolk
90,206262006218,285642,56,0,191,St Albans
90,100262196219,285643,56,0,379,New Haven
90,106262226226,285644,56,0,191,St Albans
90,106262296247,285645,56,0,191,St Albans
90,106262516329,285647,56,0,191,St Albans
90,106263316352,285649,56,0,191,St Albans
90,106063556365,285650,56,0,191,St Albans
40751,200162006213,285769,2211,1,326,Washington
40751,100162206220,285770,2211,1,326,Washington
40751,100162276325,285771,2211,1,326,Washington
40751,106462496249,285772,2211,1,326,Washington
40751,100463306330,285773,2211,1,326,Washington
40751,100163396346,285775,2211,1,326,Washington
40751,100263597001,285777,2211,1,326,Washington
40751,206462006214,285822,2215,1,326,Washington
40751,106462216221,285823,2215,1,326,Washington
40751,106462286242,285824,2215,1,326,Washington
40751,103262506250,285826,2215,1,326,Washington
40751,106462566347,285827,2215,1,326,Washington
40751,100163326332,285828,2215,1,326,Washington
40751,206562006214,285830,2255,1,324,Washington
40751,106562206221,285831,2255,1,324,Washington
40751,100162276346,285832,2255,1,324,Washington
40751,106462286347,285833,2255,1,324,Washington
40751,103262506250,285834,2255,1,324,Washington
40751,100463306330,285836,2255,1,324,Washington
40751,100263597001,285839,2255,1,324,Washington
40751,106562066214,285944,2265,1,324,Washington
40751,106562206221,285945,2265,1,324,Washington
40751,100162276346,285946,2265,1,324,Washington
40751,106462286347,285947,2265,1,324,Washington
40751,103262506250,285948,2265,1,324,Washington
40751,100463306330,285949,2265,1,324,Washington
40751,100263597001,285952,2265,1,324,Washington
40751,206462006221,286018,2227,1,326,Washington
40751,106462286242,286019,2227,1,326,Washington
40751,103262506250,286021,2227,1,326,Washington
40751,106462566347,286022,2227,1,326,Washington
40751,100163326332,286023,2227,1,326,Washington
40751,106463547200,286024,2227,1,326,Washington
40751,200162006213,286080,2271,1,324,Washington
40751,206462006214,286081,2271,1,324,Washington
40751,100162206220,286082,2271,1,324,Washington
40751,106462216221,286083,2271,1,324,Washington
40751,100162276346,286084,2271,1,324,Washington
40751,106462286347,286085,2271,1,324,Washington
40751,103262506250,286086,2271,1,324,Washington
40751,100463306330,286088,2271,1,324,Washington
40751,100263597001,286091,2271,1,324,Washington
88,200362006213,286092,65,1,84,Newport News
88,100362196220,286093,65,1,84,Newport News
88,100362266346,286094,65,1,84,Newport News
88,106462496249,286095,65,1,84,Newport News
88,100863296329,286096,65,1,84,Newport News
88,100463586365,286098,65,1,84,Newport News
88,206562006221,286099,128,0,349,New York
88,106562276242,286100,128,0,349,New York
88,106562486284,286101,128,0,349,New York
88,103262506250,286102,128,0,349,New York
88,106562906347,286103,128,0,349,New York
88,100463306330,286104,128,0,349,New York
88,100263597001,286106,128,0,349,New York
88,206262006205,285298,95,1,342,Norfolk
88,106262086226,285299,95,1,342,Norfolk
88,106262296247,285300,95,1,342,Norfolk
88,106262516329,285302,95,1,342,Norfolk
88,106263316352,285304,95,1,342,Norfolk
88,106063556365,285305,95,1,342,Norfolk
88,206262006205,285310,125,1,346,Newport News
88,106262086219,285311,125,1,346,Newport News
88,103262226222,285312,125,1,,Newport News
88,103062236226,285313,125,1,346,Newport News
88,106262296247,285314,125,1,346,Newport News
88,106262516303,285316,125,1,346,Newport News
88,106263066329,285317,125,1,346,Newport News
88,106263316352,285319,125,1,346,Newport News
88,106063556365,285320,125,1,346,Newport News
40751,206262006205,285324,2155,1,324,Washington
40751,106262086226,285325,2155,1,324,Washington
40751,106262296247,285326,2155,1,324,Washington
40751,106262516329,285328,2155,1,324,Washington
40751,106263316352,285330,2155,1,324,Washington
40751,106063556365,285331,2155,1,324,Washington
88,206262006205,285404,93,1,342,Norfolk
88,106262086226,285405,93,1,342,Norfolk
88,106262296247,285406,93,1,342,Norfolk
88,106262516329,285408,93,1,342,Norfolk
88,106263316352,285410,93,1,342,Norfolk
88,106063556365,285411,93,1,342,Norfolk
88,206262006205,285487,129,1,267,Washington
88,106262086226,285488,129,1,267,Washington
88,106262296247,285489,129,1,267,Washington
88,106262516329,285491,129,1,267,Washington
88,106263316352,285493,129,1,267,Washington
88,106063556365,285494,129,1,267,Washington
88,106270047200,285413,93,1,342,Norfolk
88,106270047200,285629,131,1,267,Washington
90,106270047200,285652,56,0,191,St Albans
40751,106270047200,285664,2159,1,324,Washington
88,106270047200,285686,198,1,237,New York
88,112763537200,285690,66,0,343,Boston
40751,206462006214,285778,2213,1,326,Washington
40751,106462216221,285779,2213,1,326,Washington
40751,106462286242,285780,2213,1,326,Washington
40751,103262506250,285782,2213,1,326,Washington
40751,106462566347,285783,2213,1,326,Washington
40751,100163326332,285784,2213,1,326,Washington
72,206262006205,286207,382,1,,Chicago
88,206262006247,286504,196,0,237,New York
88,106262516289,286506,196,0,237,New York
88,106262926329,286507,196,0,237,New York
88,106263316358,286509,196,0,237,New York
88,106063626365,286511,196,0,237,New York
88,206262006247,286515,84,0,237,New York
88,106262516289,286517,84,0,237,New York
88,106262926329,286518,84,0,237,New York
88,106263316358,286520,84,0,237,New York
88,106063626365,286522,84,0,237,New York
88,206262006205,286527,119,1,267,Washington
88,106262086226,286528,119,1,267,Washington
88,106262296247,286529,119,1,267,Washington
88,106262516329,286531,119,1,267,Washington
88,106263316352,286533,119,1,267,Washington
88,106063556365,286534,119,1,267,Washington
40751,206262006247,286608,2190,0,325,Boston
40751,106262516329,286610,2190,0,325,Boston
40751,106263316358,286612,2190,0,325,Boston
40751,106063626365,286614,2190,0,325,Boston
88,206562006242,286679,124,0,393,Philadelphia
88,109762486250,286680,124,0,393,Philadelphia
88,100463306330,286683,124,0,393,Philadelphia
88,100263597001,286684,124,0,393,Philadelphia
84,106562077200,286245,748,1,64,Sacramento
36921,112762556305,286840,284,1,280,New York
68,206262006237,286843,64,1,198,New York
68,106562066235,286844,64,1,198,New York
68,106262386250,286845,64,1,198,New York
68,106562416249,286846,64,1,198,New York
68,103062516254,286847,64,1,198,New York
68,112762556305,286848,64,1,198,New York
95,206262006212,286851,68,1,3,New York
95,106562066249,286852,68,1,3,New York
95,106262156254,286853,68,1,3,New York
36921,112763047200,286882,240,1,245,New York
36921,206262006212,286901,281,0,279,Niagara Falls
36921,106562066235,286902,281,0,279,Niagara Falls
36921,106262156237,286903,281,0,279,Niagara Falls
36921,106262386250,286904,281,0,279,Niagara Falls
36921,106562416249,286905,281,0,279,Niagara Falls
36921,103062516254,286906,281,0,279,Niagara Falls
36921,106562556305,286907,281,0,279,Niagara Falls
36921,106262576303,286908,281,0,279,Niagara Falls
84,206262006247,286915,540,1,59,Sacramento
84,106262516329,286917,540,1,59,Sacramento
84,106263346358,286919,540,1,59,Sacramento
84,106063626365,286921,540,1,59,Sacramento
36921,212762006214,286878,240,1,245,New York
36921,106262156254,286879,240,1,245,New York
36921,106562206298,286880,240,1,245,New York
36921,106262576303,286881,240,1,245,New York
94,103262506250,286154,660,1,21,New York
94,100463306330,286155,660,1,21,New York
94,100263597001,286156,660,1,21,New York
94,306562007200,286153,660,1,21,New York
42946,212762006207,286181,58,0,74,Chicago
42946,102862096211,286183,58,0,74,Chicago
42946,112762136273,286185,58,0,74,Chicago
42946,112762747071,286186,58,0,74,Chicago
42946,100170727072,286187,58,0,74,Chicago
42946,112770737200,286188,58,0,74,Chicago
72,112762067200,286206,381,0,69,Quincy
72,206262006205,286204,381,0,,Galesburg
72,112762067200,286209,382,1,70,Chicago
40751,206262006205,286337,2127,1,326,Washington
40751,106262086218,286338,2127,1,326,Washington
40751,100262196219,286339,2127,1,326,Washington
40751,106262226226,286340,2127,1,326,Washington
40751,106262296247,286341,2127,1,326,Washington
40751,106262516329,286343,2127,1,326,Washington
40751,106263316352,286345,2127,1,326,Washington
40751,106063556365,286346,2127,1,326,Washington
90,206262006205,286350,55,1,190,Washington
90,106262086218,286351,55,1,190,Washington
90,100262196219,286352,55,1,378,Washington
90,106262226226,286353,55,1,190,Washington
90,106262296247,286354,55,1,190,Washington
90,106262516303,286356,55,1,190,Washington
90,106263066329,286357,55,1,190,Washington
90,106263316352,286359,55,1,190,Washington
90,106063556365,286360,55,1,190,Washington
88,206262006218,286364,197,1,267,Washington
88,100262196219,286365,197,1,267,Washington
88,106262226226,286366,197,1,267,Washington
88,106262296247,286367,197,1,267,Washington
88,106262516329,286369,197,1,267,Washington
88,106263316352,286371,197,1,267,Washington
88,106063556365,286372,197,1,267,Washington
40751,106270047200,286615,2190,0,325,Boston
88,106562557200,286681,124,0,393,Philadelphia
80,106262447200,286696,351,0,53,Chicago
80,106562487200,286697,351,0,53,Chicago
80,106262447200,286702,352,1,52,Pontiac
80,106562487200,286703,352,1,52,Pontiac
80,106262447200,286714,354,1,52,Pontiac
80,106562487200,286715,354,1,52,Pontiac
80,106262447200,286720,355,0,53,Chicago
80,106562487200,286721,355,0,53,Chicago
60,312762007200,286759,516,0,375,Vancouver
60,312762007200,286762,519,1,297,Seattle
36921,112763067200,286909,281,0,279,Niagara Falls
84,106270047200,286934,545,0,61,Oakland
84,106270047200,286946,548,1,59,Sacramento
80,206562006242,286693,351,0,53,Chicago
80,206262006219,286694,351,0,53,Chicago
80,106262226243,286695,351,0,53,Chicago
80,206562006242,286699,352,1,52,Pontiac
80,206262006219,286700,352,1,52,Pontiac
80,106262226243,286701,352,1,52,Pontiac
80,206562006242,286711,354,1,52,Pontiac
80,206262006219,286712,354,1,52,Pontiac
80,106262226243,286713,354,1,52,Pontiac
80,206562006242,286717,355,0,53,Chicago
80,206262006219,286718,355,0,53,Chicago
80,106262226243,286719,355,0,53,Chicago
81,206262006212,286828,48,1,127,New York
81,106562066249,286829,48,1,127,New York
81,106262156254,286830,48,1,127,New York
81,112762557071,286831,48,1,127,New York
81,100170727072,286832,48,1,127,New York
36921,206262006237,286835,284,1,280,New York
36921,106562066235,286836,284,1,280,New York
36921,106262386250,286837,284,1,280,New York
36921,106562416249,286838,284,1,280,New York
36921,103062516254,286839,284,1,280,New York
88,106270047200,286317,137,1,260,Washington
40751,106270047200,286348,2127,1,326,Washington
88,106270047200,286387,175,1,260,Washington
40751,106270047200,286400,2171,1,324,Washington
88,106270047200,286512,196,0,237,New York
88,106270047200,286523,84,0,237,New York
88,106270047200,286536,119,1,267,Washington
40751,206262006205,286540,2123,1,326,Washington
40751,106262086226,286541,2123,1,326,Washington
40751,106262296247,286542,2123,1,326,Washington
40751,106262516329,286544,2123,1,326,Washington
40751,106263316352,286546,2123,1,326,Washington
40751,106063556365,286547,2123,1,326,Washington
88,206262006205,286553,173,1,260,Washington
88,106262086226,286554,173,1,260,Washington
88,106262296247,286555,173,1,260,Washington
88,106262516329,286557,173,1,260,Washington
88,106263316352,286559,173,1,260,Washington
88,106063556365,286560,173,1,260,Washington
88,206262006247,286565,176,0,264,Boston
88,106262516289,286567,176,0,264,Boston
88,106262926329,286568,176,0,264,Boston
88,106263316358,286570,176,0,264,Boston
88,106063626365,286572,176,0,264,Boston
84,106562077200,286219,743,0,61,Oakland
84,100162066206,286244,748,1,64,Sacramento
84,103262506250,286246,748,1,64,Sacramento
84,100663306331,286247,748,1,64,Sacramento
84,100263597001,286248,748,1,64,Sacramento
84,103262506250,286253,742,1,59,Sacramento
84,100663306331,286254,742,1,59,Sacramento
84,100263597001,286255,742,1,59,Sacramento
88,200162006213,286277,127,1,267,Washington
88,100162206220,286278,127,1,267,Washington
88,100162276325,286279,127,1,267,Washington
88,106462496249,286280,127,1,267,Washington
88,100463306330,286283,127,1,267,Washington
88,100163396346,286285,127,1,267,Washington
88,100263597001,286287,127,1,267,Washington
88,206262006205,286376,175,1,260,Washington
88,106262086218,286377,175,1,260,Washington
88,100262196219,286378,175,1,260,Washington
88,106262226226,286379,175,1,260,Washington
88,106262296247,286380,175,1,260,Washington
88,106262516329,286382,175,1,260,Washington
88,106263316352,286384,175,1,260,Washington
88,106063556365,286385,175,1,260,Washington
40751,206262006205,286389,2171,1,324,Washington
40751,106262086218,286390,2171,1,324,Washington
40751,100262196219,286391,2171,1,324,Washington
40751,106262226226,286392,2171,1,324,Washington
40751,106262296247,286393,2171,1,324,Washington
40751,106262516329,286395,2171,1,324,Washington
40751,106263316352,286397,2171,1,324,Washington
40751,106063556365,286398,2171,1,324,Washington
88,106270047200,286562,173,1,260,Washington
88,106270047200,286573,176,0,264,Boston
88,206262006218,286665,193,1,267,Washington
88,100262196219,286666,193,1,267,Washington
88,106262226226,286667,193,1,267,Washington
88,106262296247,286668,193,1,267,Washington
88,106262516329,286670,193,1,267,Washington
88,106263316352,286672,193,1,267,Washington
88,106063556365,286673,193,1,267,Washington
84,100162066206,286218,743,0,230,San Jose
84,103262506250,286220,743,0,61,Oakland
84,100663306331,286221,743,0,61,Oakland
84,100263597001,286222,743,0,61,Oakland
84,106562077200,286252,742,1,59,Sacramento
75,112770737200,286415,28,1,243,Chicago
75,212762006211,286438,27,0,241,Portland
75,100362126213,286439,27,0,365,Spokane
75,112762146279,286440,27,0,241,Portland
75,112762807070,286441,27,0,241,Portland
75,100270717071,286442,27,0,241,Portland
40751,206262006205,286629,2165,1,324,Washington
40751,106262086226,286630,2165,1,324,Washington
40751,106262296247,286631,2165,1,324,Washington
40751,106262516329,286633,2165,1,324,Washington
40751,106263316352,286635,2165,1,324,Washington
40751,106063556365,286636,2165,1,324,Washington
40751,206262006205,286642,2167,1,324,Washington
40751,106262086226,286643,2167,1,324,Washington
40751,106262296247,286644,2167,1,324,Washington
40751,106262516329,286646,2167,1,324,Washington
40751,106263316352,286648,2167,1,324,Washington
40751,106063556365,286649,2167,1,324,Washington
88,106270047200,286675,193,1,267,Washington
41080,212762006221,287720,3761,0,,Redding
79,212762006214,287721,71,0,108,Charlotte
79,106062156218,287722,71,0,108,Charlotte
79,112762196235,287723,71,0,108,Charlotte
79,106062366239,287724,71,0,108,Charlotte
79,212762006214,287726,72,1,107,Raleigh
79,106062156218,287727,72,1,374,Greensboro
79,112762196235,287728,72,1,107,Raleigh
79,106062366239,287729,72,1,374,Greensboro
79,212762006214,287731,73,0,108,Charlotte
79,106062156218,287732,73,0,373,Charlotte
79,112762196235,287733,73,0,108,Charlotte
79,106062366239,287734,73,0,373,Charlotte
79,212762006214,287736,74,1,107,Raleigh
79,106062156218,287737,74,1,107,Raleigh
79,112762196235,287738,74,1,107,Raleigh
79,106062366239,287739,74,1,107,Raleigh
79,212762006214,287741,75,0,108,Charlotte
79,106062156218,287742,75,0,373,Charlotte
79,112762196235,287743,75,0,108,Charlotte
79,106062366239,287744,75,0,373,Charlotte
79,212762006214,287746,76,1,107,Raleigh
79,106062156218,287747,76,1,107,Raleigh
79,112762196235,287748,76,1,107,Raleigh
79,106062366239,287749,76,1,107,Raleigh
79,212762006214,287751,77,0,108,Charlotte
79,106062156218,287752,77,0,108,Charlotte
79,112762196235,287753,77,0,108,Charlotte
79,106062366239,287754,77,0,108,Charlotte
79,212762006214,287756,78,1,107,Raleigh
79,106062156218,287757,78,1,107,Raleigh
79,112762196235,287758,78,1,107,Raleigh
79,106062366239,287759,78,1,107,Raleigh
85,212762006205,287761,79,1,178,Charlotte
85,112762066214,287762,79,1,178,Charlotte
85,106062156218,287763,79,1,178,Charlotte
85,100262196219,287764,79,1,178,Charlotte
85,106562206221,287765,79,1,178,Charlotte
85,106262226226,287766,79,1,178,Charlotte
85,112762276235,287767,79,1,178,Charlotte
85,106062366239,287768,79,1,178,Charlotte
85,112762406352,287769,79,1,178,Charlotte
85,112763536365,287770,79,1,178,Charlotte
85,207062006214,287772,80,0,177,New York
85,205762006213,287773,80,0,177,New York
85,105662156217,287774,80,0,177,New York
85,100462186218,287775,80,0,177,New York
85,107062196235,287776,80,0,177,New York
85,105762206234,287777,80,0,177,New York
85,105662366238,287778,80,0,177,New York
85,100462396239,287779,80,0,177,New York
85,107062406289,287780,80,0,177,New York
85,105762416287,287781,80,0,177,New York
85,105762906364,287782,80,0,177,New York
85,107062916365,287783,80,0,177,New York
18650,211162006208,287787,8358,0,,St. Louis
18650,112762096274,287788,8358,0,,St. Louis
18650,201562006206,287791,8359,1,,Carbondale
18650,112462076211,287792,8359,1,,Carbondale
18650,112762126272,287793,8359,1,,Carbondale
41080,212762006221,287811,3763,0,,Redding
41080,212762006221,287812,3766,1,,Chico
41080,212762006221,287815,3788,1,,Chico
42996,212762006256,287818,26,1,386,Mobile Amtrak Sta
42996,212762006256,287822,25,0,387,New Orleans
94,106462567200,287829,615,0,25,Harrisburg
94,106562277200,287835,665,0,23,Harrisburg
40751,106270047200,287858,2104,0,328,New York
42954,212762006229,287879,4761,0,,Oakland
42954,102462306231,287880,4761,0,,Oakland
42954,112762326254,287881,4761,0,,Oakland
42954,106562556256,287882,4761,0,,Oakland
42954,212762006229,287884,4765,0,,Oakland
42954,102462306231,287885,4765,0,,Oakland
42954,212762006229,287887,4769,0,,Oakland
42954,102462306231,287888,4769,0,,Oakland
42954,212762006229,287891,4782,1,,Santa Barbara
42954,102462306231,287892,4782,1,,Santa Barbara
42954,212762006254,287894,4785,0,,Oakland
42954,106562556256,287895,4785,0,,Oakland
42954,212762006229,287897,4790,1,,Santa Barbara
42954,102462306231,287898,4790,1,,Santa Barbara
42954,212762006229,287900,4794,1,,San Luis Obispo
42954,102462306231,287901,4794,1,,San Luis Obispo
40751,106463547200,287988,2209,1,326,Washington
94,106462076207,287825,615,0,25,Harrisburg
94,106462146242,287826,615,0,25,Harrisburg
94,103262506250,287828,615,0,25,Harrisburg
94,100163326332,287830,615,0,25,Harrisburg
94,106562066207,287832,665,0,23,Harrisburg
94,106562136214,287833,665,0,23,Harrisburg
94,106562206221,287834,665,0,23,Harrisburg
94,103262506250,287836,665,0,23,Harrisburg
94,100463306330,287837,665,0,23,Harrisburg
94,100263597001,287838,665,0,23,Harrisburg
94,106270047200,287848,642,1,21,New York
40751,206262006247,287850,2104,0,328,New York
40751,106262516289,287852,2104,0,328,New York
40751,106262926329,287853,2104,0,328,New York
40751,106263316358,287855,2104,0,328,New York
40751,106063626365,287857,2104,0,328,New York
40751,106270047200,287878,2108,0,328,New York
88,206562006214,287907,195,1,260,Washington
88,106562206221,287908,195,1,260,Washington
88,106562276347,287909,195,1,260,Washington
88,103262506250,287910,195,1,260,Washington
88,100463306330,287912,195,1,260,Washington
88,100263597001,287914,195,1,260,Washington
40751,201462006205,287939,2115,1,326,Washington
40751,106262086226,287940,2115,1,326,Washington
40751,106262296247,287941,2115,1,326,Washington
40751,106262516329,287943,2115,1,326,Washington
40751,106263316352,287945,2115,1,326,Washington
40751,106063556365,287946,2115,1,326,Washington
94,206262006205,287839,642,1,21,New York
40751,106462076242,288064,2226,0,328,New York
40751,103262506250,288066,2226,0,328,New York
40751,106462566291,288067,2226,0,328,New York
40751,100163326332,288069,2226,0,328,New York
40751,106462076214,288071,2233,1,326,Washington
40751,106462216221,288072,2233,1,326,Washington
40751,106462286242,288073,2233,1,326,Washington
40751,103262506250,288075,2233,1,326,Washington
40751,106462566347,288076,2233,1,326,Washington
40751,100163326332,288077,2233,1,326,Washington
40751,106262056247,288145,2154,0,327,Boston
40751,106262516329,288147,2154,0,327,Boston
40751,106263316358,288149,2154,0,327,Boston
40751,106063626365,288151,2154,0,327,Boston
40751,106262056247,288155,2193,1,,New York
40751,106262516329,288157,2193,1,,New York
40751,106263316358,288159,2193,1,,New York
40751,106063626365,288161,2193,1,,New York
40751,106270047200,288172,2152,0,327,Boston
40751,106262436247,288211,2126,0,328,New York
40751,106262516329,288213,2126,0,328,New York
40751,106263316358,288215,2126,0,328,New York
40751,106063626365,288217,2126,0,328,New York
40751,106462987200,288042,2224,0,328,New York
40751,100163397200,288045,2224,0,328,New York
40751,106270047200,288152,2154,0,327,Boston
40751,106270047200,288162,2193,1,,New York
40751,206262006247,288164,2152,0,327,Boston
40751,106262516289,288166,2152,0,327,Boston
40751,106262926329,288167,2152,0,327,Boston
40751,106263316358,288169,2152,0,327,Boston
40751,106063626365,288171,2152,0,327,Boston
40751,106262436247,288201,2156,0,327,Boston
40751,106262516329,288203,2156,0,327,Boston
40751,106263316358,288205,2156,0,327,Boston
40751,106063626365,288207,2156,0,327,Boston
40751,106270047200,288218,2126,0,328,New York
40751,106562487200,288253,2263,1,324,Washington
40751,106270047200,288208,2156,0,327,Boston
42954,112762057200,288411,5714,1,,Los Angeles
78,112762057200,288415,786,1,146,San Diego
78,112762057200,288418,593,0,102,Los Angeles
96,112770737200,288341,6,1,174,Chicago
96,112770737200,288347,5,0,173,Emeryville
40751,100162066290,288036,2224,0,328,New York
40751,106462076242,288037,2224,0,328,New York
40751,106462496249,288038,2224,0,328,New York
40751,103262506250,288039,2224,0,328,New York
40751,106462566291,288040,2224,0,328,New York
40751,100162976325,288041,2224,0,328,New York
40751,100463306330,288043,2224,0,328,New York
40751,100163326332,288044,2224,0,328,New York
40751,100263597001,288046,2224,0,328,New York
80,106562487200,288137,353,0,53,Chicago
80,106262687200,288141,353,0,53,Chicago
40751,106462567200,288331,2219,1,326,Washington
40751,100163397200,288334,2219,1,326,Washington
68,112763067200,288364,63,0,350,Toronto
36921,206262006254,288391,239,0,248,Rensselaer
36921,106562066256,288392,239,0,248,Rensselaer
36921,212762006205,288394,283,0,279,Niagara Falls
36921,106562066235,288395,283,0,279,Niagara Falls
36921,106262086212,288396,283,0,279,Niagara Falls
36921,106262156237,288397,283,0,279,Niagara Falls
36921,106262386250,288398,283,0,279,Niagara Falls
36921,106562416249,288399,283,0,279,Niagara Falls
36921,106262516303,288400,283,0,279,Niagara Falls
36921,106562556256,288401,283,0,279,Niagara Falls
36921,106562626305,288402,283,0,279,Niagara Falls
40751,106462497200,288404,2228,0,328,New York
40751,106462567200,288058,2208,0,328,New York
40751,100163397200,288061,2208,0,328,New York
40751,106462987200,288068,2226,0,328,New York
40751,106463547200,288078,2233,1,326,Washington
40751,206262006247,288090,2150,0,327,Boston
40751,106262516289,288092,2150,0,327,Boston
40751,106262926329,288093,2150,0,327,Boston
40751,106263316358,288095,2150,0,327,Boston
40751,106063626365,288097,2150,0,327,Boston
80,106562487200,288119,350,1,52,Pontiac
80,106262687200,288124,350,1,52,Pontiac
80,206562006242,288133,353,0,53,Chicago
80,206262006219,288134,353,0,53,Chicago
80,106262226243,288135,353,0,53,Chicago
80,106262446254,288136,353,0,53,Chicago
80,100262616261,288140,353,0,53,Chicago
40751,106270047200,288194,2105,1,326,Washington
40751,206262006226,288231,2119,1,326,Washington
40751,106262296240,288232,2119,1,326,Washington
40751,106262436247,288233,2119,1,326,Washington
40751,106262516329,288235,2119,1,326,Washington
40751,106263316358,288237,2119,1,326,Washington
40751,106063626365,288239,2119,1,326,Washington
40751,106562486269,288242,2203,1,326,Washington
40751,106562706319,288243,2203,1,326,Washington
40751,100162066213,288322,2219,1,326,Washington
40751,106462076214,288323,2219,1,326,Washington
40751,100162206220,288324,2219,1,326,Washington
40751,106462216221,288325,2219,1,326,Washington
40751,100162276241,288326,2219,1,326,Washington
40751,106462286242,288327,2219,1,326,Washington
40751,106562486249,288328,2219,1,326,Washington
40751,103262506250,288329,2219,1,326,Washington
40751,100162556325,288330,2219,1,326,Washington
40751,100463306330,288332,2219,1,326,Washington
40751,100163326332,288333,2219,1,326,Washington
40751,100263597001,288335,2219,1,326,Washington
36921,100162066241,288368,233,0,248,Rensselaer
36921,106062086246,288369,233,0,248,Rensselaer
36921,106562486255,288370,233,0,248,Rensselaer
36921,102862516253,288372,233,0,248,Rensselaer
42992,100262056212,288385,1233,0,,Pittsfield
42992,106462076242,288386,1233,0,,Pittsfield
42992,100262196254,288387,1233,0,,Pittsfield
42992,109662506256,288389,1233,0,,Pittsfield
36921,112762577200,288393,239,0,248,Rensselaer
36921,112763067200,288403,283,0,279,Niagara Falls
80,206562006242,288113,350,1,52,Pontiac
80,206262006216,288114,350,1,52,Pontiac
80,100862176217,288115,350,1,52,Pontiac
80,100662186219,288116,350,1,52,Pontiac
80,106262226243,288117,350,1,52,Pontiac
80,106262446254,288118,350,1,52,Pontiac
80,100262616261,288122,350,1,52,Pontiac
41080,102062606267,288130,3353,0,,Chicago
