agency,service_name,route_name,train_number,direction,station_id,station_name,station_sequence,arrival_time,departure_time,service_start_date,service_end_date,service_dates,service_days,timetable_effective_date,timetable_last_updated_date,timetable_revision_date,source_original_filename,source_pdf,source_page,raw_notes
Amtrak,Amtrak connection,Amtrak connection,65/67,From New Haven,NHV,New Haven Union Station,52,unknown,21:10,2026-06-22,,,weekday,2026-06-22,2026-06-09,,6-22.pdf,ctrail_hartford_line_effective_2026-06-22_updated_2026-06-09.pdf,1,Hartford Line connection departure from New Haven toward Penn Station; arrival endpoint/time unknown pending full timetable
Amtrak,Amtrak connection,Amtrak connection,66,To New Haven,NHV,New Haven Union Station,2,07:24,unknown,2026-06-22,,,weekday,2026-06-22,2026-06-09,,6-22.pdf,ctrail_hartford_line_effective_2026-06-22_updated_2026-06-09.pdf,1,Hartford Line connection arrival at New Haven; opposite endpoint unknown pending full timetable
Amtrak,Amtrak connection,Amtrak connection,86,To New Haven,NHV,New Haven Union Station,6,14:19,unknown,2026-06-22,,,weekday,2026-06-22,2026-06-09,,6-22.pdf,ctrail_hartford_line_effective_2026-06-22_updated_2026-06-09.pdf,1,Hartford Line connection arrival at New Haven; opposite endpoint unknown pending full timetable
Amtrak,Amtrak connection,Amtrak connection,93,From New Haven,NHV,New Haven Union Station,45,unknown,11:58,2026-06-22,,,weekday,2026-06-22,2026-06-09,,6-22.pdf,ctrail_hartford_line_effective_2026-06-22_updated_2026-06-09.pdf,1,Hartford Line connection departure from New Haven toward Penn Station; arrival endpoint/time unknown pending full timetable
Amtrak,Amtrak connection,Amtrak connection,94,To New Haven,NHV,New Haven Union Station,10,19:25,unknown,2026-06-22,,,weekday,2026-06-22,2026-06-09,,6-22.pdf,ctrail_hartford_line_effective_2026-06-22_updated_2026-06-09.pdf,1,Hartford Line connection arrival at New Haven; opposite endpoint unknown pending full timetable
Amtrak,Amtrak connection,Amtrak connection,95,From New Haven,NHV,New Haven Union Station,42,unknown,08:43,2026-06-22,,,weekday,2026-06-22,2026-06-09,,6-22.pdf,ctrail_hartford_line_effective_2026-06-22_updated_2026-06-09.pdf,1,Hartford Line connection departure from New Haven toward Penn Station; arrival endpoint/time unknown pending full timetable
Amtrak,Amtrak connection,Amtrak connection,125,To New Haven,SPG,Springfield,1,07:30,07:30,2026-06-22,,,weekday,2026-06-22,2026-06-09,,6-22.pdf,ctrail_hartford_line_effective_2026-06-22_updated_2026-06-09.pdf,1,To New Haven
Amtrak,Amtrak connection,Amtrak connection,125,To New Haven,WNL,Windsor Locks,2,07:52,07:52,2026-06-22,,,weekday,2026-06-22,2026-06-09,,6-22.pdf,ctrail_hartford_line_effective_2026-06-22_updated_2026-06-09.pdf,1,To New Haven
Amtrak,Amtrak connection,Amtrak connection,125,To New Haven,WND,Windsor,3,07:58,07:58,2026-06-22,,,weekday,2026-06-22,2026-06-09,,6-22.pdf,ctrail_hartford_line_effective_2026-06-22_updated_2026-06-09.pdf,1,To New Haven
Amtrak,Amtrak connection,Amtrak connection,125,To New Haven,HFD,Hartford,4,08:12,08:12,2026-06-22,,,weekday,2026-06-22,2026-06-09,,6-22.pdf,ctrail_hartford_line_effective_2026-06-22_updated_2026-06-09.pdf,1,To New Haven
Amtrak,Amtrak connection,Amtrak connection,125,To New Haven,BER,Berlin,5,08:23,08:23,2026-06-22,,,weekday,2026-06-22,2026-06-09,,6-22.pdf,ctrail_hartford_line_effective_2026-06-22_updated_2026-06-09.pdf,1,To New Haven
Amtrak,Amtrak connection,Amtrak connection,125,To New Haven,MDN,Meriden,6,08:32,08:32,2026-06-22,,,weekday,2026-06-22,2026-06-09,,6-22.pdf,ctrail_hartford_line_effective_2026-06-22_updated_2026-06-09.pdf,1,To New Haven
Amtrak,Amtrak connection,Amtrak connection,125,To New Haven,WFD,Wallingford,7,08:42,08:42,2026-06-22,,,weekday,2026-06-22,2026-06-09,,6-22.pdf,ctrail_hartford_line_effective_2026-06-22_updated_2026-06-09.pdf,1,To New Haven
Amtrak,Amtrak connection,Amtrak connection,125,To New Haven,STS,New Haven - State Street,8,09:00,09:00,2026-06-22,,,weekday,2026-06-22,2026-06-09,,6-22.pdf,ctrail_hartford_line_effective_2026-06-22_updated_2026-06-09.pdf,1,To New Haven
Amtrak,Amtrak connection,Amtrak connection,125,To New Haven,NHV,New Haven - Union Station,9,09:02,09:02,2026-06-22,,,weekday,2026-06-22,2026-06-09,,6-22.pdf,ctrail_hartford_line_effective_2026-06-22_updated_2026-06-09.pdf,1,To New Haven
Amtrak,Amtrak connection,Amtrak connection,125,From New Haven,NHV,New Haven Union Station,43,unknown,09:35,2026-06-22,,,weekday,2026-06-22,2026-06-09,,6-22.pdf,ctrail_hartford_line_effective_2026-06-22_updated_2026-06-09.pdf,1,Hartford Line connection departure from New Haven toward Penn Station; arrival endpoint/time unknown pending full timetable
Amtrak,Amtrak connection,Amtrak connection,136,To Hartford And Springfield,NHV,New Haven - Union Station,1,23:10,23:10,2026-06-22,,,weekday,2026-06-22,2026-06-09,,6-22.pdf,ctrail_hartford_line_effective_2026-06-22_updated_2026-06-09.pdf,1,To Hartford And Springfield
Amtrak,Amtrak connection,Amtrak connection,136,To Hartford And Springfield,STS,New Haven - State Street,2,23:12,23:12,2026-06-22,,,weekday,2026-06-22,2026-06-09,,6-22.pdf,ctrail_hartford_line_effective_2026-06-22_updated_2026-06-09.pdf,1,To Hartford And Springfield
Amtrak,Amtrak connection,Amtrak connection,136,To Hartford And Springfield,WFD,Wallingford,3,23:26,23:26,2026-06-22,,,weekday,2026-06-22,2026-06-09,,6-22.pdf,ctrail_hartford_line_effective_2026-06-22_updated_2026-06-09.pdf,1,To Hartford And Springfield
Amtrak,Amtrak connection,Amtrak connection,136,To Hartford And Springfield,MDN,Meriden,4,23:34,23:34,2026-06-22,,,weekday,2026-06-22,2026-06-09,,6-22.pdf,ctrail_hartford_line_effective_2026-06-22_updated_2026-06-09.pdf,1,To Hartford And Springfield
Amtrak,Amtrak connection,Amtrak connection,136,To Hartford And Springfield,BER,Berlin,5,23:43,23:43,2026-06-22,,,weekday,2026-06-22,2026-06-09,,6-22.pdf,ctrail_hartford_line_effective_2026-06-22_updated_2026-06-09.pdf,1,To Hartford And Springfield
Amtrak,Amtrak connection,Amtrak connection,136,To Hartford And Springfield,HFD,Hartford,6,23:59,23:59,2026-06-22,,,weekday,2026-06-22,2026-06-09,,6-22.pdf,ctrail_hartford_line_effective_2026-06-22_updated_2026-06-09.pdf,1,To Hartford And Springfield
Amtrak,Amtrak connection,Amtrak connection,136,To Hartford And Springfield,WND,Windsor,7,00:05,00:05,2026-06-22,,,weekday,2026-06-22,2026-06-09,,6-22.pdf,ctrail_hartford_line_effective_2026-06-22_updated_2026-06-09.pdf,1,To Hartford And Springfield
Amtrak,Amtrak connection,Amtrak connection,136,To Hartford And Springfield,WNL,Windsor Locks,8,00:13,00:13,2026-06-22,,,weekday,2026-06-22,2026-06-09,,6-22.pdf,ctrail_hartford_line_effective_2026-06-22_updated_2026-06-09.pdf,1,To Hartford And Springfield
Amtrak,Amtrak connection,Amtrak connection,136,To Hartford And Springfield,SPG,Springfield,9,00:41,00:41,2026-06-22,,,weekday,2026-06-22,2026-06-09,,6-22.pdf,ctrail_hartford_line_effective_2026-06-22_updated_2026-06-09.pdf,1,To Hartford And Springfield
Amtrak,Amtrak connection,Amtrak connection,136,To New Haven,NHV,New Haven Union Station,13,22:40,unknown,2026-06-22,,,weekday,2026-06-22,2026-06-09,,6-22.pdf,ctrail_hartford_line_effective_2026-06-22_updated_2026-06-09.pdf,1,Hartford Line connection arrival at New Haven; opposite endpoint unknown pending full timetable
Amtrak,Amtrak connection,Amtrak connection,141,To New Haven,SPG,Springfield,1,04:10,04:10,2026-06-22,,,weekday,2026-06-22,2026-06-09,,6-22.pdf,ctrail_hartford_line_effective_2026-06-22_updated_2026-06-09.pdf,1,To New Haven
Amtrak,Amtrak connection,Amtrak connection,141,To New Haven,WNL,Windsor Locks,2,04:35,04:35,2026-06-22,,,weekday,2026-06-22,2026-06-09,,6-22.pdf,ctrail_hartford_line_effective_2026-06-22_updated_2026-06-09.pdf,1,To New Haven
Amtrak,Amtrak connection,Amtrak connection,141,To New Haven,WND,Windsor,3,04:41,04:41,2026-06-22,,,weekday,2026-06-22,2026-06-09,,6-22.pdf,ctrail_hartford_line_effective_2026-06-22_updated_2026-06-09.pdf,1,To New Haven
Amtrak,Amtrak connection,Amtrak connection,141,To New Haven,HFD,Hartford,4,04:51,04:51,2026-06-22,,,weekday,2026-06-22,2026-06-09,,6-22.pdf,ctrail_hartford_line_effective_2026-06-22_updated_2026-06-09.pdf,1,To New Haven
Amtrak,Amtrak connection,Amtrak connection,141,To New Haven,BER,Berlin,5,05:07,05:07,2026-06-22,,,weekday,2026-06-22,2026-06-09,,6-22.pdf,ctrail_hartford_line_effective_2026-06-22_updated_2026-06-09.pdf,1,To New Haven
Amtrak,Amtrak connection,Amtrak connection,141,To New Haven,MDN,Meriden,6,05:18,05:18,2026-06-22,,,weekday,2026-06-22,2026-06-09,,6-22.pdf,ctrail_hartford_line_effective_2026-06-22_updated_2026-06-09.pdf,1,To New Haven
Amtrak,Amtrak connection,Amtrak connection,141,To New Haven,WFD,Wallingford,7,05:26,05:26,2026-06-22,,,weekday,2026-06-22,2026-06-09,,6-22.pdf,ctrail_hartford_line_effective_2026-06-22_updated_2026-06-09.pdf,1,To New Haven
Amtrak,Amtrak connection,Amtrak connection,141,To New Haven,STS,New Haven - State Street,8,05:39,05:39,2026-06-22,,,weekday,2026-06-22,2026-06-09,,6-22.pdf,ctrail_hartford_line_effective_2026-06-22_updated_2026-06-09.pdf,1,To New Haven
Amtrak,Amtrak connection,Amtrak connection,141,To New Haven,NHV,New Haven - Union Station,9,05:42,05:42,2026-06-22,,,weekday,2026-06-22,2026-06-09,,6-22.pdf,ctrail_hartford_line_effective_2026-06-22_updated_2026-06-09.pdf,1,To New Haven
Amtrak,Amtrak connection,Amtrak connection,141,From New Haven,NHV,New Haven Union Station,40,unknown,06:12,2026-06-22,,,weekday,2026-06-22,2026-06-09,,6-22.pdf,ctrail_hartford_line_effective_2026-06-22_updated_2026-06-09.pdf,1,Hartford Line connection departure from New Haven toward Penn Station; arrival endpoint/time unknown pending full timetable
Amtrak,Amtrak connection,Amtrak connection,148,To Hartford And Springfield,NHV,New Haven - Union Station,1,21:02,21:02,2026-06-22,,,weekday,2026-06-22,2026-06-09,,6-22.pdf,ctrail_hartford_line_effective_2026-06-22_updated_2026-06-09.pdf,1,To Hartford And Springfield
Amtrak,Amtrak connection,Amtrak connection,148,To Hartford And Springfield,STS,New Haven - State Street,2,21:03,21:03,2026-06-22,,,weekday,2026-06-22,2026-06-09,,6-22.pdf,ctrail_hartford_line_effective_2026-06-22_updated_2026-06-09.pdf,1,To Hartford And Springfield
Amtrak,Amtrak connection,Amtrak connection,148,To Hartford And Springfield,WFD,Wallingford,3,21:16,21:16,2026-06-22,,,weekday,2026-06-22,2026-06-09,,6-22.pdf,ctrail_hartford_line_effective_2026-06-22_updated_2026-06-09.pdf,1,To Hartford And Springfield
Amtrak,Amtrak connection,Amtrak connection,148,To Hartford And Springfield,MDN,Meriden,4,21:24,21:24,2026-06-22,,,weekday,2026-06-22,2026-06-09,,6-22.pdf,ctrail_hartford_line_effective_2026-06-22_updated_2026-06-09.pdf,1,To Hartford And Springfield
Amtrak,Amtrak connection,Amtrak connection,148,To Hartford And Springfield,BER,Berlin,5,21:34,21:34,2026-06-22,,,weekday,2026-06-22,2026-06-09,,6-22.pdf,ctrail_hartford_line_effective_2026-06-22_updated_2026-06-09.pdf,1,To Hartford And Springfield
Amtrak,Amtrak connection,Amtrak connection,148,To Hartford And Springfield,HFD,Hartford,6,21:50,21:50,2026-06-22,,,weekday,2026-06-22,2026-06-09,,6-22.pdf,ctrail_hartford_line_effective_2026-06-22_updated_2026-06-09.pdf,1,To Hartford And Springfield
Amtrak,Amtrak connection,Amtrak connection,148,To Hartford And Springfield,WND,Windsor,7,21:58,21:58,2026-06-22,,,weekday,2026-06-22,2026-06-09,,6-22.pdf,ctrail_hartford_line_effective_2026-06-22_updated_2026-06-09.pdf,1,To Hartford And Springfield
Amtrak,Amtrak connection,Amtrak connection,148,To Hartford And Springfield,WNL,Windsor Locks,8,22:08,22:08,2026-06-22,,,weekday,2026-06-22,2026-06-09,,6-22.pdf,ctrail_hartford_line_effective_2026-06-22_updated_2026-06-09.pdf,1,To Hartford And Springfield
Amtrak,Amtrak connection,Amtrak connection,148,To Hartford And Springfield,SPG,Springfield,9,22:37,22:37,2026-06-22,,,weekday,2026-06-22,2026-06-09,,6-22.pdf,ctrail_hartford_line_effective_2026-06-22_updated_2026-06-09.pdf,1,To Hartford And Springfield
Amtrak,Amtrak connection,Amtrak connection,148,To New Haven,NHV,New Haven Union Station,11,20:32,unknown,2026-06-22,,,weekday,2026-06-22,2026-06-09,,6-22.pdf,ctrail_hartford_line_effective_2026-06-22_updated_2026-06-09.pdf,1,Hartford Line connection arrival at New Haven; opposite endpoint unknown pending full timetable
Amtrak,Amtrak connection,Amtrak connection,170,To New Haven,NHV,New Haven Union Station,5,10:36,unknown,2026-06-22,,,weekday,2026-06-22,2026-06-09,,6-22.pdf,ctrail_hartford_line_effective_2026-06-22_updated_2026-06-09.pdf,1,Hartford Line connection arrival at New Haven; opposite endpoint unknown pending full timetable
Amtrak,Amtrak connection,Amtrak connection,171,From New Haven,NHV,New Haven Union Station,44,unknown,10:38,2026-06-22,,,weekday,2026-06-22,2026-06-09,,6-22.pdf,ctrail_hartford_line_effective_2026-06-22_updated_2026-06-09.pdf,1,Hartford Line connection departure from New Haven toward Penn Station; arrival endpoint/time unknown pending full timetable
Amtrak,Amtrak connection,Amtrak connection,173,From New Haven,NHV,New Haven Union Station,47,unknown,14:07,2026-06-22,,,weekday,2026-06-22,2026-06-09,,6-22.pdf,ctrail_hartford_line_effective_2026-06-22_updated_2026-06-09.pdf,1,Hartford Line connection departure from New Haven toward Penn Station; arrival endpoint/time unknown pending full timetable
Amtrak,Amtrak connection,Amtrak connection,174,To New Haven,NHV,New Haven Union Station,7,16:11,unknown,2026-06-22,,,weekday,2026-06-22,2026-06-09,,6-22.pdf,ctrail_hartford_line_effective_2026-06-22_updated_2026-06-09.pdf,1,Hartford Line connection arrival at New Haven; opposite endpoint unknown pending full timetable
Amtrak,Amtrak connection,Amtrak connection,175,From New Haven,NHV,New Haven Union Station,49,unknown,17:55,2026-06-22,,,weekday,2026-06-22,2026-06-09,,6-22.pdf,ctrail_hartford_line_effective_2026-06-22_updated_2026-06-09.pdf,1,Hartford Line connection departure from New Haven toward Penn Station; arrival endpoint/time unknown pending full timetable
Amtrak,Amtrak connection,Amtrak connection,175,From New Haven,NHV,New Haven Union Station,50,unknown,17:55,2026-06-22,,,weekday,2026-06-22,2026-06-09,,6-22.pdf,ctrail_hartford_line_effective_2026-06-22_updated_2026-06-09.pdf,1,Hartford Line connection departure from New Haven toward Penn Station; arrival endpoint/time unknown pending full timetable
Amtrak,Amtrak connection,Amtrak connection,177,From New Haven,NHV,New Haven Union Station,51,unknown,20:13,2026-06-22,,,weekday,2026-06-22,2026-06-09,,6-22.pdf,ctrail_hartford_line_effective_2026-06-22_updated_2026-06-09.pdf,1,Hartford Line connection departure from New Haven toward Penn Station; arrival endpoint/time unknown pending full timetable
Amtrak,Amtrak connection,Amtrak connection,178,To New Haven,NHV,New Haven Union Station,12,21:40,unknown,2026-06-22,,,weekday,2026-06-22,2026-06-09,,6-22.pdf,ctrail_hartford_line_effective_2026-06-22_updated_2026-06-09.pdf,1,Hartford Line connection arrival at New Haven; opposite endpoint unknown pending full timetable
Amtrak,Amtrak connection,Amtrak connection,184,To New Haven,NHV,New Haven Union Station,9,19:01,unknown,2026-06-22,,,weekday,2026-06-22,2026-06-09,,6-22.pdf,ctrail_hartford_line_effective_2026-06-22_updated_2026-06-09.pdf,1,Hartford Line connection arrival at New Haven; opposite endpoint unknown pending full timetable
Amtrak,Amtrak connection,Amtrak connection,190,To New Haven,NHV,New Haven Union Station,3,09:32,unknown,2026-06-22,,,weekday,2026-06-22,2026-06-09,,6-22.pdf,ctrail_hartford_line_effective_2026-06-22_updated_2026-06-09.pdf,1,Hartford Line connection arrival at New Haven; opposite endpoint unknown pending full timetable
Amtrak,Amtrak connection,Amtrak connection,190,To New Haven,NHV,New Haven Union Station,4,09:32,unknown,2026-06-22,,,weekday,2026-06-22,2026-06-09,,6-22.pdf,ctrail_hartford_line_effective_2026-06-22_updated_2026-06-09.pdf,1,Hartford Line connection arrival at New Haven; opposite endpoint unknown pending full timetable
Amtrak,Amtrak connection,Amtrak connection,417,To New Haven,SPG,Springfield,1,18:40,18:40,2026-06-22,,,weekday,2026-06-22,2026-06-09,,6-22.pdf,ctrail_hartford_line_effective_2026-06-22_updated_2026-06-09.pdf,1,To New Haven
Amtrak,Amtrak connection,Amtrak connection,417,To New Haven,WNL,Windsor Locks,2,18:58,18:58,2026-06-22,,,weekday,2026-06-22,2026-06-09,,6-22.pdf,ctrail_hartford_line_effective_2026-06-22_updated_2026-06-09.pdf,1,To New Haven
Amtrak,Amtrak connection,Amtrak connection,417,To New Haven,WND,Windsor,3,19:04,19:04,2026-06-22,,,weekday,2026-06-22,2026-06-09,,6-22.pdf,ctrail_hartford_line_effective_2026-06-22_updated_2026-06-09.pdf,1,To New Haven
Amtrak,Amtrak connection,Amtrak connection,417,To New Haven,HFD,Hartford,4,19:15,19:15,2026-06-22,,,weekday,2026-06-22,2026-06-09,,6-22.pdf,ctrail_hartford_line_effective_2026-06-22_updated_2026-06-09.pdf,1,To New Haven
Amtrak,Amtrak connection,Amtrak connection,417,To New Haven,BER,Berlin,5,19:25,19:25,2026-06-22,,,weekday,2026-06-22,2026-06-09,,6-22.pdf,ctrail_hartford_line_effective_2026-06-22_updated_2026-06-09.pdf,1,To New Haven
Amtrak,Amtrak connection,Amtrak connection,417,To New Haven,MDN,Meriden,6,19:34,19:34,2026-06-22,,,weekday,2026-06-22,2026-06-09,,6-22.pdf,ctrail_hartford_line_effective_2026-06-22_updated_2026-06-09.pdf,1,To New Haven
Amtrak,Amtrak connection,Amtrak connection,417,To New Haven,WFD,Wallingford,7,19:42,19:42,2026-06-22,,,weekday,2026-06-22,2026-06-09,,6-22.pdf,ctrail_hartford_line_effective_2026-06-22_updated_2026-06-09.pdf,1,To New Haven
Amtrak,Amtrak connection,Amtrak connection,417,To New Haven,STS,New Haven - State Street,8,19:55,19:55,2026-06-22,,,weekday,2026-06-22,2026-06-09,,6-22.pdf,ctrail_hartford_line_effective_2026-06-22_updated_2026-06-09.pdf,1,To New Haven
Amtrak,Amtrak connection,Amtrak connection,417,To New Haven,NHV,New Haven - Union Station,9,20:01,20:01,2026-06-22,,,weekday,2026-06-22,2026-06-09,,6-22.pdf,ctrail_hartford_line_effective_2026-06-22_updated_2026-06-09.pdf,1,To New Haven
Amtrak,Amtrak connection,Amtrak connection,470,To Hartford And Springfield,NHV,New Haven - Union Station,1,10:51,10:51,2026-06-22,,,weekday,2026-06-22,2026-06-09,,6-22.pdf,ctrail_hartford_line_effective_2026-06-22_updated_2026-06-09.pdf,1,To Hartford And Springfield
Amtrak,Amtrak connection,Amtrak connection,470,To Hartford And Springfield,STS,New Haven - State Street,2,10:53,10:53,2026-06-22,,,weekday,2026-06-22,2026-06-09,,6-22.pdf,ctrail_hartford_line_effective_2026-06-22_updated_2026-06-09.pdf,1,To Hartford And Springfield
Amtrak,Amtrak connection,Amtrak connection,470,To Hartford And Springfield,WFD,Wallingford,3,11:05,11:05,2026-06-22,,,weekday,2026-06-22,2026-06-09,,6-22.pdf,ctrail_hartford_line_effective_2026-06-22_updated_2026-06-09.pdf,1,To Hartford And Springfield
Amtrak,Amtrak connection,Amtrak connection,470,To Hartford And Springfield,MDN,Meriden,4,11:15,11:15,2026-06-22,,,weekday,2026-06-22,2026-06-09,,6-22.pdf,ctrail_hartford_line_effective_2026-06-22_updated_2026-06-09.pdf,1,To Hartford And Springfield
Amtrak,Amtrak connection,Amtrak connection,470,To Hartford And Springfield,BER,Berlin,5,11:23,11:23,2026-06-22,,,weekday,2026-06-22,2026-06-09,,6-22.pdf,ctrail_hartford_line_effective_2026-06-22_updated_2026-06-09.pdf,1,To Hartford And Springfield
Amtrak,Amtrak connection,Amtrak connection,470,To Hartford And Springfield,HFD,Hartford,6,11:47,11:47,2026-06-22,,,weekday,2026-06-22,2026-06-09,,6-22.pdf,ctrail_hartford_line_effective_2026-06-22_updated_2026-06-09.pdf,1,To Hartford And Springfield
Amtrak,Amtrak connection,Amtrak connection,470,To Hartford And Springfield,WND,Windsor,7,12:03,12:03,2026-06-22,,,weekday,2026-06-22,2026-06-09,,6-22.pdf,ctrail_hartford_line_effective_2026-06-22_updated_2026-06-09.pdf,1,To Hartford And Springfield
Amtrak,Amtrak connection,Amtrak connection,470,To Hartford And Springfield,WNL,Windsor Locks,8,12:17,12:17,2026-06-22,,,weekday,2026-06-22,2026-06-09,,6-22.pdf,ctrail_hartford_line_effective_2026-06-22_updated_2026-06-09.pdf,1,To Hartford And Springfield
Amtrak,Amtrak connection,Amtrak connection,470,To Hartford And Springfield,SPG,Springfield,9,12:39,12:39,2026-06-22,,,weekday,2026-06-22,2026-06-09,,6-22.pdf,ctrail_hartford_line_effective_2026-06-22_updated_2026-06-09.pdf,1,To Hartford And Springfield
Amtrak,Amtrak connection,Amtrak connection,471,To New Haven,SPG,Springfield,1,08:25,08:25,2026-06-22,,,weekday,2026-06-22,2026-06-09,,6-22.pdf,ctrail_hartford_line_effective_2026-06-22_updated_2026-06-09.pdf,1,To New Haven
Amtrak,Amtrak connection,Amtrak connection,471,To New Haven,WNL,Windsor Locks,2,08:47,08:47,2026-06-22,,,weekday,2026-06-22,2026-06-09,,6-22.pdf,ctrail_hartford_line_effective_2026-06-22_updated_2026-06-09.pdf,1,To New Haven
Amtrak,Amtrak connection,Amtrak connection,471,To New Haven,WND,Windsor,3,09:01,09:01,2026-06-22,,,weekday,2026-06-22,2026-06-09,,6-22.pdf,ctrail_hartford_line_effective_2026-06-22_updated_2026-06-09.pdf,1,To New Haven
Amtrak,Amtrak connection,Amtrak connection,471,To New Haven,HFD,Hartford,4,09:29,09:29,2026-06-22,,,weekday,2026-06-22,2026-06-09,,6-22.pdf,ctrail_hartford_line_effective_2026-06-22_updated_2026-06-09.pdf,1,To New Haven
Amtrak,Amtrak connection,Amtrak connection,471,To New Haven,BER,Berlin,5,09:40,09:40,2026-06-22,,,weekday,2026-06-22,2026-06-09,,6-22.pdf,ctrail_hartford_line_effective_2026-06-22_updated_2026-06-09.pdf,1,To New Haven
Amtrak,Amtrak connection,Amtrak connection,471,To New Haven,MDN,Meriden,6,09:49,09:49,2026-06-22,,,weekday,2026-06-22,2026-06-09,,6-22.pdf,ctrail_hartford_line_effective_2026-06-22_updated_2026-06-09.pdf,1,To New Haven
Amtrak,Amtrak connection,Amtrak connection,471,To New Haven,WFD,Wallingford,7,09:57,09:57,2026-06-22,,,weekday,2026-06-22,2026-06-09,,6-22.pdf,ctrail_hartford_line_effective_2026-06-22_updated_2026-06-09.pdf,1,To New Haven
Amtrak,Amtrak connection,Amtrak connection,471,To New Haven,STS,New Haven - State Street,8,10:10,10:10,2026-06-22,,,weekday,2026-06-22,2026-06-09,,6-22.pdf,ctrail_hartford_line_effective_2026-06-22_updated_2026-06-09.pdf,1,To New Haven
Amtrak,Amtrak connection,Amtrak connection,471,To New Haven,NHV,New Haven - Union Station,9,10:18,10:18,2026-06-22,,,weekday,2026-06-22,2026-06-09,,6-22.pdf,ctrail_hartford_line_effective_2026-06-22_updated_2026-06-09.pdf,1,To New Haven
Amtrak,Amtrak connection,Amtrak connection,473,To New Haven,SPG,Springfield,1,11:37,11:37,2026-06-22,,,weekday,2026-06-22,2026-06-09,,6-22.pdf,ctrail_hartford_line_effective_2026-06-22_updated_2026-06-09.pdf,1,To New Haven
Amtrak,Amtrak connection,Amtrak connection,473,To New Haven,WNL,Windsor Locks,2,11:59,11:59,2026-06-22,,,weekday,2026-06-22,2026-06-09,,6-22.pdf,ctrail_hartford_line_effective_2026-06-22_updated_2026-06-09.pdf,1,To New Haven
Amtrak,Amtrak connection,Amtrak connection,473,To New Haven,WND,Windsor,3,12:13,12:13,2026-06-22,,,weekday,2026-06-22,2026-06-09,,6-22.pdf,ctrail_hartford_line_effective_2026-06-22_updated_2026-06-09.pdf,1,To New Haven
Amtrak,Amtrak connection,Amtrak connection,473,To New Haven,HFD,Hartford,4,12:39,12:39,2026-06-22,,,weekday,2026-06-22,2026-06-09,,6-22.pdf,ctrail_hartford_line_effective_2026-06-22_updated_2026-06-09.pdf,1,To New Haven
Amtrak,Amtrak connection,Amtrak connection,473,To New Haven,BER,Berlin,5,12:50,12:50,2026-06-22,,,weekday,2026-06-22,2026-06-09,,6-22.pdf,ctrail_hartford_line_effective_2026-06-22_updated_2026-06-09.pdf,1,To New Haven
Amtrak,Amtrak connection,Amtrak connection,473,To New Haven,MDN,Meriden,6,12:59,12:59,2026-06-22,,,weekday,2026-06-22,2026-06-09,,6-22.pdf,ctrail_hartford_line_effective_2026-06-22_updated_2026-06-09.pdf,1,To New Haven
Amtrak,Amtrak connection,Amtrak connection,473,To New Haven,WFD,Wallingford,7,13:07,13:07,2026-06-22,,,weekday,2026-06-22,2026-06-09,,6-22.pdf,ctrail_hartford_line_effective_2026-06-22_updated_2026-06-09.pdf,1,To New Haven
Amtrak,Amtrak connection,Amtrak connection,473,To New Haven,STS,New Haven - State Street,8,13:20,13:20,2026-06-22,,,weekday,2026-06-22,2026-06-09,,6-22.pdf,ctrail_hartford_line_effective_2026-06-22_updated_2026-06-09.pdf,1,To New Haven
Amtrak,Amtrak connection,Amtrak connection,473,To New Haven,NHV,New Haven - Union Station,9,13:28,13:28,2026-06-22,,,weekday,2026-06-22,2026-06-09,,6-22.pdf,ctrail_hartford_line_effective_2026-06-22_updated_2026-06-09.pdf,1,To New Haven
Amtrak,Amtrak connection,Amtrak connection,474,To Hartford And Springfield,NHV,New Haven - Union Station,1,16:31,16:31,2026-06-22,,,weekday,2026-06-22,2026-06-09,,6-22.pdf,ctrail_hartford_line_effective_2026-06-22_updated_2026-06-09.pdf,1,To Hartford And Springfield
Amtrak,Amtrak connection,Amtrak connection,474,To Hartford And Springfield,STS,New Haven - State Street,2,16:33,16:33,2026-06-22,,,weekday,2026-06-22,2026-06-09,,6-22.pdf,ctrail_hartford_line_effective_2026-06-22_updated_2026-06-09.pdf,1,To Hartford And Springfield
Amtrak,Amtrak connection,Amtrak connection,474,To Hartford And Springfield,WFD,Wallingford,3,16:46,16:46,2026-06-22,,,weekday,2026-06-22,2026-06-09,,6-22.pdf,ctrail_hartford_line_effective_2026-06-22_updated_2026-06-09.pdf,1,To Hartford And Springfield
Amtrak,Amtrak connection,Amtrak connection,474,To Hartford And Springfield,MDN,Meriden,4,16:57,16:57,2026-06-22,,,weekday,2026-06-22,2026-06-09,,6-22.pdf,ctrail_hartford_line_effective_2026-06-22_updated_2026-06-09.pdf,1,To Hartford And Springfield
Amtrak,Amtrak connection,Amtrak connection,474,To Hartford And Springfield,BER,Berlin,5,17:06,17:06,2026-06-22,,,weekday,2026-06-22,2026-06-09,,6-22.pdf,ctrail_hartford_line_effective_2026-06-22_updated_2026-06-09.pdf,1,To Hartford And Springfield
Amtrak,Amtrak connection,Amtrak connection,474,To Hartford And Springfield,HFD,Hartford,6,17:21,17:21,2026-06-22,,,weekday,2026-06-22,2026-06-09,,6-22.pdf,ctrail_hartford_line_effective_2026-06-22_updated_2026-06-09.pdf,1,To Hartford And Springfield
Amtrak,Amtrak connection,Amtrak connection,474,To Hartford And Springfield,WND,Windsor,7,17:27,17:27,2026-06-22,,,weekday,2026-06-22,2026-06-09,,6-22.pdf,ctrail_hartford_line_effective_2026-06-22_updated_2026-06-09.pdf,1,To Hartford And Springfield
Amtrak,Amtrak connection,Amtrak connection,474,To Hartford And Springfield,WNL,Windsor Locks,8,17:34,17:34,2026-06-22,,,weekday,2026-06-22,2026-06-09,,6-22.pdf,ctrail_hartford_line_effective_2026-06-22_updated_2026-06-09.pdf,1,To Hartford And Springfield
Amtrak,Amtrak connection,Amtrak connection,474,To Hartford And Springfield,SPG,Springfield,9,17:56,17:56,2026-06-22,,,weekday,2026-06-22,2026-06-09,,6-22.pdf,ctrail_hartford_line_effective_2026-06-22_updated_2026-06-09.pdf,1,To Hartford And Springfield
Amtrak,Amtrak connection,Amtrak connection,475,To New Haven,SPG,Springfield,1,15:52,15:52,2026-06-22,,,weekday,2026-06-22,2026-06-09,,6-22.pdf,ctrail_hartford_line_effective_2026-06-22_updated_2026-06-09.pdf,1,To New Haven
Amtrak,Amtrak connection,Amtrak connection,475,To New Haven,WNL,Windsor Locks,2,16:13,16:13,2026-06-22,,,weekday,2026-06-22,2026-06-09,,6-22.pdf,ctrail_hartford_line_effective_2026-06-22_updated_2026-06-09.pdf,1,To New Haven
Amtrak,Amtrak connection,Amtrak connection,475,To New Haven,WND,Windsor,3,16:18,16:18,2026-06-22,,,weekday,2026-06-22,2026-06-09,,6-22.pdf,ctrail_hartford_line_effective_2026-06-22_updated_2026-06-09.pdf,1,To New Haven
Amtrak,Amtrak connection,Amtrak connection,475,To New Haven,HFD,Hartford,4,16:27,16:27,2026-06-22,,,weekday,2026-06-22,2026-06-09,,6-22.pdf,ctrail_hartford_line_effective_2026-06-22_updated_2026-06-09.pdf,1,To New Haven
Amtrak,Amtrak connection,Amtrak connection,475,To New Haven,BER,Berlin,5,16:38,16:38,2026-06-22,,,weekday,2026-06-22,2026-06-09,,6-22.pdf,ctrail_hartford_line_effective_2026-06-22_updated_2026-06-09.pdf,1,To New Haven
Amtrak,Amtrak connection,Amtrak connection,475,To New Haven,MDN,Meriden,6,16:47,16:47,2026-06-22,,,weekday,2026-06-22,2026-06-09,,6-22.pdf,ctrail_hartford_line_effective_2026-06-22_updated_2026-06-09.pdf,1,To New Haven
Amtrak,Amtrak connection,Amtrak connection,475,To New Haven,WFD,Wallingford,7,16:55,16:55,2026-06-22,,,weekday,2026-06-22,2026-06-09,,6-22.pdf,ctrail_hartford_line_effective_2026-06-22_updated_2026-06-09.pdf,1,To New Haven
Amtrak,Amtrak connection,Amtrak connection,475,To New Haven,STS,New Haven - State Street,8,17:08,17:08,2026-06-22,,,weekday,2026-06-22,2026-06-09,,6-22.pdf,ctrail_hartford_line_effective_2026-06-22_updated_2026-06-09.pdf,1,To New Haven
Amtrak,Amtrak connection,Amtrak connection,475,To New Haven,NHV,New Haven - Union Station,9,17:14,17:14,2026-06-22,,,weekday,2026-06-22,2026-06-09,,6-22.pdf,ctrail_hartford_line_effective_2026-06-22_updated_2026-06-09.pdf,1,To New Haven
Amtrak,Amtrak connection,Amtrak connection,478,To Hartford And Springfield,NHV,New Haven - Union Station,1,22:15,22:15,2026-06-22,,,weekday,2026-06-22,2026-06-09,,6-22.pdf,ctrail_hartford_line_effective_2026-06-22_updated_2026-06-09.pdf,1,To Hartford And Springfield
Amtrak,Amtrak connection,Amtrak connection,478,To Hartford And Springfield,STS,New Haven - State Street,2,22:17,22:17,2026-06-22,,,weekday,2026-06-22,2026-06-09,,6-22.pdf,ctrail_hartford_line_effective_2026-06-22_updated_2026-06-09.pdf,1,To Hartford And Springfield
Amtrak,Amtrak connection,Amtrak connection,478,To Hartford And Springfield,WFD,Wallingford,3,22:32,22:32,2026-06-22,,,weekday,2026-06-22,2026-06-09,,6-22.pdf,ctrail_hartford_line_effective_2026-06-22_updated_2026-06-09.pdf,1,To Hartford And Springfield
Amtrak,Amtrak connection,Amtrak connection,478,To Hartford And Springfield,MDN,Meriden,4,22:42,22:42,2026-06-22,,,weekday,2026-06-22,2026-06-09,,6-22.pdf,ctrail_hartford_line_effective_2026-06-22_updated_2026-06-09.pdf,1,To Hartford And Springfield
Amtrak,Amtrak connection,Amtrak connection,478,To Hartford And Springfield,BER,Berlin,5,22:50,22:50,2026-06-22,,,weekday,2026-06-22,2026-06-09,,6-22.pdf,ctrail_hartford_line_effective_2026-06-22_updated_2026-06-09.pdf,1,To Hartford And Springfield
Amtrak,Amtrak connection,Amtrak connection,478,To Hartford And Springfield,HFD,Hartford,6,23:06,23:06,2026-06-22,,,weekday,2026-06-22,2026-06-09,,6-22.pdf,ctrail_hartford_line_effective_2026-06-22_updated_2026-06-09.pdf,1,To Hartford And Springfield
Amtrak,Amtrak connection,Amtrak connection,478,To Hartford And Springfield,WND,Windsor,7,23:12,23:12,2026-06-22,,,weekday,2026-06-22,2026-06-09,,6-22.pdf,ctrail_hartford_line_effective_2026-06-22_updated_2026-06-09.pdf,1,To Hartford And Springfield
Amtrak,Amtrak connection,Amtrak connection,478,To Hartford And Springfield,WNL,Windsor Locks,8,23:18,23:18,2026-06-22,,,weekday,2026-06-22,2026-06-09,,6-22.pdf,ctrail_hartford_line_effective_2026-06-22_updated_2026-06-09.pdf,1,To Hartford And Springfield
Amtrak,Amtrak connection,Amtrak connection,478,To Hartford And Springfield,SPG,Springfield,9,23:40,23:40,2026-06-22,,,weekday,2026-06-22,2026-06-09,,6-22.pdf,ctrail_hartford_line_effective_2026-06-22_updated_2026-06-09.pdf,1,To Hartford And Springfield
Amtrak,Amtrak connection,Amtrak connection,479,To New Haven,SPG,Springfield,1,19:40,19:40,2026-06-22,,,weekday,2026-06-22,2026-06-09,,6-22.pdf,ctrail_hartford_line_effective_2026-06-22_updated_2026-06-09.pdf,1,To New Haven
Amtrak,Amtrak connection,Amtrak connection,479,To New Haven,WNL,Windsor Locks,2,20:00,20:00,2026-06-22,,,weekday,2026-06-22,2026-06-09,,6-22.pdf,ctrail_hartford_line_effective_2026-06-22_updated_2026-06-09.pdf,1,To New Haven
Amtrak,Amtrak connection,Amtrak connection,479,To New Haven,WND,Windsor,3,20:06,20:06,2026-06-22,,,weekday,2026-06-22,2026-06-09,,6-22.pdf,ctrail_hartford_line_effective_2026-06-22_updated_2026-06-09.pdf,1,To New Haven
Amtrak,Amtrak connection,Amtrak connection,479,To New Haven,HFD,Hartford,4,20:17,20:17,2026-06-22,,,weekday,2026-06-22,2026-06-09,,6-22.pdf,ctrail_hartford_line_effective_2026-06-22_updated_2026-06-09.pdf,1,To New Haven
Amtrak,Amtrak connection,Amtrak connection,479,To New Haven,BER,Berlin,5,20:28,20:28,2026-06-22,,,weekday,2026-06-22,2026-06-09,,6-22.pdf,ctrail_hartford_line_effective_2026-06-22_updated_2026-06-09.pdf,1,To New Haven
Amtrak,Amtrak connection,Amtrak connection,479,To New Haven,MDN,Meriden,6,20:37,20:37,2026-06-22,,,weekday,2026-06-22,2026-06-09,,6-22.pdf,ctrail_hartford_line_effective_2026-06-22_updated_2026-06-09.pdf,1,To New Haven
Amtrak,Amtrak connection,Amtrak connection,479,To New Haven,WFD,Wallingford,7,20:45,20:45,2026-06-22,,,weekday,2026-06-22,2026-06-09,,6-22.pdf,ctrail_hartford_line_effective_2026-06-22_updated_2026-06-09.pdf,1,To New Haven
Amtrak,Amtrak connection,Amtrak connection,479,To New Haven,STS,New Haven - State Street,8,20:58,20:58,2026-06-22,,,weekday,2026-06-22,2026-06-09,,6-22.pdf,ctrail_hartford_line_effective_2026-06-22_updated_2026-06-09.pdf,1,To New Haven
Amtrak,Amtrak connection,Amtrak connection,479,To New Haven,NHV,New Haven - Union Station,9,21:00,21:00,2026-06-22,,,weekday,2026-06-22,2026-06-09,,6-22.pdf,ctrail_hartford_line_effective_2026-06-22_updated_2026-06-09.pdf,1,To New Haven
Amtrak,Amtrak connection,Amtrak connection,486,To Hartford And Springfield,NHV,New Haven - Union Station,1,14:50,14:50,2026-06-22,,,weekday,2026-06-22,2026-06-09,,6-22.pdf,ctrail_hartford_line_effective_2026-06-22_updated_2026-06-09.pdf,1,To Hartford And Springfield
Amtrak,Amtrak connection,Amtrak connection,486,To Hartford And Springfield,STS,New Haven - State Street,2,14:52,14:52,2026-06-22,,,weekday,2026-06-22,2026-06-09,,6-22.pdf,ctrail_hartford_line_effective_2026-06-22_updated_2026-06-09.pdf,1,To Hartford And Springfield
Amtrak,Amtrak connection,Amtrak connection,486,To Hartford And Springfield,WFD,Wallingford,3,15:04,15:04,2026-06-22,,,weekday,2026-06-22,2026-06-09,,6-22.pdf,ctrail_hartford_line_effective_2026-06-22_updated_2026-06-09.pdf,1,To Hartford And Springfield
Amtrak,Amtrak connection,Amtrak connection,486,To Hartford And Springfield,MDN,Meriden,4,15:15,15:15,2026-06-22,,,weekday,2026-06-22,2026-06-09,,6-22.pdf,ctrail_hartford_line_effective_2026-06-22_updated_2026-06-09.pdf,1,To Hartford And Springfield
Amtrak,Amtrak connection,Amtrak connection,486,To Hartford And Springfield,BER,Berlin,5,15:23,15:23,2026-06-22,,,weekday,2026-06-22,2026-06-09,,6-22.pdf,ctrail_hartford_line_effective_2026-06-22_updated_2026-06-09.pdf,1,To Hartford And Springfield
Amtrak,Amtrak connection,Amtrak connection,486,To Hartford And Springfield,HFD,Hartford,6,15:40,15:40,2026-06-22,,,weekday,2026-06-22,2026-06-09,,6-22.pdf,ctrail_hartford_line_effective_2026-06-22_updated_2026-06-09.pdf,1,To Hartford And Springfield
Amtrak,Amtrak connection,Amtrak connection,486,To Hartford And Springfield,WND,Windsor,7,15:45,15:45,2026-06-22,,,weekday,2026-06-22,2026-06-09,,6-22.pdf,ctrail_hartford_line_effective_2026-06-22_updated_2026-06-09.pdf,1,To Hartford And Springfield
Amtrak,Amtrak connection,Amtrak connection,486,To Hartford And Springfield,WNL,Windsor Locks,8,15:51,15:51,2026-06-22,,,weekday,2026-06-22,2026-06-09,,6-22.pdf,ctrail_hartford_line_effective_2026-06-22_updated_2026-06-09.pdf,1,To Hartford And Springfield
Amtrak,Amtrak connection,Amtrak connection,486,To Hartford And Springfield,SPG,Springfield,9,16:13,16:13,2026-06-22,,,weekday,2026-06-22,2026-06-09,,6-22.pdf,ctrail_hartford_line_effective_2026-06-22_updated_2026-06-09.pdf,1,To Hartford And Springfield
Amtrak,Amtrak connection,Amtrak connection,490~1,To Hartford And Springfield,NHV,New Haven - Union Station,1,09:42,09:42,2026-06-22,,,weekday,2026-06-22,2026-06-09,,6-22.pdf,ctrail_hartford_line_effective_2026-06-22_updated_2026-06-09.pdf,1,To Hartford And Springfield; express
Amtrak,Amtrak connection,Amtrak connection,490~2,To Hartford And Springfield,NHV,New Haven - Union Station,1,09:42,09:42,2026-06-22,,,weekday,2026-06-22,2026-06-09,,6-22.pdf,ctrail_hartford_line_effective_2026-06-22_updated_2026-06-09.pdf,1,To Hartford And Springfield; local
Amtrak,Amtrak connection,Amtrak connection,490~1,To Hartford And Springfield,STS,New Haven - State Street,2,09:48,09:48,2026-06-22,,,weekday,2026-06-22,2026-06-09,,6-22.pdf,ctrail_hartford_line_effective_2026-06-22_updated_2026-06-09.pdf,1,To Hartford And Springfield; express
Amtrak,Amtrak connection,Amtrak connection,490~2,To Hartford And Springfield,STS,New Haven - State Street,2,09:48,09:48,2026-06-22,,,weekday,2026-06-22,2026-06-09,,6-22.pdf,ctrail_hartford_line_effective_2026-06-22_updated_2026-06-09.pdf,1,To Hartford And Springfield; local
Amtrak,Amtrak connection,Amtrak connection,490~2,To Hartford And Springfield,WFD,Wallingford,3,10:10,10:10,2026-06-22,,,weekday,2026-06-22,2026-06-09,,6-22.pdf,ctrail_hartford_line_effective_2026-06-22_updated_2026-06-09.pdf,1,To Hartford And Springfield; local
Amtrak,Amtrak connection,Amtrak connection,490~2,To Hartford And Springfield,MDN,Meriden,4,10:30,10:30,2026-06-22,,,weekday,2026-06-22,2026-06-09,,6-22.pdf,ctrail_hartford_line_effective_2026-06-22_updated_2026-06-09.pdf,1,To Hartford And Springfield; local
Amtrak,Amtrak connection,Amtrak connection,490~2,To Hartford And Springfield,BER,Berlin,5,10:50,10:50,2026-06-22,,,weekday,2026-06-22,2026-06-09,,6-22.pdf,ctrail_hartford_line_effective_2026-06-22_updated_2026-06-09.pdf,1,To Hartford And Springfield; local
Amtrak,Amtrak connection,Amtrak connection,490~1,To Hartford And Springfield,HFD,Hartford,6,10:30,10:30,2026-06-22,,,weekday,2026-06-22,2026-06-09,,6-22.pdf,ctrail_hartford_line_effective_2026-06-22_updated_2026-06-09.pdf,1,To Hartford And Springfield; express
Amtrak,Amtrak connection,Amtrak connection,490~2,To Hartford And Springfield,HFD,Hartford,6,11:15,11:15,2026-06-22,,,weekday,2026-06-22,2026-06-09,,6-22.pdf,ctrail_hartford_line_effective_2026-06-22_updated_2026-06-09.pdf,1,To Hartford And Springfield; local
Amtrak,Amtrak connection,Amtrak connection,490~2,To Hartford And Springfield,WND,Windsor,7,11:31,11:31,2026-06-22,,,weekday,2026-06-22,2026-06-09,,6-22.pdf,ctrail_hartford_line_effective_2026-06-22_updated_2026-06-09.pdf,1,To Hartford And Springfield; local
Amtrak,Amtrak connection,Amtrak connection,490~2,To Hartford And Springfield,WNL,Windsor Locks,8,11:45,11:45,2026-06-22,,,weekday,2026-06-22,2026-06-09,,6-22.pdf,ctrail_hartford_line_effective_2026-06-22_updated_2026-06-09.pdf,1,To Hartford And Springfield; local
Amtrak,Amtrak connection,Amtrak connection,490~1,To Hartford And Springfield,SPG,Springfield,9,11:07,11:07,2026-06-22,,,weekday,2026-06-22,2026-06-09,,6-22.pdf,ctrail_hartford_line_effective_2026-06-22_updated_2026-06-09.pdf,1,To Hartford And Springfield; express
Amtrak,Amtrak connection,Amtrak connection,490~2,To Hartford And Springfield,SPG,Springfield,9,12:07,12:07,2026-06-22,,,weekday,2026-06-22,2026-06-09,,6-22.pdf,ctrail_hartford_line_effective_2026-06-22_updated_2026-06-09.pdf,1,To Hartford And Springfield; local
Amtrak,Amtrak connection,Amtrak connection,494,To Hartford And Springfield,NHV,New Haven - Union Station,1,19:45,19:45,2026-06-22,,,weekday,2026-06-22,2026-06-09,,6-22.pdf,ctrail_hartford_line_effective_2026-06-22_updated_2026-06-09.pdf,1,To Hartford And Springfield
Amtrak,Amtrak connection,Amtrak connection,494,To Hartford And Springfield,STS,New Haven - State Street,2,19:47,19:47,2026-06-22,,,weekday,2026-06-22,2026-06-09,,6-22.pdf,ctrail_hartford_line_effective_2026-06-22_updated_2026-06-09.pdf,1,To Hartford And Springfield
Amtrak,Amtrak connection,Amtrak connection,494,To Hartford And Springfield,WFD,Wallingford,3,19:59,19:59,2026-06-22,,,weekday,2026-06-22,2026-06-09,,6-22.pdf,ctrail_hartford_line_effective_2026-06-22_updated_2026-06-09.pdf,1,To Hartford And Springfield
Amtrak,Amtrak connection,Amtrak connection,494,To Hartford And Springfield,MDN,Meriden,4,20:08,20:08,2026-06-22,,,weekday,2026-06-22,2026-06-09,,6-22.pdf,ctrail_hartford_line_effective_2026-06-22_updated_2026-06-09.pdf,1,To Hartford And Springfield
Amtrak,Amtrak connection,Amtrak connection,494,To Hartford And Springfield,BER,Berlin,5,20:17,20:17,2026-06-22,,,weekday,2026-06-22,2026-06-09,,6-22.pdf,ctrail_hartford_line_effective_2026-06-22_updated_2026-06-09.pdf,1,To Hartford And Springfield
Amtrak,Amtrak connection,Amtrak connection,494,To Hartford And Springfield,HFD,Hartford,6,20:30,20:30,2026-06-22,,,weekday,2026-06-22,2026-06-09,,6-22.pdf,ctrail_hartford_line_effective_2026-06-22_updated_2026-06-09.pdf,1,To Hartford And Springfield
Amtrak,Amtrak connection,Amtrak connection,494,To Hartford And Springfield,WND,Windsor,7,20:36,20:36,2026-06-22,,,weekday,2026-06-22,2026-06-09,,6-22.pdf,ctrail_hartford_line_effective_2026-06-22_updated_2026-06-09.pdf,1,To Hartford And Springfield
Amtrak,Amtrak connection,Amtrak connection,494,To Hartford And Springfield,WNL,Windsor Locks,8,20:43,20:43,2026-06-22,,,weekday,2026-06-22,2026-06-09,,6-22.pdf,ctrail_hartford_line_effective_2026-06-22_updated_2026-06-09.pdf,1,To Hartford And Springfield
Amtrak,Amtrak connection,Amtrak connection,494,To Hartford And Springfield,SPG,Springfield,9,21:09,21:09,2026-06-22,,,weekday,2026-06-22,2026-06-09,,6-22.pdf,ctrail_hartford_line_effective_2026-06-22_updated_2026-06-09.pdf,1,To Hartford And Springfield
Amtrak,Amtrak connection,Amtrak connection,495,To New Haven,SPG,Springfield,1,07:03,07:03,2026-06-22,,,weekday,2026-06-22,2026-06-09,,6-22.pdf,ctrail_hartford_line_effective_2026-06-22_updated_2026-06-09.pdf,1,To New Haven
Amtrak,Amtrak connection,Amtrak connection,495,To New Haven,WNL,Windsor Locks,2,07:22,07:22,2026-06-22,,,weekday,2026-06-22,2026-06-09,,6-22.pdf,ctrail_hartford_line_effective_2026-06-22_updated_2026-06-09.pdf,1,To New Haven
Amtrak,Amtrak connection,Amtrak connection,495,To New Haven,WND,Windsor,3,07:27,07:27,2026-06-22,,,weekday,2026-06-22,2026-06-09,,6-22.pdf,ctrail_hartford_line_effective_2026-06-22_updated_2026-06-09.pdf,1,To New Haven
Amtrak,Amtrak connection,Amtrak connection,495,To New Haven,HFD,Hartford,4,07:36,07:36,2026-06-22,,,weekday,2026-06-22,2026-06-09,,6-22.pdf,ctrail_hartford_line_effective_2026-06-22_updated_2026-06-09.pdf,1,To New Haven
Amtrak,Amtrak connection,Amtrak connection,495,To New Haven,BER,Berlin,5,07:46,07:46,2026-06-22,,,weekday,2026-06-22,2026-06-09,,6-22.pdf,ctrail_hartford_line_effective_2026-06-22_updated_2026-06-09.pdf,1,To New Haven
Amtrak,Amtrak connection,Amtrak connection,495,To New Haven,MDN,Meriden,6,07:55,07:55,2026-06-22,,,weekday,2026-06-22,2026-06-09,,6-22.pdf,ctrail_hartford_line_effective_2026-06-22_updated_2026-06-09.pdf,1,To New Haven
Amtrak,Amtrak connection,Amtrak connection,495,To New Haven,WFD,Wallingford,7,08:03,08:03,2026-06-22,,,weekday,2026-06-22,2026-06-09,,6-22.pdf,ctrail_hartford_line_effective_2026-06-22_updated_2026-06-09.pdf,1,To New Haven
Amtrak,Amtrak connection,Amtrak connection,495,To New Haven,STS,New Haven - State Street,8,08:16,08:16,2026-06-22,,,weekday,2026-06-22,2026-06-09,,6-22.pdf,ctrail_hartford_line_effective_2026-06-22_updated_2026-06-09.pdf,1,To New Haven
Amtrak,Amtrak connection,Amtrak connection,495,To New Haven,NHV,New Haven - Union Station,9,08:24,08:24,2026-06-22,,,weekday,2026-06-22,2026-06-09,,6-22.pdf,ctrail_hartford_line_effective_2026-06-22_updated_2026-06-09.pdf,1,To New Haven
Amtrak,Amtrak connection,Amtrak connection,2153,From New Haven,NHV,New Haven Union Station,41,unknown,08:09,2026-06-22,,,weekday,2026-06-22,2026-06-09,,6-22.pdf,ctrail_hartford_line_effective_2026-06-22_updated_2026-06-09.pdf,1,Hartford Line connection departure from New Haven toward Penn Station; arrival endpoint/time unknown pending full timetable
Amtrak,Amtrak connection,Amtrak connection,2158,To New Haven,NHV,New Haven Union Station,8,17:43,unknown,2026-06-22,,,weekday,2026-06-22,2026-06-09,,6-22.pdf,ctrail_hartford_line_effective_2026-06-22_updated_2026-06-09.pdf,1,Hartford Line connection arrival at New Haven; opposite endpoint unknown pending full timetable
Amtrak,Amtrak connection,Amtrak connection,2165,From New Haven,NHV,New Haven Union Station,46,unknown,13:26,2026-06-22,,,weekday,2026-06-22,2026-06-09,,6-22.pdf,ctrail_hartford_line_effective_2026-06-22_updated_2026-06-09.pdf,1,Hartford Line connection departure from New Haven toward Penn Station; arrival endpoint/time unknown pending full timetable
Amtrak,Amtrak connection,Amtrak connection,2167,From New Haven,NHV,New Haven Union Station,48,unknown,15:16,2026-06-22,,,weekday,2026-06-22,2026-06-09,,6-22.pdf,ctrail_hartford_line_effective_2026-06-22_updated_2026-06-09.pdf,1,Hartford Line connection departure from New Haven toward Penn Station; arrival endpoint/time unknown pending full timetable
Amtrak,Amtrak connection,Amtrak connection,140,To Hartford And Springfield,NHV,New Haven - Union Station,1,18:40,18:40,2026-06-22,,,weekend_or_holiday,2026-06-22,2026-06-09,,6-22.pdf,ctrail_hartford_line_effective_2026-06-22_updated_2026-06-09.pdf,2,To Hartford And Springfield
Amtrak,Amtrak connection,Amtrak connection,140,To Hartford And Springfield,STS,New Haven - State Street,2,18:42,18:42,2026-06-22,,,weekend_or_holiday,2026-06-22,2026-06-09,,6-22.pdf,ctrail_hartford_line_effective_2026-06-22_updated_2026-06-09.pdf,2,To Hartford And Springfield
Amtrak,Amtrak connection,Amtrak connection,140,To Hartford And Springfield,WFD,Wallingford,3,18:54,18:54,2026-06-22,,,weekend_or_holiday,2026-06-22,2026-06-09,,6-22.pdf,ctrail_hartford_line_effective_2026-06-22_updated_2026-06-09.pdf,2,To Hartford And Springfield
Amtrak,Amtrak connection,Amtrak connection,140,To Hartford And Springfield,MDN,Meriden,4,19:02,19:02,2026-06-22,,,weekend_or_holiday,2026-06-22,2026-06-09,,6-22.pdf,ctrail_hartford_line_effective_2026-06-22_updated_2026-06-09.pdf,2,To Hartford And Springfield
Amtrak,Amtrak connection,Amtrak connection,140,To Hartford And Springfield,BER,Berlin,5,19:11,19:11,2026-06-22,,,weekend_or_holiday,2026-06-22,2026-06-09,,6-22.pdf,ctrail_hartford_line_effective_2026-06-22_updated_2026-06-09.pdf,2,To Hartford And Springfield
Amtrak,Amtrak connection,Amtrak connection,140,To Hartford And Springfield,HFD,Hartford,6,19:26,19:26,2026-06-22,,,weekend_or_holiday,2026-06-22,2026-06-09,,6-22.pdf,ctrail_hartford_line_effective_2026-06-22_updated_2026-06-09.pdf,2,To Hartford And Springfield
Amtrak,Amtrak connection,Amtrak connection,140,To Hartford And Springfield,WND,Windsor,7,19:33,19:33,2026-06-22,,,weekend_or_holiday,2026-06-22,2026-06-09,,6-22.pdf,ctrail_hartford_line_effective_2026-06-22_updated_2026-06-09.pdf,2,To Hartford And Springfield
Amtrak,Amtrak connection,Amtrak connection,140,To Hartford And Springfield,WNL,Windsor Locks,8,19:39,19:39,2026-06-22,,,weekend_or_holiday,2026-06-22,2026-06-09,,6-22.pdf,ctrail_hartford_line_effective_2026-06-22_updated_2026-06-09.pdf,2,To Hartford And Springfield
Amtrak,Amtrak connection,Amtrak connection,140,To Hartford And Springfield,SPG,Springfield,9,20:08,20:08,2026-06-22,,,weekend_or_holiday,2026-06-22,2026-06-09,,6-22.pdf,ctrail_hartford_line_effective_2026-06-22_updated_2026-06-09.pdf,2,To Hartford And Springfield
Amtrak,Amtrak connection,Amtrak connection,143,To New Haven,SPG,Springfield,1,05:50,05:50,2026-06-22,,,weekend_or_holiday,2026-06-22,2026-06-09,,6-22.pdf,ctrail_hartford_line_effective_2026-06-22_updated_2026-06-09.pdf,2,To New Haven
Amtrak,Amtrak connection,Amtrak connection,143,To New Haven,WNL,Windsor Locks,2,06:09,06:09,2026-06-22,,,weekend_or_holiday,2026-06-22,2026-06-09,,6-22.pdf,ctrail_hartford_line_effective_2026-06-22_updated_2026-06-09.pdf,2,To New Haven
Amtrak,Amtrak connection,Amtrak connection,143,To New Haven,WND,Windsor,3,06:14,06:14,2026-06-22,,,weekend_or_holiday,2026-06-22,2026-06-09,,6-22.pdf,ctrail_hartford_line_effective_2026-06-22_updated_2026-06-09.pdf,2,To New Haven
Amtrak,Amtrak connection,Amtrak connection,143,To New Haven,HFD,Hartford,4,06:24,06:24,2026-06-22,,,weekend_or_holiday,2026-06-22,2026-06-09,,6-22.pdf,ctrail_hartford_line_effective_2026-06-22_updated_2026-06-09.pdf,2,To New Haven
Amtrak,Amtrak connection,Amtrak connection,143,To New Haven,BER,Berlin,5,06:33,06:33,2026-06-22,,,weekend_or_holiday,2026-06-22,2026-06-09,,6-22.pdf,ctrail_hartford_line_effective_2026-06-22_updated_2026-06-09.pdf,2,To New Haven
Amtrak,Amtrak connection,Amtrak connection,143,To New Haven,MDN,Meriden,6,06:42,06:42,2026-06-22,,,weekend_or_holiday,2026-06-22,2026-06-09,,6-22.pdf,ctrail_hartford_line_effective_2026-06-22_updated_2026-06-09.pdf,2,To New Haven
Amtrak,Amtrak connection,Amtrak connection,143,To New Haven,WFD,Wallingford,7,06:51,06:51,2026-06-22,,,weekend_or_holiday,2026-06-22,2026-06-09,,6-22.pdf,ctrail_hartford_line_effective_2026-06-22_updated_2026-06-09.pdf,2,To New Haven
Amtrak,Amtrak connection,Amtrak connection,143,To New Haven,STS,New Haven - State Street,8,07:05,07:05,2026-06-22,,,weekend_or_holiday,2026-06-22,2026-06-09,,6-22.pdf,ctrail_hartford_line_effective_2026-06-22_updated_2026-06-09.pdf,2,To New Haven
Amtrak,Amtrak connection,Amtrak connection,143,To New Haven,NHV,New Haven - Union Station,9,07:09,07:09,2026-06-22,,,weekend_or_holiday,2026-06-22,2026-06-09,,6-22.pdf,ctrail_hartford_line_effective_2026-06-22_updated_2026-06-09.pdf,2,To New Haven
Amtrak,Amtrak connection,Amtrak connection,146,To Hartford And Springfield,NHV,New Haven - Union Station,1,22:09,22:09,2026-06-22,,,weekend_or_holiday,2026-06-22,2026-06-09,,6-22.pdf,ctrail_hartford_line_effective_2026-06-22_updated_2026-06-09.pdf,2,To Hartford And Springfield
Amtrak,Amtrak connection,Amtrak connection,146,To Hartford And Springfield,STS,New Haven - State Street,2,22:11,22:11,2026-06-22,,,weekend_or_holiday,2026-06-22,2026-06-09,,6-22.pdf,ctrail_hartford_line_effective_2026-06-22_updated_2026-06-09.pdf,2,To Hartford And Springfield
Amtrak,Amtrak connection,Amtrak connection,146,To Hartford And Springfield,WFD,Wallingford,3,22:23,22:23,2026-06-22,,,weekend_or_holiday,2026-06-22,2026-06-09,,6-22.pdf,ctrail_hartford_line_effective_2026-06-22_updated_2026-06-09.pdf,2,To Hartford And Springfield
Amtrak,Amtrak connection,Amtrak connection,146,To Hartford And Springfield,MDN,Meriden,4,22:31,22:31,2026-06-22,,,weekend_or_holiday,2026-06-22,2026-06-09,,6-22.pdf,ctrail_hartford_line_effective_2026-06-22_updated_2026-06-09.pdf,2,To Hartford And Springfield
Amtrak,Amtrak connection,Amtrak connection,146,To Hartford And Springfield,BER,Berlin,5,22:39,22:39,2026-06-22,,,weekend_or_holiday,2026-06-22,2026-06-09,,6-22.pdf,ctrail_hartford_line_effective_2026-06-22_updated_2026-06-09.pdf,2,To Hartford And Springfield
Amtrak,Amtrak connection,Amtrak connection,146,To Hartford And Springfield,HFD,Hartford,6,22:55,22:55,2026-06-22,,,weekend_or_holiday,2026-06-22,2026-06-09,,6-22.pdf,ctrail_hartford_line_effective_2026-06-22_updated_2026-06-09.pdf,2,To Hartford And Springfield
Amtrak,Amtrak connection,Amtrak connection,146,To Hartford And Springfield,WND,Windsor,7,23:01,23:01,2026-06-22,,,weekend_or_holiday,2026-06-22,2026-06-09,,6-22.pdf,ctrail_hartford_line_effective_2026-06-22_updated_2026-06-09.pdf,2,To Hartford And Springfield
Amtrak,Amtrak connection,Amtrak connection,146,To Hartford And Springfield,WNL,Windsor Locks,8,23:08,23:08,2026-06-22,,,weekend_or_holiday,2026-06-22,2026-06-09,,6-22.pdf,ctrail_hartford_line_effective_2026-06-22_updated_2026-06-09.pdf,2,To Hartford And Springfield
Amtrak,Amtrak connection,Amtrak connection,146,To Hartford And Springfield,SPG,Springfield,9,23:37,23:37,2026-06-22,,,weekend_or_holiday,2026-06-22,2026-06-09,,6-22.pdf,ctrail_hartford_line_effective_2026-06-22_updated_2026-06-09.pdf,2,To Hartford And Springfield
Amtrak,Amtrak connection,Amtrak connection,147,To New Haven,SPG,Springfield,1,08:28,08:28,2026-06-22,,,saturday,2026-06-22,2026-06-09,,6-22.pdf,ctrail_hartford_line_effective_2026-06-22_updated_2026-06-09.pdf,2,To New Haven
Amtrak,Amtrak connection,Amtrak connection,147,To New Haven,WNL,Windsor Locks,2,08:47,08:47,2026-06-22,,,saturday,2026-06-22,2026-06-09,,6-22.pdf,ctrail_hartford_line_effective_2026-06-22_updated_2026-06-09.pdf,2,To New Haven
Amtrak,Amtrak connection,Amtrak connection,147,To New Haven,WND,Windsor,3,08:54,08:54,2026-06-22,,,saturday,2026-06-22,2026-06-09,,6-22.pdf,ctrail_hartford_line_effective_2026-06-22_updated_2026-06-09.pdf,2,To New Haven
Amtrak,Amtrak connection,Amtrak connection,147,To New Haven,HFD,Hartford,4,09:06,09:06,2026-06-22,,,saturday,2026-06-22,2026-06-09,,6-22.pdf,ctrail_hartford_line_effective_2026-06-22_updated_2026-06-09.pdf,2,To New Haven
Amtrak,Amtrak connection,Amtrak connection,147,To New Haven,BER,Berlin,5,09:18,09:18,2026-06-22,,,saturday,2026-06-22,2026-06-09,,6-22.pdf,ctrail_hartford_line_effective_2026-06-22_updated_2026-06-09.pdf,2,To New Haven
Amtrak,Amtrak connection,Amtrak connection,147,To New Haven,MDN,Meriden,6,09:28,09:28,2026-06-22,,,saturday,2026-06-22,2026-06-09,,6-22.pdf,ctrail_hartford_line_effective_2026-06-22_updated_2026-06-09.pdf,2,To New Haven
Amtrak,Amtrak connection,Amtrak connection,147,To New Haven,WFD,Wallingford,7,09:37,09:37,2026-06-22,,,saturday,2026-06-22,2026-06-09,,6-22.pdf,ctrail_hartford_line_effective_2026-06-22_updated_2026-06-09.pdf,2,To New Haven
Amtrak,Amtrak connection,Amtrak connection,147,To New Haven,STS,New Haven - State Street,8,09:50,09:50,2026-06-22,,,saturday,2026-06-22,2026-06-09,,6-22.pdf,ctrail_hartford_line_effective_2026-06-22_updated_2026-06-09.pdf,2,To New Haven
Amtrak,Amtrak connection,Amtrak connection,147,To New Haven,NHV,New Haven - Union Station,9,09:53,09:53,2026-06-22,,,saturday,2026-06-22,2026-06-09,,6-22.pdf,ctrail_hartford_line_effective_2026-06-22_updated_2026-06-09.pdf,2,To New Haven
Amtrak,Amtrak connection,Amtrak connection,157,To New Haven,SPG,Springfield,1,07:45,07:45,2026-06-22,,,sunday,2026-06-22,2026-06-09,,6-22.pdf,ctrail_hartford_line_effective_2026-06-22_updated_2026-06-09.pdf,2,To New Haven
Amtrak,Amtrak connection,Amtrak connection,157,To New Haven,WNL,Windsor Locks,2,08:04,08:04,2026-06-22,,,sunday,2026-06-22,2026-06-09,,6-22.pdf,ctrail_hartford_line_effective_2026-06-22_updated_2026-06-09.pdf,2,To New Haven
Amtrak,Amtrak connection,Amtrak connection,157,To New Haven,WND,Windsor,3,08:10,08:10,2026-06-22,,,sunday,2026-06-22,2026-06-09,,6-22.pdf,ctrail_hartford_line_effective_2026-06-22_updated_2026-06-09.pdf,2,To New Haven
Amtrak,Amtrak connection,Amtrak connection,157,To New Haven,HFD,Hartford,4,08:20,08:20,2026-06-22,,,sunday,2026-06-22,2026-06-09,,6-22.pdf,ctrail_hartford_line_effective_2026-06-22_updated_2026-06-09.pdf,2,To New Haven
Amtrak,Amtrak connection,Amtrak connection,157,To New Haven,BER,Berlin,5,08:31,08:31,2026-06-22,,,sunday,2026-06-22,2026-06-09,,6-22.pdf,ctrail_hartford_line_effective_2026-06-22_updated_2026-06-09.pdf,2,To New Haven
Amtrak,Amtrak connection,Amtrak connection,157,To New Haven,MDN,Meriden,6,08:41,08:41,2026-06-22,,,sunday,2026-06-22,2026-06-09,,6-22.pdf,ctrail_hartford_line_effective_2026-06-22_updated_2026-06-09.pdf,2,To New Haven
Amtrak,Amtrak connection,Amtrak connection,157,To New Haven,WFD,Wallingford,7,08:50,08:50,2026-06-22,,,sunday,2026-06-22,2026-06-09,,6-22.pdf,ctrail_hartford_line_effective_2026-06-22_updated_2026-06-09.pdf,2,To New Haven
Amtrak,Amtrak connection,Amtrak connection,157,To New Haven,STS,New Haven - State Street,8,09:03,09:03,2026-06-22,,,sunday,2026-06-22,2026-06-09,,6-22.pdf,ctrail_hartford_line_effective_2026-06-22_updated_2026-06-09.pdf,2,To New Haven
Amtrak,Amtrak connection,Amtrak connection,157,To New Haven,NHV,New Haven - Union Station,9,09:07,09:07,2026-06-22,,,sunday,2026-06-22,2026-06-09,,6-22.pdf,ctrail_hartford_line_effective_2026-06-22_updated_2026-06-09.pdf,2,To New Haven
Amtrak,Amtrak connection,Amtrak connection,405,To New Haven,SPG,Springfield,1,07:25,07:25,2026-06-22,,,weekend_or_holiday,2026-06-22,2026-06-09,,6-22.pdf,ctrail_hartford_line_effective_2026-06-22_updated_2026-06-09.pdf,2,To New Haven
Amtrak,Amtrak connection,Amtrak connection,405,To New Haven,WNL,Windsor Locks,2,07:44,07:44,2026-06-22,,,weekend_or_holiday,2026-06-22,2026-06-09,,6-22.pdf,ctrail_hartford_line_effective_2026-06-22_updated_2026-06-09.pdf,2,To New Haven
Amtrak,Amtrak connection,Amtrak connection,405,To New Haven,WND,Windsor,3,07:49,07:49,2026-06-22,,,weekend_or_holiday,2026-06-22,2026-06-09,,6-22.pdf,ctrail_hartford_line_effective_2026-06-22_updated_2026-06-09.pdf,2,To New Haven
Amtrak,Amtrak connection,Amtrak connection,405,To New Haven,HFD,Hartford,4,07:59,07:59,2026-06-22,,,weekend_or_holiday,2026-06-22,2026-06-09,,6-22.pdf,ctrail_hartford_line_effective_2026-06-22_updated_2026-06-09.pdf,2,To New Haven
Amtrak,Amtrak connection,Amtrak connection,405,To New Haven,BER,Berlin,5,08:10,08:10,2026-06-22,,,weekend_or_holiday,2026-06-22,2026-06-09,,6-22.pdf,ctrail_hartford_line_effective_2026-06-22_updated_2026-06-09.pdf,2,To New Haven
Amtrak,Amtrak connection,Amtrak connection,405,To New Haven,MDN,Meriden,6,08:19,08:19,2026-06-22,,,weekend_or_holiday,2026-06-22,2026-06-09,,6-22.pdf,ctrail_hartford_line_effective_2026-06-22_updated_2026-06-09.pdf,2,To New Haven
Amtrak,Amtrak connection,Amtrak connection,405,To New Haven,WFD,Wallingford,7,08:27,08:27,2026-06-22,,,weekend_or_holiday,2026-06-22,2026-06-09,,6-22.pdf,ctrail_hartford_line_effective_2026-06-22_updated_2026-06-09.pdf,2,To New Haven
Amtrak,Amtrak connection,Amtrak connection,405,To New Haven,STS,New Haven - State Street,8,08:40,08:40,2026-06-22,,,weekend_or_holiday,2026-06-22,2026-06-09,,6-22.pdf,ctrail_hartford_line_effective_2026-06-22_updated_2026-06-09.pdf,2,To New Haven
Amtrak,Amtrak connection,Amtrak connection,405,To New Haven,NHV,New Haven - Union Station,9,08:47,08:47,2026-06-22,,,weekend_or_holiday,2026-06-22,2026-06-09,,6-22.pdf,ctrail_hartford_line_effective_2026-06-22_updated_2026-06-09.pdf,2,To New Haven
Amtrak,Amtrak connection,Amtrak connection,409,To New Haven,SPG,Springfield,1,13:00,13:00,2026-06-22,,,sunday,2026-06-22,2026-06-09,,6-22.pdf,ctrail_hartford_line_effective_2026-06-22_updated_2026-06-09.pdf,2,To New Haven
Amtrak,Amtrak connection,Amtrak connection,409,To New Haven,WNL,Windsor Locks,2,13:19,13:19,2026-06-22,,,sunday,2026-06-22,2026-06-09,,6-22.pdf,ctrail_hartford_line_effective_2026-06-22_updated_2026-06-09.pdf,2,To New Haven
Amtrak,Amtrak connection,Amtrak connection,409,To New Haven,WND,Windsor,3,13:24,13:24,2026-06-22,,,sunday,2026-06-22,2026-06-09,,6-22.pdf,ctrail_hartford_line_effective_2026-06-22_updated_2026-06-09.pdf,2,To New Haven
Amtrak,Amtrak connection,Amtrak connection,409,To New Haven,HFD,Hartford,4,13:34,13:34,2026-06-22,,,sunday,2026-06-22,2026-06-09,,6-22.pdf,ctrail_hartford_line_effective_2026-06-22_updated_2026-06-09.pdf,2,To New Haven
Amtrak,Amtrak connection,Amtrak connection,409,To New Haven,BER,Berlin,5,13:44,13:44,2026-06-22,,,sunday,2026-06-22,2026-06-09,,6-22.pdf,ctrail_hartford_line_effective_2026-06-22_updated_2026-06-09.pdf,2,To New Haven
Amtrak,Amtrak connection,Amtrak connection,409,To New Haven,MDN,Meriden,6,13:52,13:52,2026-06-22,,,sunday,2026-06-22,2026-06-09,,6-22.pdf,ctrail_hartford_line_effective_2026-06-22_updated_2026-06-09.pdf,2,To New Haven
Amtrak,Amtrak connection,Amtrak connection,409,To New Haven,WFD,Wallingford,7,14:00,14:00,2026-06-22,,,sunday,2026-06-22,2026-06-09,,6-22.pdf,ctrail_hartford_line_effective_2026-06-22_updated_2026-06-09.pdf,2,To New Haven
Amtrak,Amtrak connection,Amtrak connection,409,To New Haven,STS,New Haven - State Street,8,14:15,14:15,2026-06-22,,,sunday,2026-06-22,2026-06-09,,6-22.pdf,ctrail_hartford_line_effective_2026-06-22_updated_2026-06-09.pdf,2,To New Haven
Amtrak,Amtrak connection,Amtrak connection,409,To New Haven,NHV,New Haven - Union Station,9,14:19,14:19,2026-06-22,,,sunday,2026-06-22,2026-06-09,,6-22.pdf,ctrail_hartford_line_effective_2026-06-22_updated_2026-06-09.pdf,2,To New Haven
Amtrak,Amtrak connection,Amtrak connection,416,To Hartford And Springfield,NHV,New Haven - Union Station,1,19:50,19:50,2026-06-22,,,sunday,2026-06-22,2026-06-09,,6-22.pdf,ctrail_hartford_line_effective_2026-06-22_updated_2026-06-09.pdf,2,To Hartford And Springfield
Amtrak,Amtrak connection,Amtrak connection,416,To Hartford And Springfield,STS,New Haven - State Street,2,19:52,19:52,2026-06-22,,,sunday,2026-06-22,2026-06-09,,6-22.pdf,ctrail_hartford_line_effective_2026-06-22_updated_2026-06-09.pdf,2,To Hartford And Springfield
Amtrak,Amtrak connection,Amtrak connection,416,To Hartford And Springfield,WFD,Wallingford,3,20:04,20:04,2026-06-22,,,sunday,2026-06-22,2026-06-09,,6-22.pdf,ctrail_hartford_line_effective_2026-06-22_updated_2026-06-09.pdf,2,To Hartford And Springfield
Amtrak,Amtrak connection,Amtrak connection,416,To Hartford And Springfield,MDN,Meriden,4,20:13,20:13,2026-06-22,,,sunday,2026-06-22,2026-06-09,,6-22.pdf,ctrail_hartford_line_effective_2026-06-22_updated_2026-06-09.pdf,2,To Hartford And Springfield
Amtrak,Amtrak connection,Amtrak connection,416,To Hartford And Springfield,BER,Berlin,5,20:21,20:21,2026-06-22,,,sunday,2026-06-22,2026-06-09,,6-22.pdf,ctrail_hartford_line_effective_2026-06-22_updated_2026-06-09.pdf,2,To Hartford And Springfield
Amtrak,Amtrak connection,Amtrak connection,416,To Hartford And Springfield,HFD,Hartford,6,20:35,20:35,2026-06-22,,,sunday,2026-06-22,2026-06-09,,6-22.pdf,ctrail_hartford_line_effective_2026-06-22_updated_2026-06-09.pdf,2,To Hartford And Springfield
Amtrak,Amtrak connection,Amtrak connection,416,To Hartford And Springfield,WND,Windsor,7,20:41,20:41,2026-06-22,,,sunday,2026-06-22,2026-06-09,,6-22.pdf,ctrail_hartford_line_effective_2026-06-22_updated_2026-06-09.pdf,2,To Hartford And Springfield
Amtrak,Amtrak connection,Amtrak connection,416,To Hartford And Springfield,WNL,Windsor Locks,8,20:48,20:48,2026-06-22,,,sunday,2026-06-22,2026-06-09,,6-22.pdf,ctrail_hartford_line_effective_2026-06-22_updated_2026-06-09.pdf,2,To Hartford And Springfield
Amtrak,Amtrak connection,Amtrak connection,416,To Hartford And Springfield,SPG,Springfield,9,21:13,21:13,2026-06-22,,,sunday,2026-06-22,2026-06-09,,6-22.pdf,ctrail_hartford_line_effective_2026-06-22_updated_2026-06-09.pdf,2,To Hartford And Springfield
Amtrak,Amtrak connection,Amtrak connection,450,To Hartford And Springfield,NHV,New Haven - Union Station,1,08:55,08:55,2026-06-22,,,weekend_or_holiday,2026-06-22,2026-06-09,,6-22.pdf,ctrail_hartford_line_effective_2026-06-22_updated_2026-06-09.pdf,2,To Hartford And Springfield
Amtrak,Amtrak connection,Amtrak connection,450,To Hartford And Springfield,STS,New Haven - State Street,2,08:57,08:57,2026-06-22,,,weekend_or_holiday,2026-06-22,2026-06-09,,6-22.pdf,ctrail_hartford_line_effective_2026-06-22_updated_2026-06-09.pdf,2,To Hartford And Springfield
Amtrak,Amtrak connection,Amtrak connection,450,To Hartford And Springfield,WFD,Wallingford,3,09:09,09:09,2026-06-22,,,weekend_or_holiday,2026-06-22,2026-06-09,,6-22.pdf,ctrail_hartford_line_effective_2026-06-22_updated_2026-06-09.pdf,2,To Hartford And Springfield
Amtrak,Amtrak connection,Amtrak connection,450,To Hartford And Springfield,MDN,Meriden,4,09:17,09:17,2026-06-22,,,weekend_or_holiday,2026-06-22,2026-06-09,,6-22.pdf,ctrail_hartford_line_effective_2026-06-22_updated_2026-06-09.pdf,2,To Hartford And Springfield
Amtrak,Amtrak connection,Amtrak connection,450,To Hartford And Springfield,BER,Berlin,5,09:25,09:25,2026-06-22,,,weekend_or_holiday,2026-06-22,2026-06-09,,6-22.pdf,ctrail_hartford_line_effective_2026-06-22_updated_2026-06-09.pdf,2,To Hartford And Springfield
Amtrak,Amtrak connection,Amtrak connection,450,To Hartford And Springfield,HFD,Hartford,6,09:40,09:40,2026-06-22,,,weekend_or_holiday,2026-06-22,2026-06-09,,6-22.pdf,ctrail_hartford_line_effective_2026-06-22_updated_2026-06-09.pdf,2,To Hartford And Springfield
Amtrak,Amtrak connection,Amtrak connection,450,To Hartford And Springfield,WND,Windsor,7,09:47,09:47,2026-06-22,,,weekend_or_holiday,2026-06-22,2026-06-09,,6-22.pdf,ctrail_hartford_line_effective_2026-06-22_updated_2026-06-09.pdf,2,To Hartford And Springfield
Amtrak,Amtrak connection,Amtrak connection,450,To Hartford And Springfield,WNL,Windsor Locks,8,09:53,09:53,2026-06-22,,,weekend_or_holiday,2026-06-22,2026-06-09,,6-22.pdf,ctrail_hartford_line_effective_2026-06-22_updated_2026-06-09.pdf,2,To Hartford And Springfield
Amtrak,Amtrak connection,Amtrak connection,450,To Hartford And Springfield,SPG,Springfield,9,10:18,10:18,2026-06-22,,,weekend_or_holiday,2026-06-22,2026-06-09,,6-22.pdf,ctrail_hartford_line_effective_2026-06-22_updated_2026-06-09.pdf,2,To Hartford And Springfield
Amtrak,Amtrak connection,Amtrak connection,460,To Hartford And Springfield,NHV,New Haven - Union Station,1,11:00,11:00,2026-06-22,,,weekend_or_holiday,2026-06-22,2026-06-09,,6-22.pdf,ctrail_hartford_line_effective_2026-06-22_updated_2026-06-09.pdf,2,To Hartford And Springfield
Amtrak,Amtrak connection,Amtrak connection,460,To Hartford And Springfield,STS,New Haven - State Street,2,11:02,11:02,2026-06-22,,,weekend_or_holiday,2026-06-22,2026-06-09,,6-22.pdf,ctrail_hartford_line_effective_2026-06-22_updated_2026-06-09.pdf,2,To Hartford And Springfield
Amtrak,Amtrak connection,Amtrak connection,460,To Hartford And Springfield,WFD,Wallingford,3,11:14,11:14,2026-06-22,,,weekend_or_holiday,2026-06-22,2026-06-09,,6-22.pdf,ctrail_hartford_line_effective_2026-06-22_updated_2026-06-09.pdf,2,To Hartford And Springfield
Amtrak,Amtrak connection,Amtrak connection,460,To Hartford And Springfield,MDN,Meriden,4,11:23,11:23,2026-06-22,,,weekend_or_holiday,2026-06-22,2026-06-09,,6-22.pdf,ctrail_hartford_line_effective_2026-06-22_updated_2026-06-09.pdf,2,To Hartford And Springfield
Amtrak,Amtrak connection,Amtrak connection,460,To Hartford And Springfield,BER,Berlin,5,11:31,11:31,2026-06-22,,,weekend_or_holiday,2026-06-22,2026-06-09,,6-22.pdf,ctrail_hartford_line_effective_2026-06-22_updated_2026-06-09.pdf,2,To Hartford And Springfield
Amtrak,Amtrak connection,Amtrak connection,460,To Hartford And Springfield,HFD,Hartford,6,11:46,11:46,2026-06-22,,,weekend_or_holiday,2026-06-22,2026-06-09,,6-22.pdf,ctrail_hartford_line_effective_2026-06-22_updated_2026-06-09.pdf,2,To Hartford And Springfield
Amtrak,Amtrak connection,Amtrak connection,460,To Hartford And Springfield,WND,Windsor,7,11:52,11:52,2026-06-22,,,weekend_or_holiday,2026-06-22,2026-06-09,,6-22.pdf,ctrail_hartford_line_effective_2026-06-22_updated_2026-06-09.pdf,2,To Hartford And Springfield
Amtrak,Amtrak connection,Amtrak connection,460,To Hartford And Springfield,WNL,Windsor Locks,8,11:58,11:58,2026-06-22,,,weekend_or_holiday,2026-06-22,2026-06-09,,6-22.pdf,ctrail_hartford_line_effective_2026-06-22_updated_2026-06-09.pdf,2,To Hartford And Springfield
Amtrak,Amtrak connection,Amtrak connection,460,To Hartford And Springfield,SPG,Springfield,9,12:23,12:23,2026-06-22,,,weekend_or_holiday,2026-06-22,2026-06-09,,6-22.pdf,ctrail_hartford_line_effective_2026-06-22_updated_2026-06-09.pdf,2,To Hartford And Springfield
Amtrak,Amtrak connection,Amtrak connection,461,To New Haven,SPG,Springfield,1,10:34,10:34,2026-06-22,,,weekend_or_holiday,2026-06-22,2026-06-09,,6-22.pdf,ctrail_hartford_line_effective_2026-06-22_updated_2026-06-09.pdf,2,To New Haven
Amtrak,Amtrak connection,Amtrak connection,461,To New Haven,WNL,Windsor Locks,2,10:53,10:53,2026-06-22,,,weekend_or_holiday,2026-06-22,2026-06-09,,6-22.pdf,ctrail_hartford_line_effective_2026-06-22_updated_2026-06-09.pdf,2,To New Haven
Amtrak,Amtrak connection,Amtrak connection,461,To New Haven,WND,Windsor,3,10:59,10:59,2026-06-22,,,weekend_or_holiday,2026-06-22,2026-06-09,,6-22.pdf,ctrail_hartford_line_effective_2026-06-22_updated_2026-06-09.pdf,2,To New Haven
Amtrak,Amtrak connection,Amtrak connection,461,To New Haven,HFD,Hartford,4,11:08,11:08,2026-06-22,,,weekend_or_holiday,2026-06-22,2026-06-09,,6-22.pdf,ctrail_hartford_line_effective_2026-06-22_updated_2026-06-09.pdf,2,To New Haven
Amtrak,Amtrak connection,Amtrak connection,461,To New Haven,BER,Berlin,5,11:19,11:19,2026-06-22,,,weekend_or_holiday,2026-06-22,2026-06-09,,6-22.pdf,ctrail_hartford_line_effective_2026-06-22_updated_2026-06-09.pdf,2,To New Haven
Amtrak,Amtrak connection,Amtrak connection,461,To New Haven,MDN,Meriden,6,11:29,11:29,2026-06-22,,,weekend_or_holiday,2026-06-22,2026-06-09,,6-22.pdf,ctrail_hartford_line_effective_2026-06-22_updated_2026-06-09.pdf,2,To New Haven
Amtrak,Amtrak connection,Amtrak connection,461,To New Haven,WFD,Wallingford,7,11:36,11:36,2026-06-22,,,weekend_or_holiday,2026-06-22,2026-06-09,,6-22.pdf,ctrail_hartford_line_effective_2026-06-22_updated_2026-06-09.pdf,2,To New Haven
Amtrak,Amtrak connection,Amtrak connection,461,To New Haven,STS,New Haven - State Street,8,11:49,11:49,2026-06-22,,,weekend_or_holiday,2026-06-22,2026-06-09,,6-22.pdf,ctrail_hartford_line_effective_2026-06-22_updated_2026-06-09.pdf,2,To New Haven
Amtrak,Amtrak connection,Amtrak connection,461,To New Haven,NHV,New Haven - Union Station,9,11:56,11:56,2026-06-22,,,weekend_or_holiday,2026-06-22,2026-06-09,,6-22.pdf,ctrail_hartford_line_effective_2026-06-22_updated_2026-06-09.pdf,2,To New Haven
Amtrak,Amtrak connection,Amtrak connection,463,To New Haven,SPG,Springfield,1,12:30,12:30,2026-06-22,,,saturday,2026-06-22,2026-06-09,,6-22.pdf,ctrail_hartford_line_effective_2026-06-22_updated_2026-06-09.pdf,2,To New Haven
Amtrak,Amtrak connection,Amtrak connection,463,To New Haven,WNL,Windsor Locks,2,12:49,12:49,2026-06-22,,,saturday,2026-06-22,2026-06-09,,6-22.pdf,ctrail_hartford_line_effective_2026-06-22_updated_2026-06-09.pdf,2,To New Haven
Amtrak,Amtrak connection,Amtrak connection,463,To New Haven,WND,Windsor,3,12:55,12:55,2026-06-22,,,saturday,2026-06-22,2026-06-09,,6-22.pdf,ctrail_hartford_line_effective_2026-06-22_updated_2026-06-09.pdf,2,To New Haven
Amtrak,Amtrak connection,Amtrak connection,463,To New Haven,HFD,Hartford,4,13:05,13:05,2026-06-22,,,saturday,2026-06-22,2026-06-09,,6-22.pdf,ctrail_hartford_line_effective_2026-06-22_updated_2026-06-09.pdf,2,To New Haven
Amtrak,Amtrak connection,Amtrak connection,463,To New Haven,BER,Berlin,5,13:16,13:16,2026-06-22,,,saturday,2026-06-22,2026-06-09,,6-22.pdf,ctrail_hartford_line_effective_2026-06-22_updated_2026-06-09.pdf,2,To New Haven
Amtrak,Amtrak connection,Amtrak connection,463,To New Haven,MDN,Meriden,6,13:23,13:23,2026-06-22,,,saturday,2026-06-22,2026-06-09,,6-22.pdf,ctrail_hartford_line_effective_2026-06-22_updated_2026-06-09.pdf,2,To New Haven
Amtrak,Amtrak connection,Amtrak connection,463,To New Haven,WFD,Wallingford,7,13:31,13:31,2026-06-22,,,saturday,2026-06-22,2026-06-09,,6-22.pdf,ctrail_hartford_line_effective_2026-06-22_updated_2026-06-09.pdf,2,To New Haven
Amtrak,Amtrak connection,Amtrak connection,463,To New Haven,STS,New Haven - State Street,8,13:45,13:45,2026-06-22,,,saturday,2026-06-22,2026-06-09,,6-22.pdf,ctrail_hartford_line_effective_2026-06-22_updated_2026-06-09.pdf,2,To New Haven
Amtrak,Amtrak connection,Amtrak connection,463,To New Haven,NHV,New Haven - Union Station,9,13:52,13:52,2026-06-22,,,saturday,2026-06-22,2026-06-09,,6-22.pdf,ctrail_hartford_line_effective_2026-06-22_updated_2026-06-09.pdf,2,To New Haven
Amtrak,Amtrak connection,Amtrak connection,464,To Hartford And Springfield,NHV,New Haven - Union Station,1,15:00,15:00,2026-06-22,,,weekend_or_holiday,2026-06-22,2026-06-09,,6-22.pdf,ctrail_hartford_line_effective_2026-06-22_updated_2026-06-09.pdf,2,To Hartford And Springfield
Amtrak,Amtrak connection,Amtrak connection,464,To Hartford And Springfield,STS,New Haven - State Street,2,15:02,15:02,2026-06-22,,,weekend_or_holiday,2026-06-22,2026-06-09,,6-22.pdf,ctrail_hartford_line_effective_2026-06-22_updated_2026-06-09.pdf,2,To Hartford And Springfield
Amtrak,Amtrak connection,Amtrak connection,464,To Hartford And Springfield,WFD,Wallingford,3,15:14,15:14,2026-06-22,,,weekend_or_holiday,2026-06-22,2026-06-09,,6-22.pdf,ctrail_hartford_line_effective_2026-06-22_updated_2026-06-09.pdf,2,To Hartford And Springfield
Amtrak,Amtrak connection,Amtrak connection,464,To Hartford And Springfield,MDN,Meriden,4,15:23,15:23,2026-06-22,,,weekend_or_holiday,2026-06-22,2026-06-09,,6-22.pdf,ctrail_hartford_line_effective_2026-06-22_updated_2026-06-09.pdf,2,To Hartford And Springfield
Amtrak,Amtrak connection,Amtrak connection,464,To Hartford And Springfield,BER,Berlin,5,15:32,15:32,2026-06-22,,,weekend_or_holiday,2026-06-22,2026-06-09,,6-22.pdf,ctrail_hartford_line_effective_2026-06-22_updated_2026-06-09.pdf,2,To Hartford And Springfield
Amtrak,Amtrak connection,Amtrak connection,464,To Hartford And Springfield,HFD,Hartford,6,15:47,15:47,2026-06-22,,,weekend_or_holiday,2026-06-22,2026-06-09,,6-22.pdf,ctrail_hartford_line_effective_2026-06-22_updated_2026-06-09.pdf,2,To Hartford And Springfield
Amtrak,Amtrak connection,Amtrak connection,464,To Hartford And Springfield,WND,Windsor,7,15:52,15:52,2026-06-22,,,weekend_or_holiday,2026-06-22,2026-06-09,,6-22.pdf,ctrail_hartford_line_effective_2026-06-22_updated_2026-06-09.pdf,2,To Hartford And Springfield
Amtrak,Amtrak connection,Amtrak connection,464,To Hartford And Springfield,WNL,Windsor Locks,8,15:58,15:58,2026-06-22,,,weekend_or_holiday,2026-06-22,2026-06-09,,6-22.pdf,ctrail_hartford_line_effective_2026-06-22_updated_2026-06-09.pdf,2,To Hartford And Springfield
Amtrak,Amtrak connection,Amtrak connection,464,To Hartford And Springfield,SPG,Springfield,9,16:24,16:24,2026-06-22,,,weekend_or_holiday,2026-06-22,2026-06-09,,6-22.pdf,ctrail_hartford_line_effective_2026-06-22_updated_2026-06-09.pdf,2,To Hartford And Springfield
Amtrak,Amtrak connection,Amtrak connection,465,To New Haven,SPG,Springfield,1,16:00,16:00,2026-06-22,,,sunday,2026-06-22,2026-06-09,,6-22.pdf,ctrail_hartford_line_effective_2026-06-22_updated_2026-06-09.pdf,2,To New Haven
Amtrak,Amtrak connection,Amtrak connection,465,To New Haven,WNL,Windsor Locks,2,16:19,16:19,2026-06-22,,,sunday,2026-06-22,2026-06-09,,6-22.pdf,ctrail_hartford_line_effective_2026-06-22_updated_2026-06-09.pdf,2,To New Haven
Amtrak,Amtrak connection,Amtrak connection,465,To New Haven,WND,Windsor,3,16:25,16:25,2026-06-22,,,sunday,2026-06-22,2026-06-09,,6-22.pdf,ctrail_hartford_line_effective_2026-06-22_updated_2026-06-09.pdf,2,To New Haven
Amtrak,Amtrak connection,Amtrak connection,465,To New Haven,HFD,Hartford,4,16:34,16:34,2026-06-22,,,sunday,2026-06-22,2026-06-09,,6-22.pdf,ctrail_hartford_line_effective_2026-06-22_updated_2026-06-09.pdf,2,To New Haven
Amtrak,Amtrak connection,Amtrak connection,465,To New Haven,BER,Berlin,5,16:44,16:44,2026-06-22,,,sunday,2026-06-22,2026-06-09,,6-22.pdf,ctrail_hartford_line_effective_2026-06-22_updated_2026-06-09.pdf,2,To New Haven
Amtrak,Amtrak connection,Amtrak connection,465,To New Haven,MDN,Meriden,6,16:53,16:53,2026-06-22,,,sunday,2026-06-22,2026-06-09,,6-22.pdf,ctrail_hartford_line_effective_2026-06-22_updated_2026-06-09.pdf,2,To New Haven
Amtrak,Amtrak connection,Amtrak connection,465,To New Haven,WFD,Wallingford,7,17:02,17:02,2026-06-22,,,sunday,2026-06-22,2026-06-09,,6-22.pdf,ctrail_hartford_line_effective_2026-06-22_updated_2026-06-09.pdf,2,To New Haven
Amtrak,Amtrak connection,Amtrak connection,465,To New Haven,STS,New Haven - State Street,8,17:16,17:16,2026-06-22,,,sunday,2026-06-22,2026-06-09,,6-22.pdf,ctrail_hartford_line_effective_2026-06-22_updated_2026-06-09.pdf,2,To New Haven
Amtrak,Amtrak connection,Amtrak connection,465,To New Haven,NHV,New Haven - Union Station,9,17:23,17:23,2026-06-22,,,sunday,2026-06-22,2026-06-09,,6-22.pdf,ctrail_hartford_line_effective_2026-06-22_updated_2026-06-09.pdf,2,To New Haven
Amtrak,Amtrak connection,Amtrak connection,467,To New Haven,SPG,Springfield,1,17:30,17:30,2026-06-22,,,saturday,2026-06-22,2026-06-09,,6-22.pdf,ctrail_hartford_line_effective_2026-06-22_updated_2026-06-09.pdf,2,To New Haven
Amtrak,Amtrak connection,Amtrak connection,467,To New Haven,WNL,Windsor Locks,2,17:49,17:49,2026-06-22,,,saturday,2026-06-22,2026-06-09,,6-22.pdf,ctrail_hartford_line_effective_2026-06-22_updated_2026-06-09.pdf,2,To New Haven
Amtrak,Amtrak connection,Amtrak connection,467,To New Haven,WND,Windsor,3,17:55,17:55,2026-06-22,,,saturday,2026-06-22,2026-06-09,,6-22.pdf,ctrail_hartford_line_effective_2026-06-22_updated_2026-06-09.pdf,2,To New Haven
Amtrak,Amtrak connection,Amtrak connection,467,To New Haven,HFD,Hartford,4,18:05,18:05,2026-06-22,,,saturday,2026-06-22,2026-06-09,,6-22.pdf,ctrail_hartford_line_effective_2026-06-22_updated_2026-06-09.pdf,2,To New Haven
Amtrak,Amtrak connection,Amtrak connection,467,To New Haven,BER,Berlin,5,18:15,18:15,2026-06-22,,,saturday,2026-06-22,2026-06-09,,6-22.pdf,ctrail_hartford_line_effective_2026-06-22_updated_2026-06-09.pdf,2,To New Haven
Amtrak,Amtrak connection,Amtrak connection,467,To New Haven,MDN,Meriden,6,18:22,18:22,2026-06-22,,,saturday,2026-06-22,2026-06-09,,6-22.pdf,ctrail_hartford_line_effective_2026-06-22_updated_2026-06-09.pdf,2,To New Haven
Amtrak,Amtrak connection,Amtrak connection,467,To New Haven,WFD,Wallingford,7,18:31,18:31,2026-06-22,,,saturday,2026-06-22,2026-06-09,,6-22.pdf,ctrail_hartford_line_effective_2026-06-22_updated_2026-06-09.pdf,2,To New Haven
Amtrak,Amtrak connection,Amtrak connection,467,To New Haven,STS,New Haven - State Street,8,18:45,18:45,2026-06-22,,,saturday,2026-06-22,2026-06-09,,6-22.pdf,ctrail_hartford_line_effective_2026-06-22_updated_2026-06-09.pdf,2,To New Haven
Amtrak,Amtrak connection,Amtrak connection,467,To New Haven,NHV,New Haven - Union Station,9,18:52,18:52,2026-06-22,,,saturday,2026-06-22,2026-06-09,,6-22.pdf,ctrail_hartford_line_effective_2026-06-22_updated_2026-06-09.pdf,2,To New Haven
Amtrak,Amtrak connection,Amtrak connection,488,To Hartford And Springfield,NHV,New Haven - Union Station,1,17:00,17:00,2026-06-22,,,weekend_or_holiday,2026-06-22,2026-06-09,,6-22.pdf,ctrail_hartford_line_effective_2026-06-22_updated_2026-06-09.pdf,2,To Hartford And Springfield
Amtrak,Amtrak connection,Amtrak connection,488,To Hartford And Springfield,STS,New Haven - State Street,2,17:02,17:02,2026-06-22,,,weekend_or_holiday,2026-06-22,2026-06-09,,6-22.pdf,ctrail_hartford_line_effective_2026-06-22_updated_2026-06-09.pdf,2,To Hartford And Springfield
Amtrak,Amtrak connection,Amtrak connection,488,To Hartford And Springfield,WFD,Wallingford,3,17:14,17:14,2026-06-22,,,weekend_or_holiday,2026-06-22,2026-06-09,,6-22.pdf,ctrail_hartford_line_effective_2026-06-22_updated_2026-06-09.pdf,2,To Hartford And Springfield
Amtrak,Amtrak connection,Amtrak connection,488,To Hartford And Springfield,MDN,Meriden,4,17:23,17:23,2026-06-22,,,weekend_or_holiday,2026-06-22,2026-06-09,,6-22.pdf,ctrail_hartford_line_effective_2026-06-22_updated_2026-06-09.pdf,2,To Hartford And Springfield
Amtrak,Amtrak connection,Amtrak connection,488,To Hartford And Springfield,BER,Berlin,5,17:32,17:32,2026-06-22,,,weekend_or_holiday,2026-06-22,2026-06-09,,6-22.pdf,ctrail_hartford_line_effective_2026-06-22_updated_2026-06-09.pdf,2,To Hartford And Springfield
Amtrak,Amtrak connection,Amtrak connection,488,To Hartford And Springfield,HFD,Hartford,6,17:46,17:46,2026-06-22,,,weekend_or_holiday,2026-06-22,2026-06-09,,6-22.pdf,ctrail_hartford_line_effective_2026-06-22_updated_2026-06-09.pdf,2,To Hartford And Springfield
Amtrak,Amtrak connection,Amtrak connection,488,To Hartford And Springfield,WND,Windsor,7,17:52,17:52,2026-06-22,,,weekend_or_holiday,2026-06-22,2026-06-09,,6-22.pdf,ctrail_hartford_line_effective_2026-06-22_updated_2026-06-09.pdf,2,To Hartford And Springfield
Amtrak,Amtrak connection,Amtrak connection,488,To Hartford And Springfield,WNL,Windsor Locks,8,17:58,17:58,2026-06-22,,,weekend_or_holiday,2026-06-22,2026-06-09,,6-22.pdf,ctrail_hartford_line_effective_2026-06-22_updated_2026-06-09.pdf,2,To Hartford And Springfield
Amtrak,Amtrak connection,Amtrak connection,488,To Hartford And Springfield,SPG,Springfield,9,18:24,18:24,2026-06-22,,,weekend_or_holiday,2026-06-22,2026-06-09,,6-22.pdf,ctrail_hartford_line_effective_2026-06-22_updated_2026-06-09.pdf,2,To Hartford And Springfield
Amtrak,Amtrak connection,Amtrak connection,497,To New Haven,SPG,Springfield,1,19:30,19:30,2026-06-22,,,sunday,2026-06-22,2026-06-09,,6-22.pdf,ctrail_hartford_line_effective_2026-06-22_updated_2026-06-09.pdf,2,To New Haven
Amtrak,Amtrak connection,Amtrak connection,497,To New Haven,WNL,Windsor Locks,2,19:50,19:50,2026-06-22,,,sunday,2026-06-22,2026-06-09,,6-22.pdf,ctrail_hartford_line_effective_2026-06-22_updated_2026-06-09.pdf,2,To New Haven
Amtrak,Amtrak connection,Amtrak connection,497,To New Haven,WND,Windsor,3,19:56,19:56,2026-06-22,,,sunday,2026-06-22,2026-06-09,,6-22.pdf,ctrail_hartford_line_effective_2026-06-22_updated_2026-06-09.pdf,2,To New Haven
Amtrak,Amtrak connection,Amtrak connection,497,To New Haven,HFD,Hartford,4,20:06,20:06,2026-06-22,,,sunday,2026-06-22,2026-06-09,,6-22.pdf,ctrail_hartford_line_effective_2026-06-22_updated_2026-06-09.pdf,2,To New Haven
Amtrak,Amtrak connection,Amtrak connection,497,To New Haven,BER,Berlin,5,20:16,20:16,2026-06-22,,,sunday,2026-06-22,2026-06-09,,6-22.pdf,ctrail_hartford_line_effective_2026-06-22_updated_2026-06-09.pdf,2,To New Haven
Amtrak,Amtrak connection,Amtrak connection,497,To New Haven,MDN,Meriden,6,20:25,20:25,2026-06-22,,,sunday,2026-06-22,2026-06-09,,6-22.pdf,ctrail_hartford_line_effective_2026-06-22_updated_2026-06-09.pdf,2,To New Haven
Amtrak,Amtrak connection,Amtrak connection,497,To New Haven,WFD,Wallingford,7,20:33,20:33,2026-06-22,,,sunday,2026-06-22,2026-06-09,,6-22.pdf,ctrail_hartford_line_effective_2026-06-22_updated_2026-06-09.pdf,2,To New Haven
Amtrak,Amtrak connection,Amtrak connection,497,To New Haven,STS,New Haven - State Street,8,20:47,20:47,2026-06-22,,,sunday,2026-06-22,2026-06-09,,6-22.pdf,ctrail_hartford_line_effective_2026-06-22_updated_2026-06-09.pdf,2,To New Haven
Amtrak,Amtrak connection,Amtrak connection,497,To New Haven,NHV,New Haven - Union Station,9,20:54,20:54,2026-06-22,,,sunday,2026-06-22,2026-06-09,,6-22.pdf,ctrail_hartford_line_effective_2026-06-22_updated_2026-06-09.pdf,2,To New Haven
CTrail,Hartford Line,Hartford Line,4400,To Hartford And Springfield,NHV,New Haven - Union Station,1,07:40,07:40,2026-06-22,,,weekday,2026-06-22,2026-06-09,,6-22.pdf,ctrail_hartford_line_effective_2026-06-22_updated_2026-06-09.pdf,1,To Hartford And Springfield
CTrail,Hartford Line,Hartford Line,4400,To Hartford And Springfield,STS,New Haven - State Street,2,07:43,07:43,2026-06-22,,,weekday,2026-06-22,2026-06-09,,6-22.pdf,ctrail_hartford_line_effective_2026-06-22_updated_2026-06-09.pdf,1,To Hartford And Springfield
CTrail,Hartford Line,Hartford Line,4400,To Hartford And Springfield,WFD,Wallingford,3,07:58,07:58,2026-06-22,,,weekday,2026-06-22,2026-06-09,,6-22.pdf,ctrail_hartford_line_effective_2026-06-22_updated_2026-06-09.pdf,1,To Hartford And Springfield
CTrail,Hartford Line,Hartford Line,4400,To Hartford And Springfield,MDN,Meriden,4,08:07,08:07,2026-06-22,,,weekday,2026-06-22,2026-06-09,,6-22.pdf,ctrail_hartford_line_effective_2026-06-22_updated_2026-06-09.pdf,1,To Hartford And Springfield
CTrail,Hartford Line,Hartford Line,4400,To Hartford And Springfield,BER,Berlin,5,08:16,08:16,2026-06-22,,,weekday,2026-06-22,2026-06-09,,6-22.pdf,ctrail_hartford_line_effective_2026-06-22_updated_2026-06-09.pdf,1,To Hartford And Springfield
CTrail,Hartford Line,Hartford Line,4400,To Hartford And Springfield,HFD,Hartford,6,08:40,08:40,2026-06-22,,,weekday,2026-06-22,2026-06-09,,6-22.pdf,ctrail_hartford_line_effective_2026-06-22_updated_2026-06-09.pdf,1,To Hartford And Springfield
CTrail,Hartford Line,Hartford Line,4400,To Hartford And Springfield,WND,Windsor,7,08:55,08:55,2026-06-22,,,weekday,2026-06-22,2026-06-09,,6-22.pdf,ctrail_hartford_line_effective_2026-06-22_updated_2026-06-09.pdf,1,To Hartford And Springfield
CTrail,Hartford Line,Hartford Line,4400,To Hartford And Springfield,WNL,Windsor Locks,8,09:05,09:05,2026-06-22,,,weekday,2026-06-22,2026-06-09,,6-22.pdf,ctrail_hartford_line_effective_2026-06-22_updated_2026-06-09.pdf,1,To Hartford And Springfield
CTrail,Hartford Line,Hartford Line,4400,To Hartford And Springfield,SPG,Springfield,9,09:25,09:25,2026-06-22,,,weekday,2026-06-22,2026-06-09,,6-22.pdf,ctrail_hartford_line_effective_2026-06-22_updated_2026-06-09.pdf,1,To Hartford And Springfield
CTrail,Hartford Line,Hartford Line,4401,To New Haven,WNL,Windsor Locks,2,06:05,06:05,2026-06-22,,,weekday,2026-06-22,2026-06-09,,6-22.pdf,ctrail_hartford_line_effective_2026-06-22_updated_2026-06-09.pdf,1,To New Haven
CTrail,Hartford Line,Hartford Line,4401,To New Haven,WND,Windsor,3,06:11,06:11,2026-06-22,,,weekday,2026-06-22,2026-06-09,,6-22.pdf,ctrail_hartford_line_effective_2026-06-22_updated_2026-06-09.pdf,1,To New Haven
CTrail,Hartford Line,Hartford Line,4401,To New Haven,HFD,Hartford,4,06:21,06:21,2026-06-22,,,weekday,2026-06-22,2026-06-09,,6-22.pdf,ctrail_hartford_line_effective_2026-06-22_updated_2026-06-09.pdf,1,To New Haven
CTrail,Hartford Line,Hartford Line,4401,To New Haven,BER,Berlin,5,06:32,06:32,2026-06-22,,,weekday,2026-06-22,2026-06-09,,6-22.pdf,ctrail_hartford_line_effective_2026-06-22_updated_2026-06-09.pdf,1,To New Haven
CTrail,Hartford Line,Hartford Line,4401,To New Haven,MDN,Meriden,6,06:44,06:44,2026-06-22,,,weekday,2026-06-22,2026-06-09,,6-22.pdf,ctrail_hartford_line_effective_2026-06-22_updated_2026-06-09.pdf,1,To New Haven
CTrail,Hartford Line,Hartford Line,4401,To New Haven,WFD,Wallingford,7,06:53,06:53,2026-06-22,,,weekday,2026-06-22,2026-06-09,,6-22.pdf,ctrail_hartford_line_effective_2026-06-22_updated_2026-06-09.pdf,1,To New Haven
CTrail,Hartford Line,Hartford Line,4401,To New Haven,STS,New Haven - State Street,8,07:06,07:06,2026-06-22,,,weekday,2026-06-22,2026-06-09,,6-22.pdf,ctrail_hartford_line_effective_2026-06-22_updated_2026-06-09.pdf,1,To New Haven
CTrail,Hartford Line,Hartford Line,4401,To New Haven,NHV,New Haven - Union Station,9,07:08,07:08,2026-06-22,,,weekday,2026-06-22,2026-06-09,,6-22.pdf,ctrail_hartford_line_effective_2026-06-22_updated_2026-06-09.pdf,1,To New Haven
CTrail,Hartford Line,Hartford Line,4403,To New Haven,SPG,Springfield,1,09:40,09:40,2026-06-22,,,weekday,2026-06-22,2026-06-09,,6-22.pdf,ctrail_hartford_line_effective_2026-06-22_updated_2026-06-09.pdf,1,To New Haven
CTrail,Hartford Line,Hartford Line,4403,To New Haven,WNL,Windsor Locks,2,10:00,10:00,2026-06-22,,,weekday,2026-06-22,2026-06-09,,6-22.pdf,ctrail_hartford_line_effective_2026-06-22_updated_2026-06-09.pdf,1,To New Haven
CTrail,Hartford Line,Hartford Line,4403,To New Haven,WND,Windsor,3,10:10,10:10,2026-06-22,,,weekday,2026-06-22,2026-06-09,,6-22.pdf,ctrail_hartford_line_effective_2026-06-22_updated_2026-06-09.pdf,1,To New Haven
CTrail,Hartford Line,Hartford Line,4403,To New Haven,HFD,Hartford,4,10:38,10:38,2026-06-22,,,weekday,2026-06-22,2026-06-09,,6-22.pdf,ctrail_hartford_line_effective_2026-06-22_updated_2026-06-09.pdf,1,To New Haven
CTrail,Hartford Line,Hartford Line,4403,To New Haven,BER,Berlin,5,10:50,10:50,2026-06-22,,,weekday,2026-06-22,2026-06-09,,6-22.pdf,ctrail_hartford_line_effective_2026-06-22_updated_2026-06-09.pdf,1,To New Haven
CTrail,Hartford Line,Hartford Line,4403,To New Haven,MDN,Meriden,6,10:59,10:59,2026-06-22,,,weekday,2026-06-22,2026-06-09,,6-22.pdf,ctrail_hartford_line_effective_2026-06-22_updated_2026-06-09.pdf,1,To New Haven
CTrail,Hartford Line,Hartford Line,4403,To New Haven,WFD,Wallingford,7,11:08,11:08,2026-06-22,,,weekday,2026-06-22,2026-06-09,,6-22.pdf,ctrail_hartford_line_effective_2026-06-22_updated_2026-06-09.pdf,1,To New Haven
CTrail,Hartford Line,Hartford Line,4403,To New Haven,STS,New Haven - State Street,8,11:24,11:24,2026-06-22,,,weekday,2026-06-22,2026-06-09,,6-22.pdf,ctrail_hartford_line_effective_2026-06-22_updated_2026-06-09.pdf,1,To New Haven
CTrail,Hartford Line,Hartford Line,4403,To New Haven,NHV,New Haven - Union Station,9,11:32,11:32,2026-06-22,,,weekday,2026-06-22,2026-06-09,,6-22.pdf,ctrail_hartford_line_effective_2026-06-22_updated_2026-06-09.pdf,1,To New Haven
CTrail,Hartford Line,Hartford Line,4404,To Hartford And Springfield,NHV,New Haven - Union Station,1,08:20,08:20,2026-06-22,,,weekday,2026-06-22,2026-06-09,,6-22.pdf,ctrail_hartford_line_effective_2026-06-22_updated_2026-06-09.pdf,1,To Hartford And Springfield
CTrail,Hartford Line,Hartford Line,4404,To Hartford And Springfield,STS,New Haven - State Street,2,08:23,08:23,2026-06-22,,,weekday,2026-06-22,2026-06-09,,6-22.pdf,ctrail_hartford_line_effective_2026-06-22_updated_2026-06-09.pdf,1,To Hartford And Springfield
CTrail,Hartford Line,Hartford Line,4404,To Hartford And Springfield,WFD,Wallingford,3,08:38,08:38,2026-06-22,,,weekday,2026-06-22,2026-06-09,,6-22.pdf,ctrail_hartford_line_effective_2026-06-22_updated_2026-06-09.pdf,1,To Hartford And Springfield
CTrail,Hartford Line,Hartford Line,4404,To Hartford And Springfield,MDN,Meriden,4,08:47,08:47,2026-06-22,,,weekday,2026-06-22,2026-06-09,,6-22.pdf,ctrail_hartford_line_effective_2026-06-22_updated_2026-06-09.pdf,1,To Hartford And Springfield
CTrail,Hartford Line,Hartford Line,4404,To Hartford And Springfield,BER,Berlin,5,08:56,08:56,2026-06-22,,,weekday,2026-06-22,2026-06-09,,6-22.pdf,ctrail_hartford_line_effective_2026-06-22_updated_2026-06-09.pdf,1,To Hartford And Springfield
CTrail,Hartford Line,Hartford Line,4404,To Hartford And Springfield,HFD,Hartford,6,09:20,09:20,2026-06-22,,,weekday,2026-06-22,2026-06-09,,6-22.pdf,ctrail_hartford_line_effective_2026-06-22_updated_2026-06-09.pdf,1,To Hartford And Springfield
CTrail,Hartford Line,Hartford Line,4404,To Hartford And Springfield,WND,Windsor,7,09:35,09:35,2026-06-22,,,weekday,2026-06-22,2026-06-09,,6-22.pdf,ctrail_hartford_line_effective_2026-06-22_updated_2026-06-09.pdf,1,To Hartford And Springfield
CTrail,Hartford Line,Hartford Line,4404,To Hartford And Springfield,WNL,Windsor Locks,8,09:45,09:45,2026-06-22,,,weekday,2026-06-22,2026-06-09,,6-22.pdf,ctrail_hartford_line_effective_2026-06-22_updated_2026-06-09.pdf,1,To Hartford And Springfield
CTrail,Hartford Line,Hartford Line,4404,To Hartford And Springfield,SPG,Springfield,9,10:05,10:05,2026-06-22,,,weekday,2026-06-22,2026-06-09,,6-22.pdf,ctrail_hartford_line_effective_2026-06-22_updated_2026-06-09.pdf,1,To Hartford And Springfield
CTrail,Hartford Line,Hartford Line,4405,To New Haven,SPG,Springfield,1,11:10,11:10,2026-06-22,,,weekday,2026-06-22,2026-06-09,,6-22.pdf,ctrail_hartford_line_effective_2026-06-22_updated_2026-06-09.pdf,1,To New Haven
CTrail,Hartford Line,Hartford Line,4405,To New Haven,WNL,Windsor Locks,2,11:30,11:30,2026-06-22,,,weekday,2026-06-22,2026-06-09,,6-22.pdf,ctrail_hartford_line_effective_2026-06-22_updated_2026-06-09.pdf,1,To New Haven
CTrail,Hartford Line,Hartford Line,4405,To New Haven,WND,Windsor,3,11:40,11:40,2026-06-22,,,weekday,2026-06-22,2026-06-09,,6-22.pdf,ctrail_hartford_line_effective_2026-06-22_updated_2026-06-09.pdf,1,To New Haven
CTrail,Hartford Line,Hartford Line,4405,To New Haven,HFD,Hartford,4,12:08,12:08,2026-06-22,,,weekday,2026-06-22,2026-06-09,,6-22.pdf,ctrail_hartford_line_effective_2026-06-22_updated_2026-06-09.pdf,1,To New Haven
CTrail,Hartford Line,Hartford Line,4405,To New Haven,BER,Berlin,5,12:20,12:20,2026-06-22,,,weekday,2026-06-22,2026-06-09,,6-22.pdf,ctrail_hartford_line_effective_2026-06-22_updated_2026-06-09.pdf,1,To New Haven
CTrail,Hartford Line,Hartford Line,4405,To New Haven,MDN,Meriden,6,12:29,12:29,2026-06-22,,,weekday,2026-06-22,2026-06-09,,6-22.pdf,ctrail_hartford_line_effective_2026-06-22_updated_2026-06-09.pdf,1,To New Haven
CTrail,Hartford Line,Hartford Line,4405,To New Haven,WFD,Wallingford,7,12:38,12:38,2026-06-22,,,weekday,2026-06-22,2026-06-09,,6-22.pdf,ctrail_hartford_line_effective_2026-06-22_updated_2026-06-09.pdf,1,To New Haven
CTrail,Hartford Line,Hartford Line,4405,To New Haven,STS,New Haven - State Street,8,12:53,12:53,2026-06-22,,,weekday,2026-06-22,2026-06-09,,6-22.pdf,ctrail_hartford_line_effective_2026-06-22_updated_2026-06-09.pdf,1,To New Haven
CTrail,Hartford Line,Hartford Line,4405,To New Haven,NHV,New Haven - Union Station,9,13:01,13:01,2026-06-22,,,weekday,2026-06-22,2026-06-09,,6-22.pdf,ctrail_hartford_line_effective_2026-06-22_updated_2026-06-09.pdf,1,To New Haven
CTrail,Hartford Line,Hartford Line,4406,To Hartford And Springfield,NHV,New Haven - Union Station,1,11:35,11:35,2026-06-22,,,weekday,2026-06-22,2026-06-09,,6-22.pdf,ctrail_hartford_line_effective_2026-06-22_updated_2026-06-09.pdf,1,To Hartford And Springfield
CTrail,Hartford Line,Hartford Line,4406,To Hartford And Springfield,STS,New Haven - State Street,2,11:38,11:38,2026-06-22,,,weekday,2026-06-22,2026-06-09,,6-22.pdf,ctrail_hartford_line_effective_2026-06-22_updated_2026-06-09.pdf,1,To Hartford And Springfield
CTrail,Hartford Line,Hartford Line,4406,To Hartford And Springfield,WFD,Wallingford,3,11:53,11:53,2026-06-22,,,weekday,2026-06-22,2026-06-09,,6-22.pdf,ctrail_hartford_line_effective_2026-06-22_updated_2026-06-09.pdf,1,To Hartford And Springfield
CTrail,Hartford Line,Hartford Line,4406,To Hartford And Springfield,MDN,Meriden,4,12:02,12:02,2026-06-22,,,weekday,2026-06-22,2026-06-09,,6-22.pdf,ctrail_hartford_line_effective_2026-06-22_updated_2026-06-09.pdf,1,To Hartford And Springfield
CTrail,Hartford Line,Hartford Line,4406,To Hartford And Springfield,BER,Berlin,5,12:11,12:11,2026-06-22,,,weekday,2026-06-22,2026-06-09,,6-22.pdf,ctrail_hartford_line_effective_2026-06-22_updated_2026-06-09.pdf,1,To Hartford And Springfield
CTrail,Hartford Line,Hartford Line,4406,To Hartford And Springfield,HFD,Hartford,6,12:35,12:35,2026-06-22,,,weekday,2026-06-22,2026-06-09,,6-22.pdf,ctrail_hartford_line_effective_2026-06-22_updated_2026-06-09.pdf,1,To Hartford And Springfield
CTrail,Hartford Line,Hartford Line,4406,To Hartford And Springfield,WND,Windsor,7,12:50,12:50,2026-06-22,,,weekday,2026-06-22,2026-06-09,,6-22.pdf,ctrail_hartford_line_effective_2026-06-22_updated_2026-06-09.pdf,1,To Hartford And Springfield
CTrail,Hartford Line,Hartford Line,4406,To Hartford And Springfield,WNL,Windsor Locks,8,13:00,13:00,2026-06-22,,,weekday,2026-06-22,2026-06-09,,6-22.pdf,ctrail_hartford_line_effective_2026-06-22_updated_2026-06-09.pdf,1,To Hartford And Springfield
CTrail,Hartford Line,Hartford Line,4406,To Hartford And Springfield,SPG,Springfield,9,13:20,13:20,2026-06-22,,,weekday,2026-06-22,2026-06-09,,6-22.pdf,ctrail_hartford_line_effective_2026-06-22_updated_2026-06-09.pdf,1,To Hartford And Springfield
CTrail,Hartford Line,Hartford Line,4407,To New Haven,SPG,Springfield,1,13:13,13:13,2026-06-22,,,weekday,2026-06-22,2026-06-09,,6-22.pdf,ctrail_hartford_line_effective_2026-06-22_updated_2026-06-09.pdf,1,To New Haven
CTrail,Hartford Line,Hartford Line,4407,To New Haven,WNL,Windsor Locks,2,13:33,13:33,2026-06-22,,,weekday,2026-06-22,2026-06-09,,6-22.pdf,ctrail_hartford_line_effective_2026-06-22_updated_2026-06-09.pdf,1,To New Haven
CTrail,Hartford Line,Hartford Line,4407,To New Haven,WND,Windsor,3,13:43,13:43,2026-06-22,,,weekday,2026-06-22,2026-06-09,,6-22.pdf,ctrail_hartford_line_effective_2026-06-22_updated_2026-06-09.pdf,1,To New Haven
CTrail,Hartford Line,Hartford Line,4407,To New Haven,HFD,Hartford,4,14:28,14:28,2026-06-22,,,weekday,2026-06-22,2026-06-09,,6-22.pdf,ctrail_hartford_line_effective_2026-06-22_updated_2026-06-09.pdf,1,To New Haven
CTrail,Hartford Line,Hartford Line,4407,To New Haven,BER,Berlin,5,14:40,14:40,2026-06-22,,,weekday,2026-06-22,2026-06-09,,6-22.pdf,ctrail_hartford_line_effective_2026-06-22_updated_2026-06-09.pdf,1,To New Haven
CTrail,Hartford Line,Hartford Line,4407,To New Haven,MDN,Meriden,6,14:49,14:49,2026-06-22,,,weekday,2026-06-22,2026-06-09,,6-22.pdf,ctrail_hartford_line_effective_2026-06-22_updated_2026-06-09.pdf,1,To New Haven
CTrail,Hartford Line,Hartford Line,4407,To New Haven,WFD,Wallingford,7,14:58,14:58,2026-06-22,,,weekday,2026-06-22,2026-06-09,,6-22.pdf,ctrail_hartford_line_effective_2026-06-22_updated_2026-06-09.pdf,1,To New Haven
CTrail,Hartford Line,Hartford Line,4407,To New Haven,STS,New Haven - State Street,8,15:14,15:14,2026-06-22,,,weekday,2026-06-22,2026-06-09,,6-22.pdf,ctrail_hartford_line_effective_2026-06-22_updated_2026-06-09.pdf,1,To New Haven
CTrail,Hartford Line,Hartford Line,4407,To New Haven,NHV,New Haven - Union Station,9,15:22,15:22,2026-06-22,,,weekday,2026-06-22,2026-06-09,,6-22.pdf,ctrail_hartford_line_effective_2026-06-22_updated_2026-06-09.pdf,1,To New Haven
CTrail,Hartford Line,Hartford Line,4414,To Hartford And Springfield,NHV,New Haven - Union Station,1,18:17,18:17,2026-06-22,,,weekday,2026-06-22,2026-06-09,,6-22.pdf,ctrail_hartford_line_effective_2026-06-22_updated_2026-06-09.pdf,1,To Hartford And Springfield
CTrail,Hartford Line,Hartford Line,4414,To Hartford And Springfield,STS,New Haven - State Street,2,18:20,18:20,2026-06-22,,,weekday,2026-06-22,2026-06-09,,6-22.pdf,ctrail_hartford_line_effective_2026-06-22_updated_2026-06-09.pdf,1,To Hartford And Springfield
CTrail,Hartford Line,Hartford Line,4414,To Hartford And Springfield,WFD,Wallingford,3,18:35,18:35,2026-06-22,,,weekday,2026-06-22,2026-06-09,,6-22.pdf,ctrail_hartford_line_effective_2026-06-22_updated_2026-06-09.pdf,1,To Hartford And Springfield
CTrail,Hartford Line,Hartford Line,4414,To Hartford And Springfield,MDN,Meriden,4,18:44,18:44,2026-06-22,,,weekday,2026-06-22,2026-06-09,,6-22.pdf,ctrail_hartford_line_effective_2026-06-22_updated_2026-06-09.pdf,1,To Hartford And Springfield
CTrail,Hartford Line,Hartford Line,4414,To Hartford And Springfield,BER,Berlin,5,18:53,18:53,2026-06-22,,,weekday,2026-06-22,2026-06-09,,6-22.pdf,ctrail_hartford_line_effective_2026-06-22_updated_2026-06-09.pdf,1,To Hartford And Springfield
CTrail,Hartford Line,Hartford Line,4414,To Hartford And Springfield,HFD,Hartford,6,19:07,19:07,2026-06-22,,,weekday,2026-06-22,2026-06-09,,6-22.pdf,ctrail_hartford_line_effective_2026-06-22_updated_2026-06-09.pdf,1,To Hartford And Springfield
CTrail,Hartford Line,Hartford Line,4414,To Hartford And Springfield,WND,Windsor,7,19:15,19:15,2026-06-22,,,weekday,2026-06-22,2026-06-09,,6-22.pdf,ctrail_hartford_line_effective_2026-06-22_updated_2026-06-09.pdf,1,To Hartford And Springfield
CTrail,Hartford Line,Hartford Line,4414,To Hartford And Springfield,WNL,Windsor Locks,8,19:21,19:21,2026-06-22,,,weekday,2026-06-22,2026-06-09,,6-22.pdf,ctrail_hartford_line_effective_2026-06-22_updated_2026-06-09.pdf,1,To Hartford And Springfield
CTrail,Hartford Line,Hartford Line,4414,To Hartford And Springfield,SPG,Springfield,9,19:49,19:49,2026-06-22,,,weekday,2026-06-22,2026-06-09,,6-22.pdf,ctrail_hartford_line_effective_2026-06-22_updated_2026-06-09.pdf,1,To Hartford And Springfield
CTrail,Hartford Line,Hartford Line,4415,To New Haven,SPG,Springfield,1,21:30,21:30,2026-06-22,,,weekday,2026-06-22,2026-06-09,,6-22.pdf,ctrail_hartford_line_effective_2026-06-22_updated_2026-06-09.pdf,1,To New Haven
CTrail,Hartford Line,Hartford Line,4415,To New Haven,WNL,Windsor Locks,2,21:50,21:50,2026-06-22,,,weekday,2026-06-22,2026-06-09,,6-22.pdf,ctrail_hartford_line_effective_2026-06-22_updated_2026-06-09.pdf,1,To New Haven
CTrail,Hartford Line,Hartford Line,4415,To New Haven,WND,Windsor,3,21:56,21:56,2026-06-22,,,weekday,2026-06-22,2026-06-09,,6-22.pdf,ctrail_hartford_line_effective_2026-06-22_updated_2026-06-09.pdf,1,To New Haven
CTrail,Hartford Line,Hartford Line,4415,To New Haven,HFD,Hartford,4,22:05,22:05,2026-06-22,,,weekday,2026-06-22,2026-06-09,,6-22.pdf,ctrail_hartford_line_effective_2026-06-22_updated_2026-06-09.pdf,1,To New Haven
CTrail,Hartford Line,Hartford Line,4415,To New Haven,BER,Berlin,5,22:17,22:17,2026-06-22,,,weekday,2026-06-22,2026-06-09,,6-22.pdf,ctrail_hartford_line_effective_2026-06-22_updated_2026-06-09.pdf,1,To New Haven
CTrail,Hartford Line,Hartford Line,4415,To New Haven,MDN,Meriden,6,22:26,22:26,2026-06-22,,,weekday,2026-06-22,2026-06-09,,6-22.pdf,ctrail_hartford_line_effective_2026-06-22_updated_2026-06-09.pdf,1,To New Haven
CTrail,Hartford Line,Hartford Line,4415,To New Haven,WFD,Wallingford,7,22:35,22:35,2026-06-22,,,weekday,2026-06-22,2026-06-09,,6-22.pdf,ctrail_hartford_line_effective_2026-06-22_updated_2026-06-09.pdf,1,To New Haven
CTrail,Hartford Line,Hartford Line,4415,To New Haven,STS,New Haven - State Street,8,22:50,22:50,2026-06-22,,,weekday,2026-06-22,2026-06-09,,6-22.pdf,ctrail_hartford_line_effective_2026-06-22_updated_2026-06-09.pdf,1,To New Haven
CTrail,Hartford Line,Hartford Line,4415,To New Haven,NHV,New Haven - Union Station,9,22:57,22:57,2026-06-22,,,weekday,2026-06-22,2026-06-09,,6-22.pdf,ctrail_hartford_line_effective_2026-06-22_updated_2026-06-09.pdf,1,To New Haven
CTrail,Hartford Line,Hartford Line,4417,To New Haven,SPG,Springfield,1,22:17,22:17,2026-06-22,,,weekday,2026-06-22,2026-06-09,,6-22.pdf,ctrail_hartford_line_effective_2026-06-22_updated_2026-06-09.pdf,1,To New Haven
CTrail,Hartford Line,Hartford Line,4417,To New Haven,WNL,Windsor Locks,2,22:37,22:37,2026-06-22,,,weekday,2026-06-22,2026-06-09,,6-22.pdf,ctrail_hartford_line_effective_2026-06-22_updated_2026-06-09.pdf,1,To New Haven
CTrail,Hartford Line,Hartford Line,4417,To New Haven,WND,Windsor,3,22:43,22:43,2026-06-22,,,weekday,2026-06-22,2026-06-09,,6-22.pdf,ctrail_hartford_line_effective_2026-06-22_updated_2026-06-09.pdf,1,To New Haven
CTrail,Hartford Line,Hartford Line,4417,To New Haven,HFD,Hartford,4,22:52,22:52,2026-06-22,,,weekday,2026-06-22,2026-06-09,,6-22.pdf,ctrail_hartford_line_effective_2026-06-22_updated_2026-06-09.pdf,1,To New Haven
CTrail,Hartford Line,Hartford Line,4417,To New Haven,BER,Berlin,5,23:04,23:04,2026-06-22,,,weekday,2026-06-22,2026-06-09,,6-22.pdf,ctrail_hartford_line_effective_2026-06-22_updated_2026-06-09.pdf,1,To New Haven
CTrail,Hartford Line,Hartford Line,4417,To New Haven,MDN,Meriden,6,23:13,23:13,2026-06-22,,,weekday,2026-06-22,2026-06-09,,6-22.pdf,ctrail_hartford_line_effective_2026-06-22_updated_2026-06-09.pdf,1,To New Haven
CTrail,Hartford Line,Hartford Line,4417,To New Haven,WFD,Wallingford,7,23:22,23:22,2026-06-22,,,weekday,2026-06-22,2026-06-09,,6-22.pdf,ctrail_hartford_line_effective_2026-06-22_updated_2026-06-09.pdf,1,To New Haven
CTrail,Hartford Line,Hartford Line,4417,To New Haven,STS,New Haven - State Street,8,23:39,23:39,2026-06-22,,,weekday,2026-06-22,2026-06-09,,6-22.pdf,ctrail_hartford_line_effective_2026-06-22_updated_2026-06-09.pdf,1,To New Haven
CTrail,Hartford Line,Hartford Line,4417,To New Haven,NHV,New Haven - Union Station,9,23:53,23:53,2026-06-22,,,weekday,2026-06-22,2026-06-09,,6-22.pdf,ctrail_hartford_line_effective_2026-06-22_updated_2026-06-09.pdf,1,To New Haven
CTrail,Hartford Line,Hartford Line,4450,To Hartford And Springfield,NHV,New Haven - Union Station,1,05:18,05:18,2026-06-22,,,weekday,2026-06-22,2026-06-09,,6-22.pdf,ctrail_hartford_line_effective_2026-06-22_updated_2026-06-09.pdf,1,To Hartford And Springfield
CTrail,Hartford Line,Hartford Line,4450,To Hartford And Springfield,STS,New Haven - State Street,2,05:20,05:20,2026-06-22,,,weekday,2026-06-22,2026-06-09,,6-22.pdf,ctrail_hartford_line_effective_2026-06-22_updated_2026-06-09.pdf,1,To Hartford And Springfield
CTrail,Hartford Line,Hartford Line,4450,To Hartford And Springfield,WFD,Wallingford,3,05:36,05:36,2026-06-22,,,weekday,2026-06-22,2026-06-09,,6-22.pdf,ctrail_hartford_line_effective_2026-06-22_updated_2026-06-09.pdf,1,To Hartford And Springfield
CTrail,Hartford Line,Hartford Line,4450,To Hartford And Springfield,MDN,Meriden,4,05:45,05:45,2026-06-22,,,weekday,2026-06-22,2026-06-09,,6-22.pdf,ctrail_hartford_line_effective_2026-06-22_updated_2026-06-09.pdf,1,To Hartford And Springfield
CTrail,Hartford Line,Hartford Line,4450,To Hartford And Springfield,BER,Berlin,5,05:54,05:54,2026-06-22,,,weekday,2026-06-22,2026-06-09,,6-22.pdf,ctrail_hartford_line_effective_2026-06-22_updated_2026-06-09.pdf,1,To Hartford And Springfield
CTrail,Hartford Line,Hartford Line,4450,To Hartford And Springfield,HFD,Hartford,6,06:10,06:10,2026-06-22,,,weekday,2026-06-22,2026-06-09,,6-22.pdf,ctrail_hartford_line_effective_2026-06-22_updated_2026-06-09.pdf,1,To Hartford And Springfield
CTrail,Hartford Line,Hartford Line,4451,To New Haven,HFD,Hartford,4,07:05,07:05,2026-06-22,,,weekday,2026-06-22,2026-06-09,,6-22.pdf,ctrail_hartford_line_effective_2026-06-22_updated_2026-06-09.pdf,1,To New Haven
CTrail,Hartford Line,Hartford Line,4451,To New Haven,BER,Berlin,5,07:17,07:17,2026-06-22,,,weekday,2026-06-22,2026-06-09,,6-22.pdf,ctrail_hartford_line_effective_2026-06-22_updated_2026-06-09.pdf,1,To New Haven
CTrail,Hartford Line,Hartford Line,4451,To New Haven,MDN,Meriden,6,07:26,07:26,2026-06-22,,,weekday,2026-06-22,2026-06-09,,6-22.pdf,ctrail_hartford_line_effective_2026-06-22_updated_2026-06-09.pdf,1,To New Haven
CTrail,Hartford Line,Hartford Line,4451,To New Haven,WFD,Wallingford,7,07:35,07:35,2026-06-22,,,weekday,2026-06-22,2026-06-09,,6-22.pdf,ctrail_hartford_line_effective_2026-06-22_updated_2026-06-09.pdf,1,To New Haven
CTrail,Hartford Line,Hartford Line,4451,To New Haven,STS,New Haven - State Street,8,07:51,07:51,2026-06-22,,,weekday,2026-06-22,2026-06-09,,6-22.pdf,ctrail_hartford_line_effective_2026-06-22_updated_2026-06-09.pdf,1,To New Haven
CTrail,Hartford Line,Hartford Line,4451,To New Haven,NHV,New Haven - Union Station,9,07:57,07:57,2026-06-22,,,weekday,2026-06-22,2026-06-09,,6-22.pdf,ctrail_hartford_line_effective_2026-06-22_updated_2026-06-09.pdf,1,To New Haven
CTrail,Hartford Line,Hartford Line,4452,To Hartford And Springfield,NHV,New Haven - Union Station,1,06:35,06:35,2026-06-22,,,weekday,2026-06-22,2026-06-09,,6-22.pdf,ctrail_hartford_line_effective_2026-06-22_updated_2026-06-09.pdf,1,To Hartford And Springfield
CTrail,Hartford Line,Hartford Line,4452,To Hartford And Springfield,STS,New Haven - State Street,2,06:38,06:38,2026-06-22,,,weekday,2026-06-22,2026-06-09,,6-22.pdf,ctrail_hartford_line_effective_2026-06-22_updated_2026-06-09.pdf,1,To Hartford And Springfield
CTrail,Hartford Line,Hartford Line,4452,To Hartford And Springfield,WFD,Wallingford,3,06:53,06:53,2026-06-22,,,weekday,2026-06-22,2026-06-09,,6-22.pdf,ctrail_hartford_line_effective_2026-06-22_updated_2026-06-09.pdf,1,To Hartford And Springfield
CTrail,Hartford Line,Hartford Line,4452,To Hartford And Springfield,MDN,Meriden,4,07:02,07:02,2026-06-22,,,weekday,2026-06-22,2026-06-09,,6-22.pdf,ctrail_hartford_line_effective_2026-06-22_updated_2026-06-09.pdf,1,To Hartford And Springfield
CTrail,Hartford Line,Hartford Line,4452,To Hartford And Springfield,BER,Berlin,5,07:11,07:11,2026-06-22,,,weekday,2026-06-22,2026-06-09,,6-22.pdf,ctrail_hartford_line_effective_2026-06-22_updated_2026-06-09.pdf,1,To Hartford And Springfield
CTrail,Hartford Line,Hartford Line,4452,To Hartford And Springfield,HFD,Hartford,6,07:27,07:27,2026-06-22,,,weekday,2026-06-22,2026-06-09,,6-22.pdf,ctrail_hartford_line_effective_2026-06-22_updated_2026-06-09.pdf,1,To Hartford And Springfield
CTrail,Hartford Line,Hartford Line,4453,To New Haven,HFD,Hartford,4,08:47,08:47,2026-06-22,,,weekday,2026-06-22,2026-06-09,,6-22.pdf,ctrail_hartford_line_effective_2026-06-22_updated_2026-06-09.pdf,1,To New Haven
CTrail,Hartford Line,Hartford Line,4453,To New Haven,BER,Berlin,5,08:59,08:59,2026-06-22,,,weekday,2026-06-22,2026-06-09,,6-22.pdf,ctrail_hartford_line_effective_2026-06-22_updated_2026-06-09.pdf,1,To New Haven
CTrail,Hartford Line,Hartford Line,4453,To New Haven,MDN,Meriden,6,09:08,09:08,2026-06-22,,,weekday,2026-06-22,2026-06-09,,6-22.pdf,ctrail_hartford_line_effective_2026-06-22_updated_2026-06-09.pdf,1,To New Haven
CTrail,Hartford Line,Hartford Line,4453,To New Haven,WFD,Wallingford,7,09:17,09:17,2026-06-22,,,weekday,2026-06-22,2026-06-09,,6-22.pdf,ctrail_hartford_line_effective_2026-06-22_updated_2026-06-09.pdf,1,To New Haven
CTrail,Hartford Line,Hartford Line,4453,To New Haven,STS,New Haven - State Street,8,09:33,09:33,2026-06-22,,,weekday,2026-06-22,2026-06-09,,6-22.pdf,ctrail_hartford_line_effective_2026-06-22_updated_2026-06-09.pdf,1,To New Haven
CTrail,Hartford Line,Hartford Line,4453,To New Haven,NHV,New Haven - Union Station,9,09:39,09:39,2026-06-22,,,weekday,2026-06-22,2026-06-09,,6-22.pdf,ctrail_hartford_line_effective_2026-06-22_updated_2026-06-09.pdf,1,To New Haven
CTrail,Hartford Line,Hartford Line,4458,To Hartford And Springfield,NHV,New Haven - Union Station,1,15:46,15:46,2026-06-22,,,weekday,2026-06-22,2026-06-09,,6-22.pdf,ctrail_hartford_line_effective_2026-06-22_updated_2026-06-09.pdf,1,To Hartford And Springfield
CTrail,Hartford Line,Hartford Line,4458,To Hartford And Springfield,STS,New Haven - State Street,2,15:49,15:49,2026-06-22,,,weekday,2026-06-22,2026-06-09,,6-22.pdf,ctrail_hartford_line_effective_2026-06-22_updated_2026-06-09.pdf,1,To Hartford And Springfield
CTrail,Hartford Line,Hartford Line,4458,To Hartford And Springfield,WFD,Wallingford,3,16:04,16:04,2026-06-22,,,weekday,2026-06-22,2026-06-09,,6-22.pdf,ctrail_hartford_line_effective_2026-06-22_updated_2026-06-09.pdf,1,To Hartford And Springfield
CTrail,Hartford Line,Hartford Line,4458,To Hartford And Springfield,MDN,Meriden,4,16:13,16:13,2026-06-22,,,weekday,2026-06-22,2026-06-09,,6-22.pdf,ctrail_hartford_line_effective_2026-06-22_updated_2026-06-09.pdf,1,To Hartford And Springfield
CTrail,Hartford Line,Hartford Line,4458,To Hartford And Springfield,BER,Berlin,5,16:22,16:22,2026-06-22,,,weekday,2026-06-22,2026-06-09,,6-22.pdf,ctrail_hartford_line_effective_2026-06-22_updated_2026-06-09.pdf,1,To Hartford And Springfield
CTrail,Hartford Line,Hartford Line,4458,To Hartford And Springfield,HFD,Hartford,6,16:42,16:42,2026-06-22,,,weekday,2026-06-22,2026-06-09,,6-22.pdf,ctrail_hartford_line_effective_2026-06-22_updated_2026-06-09.pdf,1,To Hartford And Springfield
CTrail,Hartford Line,Hartford Line,4461,To New Haven,HFD,Hartford,4,16:58,16:58,2026-06-22,,,weekday,2026-06-22,2026-06-09,,6-22.pdf,ctrail_hartford_line_effective_2026-06-22_updated_2026-06-09.pdf,1,To New Haven
CTrail,Hartford Line,Hartford Line,4461,To New Haven,BER,Berlin,5,17:12,17:12,2026-06-22,,,weekday,2026-06-22,2026-06-09,,6-22.pdf,ctrail_hartford_line_effective_2026-06-22_updated_2026-06-09.pdf,1,To New Haven
CTrail,Hartford Line,Hartford Line,4461,To New Haven,MDN,Meriden,6,17:21,17:21,2026-06-22,,,weekday,2026-06-22,2026-06-09,,6-22.pdf,ctrail_hartford_line_effective_2026-06-22_updated_2026-06-09.pdf,1,To New Haven
CTrail,Hartford Line,Hartford Line,4461,To New Haven,WFD,Wallingford,7,17:30,17:30,2026-06-22,,,weekday,2026-06-22,2026-06-09,,6-22.pdf,ctrail_hartford_line_effective_2026-06-22_updated_2026-06-09.pdf,1,To New Haven
CTrail,Hartford Line,Hartford Line,4461,To New Haven,STS,New Haven - State Street,8,17:46,17:46,2026-06-22,,,weekday,2026-06-22,2026-06-09,,6-22.pdf,ctrail_hartford_line_effective_2026-06-22_updated_2026-06-09.pdf,1,To New Haven
CTrail,Hartford Line,Hartford Line,4461,To New Haven,NHV,New Haven - Union Station,9,17:50,17:50,2026-06-22,,,weekday,2026-06-22,2026-06-09,,6-22.pdf,ctrail_hartford_line_effective_2026-06-22_updated_2026-06-09.pdf,1,To New Haven
CTrail,Hartford Line,Hartford Line,4462,To Hartford And Springfield,NHV,New Haven - Union Station,1,17:01,17:01,2026-06-22,,,weekday,2026-06-22,2026-06-09,,6-22.pdf,ctrail_hartford_line_effective_2026-06-22_updated_2026-06-09.pdf,1,To Hartford And Springfield
CTrail,Hartford Line,Hartford Line,4462,To Hartford And Springfield,STS,New Haven - State Street,2,17:04,17:04,2026-06-22,,,weekday,2026-06-22,2026-06-09,,6-22.pdf,ctrail_hartford_line_effective_2026-06-22_updated_2026-06-09.pdf,1,To Hartford And Springfield
CTrail,Hartford Line,Hartford Line,4462,To Hartford And Springfield,WFD,Wallingford,3,17:22,17:22,2026-06-22,,,weekday,2026-06-22,2026-06-09,,6-22.pdf,ctrail_hartford_line_effective_2026-06-22_updated_2026-06-09.pdf,1,To Hartford And Springfield
CTrail,Hartford Line,Hartford Line,4462,To Hartford And Springfield,MDN,Meriden,4,17:34,17:34,2026-06-22,,,weekday,2026-06-22,2026-06-09,,6-22.pdf,ctrail_hartford_line_effective_2026-06-22_updated_2026-06-09.pdf,1,To Hartford And Springfield
CTrail,Hartford Line,Hartford Line,4462,To Hartford And Springfield,BER,Berlin,5,17:43,17:43,2026-06-22,,,weekday,2026-06-22,2026-06-09,,6-22.pdf,ctrail_hartford_line_effective_2026-06-22_updated_2026-06-09.pdf,1,To Hartford And Springfield
CTrail,Hartford Line,Hartford Line,4462,To Hartford And Springfield,HFD,Hartford,6,17:55,17:55,2026-06-22,,,weekday,2026-06-22,2026-06-09,,6-22.pdf,ctrail_hartford_line_effective_2026-06-22_updated_2026-06-09.pdf,1,To Hartford And Springfield
CTrail,Hartford Line,Hartford Line,4463,To New Haven,HFD,Hartford,4,18:09,18:09,2026-06-22,,,weekday,2026-06-22,2026-06-09,,6-22.pdf,ctrail_hartford_line_effective_2026-06-22_updated_2026-06-09.pdf,1,To New Haven
CTrail,Hartford Line,Hartford Line,4463,To New Haven,BER,Berlin,5,18:21,18:21,2026-06-22,,,weekday,2026-06-22,2026-06-09,,6-22.pdf,ctrail_hartford_line_effective_2026-06-22_updated_2026-06-09.pdf,1,To New Haven
CTrail,Hartford Line,Hartford Line,4463,To New Haven,MDN,Meriden,6,18:30,18:30,2026-06-22,,,weekday,2026-06-22,2026-06-09,,6-22.pdf,ctrail_hartford_line_effective_2026-06-22_updated_2026-06-09.pdf,1,To New Haven
CTrail,Hartford Line,Hartford Line,4463,To New Haven,WFD,Wallingford,7,18:39,18:39,2026-06-22,,,weekday,2026-06-22,2026-06-09,,6-22.pdf,ctrail_hartford_line_effective_2026-06-22_updated_2026-06-09.pdf,1,To New Haven
CTrail,Hartford Line,Hartford Line,4463,To New Haven,STS,New Haven - State Street,8,18:55,18:55,2026-06-22,,,weekday,2026-06-22,2026-06-09,,6-22.pdf,ctrail_hartford_line_effective_2026-06-22_updated_2026-06-09.pdf,1,To New Haven
CTrail,Hartford Line,Hartford Line,4463,To New Haven,NHV,New Haven - Union Station,9,19:01,19:01,2026-06-22,,,weekday,2026-06-22,2026-06-09,,6-22.pdf,ctrail_hartford_line_effective_2026-06-22_updated_2026-06-09.pdf,1,To New Haven
CTrail,Hartford Line,Hartford Line,4466,To Hartford And Springfield,NHV,New Haven - Union Station,1,19:16,19:16,2026-06-22,,,weekday,2026-06-22,2026-06-09,,6-22.pdf,ctrail_hartford_line_effective_2026-06-22_updated_2026-06-09.pdf,1,To Hartford And Springfield
CTrail,Hartford Line,Hartford Line,4466,To Hartford And Springfield,STS,New Haven - State Street,2,19:19,19:19,2026-06-22,,,weekday,2026-06-22,2026-06-09,,6-22.pdf,ctrail_hartford_line_effective_2026-06-22_updated_2026-06-09.pdf,1,To Hartford And Springfield
CTrail,Hartford Line,Hartford Line,4466,To Hartford And Springfield,WFD,Wallingford,3,19:36,19:36,2026-06-22,,,weekday,2026-06-22,2026-06-09,,6-22.pdf,ctrail_hartford_line_effective_2026-06-22_updated_2026-06-09.pdf,1,To Hartford And Springfield
CTrail,Hartford Line,Hartford Line,4466,To Hartford And Springfield,MDN,Meriden,4,19:48,19:48,2026-06-22,,,weekday,2026-06-22,2026-06-09,,6-22.pdf,ctrail_hartford_line_effective_2026-06-22_updated_2026-06-09.pdf,1,To Hartford And Springfield
CTrail,Hartford Line,Hartford Line,4466,To Hartford And Springfield,BER,Berlin,5,19:57,19:57,2026-06-22,,,weekday,2026-06-22,2026-06-09,,6-22.pdf,ctrail_hartford_line_effective_2026-06-22_updated_2026-06-09.pdf,1,To Hartford And Springfield
CTrail,Hartford Line,Hartford Line,4466,To Hartford And Springfield,HFD,Hartford,6,20:10,20:10,2026-06-22,,,weekday,2026-06-22,2026-06-09,,6-22.pdf,ctrail_hartford_line_effective_2026-06-22_updated_2026-06-09.pdf,1,To Hartford And Springfield
CTrail,Hartford Line,Hartford Line,4466,To Hartford And Springfield,WND,Windsor,7,20:18,20:18,2026-06-22,,,weekday,2026-06-22,2026-06-09,,6-22.pdf,ctrail_hartford_line_effective_2026-06-22_updated_2026-06-09.pdf,1,To Hartford And Springfield
CTrail,Hartford Line,Hartford Line,4466,To Hartford And Springfield,WNL,Windsor Locks,8,20:27,20:27,2026-06-22,,,weekday,2026-06-22,2026-06-09,,6-22.pdf,ctrail_hartford_line_effective_2026-06-22_updated_2026-06-09.pdf,1,To Hartford And Springfield
CTrail,Hartford Line,Hartford Line,4466,To Hartford And Springfield,SPG,Springfield,9,20:51,20:51,2026-06-22,,,weekday,2026-06-22,2026-06-09,,6-22.pdf,ctrail_hartford_line_effective_2026-06-22_updated_2026-06-09.pdf,1,To Hartford And Springfield
CTrail,Hartford Line,Hartford Line,4467,To New Haven,SPG,Springfield,1,21:00,21:00,2026-06-22,,,weekday,2026-06-22,2026-06-09,,6-22.pdf,ctrail_hartford_line_effective_2026-06-22_updated_2026-06-09.pdf,1,To New Haven
CTrail,Hartford Line,Hartford Line,4467,To New Haven,WNL,Windsor Locks,2,21:20,21:20,2026-06-22,,,weekday,2026-06-22,2026-06-09,,6-22.pdf,ctrail_hartford_line_effective_2026-06-22_updated_2026-06-09.pdf,1,To New Haven
CTrail,Hartford Line,Hartford Line,4467,To New Haven,WND,Windsor,3,21:26,21:26,2026-06-22,,,weekday,2026-06-22,2026-06-09,,6-22.pdf,ctrail_hartford_line_effective_2026-06-22_updated_2026-06-09.pdf,1,To New Haven
CTrail,Hartford Line,Hartford Line,4467,To New Haven,HFD,Hartford,4,21:35,21:35,2026-06-22,,,weekday,2026-06-22,2026-06-09,,6-22.pdf,ctrail_hartford_line_effective_2026-06-22_updated_2026-06-09.pdf,1,To New Haven
CTrail,Hartford Line,Hartford Line,4467,To New Haven,BER,Berlin,5,21:47,21:47,2026-06-22,,,weekday,2026-06-22,2026-06-09,,6-22.pdf,ctrail_hartford_line_effective_2026-06-22_updated_2026-06-09.pdf,1,To New Haven
CTrail,Hartford Line,Hartford Line,4467,To New Haven,MDN,Meriden,6,21:56,21:56,2026-06-22,,,weekday,2026-06-22,2026-06-09,,6-22.pdf,ctrail_hartford_line_effective_2026-06-22_updated_2026-06-09.pdf,1,To New Haven
CTrail,Hartford Line,Hartford Line,4467,To New Haven,WFD,Wallingford,7,22:05,22:05,2026-06-22,,,weekday,2026-06-22,2026-06-09,,6-22.pdf,ctrail_hartford_line_effective_2026-06-22_updated_2026-06-09.pdf,1,To New Haven
CTrail,Hartford Line,Hartford Line,4467,To New Haven,STS,New Haven - State Street,8,22:21,22:21,2026-06-22,,,weekday,2026-06-22,2026-06-09,,6-22.pdf,ctrail_hartford_line_effective_2026-06-22_updated_2026-06-09.pdf,1,To New Haven
CTrail,Hartford Line,Hartford Line,4467,To New Haven,NHV,New Haven - Union Station,9,22:27,22:27,2026-06-22,,,weekday,2026-06-22,2026-06-09,,6-22.pdf,ctrail_hartford_line_effective_2026-06-22_updated_2026-06-09.pdf,1,To New Haven
CTrail,Hartford Line,Hartford Line,4476,To Hartford And Springfield,NHV,New Haven - Union Station,1,17:32,17:32,2026-06-22,,,weekday,2026-06-22,2026-06-09,,6-22.pdf,ctrail_hartford_line_effective_2026-06-22_updated_2026-06-09.pdf,1,To Hartford And Springfield
CTrail,Hartford Line,Hartford Line,4476,To Hartford And Springfield,STS,New Haven - State Street,2,17:35,17:35,2026-06-22,,,weekday,2026-06-22,2026-06-09,,6-22.pdf,ctrail_hartford_line_effective_2026-06-22_updated_2026-06-09.pdf,1,To Hartford And Springfield
CTrail,Hartford Line,Hartford Line,4476,To Hartford And Springfield,WFD,Wallingford,3,17:51,17:51,2026-06-22,,,weekday,2026-06-22,2026-06-09,,6-22.pdf,ctrail_hartford_line_effective_2026-06-22_updated_2026-06-09.pdf,1,To Hartford And Springfield
CTrail,Hartford Line,Hartford Line,4476,To Hartford And Springfield,MDN,Meriden,4,18:00,18:00,2026-06-22,,,weekday,2026-06-22,2026-06-09,,6-22.pdf,ctrail_hartford_line_effective_2026-06-22_updated_2026-06-09.pdf,1,To Hartford And Springfield
CTrail,Hartford Line,Hartford Line,4476,To Hartford And Springfield,BER,Berlin,5,18:09,18:09,2026-06-22,,,weekday,2026-06-22,2026-06-09,,6-22.pdf,ctrail_hartford_line_effective_2026-06-22_updated_2026-06-09.pdf,1,To Hartford And Springfield
CTrail,Hartford Line,Hartford Line,4476,To Hartford And Springfield,HFD,Hartford,6,18:23,18:23,2026-06-22,,,weekday,2026-06-22,2026-06-09,,6-22.pdf,ctrail_hartford_line_effective_2026-06-22_updated_2026-06-09.pdf,1,To Hartford And Springfield
CTrail,Hartford Line,Hartford Line,4476,To Hartford And Springfield,WND,Windsor,7,18:31,18:31,2026-06-22,,,weekday,2026-06-22,2026-06-09,,6-22.pdf,ctrail_hartford_line_effective_2026-06-22_updated_2026-06-09.pdf,1,To Hartford And Springfield
CTrail,Hartford Line,Hartford Line,4476,To Hartford And Springfield,WNL,Windsor Locks,8,18:37,18:37,2026-06-22,,,weekday,2026-06-22,2026-06-09,,6-22.pdf,ctrail_hartford_line_effective_2026-06-22_updated_2026-06-09.pdf,1,To Hartford And Springfield
CTrail,Hartford Line,Hartford Line,4476,To Hartford And Springfield,SPG,Springfield,9,19:05,19:05,2026-06-22,,,weekday,2026-06-22,2026-06-09,,6-22.pdf,ctrail_hartford_line_effective_2026-06-22_updated_2026-06-09.pdf,1,To Hartford And Springfield
CTrail,Hartford Line,Hartford Line,6400,To Hartford And Springfield,NHV,New Haven - Union Station,1,08:10,08:10,2026-06-22,,,weekend_or_holiday,2026-06-22,2026-06-09,,6-22.pdf,ctrail_hartford_line_effective_2026-06-22_updated_2026-06-09.pdf,2,To Hartford And Springfield
CTrail,Hartford Line,Hartford Line,6400,To Hartford And Springfield,STS,New Haven - State Street,2,08:13,08:13,2026-06-22,,,weekend_or_holiday,2026-06-22,2026-06-09,,6-22.pdf,ctrail_hartford_line_effective_2026-06-22_updated_2026-06-09.pdf,2,To Hartford And Springfield
CTrail,Hartford Line,Hartford Line,6400,To Hartford And Springfield,WFD,Wallingford,3,08:26,08:26,2026-06-22,,,weekend_or_holiday,2026-06-22,2026-06-09,,6-22.pdf,ctrail_hartford_line_effective_2026-06-22_updated_2026-06-09.pdf,2,To Hartford And Springfield
CTrail,Hartford Line,Hartford Line,6400,To Hartford And Springfield,MDN,Meriden,4,08:33,08:33,2026-06-22,,,weekend_or_holiday,2026-06-22,2026-06-09,,6-22.pdf,ctrail_hartford_line_effective_2026-06-22_updated_2026-06-09.pdf,2,To Hartford And Springfield
CTrail,Hartford Line,Hartford Line,6400,To Hartford And Springfield,BER,Berlin,5,08:42,08:42,2026-06-22,,,weekend_or_holiday,2026-06-22,2026-06-09,,6-22.pdf,ctrail_hartford_line_effective_2026-06-22_updated_2026-06-09.pdf,2,To Hartford And Springfield
CTrail,Hartford Line,Hartford Line,6400,To Hartford And Springfield,HFD,Hartford,6,08:56,08:56,2026-06-22,,,weekend_or_holiday,2026-06-22,2026-06-09,,6-22.pdf,ctrail_hartford_line_effective_2026-06-22_updated_2026-06-09.pdf,2,To Hartford And Springfield
CTrail,Hartford Line,Hartford Line,6400,To Hartford And Springfield,WND,Windsor,7,09:05,09:05,2026-06-22,,,weekend_or_holiday,2026-06-22,2026-06-09,,6-22.pdf,ctrail_hartford_line_effective_2026-06-22_updated_2026-06-09.pdf,2,To Hartford And Springfield
CTrail,Hartford Line,Hartford Line,6400,To Hartford And Springfield,WNL,Windsor Locks,8,09:11,09:11,2026-06-22,,,weekend_or_holiday,2026-06-22,2026-06-09,,6-22.pdf,ctrail_hartford_line_effective_2026-06-22_updated_2026-06-09.pdf,2,To Hartford And Springfield
CTrail,Hartford Line,Hartford Line,6400,To Hartford And Springfield,SPG,Springfield,9,09:42,09:42,2026-06-22,,,weekend_or_holiday,2026-06-22,2026-06-09,,6-22.pdf,ctrail_hartford_line_effective_2026-06-22_updated_2026-06-09.pdf,2,To Hartford And Springfield
CTrail,Hartford Line,Hartford Line,6401,To New Haven,SPG,Springfield,1,10:00,10:00,2026-06-22,,,weekend_or_holiday,2026-06-22,2026-06-09,,6-22.pdf,ctrail_hartford_line_effective_2026-06-22_updated_2026-06-09.pdf,2,To New Haven
CTrail,Hartford Line,Hartford Line,6401,To New Haven,WNL,Windsor Locks,2,10:21,10:21,2026-06-22,,,weekend_or_holiday,2026-06-22,2026-06-09,,6-22.pdf,ctrail_hartford_line_effective_2026-06-22_updated_2026-06-09.pdf,2,To New Haven
CTrail,Hartford Line,Hartford Line,6401,To New Haven,WND,Windsor,3,10:28,10:28,2026-06-22,,,weekend_or_holiday,2026-06-22,2026-06-09,,6-22.pdf,ctrail_hartford_line_effective_2026-06-22_updated_2026-06-09.pdf,2,To New Haven
CTrail,Hartford Line,Hartford Line,6401,To New Haven,HFD,Hartford,4,10:39,10:39,2026-06-22,,,weekend_or_holiday,2026-06-22,2026-06-09,,6-22.pdf,ctrail_hartford_line_effective_2026-06-22_updated_2026-06-09.pdf,2,To New Haven
CTrail,Hartford Line,Hartford Line,6401,To New Haven,BER,Berlin,5,10:51,10:51,2026-06-22,,,weekend_or_holiday,2026-06-22,2026-06-09,,6-22.pdf,ctrail_hartford_line_effective_2026-06-22_updated_2026-06-09.pdf,2,To New Haven
CTrail,Hartford Line,Hartford Line,6401,To New Haven,MDN,Meriden,6,11:00,11:00,2026-06-22,,,weekend_or_holiday,2026-06-22,2026-06-09,,6-22.pdf,ctrail_hartford_line_effective_2026-06-22_updated_2026-06-09.pdf,2,To New Haven
CTrail,Hartford Line,Hartford Line,6401,To New Haven,WFD,Wallingford,7,11:09,11:09,2026-06-22,,,weekend_or_holiday,2026-06-22,2026-06-09,,6-22.pdf,ctrail_hartford_line_effective_2026-06-22_updated_2026-06-09.pdf,2,To New Haven
CTrail,Hartford Line,Hartford Line,6401,To New Haven,STS,New Haven - State Street,8,11:25,11:25,2026-06-22,,,weekend_or_holiday,2026-06-22,2026-06-09,,6-22.pdf,ctrail_hartford_line_effective_2026-06-22_updated_2026-06-09.pdf,2,To New Haven
CTrail,Hartford Line,Hartford Line,6401,To New Haven,NHV,New Haven - Union Station,9,11:33,11:33,2026-06-22,,,weekend_or_holiday,2026-06-22,2026-06-09,,6-22.pdf,ctrail_hartford_line_effective_2026-06-22_updated_2026-06-09.pdf,2,To New Haven
CTrail,Hartford Line,Hartford Line,6402,To Hartford And Springfield,NHV,New Haven - Union Station,1,10:05,10:05,2026-06-22,,,weekend_or_holiday,2026-06-22,2026-06-09,,6-22.pdf,ctrail_hartford_line_effective_2026-06-22_updated_2026-06-09.pdf,2,To Hartford And Springfield
CTrail,Hartford Line,Hartford Line,6402,To Hartford And Springfield,STS,New Haven - State Street,2,10:08,10:08,2026-06-22,,,weekend_or_holiday,2026-06-22,2026-06-09,,6-22.pdf,ctrail_hartford_line_effective_2026-06-22_updated_2026-06-09.pdf,2,To Hartford And Springfield
CTrail,Hartford Line,Hartford Line,6402,To Hartford And Springfield,WFD,Wallingford,3,10:23,10:23,2026-06-22,,,weekend_or_holiday,2026-06-22,2026-06-09,,6-22.pdf,ctrail_hartford_line_effective_2026-06-22_updated_2026-06-09.pdf,2,To Hartford And Springfield
CTrail,Hartford Line,Hartford Line,6402,To Hartford And Springfield,MDN,Meriden,4,10:32,10:32,2026-06-22,,,weekend_or_holiday,2026-06-22,2026-06-09,,6-22.pdf,ctrail_hartford_line_effective_2026-06-22_updated_2026-06-09.pdf,2,To Hartford And Springfield
CTrail,Hartford Line,Hartford Line,6402,To Hartford And Springfield,BER,Berlin,5,10:41,10:41,2026-06-22,,,weekend_or_holiday,2026-06-22,2026-06-09,,6-22.pdf,ctrail_hartford_line_effective_2026-06-22_updated_2026-06-09.pdf,2,To Hartford And Springfield
CTrail,Hartford Line,Hartford Line,6402,To Hartford And Springfield,HFD,Hartford,6,10:56,10:56,2026-06-22,,,weekend_or_holiday,2026-06-22,2026-06-09,,6-22.pdf,ctrail_hartford_line_effective_2026-06-22_updated_2026-06-09.pdf,2,To Hartford And Springfield
CTrail,Hartford Line,Hartford Line,6402,To Hartford And Springfield,WND,Windsor,7,11:04,11:04,2026-06-22,,,weekend_or_holiday,2026-06-22,2026-06-09,,6-22.pdf,ctrail_hartford_line_effective_2026-06-22_updated_2026-06-09.pdf,2,To Hartford And Springfield
CTrail,Hartford Line,Hartford Line,6402,To Hartford And Springfield,WNL,Windsor Locks,8,11:10,11:10,2026-06-22,,,weekend_or_holiday,2026-06-22,2026-06-09,,6-22.pdf,ctrail_hartford_line_effective_2026-06-22_updated_2026-06-09.pdf,2,To Hartford And Springfield
CTrail,Hartford Line,Hartford Line,6402,To Hartford And Springfield,SPG,Springfield,9,11:38,11:38,2026-06-22,,,weekend_or_holiday,2026-06-22,2026-06-09,,6-22.pdf,ctrail_hartford_line_effective_2026-06-22_updated_2026-06-09.pdf,2,To Hartford And Springfield
CTrail,Hartford Line,Hartford Line,6403,To New Haven,SPG,Springfield,1,12:00,12:00,2026-06-22,,,weekend_or_holiday,2026-06-22,2026-06-09,,6-22.pdf,ctrail_hartford_line_effective_2026-06-22_updated_2026-06-09.pdf,2,To New Haven
CTrail,Hartford Line,Hartford Line,6403,To New Haven,WNL,Windsor Locks,2,12:22,12:22,2026-06-22,,,weekend_or_holiday,2026-06-22,2026-06-09,,6-22.pdf,ctrail_hartford_line_effective_2026-06-22_updated_2026-06-09.pdf,2,To New Haven
CTrail,Hartford Line,Hartford Line,6403,To New Haven,WND,Windsor,3,12:28,12:28,2026-06-22,,,weekend_or_holiday,2026-06-22,2026-06-09,,6-22.pdf,ctrail_hartford_line_effective_2026-06-22_updated_2026-06-09.pdf,2,To New Haven
CTrail,Hartford Line,Hartford Line,6403,To New Haven,HFD,Hartford,4,12:39,12:39,2026-06-22,,,weekend_or_holiday,2026-06-22,2026-06-09,,6-22.pdf,ctrail_hartford_line_effective_2026-06-22_updated_2026-06-09.pdf,2,To New Haven
CTrail,Hartford Line,Hartford Line,6403,To New Haven,BER,Berlin,5,12:51,12:51,2026-06-22,,,weekend_or_holiday,2026-06-22,2026-06-09,,6-22.pdf,ctrail_hartford_line_effective_2026-06-22_updated_2026-06-09.pdf,2,To New Haven
CTrail,Hartford Line,Hartford Line,6403,To New Haven,MDN,Meriden,6,13:00,13:00,2026-06-22,,,weekend_or_holiday,2026-06-22,2026-06-09,,6-22.pdf,ctrail_hartford_line_effective_2026-06-22_updated_2026-06-09.pdf,2,To New Haven
CTrail,Hartford Line,Hartford Line,6403,To New Haven,WFD,Wallingford,7,13:09,13:09,2026-06-22,,,weekend_or_holiday,2026-06-22,2026-06-09,,6-22.pdf,ctrail_hartford_line_effective_2026-06-22_updated_2026-06-09.pdf,2,To New Haven
CTrail,Hartford Line,Hartford Line,6403,To New Haven,STS,New Haven - State Street,8,13:25,13:25,2026-06-22,,,weekend_or_holiday,2026-06-22,2026-06-09,,6-22.pdf,ctrail_hartford_line_effective_2026-06-22_updated_2026-06-09.pdf,2,To New Haven
CTrail,Hartford Line,Hartford Line,6403,To New Haven,NHV,New Haven - Union Station,9,13:29,13:29,2026-06-22,,,weekend_or_holiday,2026-06-22,2026-06-09,,6-22.pdf,ctrail_hartford_line_effective_2026-06-22_updated_2026-06-09.pdf,2,To New Haven
CTrail,Hartford Line,Hartford Line,6410,To Hartford And Springfield,NHV,New Haven - Union Station,1,19:30,19:30,2026-06-22,,,weekend_or_holiday,2026-06-22,2026-06-09,,6-22.pdf,ctrail_hartford_line_effective_2026-06-22_updated_2026-06-09.pdf,2,To Hartford And Springfield
CTrail,Hartford Line,Hartford Line,6410,To Hartford And Springfield,STS,New Haven - State Street,2,19:33,19:33,2026-06-22,,,weekend_or_holiday,2026-06-22,2026-06-09,,6-22.pdf,ctrail_hartford_line_effective_2026-06-22_updated_2026-06-09.pdf,2,To Hartford And Springfield
CTrail,Hartford Line,Hartford Line,6410,To Hartford And Springfield,WFD,Wallingford,3,19:48,19:48,2026-06-22,,,weekend_or_holiday,2026-06-22,2026-06-09,,6-22.pdf,ctrail_hartford_line_effective_2026-06-22_updated_2026-06-09.pdf,2,To Hartford And Springfield
CTrail,Hartford Line,Hartford Line,6410,To Hartford And Springfield,MDN,Meriden,4,19:57,19:57,2026-06-22,,,weekend_or_holiday,2026-06-22,2026-06-09,,6-22.pdf,ctrail_hartford_line_effective_2026-06-22_updated_2026-06-09.pdf,2,To Hartford And Springfield
CTrail,Hartford Line,Hartford Line,6410,To Hartford And Springfield,BER,Berlin,5,20:06,20:06,2026-06-22,,,weekend_or_holiday,2026-06-22,2026-06-09,,6-22.pdf,ctrail_hartford_line_effective_2026-06-22_updated_2026-06-09.pdf,2,To Hartford And Springfield
CTrail,Hartford Line,Hartford Line,6410,To Hartford And Springfield,HFD,Hartford,6,20:21,20:21,2026-06-22,,,weekend_or_holiday,2026-06-22,2026-06-09,,6-22.pdf,ctrail_hartford_line_effective_2026-06-22_updated_2026-06-09.pdf,2,To Hartford And Springfield
CTrail,Hartford Line,Hartford Line,6410,To Hartford And Springfield,WND,Windsor,7,20:29,20:29,2026-06-22,,,weekend_or_holiday,2026-06-22,2026-06-09,,6-22.pdf,ctrail_hartford_line_effective_2026-06-22_updated_2026-06-09.pdf,2,To Hartford And Springfield
CTrail,Hartford Line,Hartford Line,6410,To Hartford And Springfield,WNL,Windsor Locks,8,20:35,20:35,2026-06-22,,,weekend_or_holiday,2026-06-22,2026-06-09,,6-22.pdf,ctrail_hartford_line_effective_2026-06-22_updated_2026-06-09.pdf,2,To Hartford And Springfield
CTrail,Hartford Line,Hartford Line,6410,To Hartford And Springfield,SPG,Springfield,9,21:03,21:03,2026-06-22,,,weekend_or_holiday,2026-06-22,2026-06-09,,6-22.pdf,ctrail_hartford_line_effective_2026-06-22_updated_2026-06-09.pdf,2,To Hartford And Springfield
CTrail,Hartford Line,Hartford Line,6411,To New Haven,SPG,Springfield,1,21:45,21:45,2026-06-22,,,weekend_or_holiday,2026-06-22,2026-06-09,,6-22.pdf,ctrail_hartford_line_effective_2026-06-22_updated_2026-06-09.pdf,2,To New Haven
CTrail,Hartford Line,Hartford Line,6411,To New Haven,WNL,Windsor Locks,2,22:06,22:06,2026-06-22,,,weekend_or_holiday,2026-06-22,2026-06-09,,6-22.pdf,ctrail_hartford_line_effective_2026-06-22_updated_2026-06-09.pdf,2,To New Haven
CTrail,Hartford Line,Hartford Line,6411,To New Haven,WND,Windsor,3,22:13,22:13,2026-06-22,,,weekend_or_holiday,2026-06-22,2026-06-09,,6-22.pdf,ctrail_hartford_line_effective_2026-06-22_updated_2026-06-09.pdf,2,To New Haven
CTrail,Hartford Line,Hartford Line,6411,To New Haven,HFD,Hartford,4,22:24,22:24,2026-06-22,,,weekend_or_holiday,2026-06-22,2026-06-09,,6-22.pdf,ctrail_hartford_line_effective_2026-06-22_updated_2026-06-09.pdf,2,To New Haven
CTrail,Hartford Line,Hartford Line,6411,To New Haven,BER,Berlin,5,22:36,22:36,2026-06-22,,,weekend_or_holiday,2026-06-22,2026-06-09,,6-22.pdf,ctrail_hartford_line_effective_2026-06-22_updated_2026-06-09.pdf,2,To New Haven
CTrail,Hartford Line,Hartford Line,6411,To New Haven,MDN,Meriden,6,22:45,22:45,2026-06-22,,,weekend_or_holiday,2026-06-22,2026-06-09,,6-22.pdf,ctrail_hartford_line_effective_2026-06-22_updated_2026-06-09.pdf,2,To New Haven
CTrail,Hartford Line,Hartford Line,6411,To New Haven,WFD,Wallingford,7,22:54,22:54,2026-06-22,,,weekend_or_holiday,2026-06-22,2026-06-09,,6-22.pdf,ctrail_hartford_line_effective_2026-06-22_updated_2026-06-09.pdf,2,To New Haven
CTrail,Hartford Line,Hartford Line,6411,To New Haven,STS,New Haven - State Street,8,23:10,23:10,2026-06-22,,,weekend_or_holiday,2026-06-22,2026-06-09,,6-22.pdf,ctrail_hartford_line_effective_2026-06-22_updated_2026-06-09.pdf,2,To New Haven
CTrail,Hartford Line,Hartford Line,6411,To New Haven,NHV,New Haven - Union Station,9,23:18,23:18,2026-06-22,,,weekend_or_holiday,2026-06-22,2026-06-09,,6-22.pdf,ctrail_hartford_line_effective_2026-06-22_updated_2026-06-09.pdf,2,To New Haven
CTrail,Hartford Line,Hartford Line,6454,To Hartford And Springfield,NHV,New Haven - Union Station,1,12:30,12:30,2026-06-22,,,weekend_or_holiday,2026-06-22,2026-06-09,,6-22.pdf,ctrail_hartford_line_effective_2026-06-22_updated_2026-06-09.pdf,2,To Hartford And Springfield
CTrail,Hartford Line,Hartford Line,6454,To Hartford And Springfield,STS,New Haven - State Street,2,12:33,12:33,2026-06-22,,,weekend_or_holiday,2026-06-22,2026-06-09,,6-22.pdf,ctrail_hartford_line_effective_2026-06-22_updated_2026-06-09.pdf,2,To Hartford And Springfield
CTrail,Hartford Line,Hartford Line,6454,To Hartford And Springfield,WFD,Wallingford,3,12:48,12:48,2026-06-22,,,weekend_or_holiday,2026-06-22,2026-06-09,,6-22.pdf,ctrail_hartford_line_effective_2026-06-22_updated_2026-06-09.pdf,2,To Hartford And Springfield
CTrail,Hartford Line,Hartford Line,6454,To Hartford And Springfield,MDN,Meriden,4,12:57,12:57,2026-06-22,,,weekend_or_holiday,2026-06-22,2026-06-09,,6-22.pdf,ctrail_hartford_line_effective_2026-06-22_updated_2026-06-09.pdf,2,To Hartford And Springfield
CTrail,Hartford Line,Hartford Line,6454,To Hartford And Springfield,BER,Berlin,5,13:06,13:06,2026-06-22,,,weekend_or_holiday,2026-06-22,2026-06-09,,6-22.pdf,ctrail_hartford_line_effective_2026-06-22_updated_2026-06-09.pdf,2,To Hartford And Springfield
CTrail,Hartford Line,Hartford Line,6454,To Hartford And Springfield,HFD,Hartford,6,13:19,13:19,2026-06-22,,,weekend_or_holiday,2026-06-22,2026-06-09,,6-22.pdf,ctrail_hartford_line_effective_2026-06-22_updated_2026-06-09.pdf,2,To Hartford And Springfield
CTrail,Hartford Line,Hartford Line,6454,To Hartford And Springfield,WND,Windsor,7,13:27,13:27,2026-06-22,,,weekend_or_holiday,2026-06-22,2026-06-09,,6-22.pdf,ctrail_hartford_line_effective_2026-06-22_updated_2026-06-09.pdf,2,To Hartford And Springfield
CTrail,Hartford Line,Hartford Line,6454,To Hartford And Springfield,WNL,Windsor Locks,8,13:36,13:36,2026-06-22,,,weekend_or_holiday,2026-06-22,2026-06-09,,6-22.pdf,ctrail_hartford_line_effective_2026-06-22_updated_2026-06-09.pdf,2,To Hartford And Springfield
CTrail,Hartford Line,Hartford Line,6454,To Hartford And Springfield,SPG,Springfield,9,14:04,14:04,2026-06-22,,,weekend_or_holiday,2026-06-22,2026-06-09,,6-22.pdf,ctrail_hartford_line_effective_2026-06-22_updated_2026-06-09.pdf,2,To Hartford And Springfield
CTrail,Hartford Line,Hartford Line,6455,To New Haven,SPG,Springfield,1,14:20,14:20,2026-06-22,,,weekend_or_holiday,2026-06-22,2026-06-09,,6-22.pdf,ctrail_hartford_line_effective_2026-06-22_updated_2026-06-09.pdf,2,To New Haven
CTrail,Hartford Line,Hartford Line,6455,To New Haven,WNL,Windsor Locks,2,14:41,14:41,2026-06-22,,,weekend_or_holiday,2026-06-22,2026-06-09,,6-22.pdf,ctrail_hartford_line_effective_2026-06-22_updated_2026-06-09.pdf,2,To New Haven
CTrail,Hartford Line,Hartford Line,6455,To New Haven,WND,Windsor,3,14:48,14:48,2026-06-22,,,weekend_or_holiday,2026-06-22,2026-06-09,,6-22.pdf,ctrail_hartford_line_effective_2026-06-22_updated_2026-06-09.pdf,2,To New Haven
CTrail,Hartford Line,Hartford Line,6455,To New Haven,HFD,Hartford,4,14:59,14:59,2026-06-22,,,weekend_or_holiday,2026-06-22,2026-06-09,,6-22.pdf,ctrail_hartford_line_effective_2026-06-22_updated_2026-06-09.pdf,2,To New Haven
CTrail,Hartford Line,Hartford Line,6455,To New Haven,BER,Berlin,5,15:11,15:11,2026-06-22,,,weekend_or_holiday,2026-06-22,2026-06-09,,6-22.pdf,ctrail_hartford_line_effective_2026-06-22_updated_2026-06-09.pdf,2,To New Haven
CTrail,Hartford Line,Hartford Line,6455,To New Haven,MDN,Meriden,6,15:20,15:20,2026-06-22,,,weekend_or_holiday,2026-06-22,2026-06-09,,6-22.pdf,ctrail_hartford_line_effective_2026-06-22_updated_2026-06-09.pdf,2,To New Haven
CTrail,Hartford Line,Hartford Line,6455,To New Haven,WFD,Wallingford,7,15:29,15:29,2026-06-22,,,weekend_or_holiday,2026-06-22,2026-06-09,,6-22.pdf,ctrail_hartford_line_effective_2026-06-22_updated_2026-06-09.pdf,2,To New Haven
CTrail,Hartford Line,Hartford Line,6455,To New Haven,STS,New Haven - State Street,8,15:45,15:45,2026-06-22,,,weekend_or_holiday,2026-06-22,2026-06-09,,6-22.pdf,ctrail_hartford_line_effective_2026-06-22_updated_2026-06-09.pdf,2,To New Haven
CTrail,Hartford Line,Hartford Line,6455,To New Haven,NHV,New Haven - Union Station,9,15:52,15:52,2026-06-22,,,weekend_or_holiday,2026-06-22,2026-06-09,,6-22.pdf,ctrail_hartford_line_effective_2026-06-22_updated_2026-06-09.pdf,2,To New Haven
CTrail,Hartford Line,Hartford Line,6456,To Hartford And Springfield,NHV,New Haven - Union Station,1,14:25,14:25,2026-06-22,,,weekend_or_holiday,2026-06-22,2026-06-09,,6-22.pdf,ctrail_hartford_line_effective_2026-06-22_updated_2026-06-09.pdf,2,To Hartford And Springfield
CTrail,Hartford Line,Hartford Line,6456,To Hartford And Springfield,STS,New Haven - State Street,2,14:28,14:28,2026-06-22,,,weekend_or_holiday,2026-06-22,2026-06-09,,6-22.pdf,ctrail_hartford_line_effective_2026-06-22_updated_2026-06-09.pdf,2,To Hartford And Springfield
CTrail,Hartford Line,Hartford Line,6456,To Hartford And Springfield,WFD,Wallingford,3,14:43,14:43,2026-06-22,,,weekend_or_holiday,2026-06-22,2026-06-09,,6-22.pdf,ctrail_hartford_line_effective_2026-06-22_updated_2026-06-09.pdf,2,To Hartford And Springfield
CTrail,Hartford Line,Hartford Line,6456,To Hartford And Springfield,MDN,Meriden,4,14:52,14:52,2026-06-22,,,weekend_or_holiday,2026-06-22,2026-06-09,,6-22.pdf,ctrail_hartford_line_effective_2026-06-22_updated_2026-06-09.pdf,2,To Hartford And Springfield
CTrail,Hartford Line,Hartford Line,6456,To Hartford And Springfield,BER,Berlin,5,15:01,15:01,2026-06-22,,,weekend_or_holiday,2026-06-22,2026-06-09,,6-22.pdf,ctrail_hartford_line_effective_2026-06-22_updated_2026-06-09.pdf,2,To Hartford And Springfield
CTrail,Hartford Line,Hartford Line,6456,To Hartford And Springfield,HFD,Hartford,6,15:13,15:13,2026-06-22,,,weekend_or_holiday,2026-06-22,2026-06-09,,6-22.pdf,ctrail_hartford_line_effective_2026-06-22_updated_2026-06-09.pdf,2,To Hartford And Springfield
CTrail,Hartford Line,Hartford Line,6457,To New Haven,HFD,Hartford,4,16:10,16:10,2026-06-22,,,weekend_or_holiday,2026-06-22,2026-06-09,,6-22.pdf,ctrail_hartford_line_effective_2026-06-22_updated_2026-06-09.pdf,2,To New Haven
CTrail,Hartford Line,Hartford Line,6457,To New Haven,BER,Berlin,5,16:22,16:22,2026-06-22,,,weekend_or_holiday,2026-06-22,2026-06-09,,6-22.pdf,ctrail_hartford_line_effective_2026-06-22_updated_2026-06-09.pdf,2,To New Haven
CTrail,Hartford Line,Hartford Line,6457,To New Haven,MDN,Meriden,6,16:31,16:31,2026-06-22,,,weekend_or_holiday,2026-06-22,2026-06-09,,6-22.pdf,ctrail_hartford_line_effective_2026-06-22_updated_2026-06-09.pdf,2,To New Haven
CTrail,Hartford Line,Hartford Line,6457,To New Haven,WFD,Wallingford,7,16:40,16:40,2026-06-22,,,weekend_or_holiday,2026-06-22,2026-06-09,,6-22.pdf,ctrail_hartford_line_effective_2026-06-22_updated_2026-06-09.pdf,2,To New Haven
CTrail,Hartford Line,Hartford Line,6457,To New Haven,STS,New Haven - State Street,8,16:56,16:56,2026-06-22,,,weekend_or_holiday,2026-06-22,2026-06-09,,6-22.pdf,ctrail_hartford_line_effective_2026-06-22_updated_2026-06-09.pdf,2,To New Haven
CTrail,Hartford Line,Hartford Line,6457,To New Haven,NHV,New Haven - Union Station,9,17:02,17:02,2026-06-22,,,weekend_or_holiday,2026-06-22,2026-06-09,,6-22.pdf,ctrail_hartford_line_effective_2026-06-22_updated_2026-06-09.pdf,2,To New Haven
CTrail,Hartford Line,Hartford Line,6458,To Hartford And Springfield,NHV,New Haven - Union Station,1,16:00,16:00,2026-06-22,,,weekend_or_holiday,2026-06-22,2026-06-09,,6-22.pdf,ctrail_hartford_line_effective_2026-06-22_updated_2026-06-09.pdf,2,To Hartford And Springfield
CTrail,Hartford Line,Hartford Line,6458,To Hartford And Springfield,STS,New Haven - State Street,2,16:03,16:03,2026-06-22,,,weekend_or_holiday,2026-06-22,2026-06-09,,6-22.pdf,ctrail_hartford_line_effective_2026-06-22_updated_2026-06-09.pdf,2,To Hartford And Springfield
CTrail,Hartford Line,Hartford Line,6458,To Hartford And Springfield,WFD,Wallingford,3,16:18,16:18,2026-06-22,,,weekend_or_holiday,2026-06-22,2026-06-09,,6-22.pdf,ctrail_hartford_line_effective_2026-06-22_updated_2026-06-09.pdf,2,To Hartford And Springfield
CTrail,Hartford Line,Hartford Line,6458,To Hartford And Springfield,MDN,Meriden,4,16:27,16:27,2026-06-22,,,weekend_or_holiday,2026-06-22,2026-06-09,,6-22.pdf,ctrail_hartford_line_effective_2026-06-22_updated_2026-06-09.pdf,2,To Hartford And Springfield
CTrail,Hartford Line,Hartford Line,6458,To Hartford And Springfield,BER,Berlin,5,16:36,16:36,2026-06-22,,,weekend_or_holiday,2026-06-22,2026-06-09,,6-22.pdf,ctrail_hartford_line_effective_2026-06-22_updated_2026-06-09.pdf,2,To Hartford And Springfield
CTrail,Hartford Line,Hartford Line,6458,To Hartford And Springfield,HFD,Hartford,6,16:52,16:52,2026-06-22,,,weekend_or_holiday,2026-06-22,2026-06-09,,6-22.pdf,ctrail_hartford_line_effective_2026-06-22_updated_2026-06-09.pdf,2,To Hartford And Springfield
CTrail,Hartford Line,Hartford Line,6459,To New Haven,HFD,Hartford,4,17:54,17:54,2026-06-22,,,weekend_or_holiday,2026-06-22,2026-06-09,,6-22.pdf,ctrail_hartford_line_effective_2026-06-22_updated_2026-06-09.pdf,2,To New Haven
CTrail,Hartford Line,Hartford Line,6459,To New Haven,BER,Berlin,5,18:06,18:06,2026-06-22,,,weekend_or_holiday,2026-06-22,2026-06-09,,6-22.pdf,ctrail_hartford_line_effective_2026-06-22_updated_2026-06-09.pdf,2,To New Haven
CTrail,Hartford Line,Hartford Line,6459,To New Haven,MDN,Meriden,6,18:15,18:15,2026-06-22,,,weekend_or_holiday,2026-06-22,2026-06-09,,6-22.pdf,ctrail_hartford_line_effective_2026-06-22_updated_2026-06-09.pdf,2,To New Haven
CTrail,Hartford Line,Hartford Line,6459,To New Haven,WFD,Wallingford,7,18:24,18:24,2026-06-22,,,weekend_or_holiday,2026-06-22,2026-06-09,,6-22.pdf,ctrail_hartford_line_effective_2026-06-22_updated_2026-06-09.pdf,2,To New Haven
CTrail,Hartford Line,Hartford Line,6459,To New Haven,STS,New Haven - State Street,8,18:40,18:40,2026-06-22,,,weekend_or_holiday,2026-06-22,2026-06-09,,6-22.pdf,ctrail_hartford_line_effective_2026-06-22_updated_2026-06-09.pdf,2,To New Haven
CTrail,Hartford Line,Hartford Line,6459,To New Haven,NHV,New Haven - Union Station,9,18:46,18:46,2026-06-22,,,weekend_or_holiday,2026-06-22,2026-06-09,,6-22.pdf,ctrail_hartford_line_effective_2026-06-22_updated_2026-06-09.pdf,2,To New Haven
CTrail,Shore Line East,Shore Line East,1604,From New Haven,NHV,New Haven Union Station,54,unknown,06:05,2026-06-22,,,weekday,2026-06-22,2026-06-09,,6-22.pdf,ctrail_hartford_line_effective_2026-06-22_updated_2026-06-09.pdf,1,Hartford Line connection departure from New Haven toward New London; arrival endpoint/time unknown pending full timetable
CTrail,Shore Line East,Shore Line East,1606,From New Haven,NHV,New Haven Union Station,55,unknown,08:05,2026-06-22,,,weekday,2026-06-22,2026-06-09,,6-22.pdf,ctrail_hartford_line_effective_2026-06-22_updated_2026-06-09.pdf,1,Hartford Line connection departure from New Haven toward New London; arrival endpoint/time unknown pending full timetable
CTrail,Shore Line East,Shore Line East,1610,From New Haven,NHV,New Haven Union Station,56,unknown,09:50,2026-06-22,,,weekday,2026-06-22,2026-06-09,,6-22.pdf,ctrail_hartford_line_effective_2026-06-22_updated_2026-06-09.pdf,1,Hartford Line connection departure from New Haven toward New London; arrival endpoint/time unknown pending full timetable
CTrail,Shore Line East,Shore Line East,1610,From New Haven,NHV,New Haven Union Station,57,unknown,09:50,2026-06-22,,,weekday,2026-06-22,2026-06-09,,6-22.pdf,ctrail_hartford_line_effective_2026-06-22_updated_2026-06-09.pdf,1,Hartford Line connection departure from New Haven toward New London; arrival endpoint/time unknown pending full timetable
CTrail,Shore Line East,Shore Line East,1632,From New Haven,NHV,New Haven Union Station,58,unknown,14:15,2026-06-22,,,weekday,2026-06-22,2026-06-09,,6-22.pdf,ctrail_hartford_line_effective_2026-06-22_updated_2026-06-09.pdf,1,Hartford Line connection departure from New Haven toward New London; arrival endpoint/time unknown pending full timetable
CTrail,Shore Line East,Shore Line East,1633,To New Haven,NHV,New Haven Union Station,15,06:51,unknown,2026-06-22,,,weekday,2026-06-22,2026-06-09,,6-22.pdf,ctrail_hartford_line_effective_2026-06-22_updated_2026-06-09.pdf,1,Hartford Line connection arrival at New Haven; opposite endpoint unknown pending full timetable
CTrail,Shore Line East,Shore Line East,1640,From New Haven,NHV,New Haven Union Station,59,unknown,19:45,2026-06-22,,,weekday,2026-06-22,2026-06-09,,6-22.pdf,ctrail_hartford_line_effective_2026-06-22_updated_2026-06-09.pdf,1,Hartford Line connection departure from New Haven toward New London; arrival endpoint/time unknown pending full timetable
CTrail,Shore Line East,Shore Line East,1652,From New Haven,NHV,New Haven Union Station,60,unknown,20:50,2026-06-22,,,weekday,2026-06-22,2026-06-09,,6-22.pdf,ctrail_hartford_line_effective_2026-06-22_updated_2026-06-09.pdf,1,Hartford Line connection departure from New Haven toward New London; arrival endpoint/time unknown pending full timetable
CTrail,Shore Line East,Shore Line East,1659,To New Haven,NHV,New Haven Union Station,16,11:04,unknown,2026-06-22,,,weekday,2026-06-22,2026-06-09,,6-22.pdf,ctrail_hartford_line_effective_2026-06-22_updated_2026-06-09.pdf,1,Hartford Line connection arrival at New Haven; opposite endpoint unknown pending full timetable
CTrail,Shore Line East,Shore Line East,1681,To New Haven,NHV,New Haven Union Station,17,16:48,unknown,2026-06-22,,,weekday,2026-06-22,2026-06-09,,6-22.pdf,ctrail_hartford_line_effective_2026-06-22_updated_2026-06-09.pdf,1,Hartford Line connection arrival at New Haven; opposite endpoint unknown pending full timetable
CTrail,Shore Line East,Shore Line East,1687,To New Haven,NHV,New Haven Union Station,18,19:05,unknown,2026-06-22,,,weekday,2026-06-22,2026-06-09,,6-22.pdf,ctrail_hartford_line_effective_2026-06-22_updated_2026-06-09.pdf,1,Hartford Line connection arrival at New Haven; opposite endpoint unknown pending full timetable
CTrail,Shore Line East,Shore Line East,1691,To New Haven,NHV,New Haven Union Station,19,20:20,unknown,2026-06-22,,,weekday,2026-06-22,2026-06-09,,6-22.pdf,ctrail_hartford_line_effective_2026-06-22_updated_2026-06-09.pdf,1,Hartford Line connection arrival at New Haven; opposite endpoint unknown pending full timetable
CTrail,Shore Line East,Shore Line East,1695,To New Haven,NHV,New Haven Union Station,20,22:11,unknown,2026-06-22,,,weekday,2026-06-22,2026-06-09,,6-22.pdf,ctrail_hartford_line_effective_2026-06-22_updated_2026-06-09.pdf,1,Hartford Line connection arrival at New Haven; opposite endpoint unknown pending full timetable
CTrail,Shore Line East,Shore Line East,3034,From New Haven,NHV,New Haven Union Station,98,unknown,16:05,2026-06-22,,,weekend_or_holiday,2026-06-22,2026-06-09,,6-22.pdf,ctrail_hartford_line_effective_2026-06-22_updated_2026-06-09.pdf,2,Hartford Line connection departure from New Haven toward New London; arrival endpoint/time unknown pending full timetable
CTrail,Shore Line East,Shore Line East,3604,From New Haven,NHV,New Haven Union Station,96,unknown,09:12,2026-06-22,,,weekend_or_holiday,2026-06-22,2026-06-09,,6-22.pdf,ctrail_hartford_line_effective_2026-06-22_updated_2026-06-09.pdf,2,Hartford Line connection departure from New Haven toward New London; arrival endpoint/time unknown pending full timetable
CTrail,Shore Line East,Shore Line East,3610,From New Haven,NHV,New Haven Union Station,97,unknown,10:45,2026-06-22,,,weekend_or_holiday,2026-06-22,2026-06-09,,6-22.pdf,ctrail_hartford_line_effective_2026-06-22_updated_2026-06-09.pdf,2,Hartford Line connection departure from New Haven toward New London; arrival endpoint/time unknown pending full timetable
CTrail,Shore Line East,Shore Line East,3613,To New Haven,NHV,New Haven Union Station,74,07:30,unknown,2026-06-22,,,weekend_or_holiday,2026-06-22,2026-06-09,,6-22.pdf,ctrail_hartford_line_effective_2026-06-22_updated_2026-06-09.pdf,2,Hartford Line connection arrival at New Haven; opposite endpoint unknown pending full timetable
CTrail,Shore Line East,Shore Line East,3621,To New Haven,NHV,New Haven Union Station,75,09:23,unknown,2026-06-22,,,weekend_or_holiday,2026-06-22,2026-06-09,,6-22.pdf,ctrail_hartford_line_effective_2026-06-22_updated_2026-06-09.pdf,2,Hartford Line connection arrival at New Haven; opposite endpoint unknown pending full timetable
CTrail,Shore Line East,Shore Line East,3629,To New Haven,NHV,New Haven Union Station,76,11:45,unknown,2026-06-22,,,weekend_or_holiday,2026-06-22,2026-06-09,,6-22.pdf,ctrail_hartford_line_effective_2026-06-22_updated_2026-06-09.pdf,2,Hartford Line connection arrival at New Haven; opposite endpoint unknown pending full timetable
CTrail,Shore Line East,Shore Line East,3644,From New Haven,NHV,New Haven Union Station,99,unknown,19:25,2026-06-22,,,weekend_or_holiday,2026-06-22,2026-06-09,,6-22.pdf,ctrail_hartford_line_effective_2026-06-22_updated_2026-06-09.pdf,2,Hartford Line connection departure from New Haven toward New London; arrival endpoint/time unknown pending full timetable
CTrail,Shore Line East,Shore Line East,3645,To New Haven,NHV,New Haven Union Station,77,15:27,unknown,2026-06-22,,,weekend_or_holiday,2026-06-22,2026-06-09,,6-22.pdf,ctrail_hartford_line_effective_2026-06-22_updated_2026-06-09.pdf,2,Hartford Line connection arrival at New Haven; opposite endpoint unknown pending full timetable
CTrail,Shore Line East,Shore Line East,3655,To New Haven,NHV,New Haven Union Station,78,18:32,unknown,2026-06-22,,,weekend_or_holiday,2026-06-22,2026-06-09,,6-22.pdf,ctrail_hartford_line_effective_2026-06-22_updated_2026-06-09.pdf,2,Hartford Line connection arrival at New Haven; opposite endpoint unknown pending full timetable
CTrail,Shore Line East,Shore Line East,3663,To New Haven,NHV,New Haven Union Station,79,22:01,unknown,2026-06-22,,,weekend_or_holiday,2026-06-22,2026-06-09,,6-22.pdf,ctrail_hartford_line_effective_2026-06-22_updated_2026-06-09.pdf,2,Hartford Line connection arrival at New Haven; opposite endpoint unknown pending full timetable
CTtransit,Bus substitution,Hartford Line,950~1,To Hartford And Springfield,NHV,New Haven - Union Station,1,12:05,12:05,2026-06-22,,,weekday,2026-06-22,2026-06-09,,6-22.pdf,ctrail_hartford_line_effective_2026-06-22_updated_2026-06-09.pdf,1,To Hartford And Springfield
CTtransit,Bus substitution,Hartford Line,950~2,To Hartford And Springfield,NHV,New Haven - Union Station,1,13:40,13:40,2026-06-22,,,weekday,2026-06-22,2026-06-09,,6-22.pdf,ctrail_hartford_line_effective_2026-06-22_updated_2026-06-09.pdf,1,To Hartford And Springfield
CTtransit,Bus substitution,Hartford Line,950~1,To Hartford And Springfield,STS,New Haven - State Street,2,12:10,12:10,2026-06-22,,,weekday,2026-06-22,2026-06-09,,6-22.pdf,ctrail_hartford_line_effective_2026-06-22_updated_2026-06-09.pdf,1,To Hartford And Springfield
CTtransit,Bus substitution,Hartford Line,950~2,To Hartford And Springfield,STS,New Haven - State Street,2,13:45,13:45,2026-06-22,,,weekday,2026-06-22,2026-06-09,,6-22.pdf,ctrail_hartford_line_effective_2026-06-22_updated_2026-06-09.pdf,1,To Hartford And Springfield
CTtransit,Bus substitution,Hartford Line,950~1,To Hartford And Springfield,MDN,Meriden,4,12:42,12:42,2026-06-22,,,weekday,2026-06-22,2026-06-09,,6-22.pdf,ctrail_hartford_line_effective_2026-06-22_updated_2026-06-09.pdf,1,To Hartford And Springfield
CTtransit,Bus substitution,Hartford Line,950~2,To Hartford And Springfield,MDN,Meriden,4,14:17,14:17,2026-06-22,,,weekday,2026-06-22,2026-06-09,,6-22.pdf,ctrail_hartford_line_effective_2026-06-22_updated_2026-06-09.pdf,1,To Hartford And Springfield
CTtransit,Bus substitution,Hartford Line,950~1,To New Haven,HFD,Hartford,4,13:30,13:30,2026-06-22,,,weekday,2026-06-22,2026-06-09,,6-22.pdf,ctrail_hartford_line_effective_2026-06-22_updated_2026-06-09.pdf,1,To New Haven
CTtransit,Bus substitution,Hartford Line,950~2,To New Haven,HFD,Hartford,4,15:10,15:10,2026-06-22,,,weekday,2026-06-22,2026-06-09,,6-22.pdf,ctrail_hartford_line_effective_2026-06-22_updated_2026-06-09.pdf,1,To New Haven
CTtransit,Bus substitution,Hartford Line,950~1,To Hartford And Springfield,HFD,Hartford,6,13:24,13:24,2026-06-22,,,weekday,2026-06-22,2026-06-09,,6-22.pdf,ctrail_hartford_line_effective_2026-06-22_updated_2026-06-09.pdf,1,To Hartford And Springfield
CTtransit,Bus substitution,Hartford Line,950~2,To Hartford And Springfield,HFD,Hartford,6,14:59,14:59,2026-06-22,,,weekday,2026-06-22,2026-06-09,,6-22.pdf,ctrail_hartford_line_effective_2026-06-22_updated_2026-06-09.pdf,1,To Hartford And Springfield
CTtransit,Bus substitution,Hartford Line,950~1,To New Haven,MDN,Meriden,6,14:05,14:05,2026-06-22,,,weekday,2026-06-22,2026-06-09,,6-22.pdf,ctrail_hartford_line_effective_2026-06-22_updated_2026-06-09.pdf,1,To New Haven
CTtransit,Bus substitution,Hartford Line,950~2,To New Haven,MDN,Meriden,6,15:45,15:45,2026-06-22,,,weekday,2026-06-22,2026-06-09,,6-22.pdf,ctrail_hartford_line_effective_2026-06-22_updated_2026-06-09.pdf,1,To New Haven
CTtransit,Bus substitution,Hartford Line,950~1,To New Haven,STS,New Haven - State Street,8,14:40,14:40,2026-06-22,,,weekday,2026-06-22,2026-06-09,,6-22.pdf,ctrail_hartford_line_effective_2026-06-22_updated_2026-06-09.pdf,1,To New Haven
CTtransit,Bus substitution,Hartford Line,950~2,To New Haven,STS,New Haven - State Street,8,16:20,16:20,2026-06-22,,,weekday,2026-06-22,2026-06-09,,6-22.pdf,ctrail_hartford_line_effective_2026-06-22_updated_2026-06-09.pdf,1,To New Haven
CTtransit,Bus substitution,Hartford Line,950~1,To New Haven,NHV,New Haven - Union Station,9,14:45,14:45,2026-06-22,,,weekday,2026-06-22,2026-06-09,,6-22.pdf,ctrail_hartford_line_effective_2026-06-22_updated_2026-06-09.pdf,1,To New Haven
CTtransit,Bus substitution,Hartford Line,950~2,To New Haven,NHV,New Haven - Union Station,9,16:25,16:25,2026-06-22,,,weekday,2026-06-22,2026-06-09,,6-22.pdf,ctrail_hartford_line_effective_2026-06-22_updated_2026-06-09.pdf,1,To New Haven
Metro-North,New Haven Line,New Haven Line,1497,From New Haven,NHV,New Haven Union Station,37,unknown,22:45,2026-06-22,,,weekday,2026-06-22,2026-06-09,,6-22.pdf,ctrail_hartford_line_effective_2026-06-22_updated_2026-06-09.pdf,1,Hartford Line connection departure from New Haven toward Grand Central Terminal; arrival endpoint/time unknown pending full timetable
Metro-North,New Haven Line,New Haven Line,1517,From New Haven,NHV,New Haven Union Station,19,unknown,05:58,2026-06-22,,,weekday,2026-06-22,2026-06-09,,6-22.pdf,ctrail_hartford_line_effective_2026-06-22_updated_2026-06-09.pdf,1,Hartford Line connection departure from New Haven toward Grand Central Terminal; arrival endpoint/time unknown pending full timetable
Metro-North,New Haven Line,New Haven Line,1533,From New Haven,NHV,New Haven Union Station,20,unknown,07:25,2026-06-22,,,weekday,2026-06-22,2026-06-09,,6-22.pdf,ctrail_hartford_line_effective_2026-06-22_updated_2026-06-09.pdf,1,Hartford Line connection departure from New Haven toward Grand Central Terminal; arrival endpoint/time unknown pending full timetable
Metro-North,New Haven Line,New Haven Line,1541,From New Haven,NHV,New Haven Union Station,21,unknown,08:14,2026-06-22,,,weekday,2026-06-22,2026-06-09,,6-22.pdf,ctrail_hartford_line_effective_2026-06-22_updated_2026-06-09.pdf,1,Hartford Line connection departure from New Haven toward Grand Central Terminal; arrival endpoint/time unknown pending full timetable
Metro-North,New Haven Line,New Haven Line,1545,From New Haven,NHV,New Haven Union Station,22,unknown,08:47,2026-06-22,,,weekday,2026-06-22,2026-06-09,,6-22.pdf,ctrail_hartford_line_effective_2026-06-22_updated_2026-06-09.pdf,1,Hartford Line connection departure from New Haven toward Grand Central Terminal; arrival endpoint/time unknown pending full timetable
Metro-North,New Haven Line,New Haven Line,1549,From New Haven,NHV,New Haven Union Station,23,unknown,09:23,2026-06-22,,,weekday,2026-06-22,2026-06-09,,6-22.pdf,ctrail_hartford_line_effective_2026-06-22_updated_2026-06-09.pdf,1,Hartford Line connection departure from New Haven toward Grand Central Terminal; arrival endpoint/time unknown pending full timetable
Metro-North,New Haven Line,New Haven Line,1551,From New Haven,NHV,New Haven Union Station,24,unknown,09:49,2026-06-22,,,weekday,2026-06-22,2026-06-09,,6-22.pdf,ctrail_hartford_line_effective_2026-06-22_updated_2026-06-09.pdf,1,Hartford Line connection departure from New Haven toward Grand Central Terminal; arrival endpoint/time unknown pending full timetable
Metro-North,New Haven Line,New Haven Line,1555,From New Haven,NHV,New Haven Union Station,25,unknown,10:46,2026-06-22,,,weekday,2026-06-22,2026-06-09,,6-22.pdf,ctrail_hartford_line_effective_2026-06-22_updated_2026-06-09.pdf,1,Hartford Line connection departure from New Haven toward Grand Central Terminal; arrival endpoint/time unknown pending full timetable
Metro-North,New Haven Line,New Haven Line,1559,From New Haven,NHV,New Haven Union Station,26,unknown,11:46,2026-06-22,,,weekday,2026-06-22,2026-06-09,,6-22.pdf,ctrail_hartford_line_effective_2026-06-22_updated_2026-06-09.pdf,1,Hartford Line connection departure from New Haven toward Grand Central Terminal; arrival endpoint/time unknown pending full timetable
Metro-North,New Haven Line,New Haven Line,1565,From New Haven,NHV,New Haven Union Station,27,unknown,13:22,2026-06-22,,,weekday,2026-06-22,2026-06-09,,6-22.pdf,ctrail_hartford_line_effective_2026-06-22_updated_2026-06-09.pdf,1,Hartford Line connection departure from New Haven toward Grand Central Terminal; arrival endpoint/time unknown pending full timetable
Metro-North,New Haven Line,New Haven Line,1567,From New Haven,NHV,New Haven Union Station,28,unknown,13:46,2026-06-22,,,weekday,2026-06-22,2026-06-09,,6-22.pdf,ctrail_hartford_line_effective_2026-06-22_updated_2026-06-09.pdf,1,Hartford Line connection departure from New Haven toward Grand Central Terminal; arrival endpoint/time unknown pending full timetable
Metro-North,New Haven Line,New Haven Line,1573,From New Haven,NHV,New Haven Union Station,29,unknown,15:19,2026-06-22,,,weekday,2026-06-22,2026-06-09,,6-22.pdf,ctrail_hartford_line_effective_2026-06-22_updated_2026-06-09.pdf,1,Hartford Line connection departure from New Haven toward Grand Central Terminal; arrival endpoint/time unknown pending full timetable
Metro-North,New Haven Line,New Haven Line,1575,From New Haven,NHV,New Haven Union Station,30,unknown,15:39,2026-06-22,,,weekday,2026-06-22,2026-06-09,,6-22.pdf,ctrail_hartford_line_effective_2026-06-22_updated_2026-06-09.pdf,1,Hartford Line connection departure from New Haven toward Grand Central Terminal; arrival endpoint/time unknown pending full timetable
Metro-North,New Haven Line,New Haven Line,1579,From New Haven,NHV,New Haven Union Station,31,unknown,16:43,2026-06-22,,,weekday,2026-06-22,2026-06-09,,6-22.pdf,ctrail_hartford_line_effective_2026-06-22_updated_2026-06-09.pdf,1,Hartford Line connection departure from New Haven toward Grand Central Terminal; arrival endpoint/time unknown pending full timetable
Metro-North,New Haven Line,New Haven Line,1581,From New Haven,NHV,New Haven Union Station,32,unknown,17:27,2026-06-22,,,weekday,2026-06-22,2026-06-09,,6-22.pdf,ctrail_hartford_line_effective_2026-06-22_updated_2026-06-09.pdf,1,Hartford Line connection departure from New Haven toward Grand Central Terminal; arrival endpoint/time unknown pending full timetable
Metro-North,New Haven Line,New Haven Line,1587,From New Haven,NHV,New Haven Union Station,33,unknown,18:52,2026-06-22,,,weekday,2026-06-22,2026-06-09,,6-22.pdf,ctrail_hartford_line_effective_2026-06-22_updated_2026-06-09.pdf,1,Hartford Line connection departure from New Haven toward Grand Central Terminal; arrival endpoint/time unknown pending full timetable
Metro-North,New Haven Line,New Haven Line,1591,From New Haven,NHV,New Haven Union Station,34,unknown,19:46,2026-06-22,,,weekday,2026-06-22,2026-06-09,,6-22.pdf,ctrail_hartford_line_effective_2026-06-22_updated_2026-06-09.pdf,1,Hartford Line connection departure from New Haven toward Grand Central Terminal; arrival endpoint/time unknown pending full timetable
Metro-North,New Haven Line,New Haven Line,1595,From New Haven,NHV,New Haven Union Station,35,unknown,20:43,2026-06-22,,,weekday,2026-06-22,2026-06-09,,6-22.pdf,ctrail_hartford_line_effective_2026-06-22_updated_2026-06-09.pdf,1,Hartford Line connection departure from New Haven toward Grand Central Terminal; arrival endpoint/time unknown pending full timetable
Metro-North,New Haven Line,New Haven Line,1597,From New Haven,NHV,New Haven Union Station,36,unknown,21:35,2026-06-22,,,weekday,2026-06-22,2026-06-09,,6-22.pdf,ctrail_hartford_line_effective_2026-06-22_updated_2026-06-09.pdf,1,Hartford Line connection departure from New Haven toward Grand Central Terminal; arrival endpoint/time unknown pending full timetable
Metro-North,New Haven Line,New Haven Line,1599,From New Haven,NHV,New Haven Union Station,38,unknown,23:24,2026-06-22,,,weekday,2026-06-22,2026-06-09,,6-22.pdf,ctrail_hartford_line_effective_2026-06-22_updated_2026-06-09.pdf,1,Hartford Line connection departure from New Haven toward Grand Central Terminal; arrival endpoint/time unknown pending full timetable
Metro-North,New Haven Line,New Haven Line,6504,To New Haven,NHV,New Haven Union Station,59,08:04,unknown,2026-06-22,,,weekend_or_holiday,2026-06-22,2026-06-09,,6-22.pdf,ctrail_hartford_line_effective_2026-06-22_updated_2026-06-09.pdf,2,Hartford Line connection arrival at New Haven; opposite endpoint unknown pending full timetable
Metro-North,New Haven Line,New Haven Line,6504,To New Haven,NHV,New Haven Union Station,60,08:04,unknown,2026-06-22,,,weekend_or_holiday,2026-06-22,2026-06-09,,6-22.pdf,ctrail_hartford_line_effective_2026-06-22_updated_2026-06-09.pdf,2,Hartford Line connection arrival at New Haven; opposite endpoint unknown pending full timetable
Metro-North,New Haven Line,New Haven Line,6506,To New Haven,NHV,New Haven Union Station,61,09:19,unknown,2026-06-22,,,weekend_or_holiday,2026-06-22,2026-06-09,,6-22.pdf,ctrail_hartford_line_effective_2026-06-22_updated_2026-06-09.pdf,2,Hartford Line connection arrival at New Haven; opposite endpoint unknown pending full timetable
Metro-North,New Haven Line,New Haven Line,6510,To New Haven,NHV,New Haven Union Station,62,10:19,unknown,2026-06-22,,,weekend_or_holiday,2026-06-22,2026-06-09,,6-22.pdf,ctrail_hartford_line_effective_2026-06-22_updated_2026-06-09.pdf,2,Hartford Line connection arrival at New Haven; opposite endpoint unknown pending full timetable
Metro-North,New Haven Line,New Haven Line,6513,From New Haven,NHV,New Haven Union Station,78,unknown,07:39,2026-06-22,,,weekend_or_holiday,2026-06-22,2026-06-09,,6-22.pdf,ctrail_hartford_line_effective_2026-06-22_updated_2026-06-09.pdf,2,Hartford Line connection departure from New Haven toward Grand Central Terminal; arrival endpoint/time unknown pending full timetable
Metro-North,New Haven Line,New Haven Line,6518,To New Haven,NHV,New Haven Union Station,63,12:18,unknown,2026-06-22,,,weekend_or_holiday,2026-06-22,2026-06-09,,6-22.pdf,ctrail_hartford_line_effective_2026-06-22_updated_2026-06-09.pdf,2,Hartford Line connection arrival at New Haven; opposite endpoint unknown pending full timetable
Metro-North,New Haven Line,New Haven Line,6519,From New Haven,NHV,New Haven Union Station,79,unknown,09:16,2026-06-22,,,weekend_or_holiday,2026-06-22,2026-06-09,,6-22.pdf,ctrail_hartford_line_effective_2026-06-22_updated_2026-06-09.pdf,2,Hartford Line connection departure from New Haven toward Grand Central Terminal; arrival endpoint/time unknown pending full timetable
Metro-North,New Haven Line,New Haven Line,6521,From New Haven,NHV,New Haven Union Station,80,unknown,09:39,2026-06-22,,,weekend_or_holiday,2026-06-22,2026-06-09,,6-22.pdf,ctrail_hartford_line_effective_2026-06-22_updated_2026-06-09.pdf,2,Hartford Line connection departure from New Haven toward Grand Central Terminal; arrival endpoint/time unknown pending full timetable
Metro-North,New Haven Line,New Haven Line,6523,From New Haven,NHV,New Haven Union Station,81,unknown,10:19,2026-06-22,,,weekend_or_holiday,2026-06-22,2026-06-09,,6-22.pdf,ctrail_hartford_line_effective_2026-06-22_updated_2026-06-09.pdf,2,Hartford Line connection departure from New Haven toward Grand Central Terminal; arrival endpoint/time unknown pending full timetable
Metro-North,New Haven Line,New Haven Line,6526,To New Haven,NHV,New Haven Union Station,64,14:17,unknown,2026-06-22,,,weekend_or_holiday,2026-06-22,2026-06-09,,6-22.pdf,ctrail_hartford_line_effective_2026-06-22_updated_2026-06-09.pdf,2,Hartford Line connection arrival at New Haven; opposite endpoint unknown pending full timetable
Metro-North,New Haven Line,New Haven Line,6528,To New Haven,NHV,New Haven Union Station,65,14:38,unknown,2026-06-22,,,weekend_or_holiday,2026-06-22,2026-06-09,,6-22.pdf,ctrail_hartford_line_effective_2026-06-22_updated_2026-06-09.pdf,2,Hartford Line connection arrival at New Haven; opposite endpoint unknown pending full timetable
Metro-North,New Haven Line,New Haven Line,6529,From New Haven,NHV,New Haven Union Station,82,unknown,11:39,2026-06-22,,,weekend_or_holiday,2026-06-22,2026-06-09,,6-22.pdf,ctrail_hartford_line_effective_2026-06-22_updated_2026-06-09.pdf,2,Hartford Line connection departure from New Haven toward Grand Central Terminal; arrival endpoint/time unknown pending full timetable
Metro-North,New Haven Line,New Haven Line,6531,From New Haven,NHV,New Haven Union Station,83,unknown,12:17,2026-06-22,,,weekend_or_holiday,2026-06-22,2026-06-09,,6-22.pdf,ctrail_hartford_line_effective_2026-06-22_updated_2026-06-09.pdf,2,Hartford Line connection departure from New Haven toward Grand Central Terminal; arrival endpoint/time unknown pending full timetable
Metro-North,New Haven Line,New Haven Line,6532,To New Haven,NHV,New Haven Union Station,66,15:38,unknown,2026-06-22,,,weekend_or_holiday,2026-06-22,2026-06-09,,6-22.pdf,ctrail_hartford_line_effective_2026-06-22_updated_2026-06-09.pdf,2,Hartford Line connection arrival at New Haven; opposite endpoint unknown pending full timetable
Metro-North,New Haven Line,New Haven Line,6536,To New Haven,NHV,New Haven Union Station,67,16:38,unknown,2026-06-22,,,weekend_or_holiday,2026-06-22,2026-06-09,,6-22.pdf,ctrail_hartford_line_effective_2026-06-22_updated_2026-06-09.pdf,2,Hartford Line connection arrival at New Haven; opposite endpoint unknown pending full timetable
Metro-North,New Haven Line,New Haven Line,6537,From New Haven,NHV,New Haven Union Station,84,unknown,13:39,2026-06-22,,,weekend_or_holiday,2026-06-22,2026-06-09,,6-22.pdf,ctrail_hartford_line_effective_2026-06-22_updated_2026-06-09.pdf,2,Hartford Line connection departure from New Haven toward Grand Central Terminal; arrival endpoint/time unknown pending full timetable
Metro-North,New Haven Line,New Haven Line,6539,From New Haven,NHV,New Haven Union Station,85,unknown,14:17,2026-06-22,,,weekend_or_holiday,2026-06-22,2026-06-09,,6-22.pdf,ctrail_hartford_line_effective_2026-06-22_updated_2026-06-09.pdf,2,Hartford Line connection departure from New Haven toward Grand Central Terminal; arrival endpoint/time unknown pending full timetable
Metro-North,New Haven Line,New Haven Line,6541,From New Haven,NHV,New Haven Union Station,86,unknown,14:39,2026-06-22,,,weekend_or_holiday,2026-06-22,2026-06-09,,6-22.pdf,ctrail_hartford_line_effective_2026-06-22_updated_2026-06-09.pdf,2,Hartford Line connection departure from New Haven toward Grand Central Terminal; arrival endpoint/time unknown pending full timetable
Metro-North,New Haven Line,New Haven Line,6542,To New Haven,NHV,New Haven Union Station,68,18:17,unknown,2026-06-22,,,weekend_or_holiday,2026-06-22,2026-06-09,,6-22.pdf,ctrail_hartford_line_effective_2026-06-22_updated_2026-06-09.pdf,2,Hartford Line connection arrival at New Haven; opposite endpoint unknown pending full timetable
Metro-North,New Haven Line,New Haven Line,6546,To New Haven,NHV,New Haven Union Station,69,19:17,unknown,2026-06-22,,,weekend_or_holiday,2026-06-22,2026-06-09,,6-22.pdf,ctrail_hartford_line_effective_2026-06-22_updated_2026-06-09.pdf,2,Hartford Line connection arrival at New Haven; opposite endpoint unknown pending full timetable
Metro-North,New Haven Line,New Haven Line,6547,From New Haven,NHV,New Haven Union Station,87,unknown,16:17,2026-06-22,,,weekend_or_holiday,2026-06-22,2026-06-09,,6-22.pdf,ctrail_hartford_line_effective_2026-06-22_updated_2026-06-09.pdf,2,Hartford Line connection departure from New Haven toward Grand Central Terminal; arrival endpoint/time unknown pending full timetable
Metro-North,New Haven Line,New Haven Line,6548,To New Haven,NHV,New Haven Union Station,70,19:38,unknown,2026-06-22,,,weekend_or_holiday,2026-06-22,2026-06-09,,6-22.pdf,ctrail_hartford_line_effective_2026-06-22_updated_2026-06-09.pdf,2,Hartford Line connection arrival at New Haven; opposite endpoint unknown pending full timetable
Metro-North,New Haven Line,New Haven Line,6551,From New Haven,NHV,New Haven Union Station,88,unknown,17:17,2026-06-22,,,weekend_or_holiday,2026-06-22,2026-06-09,,6-22.pdf,ctrail_hartford_line_effective_2026-06-22_updated_2026-06-09.pdf,2,Hartford Line connection departure from New Haven toward Grand Central Terminal; arrival endpoint/time unknown pending full timetable
Metro-North,New Haven Line,New Haven Line,6553,From New Haven,NHV,New Haven Union Station,89,unknown,17:39,2026-06-22,,,weekend_or_holiday,2026-06-22,2026-06-09,,6-22.pdf,ctrail_hartford_line_effective_2026-06-22_updated_2026-06-09.pdf,2,Hartford Line connection departure from New Haven toward Grand Central Terminal; arrival endpoint/time unknown pending full timetable
Metro-North,New Haven Line,New Haven Line,6556,To New Haven,NHV,New Haven Union Station,71,21:38,unknown,2026-06-22,,,weekend_or_holiday,2026-06-22,2026-06-09,,6-22.pdf,ctrail_hartford_line_effective_2026-06-22_updated_2026-06-09.pdf,2,Hartford Line connection arrival at New Haven; opposite endpoint unknown pending full timetable
Metro-North,New Haven Line,New Haven Line,6561,From New Haven,NHV,New Haven Union Station,90,unknown,19:39,2026-06-22,,,weekend_or_holiday,2026-06-22,2026-06-09,,6-22.pdf,ctrail_hartford_line_effective_2026-06-22_updated_2026-06-09.pdf,2,Hartford Line connection departure from New Haven toward Grand Central Terminal; arrival endpoint/time unknown pending full timetable
Metro-North,New Haven Line,New Haven Line,6561,From New Haven,NHV,New Haven Union Station,91,unknown,19:39,2026-06-22,,,weekend_or_holiday,2026-06-22,2026-06-09,,6-22.pdf,ctrail_hartford_line_effective_2026-06-22_updated_2026-06-09.pdf,2,Hartford Line connection departure from New Haven toward Grand Central Terminal; arrival endpoint/time unknown pending full timetable
Metro-North,New Haven Line,New Haven Line,6569,From New Haven,NHV,New Haven Union Station,92,unknown,21:39,2026-06-22,,,weekend_or_holiday,2026-06-22,2026-06-09,,6-22.pdf,ctrail_hartford_line_effective_2026-06-22_updated_2026-06-09.pdf,2,Hartford Line connection departure from New Haven toward Grand Central Terminal; arrival endpoint/time unknown pending full timetable
Metro-North,New Haven Line,New Haven Line,6573,From New Haven,NHV,New Haven Union Station,93,unknown,23:39,2026-06-22,,,weekend_or_holiday,2026-06-22,2026-06-09,,6-22.pdf,ctrail_hartford_line_effective_2026-06-22_updated_2026-06-09.pdf,2,Hartford Line connection departure from New Haven toward Grand Central Terminal; arrival endpoint/time unknown pending full timetable
