agency,service_name,route_name,train_number,direction,station_id,station_name,station_sequence,arrival_time,departure_time,service_start_date,service_end_date,service_dates,service_days,timetable_effective_date,timetable_last_updated_date,timetable_revision_date,source_original_filename,source_pdf,source_page,raw_notes
Amtrak,Amtrak connection,Amtrak connection,86,To New London,NHV,New Haven - Union Station,1,14:22,14:22,2026-03-29,,,weekday,2026-03-29,2026-03-17,,SLE-3_29-MNR-Schedule-Change.pdf,ctrail_shore_line_east_effective_2026-03-29_updated_2026-03-17.pdf,1,To New London
Amtrak,Amtrak connection,Amtrak connection,86,To New London,NLC,New London,9,15:06,15:06,2026-03-29,,,weekday,2026-03-29,2026-03-17,,SLE-3_29-MNR-Schedule-Change.pdf,ctrail_shore_line_east_effective_2026-03-29_updated_2026-03-17.pdf,1,To New London
Amtrak,Amtrak connection,Amtrak connection,93,To New Haven,NLC,New London,1,11:02,11:02,2026-03-29,,,weekday,2026-03-29,2026-03-17,,SLE-3_29-MNR-Schedule-Change.pdf,ctrail_shore_line_east_effective_2026-03-29_updated_2026-03-17.pdf,1,To New Haven
Amtrak,Amtrak connection,Amtrak connection,93,To New Haven,OSB,Old Saybrook,2,11:21,11:21,2026-03-29,,,weekday,2026-03-29,2026-03-17,,SLE-3_29-MNR-Schedule-Change.pdf,ctrail_shore_line_east_effective_2026-03-29_updated_2026-03-17.pdf,1,To New Haven
Amtrak,Amtrak connection,Amtrak connection,93,To New Haven,NHV,New Haven - Union Station,9,11:54,11:54,2026-03-29,,,weekday,2026-03-29,2026-03-17,,SLE-3_29-MNR-Schedule-Change.pdf,ctrail_shore_line_east_effective_2026-03-29_updated_2026-03-17.pdf,1,To New Haven
Amtrak,Amtrak connection,Amtrak connection,94,To New London,NHV,New Haven - Union Station,1,19:27,19:27,2026-03-29,,,weekday,2026-03-29,2026-03-17,,SLE-3_29-MNR-Schedule-Change.pdf,ctrail_shore_line_east_effective_2026-03-29_updated_2026-03-17.pdf,1,To New London
Amtrak,Amtrak connection,Amtrak connection,94,To New London,OSB,Old Saybrook,8,19:56,19:56,2026-03-29,,,weekday,2026-03-29,2026-03-17,,SLE-3_29-MNR-Schedule-Change.pdf,ctrail_shore_line_east_effective_2026-03-29_updated_2026-03-17.pdf,1,To New London
Amtrak,Amtrak connection,Amtrak connection,94,To New London,NLC,New London,9,20:13,20:13,2026-03-29,,,weekday,2026-03-29,2026-03-17,,SLE-3_29-MNR-Schedule-Change.pdf,ctrail_shore_line_east_effective_2026-03-29_updated_2026-03-17.pdf,1,To New London
Amtrak,Amtrak connection,Amtrak connection,137,To New Haven,NLC,New London,1,15:19,15:19,2026-03-29,,,weekday,2026-03-29,2026-03-17,,SLE-3_29-MNR-Schedule-Change.pdf,ctrail_shore_line_east_effective_2026-03-29_updated_2026-03-17.pdf,1,To New Haven
Amtrak,Amtrak connection,Amtrak connection,137,To New Haven,OSB,Old Saybrook,2,15:44,15:44,2026-03-29,,,weekday,2026-03-29,2026-03-17,,SLE-3_29-MNR-Schedule-Change.pdf,ctrail_shore_line_east_effective_2026-03-29_updated_2026-03-17.pdf,1,To New Haven
Amtrak,Amtrak connection,Amtrak connection,137,To New Haven,NHV,New Haven - Union Station,9,16:17,16:17,2026-03-29,,,weekday,2026-03-29,2026-03-17,,SLE-3_29-MNR-Schedule-Change.pdf,ctrail_shore_line_east_effective_2026-03-29_updated_2026-03-17.pdf,1,To New Haven
CTrail,Shore Line East,Shore Line East,1600,To New London,NHV,New Haven - Union Station,1,04:25,04:25,2026-03-29,,,weekday,2026-03-29,2026-03-17,,SLE-3_29-MNR-Schedule-Change.pdf,ctrail_shore_line_east_effective_2026-03-29_updated_2026-03-17.pdf,1,To New London
CTrail,Shore Line East,Shore Line East,1600,To New London,STS,New Haven - State Street,2,04:27,04:27,2026-03-29,,,weekday,2026-03-29,2026-03-17,,SLE-3_29-MNR-Schedule-Change.pdf,ctrail_shore_line_east_effective_2026-03-29_updated_2026-03-17.pdf,1,To New London
CTrail,Shore Line East,Shore Line East,1600,To New London,BRA,Branford,3,04:36,04:36,2026-03-29,,,weekday,2026-03-29,2026-03-17,,SLE-3_29-MNR-Schedule-Change.pdf,ctrail_shore_line_east_effective_2026-03-29_updated_2026-03-17.pdf,1,To New London
CTrail,Shore Line East,Shore Line East,1600,To New London,GUI,Guilford,4,04:44,04:44,2026-03-29,,,weekday,2026-03-29,2026-03-17,,SLE-3_29-MNR-Schedule-Change.pdf,ctrail_shore_line_east_effective_2026-03-29_updated_2026-03-17.pdf,1,To New London
CTrail,Shore Line East,Shore Line East,1600,To New London,MAD,Madison,5,04:49,04:49,2026-03-29,,,weekday,2026-03-29,2026-03-17,,SLE-3_29-MNR-Schedule-Change.pdf,ctrail_shore_line_east_effective_2026-03-29_updated_2026-03-17.pdf,1,To New London
CTrail,Shore Line East,Shore Line East,1600,To New London,CLIN,Clinton,6,04:54,04:54,2026-03-29,,,weekday,2026-03-29,2026-03-17,,SLE-3_29-MNR-Schedule-Change.pdf,ctrail_shore_line_east_effective_2026-03-29_updated_2026-03-17.pdf,1,To New London
CTrail,Shore Line East,Shore Line East,1600,To New London,WBK,Westbrook,7,04:59,04:59,2026-03-29,,,weekday,2026-03-29,2026-03-17,,SLE-3_29-MNR-Schedule-Change.pdf,ctrail_shore_line_east_effective_2026-03-29_updated_2026-03-17.pdf,1,To New London
CTrail,Shore Line East,Shore Line East,1600,To New London,OSB,Old Saybrook,8,05:06,05:06,2026-03-29,,,weekday,2026-03-29,2026-03-17,,SLE-3_29-MNR-Schedule-Change.pdf,ctrail_shore_line_east_effective_2026-03-29_updated_2026-03-17.pdf,1,To New London
CTrail,Shore Line East,Shore Line East,1600,To New London,NLC,New London,9,05:29,05:29,2026-03-29,,,weekday,2026-03-29,2026-03-17,,SLE-3_29-MNR-Schedule-Change.pdf,ctrail_shore_line_east_effective_2026-03-29_updated_2026-03-17.pdf,1,To New London
CTrail,Shore Line East,Shore Line East,1602,To New London,NHV,New Haven - Union Station,1,05:12,05:12,2026-03-29,,,weekday,2026-03-29,2026-03-17,,SLE-3_29-MNR-Schedule-Change.pdf,ctrail_shore_line_east_effective_2026-03-29_updated_2026-03-17.pdf,1,To New London
CTrail,Shore Line East,Shore Line East,1602,To New London,STS,New Haven - State Street,2,05:14,05:14,2026-03-29,,,weekday,2026-03-29,2026-03-17,,SLE-3_29-MNR-Schedule-Change.pdf,ctrail_shore_line_east_effective_2026-03-29_updated_2026-03-17.pdf,1,To New London
CTrail,Shore Line East,Shore Line East,1602,To New London,BRA,Branford,3,05:24,05:24,2026-03-29,,,weekday,2026-03-29,2026-03-17,,SLE-3_29-MNR-Schedule-Change.pdf,ctrail_shore_line_east_effective_2026-03-29_updated_2026-03-17.pdf,1,To New London
CTrail,Shore Line East,Shore Line East,1602,To New London,GUI,Guilford,4,05:30,05:30,2026-03-29,,,weekday,2026-03-29,2026-03-17,,SLE-3_29-MNR-Schedule-Change.pdf,ctrail_shore_line_east_effective_2026-03-29_updated_2026-03-17.pdf,1,To New London
CTrail,Shore Line East,Shore Line East,1602,To New London,MAD,Madison,5,05:37,05:37,2026-03-29,,,weekday,2026-03-29,2026-03-17,,SLE-3_29-MNR-Schedule-Change.pdf,ctrail_shore_line_east_effective_2026-03-29_updated_2026-03-17.pdf,1,To New London
CTrail,Shore Line East,Shore Line East,1602,To New London,CLIN,Clinton,6,05:42,05:42,2026-03-29,,,weekday,2026-03-29,2026-03-17,,SLE-3_29-MNR-Schedule-Change.pdf,ctrail_shore_line_east_effective_2026-03-29_updated_2026-03-17.pdf,1,To New London
CTrail,Shore Line East,Shore Line East,1602,To New London,WBK,Westbrook,7,05:47,05:47,2026-03-29,,,weekday,2026-03-29,2026-03-17,,SLE-3_29-MNR-Schedule-Change.pdf,ctrail_shore_line_east_effective_2026-03-29_updated_2026-03-17.pdf,1,To New London
CTrail,Shore Line East,Shore Line East,1602,To New London,OSB,Old Saybrook,8,05:54,05:54,2026-03-29,,,weekday,2026-03-29,2026-03-17,,SLE-3_29-MNR-Schedule-Change.pdf,ctrail_shore_line_east_effective_2026-03-29_updated_2026-03-17.pdf,1,To New London
CTrail,Shore Line East,Shore Line East,1602,To New London,NLC,New London,9,06:16,06:16,2026-03-29,,,weekday,2026-03-29,2026-03-17,,SLE-3_29-MNR-Schedule-Change.pdf,ctrail_shore_line_east_effective_2026-03-29_updated_2026-03-17.pdf,1,To New London
CTrail,Shore Line East,Shore Line East,1604,To New London,NHV,New Haven - Union Station,1,06:05,06:05,2026-03-29,,,weekday,2026-03-29,2026-03-17,,SLE-3_29-MNR-Schedule-Change.pdf,ctrail_shore_line_east_effective_2026-03-29_updated_2026-03-17.pdf,1,To New London
CTrail,Shore Line East,Shore Line East,1604,To New London,STS,New Haven - State Street,2,06:07,06:07,2026-03-29,,,weekday,2026-03-29,2026-03-17,,SLE-3_29-MNR-Schedule-Change.pdf,ctrail_shore_line_east_effective_2026-03-29_updated_2026-03-17.pdf,1,To New London
CTrail,Shore Line East,Shore Line East,1604,To New London,BRA,Branford,3,06:17,06:17,2026-03-29,,,weekday,2026-03-29,2026-03-17,,SLE-3_29-MNR-Schedule-Change.pdf,ctrail_shore_line_east_effective_2026-03-29_updated_2026-03-17.pdf,1,To New London
CTrail,Shore Line East,Shore Line East,1604,To New London,GUI,Guilford,4,06:25,06:25,2026-03-29,,,weekday,2026-03-29,2026-03-17,,SLE-3_29-MNR-Schedule-Change.pdf,ctrail_shore_line_east_effective_2026-03-29_updated_2026-03-17.pdf,1,To New London
CTrail,Shore Line East,Shore Line East,1604,To New London,CLIN,Clinton,6,06:35,06:35,2026-03-29,,,weekday,2026-03-29,2026-03-17,,SLE-3_29-MNR-Schedule-Change.pdf,ctrail_shore_line_east_effective_2026-03-29_updated_2026-03-17.pdf,1,To New London
CTrail,Shore Line East,Shore Line East,1604,To New London,WBK,Westbrook,7,06:40,06:40,2026-03-29,,,weekday,2026-03-29,2026-03-17,,SLE-3_29-MNR-Schedule-Change.pdf,ctrail_shore_line_east_effective_2026-03-29_updated_2026-03-17.pdf,1,To New London
CTrail,Shore Line East,Shore Line East,1604,To New London,OSB,Old Saybrook,8,06:47,06:47,2026-03-29,,,weekday,2026-03-29,2026-03-17,,SLE-3_29-MNR-Schedule-Change.pdf,ctrail_shore_line_east_effective_2026-03-29_updated_2026-03-17.pdf,1,To New London
CTrail,Shore Line East,Shore Line East,1604,To New London,NLC,New London,9,07:08,07:08,2026-03-29,,,weekday,2026-03-29,2026-03-17,,SLE-3_29-MNR-Schedule-Change.pdf,ctrail_shore_line_east_effective_2026-03-29_updated_2026-03-17.pdf,1,To New London
CTrail,Shore Line East,Shore Line East,1606,To New London,NHV,New Haven - Union Station,1,08:05,08:05,2026-03-29,,,weekday,2026-03-29,2026-03-17,,SLE-3_29-MNR-Schedule-Change.pdf,ctrail_shore_line_east_effective_2026-03-29_updated_2026-03-17.pdf,1,To New London
CTrail,Shore Line East,Shore Line East,1606,To New London,STS,New Haven - State Street,2,08:07,08:07,2026-03-29,,,weekday,2026-03-29,2026-03-17,,SLE-3_29-MNR-Schedule-Change.pdf,ctrail_shore_line_east_effective_2026-03-29_updated_2026-03-17.pdf,1,To New London
CTrail,Shore Line East,Shore Line East,1606,To New London,BRA,Branford,3,08:16,08:16,2026-03-29,,,weekday,2026-03-29,2026-03-17,,SLE-3_29-MNR-Schedule-Change.pdf,ctrail_shore_line_east_effective_2026-03-29_updated_2026-03-17.pdf,1,To New London
CTrail,Shore Line East,Shore Line East,1606,To New London,GUI,Guilford,4,08:24,08:24,2026-03-29,,,weekday,2026-03-29,2026-03-17,,SLE-3_29-MNR-Schedule-Change.pdf,ctrail_shore_line_east_effective_2026-03-29_updated_2026-03-17.pdf,1,To New London
CTrail,Shore Line East,Shore Line East,1606,To New London,MAD,Madison,5,08:30,08:30,2026-03-29,,,weekday,2026-03-29,2026-03-17,,SLE-3_29-MNR-Schedule-Change.pdf,ctrail_shore_line_east_effective_2026-03-29_updated_2026-03-17.pdf,1,To New London
CTrail,Shore Line East,Shore Line East,1606,To New London,CLIN,Clinton,6,08:34,08:34,2026-03-29,,,weekday,2026-03-29,2026-03-17,,SLE-3_29-MNR-Schedule-Change.pdf,ctrail_shore_line_east_effective_2026-03-29_updated_2026-03-17.pdf,1,To New London
CTrail,Shore Line East,Shore Line East,1606,To New London,WBK,Westbrook,7,08:39,08:39,2026-03-29,,,weekday,2026-03-29,2026-03-17,,SLE-3_29-MNR-Schedule-Change.pdf,ctrail_shore_line_east_effective_2026-03-29_updated_2026-03-17.pdf,1,To New London
CTrail,Shore Line East,Shore Line East,1606,To New London,OSB,Old Saybrook,8,08:45,08:45,2026-03-29,,,weekday,2026-03-29,2026-03-17,,SLE-3_29-MNR-Schedule-Change.pdf,ctrail_shore_line_east_effective_2026-03-29_updated_2026-03-17.pdf,1,To New London
CTrail,Shore Line East,Shore Line East,1606,To New London,NLC,New London,9,09:12,09:12,2026-03-29,,,weekday,2026-03-29,2026-03-17,,SLE-3_29-MNR-Schedule-Change.pdf,ctrail_shore_line_east_effective_2026-03-29_updated_2026-03-17.pdf,1,To New London
CTrail,Shore Line East,Shore Line East,1610,To New London,NHV,New Haven - Union Station,1,09:50,09:50,2026-03-29,,,weekday,2026-03-29,2026-03-17,,SLE-3_29-MNR-Schedule-Change.pdf,ctrail_shore_line_east_effective_2026-03-29_updated_2026-03-17.pdf,1,To New London
CTrail,Shore Line East,Shore Line East,1610,To New London,STS,New Haven - State Street,2,09:52,09:52,2026-03-29,,,weekday,2026-03-29,2026-03-17,,SLE-3_29-MNR-Schedule-Change.pdf,ctrail_shore_line_east_effective_2026-03-29_updated_2026-03-17.pdf,1,To New London
CTrail,Shore Line East,Shore Line East,1610,To New London,BRA,Branford,3,10:02,10:02,2026-03-29,,,weekday,2026-03-29,2026-03-17,,SLE-3_29-MNR-Schedule-Change.pdf,ctrail_shore_line_east_effective_2026-03-29_updated_2026-03-17.pdf,1,To New London
CTrail,Shore Line East,Shore Line East,1610,To New London,GUI,Guilford,4,10:10,10:10,2026-03-29,,,weekday,2026-03-29,2026-03-17,,SLE-3_29-MNR-Schedule-Change.pdf,ctrail_shore_line_east_effective_2026-03-29_updated_2026-03-17.pdf,1,To New London
CTrail,Shore Line East,Shore Line East,1610,To New London,CLIN,Clinton,6,10:20,10:20,2026-03-29,,,weekday,2026-03-29,2026-03-17,,SLE-3_29-MNR-Schedule-Change.pdf,ctrail_shore_line_east_effective_2026-03-29_updated_2026-03-17.pdf,1,To New London
CTrail,Shore Line East,Shore Line East,1610,To New London,WBK,Westbrook,7,10:25,10:25,2026-03-29,,,weekday,2026-03-29,2026-03-17,,SLE-3_29-MNR-Schedule-Change.pdf,ctrail_shore_line_east_effective_2026-03-29_updated_2026-03-17.pdf,1,To New London
CTrail,Shore Line East,Shore Line East,1610,To New London,OSB,Old Saybrook,8,10:31,10:31,2026-03-29,,,weekday,2026-03-29,2026-03-17,,SLE-3_29-MNR-Schedule-Change.pdf,ctrail_shore_line_east_effective_2026-03-29_updated_2026-03-17.pdf,1,To New London
CTrail,Shore Line East,Shore Line East,1610,To New London,NLC,New London,9,10:55,10:55,2026-03-29,,,weekday,2026-03-29,2026-03-17,,SLE-3_29-MNR-Schedule-Change.pdf,ctrail_shore_line_east_effective_2026-03-29_updated_2026-03-17.pdf,1,To New London
CTrail,Shore Line East,Shore Line East,1632,To New London,NHV,New Haven - Union Station,1,14:15,14:15,2026-03-29,,,weekday,2026-03-29,2026-03-17,,SLE-3_29-MNR-Schedule-Change.pdf,ctrail_shore_line_east_effective_2026-03-29_updated_2026-03-17.pdf,1,To New London
CTrail,Shore Line East,Shore Line East,1632,To New London,STS,New Haven - State Street,2,14:17,14:17,2026-03-29,,,weekday,2026-03-29,2026-03-17,,SLE-3_29-MNR-Schedule-Change.pdf,ctrail_shore_line_east_effective_2026-03-29_updated_2026-03-17.pdf,1,To New London
CTrail,Shore Line East,Shore Line East,1632,To New London,BRA,Branford,3,14:26,14:26,2026-03-29,,,weekday,2026-03-29,2026-03-17,,SLE-3_29-MNR-Schedule-Change.pdf,ctrail_shore_line_east_effective_2026-03-29_updated_2026-03-17.pdf,1,To New London
CTrail,Shore Line East,Shore Line East,1632,To New London,GUI,Guilford,4,14:35,14:35,2026-03-29,,,weekday,2026-03-29,2026-03-17,,SLE-3_29-MNR-Schedule-Change.pdf,ctrail_shore_line_east_effective_2026-03-29_updated_2026-03-17.pdf,1,To New London
CTrail,Shore Line East,Shore Line East,1632,To New London,MAD,Madison,5,14:40,14:40,2026-03-29,,,weekday,2026-03-29,2026-03-17,,SLE-3_29-MNR-Schedule-Change.pdf,ctrail_shore_line_east_effective_2026-03-29_updated_2026-03-17.pdf,1,To New London
CTrail,Shore Line East,Shore Line East,1632,To New London,CLIN,Clinton,6,14:45,14:45,2026-03-29,,,weekday,2026-03-29,2026-03-17,,SLE-3_29-MNR-Schedule-Change.pdf,ctrail_shore_line_east_effective_2026-03-29_updated_2026-03-17.pdf,1,To New London
CTrail,Shore Line East,Shore Line East,1632,To New London,WBK,Westbrook,7,14:50,14:50,2026-03-29,,,weekday,2026-03-29,2026-03-17,,SLE-3_29-MNR-Schedule-Change.pdf,ctrail_shore_line_east_effective_2026-03-29_updated_2026-03-17.pdf,1,To New London
CTrail,Shore Line East,Shore Line East,1632,To New London,OSB,Old Saybrook,8,14:57,14:57,2026-03-29,,,weekday,2026-03-29,2026-03-17,,SLE-3_29-MNR-Schedule-Change.pdf,ctrail_shore_line_east_effective_2026-03-29_updated_2026-03-17.pdf,1,To New London
CTrail,Shore Line East,Shore Line East,1632,To New London,NLC,New London,9,15:25,15:25,2026-03-29,,,weekday,2026-03-29,2026-03-17,,SLE-3_29-MNR-Schedule-Change.pdf,ctrail_shore_line_east_effective_2026-03-29_updated_2026-03-17.pdf,1,To New London
CTrail,Shore Line East,Shore Line East,1633,To New Haven,NLC,New London,1,05:46,05:46,2026-03-29,,,weekday,2026-03-29,2026-03-17,,SLE-3_29-MNR-Schedule-Change.pdf,ctrail_shore_line_east_effective_2026-03-29_updated_2026-03-17.pdf,1,To New Haven
CTrail,Shore Line East,Shore Line East,1633,To Grand Central,NHV,New Haven Union Station,1,06:55,06:55,2026-03-29,,,weekday,2026-03-29,2026-03-17,,SLE-3_29-MNR-Schedule-Change.pdf,ctrail_shore_line_east_effective_2026-03-29_updated_2026-03-17.pdf,1,SLE connection to New York
CTrail,Shore Line East,Shore Line East,1633,To New Haven,OSB,Old Saybrook,2,06:06,06:06,2026-03-29,,,weekday,2026-03-29,2026-03-17,,SLE-3_29-MNR-Schedule-Change.pdf,ctrail_shore_line_east_effective_2026-03-29_updated_2026-03-17.pdf,1,To New Haven
CTrail,Shore Line East,Shore Line East,1633,To Grand Central,WHA,West Haven,2,07:00,07:00,2026-03-29,,,weekday,2026-03-29,2026-03-17,,SLE-3_29-MNR-Schedule-Change.pdf,ctrail_shore_line_east_effective_2026-03-29_updated_2026-03-17.pdf,1,SLE connection to New York
CTrail,Shore Line East,Shore Line East,1633,To New Haven,WBK,Westbrook,3,06:11,06:11,2026-03-29,,,weekday,2026-03-29,2026-03-17,,SLE-3_29-MNR-Schedule-Change.pdf,ctrail_shore_line_east_effective_2026-03-29_updated_2026-03-17.pdf,1,To New Haven
CTrail,Shore Line East,Shore Line East,1633,To Grand Central,MIL,Milford,3,07:08,07:08,2026-03-29,,,weekday,2026-03-29,2026-03-17,,SLE-3_29-MNR-Schedule-Change.pdf,ctrail_shore_line_east_effective_2026-03-29_updated_2026-03-17.pdf,1,SLE connection to New York
CTrail,Shore Line East,Shore Line East,1633,To New Haven,CLIN,Clinton,4,06:16,06:16,2026-03-29,,,weekday,2026-03-29,2026-03-17,,SLE-3_29-MNR-Schedule-Change.pdf,ctrail_shore_line_east_effective_2026-03-29_updated_2026-03-17.pdf,1,To New Haven
CTrail,Shore Line East,Shore Line East,1633,To Grand Central,SFD,Stratford,4,07:15,07:15,2026-03-29,,,weekday,2026-03-29,2026-03-17,,SLE-3_29-MNR-Schedule-Change.pdf,ctrail_shore_line_east_effective_2026-03-29_updated_2026-03-17.pdf,1,SLE connection to New York
CTrail,Shore Line East,Shore Line East,1633,To New Haven,MAD,Madison,5,06:21,06:21,2026-03-29,,,weekday,2026-03-29,2026-03-17,,SLE-3_29-MNR-Schedule-Change.pdf,ctrail_shore_line_east_effective_2026-03-29_updated_2026-03-17.pdf,1,To New Haven
CTrail,Shore Line East,Shore Line East,1633,To Grand Central,BRP,Bridgeport,5,07:22,07:22,2026-03-29,,,weekday,2026-03-29,2026-03-17,,SLE-3_29-MNR-Schedule-Change.pdf,ctrail_shore_line_east_effective_2026-03-29_updated_2026-03-17.pdf,1,SLE connection to New York
CTrail,Shore Line East,Shore Line East,1633,To New Haven,GUI,Guilford,6,06:29,06:29,2026-03-29,,,weekday,2026-03-29,2026-03-17,,SLE-3_29-MNR-Schedule-Change.pdf,ctrail_shore_line_east_effective_2026-03-29_updated_2026-03-17.pdf,1,To New Haven
CTrail,Shore Line East,Shore Line East,1633,To New Haven,BRA,Branford,7,06:37,06:37,2026-03-29,,,weekday,2026-03-29,2026-03-17,,SLE-3_29-MNR-Schedule-Change.pdf,ctrail_shore_line_east_effective_2026-03-29_updated_2026-03-17.pdf,1,To New Haven
CTrail,Shore Line East,Shore Line East,1633,To Grand Central,STM,Stamford,7,07:53,07:53,2026-03-29,,,weekday,2026-03-29,2026-03-17,,SLE-3_29-MNR-Schedule-Change.pdf,ctrail_shore_line_east_effective_2026-03-29_updated_2026-03-17.pdf,1,SLE connection to New York
CTrail,Shore Line East,Shore Line East,1633,To New Haven,STS,New Haven - State Street,8,06:47,06:47,2026-03-29,,,weekday,2026-03-29,2026-03-17,,SLE-3_29-MNR-Schedule-Change.pdf,ctrail_shore_line_east_effective_2026-03-29_updated_2026-03-17.pdf,1,To New Haven
CTrail,Shore Line East,Shore Line East,1633,To New Haven,NHV,New Haven - Union Station,9,06:51,06:51,2026-03-29,,,weekday,2026-03-29,2026-03-17,,SLE-3_29-MNR-Schedule-Change.pdf,ctrail_shore_line_east_effective_2026-03-29_updated_2026-03-17.pdf,1,To New Haven
CTrail,Shore Line East,Shore Line East,1634,To New London,NHV,New Haven - Union Station,1,16:28,16:28,2026-03-29,,,weekday,2026-03-29,2026-03-17,,SLE-3_29-MNR-Schedule-Change.pdf,ctrail_shore_line_east_effective_2026-03-29_updated_2026-03-17.pdf,1,To New London
CTrail,Shore Line East,Shore Line East,1634,To New London,STS,New Haven - State Street,2,16:30,16:30,2026-03-29,,,weekday,2026-03-29,2026-03-17,,SLE-3_29-MNR-Schedule-Change.pdf,ctrail_shore_line_east_effective_2026-03-29_updated_2026-03-17.pdf,1,To New London
CTrail,Shore Line East,Shore Line East,1634,To New London,BRA,Branford,3,16:39,16:39,2026-03-29,,,weekday,2026-03-29,2026-03-17,,SLE-3_29-MNR-Schedule-Change.pdf,ctrail_shore_line_east_effective_2026-03-29_updated_2026-03-17.pdf,1,To New London
CTrail,Shore Line East,Shore Line East,1634,To New London,GUI,Guilford,4,16:49,16:49,2026-03-29,,,weekday,2026-03-29,2026-03-17,,SLE-3_29-MNR-Schedule-Change.pdf,ctrail_shore_line_east_effective_2026-03-29_updated_2026-03-17.pdf,1,To New London
CTrail,Shore Line East,Shore Line East,1634,To New London,MAD,Madison,5,16:58,16:58,2026-03-29,,,weekday,2026-03-29,2026-03-17,,SLE-3_29-MNR-Schedule-Change.pdf,ctrail_shore_line_east_effective_2026-03-29_updated_2026-03-17.pdf,1,To New London
CTrail,Shore Line East,Shore Line East,1634,To New London,CLIN,Clinton,6,17:03,17:03,2026-03-29,,,weekday,2026-03-29,2026-03-17,,SLE-3_29-MNR-Schedule-Change.pdf,ctrail_shore_line_east_effective_2026-03-29_updated_2026-03-17.pdf,1,To New London
CTrail,Shore Line East,Shore Line East,1634,To New London,WBK,Westbrook,7,17:08,17:08,2026-03-29,,,weekday,2026-03-29,2026-03-17,,SLE-3_29-MNR-Schedule-Change.pdf,ctrail_shore_line_east_effective_2026-03-29_updated_2026-03-17.pdf,1,To New London
CTrail,Shore Line East,Shore Line East,1634,To New London,OSB,Old Saybrook,8,17:13,17:13,2026-03-29,,,weekday,2026-03-29,2026-03-17,,SLE-3_29-MNR-Schedule-Change.pdf,ctrail_shore_line_east_effective_2026-03-29_updated_2026-03-17.pdf,1,To New London
CTrail,Shore Line East,Shore Line East,1634,To New London,NLC,New London,9,17:40,17:40,2026-03-29,,,weekday,2026-03-29,2026-03-17,,SLE-3_29-MNR-Schedule-Change.pdf,ctrail_shore_line_east_effective_2026-03-29_updated_2026-03-17.pdf,1,To New London
CTrail,Shore Line East,Shore Line East,1637,To New Haven,NLC,New London,1,06:30,06:30,2026-03-29,,,weekday,2026-03-29,2026-03-17,,SLE-3_29-MNR-Schedule-Change.pdf,ctrail_shore_line_east_effective_2026-03-29_updated_2026-03-17.pdf,1,To New Haven
CTrail,Shore Line East,Shore Line East,1637,To New Haven,OSB,Old Saybrook,2,06:50,06:50,2026-03-29,,,weekday,2026-03-29,2026-03-17,,SLE-3_29-MNR-Schedule-Change.pdf,ctrail_shore_line_east_effective_2026-03-29_updated_2026-03-17.pdf,1,To New Haven
CTrail,Shore Line East,Shore Line East,1637,To New Haven,WBK,Westbrook,3,06:55,06:55,2026-03-29,,,weekday,2026-03-29,2026-03-17,,SLE-3_29-MNR-Schedule-Change.pdf,ctrail_shore_line_east_effective_2026-03-29_updated_2026-03-17.pdf,1,To New Haven
CTrail,Shore Line East,Shore Line East,1637,To New Haven,CLIN,Clinton,4,07:00,07:00,2026-03-29,,,weekday,2026-03-29,2026-03-17,,SLE-3_29-MNR-Schedule-Change.pdf,ctrail_shore_line_east_effective_2026-03-29_updated_2026-03-17.pdf,1,To New Haven
CTrail,Shore Line East,Shore Line East,1637,To New Haven,MAD,Madison,5,07:05,07:05,2026-03-29,,,weekday,2026-03-29,2026-03-17,,SLE-3_29-MNR-Schedule-Change.pdf,ctrail_shore_line_east_effective_2026-03-29_updated_2026-03-17.pdf,1,To New Haven
CTrail,Shore Line East,Shore Line East,1637,To New Haven,GUI,Guilford,6,07:11,07:11,2026-03-29,,,weekday,2026-03-29,2026-03-17,,SLE-3_29-MNR-Schedule-Change.pdf,ctrail_shore_line_east_effective_2026-03-29_updated_2026-03-17.pdf,1,To New Haven
CTrail,Shore Line East,Shore Line East,1637,To New Haven,BRA,Branford,7,07:18,07:18,2026-03-29,,,weekday,2026-03-29,2026-03-17,,SLE-3_29-MNR-Schedule-Change.pdf,ctrail_shore_line_east_effective_2026-03-29_updated_2026-03-17.pdf,1,To New Haven
CTrail,Shore Line East,Shore Line East,1637,To New Haven,STS,New Haven - State Street,8,07:29,07:29,2026-03-29,,,weekday,2026-03-29,2026-03-17,,SLE-3_29-MNR-Schedule-Change.pdf,ctrail_shore_line_east_effective_2026-03-29_updated_2026-03-17.pdf,1,To New Haven
CTrail,Shore Line East,Shore Line East,1637,To New Haven,NHV,New Haven - Union Station,9,07:32,07:32,2026-03-29,,,weekday,2026-03-29,2026-03-17,,SLE-3_29-MNR-Schedule-Change.pdf,ctrail_shore_line_east_effective_2026-03-29_updated_2026-03-17.pdf,1,To New Haven
CTrail,Shore Line East,Shore Line East,1638,To New London,STM,Stamford,1,16:13,16:13,2026-03-29,,,weekday,2026-03-29,2026-03-17,,SLE-3_29-MNR-Schedule-Change.pdf,ctrail_shore_line_east_effective_2026-03-29_updated_2026-03-17.pdf,1,SLE THRU connection from New York
CTrail,Shore Line East,Shore Line East,1638,To New London,BRP,Bridgeport,2,16:42,16:42,2026-03-29,,,weekday,2026-03-29,2026-03-17,,SLE-3_29-MNR-Schedule-Change.pdf,ctrail_shore_line_east_effective_2026-03-29_updated_2026-03-17.pdf,1,SLE THRU connection from New York
CTrail,Shore Line East,Shore Line East,1638,To New London,SFD,Stratford,3,16:49,16:49,2026-03-29,,,weekday,2026-03-29,2026-03-17,,SLE-3_29-MNR-Schedule-Change.pdf,ctrail_shore_line_east_effective_2026-03-29_updated_2026-03-17.pdf,1,SLE THRU connection from New York
CTrail,Shore Line East,Shore Line East,1638,To New London,MIL,Milford,4,16:56,16:56,2026-03-29,,,weekday,2026-03-29,2026-03-17,,SLE-3_29-MNR-Schedule-Change.pdf,ctrail_shore_line_east_effective_2026-03-29_updated_2026-03-17.pdf,1,SLE THRU connection from New York
CTrail,Shore Line East,Shore Line East,1638,To New London,WHA,West Haven,5,17:03,17:03,2026-03-29,,,weekday,2026-03-29,2026-03-17,,SLE-3_29-MNR-Schedule-Change.pdf,ctrail_shore_line_east_effective_2026-03-29_updated_2026-03-17.pdf,1,SLE THRU connection from New York
CTrail,Shore Line East,Shore Line East,1638,To New London,NHV,New Haven - Union Station,6,17:14,17:14,2026-03-29,,,weekday,2026-03-29,2026-03-17,,SLE-3_29-MNR-Schedule-Change.pdf,ctrail_shore_line_east_effective_2026-03-29_updated_2026-03-17.pdf,1,SLE THRU connection from New York
CTrail,Shore Line East,Shore Line East,1638,To New London,STS,New Haven - State Street,7,17:20,17:20,2026-03-29,,,weekday,2026-03-29,2026-03-17,,SLE-3_29-MNR-Schedule-Change.pdf,ctrail_shore_line_east_effective_2026-03-29_updated_2026-03-17.pdf,1,SLE THRU connection from New York
CTrail,Shore Line East,Shore Line East,1638,To New London,BRA,Branford,8,17:29,17:29,2026-03-29,,,weekday,2026-03-29,2026-03-17,,SLE-3_29-MNR-Schedule-Change.pdf,ctrail_shore_line_east_effective_2026-03-29_updated_2026-03-17.pdf,1,SLE THRU connection from New York
CTrail,Shore Line East,Shore Line East,1638,To New London,GUI,Guilford,9,17:37,17:37,2026-03-29,,,weekday,2026-03-29,2026-03-17,,SLE-3_29-MNR-Schedule-Change.pdf,ctrail_shore_line_east_effective_2026-03-29_updated_2026-03-17.pdf,1,SLE THRU connection from New York
CTrail,Shore Line East,Shore Line East,1638,To New London,MAD,Madison,10,17:42,17:42,2026-03-29,,,weekday,2026-03-29,2026-03-17,,SLE-3_29-MNR-Schedule-Change.pdf,ctrail_shore_line_east_effective_2026-03-29_updated_2026-03-17.pdf,1,SLE THRU connection from New York
CTrail,Shore Line East,Shore Line East,1638,To New London,CLIN,Clinton,11,17:47,17:47,2026-03-29,,,weekday,2026-03-29,2026-03-17,,SLE-3_29-MNR-Schedule-Change.pdf,ctrail_shore_line_east_effective_2026-03-29_updated_2026-03-17.pdf,1,SLE THRU connection from New York
CTrail,Shore Line East,Shore Line East,1638,To New London,WBK,Westbrook,12,17:52,17:52,2026-03-29,,,weekday,2026-03-29,2026-03-17,,SLE-3_29-MNR-Schedule-Change.pdf,ctrail_shore_line_east_effective_2026-03-29_updated_2026-03-17.pdf,1,SLE THRU connection from New York
CTrail,Shore Line East,Shore Line East,1638,To New London,OSB,Old Saybrook,13,17:59,17:59,2026-03-29,,,weekday,2026-03-29,2026-03-17,,SLE-3_29-MNR-Schedule-Change.pdf,ctrail_shore_line_east_effective_2026-03-29_updated_2026-03-17.pdf,1,SLE THRU connection from New York
CTrail,Shore Line East,Shore Line East,1638,To New London,NLC,New London,14,18:28,18:28,2026-03-29,,,weekday,2026-03-29,2026-03-17,,SLE-3_29-MNR-Schedule-Change.pdf,ctrail_shore_line_east_effective_2026-03-29_updated_2026-03-17.pdf,1,SLE THRU connection from New York
CTrail,Shore Line East,Shore Line East,1640,To New London,NHV,New Haven - Union Station,1,19:45,19:45,2026-03-29,,,weekday,2026-03-29,2026-03-17,,SLE-3_29-MNR-Schedule-Change.pdf,ctrail_shore_line_east_effective_2026-03-29_updated_2026-03-17.pdf,1,To New London
CTrail,Shore Line East,Shore Line East,1640,To New London,STS,New Haven - State Street,2,19:47,19:47,2026-03-29,,,weekday,2026-03-29,2026-03-17,,SLE-3_29-MNR-Schedule-Change.pdf,ctrail_shore_line_east_effective_2026-03-29_updated_2026-03-17.pdf,1,To New London
CTrail,Shore Line East,Shore Line East,1640,To New London,BRA,Branford,3,19:56,19:56,2026-03-29,,,weekday,2026-03-29,2026-03-17,,SLE-3_29-MNR-Schedule-Change.pdf,ctrail_shore_line_east_effective_2026-03-29_updated_2026-03-17.pdf,1,To New London
CTrail,Shore Line East,Shore Line East,1640,To New London,GUI,Guilford,4,20:04,20:04,2026-03-29,,,weekday,2026-03-29,2026-03-17,,SLE-3_29-MNR-Schedule-Change.pdf,ctrail_shore_line_east_effective_2026-03-29_updated_2026-03-17.pdf,1,To New London
CTrail,Shore Line East,Shore Line East,1640,To New London,MAD,Madison,5,20:09,20:09,2026-03-29,,,weekday,2026-03-29,2026-03-17,,SLE-3_29-MNR-Schedule-Change.pdf,ctrail_shore_line_east_effective_2026-03-29_updated_2026-03-17.pdf,1,To New London
CTrail,Shore Line East,Shore Line East,1640,To New London,CLIN,Clinton,6,20:14,20:14,2026-03-29,,,weekday,2026-03-29,2026-03-17,,SLE-3_29-MNR-Schedule-Change.pdf,ctrail_shore_line_east_effective_2026-03-29_updated_2026-03-17.pdf,1,To New London
CTrail,Shore Line East,Shore Line East,1640,To New London,WBK,Westbrook,7,20:19,20:19,2026-03-29,,,weekday,2026-03-29,2026-03-17,,SLE-3_29-MNR-Schedule-Change.pdf,ctrail_shore_line_east_effective_2026-03-29_updated_2026-03-17.pdf,1,To New London
CTrail,Shore Line East,Shore Line East,1640,To New London,OSB,Old Saybrook,8,20:25,20:25,2026-03-29,,,weekday,2026-03-29,2026-03-17,,SLE-3_29-MNR-Schedule-Change.pdf,ctrail_shore_line_east_effective_2026-03-29_updated_2026-03-17.pdf,1,To New London
CTrail,Shore Line East,Shore Line East,1640,To New London,NLC,New London,9,20:50,20:50,2026-03-29,,,weekday,2026-03-29,2026-03-17,,SLE-3_29-MNR-Schedule-Change.pdf,ctrail_shore_line_east_effective_2026-03-29_updated_2026-03-17.pdf,1,To New London
CTrail,Shore Line East,Shore Line East,1645,To New Haven,NLC,New London,1,07:25,07:25,2026-03-29,,,weekday,2026-03-29,2026-03-17,,SLE-3_29-MNR-Schedule-Change.pdf,ctrail_shore_line_east_effective_2026-03-29_updated_2026-03-17.pdf,1,To New Haven
CTrail,Shore Line East,Shore Line East,1645,To New Haven,OSB,Old Saybrook,2,07:45,07:45,2026-03-29,,,weekday,2026-03-29,2026-03-17,,SLE-3_29-MNR-Schedule-Change.pdf,ctrail_shore_line_east_effective_2026-03-29_updated_2026-03-17.pdf,1,To New Haven
CTrail,Shore Line East,Shore Line East,1645,To New Haven,WBK,Westbrook,3,07:50,07:50,2026-03-29,,,weekday,2026-03-29,2026-03-17,,SLE-3_29-MNR-Schedule-Change.pdf,ctrail_shore_line_east_effective_2026-03-29_updated_2026-03-17.pdf,1,To New Haven
CTrail,Shore Line East,Shore Line East,1645,To New Haven,CLIN,Clinton,4,07:55,07:55,2026-03-29,,,weekday,2026-03-29,2026-03-17,,SLE-3_29-MNR-Schedule-Change.pdf,ctrail_shore_line_east_effective_2026-03-29_updated_2026-03-17.pdf,1,To New Haven
CTrail,Shore Line East,Shore Line East,1645,To New Haven,MAD,Madison,5,08:00,08:00,2026-03-29,,,weekday,2026-03-29,2026-03-17,,SLE-3_29-MNR-Schedule-Change.pdf,ctrail_shore_line_east_effective_2026-03-29_updated_2026-03-17.pdf,1,To New Haven
CTrail,Shore Line East,Shore Line East,1645,To New Haven,GUI,Guilford,6,08:06,08:06,2026-03-29,,,weekday,2026-03-29,2026-03-17,,SLE-3_29-MNR-Schedule-Change.pdf,ctrail_shore_line_east_effective_2026-03-29_updated_2026-03-17.pdf,1,To New Haven
CTrail,Shore Line East,Shore Line East,1645,To New Haven,BRA,Branford,7,08:15,08:15,2026-03-29,,,weekday,2026-03-29,2026-03-17,,SLE-3_29-MNR-Schedule-Change.pdf,ctrail_shore_line_east_effective_2026-03-29_updated_2026-03-17.pdf,1,To New Haven
CTrail,Shore Line East,Shore Line East,1645,To New Haven,STS,New Haven - State Street,8,08:27,08:27,2026-03-29,,,weekday,2026-03-29,2026-03-17,,SLE-3_29-MNR-Schedule-Change.pdf,ctrail_shore_line_east_effective_2026-03-29_updated_2026-03-17.pdf,1,To New Haven
CTrail,Shore Line East,Shore Line East,1645,To New Haven,NHV,New Haven - Union Station,9,08:30,08:30,2026-03-29,,,weekday,2026-03-29,2026-03-17,,SLE-3_29-MNR-Schedule-Change.pdf,ctrail_shore_line_east_effective_2026-03-29_updated_2026-03-17.pdf,1,To New Haven
CTrail,Shore Line East,Shore Line East,1652,To New London,NHV,New Haven - Union Station,1,20:50,20:50,2026-03-29,,,weekday,2026-03-29,2026-03-17,,SLE-3_29-MNR-Schedule-Change.pdf,ctrail_shore_line_east_effective_2026-03-29_updated_2026-03-17.pdf,1,To New London
CTrail,Shore Line East,Shore Line East,1652,To New London,STS,New Haven - State Street,2,20:52,20:52,2026-03-29,,,weekday,2026-03-29,2026-03-17,,SLE-3_29-MNR-Schedule-Change.pdf,ctrail_shore_line_east_effective_2026-03-29_updated_2026-03-17.pdf,1,To New London
CTrail,Shore Line East,Shore Line East,1652,To New London,BRA,Branford,3,21:01,21:01,2026-03-29,,,weekday,2026-03-29,2026-03-17,,SLE-3_29-MNR-Schedule-Change.pdf,ctrail_shore_line_east_effective_2026-03-29_updated_2026-03-17.pdf,1,To New London
CTrail,Shore Line East,Shore Line East,1652,To New London,GUI,Guilford,4,21:09,21:09,2026-03-29,,,weekday,2026-03-29,2026-03-17,,SLE-3_29-MNR-Schedule-Change.pdf,ctrail_shore_line_east_effective_2026-03-29_updated_2026-03-17.pdf,1,To New London
CTrail,Shore Line East,Shore Line East,1652,To New London,MAD,Madison,5,21:14,21:14,2026-03-29,,,weekday,2026-03-29,2026-03-17,,SLE-3_29-MNR-Schedule-Change.pdf,ctrail_shore_line_east_effective_2026-03-29_updated_2026-03-17.pdf,1,To New London
CTrail,Shore Line East,Shore Line East,1652,To New London,CLIN,Clinton,6,21:19,21:19,2026-03-29,,,weekday,2026-03-29,2026-03-17,,SLE-3_29-MNR-Schedule-Change.pdf,ctrail_shore_line_east_effective_2026-03-29_updated_2026-03-17.pdf,1,To New London
CTrail,Shore Line East,Shore Line East,1652,To New London,WBK,Westbrook,7,21:24,21:24,2026-03-29,,,weekday,2026-03-29,2026-03-17,,SLE-3_29-MNR-Schedule-Change.pdf,ctrail_shore_line_east_effective_2026-03-29_updated_2026-03-17.pdf,1,To New London
CTrail,Shore Line East,Shore Line East,1652,To New London,OSB,Old Saybrook,8,21:31,21:31,2026-03-29,,,weekday,2026-03-29,2026-03-17,,SLE-3_29-MNR-Schedule-Change.pdf,ctrail_shore_line_east_effective_2026-03-29_updated_2026-03-17.pdf,1,To New London
CTrail,Shore Line East,Shore Line East,1652,To New London,NLC,New London,9,21:55,21:55,2026-03-29,,,weekday,2026-03-29,2026-03-17,,SLE-3_29-MNR-Schedule-Change.pdf,ctrail_shore_line_east_effective_2026-03-29_updated_2026-03-17.pdf,1,To New London
CTrail,Shore Line East,Shore Line East,1659,To New Haven,NLC,New London,1,09:58,09:58,2026-03-29,,,weekday,2026-03-29,2026-03-17,,SLE-3_29-MNR-Schedule-Change.pdf,ctrail_shore_line_east_effective_2026-03-29_updated_2026-03-17.pdf,1,To New Haven
CTrail,Shore Line East,Shore Line East,1659,To New Haven,OSB,Old Saybrook,2,10:19,10:19,2026-03-29,,,weekday,2026-03-29,2026-03-17,,SLE-3_29-MNR-Schedule-Change.pdf,ctrail_shore_line_east_effective_2026-03-29_updated_2026-03-17.pdf,1,To New Haven
CTrail,Shore Line East,Shore Line East,1659,To New Haven,WBK,Westbrook,3,10:24,10:24,2026-03-29,,,weekday,2026-03-29,2026-03-17,,SLE-3_29-MNR-Schedule-Change.pdf,ctrail_shore_line_east_effective_2026-03-29_updated_2026-03-17.pdf,1,To New Haven
CTrail,Shore Line East,Shore Line East,1659,To New Haven,CLIN,Clinton,4,10:29,10:29,2026-03-29,,,weekday,2026-03-29,2026-03-17,,SLE-3_29-MNR-Schedule-Change.pdf,ctrail_shore_line_east_effective_2026-03-29_updated_2026-03-17.pdf,1,To New Haven
CTrail,Shore Line East,Shore Line East,1659,To New Haven,MAD,Madison,5,10:34,10:34,2026-03-29,,,weekday,2026-03-29,2026-03-17,,SLE-3_29-MNR-Schedule-Change.pdf,ctrail_shore_line_east_effective_2026-03-29_updated_2026-03-17.pdf,1,To New Haven
CTrail,Shore Line East,Shore Line East,1659,To New Haven,GUI,Guilford,6,10:39,10:39,2026-03-29,,,weekday,2026-03-29,2026-03-17,,SLE-3_29-MNR-Schedule-Change.pdf,ctrail_shore_line_east_effective_2026-03-29_updated_2026-03-17.pdf,1,To New Haven
CTrail,Shore Line East,Shore Line East,1659,To New Haven,BRA,Branford,7,10:47,10:47,2026-03-29,,,weekday,2026-03-29,2026-03-17,,SLE-3_29-MNR-Schedule-Change.pdf,ctrail_shore_line_east_effective_2026-03-29_updated_2026-03-17.pdf,1,To New Haven
CTrail,Shore Line East,Shore Line East,1659,To New Haven,STS,New Haven - State Street,8,10:57,10:57,2026-03-29,,,weekday,2026-03-29,2026-03-17,,SLE-3_29-MNR-Schedule-Change.pdf,ctrail_shore_line_east_effective_2026-03-29_updated_2026-03-17.pdf,1,To New Haven
CTrail,Shore Line East,Shore Line East,1659,To New Haven,NHV,New Haven - Union Station,9,11:04,11:04,2026-03-29,,,weekday,2026-03-29,2026-03-17,,SLE-3_29-MNR-Schedule-Change.pdf,ctrail_shore_line_east_effective_2026-03-29_updated_2026-03-17.pdf,1,To New Haven
CTrail,Shore Line East,Shore Line East,1667,To New Haven,NLC,New London,1,11:12,11:12,2026-03-29,,,weekday,2026-03-29,2026-03-17,,SLE-3_29-MNR-Schedule-Change.pdf,ctrail_shore_line_east_effective_2026-03-29_updated_2026-03-17.pdf,1,To New Haven
CTrail,Shore Line East,Shore Line East,1667,To New Haven,OSB,Old Saybrook,2,11:33,11:33,2026-03-29,,,weekday,2026-03-29,2026-03-17,,SLE-3_29-MNR-Schedule-Change.pdf,ctrail_shore_line_east_effective_2026-03-29_updated_2026-03-17.pdf,1,To New Haven
CTrail,Shore Line East,Shore Line East,1667,To New Haven,WBK,Westbrook,3,11:39,11:39,2026-03-29,,,weekday,2026-03-29,2026-03-17,,SLE-3_29-MNR-Schedule-Change.pdf,ctrail_shore_line_east_effective_2026-03-29_updated_2026-03-17.pdf,1,To New Haven
CTrail,Shore Line East,Shore Line East,1667,To New Haven,CLIN,Clinton,4,11:44,11:44,2026-03-29,,,weekday,2026-03-29,2026-03-17,,SLE-3_29-MNR-Schedule-Change.pdf,ctrail_shore_line_east_effective_2026-03-29_updated_2026-03-17.pdf,1,To New Haven
CTrail,Shore Line East,Shore Line East,1667,To New Haven,GUI,Guilford,6,11:57,11:57,2026-03-29,,,weekday,2026-03-29,2026-03-17,,SLE-3_29-MNR-Schedule-Change.pdf,ctrail_shore_line_east_effective_2026-03-29_updated_2026-03-17.pdf,1,To New Haven
CTrail,Shore Line East,Shore Line East,1667,To New Haven,BRA,Branford,7,12:04,12:04,2026-03-29,,,weekday,2026-03-29,2026-03-17,,SLE-3_29-MNR-Schedule-Change.pdf,ctrail_shore_line_east_effective_2026-03-29_updated_2026-03-17.pdf,1,To New Haven
CTrail,Shore Line East,Shore Line East,1667,To New Haven,STS,New Haven - State Street,8,12:14,12:14,2026-03-29,,,weekday,2026-03-29,2026-03-17,,SLE-3_29-MNR-Schedule-Change.pdf,ctrail_shore_line_east_effective_2026-03-29_updated_2026-03-17.pdf,1,To New Haven
CTrail,Shore Line East,Shore Line East,1667,To New Haven,NHV,New Haven - Union Station,9,12:18,12:18,2026-03-29,,,weekday,2026-03-29,2026-03-17,,SLE-3_29-MNR-Schedule-Change.pdf,ctrail_shore_line_east_effective_2026-03-29_updated_2026-03-17.pdf,1,To New Haven
CTrail,Shore Line East,Shore Line East,1681,To New Haven,NLC,New London,1,15:45,15:45,2026-03-29,,,weekday,2026-03-29,2026-03-17,,SLE-3_29-MNR-Schedule-Change.pdf,ctrail_shore_line_east_effective_2026-03-29_updated_2026-03-17.pdf,1,To New Haven
CTrail,Shore Line East,Shore Line East,1681,To New Haven,OSB,Old Saybrook,2,16:06,16:06,2026-03-29,,,weekday,2026-03-29,2026-03-17,,SLE-3_29-MNR-Schedule-Change.pdf,ctrail_shore_line_east_effective_2026-03-29_updated_2026-03-17.pdf,1,To New Haven
CTrail,Shore Line East,Shore Line East,1681,To New Haven,WBK,Westbrook,3,16:11,16:11,2026-03-29,,,weekday,2026-03-29,2026-03-17,,SLE-3_29-MNR-Schedule-Change.pdf,ctrail_shore_line_east_effective_2026-03-29_updated_2026-03-17.pdf,1,To New Haven
CTrail,Shore Line East,Shore Line East,1681,To New Haven,CLIN,Clinton,4,16:16,16:16,2026-03-29,,,weekday,2026-03-29,2026-03-17,,SLE-3_29-MNR-Schedule-Change.pdf,ctrail_shore_line_east_effective_2026-03-29_updated_2026-03-17.pdf,1,To New Haven
CTrail,Shore Line East,Shore Line East,1681,To New Haven,GUI,Guilford,6,16:24,16:24,2026-03-29,,,weekday,2026-03-29,2026-03-17,,SLE-3_29-MNR-Schedule-Change.pdf,ctrail_shore_line_east_effective_2026-03-29_updated_2026-03-17.pdf,1,To New Haven
CTrail,Shore Line East,Shore Line East,1681,To New Haven,BRA,Branford,7,16:32,16:32,2026-03-29,,,weekday,2026-03-29,2026-03-17,,SLE-3_29-MNR-Schedule-Change.pdf,ctrail_shore_line_east_effective_2026-03-29_updated_2026-03-17.pdf,1,To New Haven
CTrail,Shore Line East,Shore Line East,1681,To New Haven,STS,New Haven - State Street,8,16:43,16:43,2026-03-29,,,weekday,2026-03-29,2026-03-17,,SLE-3_29-MNR-Schedule-Change.pdf,ctrail_shore_line_east_effective_2026-03-29_updated_2026-03-17.pdf,1,To New Haven
CTrail,Shore Line East,Shore Line East,1681,To New Haven,NHV,New Haven - Union Station,9,16:48,16:48,2026-03-29,,,weekday,2026-03-29,2026-03-17,,SLE-3_29-MNR-Schedule-Change.pdf,ctrail_shore_line_east_effective_2026-03-29_updated_2026-03-17.pdf,1,To New Haven
CTrail,Shore Line East,Shore Line East,1687,To New Haven,NLC,New London,1,18:00,18:00,2026-03-29,,,weekday,2026-03-29,2026-03-17,,SLE-3_29-MNR-Schedule-Change.pdf,ctrail_shore_line_east_effective_2026-03-29_updated_2026-03-17.pdf,1,To New Haven
CTrail,Shore Line East,Shore Line East,1687,To New Haven,OSB,Old Saybrook,2,18:21,18:21,2026-03-29,,,weekday,2026-03-29,2026-03-17,,SLE-3_29-MNR-Schedule-Change.pdf,ctrail_shore_line_east_effective_2026-03-29_updated_2026-03-17.pdf,1,To New Haven
CTrail,Shore Line East,Shore Line East,1687,To New Haven,WBK,Westbrook,3,18:26,18:26,2026-03-29,,,weekday,2026-03-29,2026-03-17,,SLE-3_29-MNR-Schedule-Change.pdf,ctrail_shore_line_east_effective_2026-03-29_updated_2026-03-17.pdf,1,To New Haven
CTrail,Shore Line East,Shore Line East,1687,To New Haven,CLIN,Clinton,4,18:30,18:30,2026-03-29,,,weekday,2026-03-29,2026-03-17,,SLE-3_29-MNR-Schedule-Change.pdf,ctrail_shore_line_east_effective_2026-03-29_updated_2026-03-17.pdf,1,To New Haven
CTrail,Shore Line East,Shore Line East,1687,To New Haven,GUI,Guilford,6,18:39,18:39,2026-03-29,,,weekday,2026-03-29,2026-03-17,,SLE-3_29-MNR-Schedule-Change.pdf,ctrail_shore_line_east_effective_2026-03-29_updated_2026-03-17.pdf,1,To New Haven
CTrail,Shore Line East,Shore Line East,1687,To New Haven,BRA,Branford,7,18:47,18:47,2026-03-29,,,weekday,2026-03-29,2026-03-17,,SLE-3_29-MNR-Schedule-Change.pdf,ctrail_shore_line_east_effective_2026-03-29_updated_2026-03-17.pdf,1,To New Haven
CTrail,Shore Line East,Shore Line East,1687,To New Haven,STS,New Haven - State Street,8,18:59,18:59,2026-03-29,,,weekday,2026-03-29,2026-03-17,,SLE-3_29-MNR-Schedule-Change.pdf,ctrail_shore_line_east_effective_2026-03-29_updated_2026-03-17.pdf,1,To New Haven
CTrail,Shore Line East,Shore Line East,1687,To New Haven,NHV,New Haven - Union Station,9,19:05,19:05,2026-03-29,,,weekday,2026-03-29,2026-03-17,,SLE-3_29-MNR-Schedule-Change.pdf,ctrail_shore_line_east_effective_2026-03-29_updated_2026-03-17.pdf,1,To New Haven
CTrail,Shore Line East,Shore Line East,1691,To New Haven,NLC,New London,1,19:08,19:08,2026-03-29,,,weekday,2026-03-29,2026-03-17,,SLE-3_29-MNR-Schedule-Change.pdf,ctrail_shore_line_east_effective_2026-03-29_updated_2026-03-17.pdf,1,To New Haven
CTrail,Shore Line East,Shore Line East,1691,To New Haven,OSB,Old Saybrook,2,19:39,19:39,2026-03-29,,,weekday,2026-03-29,2026-03-17,,SLE-3_29-MNR-Schedule-Change.pdf,ctrail_shore_line_east_effective_2026-03-29_updated_2026-03-17.pdf,1,To New Haven
CTrail,Shore Line East,Shore Line East,1691,To New Haven,WBK,Westbrook,3,19:44,19:44,2026-03-29,,,weekday,2026-03-29,2026-03-17,,SLE-3_29-MNR-Schedule-Change.pdf,ctrail_shore_line_east_effective_2026-03-29_updated_2026-03-17.pdf,1,To New Haven
CTrail,Shore Line East,Shore Line East,1691,To New Haven,CLIN,Clinton,4,19:48,19:48,2026-03-29,,,weekday,2026-03-29,2026-03-17,,SLE-3_29-MNR-Schedule-Change.pdf,ctrail_shore_line_east_effective_2026-03-29_updated_2026-03-17.pdf,1,To New Haven
CTrail,Shore Line East,Shore Line East,1691,To New Haven,GUI,Guilford,6,19:58,19:58,2026-03-29,,,weekday,2026-03-29,2026-03-17,,SLE-3_29-MNR-Schedule-Change.pdf,ctrail_shore_line_east_effective_2026-03-29_updated_2026-03-17.pdf,1,To New Haven
CTrail,Shore Line East,Shore Line East,1691,To New Haven,BRA,Branford,7,20:07,20:07,2026-03-29,,,weekday,2026-03-29,2026-03-17,,SLE-3_29-MNR-Schedule-Change.pdf,ctrail_shore_line_east_effective_2026-03-29_updated_2026-03-17.pdf,1,To New Haven
CTrail,Shore Line East,Shore Line East,1691,To New Haven,STS,New Haven - State Street,8,20:17,20:17,2026-03-29,,,weekday,2026-03-29,2026-03-17,,SLE-3_29-MNR-Schedule-Change.pdf,ctrail_shore_line_east_effective_2026-03-29_updated_2026-03-17.pdf,1,To New Haven
CTrail,Shore Line East,Shore Line East,1691,To New Haven,NHV,New Haven - Union Station,9,20:20,20:20,2026-03-29,,,weekday,2026-03-29,2026-03-17,,SLE-3_29-MNR-Schedule-Change.pdf,ctrail_shore_line_east_effective_2026-03-29_updated_2026-03-17.pdf,1,To New Haven
CTrail,Shore Line East,Shore Line East,1695,To New Haven,NLC,New London,1,21:05,21:05,2026-03-29,,,weekday,2026-03-29,2026-03-17,,SLE-3_29-MNR-Schedule-Change.pdf,ctrail_shore_line_east_effective_2026-03-29_updated_2026-03-17.pdf,1,To New Haven
CTrail,Shore Line East,Shore Line East,1695,To New Haven,OSB,Old Saybrook,2,21:25,21:25,2026-03-29,,,weekday,2026-03-29,2026-03-17,,SLE-3_29-MNR-Schedule-Change.pdf,ctrail_shore_line_east_effective_2026-03-29_updated_2026-03-17.pdf,1,To New Haven
CTrail,Shore Line East,Shore Line East,1695,To New Haven,WBK,Westbrook,3,21:30,21:30,2026-03-29,,,weekday,2026-03-29,2026-03-17,,SLE-3_29-MNR-Schedule-Change.pdf,ctrail_shore_line_east_effective_2026-03-29_updated_2026-03-17.pdf,1,To New Haven
CTrail,Shore Line East,Shore Line East,1695,To New Haven,CLIN,Clinton,4,21:35,21:35,2026-03-29,,,weekday,2026-03-29,2026-03-17,,SLE-3_29-MNR-Schedule-Change.pdf,ctrail_shore_line_east_effective_2026-03-29_updated_2026-03-17.pdf,1,To New Haven
CTrail,Shore Line East,Shore Line East,1695,To New Haven,GUI,Guilford,6,21:46,21:46,2026-03-29,,,weekday,2026-03-29,2026-03-17,,SLE-3_29-MNR-Schedule-Change.pdf,ctrail_shore_line_east_effective_2026-03-29_updated_2026-03-17.pdf,1,To New Haven
CTrail,Shore Line East,Shore Line East,1695,To New Haven,BRA,Branford,7,21:55,21:55,2026-03-29,,,weekday,2026-03-29,2026-03-17,,SLE-3_29-MNR-Schedule-Change.pdf,ctrail_shore_line_east_effective_2026-03-29_updated_2026-03-17.pdf,1,To New Haven
CTrail,Shore Line East,Shore Line East,1695,To New Haven,STS,New Haven - State Street,8,22:07,22:07,2026-03-29,,,weekday,2026-03-29,2026-03-17,,SLE-3_29-MNR-Schedule-Change.pdf,ctrail_shore_line_east_effective_2026-03-29_updated_2026-03-17.pdf,1,To New Haven
CTrail,Shore Line East,Shore Line East,1695,To New Haven,NHV,New Haven - Union Station,9,22:11,22:11,2026-03-29,,,weekday,2026-03-29,2026-03-17,,SLE-3_29-MNR-Schedule-Change.pdf,ctrail_shore_line_east_effective_2026-03-29_updated_2026-03-17.pdf,1,To New Haven
CTrail,Shore Line East,Shore Line East,1699,To New Haven,NLC,New London,1,22:15,22:15,2026-03-29,,,weekday,2026-03-29,2026-03-17,,SLE-3_29-MNR-Schedule-Change.pdf,ctrail_shore_line_east_effective_2026-03-29_updated_2026-03-17.pdf,1,To New Haven
CTrail,Shore Line East,Shore Line East,1699,To New Haven,OSB,Old Saybrook,2,22:36,22:36,2026-03-29,,,weekday,2026-03-29,2026-03-17,,SLE-3_29-MNR-Schedule-Change.pdf,ctrail_shore_line_east_effective_2026-03-29_updated_2026-03-17.pdf,1,To New Haven
CTrail,Shore Line East,Shore Line East,1699,To New Haven,WBK,Westbrook,3,22:41,22:41,2026-03-29,,,weekday,2026-03-29,2026-03-17,,SLE-3_29-MNR-Schedule-Change.pdf,ctrail_shore_line_east_effective_2026-03-29_updated_2026-03-17.pdf,1,To New Haven
CTrail,Shore Line East,Shore Line East,1699,To New Haven,CLIN,Clinton,4,22:46,22:46,2026-03-29,,,weekday,2026-03-29,2026-03-17,,SLE-3_29-MNR-Schedule-Change.pdf,ctrail_shore_line_east_effective_2026-03-29_updated_2026-03-17.pdf,1,To New Haven
CTrail,Shore Line East,Shore Line East,1699,To New Haven,GUI,Guilford,6,22:54,22:54,2026-03-29,,,weekday,2026-03-29,2026-03-17,,SLE-3_29-MNR-Schedule-Change.pdf,ctrail_shore_line_east_effective_2026-03-29_updated_2026-03-17.pdf,1,To New Haven
CTrail,Shore Line East,Shore Line East,1699,To New Haven,BRA,Branford,7,23:01,23:01,2026-03-29,,,weekday,2026-03-29,2026-03-17,,SLE-3_29-MNR-Schedule-Change.pdf,ctrail_shore_line_east_effective_2026-03-29_updated_2026-03-17.pdf,1,To New Haven
CTrail,Shore Line East,Shore Line East,1699,To New Haven,STS,New Haven - State Street,8,23:13,23:13,2026-03-29,,,weekday,2026-03-29,2026-03-17,,SLE-3_29-MNR-Schedule-Change.pdf,ctrail_shore_line_east_effective_2026-03-29_updated_2026-03-17.pdf,1,To New Haven
CTrail,Shore Line East,Shore Line East,1699,To New Haven,NHV,New Haven - Union Station,9,23:18,23:18,2026-03-29,,,weekday,2026-03-29,2026-03-17,,SLE-3_29-MNR-Schedule-Change.pdf,ctrail_shore_line_east_effective_2026-03-29_updated_2026-03-17.pdf,1,To New Haven
CTrail,Shore Line East,Shore Line East,3034,To New London,NHV,New Haven - Union Station,1,16:05,16:05,2026-03-29,,,weekend_or_holiday,2026-03-29,2026-03-17,,SLE-3_29-MNR-Schedule-Change.pdf,ctrail_shore_line_east_effective_2026-03-29_updated_2026-03-17.pdf,2,To New London
CTrail,Shore Line East,Shore Line East,3034,To New London,STS,New Haven - State Street,2,16:07,16:07,2026-03-29,,,weekend_or_holiday,2026-03-29,2026-03-17,,SLE-3_29-MNR-Schedule-Change.pdf,ctrail_shore_line_east_effective_2026-03-29_updated_2026-03-17.pdf,2,To New London
CTrail,Shore Line East,Shore Line East,3034,To New London,BRA,Branford,3,16:15,16:15,2026-03-29,,,weekend_or_holiday,2026-03-29,2026-03-17,,SLE-3_29-MNR-Schedule-Change.pdf,ctrail_shore_line_east_effective_2026-03-29_updated_2026-03-17.pdf,2,To New London
CTrail,Shore Line East,Shore Line East,3034,To New London,GUI,Guilford,4,16:23,16:23,2026-03-29,,,weekend_or_holiday,2026-03-29,2026-03-17,,SLE-3_29-MNR-Schedule-Change.pdf,ctrail_shore_line_east_effective_2026-03-29_updated_2026-03-17.pdf,2,To New London
CTrail,Shore Line East,Shore Line East,3034,To New London,MAD,Madison,5,16:28,16:28,2026-03-29,,,weekend_or_holiday,2026-03-29,2026-03-17,,SLE-3_29-MNR-Schedule-Change.pdf,ctrail_shore_line_east_effective_2026-03-29_updated_2026-03-17.pdf,2,To New London
CTrail,Shore Line East,Shore Line East,3034,To New London,CLIN,Clinton,6,16:33,16:33,2026-03-29,,,weekend_or_holiday,2026-03-29,2026-03-17,,SLE-3_29-MNR-Schedule-Change.pdf,ctrail_shore_line_east_effective_2026-03-29_updated_2026-03-17.pdf,2,To New London
CTrail,Shore Line East,Shore Line East,3034,To New London,WBK,Westbrook,7,16:38,16:38,2026-03-29,,,weekend_or_holiday,2026-03-29,2026-03-17,,SLE-3_29-MNR-Schedule-Change.pdf,ctrail_shore_line_east_effective_2026-03-29_updated_2026-03-17.pdf,2,To New London
CTrail,Shore Line East,Shore Line East,3034,To New London,OSB,Old Saybrook,8,16:45,16:45,2026-03-29,,,weekend_or_holiday,2026-03-29,2026-03-17,,SLE-3_29-MNR-Schedule-Change.pdf,ctrail_shore_line_east_effective_2026-03-29_updated_2026-03-17.pdf,2,To New London
CTrail,Shore Line East,Shore Line East,3034,To New London,NLC,New London,9,17:10,17:10,2026-03-29,,,weekend_or_holiday,2026-03-29,2026-03-17,,SLE-3_29-MNR-Schedule-Change.pdf,ctrail_shore_line_east_effective_2026-03-29_updated_2026-03-17.pdf,2,To New London
CTrail,Shore Line East,Shore Line East,3604,To New London,NHV,New Haven - Union Station,1,09:12,09:12,2026-03-29,,,weekend_or_holiday,2026-03-29,2026-03-17,,SLE-3_29-MNR-Schedule-Change.pdf,ctrail_shore_line_east_effective_2026-03-29_updated_2026-03-17.pdf,2,To New London
CTrail,Shore Line East,Shore Line East,3604,To New London,STS,New Haven - State Street,2,09:14,09:14,2026-03-29,,,weekend_or_holiday,2026-03-29,2026-03-17,,SLE-3_29-MNR-Schedule-Change.pdf,ctrail_shore_line_east_effective_2026-03-29_updated_2026-03-17.pdf,2,To New London
CTrail,Shore Line East,Shore Line East,3604,To New London,BRA,Branford,3,09:25,09:25,2026-03-29,,,weekend_or_holiday,2026-03-29,2026-03-17,,SLE-3_29-MNR-Schedule-Change.pdf,ctrail_shore_line_east_effective_2026-03-29_updated_2026-03-17.pdf,2,To New London
CTrail,Shore Line East,Shore Line East,3604,To New London,GUI,Guilford,4,09:33,09:33,2026-03-29,,,weekend_or_holiday,2026-03-29,2026-03-17,,SLE-3_29-MNR-Schedule-Change.pdf,ctrail_shore_line_east_effective_2026-03-29_updated_2026-03-17.pdf,2,To New London
CTrail,Shore Line East,Shore Line East,3604,To New London,CLIN,Clinton,6,09:44,09:44,2026-03-29,,,weekend_or_holiday,2026-03-29,2026-03-17,,SLE-3_29-MNR-Schedule-Change.pdf,ctrail_shore_line_east_effective_2026-03-29_updated_2026-03-17.pdf,2,To New London
CTrail,Shore Line East,Shore Line East,3604,To New London,WBK,Westbrook,7,09:49,09:49,2026-03-29,,,weekend_or_holiday,2026-03-29,2026-03-17,,SLE-3_29-MNR-Schedule-Change.pdf,ctrail_shore_line_east_effective_2026-03-29_updated_2026-03-17.pdf,2,To New London
CTrail,Shore Line East,Shore Line East,3604,To New London,OSB,Old Saybrook,8,09:56,09:56,2026-03-29,,,weekend_or_holiday,2026-03-29,2026-03-17,,SLE-3_29-MNR-Schedule-Change.pdf,ctrail_shore_line_east_effective_2026-03-29_updated_2026-03-17.pdf,2,To New London
CTrail,Shore Line East,Shore Line East,3604,To New London,NLC,New London,9,10:20,10:20,2026-03-29,,,weekend_or_holiday,2026-03-29,2026-03-17,,SLE-3_29-MNR-Schedule-Change.pdf,ctrail_shore_line_east_effective_2026-03-29_updated_2026-03-17.pdf,2,To New London
CTrail,Shore Line East,Shore Line East,3610,To New London,NHV,New Haven - Union Station,1,10:45,10:45,2026-03-29,,,weekend_or_holiday,2026-03-29,2026-03-17,,SLE-3_29-MNR-Schedule-Change.pdf,ctrail_shore_line_east_effective_2026-03-29_updated_2026-03-17.pdf,2,To New London
CTrail,Shore Line East,Shore Line East,3610,To New London,STS,New Haven - State Street,2,10:47,10:47,2026-03-29,,,weekend_or_holiday,2026-03-29,2026-03-17,,SLE-3_29-MNR-Schedule-Change.pdf,ctrail_shore_line_east_effective_2026-03-29_updated_2026-03-17.pdf,2,To New London
CTrail,Shore Line East,Shore Line East,3610,To New London,BRA,Branford,3,10:56,10:56,2026-03-29,,,weekend_or_holiday,2026-03-29,2026-03-17,,SLE-3_29-MNR-Schedule-Change.pdf,ctrail_shore_line_east_effective_2026-03-29_updated_2026-03-17.pdf,2,To New London
CTrail,Shore Line East,Shore Line East,3610,To New London,GUI,Guilford,4,11:05,11:05,2026-03-29,,,weekend_or_holiday,2026-03-29,2026-03-17,,SLE-3_29-MNR-Schedule-Change.pdf,ctrail_shore_line_east_effective_2026-03-29_updated_2026-03-17.pdf,2,To New London
CTrail,Shore Line East,Shore Line East,3610,To New London,CLIN,Clinton,6,11:13,11:13,2026-03-29,,,weekend_or_holiday,2026-03-29,2026-03-17,,SLE-3_29-MNR-Schedule-Change.pdf,ctrail_shore_line_east_effective_2026-03-29_updated_2026-03-17.pdf,2,To New London
CTrail,Shore Line East,Shore Line East,3610,To New London,WBK,Westbrook,7,11:18,11:18,2026-03-29,,,weekend_or_holiday,2026-03-29,2026-03-17,,SLE-3_29-MNR-Schedule-Change.pdf,ctrail_shore_line_east_effective_2026-03-29_updated_2026-03-17.pdf,2,To New London
CTrail,Shore Line East,Shore Line East,3610,To New London,OSB,Old Saybrook,8,11:26,11:26,2026-03-29,,,weekend_or_holiday,2026-03-29,2026-03-17,,SLE-3_29-MNR-Schedule-Change.pdf,ctrail_shore_line_east_effective_2026-03-29_updated_2026-03-17.pdf,2,To New London
CTrail,Shore Line East,Shore Line East,3610,To New London,NLC,New London,9,11:55,11:55,2026-03-29,,,weekend_or_holiday,2026-03-29,2026-03-17,,SLE-3_29-MNR-Schedule-Change.pdf,ctrail_shore_line_east_effective_2026-03-29_updated_2026-03-17.pdf,2,To New London
CTrail,Shore Line East,Shore Line East,3613,To New Haven,NLC,New London,1,06:25,06:25,2026-03-29,,,weekend_or_holiday,2026-03-29,2026-03-17,,SLE-3_29-MNR-Schedule-Change.pdf,ctrail_shore_line_east_effective_2026-03-29_updated_2026-03-17.pdf,2,To New Haven
CTrail,Shore Line East,Shore Line East,3613,To New Haven,OSB,Old Saybrook,2,06:46,06:46,2026-03-29,,,weekend_or_holiday,2026-03-29,2026-03-17,,SLE-3_29-MNR-Schedule-Change.pdf,ctrail_shore_line_east_effective_2026-03-29_updated_2026-03-17.pdf,2,To New Haven
CTrail,Shore Line East,Shore Line East,3613,To New Haven,WBK,Westbrook,3,06:51,06:51,2026-03-29,,,weekend_or_holiday,2026-03-29,2026-03-17,,SLE-3_29-MNR-Schedule-Change.pdf,ctrail_shore_line_east_effective_2026-03-29_updated_2026-03-17.pdf,2,To New Haven
CTrail,Shore Line East,Shore Line East,3613,To New Haven,CLIN,Clinton,4,06:56,06:56,2026-03-29,,,weekend_or_holiday,2026-03-29,2026-03-17,,SLE-3_29-MNR-Schedule-Change.pdf,ctrail_shore_line_east_effective_2026-03-29_updated_2026-03-17.pdf,2,To New Haven
CTrail,Shore Line East,Shore Line East,3613,To New Haven,MAD,Madison,5,07:01,07:01,2026-03-29,,,weekend_or_holiday,2026-03-29,2026-03-17,,SLE-3_29-MNR-Schedule-Change.pdf,ctrail_shore_line_east_effective_2026-03-29_updated_2026-03-17.pdf,2,To New Haven
CTrail,Shore Line East,Shore Line East,3613,To New Haven,GUI,Guilford,6,07:06,07:06,2026-03-29,,,weekend_or_holiday,2026-03-29,2026-03-17,,SLE-3_29-MNR-Schedule-Change.pdf,ctrail_shore_line_east_effective_2026-03-29_updated_2026-03-17.pdf,2,To New Haven
CTrail,Shore Line East,Shore Line East,3613,To New Haven,BRA,Branford,7,07:14,07:14,2026-03-29,,,weekend_or_holiday,2026-03-29,2026-03-17,,SLE-3_29-MNR-Schedule-Change.pdf,ctrail_shore_line_east_effective_2026-03-29_updated_2026-03-17.pdf,2,To New Haven
CTrail,Shore Line East,Shore Line East,3613,To New Haven,STS,New Haven - State Street,8,07:28,07:28,2026-03-29,,,weekend_or_holiday,2026-03-29,2026-03-17,,SLE-3_29-MNR-Schedule-Change.pdf,ctrail_shore_line_east_effective_2026-03-29_updated_2026-03-17.pdf,2,To New Haven
CTrail,Shore Line East,Shore Line East,3613,To New Haven,NHV,New Haven - Union Station,9,07:30,07:30,2026-03-29,,,weekend_or_holiday,2026-03-29,2026-03-17,,SLE-3_29-MNR-Schedule-Change.pdf,ctrail_shore_line_east_effective_2026-03-29_updated_2026-03-17.pdf,2,To New Haven
CTrail,Shore Line East,Shore Line East,3618,To New London,NHV,New Haven - Union Station,1,13:00,13:00,2026-03-29,,,weekend_or_holiday,2026-03-29,2026-03-17,,SLE-3_29-MNR-Schedule-Change.pdf,ctrail_shore_line_east_effective_2026-03-29_updated_2026-03-17.pdf,2,To New London
CTrail,Shore Line East,Shore Line East,3618,To New London,STS,New Haven - State Street,2,13:02,13:02,2026-03-29,,,weekend_or_holiday,2026-03-29,2026-03-17,,SLE-3_29-MNR-Schedule-Change.pdf,ctrail_shore_line_east_effective_2026-03-29_updated_2026-03-17.pdf,2,To New London
CTrail,Shore Line East,Shore Line East,3618,To New London,BRA,Branford,3,13:11,13:11,2026-03-29,,,weekend_or_holiday,2026-03-29,2026-03-17,,SLE-3_29-MNR-Schedule-Change.pdf,ctrail_shore_line_east_effective_2026-03-29_updated_2026-03-17.pdf,2,To New London
CTrail,Shore Line East,Shore Line East,3618,To New London,GUI,Guilford,4,13:19,13:19,2026-03-29,,,weekend_or_holiday,2026-03-29,2026-03-17,,SLE-3_29-MNR-Schedule-Change.pdf,ctrail_shore_line_east_effective_2026-03-29_updated_2026-03-17.pdf,2,To New London
CTrail,Shore Line East,Shore Line East,3618,To New London,MAD,Madison,5,13:24,13:24,2026-03-29,,,weekend_or_holiday,2026-03-29,2026-03-17,,SLE-3_29-MNR-Schedule-Change.pdf,ctrail_shore_line_east_effective_2026-03-29_updated_2026-03-17.pdf,2,To New London
CTrail,Shore Line East,Shore Line East,3618,To New London,CLIN,Clinton,6,13:29,13:29,2026-03-29,,,weekend_or_holiday,2026-03-29,2026-03-17,,SLE-3_29-MNR-Schedule-Change.pdf,ctrail_shore_line_east_effective_2026-03-29_updated_2026-03-17.pdf,2,To New London
CTrail,Shore Line East,Shore Line East,3618,To New London,WBK,Westbrook,7,13:34,13:34,2026-03-29,,,weekend_or_holiday,2026-03-29,2026-03-17,,SLE-3_29-MNR-Schedule-Change.pdf,ctrail_shore_line_east_effective_2026-03-29_updated_2026-03-17.pdf,2,To New London
CTrail,Shore Line East,Shore Line East,3618,To New London,OSB,Old Saybrook,8,13:41,13:41,2026-03-29,,,weekend_or_holiday,2026-03-29,2026-03-17,,SLE-3_29-MNR-Schedule-Change.pdf,ctrail_shore_line_east_effective_2026-03-29_updated_2026-03-17.pdf,2,To New London
CTrail,Shore Line East,Shore Line East,3618,To New London,NLC,New London,9,14:05,14:05,2026-03-29,,,weekend_or_holiday,2026-03-29,2026-03-17,,SLE-3_29-MNR-Schedule-Change.pdf,ctrail_shore_line_east_effective_2026-03-29_updated_2026-03-17.pdf,2,To New London
CTrail,Shore Line East,Shore Line East,3621,To New Haven,NLC,New London,1,08:18,08:18,2026-03-29,,,weekend_or_holiday,2026-03-29,2026-03-17,,SLE-3_29-MNR-Schedule-Change.pdf,ctrail_shore_line_east_effective_2026-03-29_updated_2026-03-17.pdf,2,To New Haven
CTrail,Shore Line East,Shore Line East,3621,To New Haven,OSB,Old Saybrook,2,08:39,08:39,2026-03-29,,,weekend_or_holiday,2026-03-29,2026-03-17,,SLE-3_29-MNR-Schedule-Change.pdf,ctrail_shore_line_east_effective_2026-03-29_updated_2026-03-17.pdf,2,To New Haven
CTrail,Shore Line East,Shore Line East,3621,To New Haven,WBK,Westbrook,3,08:44,08:44,2026-03-29,,,weekend_or_holiday,2026-03-29,2026-03-17,,SLE-3_29-MNR-Schedule-Change.pdf,ctrail_shore_line_east_effective_2026-03-29_updated_2026-03-17.pdf,2,To New Haven
CTrail,Shore Line East,Shore Line East,3621,To New Haven,CLIN,Clinton,4,08:49,08:49,2026-03-29,,,weekend_or_holiday,2026-03-29,2026-03-17,,SLE-3_29-MNR-Schedule-Change.pdf,ctrail_shore_line_east_effective_2026-03-29_updated_2026-03-17.pdf,2,To New Haven
CTrail,Shore Line East,Shore Line East,3621,To New Haven,MAD,Madison,5,08:54,08:54,2026-03-29,,,weekend_or_holiday,2026-03-29,2026-03-17,,SLE-3_29-MNR-Schedule-Change.pdf,ctrail_shore_line_east_effective_2026-03-29_updated_2026-03-17.pdf,2,To New Haven
CTrail,Shore Line East,Shore Line East,3621,To New Haven,GUI,Guilford,6,08:59,08:59,2026-03-29,,,weekend_or_holiday,2026-03-29,2026-03-17,,SLE-3_29-MNR-Schedule-Change.pdf,ctrail_shore_line_east_effective_2026-03-29_updated_2026-03-17.pdf,2,To New Haven
CTrail,Shore Line East,Shore Line East,3621,To New Haven,BRA,Branford,7,09:07,09:07,2026-03-29,,,weekend_or_holiday,2026-03-29,2026-03-17,,SLE-3_29-MNR-Schedule-Change.pdf,ctrail_shore_line_east_effective_2026-03-29_updated_2026-03-17.pdf,2,To New Haven
CTrail,Shore Line East,Shore Line East,3621,To New Haven,STS,New Haven - State Street,8,09:19,09:19,2026-03-29,,,weekend_or_holiday,2026-03-29,2026-03-17,,SLE-3_29-MNR-Schedule-Change.pdf,ctrail_shore_line_east_effective_2026-03-29_updated_2026-03-17.pdf,2,To New Haven
CTrail,Shore Line East,Shore Line East,3621,To New Haven,NHV,New Haven - Union Station,9,09:23,09:23,2026-03-29,,,weekend_or_holiday,2026-03-29,2026-03-17,,SLE-3_29-MNR-Schedule-Change.pdf,ctrail_shore_line_east_effective_2026-03-29_updated_2026-03-17.pdf,2,To New Haven
CTrail,Shore Line East,Shore Line East,3629,To New Haven,NLC,New London,1,10:35,10:35,2026-03-29,,,weekend_or_holiday,2026-03-29,2026-03-17,,SLE-3_29-MNR-Schedule-Change.pdf,ctrail_shore_line_east_effective_2026-03-29_updated_2026-03-17.pdf,2,To New Haven
CTrail,Shore Line East,Shore Line East,3629,To New Haven,OSB,Old Saybrook,2,11:00,11:00,2026-03-29,,,weekend_or_holiday,2026-03-29,2026-03-17,,SLE-3_29-MNR-Schedule-Change.pdf,ctrail_shore_line_east_effective_2026-03-29_updated_2026-03-17.pdf,2,To New Haven
CTrail,Shore Line East,Shore Line East,3629,To New Haven,WBK,Westbrook,3,11:07,11:07,2026-03-29,,,weekend_or_holiday,2026-03-29,2026-03-17,,SLE-3_29-MNR-Schedule-Change.pdf,ctrail_shore_line_east_effective_2026-03-29_updated_2026-03-17.pdf,2,To New Haven
CTrail,Shore Line East,Shore Line East,3629,To New Haven,CLIN,Clinton,4,11:12,11:12,2026-03-29,,,weekend_or_holiday,2026-03-29,2026-03-17,,SLE-3_29-MNR-Schedule-Change.pdf,ctrail_shore_line_east_effective_2026-03-29_updated_2026-03-17.pdf,2,To New Haven
CTrail,Shore Line East,Shore Line East,3629,To New Haven,MAD,Madison,5,11:17,11:17,2026-03-29,,,weekend_or_holiday,2026-03-29,2026-03-17,,SLE-3_29-MNR-Schedule-Change.pdf,ctrail_shore_line_east_effective_2026-03-29_updated_2026-03-17.pdf,2,To New Haven
CTrail,Shore Line East,Shore Line East,3629,To New Haven,GUI,Guilford,6,11:22,11:22,2026-03-29,,,weekend_or_holiday,2026-03-29,2026-03-17,,SLE-3_29-MNR-Schedule-Change.pdf,ctrail_shore_line_east_effective_2026-03-29_updated_2026-03-17.pdf,2,To New Haven
CTrail,Shore Line East,Shore Line East,3629,To New Haven,BRA,Branford,7,11:30,11:30,2026-03-29,,,weekend_or_holiday,2026-03-29,2026-03-17,,SLE-3_29-MNR-Schedule-Change.pdf,ctrail_shore_line_east_effective_2026-03-29_updated_2026-03-17.pdf,2,To New Haven
CTrail,Shore Line East,Shore Line East,3629,To New Haven,STS,New Haven - State Street,8,11:42,11:42,2026-03-29,,,weekend_or_holiday,2026-03-29,2026-03-17,,SLE-3_29-MNR-Schedule-Change.pdf,ctrail_shore_line_east_effective_2026-03-29_updated_2026-03-17.pdf,2,To New Haven
CTrail,Shore Line East,Shore Line East,3629,To New Haven,NHV,New Haven - Union Station,9,11:45,11:45,2026-03-29,,,weekend_or_holiday,2026-03-29,2026-03-17,,SLE-3_29-MNR-Schedule-Change.pdf,ctrail_shore_line_east_effective_2026-03-29_updated_2026-03-17.pdf,2,To New Haven
CTrail,Shore Line East,Shore Line East,3637,To New Haven,NLC,New London,1,12:16,12:16,2026-03-29,,,weekend_or_holiday,2026-03-29,2026-03-17,,SLE-3_29-MNR-Schedule-Change.pdf,ctrail_shore_line_east_effective_2026-03-29_updated_2026-03-17.pdf,2,To New Haven
CTrail,Shore Line East,Shore Line East,3637,To New Haven,OSB,Old Saybrook,2,12:39,12:39,2026-03-29,,,weekend_or_holiday,2026-03-29,2026-03-17,,SLE-3_29-MNR-Schedule-Change.pdf,ctrail_shore_line_east_effective_2026-03-29_updated_2026-03-17.pdf,2,To New Haven
CTrail,Shore Line East,Shore Line East,3637,To New Haven,WBK,Westbrook,3,12:46,12:46,2026-03-29,,,weekend_or_holiday,2026-03-29,2026-03-17,,SLE-3_29-MNR-Schedule-Change.pdf,ctrail_shore_line_east_effective_2026-03-29_updated_2026-03-17.pdf,2,To New Haven
CTrail,Shore Line East,Shore Line East,3637,To New Haven,CLIN,Clinton,4,12:51,12:51,2026-03-29,,,weekend_or_holiday,2026-03-29,2026-03-17,,SLE-3_29-MNR-Schedule-Change.pdf,ctrail_shore_line_east_effective_2026-03-29_updated_2026-03-17.pdf,2,To New Haven
CTrail,Shore Line East,Shore Line East,3637,To New Haven,MAD,Madison,5,12:56,12:56,2026-03-29,,,weekend_or_holiday,2026-03-29,2026-03-17,,SLE-3_29-MNR-Schedule-Change.pdf,ctrail_shore_line_east_effective_2026-03-29_updated_2026-03-17.pdf,2,To New Haven
CTrail,Shore Line East,Shore Line East,3637,To New Haven,GUI,Guilford,6,13:01,13:01,2026-03-29,,,weekend_or_holiday,2026-03-29,2026-03-17,,SLE-3_29-MNR-Schedule-Change.pdf,ctrail_shore_line_east_effective_2026-03-29_updated_2026-03-17.pdf,2,To New Haven
CTrail,Shore Line East,Shore Line East,3637,To New Haven,BRA,Branford,7,13:10,13:10,2026-03-29,,,weekend_or_holiday,2026-03-29,2026-03-17,,SLE-3_29-MNR-Schedule-Change.pdf,ctrail_shore_line_east_effective_2026-03-29_updated_2026-03-17.pdf,2,To New Haven
CTrail,Shore Line East,Shore Line East,3637,To New Haven,STS,New Haven - State Street,8,13:21,13:21,2026-03-29,,,weekend_or_holiday,2026-03-29,2026-03-17,,SLE-3_29-MNR-Schedule-Change.pdf,ctrail_shore_line_east_effective_2026-03-29_updated_2026-03-17.pdf,2,To New Haven
CTrail,Shore Line East,Shore Line East,3637,To New Haven,NHV,New Haven - Union Station,9,13:25,13:25,2026-03-29,,,weekend_or_holiday,2026-03-29,2026-03-17,,SLE-3_29-MNR-Schedule-Change.pdf,ctrail_shore_line_east_effective_2026-03-29_updated_2026-03-17.pdf,2,To New Haven
CTrail,Shore Line East,Shore Line East,3644,To New London,NHV,New Haven - Union Station,1,19:25,19:25,2026-03-29,,,weekend_or_holiday,2026-03-29,2026-03-17,,SLE-3_29-MNR-Schedule-Change.pdf,ctrail_shore_line_east_effective_2026-03-29_updated_2026-03-17.pdf,2,To New London
CTrail,Shore Line East,Shore Line East,3644,To New London,STS,New Haven - State Street,2,19:27,19:27,2026-03-29,,,weekend_or_holiday,2026-03-29,2026-03-17,,SLE-3_29-MNR-Schedule-Change.pdf,ctrail_shore_line_east_effective_2026-03-29_updated_2026-03-17.pdf,2,To New London
CTrail,Shore Line East,Shore Line East,3644,To New London,BRA,Branford,3,19:37,19:37,2026-03-29,,,weekend_or_holiday,2026-03-29,2026-03-17,,SLE-3_29-MNR-Schedule-Change.pdf,ctrail_shore_line_east_effective_2026-03-29_updated_2026-03-17.pdf,2,To New London
CTrail,Shore Line East,Shore Line East,3644,To New London,GUI,Guilford,4,19:45,19:45,2026-03-29,,,weekend_or_holiday,2026-03-29,2026-03-17,,SLE-3_29-MNR-Schedule-Change.pdf,ctrail_shore_line_east_effective_2026-03-29_updated_2026-03-17.pdf,2,To New London
CTrail,Shore Line East,Shore Line East,3644,To New London,MAD,Madison,5,19:50,19:50,2026-03-29,,,weekend_or_holiday,2026-03-29,2026-03-17,,SLE-3_29-MNR-Schedule-Change.pdf,ctrail_shore_line_east_effective_2026-03-29_updated_2026-03-17.pdf,2,To New London
CTrail,Shore Line East,Shore Line East,3644,To New London,CLIN,Clinton,6,19:55,19:55,2026-03-29,,,weekend_or_holiday,2026-03-29,2026-03-17,,SLE-3_29-MNR-Schedule-Change.pdf,ctrail_shore_line_east_effective_2026-03-29_updated_2026-03-17.pdf,2,To New London
CTrail,Shore Line East,Shore Line East,3644,To New London,WBK,Westbrook,7,20:00,20:00,2026-03-29,,,weekend_or_holiday,2026-03-29,2026-03-17,,SLE-3_29-MNR-Schedule-Change.pdf,ctrail_shore_line_east_effective_2026-03-29_updated_2026-03-17.pdf,2,To New London
CTrail,Shore Line East,Shore Line East,3644,To New London,OSB,Old Saybrook,8,20:11,20:11,2026-03-29,,,weekend_or_holiday,2026-03-29,2026-03-17,,SLE-3_29-MNR-Schedule-Change.pdf,ctrail_shore_line_east_effective_2026-03-29_updated_2026-03-17.pdf,2,To New London
CTrail,Shore Line East,Shore Line East,3644,To New London,NLC,New London,9,20:35,20:35,2026-03-29,,,weekend_or_holiday,2026-03-29,2026-03-17,,SLE-3_29-MNR-Schedule-Change.pdf,ctrail_shore_line_east_effective_2026-03-29_updated_2026-03-17.pdf,2,To New London
CTrail,Shore Line East,Shore Line East,3645,To New Haven,NLC,New London,1,14:19,14:19,2026-03-29,,,weekend_or_holiday,2026-03-29,2026-03-17,,SLE-3_29-MNR-Schedule-Change.pdf,ctrail_shore_line_east_effective_2026-03-29_updated_2026-03-17.pdf,2,To New Haven
CTrail,Shore Line East,Shore Line East,3645,To New Haven,OSB,Old Saybrook,2,14:41,14:41,2026-03-29,,,weekend_or_holiday,2026-03-29,2026-03-17,,SLE-3_29-MNR-Schedule-Change.pdf,ctrail_shore_line_east_effective_2026-03-29_updated_2026-03-17.pdf,2,To New Haven
CTrail,Shore Line East,Shore Line East,3645,To New Haven,WBK,Westbrook,3,14:50,14:50,2026-03-29,,,weekend_or_holiday,2026-03-29,2026-03-17,,SLE-3_29-MNR-Schedule-Change.pdf,ctrail_shore_line_east_effective_2026-03-29_updated_2026-03-17.pdf,2,To New Haven
CTrail,Shore Line East,Shore Line East,3645,To New Haven,CLIN,Clinton,4,14:55,14:55,2026-03-29,,,weekend_or_holiday,2026-03-29,2026-03-17,,SLE-3_29-MNR-Schedule-Change.pdf,ctrail_shore_line_east_effective_2026-03-29_updated_2026-03-17.pdf,2,To New Haven
CTrail,Shore Line East,Shore Line East,3645,To New Haven,GUI,Guilford,6,15:04,15:04,2026-03-29,,,weekend_or_holiday,2026-03-29,2026-03-17,,SLE-3_29-MNR-Schedule-Change.pdf,ctrail_shore_line_east_effective_2026-03-29_updated_2026-03-17.pdf,2,To New Haven
CTrail,Shore Line East,Shore Line East,3645,To New Haven,BRA,Branford,7,15:12,15:12,2026-03-29,,,weekend_or_holiday,2026-03-29,2026-03-17,,SLE-3_29-MNR-Schedule-Change.pdf,ctrail_shore_line_east_effective_2026-03-29_updated_2026-03-17.pdf,2,To New Haven
CTrail,Shore Line East,Shore Line East,3645,To New Haven,STS,New Haven - State Street,8,15:23,15:23,2026-03-29,,,weekend_or_holiday,2026-03-29,2026-03-17,,SLE-3_29-MNR-Schedule-Change.pdf,ctrail_shore_line_east_effective_2026-03-29_updated_2026-03-17.pdf,2,To New Haven
CTrail,Shore Line East,Shore Line East,3645,To New Haven,NHV,New Haven - Union Station,9,15:27,15:27,2026-03-29,,,weekend_or_holiday,2026-03-29,2026-03-17,,SLE-3_29-MNR-Schedule-Change.pdf,ctrail_shore_line_east_effective_2026-03-29_updated_2026-03-17.pdf,2,To New Haven
CTrail,Shore Line East,Shore Line East,3652,To New London,NHV,New Haven - Union Station,1,22:25,22:25,2026-03-29,,,weekend_or_holiday,2026-03-29,2026-03-17,,SLE-3_29-MNR-Schedule-Change.pdf,ctrail_shore_line_east_effective_2026-03-29_updated_2026-03-17.pdf,2,To New London
CTrail,Shore Line East,Shore Line East,3652,To New London,STS,New Haven - State Street,2,22:27,22:27,2026-03-29,,,weekend_or_holiday,2026-03-29,2026-03-17,,SLE-3_29-MNR-Schedule-Change.pdf,ctrail_shore_line_east_effective_2026-03-29_updated_2026-03-17.pdf,2,To New London
CTrail,Shore Line East,Shore Line East,3652,To New London,BRA,Branford,3,22:37,22:37,2026-03-29,,,weekend_or_holiday,2026-03-29,2026-03-17,,SLE-3_29-MNR-Schedule-Change.pdf,ctrail_shore_line_east_effective_2026-03-29_updated_2026-03-17.pdf,2,To New London
CTrail,Shore Line East,Shore Line East,3652,To New London,GUI,Guilford,4,22:45,22:45,2026-03-29,,,weekend_or_holiday,2026-03-29,2026-03-17,,SLE-3_29-MNR-Schedule-Change.pdf,ctrail_shore_line_east_effective_2026-03-29_updated_2026-03-17.pdf,2,To New London
CTrail,Shore Line East,Shore Line East,3652,To New London,MAD,Madison,5,22:50,22:50,2026-03-29,,,weekend_or_holiday,2026-03-29,2026-03-17,,SLE-3_29-MNR-Schedule-Change.pdf,ctrail_shore_line_east_effective_2026-03-29_updated_2026-03-17.pdf,2,To New London
CTrail,Shore Line East,Shore Line East,3652,To New London,CLIN,Clinton,6,22:55,22:55,2026-03-29,,,weekend_or_holiday,2026-03-29,2026-03-17,,SLE-3_29-MNR-Schedule-Change.pdf,ctrail_shore_line_east_effective_2026-03-29_updated_2026-03-17.pdf,2,To New London
CTrail,Shore Line East,Shore Line East,3652,To New London,WBK,Westbrook,7,23:00,23:00,2026-03-29,,,weekend_or_holiday,2026-03-29,2026-03-17,,SLE-3_29-MNR-Schedule-Change.pdf,ctrail_shore_line_east_effective_2026-03-29_updated_2026-03-17.pdf,2,To New London
CTrail,Shore Line East,Shore Line East,3652,To New London,OSB,Old Saybrook,8,23:06,23:06,2026-03-29,,,weekend_or_holiday,2026-03-29,2026-03-17,,SLE-3_29-MNR-Schedule-Change.pdf,ctrail_shore_line_east_effective_2026-03-29_updated_2026-03-17.pdf,2,To New London
CTrail,Shore Line East,Shore Line East,3652,To New London,NLC,New London,9,23:29,23:29,2026-03-29,,,weekend_or_holiday,2026-03-29,2026-03-17,,SLE-3_29-MNR-Schedule-Change.pdf,ctrail_shore_line_east_effective_2026-03-29_updated_2026-03-17.pdf,2,To New London
CTrail,Shore Line East,Shore Line East,3655,To New Haven,NLC,New London,1,17:29,17:29,2026-03-29,,,weekend_or_holiday,2026-03-29,2026-03-17,,SLE-3_29-MNR-Schedule-Change.pdf,ctrail_shore_line_east_effective_2026-03-29_updated_2026-03-17.pdf,2,To New Haven
CTrail,Shore Line East,Shore Line East,3655,To New Haven,OSB,Old Saybrook,2,17:50,17:50,2026-03-29,,,weekend_or_holiday,2026-03-29,2026-03-17,,SLE-3_29-MNR-Schedule-Change.pdf,ctrail_shore_line_east_effective_2026-03-29_updated_2026-03-17.pdf,2,To New Haven
CTrail,Shore Line East,Shore Line East,3655,To New Haven,WBK,Westbrook,3,17:55,17:55,2026-03-29,,,weekend_or_holiday,2026-03-29,2026-03-17,,SLE-3_29-MNR-Schedule-Change.pdf,ctrail_shore_line_east_effective_2026-03-29_updated_2026-03-17.pdf,2,To New Haven
CTrail,Shore Line East,Shore Line East,3655,To New Haven,CLIN,Clinton,4,18:00,18:00,2026-03-29,,,weekend_or_holiday,2026-03-29,2026-03-17,,SLE-3_29-MNR-Schedule-Change.pdf,ctrail_shore_line_east_effective_2026-03-29_updated_2026-03-17.pdf,2,To New Haven
CTrail,Shore Line East,Shore Line East,3655,To New Haven,GUI,Guilford,6,18:08,18:08,2026-03-29,,,weekend_or_holiday,2026-03-29,2026-03-17,,SLE-3_29-MNR-Schedule-Change.pdf,ctrail_shore_line_east_effective_2026-03-29_updated_2026-03-17.pdf,2,To New Haven
CTrail,Shore Line East,Shore Line East,3655,To New Haven,BRA,Branford,7,18:16,18:16,2026-03-29,,,weekend_or_holiday,2026-03-29,2026-03-17,,SLE-3_29-MNR-Schedule-Change.pdf,ctrail_shore_line_east_effective_2026-03-29_updated_2026-03-17.pdf,2,To New Haven
CTrail,Shore Line East,Shore Line East,3655,To New Haven,STS,New Haven - State Street,8,18:26,18:26,2026-03-29,,,weekend_or_holiday,2026-03-29,2026-03-17,,SLE-3_29-MNR-Schedule-Change.pdf,ctrail_shore_line_east_effective_2026-03-29_updated_2026-03-17.pdf,2,To New Haven
CTrail,Shore Line East,Shore Line East,3655,To New Haven,NHV,New Haven - Union Station,9,18:32,18:32,2026-03-29,,,weekend_or_holiday,2026-03-29,2026-03-17,,SLE-3_29-MNR-Schedule-Change.pdf,ctrail_shore_line_east_effective_2026-03-29_updated_2026-03-17.pdf,2,To New Haven
CTrail,Shore Line East,Shore Line East,3663,To New Haven,NLC,New London,1,21:00,21:00,2026-03-29,,,weekend_or_holiday,2026-03-29,2026-03-17,,SLE-3_29-MNR-Schedule-Change.pdf,ctrail_shore_line_east_effective_2026-03-29_updated_2026-03-17.pdf,2,To New Haven
CTrail,Shore Line East,Shore Line East,3663,To New Haven,OSB,Old Saybrook,2,21:21,21:21,2026-03-29,,,weekend_or_holiday,2026-03-29,2026-03-17,,SLE-3_29-MNR-Schedule-Change.pdf,ctrail_shore_line_east_effective_2026-03-29_updated_2026-03-17.pdf,2,To New Haven
CTrail,Shore Line East,Shore Line East,3663,To New Haven,WBK,Westbrook,3,21:26,21:26,2026-03-29,,,weekend_or_holiday,2026-03-29,2026-03-17,,SLE-3_29-MNR-Schedule-Change.pdf,ctrail_shore_line_east_effective_2026-03-29_updated_2026-03-17.pdf,2,To New Haven
CTrail,Shore Line East,Shore Line East,3663,To New Haven,CLIN,Clinton,4,21:31,21:31,2026-03-29,,,weekend_or_holiday,2026-03-29,2026-03-17,,SLE-3_29-MNR-Schedule-Change.pdf,ctrail_shore_line_east_effective_2026-03-29_updated_2026-03-17.pdf,2,To New Haven
CTrail,Shore Line East,Shore Line East,3663,To New Haven,GUI,Guilford,6,21:39,21:39,2026-03-29,,,weekend_or_holiday,2026-03-29,2026-03-17,,SLE-3_29-MNR-Schedule-Change.pdf,ctrail_shore_line_east_effective_2026-03-29_updated_2026-03-17.pdf,2,To New Haven
CTrail,Shore Line East,Shore Line East,3663,To New Haven,BRA,Branford,7,21:47,21:47,2026-03-29,,,weekend_or_holiday,2026-03-29,2026-03-17,,SLE-3_29-MNR-Schedule-Change.pdf,ctrail_shore_line_east_effective_2026-03-29_updated_2026-03-17.pdf,2,To New Haven
CTrail,Shore Line East,Shore Line East,3663,To New Haven,STS,New Haven - State Street,8,21:57,21:57,2026-03-29,,,weekend_or_holiday,2026-03-29,2026-03-17,,SLE-3_29-MNR-Schedule-Change.pdf,ctrail_shore_line_east_effective_2026-03-29_updated_2026-03-17.pdf,2,To New Haven
CTrail,Shore Line East,Shore Line East,3663,To New Haven,NHV,New Haven - Union Station,9,22:01,22:01,2026-03-29,,,weekend_or_holiday,2026-03-29,2026-03-17,,SLE-3_29-MNR-Schedule-Change.pdf,ctrail_shore_line_east_effective_2026-03-29_updated_2026-03-17.pdf,2,To New Haven
CTrail,Shore Line East,Shore Line East,3690,To New London,NHV,New Haven - Union Station,1,05:10,05:10,2026-03-29,,,weekend_or_holiday,2026-03-29,2026-03-17,,SLE-3_29-MNR-Schedule-Change.pdf,ctrail_shore_line_east_effective_2026-03-29_updated_2026-03-17.pdf,2,To New London
CTrail,Shore Line East,Shore Line East,3690,To New London,BRA,Branford,3,05:21,05:21,2026-03-29,,,weekend_or_holiday,2026-03-29,2026-03-17,,SLE-3_29-MNR-Schedule-Change.pdf,ctrail_shore_line_east_effective_2026-03-29_updated_2026-03-17.pdf,2,To New London
CTrail,Shore Line East,Shore Line East,3690,To New London,GUI,Guilford,4,05:29,05:29,2026-03-29,,,weekend_or_holiday,2026-03-29,2026-03-17,,SLE-3_29-MNR-Schedule-Change.pdf,ctrail_shore_line_east_effective_2026-03-29_updated_2026-03-17.pdf,2,To New London
CTrail,Shore Line East,Shore Line East,3690,To New London,MAD,Madison,5,05:33,05:33,2026-03-29,,,weekend_or_holiday,2026-03-29,2026-03-17,,SLE-3_29-MNR-Schedule-Change.pdf,ctrail_shore_line_east_effective_2026-03-29_updated_2026-03-17.pdf,2,To New London
CTrail,Shore Line East,Shore Line East,3690,To New London,CLIN,Clinton,6,05:38,05:38,2026-03-29,,,weekend_or_holiday,2026-03-29,2026-03-17,,SLE-3_29-MNR-Schedule-Change.pdf,ctrail_shore_line_east_effective_2026-03-29_updated_2026-03-17.pdf,2,To New London
CTrail,Shore Line East,Shore Line East,3690,To New London,WBK,Westbrook,7,05:43,05:43,2026-03-29,,,weekend_or_holiday,2026-03-29,2026-03-17,,SLE-3_29-MNR-Schedule-Change.pdf,ctrail_shore_line_east_effective_2026-03-29_updated_2026-03-17.pdf,2,To New London
CTrail,Shore Line East,Shore Line East,3690,To New London,OSB,Old Saybrook,8,05:49,05:49,2026-03-29,,,weekend_or_holiday,2026-03-29,2026-03-17,,SLE-3_29-MNR-Schedule-Change.pdf,ctrail_shore_line_east_effective_2026-03-29_updated_2026-03-17.pdf,2,To New London
CTrail,Shore Line East,Shore Line East,3690,To New London,NLC,New London,9,06:10,06:10,2026-03-29,,,weekend_or_holiday,2026-03-29,2026-03-17,,SLE-3_29-MNR-Schedule-Change.pdf,ctrail_shore_line_east_effective_2026-03-29_updated_2026-03-17.pdf,2,To New London
CTrail,Shore Line East,Shore Line East,3692,To New London,NHV,New Haven - Union Station,1,06:50,06:50,2026-03-29,,,weekend_or_holiday,2026-03-29,2026-03-17,,SLE-3_29-MNR-Schedule-Change.pdf,ctrail_shore_line_east_effective_2026-03-29_updated_2026-03-17.pdf,2,To New London
CTrail,Shore Line East,Shore Line East,3692,To New London,STS,New Haven - State Street,2,06:52,06:52,2026-03-29,,,weekend_or_holiday,2026-03-29,2026-03-17,,SLE-3_29-MNR-Schedule-Change.pdf,ctrail_shore_line_east_effective_2026-03-29_updated_2026-03-17.pdf,2,To New London
CTrail,Shore Line East,Shore Line East,3692,To New London,BRA,Branford,3,07:02,07:02,2026-03-29,,,weekend_or_holiday,2026-03-29,2026-03-17,,SLE-3_29-MNR-Schedule-Change.pdf,ctrail_shore_line_east_effective_2026-03-29_updated_2026-03-17.pdf,2,To New London
CTrail,Shore Line East,Shore Line East,3692,To New London,GUI,Guilford,4,07:10,07:10,2026-03-29,,,weekend_or_holiday,2026-03-29,2026-03-17,,SLE-3_29-MNR-Schedule-Change.pdf,ctrail_shore_line_east_effective_2026-03-29_updated_2026-03-17.pdf,2,To New London
CTrail,Shore Line East,Shore Line East,3692,To New London,CLIN,Clinton,6,07:18,07:18,2026-03-29,,,weekend_or_holiday,2026-03-29,2026-03-17,,SLE-3_29-MNR-Schedule-Change.pdf,ctrail_shore_line_east_effective_2026-03-29_updated_2026-03-17.pdf,2,To New London
CTrail,Shore Line East,Shore Line East,3692,To New London,WBK,Westbrook,7,07:23,07:23,2026-03-29,,,weekend_or_holiday,2026-03-29,2026-03-17,,SLE-3_29-MNR-Schedule-Change.pdf,ctrail_shore_line_east_effective_2026-03-29_updated_2026-03-17.pdf,2,To New London
CTrail,Shore Line East,Shore Line East,3692,To New London,OSB,Old Saybrook,8,07:32,07:32,2026-03-29,,,weekend_or_holiday,2026-03-29,2026-03-17,,SLE-3_29-MNR-Schedule-Change.pdf,ctrail_shore_line_east_effective_2026-03-29_updated_2026-03-17.pdf,2,To New London
CTrail,Shore Line East,Shore Line East,3692,To New London,NLC,New London,9,08:00,08:00,2026-03-29,,,weekend_or_holiday,2026-03-29,2026-03-17,,SLE-3_29-MNR-Schedule-Change.pdf,ctrail_shore_line_east_effective_2026-03-29_updated_2026-03-17.pdf,2,To New London
CTrail,Shore Line East,Shore Line East,3699,To New Haven,NLC,New London,1,23:45,23:45,2026-03-29,,,weekend_or_holiday,2026-03-29,2026-03-17,,SLE-3_29-MNR-Schedule-Change.pdf,ctrail_shore_line_east_effective_2026-03-29_updated_2026-03-17.pdf,2,To New Haven
CTrail,Shore Line East,Shore Line East,3699,To New Haven,OSB,Old Saybrook,2,00:05,00:05,2026-03-29,,,weekend_or_holiday,2026-03-29,2026-03-17,,SLE-3_29-MNR-Schedule-Change.pdf,ctrail_shore_line_east_effective_2026-03-29_updated_2026-03-17.pdf,2,To New Haven
CTrail,Shore Line East,Shore Line East,3699,To New Haven,WBK,Westbrook,3,00:09,00:09,2026-03-29,,,weekend_or_holiday,2026-03-29,2026-03-17,,SLE-3_29-MNR-Schedule-Change.pdf,ctrail_shore_line_east_effective_2026-03-29_updated_2026-03-17.pdf,2,To New Haven
CTrail,Shore Line East,Shore Line East,3699,To New Haven,CLIN,Clinton,4,00:14,00:14,2026-03-29,,,weekend_or_holiday,2026-03-29,2026-03-17,,SLE-3_29-MNR-Schedule-Change.pdf,ctrail_shore_line_east_effective_2026-03-29_updated_2026-03-17.pdf,2,To New Haven
CTrail,Shore Line East,Shore Line East,3699,To New Haven,GUI,Guilford,6,00:22,00:22,2026-03-29,,,weekend_or_holiday,2026-03-29,2026-03-17,,SLE-3_29-MNR-Schedule-Change.pdf,ctrail_shore_line_east_effective_2026-03-29_updated_2026-03-17.pdf,2,To New Haven
CTrail,Shore Line East,Shore Line East,3699,To New Haven,BRA,Branford,7,00:30,00:30,2026-03-29,,,weekend_or_holiday,2026-03-29,2026-03-17,,SLE-3_29-MNR-Schedule-Change.pdf,ctrail_shore_line_east_effective_2026-03-29_updated_2026-03-17.pdf,2,To New Haven
CTrail,Shore Line East,Shore Line East,3699,To New Haven,NHV,New Haven - Union Station,9,00:50,00:50,2026-03-29,,,weekend_or_holiday,2026-03-29,2026-03-17,,SLE-3_29-MNR-Schedule-Change.pdf,ctrail_shore_line_east_effective_2026-03-29_updated_2026-03-17.pdf,2,To New Haven
Metro-North,New Haven Line,New Haven Line,1497,To Grand Central,NHV,New Haven Union Station,1,22:45,22:45,2026-03-29,,,weekday,2026-03-29,2026-03-17,,SLE-3_29-MNR-Schedule-Change.pdf,ctrail_shore_line_east_effective_2026-03-29_updated_2026-03-17.pdf,1,SLE connection to New York
Metro-North,New Haven Line,New Haven Line,1497,To Grand Central,WHA,West Haven,2,22:50,22:50,2026-03-29,,,weekday,2026-03-29,2026-03-17,,SLE-3_29-MNR-Schedule-Change.pdf,ctrail_shore_line_east_effective_2026-03-29_updated_2026-03-17.pdf,1,SLE connection to New York
Metro-North,New Haven Line,New Haven Line,1497,To Grand Central,MIL,Milford,3,22:57,22:57,2026-03-29,,,weekday,2026-03-29,2026-03-17,,SLE-3_29-MNR-Schedule-Change.pdf,ctrail_shore_line_east_effective_2026-03-29_updated_2026-03-17.pdf,1,SLE connection to New York
Metro-North,New Haven Line,New Haven Line,1497,To Grand Central,SFD,Stratford,4,23:04,23:04,2026-03-29,,,weekday,2026-03-29,2026-03-17,,SLE-3_29-MNR-Schedule-Change.pdf,ctrail_shore_line_east_effective_2026-03-29_updated_2026-03-17.pdf,1,SLE connection to New York
Metro-North,New Haven Line,New Haven Line,1497,To Grand Central,BRP,Bridgeport,5,23:10,23:10,2026-03-29,,,weekday,2026-03-29,2026-03-17,,SLE-3_29-MNR-Schedule-Change.pdf,ctrail_shore_line_east_effective_2026-03-29_updated_2026-03-17.pdf,1,SLE connection to New York
Metro-North,New Haven Line,New Haven Line,1497,To Grand Central,SONO,South Norwalk,6,23:38,23:38,2026-03-29,,,weekday,2026-03-29,2026-03-17,,SLE-3_29-MNR-Schedule-Change.pdf,ctrail_shore_line_east_effective_2026-03-29_updated_2026-03-17.pdf,1,SLE connection to New York
Metro-North,New Haven Line,New Haven Line,1497,To Grand Central,STM,Stamford,7,23:56,23:56,2026-03-29,,,weekday,2026-03-29,2026-03-17,,SLE-3_29-MNR-Schedule-Change.pdf,ctrail_shore_line_east_effective_2026-03-29_updated_2026-03-17.pdf,1,SLE connection to New York
Metro-North,New Haven Line,New Haven Line,1497,To Grand Central,H125,Harlem - 125th St.,9,00:40,00:40,2026-03-29,,,weekday,2026-03-29,2026-03-17,,SLE-3_29-MNR-Schedule-Change.pdf,ctrail_shore_line_east_effective_2026-03-29_updated_2026-03-17.pdf,1,SLE connection to New York
Metro-North,New Haven Line,New Haven Line,1497,To Grand Central,GCT,Grand Central Terminal,10,00:52,00:52,2026-03-29,,,weekday,2026-03-29,2026-03-17,,SLE-3_29-MNR-Schedule-Change.pdf,ctrail_shore_line_east_effective_2026-03-29_updated_2026-03-17.pdf,1,SLE connection to New York
Metro-North,New Haven Line,New Haven Line,1502,To New Haven,GCT,Grand Central Terminal,1,01:47,01:47,2026-03-29,,,weekday,2026-03-29,2026-03-17,,SLE-3_29-MNR-Schedule-Change.pdf,ctrail_shore_line_east_effective_2026-03-29_updated_2026-03-17.pdf,1,SLE connection from New York
Metro-North,New Haven Line,New Haven Line,1502,To New Haven,H125,Harlem - 125th St.,2,01:57,01:57,2026-03-29,,,weekday,2026-03-29,2026-03-17,,SLE-3_29-MNR-Schedule-Change.pdf,ctrail_shore_line_east_effective_2026-03-29_updated_2026-03-17.pdf,1,SLE connection from New York
Metro-North,New Haven Line,New Haven Line,1502,To New Haven,STM,Stamford,4,02:36,02:36,2026-03-29,,,weekday,2026-03-29,2026-03-17,,SLE-3_29-MNR-Schedule-Change.pdf,ctrail_shore_line_east_effective_2026-03-29_updated_2026-03-17.pdf,1,SLE connection from New York
Metro-North,New Haven Line,New Haven Line,1502,To New Haven,SONO,South Norwalk,5,02:51,02:51,2026-03-29,,,weekday,2026-03-29,2026-03-17,,SLE-3_29-MNR-Schedule-Change.pdf,ctrail_shore_line_east_effective_2026-03-29_updated_2026-03-17.pdf,1,SLE connection from New York
Metro-North,New Haven Line,New Haven Line,1502,To New Haven,BRP,Bridgeport,6,03:18,03:18,2026-03-29,,,weekday,2026-03-29,2026-03-17,,SLE-3_29-MNR-Schedule-Change.pdf,ctrail_shore_line_east_effective_2026-03-29_updated_2026-03-17.pdf,1,SLE connection from New York
Metro-North,New Haven Line,New Haven Line,1502,To New Haven,SFD,Stratford,7,03:24,03:24,2026-03-29,,,weekday,2026-03-29,2026-03-17,,SLE-3_29-MNR-Schedule-Change.pdf,ctrail_shore_line_east_effective_2026-03-29_updated_2026-03-17.pdf,1,SLE connection from New York
Metro-North,New Haven Line,New Haven Line,1502,To New Haven,MIL,Milford,8,03:30,03:30,2026-03-29,,,weekday,2026-03-29,2026-03-17,,SLE-3_29-MNR-Schedule-Change.pdf,ctrail_shore_line_east_effective_2026-03-29_updated_2026-03-17.pdf,1,SLE connection from New York
Metro-North,New Haven Line,New Haven Line,1502,To New Haven,WHA,West Haven,9,03:37,03:37,2026-03-29,,,weekday,2026-03-29,2026-03-17,,SLE-3_29-MNR-Schedule-Change.pdf,ctrail_shore_line_east_effective_2026-03-29_updated_2026-03-17.pdf,1,SLE connection from New York
Metro-North,New Haven Line,New Haven Line,1502,To New Haven,NHV,New Haven Union Station,10,03:56,03:56,2026-03-29,,,weekday,2026-03-29,2026-03-17,,SLE-3_29-MNR-Schedule-Change.pdf,ctrail_shore_line_east_effective_2026-03-29_updated_2026-03-17.pdf,1,SLE connection from New York
Metro-North,New Haven Line,New Haven Line,1504,To New Haven,GCT,Grand Central Terminal,1,05:49,05:49,2026-03-29,,,weekday,2026-03-29,2026-03-17,,SLE-3_29-MNR-Schedule-Change.pdf,ctrail_shore_line_east_effective_2026-03-29_updated_2026-03-17.pdf,1,SLE connection from New York
Metro-North,New Haven Line,New Haven Line,1504,To New Haven,H125,Harlem - 125th St.,2,05:59,05:59,2026-03-29,,,weekday,2026-03-29,2026-03-17,,SLE-3_29-MNR-Schedule-Change.pdf,ctrail_shore_line_east_effective_2026-03-29_updated_2026-03-17.pdf,1,SLE connection from New York
Metro-North,New Haven Line,New Haven Line,1504,To New Haven,GRE,Greenwich,3,06:31,06:31,2026-03-29,,,weekday,2026-03-29,2026-03-17,,SLE-3_29-MNR-Schedule-Change.pdf,ctrail_shore_line_east_effective_2026-03-29_updated_2026-03-17.pdf,1,SLE connection from New York
Metro-North,New Haven Line,New Haven Line,1504,To New Haven,STM,Stamford,4,06:40,06:40,2026-03-29,,,weekday,2026-03-29,2026-03-17,,SLE-3_29-MNR-Schedule-Change.pdf,ctrail_shore_line_east_effective_2026-03-29_updated_2026-03-17.pdf,1,SLE connection from New York
Metro-North,New Haven Line,New Haven Line,1504,To New Haven,SONO,South Norwalk,5,06:54,06:54,2026-03-29,,,weekday,2026-03-29,2026-03-17,,SLE-3_29-MNR-Schedule-Change.pdf,ctrail_shore_line_east_effective_2026-03-29_updated_2026-03-17.pdf,1,SLE connection from New York
Metro-North,New Haven Line,New Haven Line,1504,To New Haven,BRP,Bridgeport,6,07:23,07:23,2026-03-29,,,weekday,2026-03-29,2026-03-17,,SLE-3_29-MNR-Schedule-Change.pdf,ctrail_shore_line_east_effective_2026-03-29_updated_2026-03-17.pdf,1,SLE connection from New York
Metro-North,New Haven Line,New Haven Line,1504,To New Haven,SFD,Stratford,7,07:29,07:29,2026-03-29,,,weekday,2026-03-29,2026-03-17,,SLE-3_29-MNR-Schedule-Change.pdf,ctrail_shore_line_east_effective_2026-03-29_updated_2026-03-17.pdf,1,SLE connection from New York
Metro-North,New Haven Line,New Haven Line,1504,To New Haven,MIL,Milford,8,07:36,07:36,2026-03-29,,,weekday,2026-03-29,2026-03-17,,SLE-3_29-MNR-Schedule-Change.pdf,ctrail_shore_line_east_effective_2026-03-29_updated_2026-03-17.pdf,1,SLE connection from New York
Metro-North,New Haven Line,New Haven Line,1504,To New Haven,WHA,West Haven,9,07:43,07:43,2026-03-29,,,weekday,2026-03-29,2026-03-17,,SLE-3_29-MNR-Schedule-Change.pdf,ctrail_shore_line_east_effective_2026-03-29_updated_2026-03-17.pdf,1,SLE connection from New York
Metro-North,New Haven Line,New Haven Line,1504,To New Haven,NHV,New Haven Union Station,10,07:54,07:54,2026-03-29,,,weekday,2026-03-29,2026-03-17,,SLE-3_29-MNR-Schedule-Change.pdf,ctrail_shore_line_east_effective_2026-03-29_updated_2026-03-17.pdf,1,SLE connection from New York
Metro-North,New Haven Line,New Haven Line,1510,To New Haven,GCT,Grand Central Terminal,1,07:30,07:30,2026-03-29,,,weekday,2026-03-29,2026-03-17,,SLE-3_29-MNR-Schedule-Change.pdf,ctrail_shore_line_east_effective_2026-03-29_updated_2026-03-17.pdf,1,SLE connection from New York
Metro-North,New Haven Line,New Haven Line,1510,To New Haven,H125,Harlem - 125th St.,2,07:40,07:40,2026-03-29,,,weekday,2026-03-29,2026-03-17,,SLE-3_29-MNR-Schedule-Change.pdf,ctrail_shore_line_east_effective_2026-03-29_updated_2026-03-17.pdf,1,SLE connection from New York
Metro-North,New Haven Line,New Haven Line,1510,To New Haven,GRE,Greenwich,3,08:14,08:14,2026-03-29,,,weekday,2026-03-29,2026-03-17,,SLE-3_29-MNR-Schedule-Change.pdf,ctrail_shore_line_east_effective_2026-03-29_updated_2026-03-17.pdf,1,SLE connection from New York
Metro-North,New Haven Line,New Haven Line,1510,To New Haven,STM,Stamford,4,08:24,08:24,2026-03-29,,,weekday,2026-03-29,2026-03-17,,SLE-3_29-MNR-Schedule-Change.pdf,ctrail_shore_line_east_effective_2026-03-29_updated_2026-03-17.pdf,1,SLE connection from New York
Metro-North,New Haven Line,New Haven Line,1510,To New Haven,SONO,South Norwalk,5,08:37,08:37,2026-03-29,,,weekday,2026-03-29,2026-03-17,,SLE-3_29-MNR-Schedule-Change.pdf,ctrail_shore_line_east_effective_2026-03-29_updated_2026-03-17.pdf,1,SLE connection from New York
Metro-North,New Haven Line,New Haven Line,1510,To New Haven,BRP,Bridgeport,6,08:59,08:59,2026-03-29,,,weekday,2026-03-29,2026-03-17,,SLE-3_29-MNR-Schedule-Change.pdf,ctrail_shore_line_east_effective_2026-03-29_updated_2026-03-17.pdf,1,SLE connection from New York
Metro-North,New Haven Line,New Haven Line,1510,To New Haven,SFD,Stratford,7,09:05,09:05,2026-03-29,,,weekday,2026-03-29,2026-03-17,,SLE-3_29-MNR-Schedule-Change.pdf,ctrail_shore_line_east_effective_2026-03-29_updated_2026-03-17.pdf,1,SLE connection from New York
Metro-North,New Haven Line,New Haven Line,1510,To New Haven,MIL,Milford,8,09:12,09:12,2026-03-29,,,weekday,2026-03-29,2026-03-17,,SLE-3_29-MNR-Schedule-Change.pdf,ctrail_shore_line_east_effective_2026-03-29_updated_2026-03-17.pdf,1,SLE connection from New York
Metro-North,New Haven Line,New Haven Line,1510,To New Haven,WHA,West Haven,9,09:19,09:19,2026-03-29,,,weekday,2026-03-29,2026-03-17,,SLE-3_29-MNR-Schedule-Change.pdf,ctrail_shore_line_east_effective_2026-03-29_updated_2026-03-17.pdf,1,SLE connection from New York
Metro-North,New Haven Line,New Haven Line,1510,To New Haven,NHV,New Haven Union Station,10,09:31,09:31,2026-03-29,,,weekday,2026-03-29,2026-03-17,,SLE-3_29-MNR-Schedule-Change.pdf,ctrail_shore_line_east_effective_2026-03-29_updated_2026-03-17.pdf,1,SLE connection from New York
Metro-North,New Haven Line,New Haven Line,1524,To New Haven,GCT,Grand Central Terminal,1,11:34,11:34,2026-03-29,,,weekday,2026-03-29,2026-03-17,,SLE-3_29-MNR-Schedule-Change.pdf,ctrail_shore_line_east_effective_2026-03-29_updated_2026-03-17.pdf,1,SLE connection from New York
Metro-North,New Haven Line,New Haven Line,1524,To New Haven,H125,Harlem - 125th St.,2,11:44,11:44,2026-03-29,,,weekday,2026-03-29,2026-03-17,,SLE-3_29-MNR-Schedule-Change.pdf,ctrail_shore_line_east_effective_2026-03-29_updated_2026-03-17.pdf,1,SLE connection from New York
Metro-North,New Haven Line,New Haven Line,1524,To New Haven,STM,Stamford,4,12:25,12:25,2026-03-29,,,weekday,2026-03-29,2026-03-17,,SLE-3_29-MNR-Schedule-Change.pdf,ctrail_shore_line_east_effective_2026-03-29_updated_2026-03-17.pdf,1,SLE connection from New York
Metro-North,New Haven Line,New Haven Line,1524,To New Haven,SONO,South Norwalk,5,12:37,12:37,2026-03-29,,,weekday,2026-03-29,2026-03-17,,SLE-3_29-MNR-Schedule-Change.pdf,ctrail_shore_line_east_effective_2026-03-29_updated_2026-03-17.pdf,1,SLE connection from New York
Metro-North,New Haven Line,New Haven Line,1524,To New Haven,BRP,Bridgeport,6,13:01,13:01,2026-03-29,,,weekday,2026-03-29,2026-03-17,,SLE-3_29-MNR-Schedule-Change.pdf,ctrail_shore_line_east_effective_2026-03-29_updated_2026-03-17.pdf,1,SLE connection from New York
Metro-North,New Haven Line,New Haven Line,1524,To New Haven,SFD,Stratford,7,13:07,13:07,2026-03-29,,,weekday,2026-03-29,2026-03-17,,SLE-3_29-MNR-Schedule-Change.pdf,ctrail_shore_line_east_effective_2026-03-29_updated_2026-03-17.pdf,1,SLE connection from New York
Metro-North,New Haven Line,New Haven Line,1524,To New Haven,MIL,Milford,8,13:14,13:14,2026-03-29,,,weekday,2026-03-29,2026-03-17,,SLE-3_29-MNR-Schedule-Change.pdf,ctrail_shore_line_east_effective_2026-03-29_updated_2026-03-17.pdf,1,SLE connection from New York
Metro-North,New Haven Line,New Haven Line,1524,To New Haven,WHA,West Haven,9,13:23,13:23,2026-03-29,,,weekday,2026-03-29,2026-03-17,,SLE-3_29-MNR-Schedule-Change.pdf,ctrail_shore_line_east_effective_2026-03-29_updated_2026-03-17.pdf,1,SLE connection from New York
Metro-North,New Haven Line,New Haven Line,1524,To New Haven,NHV,New Haven Union Station,10,13:36,13:36,2026-03-29,,,weekday,2026-03-29,2026-03-17,,SLE-3_29-MNR-Schedule-Change.pdf,ctrail_shore_line_east_effective_2026-03-29_updated_2026-03-17.pdf,1,SLE connection from New York
Metro-North,New Haven Line,New Haven Line,1534,To New Haven,GCT,Grand Central Terminal,1,14:04,14:04,2026-03-29,,,weekday,2026-03-29,2026-03-17,,SLE-3_29-MNR-Schedule-Change.pdf,ctrail_shore_line_east_effective_2026-03-29_updated_2026-03-17.pdf,1,SLE connection from New York
Metro-North,New Haven Line,New Haven Line,1534,To New Haven,H125,Harlem - 125th St.,2,14:14,14:14,2026-03-29,,,weekday,2026-03-29,2026-03-17,,SLE-3_29-MNR-Schedule-Change.pdf,ctrail_shore_line_east_effective_2026-03-29_updated_2026-03-17.pdf,1,SLE connection from New York
Metro-North,New Haven Line,New Haven Line,1534,To New Haven,STM,Stamford,4,14:55,14:55,2026-03-29,,,weekday,2026-03-29,2026-03-17,,SLE-3_29-MNR-Schedule-Change.pdf,ctrail_shore_line_east_effective_2026-03-29_updated_2026-03-17.pdf,1,SLE connection from New York
Metro-North,New Haven Line,New Haven Line,1534,To New Haven,SONO,South Norwalk,5,15:10,15:10,2026-03-29,,,weekday,2026-03-29,2026-03-17,,SLE-3_29-MNR-Schedule-Change.pdf,ctrail_shore_line_east_effective_2026-03-29_updated_2026-03-17.pdf,1,SLE connection from New York
Metro-North,New Haven Line,New Haven Line,1534,To New Haven,BRP,Bridgeport,6,15:39,15:39,2026-03-29,,,weekday,2026-03-29,2026-03-17,,SLE-3_29-MNR-Schedule-Change.pdf,ctrail_shore_line_east_effective_2026-03-29_updated_2026-03-17.pdf,1,SLE connection from New York
Metro-North,New Haven Line,New Haven Line,1534,To New Haven,SFD,Stratford,7,15:46,15:46,2026-03-29,,,weekday,2026-03-29,2026-03-17,,SLE-3_29-MNR-Schedule-Change.pdf,ctrail_shore_line_east_effective_2026-03-29_updated_2026-03-17.pdf,1,SLE connection from New York
Metro-North,New Haven Line,New Haven Line,1534,To New Haven,MIL,Milford,8,15:53,15:53,2026-03-29,,,weekday,2026-03-29,2026-03-17,,SLE-3_29-MNR-Schedule-Change.pdf,ctrail_shore_line_east_effective_2026-03-29_updated_2026-03-17.pdf,1,SLE connection from New York
Metro-North,New Haven Line,New Haven Line,1534,To New Haven,WHA,West Haven,9,16:02,16:02,2026-03-29,,,weekday,2026-03-29,2026-03-17,,SLE-3_29-MNR-Schedule-Change.pdf,ctrail_shore_line_east_effective_2026-03-29_updated_2026-03-17.pdf,1,SLE connection from New York
Metro-North,New Haven Line,New Haven Line,1534,To New Haven,NHV,New Haven Union Station,10,16:15,16:15,2026-03-29,,,weekday,2026-03-29,2026-03-17,,SLE-3_29-MNR-Schedule-Change.pdf,ctrail_shore_line_east_effective_2026-03-29_updated_2026-03-17.pdf,1,SLE connection from New York
Metro-North,New Haven Line,New Haven Line,1537,To Grand Central,NHV,New Haven Union Station,1,07:44,07:44,2026-03-29,,,monday_through_thursday,2026-03-29,2026-03-17,,SLE-3_29-MNR-Schedule-Change.pdf,ctrail_shore_line_east_effective_2026-03-29_updated_2026-03-17.pdf,1,SLE connection to New York
Metro-North,New Haven Line,New Haven Line,1537,To Grand Central,WHA,West Haven,2,07:49,07:49,2026-03-29,,,monday_through_thursday,2026-03-29,2026-03-17,,SLE-3_29-MNR-Schedule-Change.pdf,ctrail_shore_line_east_effective_2026-03-29_updated_2026-03-17.pdf,1,SLE connection to New York
Metro-North,New Haven Line,New Haven Line,1537,To Grand Central,MIL,Milford,3,07:56,07:56,2026-03-29,,,monday_through_thursday,2026-03-29,2026-03-17,,SLE-3_29-MNR-Schedule-Change.pdf,ctrail_shore_line_east_effective_2026-03-29_updated_2026-03-17.pdf,1,SLE connection to New York
Metro-North,New Haven Line,New Haven Line,1537,To Grand Central,SFD,Stratford,4,08:02,08:02,2026-03-29,,,monday_through_thursday,2026-03-29,2026-03-17,,SLE-3_29-MNR-Schedule-Change.pdf,ctrail_shore_line_east_effective_2026-03-29_updated_2026-03-17.pdf,1,SLE connection to New York
Metro-North,New Haven Line,New Haven Line,1537,To Grand Central,BRP,Bridgeport,5,08:08,08:08,2026-03-29,,,monday_through_thursday,2026-03-29,2026-03-17,,SLE-3_29-MNR-Schedule-Change.pdf,ctrail_shore_line_east_effective_2026-03-29_updated_2026-03-17.pdf,1,SLE connection to New York
Metro-North,New Haven Line,New Haven Line,1537,To Grand Central,SONO,South Norwalk,6,08:36,08:36,2026-03-29,,,monday_through_thursday,2026-03-29,2026-03-17,,SLE-3_29-MNR-Schedule-Change.pdf,ctrail_shore_line_east_effective_2026-03-29_updated_2026-03-17.pdf,1,SLE connection to New York
Metro-North,New Haven Line,New Haven Line,1537,To Grand Central,STM,Stamford,7,08:49,08:49,2026-03-29,,,monday_through_thursday,2026-03-29,2026-03-17,,SLE-3_29-MNR-Schedule-Change.pdf,ctrail_shore_line_east_effective_2026-03-29_updated_2026-03-17.pdf,1,SLE connection to New York
Metro-North,New Haven Line,New Haven Line,1537,To Grand Central,GRE,Greenwich,8,08:57,08:57,2026-03-29,,,monday_through_thursday,2026-03-29,2026-03-17,,SLE-3_29-MNR-Schedule-Change.pdf,ctrail_shore_line_east_effective_2026-03-29_updated_2026-03-17.pdf,1,SLE connection to New York
Metro-North,New Haven Line,New Haven Line,1537,To Grand Central,H125,Harlem - 125th St.,9,09:29,09:29,2026-03-29,,,monday_through_thursday,2026-03-29,2026-03-17,,SLE-3_29-MNR-Schedule-Change.pdf,ctrail_shore_line_east_effective_2026-03-29_updated_2026-03-17.pdf,1,SLE connection to New York
Metro-North,New Haven Line,New Haven Line,1537,To Grand Central,GCT,Grand Central Terminal,10,09:43,09:43,2026-03-29,,,monday_through_thursday,2026-03-29,2026-03-17,,SLE-3_29-MNR-Schedule-Change.pdf,ctrail_shore_line_east_effective_2026-03-29_updated_2026-03-17.pdf,1,SLE connection to New York
Metro-North,New Haven Line,New Haven Line,1545,To Grand Central,NHV,New Haven Union Station,1,08:47,08:47,2026-03-29,,,weekday,2026-03-29,2026-03-17,,SLE-3_29-MNR-Schedule-Change.pdf,ctrail_shore_line_east_effective_2026-03-29_updated_2026-03-17.pdf,1,SLE connection to New York
Metro-North,New Haven Line,New Haven Line,1545,To Grand Central,WHA,West Haven,2,08:51,08:51,2026-03-29,,,weekday,2026-03-29,2026-03-17,,SLE-3_29-MNR-Schedule-Change.pdf,ctrail_shore_line_east_effective_2026-03-29_updated_2026-03-17.pdf,1,SLE connection to New York
Metro-North,New Haven Line,New Haven Line,1545,To Grand Central,MIL,Milford,3,08:59,08:59,2026-03-29,,,weekday,2026-03-29,2026-03-17,,SLE-3_29-MNR-Schedule-Change.pdf,ctrail_shore_line_east_effective_2026-03-29_updated_2026-03-17.pdf,1,SLE connection to New York
Metro-North,New Haven Line,New Haven Line,1545,To Grand Central,SFD,Stratford,4,09:06,09:06,2026-03-29,,,weekday,2026-03-29,2026-03-17,,SLE-3_29-MNR-Schedule-Change.pdf,ctrail_shore_line_east_effective_2026-03-29_updated_2026-03-17.pdf,1,SLE connection to New York
Metro-North,New Haven Line,New Haven Line,1545,To Grand Central,BRP,Bridgeport,5,09:12,09:12,2026-03-29,,,weekday,2026-03-29,2026-03-17,,SLE-3_29-MNR-Schedule-Change.pdf,ctrail_shore_line_east_effective_2026-03-29_updated_2026-03-17.pdf,1,SLE connection to New York
Metro-North,New Haven Line,New Haven Line,1545,To Grand Central,SONO,South Norwalk,6,09:35,09:35,2026-03-29,,,weekday,2026-03-29,2026-03-17,,SLE-3_29-MNR-Schedule-Change.pdf,ctrail_shore_line_east_effective_2026-03-29_updated_2026-03-17.pdf,1,SLE connection to New York
Metro-North,New Haven Line,New Haven Line,1545,To Grand Central,STM,Stamford,7,09:46,09:46,2026-03-29,,,weekday,2026-03-29,2026-03-17,,SLE-3_29-MNR-Schedule-Change.pdf,ctrail_shore_line_east_effective_2026-03-29_updated_2026-03-17.pdf,1,SLE connection to New York
Metro-North,New Haven Line,New Haven Line,1545,To Grand Central,H125,Harlem - 125th St.,9,10:28,10:28,2026-03-29,,,weekday,2026-03-29,2026-03-17,,SLE-3_29-MNR-Schedule-Change.pdf,ctrail_shore_line_east_effective_2026-03-29_updated_2026-03-17.pdf,1,SLE connection to New York
Metro-North,New Haven Line,New Haven Line,1545,To Grand Central,GCT,Grand Central Terminal,10,10:40,10:40,2026-03-29,,,weekday,2026-03-29,2026-03-17,,SLE-3_29-MNR-Schedule-Change.pdf,ctrail_shore_line_east_effective_2026-03-29_updated_2026-03-17.pdf,1,SLE connection to New York
Metro-North,New Haven Line,New Haven Line,1556,To New Haven,GCT,Grand Central Terminal,1,17:22,17:22,2026-03-29,,,weekday,2026-03-29,2026-03-17,,SLE-3_29-MNR-Schedule-Change.pdf,ctrail_shore_line_east_effective_2026-03-29_updated_2026-03-17.pdf,1,SLE connection from New York
Metro-North,New Haven Line,New Haven Line,1556,To New Haven,H125,Harlem - 125th St.,2,17:32,17:32,2026-03-29,,,weekday,2026-03-29,2026-03-17,,SLE-3_29-MNR-Schedule-Change.pdf,ctrail_shore_line_east_effective_2026-03-29_updated_2026-03-17.pdf,1,SLE connection from New York
Metro-North,New Haven Line,New Haven Line,1556,To New Haven,STM,Stamford,4,18:09,18:09,2026-03-29,,,weekday,2026-03-29,2026-03-17,,SLE-3_29-MNR-Schedule-Change.pdf,ctrail_shore_line_east_effective_2026-03-29_updated_2026-03-17.pdf,1,SLE connection from New York
Metro-North,New Haven Line,New Haven Line,1556,To New Haven,BRP,Bridgeport,6,18:41,18:41,2026-03-29,,,weekday,2026-03-29,2026-03-17,,SLE-3_29-MNR-Schedule-Change.pdf,ctrail_shore_line_east_effective_2026-03-29_updated_2026-03-17.pdf,1,SLE connection from New York
Metro-North,New Haven Line,New Haven Line,1556,To New Haven,SFD,Stratford,7,18:47,18:47,2026-03-29,,,weekday,2026-03-29,2026-03-17,,SLE-3_29-MNR-Schedule-Change.pdf,ctrail_shore_line_east_effective_2026-03-29_updated_2026-03-17.pdf,1,SLE connection from New York
Metro-North,New Haven Line,New Haven Line,1556,To New Haven,MIL,Milford,8,18:55,18:55,2026-03-29,,,weekday,2026-03-29,2026-03-17,,SLE-3_29-MNR-Schedule-Change.pdf,ctrail_shore_line_east_effective_2026-03-29_updated_2026-03-17.pdf,1,SLE connection from New York
Metro-North,New Haven Line,New Haven Line,1556,To New Haven,WHA,West Haven,9,19:02,19:02,2026-03-29,,,weekday,2026-03-29,2026-03-17,,SLE-3_29-MNR-Schedule-Change.pdf,ctrail_shore_line_east_effective_2026-03-29_updated_2026-03-17.pdf,1,SLE connection from New York
Metro-North,New Haven Line,New Haven Line,1556,To New Haven,NHV,New Haven Union Station,10,19:12,19:12,2026-03-29,,,weekday,2026-03-29,2026-03-17,,SLE-3_29-MNR-Schedule-Change.pdf,ctrail_shore_line_east_effective_2026-03-29_updated_2026-03-17.pdf,1,SLE connection from New York
Metro-North,New Haven Line,New Haven Line,1557,To Grand Central,NHV,New Haven Union Station,1,11:21,11:21,2026-03-29,,,weekday,2026-03-29,2026-03-17,,SLE-3_29-MNR-Schedule-Change.pdf,ctrail_shore_line_east_effective_2026-03-29_updated_2026-03-17.pdf,1,SLE connection to New York
Metro-North,New Haven Line,New Haven Line,1557,To Grand Central,WHA,West Haven,2,11:25,11:25,2026-03-29,,,weekday,2026-03-29,2026-03-17,,SLE-3_29-MNR-Schedule-Change.pdf,ctrail_shore_line_east_effective_2026-03-29_updated_2026-03-17.pdf,1,SLE connection to New York
Metro-North,New Haven Line,New Haven Line,1557,To Grand Central,MIL,Milford,3,11:33,11:33,2026-03-29,,,weekday,2026-03-29,2026-03-17,,SLE-3_29-MNR-Schedule-Change.pdf,ctrail_shore_line_east_effective_2026-03-29_updated_2026-03-17.pdf,1,SLE connection to New York
Metro-North,New Haven Line,New Haven Line,1557,To Grand Central,SFD,Stratford,4,11:39,11:39,2026-03-29,,,weekday,2026-03-29,2026-03-17,,SLE-3_29-MNR-Schedule-Change.pdf,ctrail_shore_line_east_effective_2026-03-29_updated_2026-03-17.pdf,1,SLE connection to New York
Metro-North,New Haven Line,New Haven Line,1557,To Grand Central,BRP,Bridgeport,5,11:45,11:45,2026-03-29,,,weekday,2026-03-29,2026-03-17,,SLE-3_29-MNR-Schedule-Change.pdf,ctrail_shore_line_east_effective_2026-03-29_updated_2026-03-17.pdf,1,SLE connection to New York
Metro-North,New Haven Line,New Haven Line,1557,To Grand Central,SONO,South Norwalk,6,12:10,12:10,2026-03-29,,,weekday,2026-03-29,2026-03-17,,SLE-3_29-MNR-Schedule-Change.pdf,ctrail_shore_line_east_effective_2026-03-29_updated_2026-03-17.pdf,1,SLE connection to New York
Metro-North,New Haven Line,New Haven Line,1557,To Grand Central,STM,Stamford,7,12:24,12:24,2026-03-29,,,weekday,2026-03-29,2026-03-17,,SLE-3_29-MNR-Schedule-Change.pdf,ctrail_shore_line_east_effective_2026-03-29_updated_2026-03-17.pdf,1,SLE connection to New York
Metro-North,New Haven Line,New Haven Line,1557,To Grand Central,H125,Harlem - 125th St.,9,13:11,13:11,2026-03-29,,,weekday,2026-03-29,2026-03-17,,SLE-3_29-MNR-Schedule-Change.pdf,ctrail_shore_line_east_effective_2026-03-29_updated_2026-03-17.pdf,1,SLE connection to New York
Metro-North,New Haven Line,New Haven Line,1557,To Grand Central,GCT,Grand Central Terminal,10,13:23,13:23,2026-03-29,,,weekday,2026-03-29,2026-03-17,,SLE-3_29-MNR-Schedule-Change.pdf,ctrail_shore_line_east_effective_2026-03-29_updated_2026-03-17.pdf,1,SLE connection to New York
Metro-North,New Haven Line,New Haven Line,1560,To New Haven,GCT,Grand Central Terminal,1,17:41,17:41,2026-03-29,,,monday_through_thursday,2026-03-29,2026-03-17,,SLE-3_29-MNR-Schedule-Change.pdf,ctrail_shore_line_east_effective_2026-03-29_updated_2026-03-17.pdf,1,SLE connection from New York
Metro-North,New Haven Line,New Haven Line,1560,To New Haven,BRP,Bridgeport,6,19:04,19:04,2026-03-29,,,monday_through_thursday,2026-03-29,2026-03-17,,SLE-3_29-MNR-Schedule-Change.pdf,ctrail_shore_line_east_effective_2026-03-29_updated_2026-03-17.pdf,1,SLE connection from New York
Metro-North,New Haven Line,New Haven Line,1560,To New Haven,SFD,Stratford,7,19:11,19:11,2026-03-29,,,monday_through_thursday,2026-03-29,2026-03-17,,SLE-3_29-MNR-Schedule-Change.pdf,ctrail_shore_line_east_effective_2026-03-29_updated_2026-03-17.pdf,1,SLE connection from New York
Metro-North,New Haven Line,New Haven Line,1560,To New Haven,MIL,Milford,8,19:18,19:18,2026-03-29,,,monday_through_thursday,2026-03-29,2026-03-17,,SLE-3_29-MNR-Schedule-Change.pdf,ctrail_shore_line_east_effective_2026-03-29_updated_2026-03-17.pdf,1,SLE connection from New York
Metro-North,New Haven Line,New Haven Line,1560,To New Haven,WHA,West Haven,9,19:25,19:25,2026-03-29,,,monday_through_thursday,2026-03-29,2026-03-17,,SLE-3_29-MNR-Schedule-Change.pdf,ctrail_shore_line_east_effective_2026-03-29_updated_2026-03-17.pdf,1,SLE connection from New York
Metro-North,New Haven Line,New Haven Line,1560,To New Haven,NHV,New Haven Union Station,10,19:33,19:33,2026-03-29,,,monday_through_thursday,2026-03-29,2026-03-17,,SLE-3_29-MNR-Schedule-Change.pdf,ctrail_shore_line_east_effective_2026-03-29_updated_2026-03-17.pdf,1,SLE connection from New York
Metro-North,New Haven Line,New Haven Line,1561,To Grand Central,NHV,New Haven Union Station,1,12:24,12:24,2026-03-29,,,weekday,2026-03-29,2026-03-17,,SLE-3_29-MNR-Schedule-Change.pdf,ctrail_shore_line_east_effective_2026-03-29_updated_2026-03-17.pdf,1,SLE connection to New York
Metro-North,New Haven Line,New Haven Line,1561,To Grand Central,WHA,West Haven,2,12:28,12:28,2026-03-29,,,weekday,2026-03-29,2026-03-17,,SLE-3_29-MNR-Schedule-Change.pdf,ctrail_shore_line_east_effective_2026-03-29_updated_2026-03-17.pdf,1,SLE connection to New York
Metro-North,New Haven Line,New Haven Line,1561,To Grand Central,MIL,Milford,3,12:36,12:36,2026-03-29,,,weekday,2026-03-29,2026-03-17,,SLE-3_29-MNR-Schedule-Change.pdf,ctrail_shore_line_east_effective_2026-03-29_updated_2026-03-17.pdf,1,SLE connection to New York
Metro-North,New Haven Line,New Haven Line,1561,To Grand Central,SFD,Stratford,4,12:42,12:42,2026-03-29,,,weekday,2026-03-29,2026-03-17,,SLE-3_29-MNR-Schedule-Change.pdf,ctrail_shore_line_east_effective_2026-03-29_updated_2026-03-17.pdf,1,SLE connection to New York
Metro-North,New Haven Line,New Haven Line,1561,To Grand Central,BRP,Bridgeport,5,12:49,12:49,2026-03-29,,,weekday,2026-03-29,2026-03-17,,SLE-3_29-MNR-Schedule-Change.pdf,ctrail_shore_line_east_effective_2026-03-29_updated_2026-03-17.pdf,1,SLE connection to New York
Metro-North,New Haven Line,New Haven Line,1561,To Grand Central,SONO,South Norwalk,6,13:12,13:12,2026-03-29,,,weekday,2026-03-29,2026-03-17,,SLE-3_29-MNR-Schedule-Change.pdf,ctrail_shore_line_east_effective_2026-03-29_updated_2026-03-17.pdf,1,SLE connection to New York
Metro-North,New Haven Line,New Haven Line,1561,To Grand Central,STM,Stamford,7,13:27,13:27,2026-03-29,,,weekday,2026-03-29,2026-03-17,,SLE-3_29-MNR-Schedule-Change.pdf,ctrail_shore_line_east_effective_2026-03-29_updated_2026-03-17.pdf,1,SLE connection to New York
Metro-North,New Haven Line,New Haven Line,1561,To Grand Central,H125,Harlem - 125th St.,9,14:10,14:10,2026-03-29,,,weekday,2026-03-29,2026-03-17,,SLE-3_29-MNR-Schedule-Change.pdf,ctrail_shore_line_east_effective_2026-03-29_updated_2026-03-17.pdf,1,SLE connection to New York
Metro-North,New Haven Line,New Haven Line,1561,To Grand Central,GCT,Grand Central Terminal,10,14:22,14:22,2026-03-29,,,weekday,2026-03-29,2026-03-17,,SLE-3_29-MNR-Schedule-Change.pdf,ctrail_shore_line_east_effective_2026-03-29_updated_2026-03-17.pdf,1,SLE connection to New York
Metro-North,New Haven Line,New Haven Line,1570,To New Haven,GCT,Grand Central Terminal,1,18:31,18:31,2026-03-29,,,weekday,2026-03-29,2026-03-17,,SLE-3_29-MNR-Schedule-Change.pdf,ctrail_shore_line_east_effective_2026-03-29_updated_2026-03-17.pdf,1,SLE connection from New York
Metro-North,New Haven Line,New Haven Line,1570,To New Haven,H125,Harlem - 125th St.,2,18:41,18:41,2026-03-29,,,weekday,2026-03-29,2026-03-17,,SLE-3_29-MNR-Schedule-Change.pdf,ctrail_shore_line_east_effective_2026-03-29_updated_2026-03-17.pdf,1,SLE connection from New York
Metro-North,New Haven Line,New Haven Line,1570,To New Haven,BRP,Bridgeport,6,19:56,19:56,2026-03-29,,,weekday,2026-03-29,2026-03-17,,SLE-3_29-MNR-Schedule-Change.pdf,ctrail_shore_line_east_effective_2026-03-29_updated_2026-03-17.pdf,1,SLE connection from New York
Metro-North,New Haven Line,New Haven Line,1570,To New Haven,SFD,Stratford,7,20:03,20:03,2026-03-29,,,weekday,2026-03-29,2026-03-17,,SLE-3_29-MNR-Schedule-Change.pdf,ctrail_shore_line_east_effective_2026-03-29_updated_2026-03-17.pdf,1,SLE connection from New York
Metro-North,New Haven Line,New Haven Line,1570,To New Haven,MIL,Milford,8,20:10,20:10,2026-03-29,,,weekday,2026-03-29,2026-03-17,,SLE-3_29-MNR-Schedule-Change.pdf,ctrail_shore_line_east_effective_2026-03-29_updated_2026-03-17.pdf,1,SLE connection from New York
Metro-North,New Haven Line,New Haven Line,1570,To New Haven,WHA,West Haven,9,20:17,20:17,2026-03-29,,,weekday,2026-03-29,2026-03-17,,SLE-3_29-MNR-Schedule-Change.pdf,ctrail_shore_line_east_effective_2026-03-29_updated_2026-03-17.pdf,1,SLE connection from New York
Metro-North,New Haven Line,New Haven Line,1570,To New Haven,NHV,New Haven Union Station,10,20:30,20:30,2026-03-29,,,weekday,2026-03-29,2026-03-17,,SLE-3_29-MNR-Schedule-Change.pdf,ctrail_shore_line_east_effective_2026-03-29_updated_2026-03-17.pdf,1,SLE connection from New York
Metro-North,New Haven Line,New Haven Line,1579,To Grand Central,NHV,New Haven Union Station,1,16:43,16:43,2026-03-29,,,weekday,2026-03-29,2026-03-17,,SLE-3_29-MNR-Schedule-Change.pdf,ctrail_shore_line_east_effective_2026-03-29_updated_2026-03-17.pdf,1,SLE connection to New York
Metro-North,New Haven Line,New Haven Line,1579,To Grand Central,WHA,West Haven,2,16:48,16:48,2026-03-29,,,weekday,2026-03-29,2026-03-17,,SLE-3_29-MNR-Schedule-Change.pdf,ctrail_shore_line_east_effective_2026-03-29_updated_2026-03-17.pdf,1,SLE connection to New York
Metro-North,New Haven Line,New Haven Line,1579,To Grand Central,MIL,Milford,3,16:56,16:56,2026-03-29,,,weekday,2026-03-29,2026-03-17,,SLE-3_29-MNR-Schedule-Change.pdf,ctrail_shore_line_east_effective_2026-03-29_updated_2026-03-17.pdf,1,SLE connection to New York
Metro-North,New Haven Line,New Haven Line,1579,To Grand Central,SFD,Stratford,4,17:02,17:02,2026-03-29,,,weekday,2026-03-29,2026-03-17,,SLE-3_29-MNR-Schedule-Change.pdf,ctrail_shore_line_east_effective_2026-03-29_updated_2026-03-17.pdf,1,SLE connection to New York
Metro-North,New Haven Line,New Haven Line,1579,To Grand Central,BRP,Bridgeport,5,17:08,17:08,2026-03-29,,,weekday,2026-03-29,2026-03-17,,SLE-3_29-MNR-Schedule-Change.pdf,ctrail_shore_line_east_effective_2026-03-29_updated_2026-03-17.pdf,1,SLE connection to New York
Metro-North,New Haven Line,New Haven Line,1579,To Grand Central,SONO,South Norwalk,6,17:36,17:36,2026-03-29,,,weekday,2026-03-29,2026-03-17,,SLE-3_29-MNR-Schedule-Change.pdf,ctrail_shore_line_east_effective_2026-03-29_updated_2026-03-17.pdf,1,SLE connection to New York
Metro-North,New Haven Line,New Haven Line,1579,To Grand Central,STM,Stamford,7,17:54,17:54,2026-03-29,,,weekday,2026-03-29,2026-03-17,,SLE-3_29-MNR-Schedule-Change.pdf,ctrail_shore_line_east_effective_2026-03-29_updated_2026-03-17.pdf,1,SLE connection to New York
Metro-North,New Haven Line,New Haven Line,1579,To Grand Central,GRE,Greenwich,8,18:03,18:03,2026-03-29,,,weekday,2026-03-29,2026-03-17,,SLE-3_29-MNR-Schedule-Change.pdf,ctrail_shore_line_east_effective_2026-03-29_updated_2026-03-17.pdf,1,SLE connection to New York
Metro-North,New Haven Line,New Haven Line,1579,To Grand Central,H125,Harlem - 125th St.,9,18:45,18:45,2026-03-29,,,weekday,2026-03-29,2026-03-17,,SLE-3_29-MNR-Schedule-Change.pdf,ctrail_shore_line_east_effective_2026-03-29_updated_2026-03-17.pdf,1,SLE connection to New York
Metro-North,New Haven Line,New Haven Line,1579,To Grand Central,GCT,Grand Central Terminal,10,18:57,18:57,2026-03-29,,,weekday,2026-03-29,2026-03-17,,SLE-3_29-MNR-Schedule-Change.pdf,ctrail_shore_line_east_effective_2026-03-29_updated_2026-03-17.pdf,1,SLE connection to New York
Metro-North,New Haven Line,New Haven Line,1581,To Grand Central,NHV,New Haven Union Station,1,17:27,17:27,2026-03-29,,,weekday,2026-03-29,2026-03-17,,SLE-3_29-MNR-Schedule-Change.pdf,ctrail_shore_line_east_effective_2026-03-29_updated_2026-03-17.pdf,1,SLE connection to New York
Metro-North,New Haven Line,New Haven Line,1581,To Grand Central,WHA,West Haven,2,17:31,17:31,2026-03-29,,,weekday,2026-03-29,2026-03-17,,SLE-3_29-MNR-Schedule-Change.pdf,ctrail_shore_line_east_effective_2026-03-29_updated_2026-03-17.pdf,1,SLE connection to New York
Metro-North,New Haven Line,New Haven Line,1581,To Grand Central,MIL,Milford,3,17:39,17:39,2026-03-29,,,weekday,2026-03-29,2026-03-17,,SLE-3_29-MNR-Schedule-Change.pdf,ctrail_shore_line_east_effective_2026-03-29_updated_2026-03-17.pdf,1,SLE connection to New York
Metro-North,New Haven Line,New Haven Line,1581,To Grand Central,SFD,Stratford,4,17:45,17:45,2026-03-29,,,weekday,2026-03-29,2026-03-17,,SLE-3_29-MNR-Schedule-Change.pdf,ctrail_shore_line_east_effective_2026-03-29_updated_2026-03-17.pdf,1,SLE connection to New York
Metro-North,New Haven Line,New Haven Line,1581,To Grand Central,BRP,Bridgeport,5,17:51,17:51,2026-03-29,,,weekday,2026-03-29,2026-03-17,,SLE-3_29-MNR-Schedule-Change.pdf,ctrail_shore_line_east_effective_2026-03-29_updated_2026-03-17.pdf,1,SLE connection to New York
Metro-North,New Haven Line,New Haven Line,1581,To Grand Central,SONO,South Norwalk,6,18:14,18:14,2026-03-29,,,weekday,2026-03-29,2026-03-17,,SLE-3_29-MNR-Schedule-Change.pdf,ctrail_shore_line_east_effective_2026-03-29_updated_2026-03-17.pdf,1,SLE connection to New York
Metro-North,New Haven Line,New Haven Line,1581,To Grand Central,STM,Stamford,7,18:29,18:29,2026-03-29,,,weekday,2026-03-29,2026-03-17,,SLE-3_29-MNR-Schedule-Change.pdf,ctrail_shore_line_east_effective_2026-03-29_updated_2026-03-17.pdf,1,SLE connection to New York
Metro-North,New Haven Line,New Haven Line,1581,To Grand Central,GRE,Greenwich,8,18:37,18:37,2026-03-29,,,weekday,2026-03-29,2026-03-17,,SLE-3_29-MNR-Schedule-Change.pdf,ctrail_shore_line_east_effective_2026-03-29_updated_2026-03-17.pdf,1,SLE connection to New York
Metro-North,New Haven Line,New Haven Line,1581,To Grand Central,H125,Harlem - 125th St.,9,19:13,19:13,2026-03-29,,,weekday,2026-03-29,2026-03-17,,SLE-3_29-MNR-Schedule-Change.pdf,ctrail_shore_line_east_effective_2026-03-29_updated_2026-03-17.pdf,1,SLE connection to New York
Metro-North,New Haven Line,New Haven Line,1581,To Grand Central,GCT,Grand Central Terminal,10,19:26,19:26,2026-03-29,,,weekday,2026-03-29,2026-03-17,,SLE-3_29-MNR-Schedule-Change.pdf,ctrail_shore_line_east_effective_2026-03-29_updated_2026-03-17.pdf,1,SLE connection to New York
Metro-North,New Haven Line,New Haven Line,1591,To Grand Central,NHV,New Haven Union Station,1,19:46,19:46,2026-03-29,,,weekday,2026-03-29,2026-03-17,,SLE-3_29-MNR-Schedule-Change.pdf,ctrail_shore_line_east_effective_2026-03-29_updated_2026-03-17.pdf,1,SLE connection to New York
Metro-North,New Haven Line,New Haven Line,1591,To Grand Central,WHA,West Haven,2,19:51,19:51,2026-03-29,,,weekday,2026-03-29,2026-03-17,,SLE-3_29-MNR-Schedule-Change.pdf,ctrail_shore_line_east_effective_2026-03-29_updated_2026-03-17.pdf,1,SLE connection to New York
Metro-North,New Haven Line,New Haven Line,1591,To Grand Central,MIL,Milford,3,19:58,19:58,2026-03-29,,,weekday,2026-03-29,2026-03-17,,SLE-3_29-MNR-Schedule-Change.pdf,ctrail_shore_line_east_effective_2026-03-29_updated_2026-03-17.pdf,1,SLE connection to New York
Metro-North,New Haven Line,New Haven Line,1591,To Grand Central,SFD,Stratford,4,20:05,20:05,2026-03-29,,,weekday,2026-03-29,2026-03-17,,SLE-3_29-MNR-Schedule-Change.pdf,ctrail_shore_line_east_effective_2026-03-29_updated_2026-03-17.pdf,1,SLE connection to New York
Metro-North,New Haven Line,New Haven Line,1591,To Grand Central,BRP,Bridgeport,5,20:12,20:12,2026-03-29,,,weekday,2026-03-29,2026-03-17,,SLE-3_29-MNR-Schedule-Change.pdf,ctrail_shore_line_east_effective_2026-03-29_updated_2026-03-17.pdf,1,SLE connection to New York
Metro-North,New Haven Line,New Haven Line,1591,To Grand Central,SONO,South Norwalk,6,20:39,20:39,2026-03-29,,,weekday,2026-03-29,2026-03-17,,SLE-3_29-MNR-Schedule-Change.pdf,ctrail_shore_line_east_effective_2026-03-29_updated_2026-03-17.pdf,1,SLE connection to New York
Metro-North,New Haven Line,New Haven Line,1591,To Grand Central,STM,Stamford,7,20:57,20:57,2026-03-29,,,weekday,2026-03-29,2026-03-17,,SLE-3_29-MNR-Schedule-Change.pdf,ctrail_shore_line_east_effective_2026-03-29_updated_2026-03-17.pdf,1,SLE connection to New York
Metro-North,New Haven Line,New Haven Line,1591,To Grand Central,H125,Harlem - 125th St.,9,21:41,21:41,2026-03-29,,,weekday,2026-03-29,2026-03-17,,SLE-3_29-MNR-Schedule-Change.pdf,ctrail_shore_line_east_effective_2026-03-29_updated_2026-03-17.pdf,1,SLE connection to New York
Metro-North,New Haven Line,New Haven Line,1591,To Grand Central,GCT,Grand Central Terminal,10,21:53,21:53,2026-03-29,,,weekday,2026-03-29,2026-03-17,,SLE-3_29-MNR-Schedule-Change.pdf,ctrail_shore_line_east_effective_2026-03-29_updated_2026-03-17.pdf,1,SLE connection to New York
Metro-North,New Haven Line,New Haven Line,1595,To Grand Central,NHV,New Haven Union Station,1,20:43,20:43,2026-03-29,,,weekday,2026-03-29,2026-03-17,,SLE-3_29-MNR-Schedule-Change.pdf,ctrail_shore_line_east_effective_2026-03-29_updated_2026-03-17.pdf,1,SLE connection to New York
Metro-North,New Haven Line,New Haven Line,1595,To Grand Central,WHA,West Haven,2,20:48,20:48,2026-03-29,,,weekday,2026-03-29,2026-03-17,,SLE-3_29-MNR-Schedule-Change.pdf,ctrail_shore_line_east_effective_2026-03-29_updated_2026-03-17.pdf,1,SLE connection to New York
Metro-North,New Haven Line,New Haven Line,1595,To Grand Central,MIL,Milford,3,20:55,20:55,2026-03-29,,,weekday,2026-03-29,2026-03-17,,SLE-3_29-MNR-Schedule-Change.pdf,ctrail_shore_line_east_effective_2026-03-29_updated_2026-03-17.pdf,1,SLE connection to New York
Metro-North,New Haven Line,New Haven Line,1595,To Grand Central,SFD,Stratford,4,21:02,21:02,2026-03-29,,,weekday,2026-03-29,2026-03-17,,SLE-3_29-MNR-Schedule-Change.pdf,ctrail_shore_line_east_effective_2026-03-29_updated_2026-03-17.pdf,1,SLE connection to New York
Metro-North,New Haven Line,New Haven Line,1595,To Grand Central,BRP,Bridgeport,5,21:09,21:09,2026-03-29,,,weekday,2026-03-29,2026-03-17,,SLE-3_29-MNR-Schedule-Change.pdf,ctrail_shore_line_east_effective_2026-03-29_updated_2026-03-17.pdf,1,SLE connection to New York
Metro-North,New Haven Line,New Haven Line,1595,To Grand Central,SONO,South Norwalk,6,21:36,21:36,2026-03-29,,,weekday,2026-03-29,2026-03-17,,SLE-3_29-MNR-Schedule-Change.pdf,ctrail_shore_line_east_effective_2026-03-29_updated_2026-03-17.pdf,1,SLE connection to New York
Metro-North,New Haven Line,New Haven Line,1595,To Grand Central,STM,Stamford,7,21:54,21:54,2026-03-29,,,weekday,2026-03-29,2026-03-17,,SLE-3_29-MNR-Schedule-Change.pdf,ctrail_shore_line_east_effective_2026-03-29_updated_2026-03-17.pdf,1,SLE connection to New York
Metro-North,New Haven Line,New Haven Line,1595,To Grand Central,H125,Harlem - 125th St.,9,22:41,22:41,2026-03-29,,,weekday,2026-03-29,2026-03-17,,SLE-3_29-MNR-Schedule-Change.pdf,ctrail_shore_line_east_effective_2026-03-29_updated_2026-03-17.pdf,1,SLE connection to New York
Metro-North,New Haven Line,New Haven Line,1595,To Grand Central,GCT,Grand Central Terminal,10,22:52,22:52,2026-03-29,,,weekday,2026-03-29,2026-03-17,,SLE-3_29-MNR-Schedule-Change.pdf,ctrail_shore_line_east_effective_2026-03-29_updated_2026-03-17.pdf,1,SLE connection to New York
Metro-North,New Haven Line,New Haven Line,1599,To Grand Central,NHV,New Haven Union Station,1,23:24,23:24,2026-03-29,,,weekday,2026-03-29,2026-03-17,,SLE-3_29-MNR-Schedule-Change.pdf,ctrail_shore_line_east_effective_2026-03-29_updated_2026-03-17.pdf,1,SLE connection to New York
Metro-North,New Haven Line,New Haven Line,1599,To Grand Central,WHA,West Haven,2,23:29,23:29,2026-03-29,,,weekday,2026-03-29,2026-03-17,,SLE-3_29-MNR-Schedule-Change.pdf,ctrail_shore_line_east_effective_2026-03-29_updated_2026-03-17.pdf,1,SLE connection to New York
Metro-North,New Haven Line,New Haven Line,1599,To Grand Central,MIL,Milford,3,23:37,23:37,2026-03-29,,,weekday,2026-03-29,2026-03-17,,SLE-3_29-MNR-Schedule-Change.pdf,ctrail_shore_line_east_effective_2026-03-29_updated_2026-03-17.pdf,1,SLE connection to New York
Metro-North,New Haven Line,New Haven Line,1599,To Grand Central,SFD,Stratford,4,23:43,23:43,2026-03-29,,,weekday,2026-03-29,2026-03-17,,SLE-3_29-MNR-Schedule-Change.pdf,ctrail_shore_line_east_effective_2026-03-29_updated_2026-03-17.pdf,1,SLE connection to New York
Metro-North,New Haven Line,New Haven Line,1599,To Grand Central,BRP,Bridgeport,5,23:49,23:49,2026-03-29,,,weekday,2026-03-29,2026-03-17,,SLE-3_29-MNR-Schedule-Change.pdf,ctrail_shore_line_east_effective_2026-03-29_updated_2026-03-17.pdf,1,SLE connection to New York
Metro-North,New Haven Line,New Haven Line,1599,To Grand Central,SONO,South Norwalk,6,00:17,00:17,2026-03-29,,,weekday,2026-03-29,2026-03-17,,SLE-3_29-MNR-Schedule-Change.pdf,ctrail_shore_line_east_effective_2026-03-29_updated_2026-03-17.pdf,1,SLE connection to New York
Metro-North,New Haven Line,New Haven Line,1599,To Grand Central,STM,Stamford,7,00:35,00:35,2026-03-29,,,weekday,2026-03-29,2026-03-17,,SLE-3_29-MNR-Schedule-Change.pdf,ctrail_shore_line_east_effective_2026-03-29_updated_2026-03-17.pdf,1,SLE connection to New York
Metro-North,New Haven Line,New Haven Line,1599,To Grand Central,H125,Harlem - 125th St.,9,01:20,01:20,2026-03-29,,,weekday,2026-03-29,2026-03-17,,SLE-3_29-MNR-Schedule-Change.pdf,ctrail_shore_line_east_effective_2026-03-29_updated_2026-03-17.pdf,1,SLE connection to New York
Metro-North,New Haven Line,New Haven Line,1599,To Grand Central,GCT,Grand Central Terminal,10,01:32,01:32,2026-03-29,,,weekday,2026-03-29,2026-03-17,,SLE-3_29-MNR-Schedule-Change.pdf,ctrail_shore_line_east_effective_2026-03-29_updated_2026-03-17.pdf,1,SLE connection to New York
Metro-North,New Haven Line,New Haven Line,3537,To Grand Central,NHV,New Haven Union Station,1,07:52,07:52,2026-03-29,,,weekday,2026-03-29,2026-03-17,,SLE-3_29-MNR-Schedule-Change.pdf,ctrail_shore_line_east_effective_2026-03-29_updated_2026-03-17.pdf,1,SLE connection to New York; SUP EXP
Metro-North,New Haven Line,New Haven Line,3537,To Grand Central,BRP,Bridgeport,5,08:12,08:12,2026-03-29,,,weekday,2026-03-29,2026-03-17,,SLE-3_29-MNR-Schedule-Change.pdf,ctrail_shore_line_east_effective_2026-03-29_updated_2026-03-17.pdf,1,SLE connection to New York; SUP EXP
Metro-North,New Haven Line,New Haven Line,3537,To Grand Central,STM,Stamford,7,08:40,08:40,2026-03-29,,,weekday,2026-03-29,2026-03-17,,SLE-3_29-MNR-Schedule-Change.pdf,ctrail_shore_line_east_effective_2026-03-29_updated_2026-03-17.pdf,1,SLE connection to New York; SUP EXP
Metro-North,New Haven Line,New Haven Line,3537,To Grand Central,GCT,Grand Central Terminal,10,09:30,09:30,2026-03-29,,,weekday,2026-03-29,2026-03-17,,SLE-3_29-MNR-Schedule-Change.pdf,ctrail_shore_line_east_effective_2026-03-29_updated_2026-03-17.pdf,1,SLE connection to New York; SUP EXP
Metro-North,New Haven Line,New Haven Line,3539,To Grand Central,NHV,New Haven Union Station,1,07:41,07:41,2026-03-29,,,friday,2026-03-29,2026-03-17,,SLE-3_29-MNR-Schedule-Change.pdf,ctrail_shore_line_east_effective_2026-03-29_updated_2026-03-17.pdf,1,SLE connection to New York
Metro-North,New Haven Line,New Haven Line,3539,To Grand Central,WHA,West Haven,2,07:46,07:46,2026-03-29,,,friday,2026-03-29,2026-03-17,,SLE-3_29-MNR-Schedule-Change.pdf,ctrail_shore_line_east_effective_2026-03-29_updated_2026-03-17.pdf,1,SLE connection to New York
Metro-North,New Haven Line,New Haven Line,3539,To Grand Central,MIL,Milford,3,07:53,07:53,2026-03-29,,,friday,2026-03-29,2026-03-17,,SLE-3_29-MNR-Schedule-Change.pdf,ctrail_shore_line_east_effective_2026-03-29_updated_2026-03-17.pdf,1,SLE connection to New York
Metro-North,New Haven Line,New Haven Line,3539,To Grand Central,SFD,Stratford,4,07:59,07:59,2026-03-29,,,friday,2026-03-29,2026-03-17,,SLE-3_29-MNR-Schedule-Change.pdf,ctrail_shore_line_east_effective_2026-03-29_updated_2026-03-17.pdf,1,SLE connection to New York
Metro-North,New Haven Line,New Haven Line,3539,To Grand Central,BRP,Bridgeport,5,08:05,08:05,2026-03-29,,,friday,2026-03-29,2026-03-17,,SLE-3_29-MNR-Schedule-Change.pdf,ctrail_shore_line_east_effective_2026-03-29_updated_2026-03-17.pdf,1,SLE connection to New York
Metro-North,New Haven Line,New Haven Line,3539,To Grand Central,SONO,South Norwalk,6,08:33,08:33,2026-03-29,,,friday,2026-03-29,2026-03-17,,SLE-3_29-MNR-Schedule-Change.pdf,ctrail_shore_line_east_effective_2026-03-29_updated_2026-03-17.pdf,1,SLE connection to New York
Metro-North,New Haven Line,New Haven Line,3539,To Grand Central,STM,Stamford,7,08:49,08:49,2026-03-29,,,friday,2026-03-29,2026-03-17,,SLE-3_29-MNR-Schedule-Change.pdf,ctrail_shore_line_east_effective_2026-03-29_updated_2026-03-17.pdf,1,SLE connection to New York
Metro-North,New Haven Line,New Haven Line,3539,To Grand Central,GRE,Greenwich,8,08:57,08:57,2026-03-29,,,friday,2026-03-29,2026-03-17,,SLE-3_29-MNR-Schedule-Change.pdf,ctrail_shore_line_east_effective_2026-03-29_updated_2026-03-17.pdf,1,SLE connection to New York
Metro-North,New Haven Line,New Haven Line,3539,To Grand Central,H125,Harlem - 125th St.,9,09:29,09:29,2026-03-29,,,friday,2026-03-29,2026-03-17,,SLE-3_29-MNR-Schedule-Change.pdf,ctrail_shore_line_east_effective_2026-03-29_updated_2026-03-17.pdf,1,SLE connection to New York
Metro-North,New Haven Line,New Haven Line,3539,To Grand Central,GCT,Grand Central Terminal,10,09:43,09:43,2026-03-29,,,friday,2026-03-29,2026-03-17,,SLE-3_29-MNR-Schedule-Change.pdf,ctrail_shore_line_east_effective_2026-03-29_updated_2026-03-17.pdf,1,SLE connection to New York
Metro-North,New Haven Line,New Haven Line,6502,To New Haven,GCT,Grand Central Terminal,1,01:47,01:47,2026-03-29,,,weekend_or_holiday,2026-03-29,2026-03-17,,SLE-3_29-MNR-Schedule-Change.pdf,ctrail_shore_line_east_effective_2026-03-29_updated_2026-03-17.pdf,2,SLE connection from New York
Metro-North,New Haven Line,New Haven Line,6502,To New Haven,H125,Harlem - 125th St.,2,01:57,01:57,2026-03-29,,,weekend_or_holiday,2026-03-29,2026-03-17,,SLE-3_29-MNR-Schedule-Change.pdf,ctrail_shore_line_east_effective_2026-03-29_updated_2026-03-17.pdf,2,SLE connection from New York
Metro-North,New Haven Line,New Haven Line,6502,To New Haven,STM,Stamford,4,02:36,02:36,2026-03-29,,,weekend_or_holiday,2026-03-29,2026-03-17,,SLE-3_29-MNR-Schedule-Change.pdf,ctrail_shore_line_east_effective_2026-03-29_updated_2026-03-17.pdf,2,SLE connection from New York
Metro-North,New Haven Line,New Haven Line,6502,To New Haven,SONO,South Norwalk,5,02:51,02:51,2026-03-29,,,weekend_or_holiday,2026-03-29,2026-03-17,,SLE-3_29-MNR-Schedule-Change.pdf,ctrail_shore_line_east_effective_2026-03-29_updated_2026-03-17.pdf,2,SLE connection from New York
Metro-North,New Haven Line,New Haven Line,6502,To New Haven,BRP,Bridgeport,6,03:18,03:18,2026-03-29,,,weekend_or_holiday,2026-03-29,2026-03-17,,SLE-3_29-MNR-Schedule-Change.pdf,ctrail_shore_line_east_effective_2026-03-29_updated_2026-03-17.pdf,2,SLE connection from New York
Metro-North,New Haven Line,New Haven Line,6502,To New Haven,SFD,Stratford,7,03:24,03:24,2026-03-29,,,weekend_or_holiday,2026-03-29,2026-03-17,,SLE-3_29-MNR-Schedule-Change.pdf,ctrail_shore_line_east_effective_2026-03-29_updated_2026-03-17.pdf,2,SLE connection from New York
Metro-North,New Haven Line,New Haven Line,6502,To New Haven,MIL,Milford,8,03:30,03:30,2026-03-29,,,weekend_or_holiday,2026-03-29,2026-03-17,,SLE-3_29-MNR-Schedule-Change.pdf,ctrail_shore_line_east_effective_2026-03-29_updated_2026-03-17.pdf,2,SLE connection from New York
Metro-North,New Haven Line,New Haven Line,6502,To New Haven,WHA,West Haven,9,03:37,03:37,2026-03-29,,,weekend_or_holiday,2026-03-29,2026-03-17,,SLE-3_29-MNR-Schedule-Change.pdf,ctrail_shore_line_east_effective_2026-03-29_updated_2026-03-17.pdf,2,SLE connection from New York
Metro-North,New Haven Line,New Haven Line,6502,To New Haven,NHV,New Haven Union Station,10,04:10,04:10,2026-03-29,,,weekend_or_holiday,2026-03-29,2026-03-17,,SLE-3_29-MNR-Schedule-Change.pdf,ctrail_shore_line_east_effective_2026-03-29_updated_2026-03-17.pdf,2,SLE connection from New York
Metro-North,New Haven Line,New Haven Line,6504,To New Haven,GCT,Grand Central Terminal,1,05:30,05:30,2026-03-29,,,weekend_or_holiday,2026-03-29,2026-03-17,,SLE-3_29-MNR-Schedule-Change.pdf,ctrail_shore_line_east_effective_2026-03-29_updated_2026-03-17.pdf,2,SLE connection from New York
Metro-North,New Haven Line,New Haven Line,6504,To New Haven,H125,Harlem - 125th St.,2,05:40,05:40,2026-03-29,,,weekend_or_holiday,2026-03-29,2026-03-17,,SLE-3_29-MNR-Schedule-Change.pdf,ctrail_shore_line_east_effective_2026-03-29_updated_2026-03-17.pdf,2,SLE connection from New York
Metro-North,New Haven Line,New Haven Line,6504,To New Haven,GRE,Greenwich,3,06:27,06:27,2026-03-29,,,weekend_or_holiday,2026-03-29,2026-03-17,,SLE-3_29-MNR-Schedule-Change.pdf,ctrail_shore_line_east_effective_2026-03-29_updated_2026-03-17.pdf,2,SLE connection from New York
Metro-North,New Haven Line,New Haven Line,6504,To New Haven,STM,Stamford,4,06:41,06:41,2026-03-29,,,weekend_or_holiday,2026-03-29,2026-03-17,,SLE-3_29-MNR-Schedule-Change.pdf,ctrail_shore_line_east_effective_2026-03-29_updated_2026-03-17.pdf,2,SLE connection from New York
Metro-North,New Haven Line,New Haven Line,6504,To New Haven,SONO,South Norwalk,5,06:58,06:58,2026-03-29,,,weekend_or_holiday,2026-03-29,2026-03-17,,SLE-3_29-MNR-Schedule-Change.pdf,ctrail_shore_line_east_effective_2026-03-29_updated_2026-03-17.pdf,2,SLE connection from New York
Metro-North,New Haven Line,New Haven Line,6504,To New Haven,BRP,Bridgeport,6,07:27,07:27,2026-03-29,,,weekend_or_holiday,2026-03-29,2026-03-17,,SLE-3_29-MNR-Schedule-Change.pdf,ctrail_shore_line_east_effective_2026-03-29_updated_2026-03-17.pdf,2,SLE connection from New York
Metro-North,New Haven Line,New Haven Line,6504,To New Haven,SFD,Stratford,7,07:34,07:34,2026-03-29,,,weekend_or_holiday,2026-03-29,2026-03-17,,SLE-3_29-MNR-Schedule-Change.pdf,ctrail_shore_line_east_effective_2026-03-29_updated_2026-03-17.pdf,2,SLE connection from New York
Metro-North,New Haven Line,New Haven Line,6504,To New Haven,MIL,Milford,8,07:41,07:41,2026-03-29,,,weekend_or_holiday,2026-03-29,2026-03-17,,SLE-3_29-MNR-Schedule-Change.pdf,ctrail_shore_line_east_effective_2026-03-29_updated_2026-03-17.pdf,2,SLE connection from New York
Metro-North,New Haven Line,New Haven Line,6504,To New Haven,WHA,West Haven,9,07:48,07:48,2026-03-29,,,weekend_or_holiday,2026-03-29,2026-03-17,,SLE-3_29-MNR-Schedule-Change.pdf,ctrail_shore_line_east_effective_2026-03-29_updated_2026-03-17.pdf,2,SLE connection from New York
Metro-North,New Haven Line,New Haven Line,6504,To New Haven,NHV,New Haven Union Station,10,08:04,08:04,2026-03-29,,,weekend_or_holiday,2026-03-29,2026-03-17,,SLE-3_29-MNR-Schedule-Change.pdf,ctrail_shore_line_east_effective_2026-03-29_updated_2026-03-17.pdf,2,SLE connection from New York
Metro-North,New Haven Line,New Haven Line,6510,To New Haven,GCT,Grand Central Terminal,1,08:02,08:02,2026-03-29,,,weekend_or_holiday,2026-03-29,2026-03-17,,SLE-3_29-MNR-Schedule-Change.pdf,ctrail_shore_line_east_effective_2026-03-29_updated_2026-03-17.pdf,2,SLE connection from New York
Metro-North,New Haven Line,New Haven Line,6510,To New Haven,H125,Harlem - 125th St.,2,08:12,08:12,2026-03-29,,,weekend_or_holiday,2026-03-29,2026-03-17,,SLE-3_29-MNR-Schedule-Change.pdf,ctrail_shore_line_east_effective_2026-03-29_updated_2026-03-17.pdf,2,SLE connection from New York
Metro-North,New Haven Line,New Haven Line,6510,To New Haven,STM,Stamford,4,08:55,08:55,2026-03-29,,,weekend_or_holiday,2026-03-29,2026-03-17,,SLE-3_29-MNR-Schedule-Change.pdf,ctrail_shore_line_east_effective_2026-03-29_updated_2026-03-17.pdf,2,SLE connection from New York
Metro-North,New Haven Line,New Haven Line,6510,To New Haven,SONO,South Norwalk,5,09:12,09:12,2026-03-29,,,weekend_or_holiday,2026-03-29,2026-03-17,,SLE-3_29-MNR-Schedule-Change.pdf,ctrail_shore_line_east_effective_2026-03-29_updated_2026-03-17.pdf,2,SLE connection from New York
Metro-North,New Haven Line,New Haven Line,6510,To New Haven,BRP,Bridgeport,6,09:41,09:41,2026-03-29,,,weekend_or_holiday,2026-03-29,2026-03-17,,SLE-3_29-MNR-Schedule-Change.pdf,ctrail_shore_line_east_effective_2026-03-29_updated_2026-03-17.pdf,2,SLE connection from New York
Metro-North,New Haven Line,New Haven Line,6510,To New Haven,SFD,Stratford,7,09:48,09:48,2026-03-29,,,weekend_or_holiday,2026-03-29,2026-03-17,,SLE-3_29-MNR-Schedule-Change.pdf,ctrail_shore_line_east_effective_2026-03-29_updated_2026-03-17.pdf,2,SLE connection from New York
Metro-North,New Haven Line,New Haven Line,6510,To New Haven,MIL,Milford,8,09:55,09:55,2026-03-29,,,weekend_or_holiday,2026-03-29,2026-03-17,,SLE-3_29-MNR-Schedule-Change.pdf,ctrail_shore_line_east_effective_2026-03-29_updated_2026-03-17.pdf,2,SLE connection from New York
Metro-North,New Haven Line,New Haven Line,6510,To New Haven,WHA,West Haven,9,10:02,10:02,2026-03-29,,,weekend_or_holiday,2026-03-29,2026-03-17,,SLE-3_29-MNR-Schedule-Change.pdf,ctrail_shore_line_east_effective_2026-03-29_updated_2026-03-17.pdf,2,SLE connection from New York
Metro-North,New Haven Line,New Haven Line,6510,To New Haven,NHV,New Haven Union Station,10,10:19,10:19,2026-03-29,,,weekend_or_holiday,2026-03-29,2026-03-17,,SLE-3_29-MNR-Schedule-Change.pdf,ctrail_shore_line_east_effective_2026-03-29_updated_2026-03-17.pdf,2,SLE connection from New York
Metro-North,New Haven Line,New Haven Line,6513,To Grand Central,NHV,New Haven Union Station,1,07:39,07:39,2026-03-29,,,weekend_or_holiday,2026-03-29,2026-03-17,,SLE-3_29-MNR-Schedule-Change.pdf,ctrail_shore_line_east_effective_2026-03-29_updated_2026-03-17.pdf,2,SLE connection to New York
Metro-North,New Haven Line,New Haven Line,6513,To Grand Central,WHA,West Haven,2,07:44,07:44,2026-03-29,,,weekend_or_holiday,2026-03-29,2026-03-17,,SLE-3_29-MNR-Schedule-Change.pdf,ctrail_shore_line_east_effective_2026-03-29_updated_2026-03-17.pdf,2,SLE connection to New York
Metro-North,New Haven Line,New Haven Line,6513,To Grand Central,MIL,Milford,3,07:52,07:52,2026-03-29,,,weekend_or_holiday,2026-03-29,2026-03-17,,SLE-3_29-MNR-Schedule-Change.pdf,ctrail_shore_line_east_effective_2026-03-29_updated_2026-03-17.pdf,2,SLE connection to New York
Metro-North,New Haven Line,New Haven Line,6513,To Grand Central,SFD,Stratford,4,07:58,07:58,2026-03-29,,,weekend_or_holiday,2026-03-29,2026-03-17,,SLE-3_29-MNR-Schedule-Change.pdf,ctrail_shore_line_east_effective_2026-03-29_updated_2026-03-17.pdf,2,SLE connection to New York
Metro-North,New Haven Line,New Haven Line,6513,To Grand Central,BRP,Bridgeport,5,08:05,08:05,2026-03-29,,,weekend_or_holiday,2026-03-29,2026-03-17,,SLE-3_29-MNR-Schedule-Change.pdf,ctrail_shore_line_east_effective_2026-03-29_updated_2026-03-17.pdf,2,SLE connection to New York
Metro-North,New Haven Line,New Haven Line,6513,To Grand Central,SONO,South Norwalk,6,08:33,08:33,2026-03-29,,,weekend_or_holiday,2026-03-29,2026-03-17,,SLE-3_29-MNR-Schedule-Change.pdf,ctrail_shore_line_east_effective_2026-03-29_updated_2026-03-17.pdf,2,SLE connection to New York
Metro-North,New Haven Line,New Haven Line,6513,To Grand Central,STM,Stamford,7,08:51,08:51,2026-03-29,,,weekend_or_holiday,2026-03-29,2026-03-17,,SLE-3_29-MNR-Schedule-Change.pdf,ctrail_shore_line_east_effective_2026-03-29_updated_2026-03-17.pdf,2,SLE connection to New York
Metro-North,New Haven Line,New Haven Line,6513,To Grand Central,H125,Harlem - 125th St.,8,09:35,09:35,2026-03-29,,,weekend_or_holiday,2026-03-29,2026-03-17,,SLE-3_29-MNR-Schedule-Change.pdf,ctrail_shore_line_east_effective_2026-03-29_updated_2026-03-17.pdf,2,SLE connection to New York
Metro-North,New Haven Line,New Haven Line,6513,To Grand Central,GCT,Grand Central Terminal,9,09:48,09:48,2026-03-29,,,weekend_or_holiday,2026-03-29,2026-03-17,,SLE-3_29-MNR-Schedule-Change.pdf,ctrail_shore_line_east_effective_2026-03-29_updated_2026-03-17.pdf,2,SLE connection to New York
Metro-North,New Haven Line,New Haven Line,6518,To New Haven,GCT,Grand Central Terminal,1,10:02,10:02,2026-03-29,,,weekend_or_holiday,2026-03-29,2026-03-17,,SLE-3_29-MNR-Schedule-Change.pdf,ctrail_shore_line_east_effective_2026-03-29_updated_2026-03-17.pdf,2,SLE connection from New York
Metro-North,New Haven Line,New Haven Line,6518,To New Haven,H125,Harlem - 125th St.,2,10:12,10:12,2026-03-29,,,weekend_or_holiday,2026-03-29,2026-03-17,,SLE-3_29-MNR-Schedule-Change.pdf,ctrail_shore_line_east_effective_2026-03-29_updated_2026-03-17.pdf,2,SLE connection from New York
Metro-North,New Haven Line,New Haven Line,6518,To New Haven,STM,Stamford,4,10:54,10:54,2026-03-29,,,weekend_or_holiday,2026-03-29,2026-03-17,,SLE-3_29-MNR-Schedule-Change.pdf,ctrail_shore_line_east_effective_2026-03-29_updated_2026-03-17.pdf,2,SLE connection from New York
Metro-North,New Haven Line,New Haven Line,6518,To New Haven,SONO,South Norwalk,5,11:11,11:11,2026-03-29,,,weekend_or_holiday,2026-03-29,2026-03-17,,SLE-3_29-MNR-Schedule-Change.pdf,ctrail_shore_line_east_effective_2026-03-29_updated_2026-03-17.pdf,2,SLE connection from New York
Metro-North,New Haven Line,New Haven Line,6518,To New Haven,BRP,Bridgeport,6,11:40,11:40,2026-03-29,,,weekend_or_holiday,2026-03-29,2026-03-17,,SLE-3_29-MNR-Schedule-Change.pdf,ctrail_shore_line_east_effective_2026-03-29_updated_2026-03-17.pdf,2,SLE connection from New York
Metro-North,New Haven Line,New Haven Line,6518,To New Haven,SFD,Stratford,7,11:47,11:47,2026-03-29,,,weekend_or_holiday,2026-03-29,2026-03-17,,SLE-3_29-MNR-Schedule-Change.pdf,ctrail_shore_line_east_effective_2026-03-29_updated_2026-03-17.pdf,2,SLE connection from New York
Metro-North,New Haven Line,New Haven Line,6518,To New Haven,MIL,Milford,8,11:54,11:54,2026-03-29,,,weekend_or_holiday,2026-03-29,2026-03-17,,SLE-3_29-MNR-Schedule-Change.pdf,ctrail_shore_line_east_effective_2026-03-29_updated_2026-03-17.pdf,2,SLE connection from New York
Metro-North,New Haven Line,New Haven Line,6518,To New Haven,WHA,West Haven,9,12:01,12:01,2026-03-29,,,weekend_or_holiday,2026-03-29,2026-03-17,,SLE-3_29-MNR-Schedule-Change.pdf,ctrail_shore_line_east_effective_2026-03-29_updated_2026-03-17.pdf,2,SLE connection from New York
Metro-North,New Haven Line,New Haven Line,6518,To New Haven,NHV,New Haven Union Station,10,12:18,12:18,2026-03-29,,,weekend_or_holiday,2026-03-29,2026-03-17,,SLE-3_29-MNR-Schedule-Change.pdf,ctrail_shore_line_east_effective_2026-03-29_updated_2026-03-17.pdf,2,SLE connection from New York
Metro-North,New Haven Line,New Haven Line,6521,To Grand Central,NHV,New Haven Union Station,1,09:39,09:39,2026-03-29,,,weekend_or_holiday,2026-03-29,2026-03-17,,SLE-3_29-MNR-Schedule-Change.pdf,ctrail_shore_line_east_effective_2026-03-29_updated_2026-03-17.pdf,2,SLE connection to New York
Metro-North,New Haven Line,New Haven Line,6521,To Grand Central,WHA,West Haven,2,09:44,09:44,2026-03-29,,,weekend_or_holiday,2026-03-29,2026-03-17,,SLE-3_29-MNR-Schedule-Change.pdf,ctrail_shore_line_east_effective_2026-03-29_updated_2026-03-17.pdf,2,SLE connection to New York
Metro-North,New Haven Line,New Haven Line,6521,To Grand Central,MIL,Milford,3,09:52,09:52,2026-03-29,,,weekend_or_holiday,2026-03-29,2026-03-17,,SLE-3_29-MNR-Schedule-Change.pdf,ctrail_shore_line_east_effective_2026-03-29_updated_2026-03-17.pdf,2,SLE connection to New York
Metro-North,New Haven Line,New Haven Line,6521,To Grand Central,SFD,Stratford,4,09:58,09:58,2026-03-29,,,weekend_or_holiday,2026-03-29,2026-03-17,,SLE-3_29-MNR-Schedule-Change.pdf,ctrail_shore_line_east_effective_2026-03-29_updated_2026-03-17.pdf,2,SLE connection to New York
Metro-North,New Haven Line,New Haven Line,6521,To Grand Central,BRP,Bridgeport,5,10:05,10:05,2026-03-29,,,weekend_or_holiday,2026-03-29,2026-03-17,,SLE-3_29-MNR-Schedule-Change.pdf,ctrail_shore_line_east_effective_2026-03-29_updated_2026-03-17.pdf,2,SLE connection to New York
Metro-North,New Haven Line,New Haven Line,6521,To Grand Central,SONO,South Norwalk,6,10:33,10:33,2026-03-29,,,weekend_or_holiday,2026-03-29,2026-03-17,,SLE-3_29-MNR-Schedule-Change.pdf,ctrail_shore_line_east_effective_2026-03-29_updated_2026-03-17.pdf,2,SLE connection to New York
Metro-North,New Haven Line,New Haven Line,6521,To Grand Central,STM,Stamford,7,10:51,10:51,2026-03-29,,,weekend_or_holiday,2026-03-29,2026-03-17,,SLE-3_29-MNR-Schedule-Change.pdf,ctrail_shore_line_east_effective_2026-03-29_updated_2026-03-17.pdf,2,SLE connection to New York
Metro-North,New Haven Line,New Haven Line,6521,To Grand Central,H125,Harlem - 125th St.,8,11:34,11:34,2026-03-29,,,weekend_or_holiday,2026-03-29,2026-03-17,,SLE-3_29-MNR-Schedule-Change.pdf,ctrail_shore_line_east_effective_2026-03-29_updated_2026-03-17.pdf,2,SLE connection to New York
Metro-North,New Haven Line,New Haven Line,6521,To Grand Central,GCT,Grand Central Terminal,9,11:46,11:46,2026-03-29,,,weekend_or_holiday,2026-03-29,2026-03-17,,SLE-3_29-MNR-Schedule-Change.pdf,ctrail_shore_line_east_effective_2026-03-29_updated_2026-03-17.pdf,2,SLE connection to New York
Metro-North,New Haven Line,New Haven Line,6531,To Grand Central,NHV,New Haven Union Station,1,12:17,12:17,2026-03-29,,,weekend_or_holiday,2026-03-29,2026-03-17,,SLE-3_29-MNR-Schedule-Change.pdf,ctrail_shore_line_east_effective_2026-03-29_updated_2026-03-17.pdf,2,SLE connection to New York
Metro-North,New Haven Line,New Haven Line,6531,To Grand Central,WHA,West Haven,2,12:22,12:22,2026-03-29,,,weekend_or_holiday,2026-03-29,2026-03-17,,SLE-3_29-MNR-Schedule-Change.pdf,ctrail_shore_line_east_effective_2026-03-29_updated_2026-03-17.pdf,2,SLE connection to New York
Metro-North,New Haven Line,New Haven Line,6531,To Grand Central,MIL,Milford,3,12:29,12:29,2026-03-29,,,weekend_or_holiday,2026-03-29,2026-03-17,,SLE-3_29-MNR-Schedule-Change.pdf,ctrail_shore_line_east_effective_2026-03-29_updated_2026-03-17.pdf,2,SLE connection to New York
Metro-North,New Haven Line,New Haven Line,6531,To Grand Central,SFD,Stratford,4,12:36,12:36,2026-03-29,,,weekend_or_holiday,2026-03-29,2026-03-17,,SLE-3_29-MNR-Schedule-Change.pdf,ctrail_shore_line_east_effective_2026-03-29_updated_2026-03-17.pdf,2,SLE connection to New York
Metro-North,New Haven Line,New Haven Line,6531,To Grand Central,BRP,Bridgeport,5,12:42,12:42,2026-03-29,,,weekend_or_holiday,2026-03-29,2026-03-17,,SLE-3_29-MNR-Schedule-Change.pdf,ctrail_shore_line_east_effective_2026-03-29_updated_2026-03-17.pdf,2,SLE connection to New York
Metro-North,New Haven Line,New Haven Line,6531,To Grand Central,SONO,South Norwalk,6,13:06,13:06,2026-03-29,,,weekend_or_holiday,2026-03-29,2026-03-17,,SLE-3_29-MNR-Schedule-Change.pdf,ctrail_shore_line_east_effective_2026-03-29_updated_2026-03-17.pdf,2,SLE connection to New York
Metro-North,New Haven Line,New Haven Line,6531,To Grand Central,STM,Stamford,7,13:20,13:20,2026-03-29,,,weekend_or_holiday,2026-03-29,2026-03-17,,SLE-3_29-MNR-Schedule-Change.pdf,ctrail_shore_line_east_effective_2026-03-29_updated_2026-03-17.pdf,2,SLE connection to New York
Metro-North,New Haven Line,New Haven Line,6531,To Grand Central,H125,Harlem - 125th St.,8,14:03,14:03,2026-03-29,,,weekend_or_holiday,2026-03-29,2026-03-17,,SLE-3_29-MNR-Schedule-Change.pdf,ctrail_shore_line_east_effective_2026-03-29_updated_2026-03-17.pdf,2,SLE connection to New York
Metro-North,New Haven Line,New Haven Line,6531,To Grand Central,GCT,Grand Central Terminal,9,14:15,14:15,2026-03-29,,,weekend_or_holiday,2026-03-29,2026-03-17,,SLE-3_29-MNR-Schedule-Change.pdf,ctrail_shore_line_east_effective_2026-03-29_updated_2026-03-17.pdf,2,SLE connection to New York
Metro-North,New Haven Line,New Haven Line,6532,To New Haven,GCT,Grand Central Terminal,1,13:34,13:34,2026-03-29,,,weekend_or_holiday,2026-03-29,2026-03-17,,SLE-3_29-MNR-Schedule-Change.pdf,ctrail_shore_line_east_effective_2026-03-29_updated_2026-03-17.pdf,2,SLE connection from New York
Metro-North,New Haven Line,New Haven Line,6532,To New Haven,H125,Harlem - 125th St.,2,13:44,13:44,2026-03-29,,,weekend_or_holiday,2026-03-29,2026-03-17,,SLE-3_29-MNR-Schedule-Change.pdf,ctrail_shore_line_east_effective_2026-03-29_updated_2026-03-17.pdf,2,SLE connection from New York
Metro-North,New Haven Line,New Haven Line,6532,To New Haven,STM,Stamford,4,14:26,14:26,2026-03-29,,,weekend_or_holiday,2026-03-29,2026-03-17,,SLE-3_29-MNR-Schedule-Change.pdf,ctrail_shore_line_east_effective_2026-03-29_updated_2026-03-17.pdf,2,SLE connection from New York
Metro-North,New Haven Line,New Haven Line,6532,To New Haven,SONO,South Norwalk,5,14:39,14:39,2026-03-29,,,weekend_or_holiday,2026-03-29,2026-03-17,,SLE-3_29-MNR-Schedule-Change.pdf,ctrail_shore_line_east_effective_2026-03-29_updated_2026-03-17.pdf,2,SLE connection from New York
Metro-North,New Haven Line,New Haven Line,6532,To New Haven,BRP,Bridgeport,6,15:02,15:02,2026-03-29,,,weekend_or_holiday,2026-03-29,2026-03-17,,SLE-3_29-MNR-Schedule-Change.pdf,ctrail_shore_line_east_effective_2026-03-29_updated_2026-03-17.pdf,2,SLE connection from New York
Metro-North,New Haven Line,New Haven Line,6532,To New Haven,SFD,Stratford,7,15:08,15:08,2026-03-29,,,weekend_or_holiday,2026-03-29,2026-03-17,,SLE-3_29-MNR-Schedule-Change.pdf,ctrail_shore_line_east_effective_2026-03-29_updated_2026-03-17.pdf,2,SLE connection from New York
Metro-North,New Haven Line,New Haven Line,6532,To New Haven,MIL,Milford,8,15:15,15:15,2026-03-29,,,weekend_or_holiday,2026-03-29,2026-03-17,,SLE-3_29-MNR-Schedule-Change.pdf,ctrail_shore_line_east_effective_2026-03-29_updated_2026-03-17.pdf,2,SLE connection from New York
Metro-North,New Haven Line,New Haven Line,6532,To New Haven,WHA,West Haven,9,15:22,15:22,2026-03-29,,,weekend_or_holiday,2026-03-29,2026-03-17,,SLE-3_29-MNR-Schedule-Change.pdf,ctrail_shore_line_east_effective_2026-03-29_updated_2026-03-17.pdf,2,SLE connection from New York
Metro-North,New Haven Line,New Haven Line,6532,To New Haven,NHV,New Haven Union Station,10,15:38,15:38,2026-03-29,,,weekend_or_holiday,2026-03-29,2026-03-17,,SLE-3_29-MNR-Schedule-Change.pdf,ctrail_shore_line_east_effective_2026-03-29_updated_2026-03-17.pdf,2,SLE connection from New York
Metro-North,New Haven Line,New Haven Line,6537,To Grand Central,NHV,New Haven Union Station,1,13:39,13:39,2026-03-29,,,weekend_or_holiday,2026-03-29,2026-03-17,,SLE-3_29-MNR-Schedule-Change.pdf,ctrail_shore_line_east_effective_2026-03-29_updated_2026-03-17.pdf,2,SLE connection to New York
Metro-North,New Haven Line,New Haven Line,6537,To Grand Central,WHA,West Haven,2,13:44,13:44,2026-03-29,,,weekend_or_holiday,2026-03-29,2026-03-17,,SLE-3_29-MNR-Schedule-Change.pdf,ctrail_shore_line_east_effective_2026-03-29_updated_2026-03-17.pdf,2,SLE connection to New York
Metro-North,New Haven Line,New Haven Line,6537,To Grand Central,MIL,Milford,3,13:52,13:52,2026-03-29,,,weekend_or_holiday,2026-03-29,2026-03-17,,SLE-3_29-MNR-Schedule-Change.pdf,ctrail_shore_line_east_effective_2026-03-29_updated_2026-03-17.pdf,2,SLE connection to New York
Metro-North,New Haven Line,New Haven Line,6537,To Grand Central,SFD,Stratford,4,13:58,13:58,2026-03-29,,,weekend_or_holiday,2026-03-29,2026-03-17,,SLE-3_29-MNR-Schedule-Change.pdf,ctrail_shore_line_east_effective_2026-03-29_updated_2026-03-17.pdf,2,SLE connection to New York
Metro-North,New Haven Line,New Haven Line,6537,To Grand Central,BRP,Bridgeport,5,14:05,14:05,2026-03-29,,,weekend_or_holiday,2026-03-29,2026-03-17,,SLE-3_29-MNR-Schedule-Change.pdf,ctrail_shore_line_east_effective_2026-03-29_updated_2026-03-17.pdf,2,SLE connection to New York
Metro-North,New Haven Line,New Haven Line,6537,To Grand Central,SONO,South Norwalk,6,14:33,14:33,2026-03-29,,,weekend_or_holiday,2026-03-29,2026-03-17,,SLE-3_29-MNR-Schedule-Change.pdf,ctrail_shore_line_east_effective_2026-03-29_updated_2026-03-17.pdf,2,SLE connection to New York
Metro-North,New Haven Line,New Haven Line,6537,To Grand Central,STM,Stamford,7,14:51,14:51,2026-03-29,,,weekend_or_holiday,2026-03-29,2026-03-17,,SLE-3_29-MNR-Schedule-Change.pdf,ctrail_shore_line_east_effective_2026-03-29_updated_2026-03-17.pdf,2,SLE connection to New York
Metro-North,New Haven Line,New Haven Line,6537,To Grand Central,H125,Harlem - 125th St.,8,15:34,15:34,2026-03-29,,,weekend_or_holiday,2026-03-29,2026-03-17,,SLE-3_29-MNR-Schedule-Change.pdf,ctrail_shore_line_east_effective_2026-03-29_updated_2026-03-17.pdf,2,SLE connection to New York
Metro-North,New Haven Line,New Haven Line,6537,To Grand Central,GCT,Grand Central Terminal,9,15:46,15:46,2026-03-29,,,weekend_or_holiday,2026-03-29,2026-03-17,,SLE-3_29-MNR-Schedule-Change.pdf,ctrail_shore_line_east_effective_2026-03-29_updated_2026-03-17.pdf,2,SLE connection to New York
Metro-North,New Haven Line,New Haven Line,6545,To Grand Central,NHV,New Haven Union Station,1,15:39,15:39,2026-03-29,,,weekend_or_holiday,2026-03-29,2026-03-17,,SLE-3_29-MNR-Schedule-Change.pdf,ctrail_shore_line_east_effective_2026-03-29_updated_2026-03-17.pdf,2,SLE connection to New York
Metro-North,New Haven Line,New Haven Line,6545,To Grand Central,WHA,West Haven,2,15:44,15:44,2026-03-29,,,weekend_or_holiday,2026-03-29,2026-03-17,,SLE-3_29-MNR-Schedule-Change.pdf,ctrail_shore_line_east_effective_2026-03-29_updated_2026-03-17.pdf,2,SLE connection to New York
Metro-North,New Haven Line,New Haven Line,6545,To Grand Central,MIL,Milford,3,15:52,15:52,2026-03-29,,,weekend_or_holiday,2026-03-29,2026-03-17,,SLE-3_29-MNR-Schedule-Change.pdf,ctrail_shore_line_east_effective_2026-03-29_updated_2026-03-17.pdf,2,SLE connection to New York
Metro-North,New Haven Line,New Haven Line,6545,To Grand Central,SFD,Stratford,4,15:58,15:58,2026-03-29,,,weekend_or_holiday,2026-03-29,2026-03-17,,SLE-3_29-MNR-Schedule-Change.pdf,ctrail_shore_line_east_effective_2026-03-29_updated_2026-03-17.pdf,2,SLE connection to New York
Metro-North,New Haven Line,New Haven Line,6545,To Grand Central,BRP,Bridgeport,5,16:05,16:05,2026-03-29,,,weekend_or_holiday,2026-03-29,2026-03-17,,SLE-3_29-MNR-Schedule-Change.pdf,ctrail_shore_line_east_effective_2026-03-29_updated_2026-03-17.pdf,2,SLE connection to New York
Metro-North,New Haven Line,New Haven Line,6545,To Grand Central,SONO,South Norwalk,6,16:33,16:33,2026-03-29,,,weekend_or_holiday,2026-03-29,2026-03-17,,SLE-3_29-MNR-Schedule-Change.pdf,ctrail_shore_line_east_effective_2026-03-29_updated_2026-03-17.pdf,2,SLE connection to New York
Metro-North,New Haven Line,New Haven Line,6545,To Grand Central,STM,Stamford,7,16:51,16:51,2026-03-29,,,weekend_or_holiday,2026-03-29,2026-03-17,,SLE-3_29-MNR-Schedule-Change.pdf,ctrail_shore_line_east_effective_2026-03-29_updated_2026-03-17.pdf,2,SLE connection to New York
Metro-North,New Haven Line,New Haven Line,6545,To Grand Central,H125,Harlem - 125th St.,8,17:35,17:35,2026-03-29,,,weekend_or_holiday,2026-03-29,2026-03-17,,SLE-3_29-MNR-Schedule-Change.pdf,ctrail_shore_line_east_effective_2026-03-29_updated_2026-03-17.pdf,2,SLE connection to New York
Metro-North,New Haven Line,New Haven Line,6545,To Grand Central,GCT,Grand Central Terminal,9,17:47,17:47,2026-03-29,,,weekend_or_holiday,2026-03-29,2026-03-17,,SLE-3_29-MNR-Schedule-Change.pdf,ctrail_shore_line_east_effective_2026-03-29_updated_2026-03-17.pdf,2,SLE connection to New York
Metro-North,New Haven Line,New Haven Line,6546,To New Haven,GCT,Grand Central Terminal,1,17:02,17:02,2026-03-29,,,weekend_or_holiday,2026-03-29,2026-03-17,,SLE-3_29-MNR-Schedule-Change.pdf,ctrail_shore_line_east_effective_2026-03-29_updated_2026-03-17.pdf,2,SLE connection from New York
Metro-North,New Haven Line,New Haven Line,6546,To New Haven,H125,Harlem - 125th St.,2,17:12,17:12,2026-03-29,,,weekend_or_holiday,2026-03-29,2026-03-17,,SLE-3_29-MNR-Schedule-Change.pdf,ctrail_shore_line_east_effective_2026-03-29_updated_2026-03-17.pdf,2,SLE connection from New York
Metro-North,New Haven Line,New Haven Line,6546,To New Haven,STM,Stamford,4,17:54,17:54,2026-03-29,,,weekend_or_holiday,2026-03-29,2026-03-17,,SLE-3_29-MNR-Schedule-Change.pdf,ctrail_shore_line_east_effective_2026-03-29_updated_2026-03-17.pdf,2,SLE connection from New York
Metro-North,New Haven Line,New Haven Line,6546,To New Haven,SONO,South Norwalk,5,18:11,18:11,2026-03-29,,,weekend_or_holiday,2026-03-29,2026-03-17,,SLE-3_29-MNR-Schedule-Change.pdf,ctrail_shore_line_east_effective_2026-03-29_updated_2026-03-17.pdf,2,SLE connection from New York
Metro-North,New Haven Line,New Haven Line,6546,To New Haven,BRP,Bridgeport,6,18:40,18:40,2026-03-29,,,weekend_or_holiday,2026-03-29,2026-03-17,,SLE-3_29-MNR-Schedule-Change.pdf,ctrail_shore_line_east_effective_2026-03-29_updated_2026-03-17.pdf,2,SLE connection from New York
Metro-North,New Haven Line,New Haven Line,6546,To New Haven,SFD,Stratford,7,18:47,18:47,2026-03-29,,,weekend_or_holiday,2026-03-29,2026-03-17,,SLE-3_29-MNR-Schedule-Change.pdf,ctrail_shore_line_east_effective_2026-03-29_updated_2026-03-17.pdf,2,SLE connection from New York
Metro-North,New Haven Line,New Haven Line,6546,To New Haven,MIL,Milford,8,18:54,18:54,2026-03-29,,,weekend_or_holiday,2026-03-29,2026-03-17,,SLE-3_29-MNR-Schedule-Change.pdf,ctrail_shore_line_east_effective_2026-03-29_updated_2026-03-17.pdf,2,SLE connection from New York
Metro-North,New Haven Line,New Haven Line,6546,To New Haven,WHA,West Haven,9,19:01,19:01,2026-03-29,,,weekend_or_holiday,2026-03-29,2026-03-17,,SLE-3_29-MNR-Schedule-Change.pdf,ctrail_shore_line_east_effective_2026-03-29_updated_2026-03-17.pdf,2,SLE connection from New York
Metro-North,New Haven Line,New Haven Line,6546,To New Haven,NHV,New Haven Union Station,10,19:17,19:17,2026-03-29,,,weekend_or_holiday,2026-03-29,2026-03-17,,SLE-3_29-MNR-Schedule-Change.pdf,ctrail_shore_line_east_effective_2026-03-29_updated_2026-03-17.pdf,2,SLE connection from New York
Metro-North,New Haven Line,New Haven Line,6557,To Grand Central,NHV,New Haven Union Station,1,18:39,18:39,2026-03-29,,,weekend_or_holiday,2026-03-29,2026-03-17,,SLE-3_29-MNR-Schedule-Change.pdf,ctrail_shore_line_east_effective_2026-03-29_updated_2026-03-17.pdf,2,SLE connection to New York
Metro-North,New Haven Line,New Haven Line,6557,To Grand Central,WHA,West Haven,2,18:44,18:44,2026-03-29,,,weekend_or_holiday,2026-03-29,2026-03-17,,SLE-3_29-MNR-Schedule-Change.pdf,ctrail_shore_line_east_effective_2026-03-29_updated_2026-03-17.pdf,2,SLE connection to New York
Metro-North,New Haven Line,New Haven Line,6557,To Grand Central,MIL,Milford,3,18:52,18:52,2026-03-29,,,weekend_or_holiday,2026-03-29,2026-03-17,,SLE-3_29-MNR-Schedule-Change.pdf,ctrail_shore_line_east_effective_2026-03-29_updated_2026-03-17.pdf,2,SLE connection to New York
Metro-North,New Haven Line,New Haven Line,6557,To Grand Central,SFD,Stratford,4,18:58,18:58,2026-03-29,,,weekend_or_holiday,2026-03-29,2026-03-17,,SLE-3_29-MNR-Schedule-Change.pdf,ctrail_shore_line_east_effective_2026-03-29_updated_2026-03-17.pdf,2,SLE connection to New York
Metro-North,New Haven Line,New Haven Line,6557,To Grand Central,BRP,Bridgeport,5,19:05,19:05,2026-03-29,,,weekend_or_holiday,2026-03-29,2026-03-17,,SLE-3_29-MNR-Schedule-Change.pdf,ctrail_shore_line_east_effective_2026-03-29_updated_2026-03-17.pdf,2,SLE connection to New York
Metro-North,New Haven Line,New Haven Line,6557,To Grand Central,SONO,South Norwalk,6,19:33,19:33,2026-03-29,,,weekend_or_holiday,2026-03-29,2026-03-17,,SLE-3_29-MNR-Schedule-Change.pdf,ctrail_shore_line_east_effective_2026-03-29_updated_2026-03-17.pdf,2,SLE connection to New York
Metro-North,New Haven Line,New Haven Line,6557,To Grand Central,STM,Stamford,7,19:51,19:51,2026-03-29,,,weekend_or_holiday,2026-03-29,2026-03-17,,SLE-3_29-MNR-Schedule-Change.pdf,ctrail_shore_line_east_effective_2026-03-29_updated_2026-03-17.pdf,2,SLE connection to New York
Metro-North,New Haven Line,New Haven Line,6557,To Grand Central,H125,Harlem - 125th St.,8,20:34,20:34,2026-03-29,,,weekend_or_holiday,2026-03-29,2026-03-17,,SLE-3_29-MNR-Schedule-Change.pdf,ctrail_shore_line_east_effective_2026-03-29_updated_2026-03-17.pdf,2,SLE connection to New York
Metro-North,New Haven Line,New Haven Line,6557,To Grand Central,GCT,Grand Central Terminal,9,20:46,20:46,2026-03-29,,,weekend_or_holiday,2026-03-29,2026-03-17,,SLE-3_29-MNR-Schedule-Change.pdf,ctrail_shore_line_east_effective_2026-03-29_updated_2026-03-17.pdf,2,SLE connection to New York
Metro-North,New Haven Line,New Haven Line,6558,To New Haven,GCT,Grand Central Terminal,1,20:02,20:02,2026-03-29,,,weekend_or_holiday,2026-03-29,2026-03-17,,SLE-3_29-MNR-Schedule-Change.pdf,ctrail_shore_line_east_effective_2026-03-29_updated_2026-03-17.pdf,2,SLE connection from New York
Metro-North,New Haven Line,New Haven Line,6558,To New Haven,H125,Harlem - 125th St.,2,20:12,20:12,2026-03-29,,,weekend_or_holiday,2026-03-29,2026-03-17,,SLE-3_29-MNR-Schedule-Change.pdf,ctrail_shore_line_east_effective_2026-03-29_updated_2026-03-17.pdf,2,SLE connection from New York
Metro-North,New Haven Line,New Haven Line,6558,To New Haven,STM,Stamford,4,20:54,20:54,2026-03-29,,,weekend_or_holiday,2026-03-29,2026-03-17,,SLE-3_29-MNR-Schedule-Change.pdf,ctrail_shore_line_east_effective_2026-03-29_updated_2026-03-17.pdf,2,SLE connection from New York
Metro-North,New Haven Line,New Haven Line,6558,To New Haven,SONO,South Norwalk,5,21:11,21:11,2026-03-29,,,weekend_or_holiday,2026-03-29,2026-03-17,,SLE-3_29-MNR-Schedule-Change.pdf,ctrail_shore_line_east_effective_2026-03-29_updated_2026-03-17.pdf,2,SLE connection from New York
Metro-North,New Haven Line,New Haven Line,6558,To New Haven,BRP,Bridgeport,6,21:40,21:40,2026-03-29,,,weekend_or_holiday,2026-03-29,2026-03-17,,SLE-3_29-MNR-Schedule-Change.pdf,ctrail_shore_line_east_effective_2026-03-29_updated_2026-03-17.pdf,2,SLE connection from New York
Metro-North,New Haven Line,New Haven Line,6558,To New Haven,SFD,Stratford,7,21:47,21:47,2026-03-29,,,weekend_or_holiday,2026-03-29,2026-03-17,,SLE-3_29-MNR-Schedule-Change.pdf,ctrail_shore_line_east_effective_2026-03-29_updated_2026-03-17.pdf,2,SLE connection from New York
Metro-North,New Haven Line,New Haven Line,6558,To New Haven,MIL,Milford,8,21:54,21:54,2026-03-29,,,weekend_or_holiday,2026-03-29,2026-03-17,,SLE-3_29-MNR-Schedule-Change.pdf,ctrail_shore_line_east_effective_2026-03-29_updated_2026-03-17.pdf,2,SLE connection from New York
Metro-North,New Haven Line,New Haven Line,6558,To New Haven,WHA,West Haven,9,22:01,22:01,2026-03-29,,,weekend_or_holiday,2026-03-29,2026-03-17,,SLE-3_29-MNR-Schedule-Change.pdf,ctrail_shore_line_east_effective_2026-03-29_updated_2026-03-17.pdf,2,SLE connection from New York
Metro-North,New Haven Line,New Haven Line,6558,To New Haven,NHV,New Haven Union Station,10,22:17,22:17,2026-03-29,,,weekend_or_holiday,2026-03-29,2026-03-17,,SLE-3_29-MNR-Schedule-Change.pdf,ctrail_shore_line_east_effective_2026-03-29_updated_2026-03-17.pdf,2,SLE connection from New York
Metro-North,New Haven Line,New Haven Line,6571,To Grand Central,NHV,New Haven Union Station,1,22:45,22:45,2026-03-29,,,weekend_or_holiday,2026-03-29,2026-03-17,,SLE-3_29-MNR-Schedule-Change.pdf,ctrail_shore_line_east_effective_2026-03-29_updated_2026-03-17.pdf,2,SLE connection to New York
Metro-North,New Haven Line,New Haven Line,6571,To Grand Central,WHA,West Haven,2,22:50,22:50,2026-03-29,,,weekend_or_holiday,2026-03-29,2026-03-17,,SLE-3_29-MNR-Schedule-Change.pdf,ctrail_shore_line_east_effective_2026-03-29_updated_2026-03-17.pdf,2,SLE connection to New York
Metro-North,New Haven Line,New Haven Line,6571,To Grand Central,MIL,Milford,3,22:57,22:57,2026-03-29,,,weekend_or_holiday,2026-03-29,2026-03-17,,SLE-3_29-MNR-Schedule-Change.pdf,ctrail_shore_line_east_effective_2026-03-29_updated_2026-03-17.pdf,2,SLE connection to New York
Metro-North,New Haven Line,New Haven Line,6571,To Grand Central,SFD,Stratford,4,23:04,23:04,2026-03-29,,,weekend_or_holiday,2026-03-29,2026-03-17,,SLE-3_29-MNR-Schedule-Change.pdf,ctrail_shore_line_east_effective_2026-03-29_updated_2026-03-17.pdf,2,SLE connection to New York
Metro-North,New Haven Line,New Haven Line,6571,To Grand Central,BRP,Bridgeport,5,23:10,23:10,2026-03-29,,,weekend_or_holiday,2026-03-29,2026-03-17,,SLE-3_29-MNR-Schedule-Change.pdf,ctrail_shore_line_east_effective_2026-03-29_updated_2026-03-17.pdf,2,SLE connection to New York
Metro-North,New Haven Line,New Haven Line,6571,To Grand Central,SONO,South Norwalk,6,23:38,23:38,2026-03-29,,,weekend_or_holiday,2026-03-29,2026-03-17,,SLE-3_29-MNR-Schedule-Change.pdf,ctrail_shore_line_east_effective_2026-03-29_updated_2026-03-17.pdf,2,SLE connection to New York
Metro-North,New Haven Line,New Haven Line,6571,To Grand Central,STM,Stamford,7,23:56,23:56,2026-03-29,,,weekend_or_holiday,2026-03-29,2026-03-17,,SLE-3_29-MNR-Schedule-Change.pdf,ctrail_shore_line_east_effective_2026-03-29_updated_2026-03-17.pdf,2,SLE connection to New York
Metro-North,New Haven Line,New Haven Line,6571,To Grand Central,H125,Harlem - 125th St.,8,00:40,00:40,2026-03-29,,,weekend_or_holiday,2026-03-29,2026-03-17,,SLE-3_29-MNR-Schedule-Change.pdf,ctrail_shore_line_east_effective_2026-03-29_updated_2026-03-17.pdf,2,SLE connection to New York
Metro-North,New Haven Line,New Haven Line,6571,To Grand Central,GCT,Grand Central Terminal,9,00:52,00:52,2026-03-29,,,weekend_or_holiday,2026-03-29,2026-03-17,,SLE-3_29-MNR-Schedule-Change.pdf,ctrail_shore_line_east_effective_2026-03-29_updated_2026-03-17.pdf,2,SLE connection to New York
