feed_id,trip_uid,source_trip_id,stop_uid,source_stop_id,arrival_time,departure_time,stop_sequence,pickup_type,drop_off_type,note_id
amtrak,amtrak:277118,277118,amtrak:NHV,NHV,10:51:00,10:51:00,1,0,0,
amtrak,amtrak:277118,277118,amtrak:STS,STS,10:53:00,10:53:00,2,0,0,
amtrak,amtrak:277118,277118,amtrak:WFD,WFD,11:05:00,11:05:00,3,0,0,
amtrak,amtrak:277118,277118,amtrak:MDN,MDN,11:15:00,11:15:00,4,0,0,
amtrak,amtrak:277118,277118,amtrak:BER,BER,11:23:00,11:23:00,5,0,0,
amtrak,amtrak:277118,277118,amtrak:HFD,HFD,11:35:00,11:35:00,6,0,0,
amtrak,amtrak:277119,277119,amtrak:NHV,NHV,10:51:00,10:51:00,1,0,0,
amtrak,amtrak:277119,277119,amtrak:STS,STS,10:53:00,10:53:00,2,0,0,
amtrak,amtrak:277119,277119,amtrak:WFD,WFD,11:05:00,11:05:00,3,0,0,
amtrak,amtrak:277119,277119,amtrak:MDN,MDN,11:15:00,11:15:00,4,0,0,
amtrak,amtrak:277119,277119,amtrak:BER,BER,11:23:00,11:23:00,5,0,0,
amtrak,amtrak:277119,277119,amtrak:HFD,HFD,11:35:00,11:37:00,6,0,0,
amtrak,amtrak:277119,277119,amtrak:WND,WND,11:49:00,11:49:00,7,0,0,
amtrak,amtrak:277119,277119,amtrak:WNL,WNL,11:57:00,11:57:00,8,0,0,
amtrak,amtrak:277119,277119,amtrak:SPG,SPG,12:22:00,12:22:00,9,0,0,
amtrak,amtrak:277121,277121,amtrak:NHV,NHV,10:51:00,10:51:00,1,0,0,
amtrak,amtrak:277121,277121,amtrak:STS,STS,10:53:00,10:53:00,2,0,0,
amtrak,amtrak:277121,277121,amtrak:WFD,WFD,11:05:00,11:05:00,3,0,0,
amtrak,amtrak:277121,277121,amtrak:MDN,MDN,11:15:00,11:15:00,4,0,0,
amtrak,amtrak:277121,277121,amtrak:BER,BER,11:23:00,11:23:00,5,0,0,
amtrak,amtrak:277121,277121,amtrak:HFD,HFD,11:35:00,11:37:00,6,0,0,
amtrak,amtrak:277121,277121,amtrak:WND,WND,11:49:00,11:49:00,7,0,0,
amtrak,amtrak:277121,277121,amtrak:WNL,WNL,11:57:00,11:57:00,8,0,0,
amtrak,amtrak:277121,277121,amtrak:SPG,SPG,12:22:00,12:22:00,9,0,0,
amtrak,amtrak:277123,277123,amtrak:NHV,NHV,10:51:00,10:51:00,1,0,0,
amtrak,amtrak:277123,277123,amtrak:STS,STS,10:53:00,10:53:00,2,0,0,
amtrak,amtrak:277123,277123,amtrak:WFD,WFD,11:05:00,11:05:00,3,0,0,
amtrak,amtrak:277123,277123,amtrak:MDN,MDN,11:15:00,11:15:00,4,0,0,
amtrak,amtrak:277123,277123,amtrak:BER,BER,11:23:00,11:23:00,5,0,0,
amtrak,amtrak:277123,277123,amtrak:HFD,HFD,11:35:00,11:37:00,6,0,0,
amtrak,amtrak:277123,277123,amtrak:WND,WND,11:49:00,11:49:00,7,0,0,
amtrak,amtrak:277123,277123,amtrak:WNL,WNL,11:57:00,11:57:00,8,0,0,
amtrak,amtrak:277123,277123,amtrak:SPG,SPG,12:22:00,12:22:00,9,0,0,
amtrak,amtrak:277124,277124,amtrak:NHV,NHV,10:51:00,10:51:00,1,0,0,
amtrak,amtrak:277124,277124,amtrak:STS,STS,10:53:00,10:53:00,2,0,0,
amtrak,amtrak:277124,277124,amtrak:WFD,WFD,11:05:00,11:05:00,3,0,0,
amtrak,amtrak:277124,277124,amtrak:MDN,MDN,11:15:00,11:15:00,4,0,0,
amtrak,amtrak:277124,277124,amtrak:BER,BER,11:23:00,11:23:00,5,0,0,
amtrak,amtrak:277124,277124,amtrak:HFD,HFD,11:35:00,11:37:00,6,0,0,
amtrak,amtrak:277124,277124,amtrak:WND,WND,11:49:00,11:49:00,7,0,0,
amtrak,amtrak:277124,277124,amtrak:WNL,WNL,11:57:00,11:57:00,8,0,0,
amtrak,amtrak:277124,277124,amtrak:SPG,SPG,12:22:00,12:22:00,9,0,0,
amtrak,amtrak:277140,277140,amtrak:HFD,HFD,12:39:00,12:39:00,1,0,0,
amtrak,amtrak:277140,277140,amtrak:BER,BER,12:50:00,12:50:00,2,0,0,
amtrak,amtrak:277140,277140,amtrak:MDN,MDN,12:59:00,12:59:00,3,0,0,
amtrak,amtrak:277140,277140,amtrak:WFD,WFD,13:07:00,13:07:00,4,0,0,
amtrak,amtrak:277140,277140,amtrak:STS,STS,13:20:00,13:20:00,5,0,0,
amtrak,amtrak:277140,277140,amtrak:NHV,NHV,13:28:00,13:28:00,6,0,0,
amtrak,amtrak:277141,277141,amtrak:SPG,SPG,12:05:00,12:05:00,1,0,0,
amtrak,amtrak:277141,277141,amtrak:WNL,WNL,12:24:00,12:24:00,2,0,0,
amtrak,amtrak:277141,277141,amtrak:WND,WND,12:29:00,12:29:00,3,0,0,
amtrak,amtrak:277141,277141,amtrak:HFD,HFD,12:36:00,12:39:00,4,0,0,
amtrak,amtrak:277141,277141,amtrak:BER,BER,12:50:00,12:50:00,5,0,0,
amtrak,amtrak:277141,277141,amtrak:MDN,MDN,12:59:00,12:59:00,6,0,0,
amtrak,amtrak:277141,277141,amtrak:WFD,WFD,13:07:00,13:07:00,7,0,0,
amtrak,amtrak:277141,277141,amtrak:STS,STS,13:20:00,13:20:00,8,0,0,
amtrak,amtrak:277141,277141,amtrak:NHV,NHV,13:28:00,13:28:00,9,0,0,
amtrak,amtrak:277143,277143,amtrak:SPG,SPG,12:05:00,12:05:00,1,0,0,
amtrak,amtrak:277143,277143,amtrak:WNL,WNL,12:24:00,12:24:00,2,0,0,
amtrak,amtrak:277143,277143,amtrak:WND,WND,12:29:00,12:29:00,3,0,0,
amtrak,amtrak:277143,277143,amtrak:HFD,HFD,12:36:00,12:39:00,4,0,0,
amtrak,amtrak:277143,277143,amtrak:BER,BER,12:50:00,12:50:00,5,0,0,
amtrak,amtrak:277143,277143,amtrak:MDN,MDN,12:59:00,12:59:00,6,0,0,
amtrak,amtrak:277143,277143,amtrak:WFD,WFD,13:07:00,13:07:00,7,0,0,
amtrak,amtrak:277143,277143,amtrak:STS,STS,13:20:00,13:20:00,8,0,0,
amtrak,amtrak:277143,277143,amtrak:NHV,NHV,13:28:00,13:28:00,9,0,0,
amtrak,amtrak:277145,277145,amtrak:SPG,SPG,12:05:00,12:05:00,1,0,0,
amtrak,amtrak:277145,277145,amtrak:WNL,WNL,12:24:00,12:24:00,2,0,0,
amtrak,amtrak:277145,277145,amtrak:WND,WND,12:29:00,12:29:00,3,0,0,
amtrak,amtrak:277145,277145,amtrak:HFD,HFD,12:36:00,12:39:00,4,0,0,
amtrak,amtrak:277145,277145,amtrak:BER,BER,12:50:00,12:50:00,5,0,0,
amtrak,amtrak:277145,277145,amtrak:MDN,MDN,12:59:00,12:59:00,6,0,0,
amtrak,amtrak:277145,277145,amtrak:WFD,WFD,13:07:00,13:07:00,7,0,0,
amtrak,amtrak:277145,277145,amtrak:STS,STS,13:20:00,13:20:00,8,0,0,
amtrak,amtrak:277145,277145,amtrak:NHV,NHV,13:28:00,13:28:00,9,0,0,
amtrak,amtrak:277146,277146,amtrak:SPG,SPG,12:05:00,12:05:00,1,0,0,
amtrak,amtrak:277146,277146,amtrak:WNL,WNL,12:24:00,12:24:00,2,0,0,
amtrak,amtrak:277146,277146,amtrak:WND,WND,12:29:00,12:29:00,3,0,0,
amtrak,amtrak:277146,277146,amtrak:HFD,HFD,12:36:00,12:39:00,4,0,0,
amtrak,amtrak:277146,277146,amtrak:BER,BER,12:50:00,12:50:00,5,0,0,
amtrak,amtrak:277146,277146,amtrak:MDN,MDN,12:59:00,12:59:00,6,0,0,
amtrak,amtrak:277146,277146,amtrak:WFD,WFD,13:07:00,13:07:00,7,0,0,
amtrak,amtrak:277146,277146,amtrak:STS,STS,13:20:00,13:20:00,8,0,0,
amtrak,amtrak:277146,277146,amtrak:NHV,NHV,13:28:00,13:28:00,9,0,0,
amtrak,amtrak:277153,277153,amtrak:NHV,NHV,16:25:00,16:25:00,1,0,0,
amtrak,amtrak:277153,277153,amtrak:STS,STS,16:27:00,16:27:00,2,0,1,
amtrak,amtrak:277153,277153,amtrak:WFD,WFD,16:40:00,16:40:00,3,0,0,
amtrak,amtrak:277153,277153,amtrak:MDN,MDN,16:47:00,16:47:00,4,0,0,
amtrak,amtrak:277153,277153,amtrak:BER,BER,16:56:00,16:56:00,5,0,0,
amtrak,amtrak:277153,277153,amtrak:HFD,HFD,17:09:00,17:11:00,6,0,0,
amtrak,amtrak:277153,277153,amtrak:WND,WND,17:18:00,17:18:00,7,0,0,
amtrak,amtrak:277153,277153,amtrak:WNL,WNL,17:25:00,17:25:00,8,0,0,
amtrak,amtrak:277153,277153,amtrak:SPG,SPG,17:50:00,17:50:00,9,0,0,
amtrak,amtrak:277155,277155,amtrak:NHV,NHV,16:25:00,16:25:00,1,0,0,
amtrak,amtrak:277155,277155,amtrak:STS,STS,16:27:00,16:27:00,2,0,1,
amtrak,amtrak:277155,277155,amtrak:WFD,WFD,16:40:00,16:40:00,3,0,0,
amtrak,amtrak:277155,277155,amtrak:MDN,MDN,16:47:00,16:47:00,4,0,0,
amtrak,amtrak:277155,277155,amtrak:BER,BER,16:56:00,16:56:00,5,0,0,
amtrak,amtrak:277155,277155,amtrak:HFD,HFD,17:09:00,17:11:00,6,0,0,
amtrak,amtrak:277155,277155,amtrak:WND,WND,17:18:00,17:18:00,7,0,0,
amtrak,amtrak:277155,277155,amtrak:WNL,WNL,17:25:00,17:25:00,8,0,0,
amtrak,amtrak:277155,277155,amtrak:SPG,SPG,17:50:00,17:50:00,9,0,0,
amtrak,amtrak:277157,277157,amtrak:NHV,NHV,16:25:00,16:25:00,1,0,0,
amtrak,amtrak:277157,277157,amtrak:STS,STS,16:27:00,16:27:00,2,0,1,
amtrak,amtrak:277157,277157,amtrak:WFD,WFD,16:40:00,16:40:00,3,0,0,
amtrak,amtrak:277157,277157,amtrak:MDN,MDN,16:47:00,16:47:00,4,0,0,
amtrak,amtrak:277157,277157,amtrak:BER,BER,16:56:00,16:56:00,5,0,0,
amtrak,amtrak:277157,277157,amtrak:HFD,HFD,17:09:00,17:11:00,6,0,0,
amtrak,amtrak:277157,277157,amtrak:WND,WND,17:18:00,17:18:00,7,0,0,
amtrak,amtrak:277157,277157,amtrak:WNL,WNL,17:25:00,17:25:00,8,0,0,
amtrak,amtrak:277157,277157,amtrak:SPG,SPG,17:50:00,17:50:00,9,0,0,
amtrak,amtrak:277158,277158,amtrak:NHV,NHV,16:25:00,16:25:00,1,0,0,
amtrak,amtrak:277158,277158,amtrak:STS,STS,16:27:00,16:27:00,2,0,1,
amtrak,amtrak:277158,277158,amtrak:WFD,WFD,16:40:00,16:40:00,3,0,0,
amtrak,amtrak:277158,277158,amtrak:MDN,MDN,16:47:00,16:47:00,4,0,0,
amtrak,amtrak:277158,277158,amtrak:BER,BER,16:56:00,16:56:00,5,0,0,
amtrak,amtrak:277158,277158,amtrak:HFD,HFD,17:09:00,17:11:00,6,0,0,
amtrak,amtrak:277158,277158,amtrak:WND,WND,17:18:00,17:18:00,7,0,0,
amtrak,amtrak:277158,277158,amtrak:WNL,WNL,17:25:00,17:25:00,8,0,0,
amtrak,amtrak:277158,277158,amtrak:SPG,SPG,17:50:00,17:50:00,9,0,0,
amtrak,amtrak:277200,277200,amtrak:NHV,NHV,9:42:00,9:42:00,1,0,0,
amtrak,amtrak:277200,277200,amtrak:STS,STS,9:44:00,9:44:00,2,0,0,
amtrak,amtrak:277200,277200,amtrak:WFD,WFD,9:56:00,9:56:00,3,0,0,
amtrak,amtrak:277200,277200,amtrak:MDN,MDN,10:04:00,10:05:00,4,0,0,
amtrak,amtrak:277200,277200,amtrak:BER,BER,10:14:00,10:14:00,5,0,0,
amtrak,amtrak:277200,277200,amtrak:HFD,HFD,10:24:00,10:27:00,6,0,0,
amtrak,amtrak:277200,277200,amtrak:WND,WND,10:35:00,10:35:00,7,0,0,
amtrak,amtrak:277200,277200,amtrak:WNL,WNL,10:41:00,10:41:00,8,0,0,
amtrak,amtrak:277200,277200,amtrak:SPG,SPG,11:06:00,11:06:00,9,0,0,
amtrak,amtrak:277202,277202,amtrak:NHV,NHV,9:42:00,9:42:00,1,0,0,
amtrak,amtrak:277202,277202,amtrak:STS,STS,9:44:00,9:44:00,2,0,0,
amtrak,amtrak:277202,277202,amtrak:WFD,WFD,9:56:00,9:56:00,3,0,0,
amtrak,amtrak:277202,277202,amtrak:MDN,MDN,10:04:00,10:05:00,4,0,0,
amtrak,amtrak:277202,277202,amtrak:BER,BER,10:14:00,10:14:00,5,0,0,
amtrak,amtrak:277202,277202,amtrak:HFD,HFD,10:24:00,10:27:00,6,0,0,
amtrak,amtrak:277202,277202,amtrak:WND,WND,10:35:00,10:35:00,7,0,0,
amtrak,amtrak:277202,277202,amtrak:WNL,WNL,10:41:00,10:41:00,8,0,0,
amtrak,amtrak:277202,277202,amtrak:SPG,SPG,11:06:00,11:06:00,9,0,0,
amtrak,amtrak:277204,277204,amtrak:NHV,NHV,9:42:00,9:42:00,1,0,0,
amtrak,amtrak:277204,277204,amtrak:STS,STS,9:44:00,9:44:00,2,0,0,
amtrak,amtrak:277204,277204,amtrak:WFD,WFD,9:56:00,9:56:00,3,0,0,
amtrak,amtrak:277204,277204,amtrak:MDN,MDN,10:04:00,10:05:00,4,0,0,
amtrak,amtrak:277204,277204,amtrak:BER,BER,10:14:00,10:14:00,5,0,0,
amtrak,amtrak:277204,277204,amtrak:HFD,HFD,10:24:00,10:27:00,6,0,0,
amtrak,amtrak:277204,277204,amtrak:WND,WND,10:35:00,10:35:00,7,0,0,
amtrak,amtrak:277204,277204,amtrak:WNL,WNL,10:41:00,10:41:00,8,0,0,
amtrak,amtrak:277204,277204,amtrak:SPG,SPG,11:06:00,11:06:00,9,0,0,
amtrak,amtrak:277205,277205,amtrak:NHV,NHV,9:42:00,9:42:00,1,0,0,
amtrak,amtrak:277205,277205,amtrak:STS,STS,9:44:00,9:44:00,2,0,0,
amtrak,amtrak:277205,277205,amtrak:WFD,WFD,9:56:00,9:56:00,3,0,0,
amtrak,amtrak:277205,277205,amtrak:MDN,MDN,10:04:00,10:05:00,4,0,0,
amtrak,amtrak:277205,277205,amtrak:BER,BER,10:14:00,10:14:00,5,0,0,
amtrak,amtrak:277205,277205,amtrak:HFD,HFD,10:24:00,10:27:00,6,0,0,
amtrak,amtrak:277205,277205,amtrak:WND,WND,10:35:00,10:35:00,7,0,0,
amtrak,amtrak:277205,277205,amtrak:WNL,WNL,10:41:00,10:41:00,8,0,0,
amtrak,amtrak:277205,277205,amtrak:SPG,SPG,11:06:00,11:06:00,9,0,0,
amtrak,amtrak:277698,277698,amtrak:SPG,SPG,7:25:00,7:25:00,1,0,0,
amtrak,amtrak:277698,277698,amtrak:WNL,WNL,7:44:00,7:44:00,2,0,0,
amtrak,amtrak:277698,277698,amtrak:WND,WND,7:49:00,7:49:00,3,0,0,
amtrak,amtrak:277698,277698,amtrak:HFD,HFD,7:57:00,7:59:00,4,0,0,
amtrak,amtrak:277698,277698,amtrak:BER,BER,8:10:00,8:10:00,5,0,0,
amtrak,amtrak:277698,277698,amtrak:MDN,MDN,8:19:00,8:19:00,6,0,0,
amtrak,amtrak:277698,277698,amtrak:WFD,WFD,8:27:00,8:27:00,7,0,0,
amtrak,amtrak:277698,277698,amtrak:STS,STS,8:40:00,8:40:00,8,1,0,
amtrak,amtrak:277698,277698,amtrak:NHV,NHV,8:47:00,8:47:00,9,0,0,
amtrak,amtrak:277699,277699,amtrak:SPG,SPG,7:25:00,7:25:00,1,0,0,
amtrak,amtrak:277699,277699,amtrak:WNL,WNL,7:44:00,7:44:00,2,0,0,
amtrak,amtrak:277699,277699,amtrak:WND,WND,7:49:00,7:49:00,3,0,0,
amtrak,amtrak:277699,277699,amtrak:HFD,HFD,7:57:00,7:59:00,4,0,0,
amtrak,amtrak:277699,277699,amtrak:BER,BER,8:10:00,8:10:00,5,0,0,
amtrak,amtrak:277699,277699,amtrak:MDN,MDN,8:19:00,8:19:00,6,0,0,
amtrak,amtrak:277699,277699,amtrak:WFD,WFD,8:27:00,8:27:00,7,0,0,
amtrak,amtrak:277699,277699,amtrak:STS,STS,8:40:00,8:40:00,8,1,0,
amtrak,amtrak:277699,277699,amtrak:NHV,NHV,8:47:00,8:47:00,9,0,0,
amtrak,amtrak:277700,277700,amtrak:SPG,SPG,7:25:00,7:25:00,1,0,0,
amtrak,amtrak:277700,277700,amtrak:WNL,WNL,7:44:00,7:44:00,2,0,0,
amtrak,amtrak:277700,277700,amtrak:WND,WND,7:49:00,7:49:00,3,0,0,
amtrak,amtrak:277700,277700,amtrak:HFD,HFD,7:57:00,7:59:00,4,0,0,
amtrak,amtrak:277700,277700,amtrak:BER,BER,8:10:00,8:10:00,5,0,0,
amtrak,amtrak:277700,277700,amtrak:MDN,MDN,8:19:00,8:19:00,6,0,0,
amtrak,amtrak:277700,277700,amtrak:WFD,WFD,8:27:00,8:27:00,7,0,0,
amtrak,amtrak:277700,277700,amtrak:STS,STS,8:40:00,8:40:00,8,1,0,
amtrak,amtrak:277700,277700,amtrak:NHV,NHV,8:47:00,8:47:00,9,0,0,
amtrak,amtrak:277701,277701,amtrak:SPG,SPG,7:25:00,7:25:00,1,0,0,
amtrak,amtrak:277701,277701,amtrak:WNL,WNL,7:44:00,7:44:00,2,0,0,
amtrak,amtrak:277701,277701,amtrak:WND,WND,7:49:00,7:49:00,3,0,0,
amtrak,amtrak:277701,277701,amtrak:HFD,HFD,7:57:00,7:59:00,4,0,0,
amtrak,amtrak:277701,277701,amtrak:BER,BER,8:10:00,8:10:00,5,0,0,
amtrak,amtrak:277701,277701,amtrak:MDN,MDN,8:19:00,8:19:00,6,0,0,
amtrak,amtrak:277701,277701,amtrak:WFD,WFD,8:27:00,8:27:00,7,0,0,
amtrak,amtrak:277701,277701,amtrak:STS,STS,8:40:00,8:40:00,8,1,0,
amtrak,amtrak:277701,277701,amtrak:NHV,NHV,8:47:00,8:47:00,9,0,0,
amtrak,amtrak:277734,277734,amtrak:NHV,NHV,11:00:00,11:00:00,1,0,0,
amtrak,amtrak:277734,277734,amtrak:STS,STS,11:02:00,11:02:00,2,0,0,
amtrak,amtrak:277734,277734,amtrak:WFD,WFD,11:14:00,11:14:00,3,0,0,
amtrak,amtrak:277734,277734,amtrak:MDN,MDN,11:23:00,11:23:00,4,0,0,
amtrak,amtrak:277734,277734,amtrak:BER,BER,11:31:00,11:31:00,5,0,0,
amtrak,amtrak:277734,277734,amtrak:HFD,HFD,11:44:00,11:46:00,6,0,0,
amtrak,amtrak:277734,277734,amtrak:WND,WND,11:53:00,11:53:00,7,0,0,
amtrak,amtrak:277734,277734,amtrak:WNL,WNL,11:59:00,11:59:00,8,0,0,
amtrak,amtrak:277734,277734,amtrak:SPG,SPG,12:23:00,12:23:00,9,0,0,
amtrak,amtrak:277735,277735,amtrak:NHV,NHV,11:00:00,11:00:00,1,0,0,
amtrak,amtrak:277735,277735,amtrak:STS,STS,11:02:00,11:02:00,2,0,0,
amtrak,amtrak:277735,277735,amtrak:WFD,WFD,11:14:00,11:14:00,3,0,0,
amtrak,amtrak:277735,277735,amtrak:MDN,MDN,11:23:00,11:23:00,4,0,0,
amtrak,amtrak:277735,277735,amtrak:BER,BER,11:31:00,11:31:00,5,0,0,
amtrak,amtrak:277735,277735,amtrak:HFD,HFD,11:44:00,11:46:00,6,0,0,
amtrak,amtrak:277735,277735,amtrak:WND,WND,11:53:00,11:53:00,7,0,0,
amtrak,amtrak:277735,277735,amtrak:WNL,WNL,11:59:00,11:59:00,8,0,0,
amtrak,amtrak:277735,277735,amtrak:SPG,SPG,12:23:00,12:23:00,9,0,0,
amtrak,amtrak:277736,277736,amtrak:NHV,NHV,11:00:00,11:00:00,1,0,0,
amtrak,amtrak:277736,277736,amtrak:STS,STS,11:02:00,11:02:00,2,0,0,
amtrak,amtrak:277736,277736,amtrak:WFD,WFD,11:14:00,11:14:00,3,0,0,
amtrak,amtrak:277736,277736,amtrak:MDN,MDN,11:23:00,11:23:00,4,0,0,
amtrak,amtrak:277736,277736,amtrak:BER,BER,11:31:00,11:31:00,5,0,0,
amtrak,amtrak:277736,277736,amtrak:HFD,HFD,11:44:00,11:46:00,6,0,0,
amtrak,amtrak:277736,277736,amtrak:WND,WND,11:53:00,11:53:00,7,0,0,
amtrak,amtrak:277736,277736,amtrak:WNL,WNL,11:59:00,11:59:00,8,0,0,
amtrak,amtrak:277736,277736,amtrak:SPG,SPG,12:23:00,12:23:00,9,0,0,
amtrak,amtrak:277737,277737,amtrak:NHV,NHV,11:00:00,11:00:00,1,0,0,
amtrak,amtrak:277737,277737,amtrak:STS,STS,11:02:00,11:02:00,2,0,0,
amtrak,amtrak:277737,277737,amtrak:WFD,WFD,11:14:00,11:14:00,3,0,0,
amtrak,amtrak:277737,277737,amtrak:MDN,MDN,11:23:00,11:23:00,4,0,0,
amtrak,amtrak:277737,277737,amtrak:BER,BER,11:31:00,11:31:00,5,0,0,
amtrak,amtrak:277737,277737,amtrak:HFD,HFD,11:44:00,11:46:00,6,0,0,
amtrak,amtrak:277737,277737,amtrak:WND,WND,11:53:00,11:53:00,7,0,0,
amtrak,amtrak:277737,277737,amtrak:WNL,WNL,11:59:00,11:59:00,8,0,0,
amtrak,amtrak:277737,277737,amtrak:SPG,SPG,12:23:00,12:23:00,9,0,0,
amtrak,amtrak:277743,277743,amtrak:SPG,SPG,12:30:00,12:30:00,1,0,0,
amtrak,amtrak:277743,277743,amtrak:WNL,WNL,12:49:00,12:49:00,2,0,0,
amtrak,amtrak:277743,277743,amtrak:WND,WND,12:55:00,12:55:00,3,0,0,
amtrak,amtrak:277743,277743,amtrak:HFD,HFD,13:02:00,13:05:00,4,0,0,
amtrak,amtrak:277743,277743,amtrak:BER,BER,13:16:00,13:16:00,5,0,0,
amtrak,amtrak:277743,277743,amtrak:MDN,MDN,13:24:00,13:24:00,6,0,0,
amtrak,amtrak:277743,277743,amtrak:WFD,WFD,13:32:00,13:32:00,7,0,0,
amtrak,amtrak:277743,277743,amtrak:STS,STS,13:45:00,13:45:00,8,0,0,
amtrak,amtrak:277743,277743,amtrak:NHV,NHV,13:52:00,13:52:00,9,0,0,
amtrak,amtrak:277744,277744,amtrak:SPG,SPG,12:30:00,12:30:00,1,0,0,
amtrak,amtrak:277744,277744,amtrak:WNL,WNL,12:49:00,12:49:00,2,0,0,
amtrak,amtrak:277744,277744,amtrak:WND,WND,12:55:00,12:55:00,3,0,0,
amtrak,amtrak:277744,277744,amtrak:HFD,HFD,13:02:00,13:05:00,4,0,0,
amtrak,amtrak:277744,277744,amtrak:BER,BER,13:16:00,13:16:00,5,0,0,
amtrak,amtrak:277744,277744,amtrak:MDN,MDN,13:24:00,13:24:00,6,0,0,
amtrak,amtrak:277744,277744,amtrak:WFD,WFD,13:32:00,13:32:00,7,0,0,
amtrak,amtrak:277744,277744,amtrak:STS,STS,13:45:00,13:45:00,8,0,0,
amtrak,amtrak:277744,277744,amtrak:NHV,NHV,13:52:00,13:52:00,9,0,0,
amtrak,amtrak:277745,277745,amtrak:SPG,SPG,12:30:00,12:30:00,1,0,0,
amtrak,amtrak:277745,277745,amtrak:WNL,WNL,12:49:00,12:49:00,2,0,0,
amtrak,amtrak:277745,277745,amtrak:WND,WND,12:55:00,12:55:00,3,0,0,
amtrak,amtrak:277745,277745,amtrak:HFD,HFD,13:02:00,13:05:00,4,0,0,
amtrak,amtrak:277745,277745,amtrak:BER,BER,13:16:00,13:16:00,5,0,0,
amtrak,amtrak:277745,277745,amtrak:MDN,MDN,13:24:00,13:24:00,6,0,0,
amtrak,amtrak:277745,277745,amtrak:WFD,WFD,13:32:00,13:32:00,7,0,0,
amtrak,amtrak:277745,277745,amtrak:STS,STS,13:45:00,13:45:00,8,0,0,
amtrak,amtrak:277745,277745,amtrak:NHV,NHV,13:52:00,13:52:00,9,0,0,
amtrak,amtrak:277747,277747,amtrak:SPG,SPG,12:30:00,12:30:00,1,0,0,
amtrak,amtrak:277747,277747,amtrak:WNL,WNL,12:49:00,12:49:00,2,0,0,
amtrak,amtrak:277747,277747,amtrak:WND,WND,12:55:00,12:55:00,3,0,0,
amtrak,amtrak:277747,277747,amtrak:HFD,HFD,13:02:00,13:05:00,4,0,0,
amtrak,amtrak:277747,277747,amtrak:BER,BER,13:16:00,13:16:00,5,0,0,
amtrak,amtrak:277747,277747,amtrak:MDN,MDN,13:24:00,13:24:00,6,0,0,
amtrak,amtrak:277747,277747,amtrak:WFD,WFD,13:32:00,13:32:00,7,0,0,
amtrak,amtrak:277747,277747,amtrak:STS,STS,13:45:00,13:45:00,8,0,0,
amtrak,amtrak:277747,277747,amtrak:NHV,NHV,13:52:00,13:52:00,9,0,0,
amtrak,amtrak:277748,277748,amtrak:SPG,SPG,12:30:00,12:30:00,1,0,0,
amtrak,amtrak:277748,277748,amtrak:WNL,WNL,12:49:00,12:49:00,2,0,0,
amtrak,amtrak:277748,277748,amtrak:WND,WND,12:55:00,12:55:00,3,0,0,
amtrak,amtrak:277748,277748,amtrak:HFD,HFD,13:02:00,13:05:00,4,0,0,
amtrak,amtrak:277748,277748,amtrak:BER,BER,13:16:00,13:16:00,5,0,0,
amtrak,amtrak:277748,277748,amtrak:MDN,MDN,13:24:00,13:24:00,6,0,0,
amtrak,amtrak:277748,277748,amtrak:WFD,WFD,13:32:00,13:32:00,7,0,0,
amtrak,amtrak:277748,277748,amtrak:STS,STS,13:45:00,13:45:00,8,0,0,
amtrak,amtrak:277748,277748,amtrak:NHV,NHV,13:52:00,13:52:00,9,0,0,
amtrak,amtrak:277772,277772,amtrak:SPG,SPG,17:30:00,17:30:00,1,0,0,
amtrak,amtrak:277772,277772,amtrak:WNL,WNL,17:49:00,17:49:00,2,0,0,
amtrak,amtrak:277772,277772,amtrak:WND,WND,17:55:00,17:55:00,3,0,0,
amtrak,amtrak:277772,277772,amtrak:HFD,HFD,18:02:00,18:05:00,4,0,0,
amtrak,amtrak:277772,277772,amtrak:BER,BER,18:15:00,18:15:00,5,0,0,
amtrak,amtrak:277772,277772,amtrak:MDN,MDN,18:23:00,18:23:00,6,0,0,
amtrak,amtrak:277772,277772,amtrak:WFD,WFD,18:32:00,18:32:00,7,0,0,
amtrak,amtrak:277772,277772,amtrak:STS,STS,18:45:00,18:45:00,8,0,0,
amtrak,amtrak:277772,277772,amtrak:NHV,NHV,18:52:00,18:52:00,9,0,0,
amtrak,amtrak:277773,277773,amtrak:SPG,SPG,17:30:00,17:30:00,1,0,0,
amtrak,amtrak:277773,277773,amtrak:WNL,WNL,17:49:00,17:49:00,2,0,0,
amtrak,amtrak:277773,277773,amtrak:WND,WND,17:55:00,17:55:00,3,0,0,
amtrak,amtrak:277773,277773,amtrak:HFD,HFD,18:02:00,18:05:00,4,0,0,
amtrak,amtrak:277773,277773,amtrak:BER,BER,18:15:00,18:15:00,5,0,0,
amtrak,amtrak:277773,277773,amtrak:MDN,MDN,18:23:00,18:23:00,6,0,0,
amtrak,amtrak:277773,277773,amtrak:WFD,WFD,18:32:00,18:32:00,7,0,0,
amtrak,amtrak:277773,277773,amtrak:STS,STS,18:45:00,18:45:00,8,0,0,
amtrak,amtrak:277773,277773,amtrak:NHV,NHV,18:52:00,18:52:00,9,0,0,
amtrak,amtrak:277774,277774,amtrak:SPG,SPG,17:30:00,17:30:00,1,0,0,
amtrak,amtrak:277774,277774,amtrak:WNL,WNL,17:49:00,17:49:00,2,0,0,
amtrak,amtrak:277774,277774,amtrak:WND,WND,17:55:00,17:55:00,3,0,0,
amtrak,amtrak:277774,277774,amtrak:HFD,HFD,18:02:00,18:05:00,4,0,0,
amtrak,amtrak:277774,277774,amtrak:BER,BER,18:15:00,18:15:00,5,0,0,
amtrak,amtrak:277774,277774,amtrak:MDN,MDN,18:23:00,18:23:00,6,0,0,
amtrak,amtrak:277774,277774,amtrak:WFD,WFD,18:32:00,18:32:00,7,0,0,
amtrak,amtrak:277774,277774,amtrak:STS,STS,18:45:00,18:45:00,8,0,0,
amtrak,amtrak:277774,277774,amtrak:NHV,NHV,18:52:00,18:52:00,9,0,0,
amtrak,amtrak:277776,277776,amtrak:SPG,SPG,17:30:00,17:30:00,1,0,0,
amtrak,amtrak:277776,277776,amtrak:WNL,WNL,17:49:00,17:49:00,2,0,0,
amtrak,amtrak:277776,277776,amtrak:WND,WND,17:55:00,17:55:00,3,0,0,
amtrak,amtrak:277776,277776,amtrak:HFD,HFD,18:02:00,18:05:00,4,0,0,
amtrak,amtrak:277776,277776,amtrak:BER,BER,18:15:00,18:15:00,5,0,0,
amtrak,amtrak:277776,277776,amtrak:MDN,MDN,18:23:00,18:23:00,6,0,0,
amtrak,amtrak:277776,277776,amtrak:WFD,WFD,18:32:00,18:32:00,7,0,0,
amtrak,amtrak:277776,277776,amtrak:STS,STS,18:45:00,18:45:00,8,0,0,
amtrak,amtrak:277776,277776,amtrak:NHV,NHV,18:52:00,18:52:00,9,0,0,
amtrak,amtrak:277777,277777,amtrak:SPG,SPG,17:30:00,17:30:00,1,0,0,
amtrak,amtrak:277777,277777,amtrak:WNL,WNL,17:49:00,17:49:00,2,0,0,
amtrak,amtrak:277777,277777,amtrak:WND,WND,17:55:00,17:55:00,3,0,0,
amtrak,amtrak:277777,277777,amtrak:HFD,HFD,18:02:00,18:05:00,4,0,0,
amtrak,amtrak:277777,277777,amtrak:BER,BER,18:15:00,18:15:00,5,0,0,
amtrak,amtrak:277777,277777,amtrak:MDN,MDN,18:23:00,18:23:00,6,0,0,
amtrak,amtrak:277777,277777,amtrak:WFD,WFD,18:32:00,18:32:00,7,0,0,
amtrak,amtrak:277777,277777,amtrak:STS,STS,18:45:00,18:45:00,8,0,0,
amtrak,amtrak:277777,277777,amtrak:NHV,NHV,18:52:00,18:52:00,9,0,0,
amtrak,amtrak:277907,277907,amtrak:NHV,NHV,17:00:00,17:00:00,1,0,0,
amtrak,amtrak:277907,277907,amtrak:STS,STS,17:02:00,17:02:00,2,0,0,
amtrak,amtrak:277907,277907,amtrak:WFD,WFD,17:14:00,17:14:00,3,0,0,
amtrak,amtrak:277907,277907,amtrak:MDN,MDN,17:23:00,17:23:00,4,0,0,
amtrak,amtrak:277907,277907,amtrak:BER,BER,17:32:00,17:32:00,5,0,0,
amtrak,amtrak:277907,277907,amtrak:HFD,HFD,17:43:00,17:46:00,6,0,0,
amtrak,amtrak:277907,277907,amtrak:WND,WND,17:53:00,17:53:00,7,0,0,
amtrak,amtrak:277907,277907,amtrak:WNL,WNL,17:59:00,17:59:00,8,0,0,
amtrak,amtrak:277907,277907,amtrak:SPG,SPG,18:24:00,18:45:00,9,0,0,
amtrak,amtrak:277907,277907,amtrak:HLK,HLK,19:11:00,19:11:00,10,0,0,
amtrak,amtrak:277907,277907,amtrak:NHT,NHT,19:27:00,19:27:00,11,0,0,
amtrak,amtrak:277907,277907,amtrak:GFD,GFD,19:53:00,19:53:00,12,0,0,
amtrak,amtrak:277908,277908,amtrak:NHV,NHV,17:00:00,17:00:00,1,0,0,
amtrak,amtrak:277908,277908,amtrak:STS,STS,17:02:00,17:02:00,2,0,0,
amtrak,amtrak:277908,277908,amtrak:WFD,WFD,17:14:00,17:14:00,3,0,0,
amtrak,amtrak:277908,277908,amtrak:MDN,MDN,17:23:00,17:23:00,4,0,0,
amtrak,amtrak:277908,277908,amtrak:BER,BER,17:32:00,17:32:00,5,0,0,
amtrak,amtrak:277908,277908,amtrak:HFD,HFD,17:43:00,17:46:00,6,0,0,
amtrak,amtrak:277908,277908,amtrak:WND,WND,17:53:00,17:53:00,7,0,0,
amtrak,amtrak:277908,277908,amtrak:WNL,WNL,17:59:00,17:59:00,8,0,0,
amtrak,amtrak:277908,277908,amtrak:SPG,SPG,18:24:00,18:45:00,9,0,0,
amtrak,amtrak:277908,277908,amtrak:HLK,HLK,19:11:00,19:11:00,10,0,0,
amtrak,amtrak:277908,277908,amtrak:NHT,NHT,19:27:00,19:27:00,11,0,0,
amtrak,amtrak:277908,277908,amtrak:GFD,GFD,19:53:00,19:53:00,12,0,0,
amtrak,amtrak:277909,277909,amtrak:NHV,NHV,17:00:00,17:00:00,1,0,0,
amtrak,amtrak:277909,277909,amtrak:STS,STS,17:02:00,17:02:00,2,0,0,
amtrak,amtrak:277909,277909,amtrak:WFD,WFD,17:14:00,17:14:00,3,0,0,
amtrak,amtrak:277909,277909,amtrak:MDN,MDN,17:23:00,17:23:00,4,0,0,
amtrak,amtrak:277909,277909,amtrak:BER,BER,17:32:00,17:32:00,5,0,0,
amtrak,amtrak:277909,277909,amtrak:HFD,HFD,17:43:00,17:46:00,6,0,0,
amtrak,amtrak:277909,277909,amtrak:WND,WND,17:53:00,17:53:00,7,0,0,
amtrak,amtrak:277909,277909,amtrak:WNL,WNL,17:59:00,17:59:00,8,0,0,
amtrak,amtrak:277909,277909,amtrak:SPG,SPG,18:24:00,18:45:00,9,0,0,
amtrak,amtrak:277909,277909,amtrak:HLK,HLK,19:11:00,19:11:00,10,0,0,
amtrak,amtrak:277909,277909,amtrak:NHT,NHT,19:27:00,19:27:00,11,0,0,
amtrak,amtrak:277909,277909,amtrak:GFD,GFD,19:53:00,19:53:00,12,0,0,
amtrak,amtrak:277910,277910,amtrak:NHV,NHV,17:00:00,17:00:00,1,0,0,
amtrak,amtrak:277910,277910,amtrak:STS,STS,17:02:00,17:02:00,2,0,0,
amtrak,amtrak:277910,277910,amtrak:WFD,WFD,17:14:00,17:14:00,3,0,0,
amtrak,amtrak:277910,277910,amtrak:MDN,MDN,17:23:00,17:23:00,4,0,0,
amtrak,amtrak:277910,277910,amtrak:BER,BER,17:32:00,17:32:00,5,0,0,
amtrak,amtrak:277910,277910,amtrak:HFD,HFD,17:43:00,17:46:00,6,0,0,
amtrak,amtrak:277910,277910,amtrak:WND,WND,17:53:00,17:53:00,7,0,0,
amtrak,amtrak:277910,277910,amtrak:WNL,WNL,17:59:00,17:59:00,8,0,0,
amtrak,amtrak:277910,277910,amtrak:SPG,SPG,18:24:00,18:45:00,9,0,0,
amtrak,amtrak:277910,277910,amtrak:HLK,HLK,19:11:00,19:11:00,10,0,0,
amtrak,amtrak:277910,277910,amtrak:NHT,NHT,19:27:00,19:27:00,11,0,0,
amtrak,amtrak:277910,277910,amtrak:GFD,GFD,19:53:00,19:53:00,12,0,0,
amtrak,amtrak:282038,282038,amtrak:HFD,HFD,9:35:00,9:35:00,1,0,0,
amtrak,amtrak:282038,282038,amtrak:BER,BER,9:46:00,9:46:00,2,0,0,
amtrak,amtrak:282038,282038,amtrak:MDN,MDN,9:55:00,9:55:00,3,0,0,
amtrak,amtrak:282038,282038,amtrak:WFD,WFD,10:03:00,10:03:00,4,0,0,
amtrak,amtrak:282038,282038,amtrak:STS,STS,10:16:00,10:16:00,5,0,0,
amtrak,amtrak:282038,282038,amtrak:NHV,NHV,10:24:00,10:24:00,6,0,0,
amtrak,amtrak:282039,282039,amtrak:SPG,SPG,8:55:00,8:55:00,1,0,0,
amtrak,amtrak:282039,282039,amtrak:WNL,WNL,9:14:00,9:14:00,2,0,0,
amtrak,amtrak:282039,282039,amtrak:WND,WND,9:19:00,9:19:00,3,0,0,
amtrak,amtrak:282039,282039,amtrak:HFD,HFD,9:26:00,9:29:00,4,0,0,
amtrak,amtrak:282039,282039,amtrak:BER,BER,9:40:00,9:40:00,5,0,0,
amtrak,amtrak:282039,282039,amtrak:MDN,MDN,9:49:00,9:49:00,6,0,0,
amtrak,amtrak:282039,282039,amtrak:WFD,WFD,9:57:00,9:57:00,7,0,0,
amtrak,amtrak:282039,282039,amtrak:STS,STS,10:10:00,10:10:00,8,0,0,
amtrak,amtrak:282039,282039,amtrak:NHV,NHV,10:18:00,10:18:00,9,0,0,
amtrak,amtrak:282041,282041,amtrak:SPG,SPG,8:55:00,8:55:00,1,0,0,
amtrak,amtrak:282041,282041,amtrak:WNL,WNL,9:14:00,9:14:00,2,0,0,
amtrak,amtrak:282041,282041,amtrak:WND,WND,9:19:00,9:19:00,3,0,0,
amtrak,amtrak:282041,282041,amtrak:HFD,HFD,9:26:00,9:29:00,4,0,0,
amtrak,amtrak:282041,282041,amtrak:BER,BER,9:40:00,9:40:00,5,0,0,
amtrak,amtrak:282041,282041,amtrak:MDN,MDN,9:49:00,9:49:00,6,0,0,
amtrak,amtrak:282041,282041,amtrak:WFD,WFD,9:57:00,9:57:00,7,0,0,
amtrak,amtrak:282041,282041,amtrak:STS,STS,10:10:00,10:10:00,8,0,0,
amtrak,amtrak:282041,282041,amtrak:NHV,NHV,10:18:00,10:18:00,9,0,0,
amtrak,amtrak:282043,282043,amtrak:SPG,SPG,8:55:00,8:55:00,1,0,0,
amtrak,amtrak:282043,282043,amtrak:WNL,WNL,9:14:00,9:14:00,2,0,0,
amtrak,amtrak:282043,282043,amtrak:WND,WND,9:19:00,9:19:00,3,0,0,
amtrak,amtrak:282043,282043,amtrak:HFD,HFD,9:26:00,9:29:00,4,0,0,
amtrak,amtrak:282043,282043,amtrak:BER,BER,9:40:00,9:40:00,5,0,0,
amtrak,amtrak:282043,282043,amtrak:MDN,MDN,9:49:00,9:49:00,6,0,0,
amtrak,amtrak:282043,282043,amtrak:WFD,WFD,9:57:00,9:57:00,7,0,0,
amtrak,amtrak:282043,282043,amtrak:STS,STS,10:10:00,10:10:00,8,0,0,
amtrak,amtrak:282043,282043,amtrak:NHV,NHV,10:18:00,10:18:00,9,0,0,
amtrak,amtrak:282044,282044,amtrak:SPG,SPG,8:55:00,8:55:00,1,0,0,
amtrak,amtrak:282044,282044,amtrak:WNL,WNL,9:14:00,9:14:00,2,0,0,
amtrak,amtrak:282044,282044,amtrak:WND,WND,9:19:00,9:19:00,3,0,0,
amtrak,amtrak:282044,282044,amtrak:HFD,HFD,9:26:00,9:29:00,4,0,0,
amtrak,amtrak:282044,282044,amtrak:BER,BER,9:40:00,9:40:00,5,0,0,
amtrak,amtrak:282044,282044,amtrak:MDN,MDN,9:49:00,9:49:00,6,0,0,
amtrak,amtrak:282044,282044,amtrak:WFD,WFD,9:57:00,9:57:00,7,0,0,
amtrak,amtrak:282044,282044,amtrak:STS,STS,10:10:00,10:10:00,8,0,0,
amtrak,amtrak:282044,282044,amtrak:NHV,NHV,10:18:00,10:18:00,9,0,0,
amtrak,amtrak:282060,282060,amtrak:SPG,SPG,15:50:00,15:50:00,1,0,0,
amtrak,amtrak:282060,282060,amtrak:WNL,WNL,16:09:00,16:09:00,2,0,0,
amtrak,amtrak:282060,282060,amtrak:WND,WND,16:14:00,16:14:00,3,0,0,
amtrak,amtrak:282060,282060,amtrak:HFD,HFD,16:21:00,16:24:00,4,0,0,
amtrak,amtrak:282060,282060,amtrak:BER,BER,16:35:00,16:35:00,5,0,0,
amtrak,amtrak:282060,282060,amtrak:MDN,MDN,16:44:00,16:44:00,6,0,0,
amtrak,amtrak:282060,282060,amtrak:WFD,WFD,16:52:00,16:52:00,7,0,0,
amtrak,amtrak:282060,282060,amtrak:STS,STS,17:05:00,17:05:00,8,1,0,
amtrak,amtrak:282060,282060,amtrak:NHV,NHV,17:13:00,17:13:00,9,0,0,
amtrak,amtrak:282061,282061,amtrak:SPG,SPG,15:55:00,15:55:00,1,0,0,
amtrak,amtrak:282061,282061,amtrak:WNL,WNL,16:14:00,16:14:00,2,0,0,
amtrak,amtrak:282061,282061,amtrak:WND,WND,16:19:00,16:19:00,3,0,0,
amtrak,amtrak:282061,282061,amtrak:HFD,HFD,16:26:00,16:29:00,4,0,0,
amtrak,amtrak:282061,282061,amtrak:BER,BER,16:40:00,16:40:00,5,0,0,
amtrak,amtrak:282061,282061,amtrak:MDN,MDN,16:49:00,16:49:00,6,0,0,
amtrak,amtrak:282061,282061,amtrak:WFD,WFD,16:57:00,16:57:00,7,0,0,
amtrak,amtrak:282061,282061,amtrak:STS,STS,17:10:00,17:10:00,8,1,0,
amtrak,amtrak:282061,282061,amtrak:NHV,NHV,17:18:00,17:18:00,9,0,0,
amtrak,amtrak:282063,282063,amtrak:SPG,SPG,15:55:00,15:55:00,1,0,0,
amtrak,amtrak:282063,282063,amtrak:WNL,WNL,16:14:00,16:14:00,2,0,0,
amtrak,amtrak:282063,282063,amtrak:WND,WND,16:19:00,16:19:00,3,0,0,
amtrak,amtrak:282063,282063,amtrak:HFD,HFD,16:26:00,16:29:00,4,0,0,
amtrak,amtrak:282063,282063,amtrak:BER,BER,16:40:00,16:40:00,5,0,0,
amtrak,amtrak:282063,282063,amtrak:MDN,MDN,16:49:00,16:49:00,6,0,0,
amtrak,amtrak:282063,282063,amtrak:WFD,WFD,16:57:00,16:57:00,7,0,0,
amtrak,amtrak:282063,282063,amtrak:STS,STS,17:10:00,17:10:00,8,1,0,
amtrak,amtrak:282063,282063,amtrak:NHV,NHV,17:18:00,17:18:00,9,0,0,
amtrak,amtrak:282065,282065,amtrak:SPG,SPG,15:55:00,15:55:00,1,0,0,
amtrak,amtrak:282065,282065,amtrak:WNL,WNL,16:14:00,16:14:00,2,0,0,
amtrak,amtrak:282065,282065,amtrak:WND,WND,16:19:00,16:19:00,3,0,0,
amtrak,amtrak:282065,282065,amtrak:HFD,HFD,16:26:00,16:29:00,4,0,0,
amtrak,amtrak:282065,282065,amtrak:BER,BER,16:40:00,16:40:00,5,0,0,
amtrak,amtrak:282065,282065,amtrak:MDN,MDN,16:49:00,16:49:00,6,0,0,
amtrak,amtrak:282065,282065,amtrak:WFD,WFD,16:57:00,16:57:00,7,0,0,
amtrak,amtrak:282065,282065,amtrak:STS,STS,17:10:00,17:10:00,8,1,0,
amtrak,amtrak:282065,282065,amtrak:NHV,NHV,17:18:00,17:18:00,9,0,0,
amtrak,amtrak:282066,282066,amtrak:SPG,SPG,15:55:00,15:55:00,1,0,0,
amtrak,amtrak:282066,282066,amtrak:WNL,WNL,16:14:00,16:14:00,2,0,0,
amtrak,amtrak:282066,282066,amtrak:WND,WND,16:19:00,16:19:00,3,0,0,
amtrak,amtrak:282066,282066,amtrak:HFD,HFD,16:26:00,16:29:00,4,0,0,
amtrak,amtrak:282066,282066,amtrak:BER,BER,16:40:00,16:40:00,5,0,0,
amtrak,amtrak:282066,282066,amtrak:MDN,MDN,16:49:00,16:49:00,6,0,0,
amtrak,amtrak:282066,282066,amtrak:WFD,WFD,16:57:00,16:57:00,7,0,0,
amtrak,amtrak:282066,282066,amtrak:STS,STS,17:10:00,17:10:00,8,1,0,
amtrak,amtrak:282066,282066,amtrak:NHV,NHV,17:18:00,17:18:00,9,0,0,
amtrak,amtrak:282072,282072,amtrak:SPG,SPG,18:50:00,18:50:00,1,0,0,
amtrak,amtrak:282072,282072,amtrak:WNL,WNL,19:08:00,19:08:00,2,0,0,
amtrak,amtrak:282072,282072,amtrak:WND,WND,19:14:00,19:14:00,3,0,0,
amtrak,amtrak:282072,282072,amtrak:HFD,HFD,19:23:00,19:25:00,4,0,0,
amtrak,amtrak:282072,282072,amtrak:BER,BER,19:35:00,19:35:00,5,0,0,
amtrak,amtrak:282072,282072,amtrak:MDN,MDN,19:44:00,19:44:00,6,0,0,
amtrak,amtrak:282072,282072,amtrak:WFD,WFD,19:52:00,19:52:00,7,0,0,
amtrak,amtrak:282072,282072,amtrak:STS,STS,20:05:00,20:05:00,8,0,0,
amtrak,amtrak:282072,282072,amtrak:NHV,NHV,20:11:00,20:11:00,9,0,0,
amtrak,amtrak:282073,282073,amtrak:SPG,SPG,18:40:00,18:40:00,1,0,0,
amtrak,amtrak:282073,282073,amtrak:WNL,WNL,18:58:00,18:58:00,2,0,0,
amtrak,amtrak:282073,282073,amtrak:WND,WND,19:04:00,19:04:00,3,0,0,
amtrak,amtrak:282073,282073,amtrak:HFD,HFD,19:13:00,19:15:00,4,0,0,
amtrak,amtrak:282073,282073,amtrak:BER,BER,19:25:00,19:25:00,5,0,0,
amtrak,amtrak:282073,282073,amtrak:MDN,MDN,19:34:00,19:34:00,6,0,0,
amtrak,amtrak:282073,282073,amtrak:WFD,WFD,19:42:00,19:42:00,7,0,0,
amtrak,amtrak:282073,282073,amtrak:STS,STS,19:55:00,19:55:00,8,0,0,
amtrak,amtrak:282073,282073,amtrak:NHV,NHV,20:01:00,20:01:00,9,0,0,
amtrak,amtrak:282075,282075,amtrak:SPG,SPG,18:40:00,18:40:00,1,0,0,
amtrak,amtrak:282075,282075,amtrak:WNL,WNL,18:58:00,18:58:00,2,0,0,
amtrak,amtrak:282075,282075,amtrak:WND,WND,19:04:00,19:04:00,3,0,0,
amtrak,amtrak:282075,282075,amtrak:HFD,HFD,19:13:00,19:15:00,4,0,0,
amtrak,amtrak:282075,282075,amtrak:BER,BER,19:25:00,19:25:00,5,0,0,
amtrak,amtrak:282075,282075,amtrak:MDN,MDN,19:34:00,19:34:00,6,0,0,
amtrak,amtrak:282075,282075,amtrak:WFD,WFD,19:42:00,19:42:00,7,0,0,
amtrak,amtrak:282075,282075,amtrak:STS,STS,19:55:00,19:55:00,8,0,0,
amtrak,amtrak:282075,282075,amtrak:NHV,NHV,20:01:00,20:01:00,9,0,0,
amtrak,amtrak:282077,282077,amtrak:SPG,SPG,18:40:00,18:40:00,1,0,0,
amtrak,amtrak:282077,282077,amtrak:WNL,WNL,18:58:00,18:58:00,2,0,0,
amtrak,amtrak:282077,282077,amtrak:WND,WND,19:04:00,19:04:00,3,0,0,
amtrak,amtrak:282077,282077,amtrak:HFD,HFD,19:13:00,19:15:00,4,0,0,
amtrak,amtrak:282077,282077,amtrak:BER,BER,19:25:00,19:25:00,5,0,0,
amtrak,amtrak:282077,282077,amtrak:MDN,MDN,19:34:00,19:34:00,6,0,0,
amtrak,amtrak:282077,282077,amtrak:WFD,WFD,19:42:00,19:42:00,7,0,0,
amtrak,amtrak:282077,282077,amtrak:STS,STS,19:55:00,19:55:00,8,0,0,
amtrak,amtrak:282077,282077,amtrak:NHV,NHV,20:01:00,20:01:00,9,0,0,
amtrak,amtrak:282078,282078,amtrak:SPG,SPG,18:40:00,18:40:00,1,0,0,
amtrak,amtrak:282078,282078,amtrak:WNL,WNL,18:58:00,18:58:00,2,0,0,
amtrak,amtrak:282078,282078,amtrak:WND,WND,19:04:00,19:04:00,3,0,0,
amtrak,amtrak:282078,282078,amtrak:HFD,HFD,19:13:00,19:15:00,4,0,0,
amtrak,amtrak:282078,282078,amtrak:BER,BER,19:25:00,19:25:00,5,0,0,
amtrak,amtrak:282078,282078,amtrak:MDN,MDN,19:34:00,19:34:00,6,0,0,
amtrak,amtrak:282078,282078,amtrak:WFD,WFD,19:42:00,19:42:00,7,0,0,
amtrak,amtrak:282078,282078,amtrak:STS,STS,19:55:00,19:55:00,8,0,0,
amtrak,amtrak:282078,282078,amtrak:NHV,NHV,20:01:00,20:01:00,9,0,0,
amtrak,amtrak:282195,282195,amtrak:NHV,NHV,22:00:00,22:00:00,1,0,0,
amtrak,amtrak:282195,282195,amtrak:STS,STS,22:02:00,22:02:00,2,0,0,
amtrak,amtrak:282195,282195,amtrak:WFD,WFD,22:15:00,22:15:00,3,0,0,
amtrak,amtrak:282195,282195,amtrak:MDN,MDN,22:25:00,22:25:00,4,0,0,
amtrak,amtrak:282195,282195,amtrak:BER,BER,22:33:00,22:33:00,5,0,0,
amtrak,amtrak:282195,282195,amtrak:HFD,HFD,22:45:00,22:47:00,6,0,0,
amtrak,amtrak:282195,282195,amtrak:WND,WND,22:54:00,22:54:00,7,0,0,
amtrak,amtrak:282195,282195,amtrak:WNL,WNL,23:00:00,23:00:00,8,0,0,
amtrak,amtrak:282195,282195,amtrak:SPG,SPG,23:23:00,23:23:00,9,0,0,
amtrak,amtrak:282196,282196,amtrak:NHV,NHV,21:55:00,21:55:00,1,0,0,
amtrak,amtrak:282196,282196,amtrak:STS,STS,21:57:00,21:57:00,2,0,0,
amtrak,amtrak:282196,282196,amtrak:WFD,WFD,22:09:00,22:09:00,3,0,0,
amtrak,amtrak:282196,282196,amtrak:MDN,MDN,22:18:00,22:18:00,4,0,0,
amtrak,amtrak:282196,282196,amtrak:BER,BER,22:26:00,22:26:00,5,0,0,
amtrak,amtrak:282196,282196,amtrak:HFD,HFD,22:38:00,22:40:00,6,0,0,
amtrak,amtrak:282196,282196,amtrak:WND,WND,22:47:00,22:47:00,7,0,0,
amtrak,amtrak:282196,282196,amtrak:WNL,WNL,22:53:00,22:53:00,8,0,0,
amtrak,amtrak:282196,282196,amtrak:SPG,SPG,23:18:00,23:18:00,9,0,0,
amtrak,amtrak:282198,282198,amtrak:NHV,NHV,21:55:00,21:55:00,1,0,0,
amtrak,amtrak:282198,282198,amtrak:STS,STS,21:57:00,21:57:00,2,0,0,
amtrak,amtrak:282198,282198,amtrak:WFD,WFD,22:09:00,22:09:00,3,0,0,
amtrak,amtrak:282198,282198,amtrak:MDN,MDN,22:18:00,22:18:00,4,0,0,
amtrak,amtrak:282198,282198,amtrak:BER,BER,22:26:00,22:26:00,5,0,0,
amtrak,amtrak:282198,282198,amtrak:HFD,HFD,22:38:00,22:40:00,6,0,0,
amtrak,amtrak:282198,282198,amtrak:WND,WND,22:47:00,22:47:00,7,0,0,
amtrak,amtrak:282198,282198,amtrak:WNL,WNL,22:53:00,22:53:00,8,0,0,
amtrak,amtrak:282198,282198,amtrak:SPG,SPG,23:18:00,23:18:00,9,0,0,
amtrak,amtrak:282200,282200,amtrak:NHV,NHV,21:55:00,21:55:00,1,0,0,
amtrak,amtrak:282200,282200,amtrak:STS,STS,21:57:00,21:57:00,2,0,0,
amtrak,amtrak:282200,282200,amtrak:WFD,WFD,22:09:00,22:09:00,3,0,0,
amtrak,amtrak:282200,282200,amtrak:MDN,MDN,22:18:00,22:18:00,4,0,0,
amtrak,amtrak:282200,282200,amtrak:BER,BER,22:26:00,22:26:00,5,0,0,
amtrak,amtrak:282200,282200,amtrak:HFD,HFD,22:38:00,22:40:00,6,0,0,
amtrak,amtrak:282200,282200,amtrak:WND,WND,22:47:00,22:47:00,7,0,0,
amtrak,amtrak:282200,282200,amtrak:WNL,WNL,22:53:00,22:53:00,8,0,0,
amtrak,amtrak:282200,282200,amtrak:SPG,SPG,23:18:00,23:18:00,9,0,0,
amtrak,amtrak:282201,282201,amtrak:NHV,NHV,21:55:00,21:55:00,1,0,0,
amtrak,amtrak:282201,282201,amtrak:STS,STS,21:57:00,21:57:00,2,0,0,
amtrak,amtrak:282201,282201,amtrak:WFD,WFD,22:09:00,22:09:00,3,0,0,
amtrak,amtrak:282201,282201,amtrak:MDN,MDN,22:18:00,22:18:00,4,0,0,
amtrak,amtrak:282201,282201,amtrak:BER,BER,22:26:00,22:26:00,5,0,0,
amtrak,amtrak:282201,282201,amtrak:HFD,HFD,22:38:00,22:40:00,6,0,0,
amtrak,amtrak:282201,282201,amtrak:WND,WND,22:47:00,22:47:00,7,0,0,
amtrak,amtrak:282201,282201,amtrak:WNL,WNL,22:53:00,22:53:00,8,0,0,
amtrak,amtrak:282201,282201,amtrak:SPG,SPG,23:18:00,23:18:00,9,0,0,
amtrak,amtrak:291320,291320,amtrak:GFD,GFD,18:40:00,18:40:00,1,0,0,
amtrak,amtrak:291320,291320,amtrak:NHT,NHT,19:05:00,19:05:00,2,0,0,
amtrak,amtrak:291320,291320,amtrak:HLK,HLK,19:20:00,19:20:00,3,0,0,
amtrak,amtrak:291320,291320,amtrak:SPG,SPG,19:48:00,20:16:00,4,0,0,
amtrak,amtrak:291320,291320,amtrak:WNL,WNL,20:35:00,20:35:00,5,0,0,
amtrak,amtrak:291320,291320,amtrak:WND,WND,20:40:00,20:40:00,6,0,0,
amtrak,amtrak:291320,291320,amtrak:HFD,HFD,20:47:00,20:50:00,7,0,0,
amtrak,amtrak:291320,291320,amtrak:BER,BER,21:01:00,21:01:00,8,0,0,
amtrak,amtrak:291320,291320,amtrak:MDN,MDN,21:10:00,21:10:00,9,0,0,
amtrak,amtrak:291320,291320,amtrak:WFD,WFD,21:18:00,21:18:00,10,0,0,
amtrak,amtrak:291320,291320,amtrak:STS,STS,21:31:00,21:31:00,11,0,0,
amtrak,amtrak:291320,291320,amtrak:NHV,NHV,21:35:00,21:35:00,12,0,0,
amtrak,amtrak:291321,291321,amtrak:GFD,GFD,18:05:00,18:05:00,1,0,0,
amtrak,amtrak:291321,291321,amtrak:NHT,NHT,18:30:00,18:30:00,2,0,0,
amtrak,amtrak:291321,291321,amtrak:HLK,HLK,18:45:00,18:45:00,3,0,0,
amtrak,amtrak:291321,291321,amtrak:SPG,SPG,19:13:00,19:40:00,4,0,0,
amtrak,amtrak:291321,291321,amtrak:WNL,WNL,19:59:00,19:59:00,5,0,0,
amtrak,amtrak:291321,291321,amtrak:WND,WND,20:04:00,20:04:00,6,0,0,
amtrak,amtrak:291321,291321,amtrak:HFD,HFD,20:11:00,20:14:00,7,0,0,
amtrak,amtrak:291321,291321,amtrak:BER,BER,20:25:00,20:25:00,8,0,0,
amtrak,amtrak:291321,291321,amtrak:MDN,MDN,20:34:00,20:34:00,9,0,0,
amtrak,amtrak:291321,291321,amtrak:WFD,WFD,20:42:00,20:42:00,10,0,0,
amtrak,amtrak:291321,291321,amtrak:STS,STS,20:55:00,20:55:00,11,0,0,
amtrak,amtrak:291321,291321,amtrak:NHV,NHV,21:00:00,21:00:00,12,0,0,
amtrak,amtrak:291323,291323,amtrak:GFD,GFD,18:05:00,18:05:00,1,0,0,
amtrak,amtrak:291323,291323,amtrak:NHT,NHT,18:30:00,18:30:00,2,0,0,
amtrak,amtrak:291323,291323,amtrak:HLK,HLK,18:45:00,18:45:00,3,0,0,
amtrak,amtrak:291323,291323,amtrak:SPG,SPG,19:13:00,19:40:00,4,0,0,
amtrak,amtrak:291323,291323,amtrak:WNL,WNL,19:59:00,19:59:00,5,0,0,
amtrak,amtrak:291323,291323,amtrak:WND,WND,20:04:00,20:04:00,6,0,0,
amtrak,amtrak:291323,291323,amtrak:HFD,HFD,20:11:00,20:14:00,7,0,0,
amtrak,amtrak:291323,291323,amtrak:BER,BER,20:25:00,20:25:00,8,0,0,
amtrak,amtrak:291323,291323,amtrak:MDN,MDN,20:34:00,20:34:00,9,0,0,
amtrak,amtrak:291323,291323,amtrak:WFD,WFD,20:42:00,20:42:00,10,0,0,
amtrak,amtrak:291323,291323,amtrak:STS,STS,20:55:00,20:55:00,11,0,0,
amtrak,amtrak:291323,291323,amtrak:NHV,NHV,21:00:00,21:00:00,12,0,0,
amtrak,amtrak:291325,291325,amtrak:GFD,GFD,18:05:00,18:05:00,1,0,0,
amtrak,amtrak:291325,291325,amtrak:NHT,NHT,18:30:00,18:30:00,2,0,0,
amtrak,amtrak:291325,291325,amtrak:HLK,HLK,18:45:00,18:45:00,3,0,0,
amtrak,amtrak:291325,291325,amtrak:SPG,SPG,19:13:00,19:40:00,4,0,0,
amtrak,amtrak:291325,291325,amtrak:WNL,WNL,19:59:00,19:59:00,5,0,0,
amtrak,amtrak:291325,291325,amtrak:WND,WND,20:04:00,20:04:00,6,0,0,
amtrak,amtrak:291325,291325,amtrak:HFD,HFD,20:11:00,20:14:00,7,0,0,
amtrak,amtrak:291325,291325,amtrak:BER,BER,20:25:00,20:25:00,8,0,0,
amtrak,amtrak:291325,291325,amtrak:MDN,MDN,20:34:00,20:34:00,9,0,0,
amtrak,amtrak:291325,291325,amtrak:WFD,WFD,20:42:00,20:42:00,10,0,0,
amtrak,amtrak:291325,291325,amtrak:STS,STS,20:55:00,20:55:00,11,0,0,
amtrak,amtrak:291325,291325,amtrak:NHV,NHV,21:00:00,21:00:00,12,0,0,
amtrak,amtrak:291326,291326,amtrak:GFD,GFD,18:05:00,18:05:00,1,0,0,
amtrak,amtrak:291326,291326,amtrak:NHT,NHT,18:30:00,18:30:00,2,0,0,
amtrak,amtrak:291326,291326,amtrak:HLK,HLK,18:45:00,18:45:00,3,0,0,
amtrak,amtrak:291326,291326,amtrak:SPG,SPG,19:13:00,19:40:00,4,0,0,
amtrak,amtrak:291326,291326,amtrak:WNL,WNL,19:59:00,19:59:00,5,0,0,
amtrak,amtrak:291326,291326,amtrak:WND,WND,20:04:00,20:04:00,6,0,0,
amtrak,amtrak:291326,291326,amtrak:HFD,HFD,20:11:00,20:14:00,7,0,0,
amtrak,amtrak:291326,291326,amtrak:BER,BER,20:25:00,20:25:00,8,0,0,
amtrak,amtrak:291326,291326,amtrak:MDN,MDN,20:34:00,20:34:00,9,0,0,
amtrak,amtrak:291326,291326,amtrak:WFD,WFD,20:42:00,20:42:00,10,0,0,
amtrak,amtrak:291326,291326,amtrak:STS,STS,20:55:00,20:55:00,11,0,0,
amtrak,amtrak:291326,291326,amtrak:NHV,NHV,21:00:00,21:00:00,12,0,0,
amtrak,amtrak:291336,291336,amtrak:NHV,NHV,15:10:00,15:10:00,1,0,0,
amtrak,amtrak:291336,291336,amtrak:STS,STS,15:12:00,15:12:00,2,0,0,
amtrak,amtrak:291336,291336,amtrak:WFD,WFD,15:25:00,15:25:00,3,0,0,
amtrak,amtrak:291336,291336,amtrak:MDN,MDN,15:35:00,15:35:00,4,0,0,
amtrak,amtrak:291336,291336,amtrak:BER,BER,15:43:00,15:43:00,5,0,0,
amtrak,amtrak:291336,291336,amtrak:HFD,HFD,15:56:00,15:58:00,6,0,0,
amtrak,amtrak:291336,291336,amtrak:WND,WND,16:13:00,16:13:00,7,0,0,
amtrak,amtrak:291336,291336,amtrak:WNL,WNL,16:23:00,16:23:00,8,0,0,
amtrak,amtrak:291336,291336,amtrak:SPG,SPG,16:44:00,17:00:00,9,0,0,
amtrak,amtrak:291336,291336,amtrak:HLK,HLK,17:26:00,17:26:00,10,0,0,
amtrak,amtrak:291336,291336,amtrak:NHT,NHT,17:42:00,17:42:00,11,0,0,
amtrak,amtrak:291336,291336,amtrak:GFD,GFD,18:08:00,18:08:00,12,0,0,
amtrak,amtrak:291337,291337,amtrak:NHV,NHV,14:50:00,14:50:00,1,0,0,
amtrak,amtrak:291337,291337,amtrak:STS,STS,14:52:00,14:52:00,2,0,0,
amtrak,amtrak:291337,291337,amtrak:WFD,WFD,15:04:00,15:04:00,3,0,0,
amtrak,amtrak:291337,291337,amtrak:MDN,MDN,15:13:00,15:13:00,4,0,0,
amtrak,amtrak:291337,291337,amtrak:BER,BER,15:21:00,15:21:00,5,0,0,
amtrak,amtrak:291337,291337,amtrak:HFD,HFD,15:36:00,15:38:00,6,0,0,
amtrak,amtrak:291337,291337,amtrak:WND,WND,15:45:00,15:45:00,7,0,0,
amtrak,amtrak:291337,291337,amtrak:WNL,WNL,15:51:00,15:51:00,8,0,0,
amtrak,amtrak:291337,291337,amtrak:SPG,SPG,16:14:00,16:22:00,9,0,0,
amtrak,amtrak:291337,291337,amtrak:HLK,HLK,16:48:00,16:48:00,10,0,0,
amtrak,amtrak:291337,291337,amtrak:NHT,NHT,17:04:00,17:04:00,11,0,0,
amtrak,amtrak:291337,291337,amtrak:GFD,GFD,17:30:00,17:30:00,12,0,0,
amtrak,amtrak:291339,291339,amtrak:NHV,NHV,14:50:00,14:50:00,1,0,0,
amtrak,amtrak:291339,291339,amtrak:STS,STS,14:52:00,14:52:00,2,0,0,
amtrak,amtrak:291339,291339,amtrak:WFD,WFD,15:04:00,15:04:00,3,0,0,
amtrak,amtrak:291339,291339,amtrak:MDN,MDN,15:13:00,15:13:00,4,0,0,
amtrak,amtrak:291339,291339,amtrak:BER,BER,15:21:00,15:21:00,5,0,0,
amtrak,amtrak:291339,291339,amtrak:HFD,HFD,15:36:00,15:38:00,6,0,0,
amtrak,amtrak:291339,291339,amtrak:WND,WND,15:45:00,15:45:00,7,0,0,
amtrak,amtrak:291339,291339,amtrak:WNL,WNL,15:51:00,15:51:00,8,0,0,
amtrak,amtrak:291339,291339,amtrak:SPG,SPG,16:14:00,16:22:00,9,0,0,
amtrak,amtrak:291339,291339,amtrak:HLK,HLK,16:48:00,16:48:00,10,0,0,
amtrak,amtrak:291339,291339,amtrak:NHT,NHT,17:04:00,17:04:00,11,0,0,
amtrak,amtrak:291339,291339,amtrak:GFD,GFD,17:30:00,17:30:00,12,0,0,
amtrak,amtrak:291341,291341,amtrak:NHV,NHV,14:50:00,14:50:00,1,0,0,
amtrak,amtrak:291341,291341,amtrak:STS,STS,14:52:00,14:52:00,2,0,0,
amtrak,amtrak:291341,291341,amtrak:WFD,WFD,15:04:00,15:04:00,3,0,0,
amtrak,amtrak:291341,291341,amtrak:MDN,MDN,15:13:00,15:13:00,4,0,0,
amtrak,amtrak:291341,291341,amtrak:BER,BER,15:21:00,15:21:00,5,0,0,
amtrak,amtrak:291341,291341,amtrak:HFD,HFD,15:36:00,15:38:00,6,0,0,
amtrak,amtrak:291341,291341,amtrak:WND,WND,15:45:00,15:45:00,7,0,0,
amtrak,amtrak:291341,291341,amtrak:WNL,WNL,15:51:00,15:51:00,8,0,0,
amtrak,amtrak:291341,291341,amtrak:SPG,SPG,16:14:00,16:22:00,9,0,0,
amtrak,amtrak:291341,291341,amtrak:HLK,HLK,16:48:00,16:48:00,10,0,0,
amtrak,amtrak:291341,291341,amtrak:NHT,NHT,17:04:00,17:04:00,11,0,0,
amtrak,amtrak:291341,291341,amtrak:GFD,GFD,17:30:00,17:30:00,12,0,0,
amtrak,amtrak:291342,291342,amtrak:NHV,NHV,14:50:00,14:50:00,1,0,0,
amtrak,amtrak:291342,291342,amtrak:STS,STS,14:52:00,14:52:00,2,0,0,
amtrak,amtrak:291342,291342,amtrak:WFD,WFD,15:04:00,15:04:00,3,0,0,
amtrak,amtrak:291342,291342,amtrak:MDN,MDN,15:13:00,15:13:00,4,0,0,
amtrak,amtrak:291342,291342,amtrak:BER,BER,15:21:00,15:21:00,5,0,0,
amtrak,amtrak:291342,291342,amtrak:HFD,HFD,15:36:00,15:38:00,6,0,0,
amtrak,amtrak:291342,291342,amtrak:WND,WND,15:45:00,15:45:00,7,0,0,
amtrak,amtrak:291342,291342,amtrak:WNL,WNL,15:51:00,15:51:00,8,0,0,
amtrak,amtrak:291342,291342,amtrak:SPG,SPG,16:14:00,16:22:00,9,0,0,
amtrak,amtrak:291342,291342,amtrak:HLK,HLK,16:48:00,16:48:00,10,0,0,
amtrak,amtrak:291342,291342,amtrak:NHT,NHT,17:04:00,17:04:00,11,0,0,
amtrak,amtrak:291342,291342,amtrak:GFD,GFD,17:30:00,17:30:00,12,0,0,
amtrak,amtrak:291372,291372,amtrak:NHV,NHV,19:45:00,19:45:00,1,0,0,
amtrak,amtrak:291372,291372,amtrak:STS,STS,19:47:00,19:47:00,2,0,0,
amtrak,amtrak:291372,291372,amtrak:WFD,WFD,19:59:00,19:59:00,3,0,0,
amtrak,amtrak:291372,291372,amtrak:MDN,MDN,20:07:00,20:08:00,4,0,0,
amtrak,amtrak:291372,291372,amtrak:BER,BER,20:17:00,20:17:00,5,0,0,
amtrak,amtrak:291372,291372,amtrak:HFD,HFD,20:27:00,20:30:00,6,0,0,
amtrak,amtrak:291372,291372,amtrak:WND,WND,20:40:00,20:40:00,7,0,0,
amtrak,amtrak:291372,291372,amtrak:WNL,WNL,20:47:00,20:47:00,8,0,0,
amtrak,amtrak:291372,291372,amtrak:SPG,SPG,21:09:00,21:25:00,9,0,0,
amtrak,amtrak:291372,291372,amtrak:HLK,HLK,21:51:00,21:51:00,10,0,0,
amtrak,amtrak:291372,291372,amtrak:NHT,NHT,22:07:00,22:07:00,11,0,0,
amtrak,amtrak:291372,291372,amtrak:GFD,GFD,22:33:00,22:33:00,12,0,0,
amtrak,amtrak:291373,291373,amtrak:NHV,NHV,19:45:00,19:45:00,1,0,0,
amtrak,amtrak:291373,291373,amtrak:STS,STS,19:47:00,19:47:00,2,0,0,
amtrak,amtrak:291373,291373,amtrak:WFD,WFD,19:59:00,19:59:00,3,0,0,
amtrak,amtrak:291373,291373,amtrak:MDN,MDN,20:07:00,20:08:00,4,0,0,
amtrak,amtrak:291373,291373,amtrak:BER,BER,20:17:00,20:17:00,5,0,0,
amtrak,amtrak:291373,291373,amtrak:HFD,HFD,20:27:00,20:30:00,6,0,0,
amtrak,amtrak:291373,291373,amtrak:WND,WND,20:37:00,20:37:00,7,0,0,
amtrak,amtrak:291373,291373,amtrak:WNL,WNL,20:44:00,20:44:00,8,0,0,
amtrak,amtrak:291373,291373,amtrak:SPG,SPG,21:09:00,21:25:00,9,0,0,
amtrak,amtrak:291373,291373,amtrak:HLK,HLK,21:51:00,21:51:00,10,0,0,
amtrak,amtrak:291373,291373,amtrak:NHT,NHT,22:07:00,22:07:00,11,0,0,
amtrak,amtrak:291373,291373,amtrak:GFD,GFD,22:33:00,22:33:00,12,0,0,
amtrak,amtrak:291375,291375,amtrak:NHV,NHV,19:45:00,19:45:00,1,0,0,
amtrak,amtrak:291375,291375,amtrak:STS,STS,19:47:00,19:47:00,2,0,0,
amtrak,amtrak:291375,291375,amtrak:WFD,WFD,19:59:00,19:59:00,3,0,0,
amtrak,amtrak:291375,291375,amtrak:MDN,MDN,20:07:00,20:08:00,4,0,0,
amtrak,amtrak:291375,291375,amtrak:BER,BER,20:17:00,20:17:00,5,0,0,
amtrak,amtrak:291375,291375,amtrak:HFD,HFD,20:27:00,20:30:00,6,0,0,
amtrak,amtrak:291375,291375,amtrak:WND,WND,20:37:00,20:37:00,7,0,0,
amtrak,amtrak:291375,291375,amtrak:WNL,WNL,20:44:00,20:44:00,8,0,0,
amtrak,amtrak:291375,291375,amtrak:SPG,SPG,21:09:00,21:25:00,9,0,0,
amtrak,amtrak:291375,291375,amtrak:HLK,HLK,21:51:00,21:51:00,10,0,0,
amtrak,amtrak:291375,291375,amtrak:NHT,NHT,22:07:00,22:07:00,11,0,0,
amtrak,amtrak:291375,291375,amtrak:GFD,GFD,22:33:00,22:33:00,12,0,0,
amtrak,amtrak:291377,291377,amtrak:NHV,NHV,19:45:00,19:45:00,1,0,0,
amtrak,amtrak:291377,291377,amtrak:STS,STS,19:47:00,19:47:00,2,0,0,
amtrak,amtrak:291377,291377,amtrak:WFD,WFD,19:59:00,19:59:00,3,0,0,
amtrak,amtrak:291377,291377,amtrak:MDN,MDN,20:07:00,20:08:00,4,0,0,
amtrak,amtrak:291377,291377,amtrak:BER,BER,20:17:00,20:17:00,5,0,0,
amtrak,amtrak:291377,291377,amtrak:HFD,HFD,20:27:00,20:30:00,6,0,0,
amtrak,amtrak:291377,291377,amtrak:WND,WND,20:37:00,20:37:00,7,0,0,
amtrak,amtrak:291377,291377,amtrak:WNL,WNL,20:44:00,20:44:00,8,0,0,
amtrak,amtrak:291377,291377,amtrak:SPG,SPG,21:09:00,21:25:00,9,0,0,
amtrak,amtrak:291377,291377,amtrak:HLK,HLK,21:51:00,21:51:00,10,0,0,
amtrak,amtrak:291377,291377,amtrak:NHT,NHT,22:07:00,22:07:00,11,0,0,
amtrak,amtrak:291377,291377,amtrak:GFD,GFD,22:33:00,22:33:00,12,0,0,
amtrak,amtrak:291378,291378,amtrak:NHV,NHV,19:45:00,19:45:00,1,0,0,
amtrak,amtrak:291378,291378,amtrak:STS,STS,19:47:00,19:47:00,2,0,0,
amtrak,amtrak:291378,291378,amtrak:WFD,WFD,19:59:00,19:59:00,3,0,0,
amtrak,amtrak:291378,291378,amtrak:MDN,MDN,20:07:00,20:08:00,4,0,0,
amtrak,amtrak:291378,291378,amtrak:BER,BER,20:17:00,20:17:00,5,0,0,
amtrak,amtrak:291378,291378,amtrak:HFD,HFD,20:27:00,20:30:00,6,0,0,
amtrak,amtrak:291378,291378,amtrak:WND,WND,20:37:00,20:37:00,7,0,0,
amtrak,amtrak:291378,291378,amtrak:WNL,WNL,20:44:00,20:44:00,8,0,0,
amtrak,amtrak:291378,291378,amtrak:SPG,SPG,21:09:00,21:25:00,9,0,0,
amtrak,amtrak:291378,291378,amtrak:HLK,HLK,21:51:00,21:51:00,10,0,0,
amtrak,amtrak:291378,291378,amtrak:NHT,NHT,22:07:00,22:07:00,11,0,0,
amtrak,amtrak:291378,291378,amtrak:GFD,GFD,22:33:00,22:33:00,12,0,0,
amtrak,amtrak:292915,292915,amtrak:BOS,BOS,19:55:00,19:55:00,1,0,0,
amtrak,amtrak:292915,292915,amtrak:BBY,BBY,20:00:00,20:00:00,2,0,0,
amtrak,amtrak:292915,292915,amtrak:RTE,RTE,20:10:00,20:11:00,3,0,0,
amtrak,amtrak:292915,292915,amtrak:PVD,PVD,20:34:00,20:36:00,4,0,0,
amtrak,amtrak:292915,292915,amtrak:KIN,KIN,20:57:00,20:58:00,5,0,0,
amtrak,amtrak:292915,292915,amtrak:NLC,NLC,21:29:00,21:30:00,6,0,0,
amtrak,amtrak:292915,292915,amtrak:NHV,NHV,22:18:00,22:20:00,7,0,0,
amtrak,amtrak:292915,292915,amtrak:BRP,BRP,22:41:00,22:41:00,8,0,0,
amtrak,amtrak:292915,292915,amtrak:STM,STM,23:07:00,23:08:00,9,0,0,
amtrak,amtrak:292915,292915,amtrak:NRO,NRO,23:29:00,23:30:00,10,0,0,
amtrak,amtrak:292915,292915,amtrak:NYP,NYP,24:02:00,24:20:00,11,0,0,
amtrak,amtrak:292915,292915,amtrak:NWK,NWK,24:35:00,24:37:00,12,0,0,
amtrak,amtrak:292915,292915,amtrak:MET,MET,24:50:00,24:52:00,13,0,0,
amtrak,amtrak:292915,292915,amtrak:TRE,TRE,25:15:00,25:17:00,14,0,0,
amtrak,amtrak:292915,292915,amtrak:PHL,PHL,25:45:00,25:45:00,15,0,0,
amtrak,amtrak:292924,292924,amtrak:BOS,BOS,16:15:00,16:15:00,1,0,0,
amtrak,amtrak:292924,292924,amtrak:BBY,BBY,16:19:00,16:20:00,2,0,0,
amtrak,amtrak:292924,292924,amtrak:RTE,RTE,16:29:00,16:31:00,3,0,0,
amtrak,amtrak:292924,292924,amtrak:PVD,PVD,16:58:00,17:00:00,4,0,0,
amtrak,amtrak:292924,292924,amtrak:KIN,KIN,17:20:00,17:22:00,5,0,0,
amtrak,amtrak:292924,292924,amtrak:WLY,WLY,17:36:00,17:38:00,6,0,0,
amtrak,amtrak:292924,292924,amtrak:NLC,NLC,18:04:00,18:06:00,7,0,0,
amtrak,amtrak:292924,292924,amtrak:OSB,OSB,18:29:00,18:30:00,8,0,0,
amtrak,amtrak:292924,292924,amtrak:NHV,NHV,19:05:00,19:11:00,9,0,0,
amtrak,amtrak:292924,292924,amtrak:BRP,BRP,19:32:00,19:33:00,10,0,0,
amtrak,amtrak:292924,292924,amtrak:STM,STM,19:59:00,20:00:00,11,0,0,
amtrak,amtrak:292924,292924,amtrak:NRO,NRO,20:20:00,20:21:00,12,0,0,
amtrak,amtrak:292924,292924,amtrak:NYP,NYP,20:52:00,21:05:00,13,0,0,
amtrak,amtrak:292924,292924,amtrak:NWK,NWK,21:21:00,21:22:00,14,0,0,
amtrak,amtrak:292924,292924,amtrak:MET,MET,21:38:00,21:40:00,15,0,0,
amtrak,amtrak:292924,292924,amtrak:TRE,TRE,22:02:00,22:03:00,16,0,0,
amtrak,amtrak:292924,292924,amtrak:PHL,PHL,22:35:00,22:35:00,17,0,0,
amtrak,amtrak:293083,293083,amtrak:BOS,BOS,9:00:00,9:00:00,1,0,0,
amtrak,amtrak:293083,293083,amtrak:BBY,BBY,9:04:00,9:05:00,2,0,0,
amtrak,amtrak:293083,293083,amtrak:RTE,RTE,9:13:00,9:15:00,3,0,0,
amtrak,amtrak:293083,293083,amtrak:PVD,PVD,9:35:00,9:37:00,4,0,0,
amtrak,amtrak:293083,293083,amtrak:NHV,NHV,11:09:00,11:11:00,5,0,0,
amtrak,amtrak:293083,293083,amtrak:STM,STM,11:57:00,11:59:00,6,0,0,
amtrak,amtrak:293083,293083,amtrak:NYP,NYP,12:51:00,13:02:00,7,0,0,
amtrak,amtrak:293083,293083,amtrak:NWK,NWK,13:15:00,13:17:00,8,0,0,
amtrak,amtrak:293083,293083,amtrak:PHL,PHL,14:11:00,14:13:00,9,0,0,
amtrak,amtrak:293083,293083,amtrak:WIL,WIL,14:32:00,14:33:00,10,0,0,
amtrak,amtrak:293083,293083,amtrak:BAL,BAL,15:24:00,15:25:00,11,0,0,
amtrak,amtrak:293083,293083,amtrak:WAS,WAS,15:59:00,15:59:00,12,0,0,
amtrak,amtrak:293085,293085,amtrak:BOS,BOS,9:00:00,9:00:00,1,0,0,
amtrak,amtrak:293085,293085,amtrak:BBY,BBY,9:04:00,9:05:00,2,0,0,
amtrak,amtrak:293085,293085,amtrak:RTE,RTE,9:13:00,9:15:00,3,0,0,
amtrak,amtrak:293085,293085,amtrak:PVD,PVD,9:35:00,9:37:00,4,0,0,
amtrak,amtrak:293085,293085,amtrak:NHV,NHV,11:09:00,11:11:00,5,0,0,
amtrak,amtrak:293085,293085,amtrak:STM,STM,11:57:00,11:59:00,6,0,0,
amtrak,amtrak:293085,293085,amtrak:NYP,NYP,12:51:00,13:02:00,7,0,0,
amtrak,amtrak:293085,293085,amtrak:NWK,NWK,13:15:00,13:17:00,8,0,0,
amtrak,amtrak:293085,293085,amtrak:PHL,PHL,14:11:00,14:13:00,9,0,0,
amtrak,amtrak:293085,293085,amtrak:WIL,WIL,14:32:00,14:33:00,10,0,0,
amtrak,amtrak:293085,293085,amtrak:BAL,BAL,15:24:00,15:25:00,11,0,0,
amtrak,amtrak:293085,293085,amtrak:WAS,WAS,15:59:00,15:59:00,12,0,0,
amtrak,amtrak:293087,293087,amtrak:BOS,BOS,9:00:00,9:00:00,1,0,0,
amtrak,amtrak:293087,293087,amtrak:BBY,BBY,9:04:00,9:05:00,2,0,0,
amtrak,amtrak:293087,293087,amtrak:RTE,RTE,9:13:00,9:15:00,3,0,0,
amtrak,amtrak:293087,293087,amtrak:PVD,PVD,9:35:00,9:37:00,4,0,0,
amtrak,amtrak:293087,293087,amtrak:NHV,NHV,11:09:00,11:11:00,5,0,0,
amtrak,amtrak:293087,293087,amtrak:STM,STM,11:57:00,11:59:00,6,0,0,
amtrak,amtrak:293087,293087,amtrak:NYP,NYP,12:51:00,13:02:00,7,0,0,
amtrak,amtrak:293087,293087,amtrak:NWK,NWK,13:15:00,13:17:00,8,0,0,
amtrak,amtrak:293087,293087,amtrak:PHL,PHL,14:11:00,14:13:00,9,0,0,
amtrak,amtrak:293087,293087,amtrak:WIL,WIL,14:32:00,14:33:00,10,0,0,
amtrak,amtrak:293087,293087,amtrak:BAL,BAL,15:24:00,15:25:00,11,0,0,
amtrak,amtrak:293087,293087,amtrak:WAS,WAS,15:59:00,15:59:00,12,0,0,
amtrak,amtrak:293088,293088,amtrak:BOS,BOS,9:00:00,9:00:00,1,0,0,
amtrak,amtrak:293088,293088,amtrak:BBY,BBY,9:04:00,9:05:00,2,0,0,
amtrak,amtrak:293088,293088,amtrak:RTE,RTE,9:13:00,9:15:00,3,0,0,
amtrak,amtrak:293088,293088,amtrak:PVD,PVD,9:35:00,9:37:00,4,0,0,
amtrak,amtrak:293088,293088,amtrak:NHV,NHV,11:09:00,11:11:00,5,0,0,
amtrak,amtrak:293088,293088,amtrak:STM,STM,11:57:00,11:59:00,6,0,0,
amtrak,amtrak:293088,293088,amtrak:NYP,NYP,12:51:00,13:02:00,7,0,0,
amtrak,amtrak:293088,293088,amtrak:NWK,NWK,13:15:00,13:17:00,8,0,0,
amtrak,amtrak:293088,293088,amtrak:PHL,PHL,14:11:00,14:13:00,9,0,0,
amtrak,amtrak:293088,293088,amtrak:WIL,WIL,14:32:00,14:33:00,10,0,0,
amtrak,amtrak:293088,293088,amtrak:BAL,BAL,15:21:00,15:22:00,11,0,0,
amtrak,amtrak:293088,293088,amtrak:WAS,WAS,15:56:00,15:56:00,12,0,0,
amtrak,amtrak:293090,293090,amtrak:BOS,BOS,9:00:00,9:00:00,1,0,0,
amtrak,amtrak:293090,293090,amtrak:BBY,BBY,9:04:00,9:05:00,2,0,0,
amtrak,amtrak:293090,293090,amtrak:RTE,RTE,9:13:00,9:15:00,3,0,0,
amtrak,amtrak:293090,293090,amtrak:PVD,PVD,9:35:00,9:37:00,4,0,0,
amtrak,amtrak:293090,293090,amtrak:NHV,NHV,11:09:00,11:11:00,5,0,0,
amtrak,amtrak:293090,293090,amtrak:STM,STM,11:57:00,11:59:00,6,0,0,
amtrak,amtrak:293090,293090,amtrak:NYP,NYP,12:51:00,13:02:00,7,0,0,
amtrak,amtrak:293090,293090,amtrak:NWK,NWK,13:15:00,13:17:00,8,0,0,
amtrak,amtrak:293090,293090,amtrak:PHL,PHL,14:11:00,14:13:00,9,0,0,
amtrak,amtrak:293090,293090,amtrak:WIL,WIL,14:32:00,14:33:00,10,0,0,
amtrak,amtrak:293090,293090,amtrak:BAL,BAL,15:21:00,15:22:00,11,0,0,
amtrak,amtrak:293090,293090,amtrak:WAS,WAS,15:56:00,15:56:00,12,0,0,
amtrak,amtrak:293093,293093,amtrak:BOS,BOS,10:30:00,10:30:00,1,0,0,
amtrak,amtrak:293093,293093,amtrak:BBY,BBY,10:34:00,10:36:00,2,0,0,
amtrak,amtrak:293093,293093,amtrak:RTE,RTE,10:44:00,10:45:00,3,0,0,
amtrak,amtrak:293093,293093,amtrak:PVD,PVD,11:06:00,11:08:00,4,0,0,
amtrak,amtrak:293093,293093,amtrak:NHV,NHV,12:37:00,12:39:00,5,0,0,
amtrak,amtrak:293093,293093,amtrak:STM,STM,13:23:00,13:25:00,6,0,0,
amtrak,amtrak:293093,293093,amtrak:NYP,NYP,14:21:00,14:37:00,7,0,0,
amtrak,amtrak:293093,293093,amtrak:NWK,NWK,14:51:00,14:52:00,8,0,0,
amtrak,amtrak:293093,293093,amtrak:PHL,PHL,15:45:00,15:47:00,9,0,0,
amtrak,amtrak:293093,293093,amtrak:WIL,WIL,16:10:00,16:12:00,10,0,0,
amtrak,amtrak:293093,293093,amtrak:BAL,BAL,16:57:00,16:59:00,11,0,0,
amtrak,amtrak:293093,293093,amtrak:WAS,WAS,17:37:00,17:37:00,12,0,0,
amtrak,amtrak:293095,293095,amtrak:BOS,BOS,10:30:00,10:30:00,1,0,0,
amtrak,amtrak:293095,293095,amtrak:BBY,BBY,10:34:00,10:36:00,2,0,0,
amtrak,amtrak:293095,293095,amtrak:RTE,RTE,10:44:00,10:45:00,3,0,0,
amtrak,amtrak:293095,293095,amtrak:PVD,PVD,11:06:00,11:08:00,4,0,0,
amtrak,amtrak:293095,293095,amtrak:NHV,NHV,12:37:00,12:39:00,5,0,0,
amtrak,amtrak:293095,293095,amtrak:STM,STM,13:23:00,13:25:00,6,0,0,
amtrak,amtrak:293095,293095,amtrak:NYP,NYP,14:21:00,14:37:00,7,0,0,
amtrak,amtrak:293095,293095,amtrak:NWK,NWK,14:51:00,14:52:00,8,0,0,
amtrak,amtrak:293095,293095,amtrak:PHL,PHL,15:45:00,15:47:00,9,0,0,
amtrak,amtrak:293095,293095,amtrak:WIL,WIL,16:10:00,16:12:00,10,0,0,
amtrak,amtrak:293095,293095,amtrak:BAL,BAL,16:57:00,16:59:00,11,0,0,
amtrak,amtrak:293095,293095,amtrak:WAS,WAS,17:37:00,17:37:00,12,0,0,
amtrak,amtrak:293097,293097,amtrak:BOS,BOS,10:30:00,10:30:00,1,0,0,
amtrak,amtrak:293097,293097,amtrak:BBY,BBY,10:34:00,10:36:00,2,0,0,
amtrak,amtrak:293097,293097,amtrak:RTE,RTE,10:44:00,10:45:00,3,0,0,
amtrak,amtrak:293097,293097,amtrak:PVD,PVD,11:06:00,11:08:00,4,0,0,
amtrak,amtrak:293097,293097,amtrak:NHV,NHV,12:37:00,12:39:00,5,0,0,
amtrak,amtrak:293097,293097,amtrak:STM,STM,13:23:00,13:25:00,6,0,0,
amtrak,amtrak:293097,293097,amtrak:NYP,NYP,14:21:00,14:37:00,7,0,0,
amtrak,amtrak:293097,293097,amtrak:NWK,NWK,14:51:00,14:52:00,8,0,0,
amtrak,amtrak:293097,293097,amtrak:PHL,PHL,15:45:00,15:47:00,9,0,0,
amtrak,amtrak:293097,293097,amtrak:WIL,WIL,16:10:00,16:12:00,10,0,0,
amtrak,amtrak:293097,293097,amtrak:BAL,BAL,16:57:00,16:59:00,11,0,0,
amtrak,amtrak:293097,293097,amtrak:WAS,WAS,17:37:00,17:37:00,12,0,0,
amtrak,amtrak:293099,293099,amtrak:BOS,BOS,10:30:00,10:30:00,1,0,0,
amtrak,amtrak:293099,293099,amtrak:BBY,BBY,10:34:00,10:36:00,2,0,0,
amtrak,amtrak:293099,293099,amtrak:RTE,RTE,10:44:00,10:45:00,3,0,0,
amtrak,amtrak:293099,293099,amtrak:PVD,PVD,11:06:00,11:08:00,4,0,0,
amtrak,amtrak:293099,293099,amtrak:NHV,NHV,12:37:00,12:39:00,5,0,0,
amtrak,amtrak:293099,293099,amtrak:STM,STM,13:23:00,13:25:00,6,0,0,
amtrak,amtrak:293099,293099,amtrak:NYP,NYP,14:21:00,14:37:00,7,0,0,
amtrak,amtrak:293099,293099,amtrak:NWK,NWK,14:51:00,14:52:00,8,0,0,
amtrak,amtrak:293099,293099,amtrak:PHL,PHL,15:45:00,15:47:00,9,0,0,
amtrak,amtrak:293099,293099,amtrak:WIL,WIL,16:10:00,16:12:00,10,0,0,
amtrak,amtrak:293099,293099,amtrak:BAL,BAL,16:57:00,16:59:00,11,0,0,
amtrak,amtrak:293099,293099,amtrak:WAS,WAS,17:37:00,17:37:00,12,0,0,
amtrak,amtrak:293100,293100,amtrak:BOS,BOS,10:30:00,10:30:00,1,0,0,
amtrak,amtrak:293100,293100,amtrak:BBY,BBY,10:34:00,10:36:00,2,0,0,
amtrak,amtrak:293100,293100,amtrak:RTE,RTE,10:44:00,10:45:00,3,0,0,
amtrak,amtrak:293100,293100,amtrak:PVD,PVD,11:06:00,11:08:00,4,0,0,
amtrak,amtrak:293100,293100,amtrak:NHV,NHV,12:37:00,12:39:00,5,0,0,
amtrak,amtrak:293100,293100,amtrak:STM,STM,13:23:00,13:25:00,6,0,0,
amtrak,amtrak:293100,293100,amtrak:NYP,NYP,14:21:00,14:37:00,7,0,0,
amtrak,amtrak:293100,293100,amtrak:NWK,NWK,14:51:00,14:52:00,8,0,0,
amtrak,amtrak:293100,293100,amtrak:PHL,PHL,15:45:00,15:47:00,9,0,0,
amtrak,amtrak:293100,293100,amtrak:WIL,WIL,16:10:00,16:12:00,10,0,0,
amtrak,amtrak:293100,293100,amtrak:BAL,BAL,16:57:00,16:59:00,11,0,0,
amtrak,amtrak:293100,293100,amtrak:WAS,WAS,17:37:00,17:37:00,12,0,0,
amtrak,amtrak:293104,293104,amtrak:BOS,BOS,11:15:00,11:15:00,1,0,0,
amtrak,amtrak:293104,293104,amtrak:BBY,BBY,11:19:00,11:20:00,2,0,0,
amtrak,amtrak:293104,293104,amtrak:RTE,RTE,11:30:00,11:31:00,3,0,0,
amtrak,amtrak:293104,293104,amtrak:PVD,PVD,11:54:00,11:55:00,4,0,0,
amtrak,amtrak:293104,293104,amtrak:NHV,NHV,13:24:00,13:26:00,5,0,0,
amtrak,amtrak:293104,293104,amtrak:STM,STM,14:09:00,14:11:00,6,0,0,
amtrak,amtrak:293104,293104,amtrak:NYP,NYP,15:04:00,15:16:00,7,0,0,
amtrak,amtrak:293104,293104,amtrak:NWK,NWK,15:30:00,15:32:00,8,0,0,
amtrak,amtrak:293104,293104,amtrak:PHL,PHL,16:25:00,16:27:00,9,0,0,
amtrak,amtrak:293104,293104,amtrak:WIL,WIL,16:51:00,16:53:00,10,0,0,
amtrak,amtrak:293104,293104,amtrak:BAL,BAL,17:44:00,17:46:00,11,0,0,
amtrak,amtrak:293104,293104,amtrak:WAS,WAS,18:26:00,18:26:00,12,0,0,
amtrak,amtrak:293106,293106,amtrak:BOS,BOS,11:15:00,11:15:00,1,0,0,
amtrak,amtrak:293106,293106,amtrak:BBY,BBY,11:19:00,11:20:00,2,0,0,
amtrak,amtrak:293106,293106,amtrak:RTE,RTE,11:30:00,11:31:00,3,0,0,
amtrak,amtrak:293106,293106,amtrak:PVD,PVD,11:54:00,11:55:00,4,0,0,
amtrak,amtrak:293106,293106,amtrak:NHV,NHV,13:24:00,13:26:00,5,0,0,
amtrak,amtrak:293106,293106,amtrak:STM,STM,14:09:00,14:11:00,6,0,0,
amtrak,amtrak:293106,293106,amtrak:NYP,NYP,15:04:00,15:16:00,7,0,0,
amtrak,amtrak:293106,293106,amtrak:NWK,NWK,15:30:00,15:32:00,8,0,0,
amtrak,amtrak:293106,293106,amtrak:PHL,PHL,16:25:00,16:27:00,9,0,0,
amtrak,amtrak:293106,293106,amtrak:WIL,WIL,16:51:00,16:53:00,10,0,0,
amtrak,amtrak:293106,293106,amtrak:BAL,BAL,17:44:00,17:46:00,11,0,0,
amtrak,amtrak:293106,293106,amtrak:WAS,WAS,18:26:00,18:26:00,12,0,0,
amtrak,amtrak:293108,293108,amtrak:BOS,BOS,11:15:00,11:15:00,1,0,0,
amtrak,amtrak:293108,293108,amtrak:BBY,BBY,11:19:00,11:20:00,2,0,0,
amtrak,amtrak:293108,293108,amtrak:RTE,RTE,11:30:00,11:31:00,3,0,0,
amtrak,amtrak:293108,293108,amtrak:PVD,PVD,11:54:00,11:55:00,4,0,0,
amtrak,amtrak:293108,293108,amtrak:NHV,NHV,13:24:00,13:26:00,5,0,0,
amtrak,amtrak:293108,293108,amtrak:STM,STM,14:09:00,14:11:00,6,0,0,
amtrak,amtrak:293108,293108,amtrak:NYP,NYP,15:04:00,15:16:00,7,0,0,
amtrak,amtrak:293108,293108,amtrak:NWK,NWK,15:30:00,15:32:00,8,0,0,
amtrak,amtrak:293108,293108,amtrak:PHL,PHL,16:25:00,16:27:00,9,0,0,
amtrak,amtrak:293108,293108,amtrak:WIL,WIL,16:51:00,16:53:00,10,0,0,
amtrak,amtrak:293108,293108,amtrak:BAL,BAL,17:44:00,17:46:00,11,0,0,
amtrak,amtrak:293108,293108,amtrak:WAS,WAS,18:26:00,18:26:00,12,0,0,
amtrak,amtrak:293109,293109,amtrak:BOS,BOS,11:15:00,11:15:00,1,0,0,
amtrak,amtrak:293109,293109,amtrak:BBY,BBY,11:19:00,11:20:00,2,0,0,
amtrak,amtrak:293109,293109,amtrak:RTE,RTE,11:30:00,11:31:00,3,0,0,
amtrak,amtrak:293109,293109,amtrak:PVD,PVD,11:54:00,11:55:00,4,0,0,
amtrak,amtrak:293109,293109,amtrak:NHV,NHV,13:24:00,13:26:00,5,0,0,
amtrak,amtrak:293109,293109,amtrak:STM,STM,14:09:00,14:11:00,6,0,0,
amtrak,amtrak:293109,293109,amtrak:NYP,NYP,15:04:00,15:16:00,7,0,0,
amtrak,amtrak:293109,293109,amtrak:NWK,NWK,15:30:00,15:32:00,8,0,0,
amtrak,amtrak:293109,293109,amtrak:PHL,PHL,16:25:00,16:27:00,9,0,0,
amtrak,amtrak:293109,293109,amtrak:WIL,WIL,16:51:00,16:53:00,10,0,0,
amtrak,amtrak:293109,293109,amtrak:BAL,BAL,17:38:00,17:40:00,11,0,0,
amtrak,amtrak:293109,293109,amtrak:WAS,WAS,18:16:00,18:16:00,12,0,0,
amtrak,amtrak:293111,293111,amtrak:BOS,BOS,11:15:00,11:15:00,1,0,0,
amtrak,amtrak:293111,293111,amtrak:BBY,BBY,11:19:00,11:20:00,2,0,0,
amtrak,amtrak:293111,293111,amtrak:RTE,RTE,11:30:00,11:31:00,3,0,0,
amtrak,amtrak:293111,293111,amtrak:PVD,PVD,11:54:00,11:55:00,4,0,0,
amtrak,amtrak:293111,293111,amtrak:NHV,NHV,13:24:00,13:26:00,5,0,0,
amtrak,amtrak:293111,293111,amtrak:STM,STM,14:09:00,14:11:00,6,0,0,
amtrak,amtrak:293111,293111,amtrak:NYP,NYP,15:04:00,15:16:00,7,0,0,
amtrak,amtrak:293111,293111,amtrak:NWK,NWK,15:30:00,15:32:00,8,0,0,
amtrak,amtrak:293111,293111,amtrak:PHL,PHL,16:25:00,16:27:00,9,0,0,
amtrak,amtrak:293111,293111,amtrak:WIL,WIL,16:51:00,16:53:00,10,0,0,
amtrak,amtrak:293111,293111,amtrak:BAL,BAL,17:38:00,17:40:00,11,0,0,
amtrak,amtrak:293111,293111,amtrak:WAS,WAS,18:16:00,18:16:00,12,0,0,
amtrak,amtrak:293115,293115,amtrak:BOS,BOS,13:00:00,13:00:00,1,0,0,
amtrak,amtrak:293115,293115,amtrak:BBY,BBY,13:05:00,13:06:00,2,0,0,
amtrak,amtrak:293115,293115,amtrak:RTE,RTE,13:14:00,13:15:00,3,0,0,
amtrak,amtrak:293115,293115,amtrak:PVD,PVD,13:35:00,13:37:00,4,0,0,
amtrak,amtrak:293115,293115,amtrak:NHV,NHV,15:14:00,15:16:00,5,0,0,
amtrak,amtrak:293115,293115,amtrak:STM,STM,15:59:00,16:01:00,6,0,0,
amtrak,amtrak:293115,293115,amtrak:NYP,NYP,16:50:00,17:00:00,7,0,0,
amtrak,amtrak:293115,293115,amtrak:NWK,NWK,17:13:00,17:15:00,8,0,0,
amtrak,amtrak:293115,293115,amtrak:PHL,PHL,18:09:00,18:11:00,9,0,0,
amtrak,amtrak:293115,293115,amtrak:WIL,WIL,18:31:00,18:32:00,10,0,0,
amtrak,amtrak:293115,293115,amtrak:BWI,BWI,19:36:00,19:37:00,11,0,0,
amtrak,amtrak:293115,293115,amtrak:WAS,WAS,20:03:00,20:03:00,12,0,0,
amtrak,amtrak:293117,293117,amtrak:BOS,BOS,13:00:00,13:00:00,1,0,0,
amtrak,amtrak:293117,293117,amtrak:BBY,BBY,13:05:00,13:06:00,2,0,0,
amtrak,amtrak:293117,293117,amtrak:RTE,RTE,13:14:00,13:15:00,3,0,0,
amtrak,amtrak:293117,293117,amtrak:PVD,PVD,13:35:00,13:37:00,4,0,0,
amtrak,amtrak:293117,293117,amtrak:NHV,NHV,15:14:00,15:16:00,5,0,0,
amtrak,amtrak:293117,293117,amtrak:STM,STM,15:59:00,16:01:00,6,0,0,
amtrak,amtrak:293117,293117,amtrak:NYP,NYP,16:50:00,17:00:00,7,0,0,
amtrak,amtrak:293117,293117,amtrak:NWK,NWK,17:13:00,17:15:00,8,0,0,
amtrak,amtrak:293117,293117,amtrak:PHL,PHL,18:09:00,18:11:00,9,0,0,
amtrak,amtrak:293117,293117,amtrak:WIL,WIL,18:31:00,18:32:00,10,0,0,
amtrak,amtrak:293117,293117,amtrak:BWI,BWI,19:36:00,19:37:00,11,0,0,
amtrak,amtrak:293117,293117,amtrak:WAS,WAS,20:03:00,20:03:00,12,0,0,
amtrak,amtrak:293119,293119,amtrak:BOS,BOS,13:00:00,13:00:00,1,0,0,
amtrak,amtrak:293119,293119,amtrak:BBY,BBY,13:05:00,13:06:00,2,0,0,
amtrak,amtrak:293119,293119,amtrak:RTE,RTE,13:14:00,13:15:00,3,0,0,
amtrak,amtrak:293119,293119,amtrak:PVD,PVD,13:35:00,13:37:00,4,0,0,
amtrak,amtrak:293119,293119,amtrak:NHV,NHV,15:14:00,15:16:00,5,0,0,
amtrak,amtrak:293119,293119,amtrak:STM,STM,15:59:00,16:01:00,6,0,0,
amtrak,amtrak:293119,293119,amtrak:NYP,NYP,16:50:00,17:00:00,7,0,0,
amtrak,amtrak:293119,293119,amtrak:NWK,NWK,17:13:00,17:15:00,8,0,0,
amtrak,amtrak:293119,293119,amtrak:PHL,PHL,18:09:00,18:11:00,9,0,0,
amtrak,amtrak:293119,293119,amtrak:WIL,WIL,18:31:00,18:32:00,10,0,0,
amtrak,amtrak:293119,293119,amtrak:BWI,BWI,19:36:00,19:37:00,11,0,0,
amtrak,amtrak:293119,293119,amtrak:WAS,WAS,20:03:00,20:03:00,12,0,0,
amtrak,amtrak:293120,293120,amtrak:BOS,BOS,13:00:00,13:00:00,1,0,0,
amtrak,amtrak:293120,293120,amtrak:BBY,BBY,13:05:00,13:06:00,2,0,0,
amtrak,amtrak:293120,293120,amtrak:RTE,RTE,13:14:00,13:15:00,3,0,0,
amtrak,amtrak:293120,293120,amtrak:PVD,PVD,13:35:00,13:37:00,4,0,0,
amtrak,amtrak:293120,293120,amtrak:NHV,NHV,15:14:00,15:16:00,5,0,0,
amtrak,amtrak:293120,293120,amtrak:STM,STM,15:59:00,16:01:00,6,0,0,
amtrak,amtrak:293120,293120,amtrak:NYP,NYP,16:50:00,17:00:00,7,0,0,
amtrak,amtrak:293120,293120,amtrak:NWK,NWK,17:13:00,17:15:00,8,0,0,
amtrak,amtrak:293120,293120,amtrak:PHL,PHL,18:09:00,18:11:00,9,0,0,
amtrak,amtrak:293120,293120,amtrak:WIL,WIL,18:35:00,18:36:00,10,0,0,
amtrak,amtrak:293120,293120,amtrak:BWI,BWI,19:36:00,19:37:00,11,0,0,
amtrak,amtrak:293120,293120,amtrak:WAS,WAS,20:03:00,20:03:00,12,0,0,
amtrak,amtrak:293122,293122,amtrak:BOS,BOS,13:00:00,13:00:00,1,0,0,
amtrak,amtrak:293122,293122,amtrak:BBY,BBY,13:05:00,13:06:00,2,0,0,
amtrak,amtrak:293122,293122,amtrak:RTE,RTE,13:14:00,13:15:00,3,0,0,
amtrak,amtrak:293122,293122,amtrak:PVD,PVD,13:35:00,13:37:00,4,0,0,
amtrak,amtrak:293122,293122,amtrak:NHV,NHV,15:14:00,15:16:00,5,0,0,
amtrak,amtrak:293122,293122,amtrak:STM,STM,15:59:00,16:01:00,6,0,0,
amtrak,amtrak:293122,293122,amtrak:NYP,NYP,16:50:00,17:00:00,7,0,0,
amtrak,amtrak:293122,293122,amtrak:NWK,NWK,17:13:00,17:15:00,8,0,0,
amtrak,amtrak:293122,293122,amtrak:PHL,PHL,18:09:00,18:11:00,9,0,0,
amtrak,amtrak:293122,293122,amtrak:WIL,WIL,18:35:00,18:36:00,10,0,0,
amtrak,amtrak:293122,293122,amtrak:BWI,BWI,19:36:00,19:37:00,11,0,0,
amtrak,amtrak:293122,293122,amtrak:WAS,WAS,20:03:00,20:03:00,12,0,0,
amtrak,amtrak:293126,293126,amtrak:BOS,BOS,15:10:00,15:10:00,1,0,0,
amtrak,amtrak:293126,293126,amtrak:BBY,BBY,15:15:00,15:16:00,2,0,0,
amtrak,amtrak:293126,293126,amtrak:RTE,RTE,15:24:00,15:25:00,3,0,0,
amtrak,amtrak:293126,293126,amtrak:PVD,PVD,15:46:00,15:48:00,4,0,0,
amtrak,amtrak:293126,293126,amtrak:NHV,NHV,17:22:00,17:24:00,5,0,0,
amtrak,amtrak:293126,293126,amtrak:STM,STM,18:12:00,18:14:00,6,0,0,
amtrak,amtrak:293126,293126,amtrak:NYP,NYP,19:08:00,19:18:00,7,0,0,
amtrak,amtrak:293126,293126,amtrak:NWK,NWK,19:33:00,19:35:00,8,0,0,
amtrak,amtrak:293126,293126,amtrak:PHL,PHL,20:29:00,20:31:00,9,0,0,
amtrak,amtrak:293126,293126,amtrak:WIL,WIL,20:52:00,20:53:00,10,0,0,
amtrak,amtrak:293126,293126,amtrak:BAL,BAL,21:44:00,21:46:00,11,0,0,
amtrak,amtrak:293126,293126,amtrak:WAS,WAS,22:22:00,22:22:00,12,0,0,
amtrak,amtrak:293128,293128,amtrak:BOS,BOS,15:10:00,15:10:00,1,0,0,
amtrak,amtrak:293128,293128,amtrak:BBY,BBY,15:15:00,15:16:00,2,0,0,
amtrak,amtrak:293128,293128,amtrak:RTE,RTE,15:24:00,15:25:00,3,0,0,
amtrak,amtrak:293128,293128,amtrak:PVD,PVD,15:46:00,15:48:00,4,0,0,
amtrak,amtrak:293128,293128,amtrak:NHV,NHV,17:22:00,17:24:00,5,0,0,
amtrak,amtrak:293128,293128,amtrak:STM,STM,18:12:00,18:14:00,6,0,0,
amtrak,amtrak:293128,293128,amtrak:NYP,NYP,19:08:00,19:18:00,7,0,0,
amtrak,amtrak:293128,293128,amtrak:NWK,NWK,19:33:00,19:35:00,8,0,0,
amtrak,amtrak:293128,293128,amtrak:PHL,PHL,20:29:00,20:31:00,9,0,0,
amtrak,amtrak:293128,293128,amtrak:WIL,WIL,20:52:00,20:53:00,10,0,0,
amtrak,amtrak:293128,293128,amtrak:BAL,BAL,21:44:00,21:46:00,11,0,0,
amtrak,amtrak:293128,293128,amtrak:WAS,WAS,22:22:00,22:22:00,12,0,0,
amtrak,amtrak:293130,293130,amtrak:BOS,BOS,15:10:00,15:10:00,1,0,0,
amtrak,amtrak:293130,293130,amtrak:BBY,BBY,15:15:00,15:16:00,2,0,0,
amtrak,amtrak:293130,293130,amtrak:RTE,RTE,15:24:00,15:25:00,3,0,0,
amtrak,amtrak:293130,293130,amtrak:PVD,PVD,15:46:00,15:48:00,4,0,0,
amtrak,amtrak:293130,293130,amtrak:NHV,NHV,17:22:00,17:24:00,5,0,0,
amtrak,amtrak:293130,293130,amtrak:STM,STM,18:12:00,18:14:00,6,0,0,
amtrak,amtrak:293130,293130,amtrak:NYP,NYP,19:08:00,19:18:00,7,0,0,
amtrak,amtrak:293130,293130,amtrak:NWK,NWK,19:33:00,19:35:00,8,0,0,
amtrak,amtrak:293130,293130,amtrak:PHL,PHL,20:29:00,20:31:00,9,0,0,
amtrak,amtrak:293130,293130,amtrak:WIL,WIL,20:52:00,20:53:00,10,0,0,
amtrak,amtrak:293130,293130,amtrak:BAL,BAL,21:44:00,21:46:00,11,0,0,
amtrak,amtrak:293130,293130,amtrak:WAS,WAS,22:22:00,22:22:00,12,0,0,
amtrak,amtrak:293131,293131,amtrak:BOS,BOS,15:10:00,15:10:00,1,0,0,
amtrak,amtrak:293131,293131,amtrak:BBY,BBY,15:15:00,15:16:00,2,0,0,
amtrak,amtrak:293131,293131,amtrak:RTE,RTE,15:24:00,15:25:00,3,0,0,
amtrak,amtrak:293131,293131,amtrak:PVD,PVD,15:46:00,15:48:00,4,0,0,
amtrak,amtrak:293131,293131,amtrak:NHV,NHV,17:22:00,17:24:00,5,0,0,
amtrak,amtrak:293131,293131,amtrak:STM,STM,18:12:00,18:14:00,6,0,0,
amtrak,amtrak:293131,293131,amtrak:NYP,NYP,19:08:00,19:18:00,7,0,0,
amtrak,amtrak:293131,293131,amtrak:NWK,NWK,19:33:00,19:35:00,8,0,0,
amtrak,amtrak:293131,293131,amtrak:PHL,PHL,20:29:00,20:31:00,9,0,0,
amtrak,amtrak:293131,293131,amtrak:WIL,WIL,20:52:00,20:53:00,10,0,0,
amtrak,amtrak:293131,293131,amtrak:BAL,BAL,21:38:00,21:40:00,11,0,0,
amtrak,amtrak:293131,293131,amtrak:WAS,WAS,22:16:00,22:16:00,12,0,0,
amtrak,amtrak:293133,293133,amtrak:BOS,BOS,15:10:00,15:10:00,1,0,0,
amtrak,amtrak:293133,293133,amtrak:BBY,BBY,15:15:00,15:16:00,2,0,0,
amtrak,amtrak:293133,293133,amtrak:RTE,RTE,15:24:00,15:25:00,3,0,0,
amtrak,amtrak:293133,293133,amtrak:PVD,PVD,15:46:00,15:48:00,4,0,0,
amtrak,amtrak:293133,293133,amtrak:NHV,NHV,17:22:00,17:24:00,5,0,0,
amtrak,amtrak:293133,293133,amtrak:STM,STM,18:12:00,18:14:00,6,0,0,
amtrak,amtrak:293133,293133,amtrak:NYP,NYP,19:08:00,19:18:00,7,0,0,
amtrak,amtrak:293133,293133,amtrak:NWK,NWK,19:33:00,19:35:00,8,0,0,
amtrak,amtrak:293133,293133,amtrak:PHL,PHL,20:29:00,20:31:00,9,0,0,
amtrak,amtrak:293133,293133,amtrak:WIL,WIL,20:52:00,20:53:00,10,0,0,
amtrak,amtrak:293133,293133,amtrak:BAL,BAL,21:38:00,21:40:00,11,0,0,
amtrak,amtrak:293133,293133,amtrak:WAS,WAS,22:16:00,22:16:00,12,0,0,
amtrak,amtrak:293147,293147,amtrak:BOS,BOS,10:20:00,10:20:00,1,0,0,
amtrak,amtrak:293147,293147,amtrak:BBY,BBY,10:24:00,10:26:00,2,0,0,
amtrak,amtrak:293147,293147,amtrak:RTE,RTE,10:35:00,10:37:00,3,0,0,
amtrak,amtrak:293147,293147,amtrak:PVD,PVD,10:59:00,11:01:00,4,0,0,
amtrak,amtrak:293147,293147,amtrak:OSB,OSB,12:07:00,12:08:00,5,0,0,
amtrak,amtrak:293147,293147,amtrak:NHV,NHV,12:40:00,12:42:00,6,0,0,
amtrak,amtrak:293147,293147,amtrak:BRP,BRP,13:03:00,13:04:00,7,0,0,
amtrak,amtrak:293147,293147,amtrak:STM,STM,13:30:00,13:31:00,8,0,0,
amtrak,amtrak:293147,293147,amtrak:NYP,NYP,14:29:00,15:05:00,9,0,0,
amtrak,amtrak:293147,293147,amtrak:NWK,NWK,15:21:00,15:22:00,10,0,0,
amtrak,amtrak:293147,293147,amtrak:EWR,EWR,15:26:00,15:26:00,11,0,0,
amtrak,amtrak:293147,293147,amtrak:MET,MET,15:38:00,15:40:00,12,0,0,
amtrak,amtrak:293147,293147,amtrak:TRE,TRE,16:00:00,16:02:00,13,0,0,
amtrak,amtrak:293147,293147,amtrak:PHL,PHL,16:28:00,16:32:00,14,0,0,
amtrak,amtrak:293147,293147,amtrak:WIL,WIL,16:55:00,16:58:00,15,0,0,
amtrak,amtrak:293147,293147,amtrak:ABE,ABE,17:28:00,17:30:00,16,0,0,
amtrak,amtrak:293147,293147,amtrak:BAL,BAL,17:53:00,17:56:00,17,0,0,
amtrak,amtrak:293147,293147,amtrak:BWI,BWI,18:07:00,18:09:00,18,0,0,
amtrak,amtrak:293147,293147,amtrak:NCR,NCR,18:23:00,18:24:00,19,0,0,
amtrak,amtrak:293147,293147,amtrak:WAS,WAS,18:45:00,18:45:00,20,0,0,
amtrak,amtrak:293150,293150,amtrak:BOS,BOS,10:20:00,10:20:00,1,0,0,
amtrak,amtrak:293150,293150,amtrak:BBY,BBY,10:24:00,10:26:00,2,0,0,
amtrak,amtrak:293150,293150,amtrak:RTE,RTE,10:35:00,10:37:00,3,0,0,
amtrak,amtrak:293150,293150,amtrak:PVD,PVD,10:59:00,11:01:00,4,0,0,
amtrak,amtrak:293150,293150,amtrak:OSB,OSB,12:07:00,12:08:00,5,0,0,
amtrak,amtrak:293150,293150,amtrak:NHV,NHV,12:40:00,12:42:00,6,0,0,
amtrak,amtrak:293150,293150,amtrak:BRP,BRP,13:03:00,13:04:00,7,0,0,
amtrak,amtrak:293150,293150,amtrak:STM,STM,13:30:00,13:31:00,8,0,0,
amtrak,amtrak:293150,293150,amtrak:NYP,NYP,14:29:00,15:05:00,9,0,0,
amtrak,amtrak:293150,293150,amtrak:NWK,NWK,15:21:00,15:22:00,10,0,0,
amtrak,amtrak:293150,293150,amtrak:EWR,EWR,15:26:00,15:26:00,11,0,0,
amtrak,amtrak:293150,293150,amtrak:MET,MET,15:38:00,15:40:00,12,0,0,
amtrak,amtrak:293150,293150,amtrak:TRE,TRE,16:00:00,16:02:00,13,0,0,
amtrak,amtrak:293150,293150,amtrak:PHL,PHL,16:32:00,16:36:00,14,0,0,
amtrak,amtrak:293150,293150,amtrak:WIL,WIL,16:55:00,16:58:00,15,0,0,
amtrak,amtrak:293150,293150,amtrak:ABE,ABE,17:28:00,17:30:00,16,0,0,
amtrak,amtrak:293150,293150,amtrak:BAL,BAL,17:53:00,17:56:00,17,0,0,
amtrak,amtrak:293150,293150,amtrak:BWI,BWI,18:07:00,18:09:00,18,0,0,
amtrak,amtrak:293150,293150,amtrak:NCR,NCR,18:23:00,18:24:00,19,0,0,
amtrak,amtrak:293150,293150,amtrak:WAS,WAS,18:45:00,18:45:00,20,0,0,
amtrak,amtrak:293152,293152,amtrak:BOS,BOS,10:20:00,10:20:00,1,0,0,
amtrak,amtrak:293152,293152,amtrak:BBY,BBY,10:24:00,10:26:00,2,0,0,
amtrak,amtrak:293152,293152,amtrak:RTE,RTE,10:35:00,10:37:00,3,0,0,
amtrak,amtrak:293152,293152,amtrak:PVD,PVD,10:59:00,11:01:00,4,0,0,
amtrak,amtrak:293152,293152,amtrak:OSB,OSB,12:07:00,12:08:00,5,0,0,
amtrak,amtrak:293152,293152,amtrak:NHV,NHV,12:40:00,12:42:00,6,0,0,
amtrak,amtrak:293152,293152,amtrak:BRP,BRP,13:03:00,13:04:00,7,0,0,
amtrak,amtrak:293152,293152,amtrak:STM,STM,13:30:00,13:31:00,8,0,0,
amtrak,amtrak:293152,293152,amtrak:NYP,NYP,14:29:00,15:05:00,9,0,0,
amtrak,amtrak:293152,293152,amtrak:NWK,NWK,15:21:00,15:22:00,10,0,0,
amtrak,amtrak:293152,293152,amtrak:EWR,EWR,15:26:00,15:26:00,11,0,0,
amtrak,amtrak:293152,293152,amtrak:MET,MET,15:38:00,15:40:00,12,0,0,
amtrak,amtrak:293152,293152,amtrak:TRE,TRE,16:00:00,16:02:00,13,0,0,
amtrak,amtrak:293152,293152,amtrak:PHL,PHL,16:32:00,16:36:00,14,0,0,
amtrak,amtrak:293152,293152,amtrak:WIL,WIL,16:55:00,16:58:00,15,0,0,
amtrak,amtrak:293152,293152,amtrak:ABE,ABE,17:28:00,17:30:00,16,0,0,
amtrak,amtrak:293152,293152,amtrak:BAL,BAL,17:53:00,17:56:00,17,0,0,
amtrak,amtrak:293152,293152,amtrak:BWI,BWI,18:07:00,18:09:00,18,0,0,
amtrak,amtrak:293152,293152,amtrak:NCR,NCR,18:23:00,18:24:00,19,0,0,
amtrak,amtrak:293152,293152,amtrak:WAS,WAS,18:45:00,18:45:00,20,0,0,
amtrak,amtrak:293153,293153,amtrak:BOS,BOS,10:20:00,10:20:00,1,0,0,
amtrak,amtrak:293153,293153,amtrak:BBY,BBY,10:24:00,10:26:00,2,0,0,
amtrak,amtrak:293153,293153,amtrak:RTE,RTE,10:35:00,10:37:00,3,0,0,
amtrak,amtrak:293153,293153,amtrak:PVD,PVD,10:59:00,11:01:00,4,0,0,
amtrak,amtrak:293153,293153,amtrak:OSB,OSB,12:07:00,12:08:00,5,0,0,
amtrak,amtrak:293153,293153,amtrak:NHV,NHV,12:40:00,12:42:00,6,0,0,
amtrak,amtrak:293153,293153,amtrak:BRP,BRP,13:03:00,13:04:00,7,0,0,
amtrak,amtrak:293153,293153,amtrak:STM,STM,13:30:00,13:31:00,8,0,0,
amtrak,amtrak:293153,293153,amtrak:NYP,NYP,14:29:00,15:05:00,9,0,0,
amtrak,amtrak:293153,293153,amtrak:NWK,NWK,15:21:00,15:22:00,10,0,0,
amtrak,amtrak:293153,293153,amtrak:EWR,EWR,15:26:00,15:26:00,11,0,0,
amtrak,amtrak:293153,293153,amtrak:MET,MET,15:38:00,15:40:00,12,0,0,
amtrak,amtrak:293153,293153,amtrak:TRE,TRE,16:00:00,16:02:00,13,0,0,
amtrak,amtrak:293153,293153,amtrak:PHL,PHL,16:32:00,16:36:00,14,0,0,
amtrak,amtrak:293153,293153,amtrak:WIL,WIL,16:55:00,16:58:00,15,0,0,
amtrak,amtrak:293153,293153,amtrak:ABE,ABE,17:22:00,17:24:00,16,0,0,
amtrak,amtrak:293153,293153,amtrak:BAL,BAL,17:47:00,17:50:00,17,0,0,
amtrak,amtrak:293153,293153,amtrak:BWI,BWI,18:01:00,18:03:00,18,0,0,
amtrak,amtrak:293153,293153,amtrak:NCR,NCR,18:17:00,18:18:00,19,0,0,
amtrak,amtrak:293153,293153,amtrak:WAS,WAS,18:34:00,18:34:00,20,0,0,
amtrak,amtrak:293155,293155,amtrak:BOS,BOS,10:20:00,10:20:00,1,0,0,
amtrak,amtrak:293155,293155,amtrak:BBY,BBY,10:24:00,10:26:00,2,0,0,
amtrak,amtrak:293155,293155,amtrak:RTE,RTE,10:35:00,10:37:00,3,0,0,
amtrak,amtrak:293155,293155,amtrak:PVD,PVD,10:59:00,11:01:00,4,0,0,
amtrak,amtrak:293155,293155,amtrak:OSB,OSB,12:07:00,12:08:00,5,0,0,
amtrak,amtrak:293155,293155,amtrak:NHV,NHV,12:40:00,12:42:00,6,0,0,
amtrak,amtrak:293155,293155,amtrak:BRP,BRP,13:03:00,13:04:00,7,0,0,
amtrak,amtrak:293155,293155,amtrak:STM,STM,13:30:00,13:31:00,8,0,0,
amtrak,amtrak:293155,293155,amtrak:NYP,NYP,14:29:00,15:05:00,9,0,0,
amtrak,amtrak:293155,293155,amtrak:NWK,NWK,15:21:00,15:22:00,10,0,0,
amtrak,amtrak:293155,293155,amtrak:EWR,EWR,15:26:00,15:26:00,11,0,0,
amtrak,amtrak:293155,293155,amtrak:MET,MET,15:38:00,15:40:00,12,0,0,
amtrak,amtrak:293155,293155,amtrak:TRE,TRE,16:00:00,16:02:00,13,0,0,
amtrak,amtrak:293155,293155,amtrak:PHL,PHL,16:32:00,16:36:00,14,0,0,
amtrak,amtrak:293155,293155,amtrak:WIL,WIL,16:55:00,16:58:00,15,0,0,
amtrak,amtrak:293155,293155,amtrak:ABE,ABE,17:22:00,17:24:00,16,0,0,
amtrak,amtrak:293155,293155,amtrak:BAL,BAL,17:47:00,17:50:00,17,0,0,
amtrak,amtrak:293155,293155,amtrak:BWI,BWI,18:01:00,18:03:00,18,0,0,
amtrak,amtrak:293155,293155,amtrak:NCR,NCR,18:17:00,18:18:00,19,0,0,
amtrak,amtrak:293155,293155,amtrak:WAS,WAS,18:34:00,18:34:00,20,0,0,
amtrak,amtrak:293159,293159,amtrak:BOS,BOS,6:10:00,6:10:00,1,0,0,
amtrak,amtrak:293159,293159,amtrak:BBY,BBY,6:14:00,6:15:00,2,0,0,
amtrak,amtrak:293159,293159,amtrak:RTE,RTE,6:24:00,6:25:00,3,0,0,
amtrak,amtrak:293159,293159,amtrak:PVD,PVD,6:48:00,6:50:00,4,0,0,
amtrak,amtrak:293159,293159,amtrak:KIN,KIN,7:09:00,7:11:00,5,0,0,
amtrak,amtrak:293159,293159,amtrak:WLY,WLY,7:24:00,7:25:00,6,0,0,
amtrak,amtrak:293159,293159,amtrak:NLC,NLC,7:44:00,7:45:00,7,0,0,
amtrak,amtrak:293159,293159,amtrak:OSB,OSB,8:03:00,8:04:00,8,0,0,
amtrak,amtrak:293159,293159,amtrak:NHV,NHV,8:41:00,8:43:00,9,0,0,
amtrak,amtrak:293159,293159,amtrak:STM,STM,9:28:00,9:30:00,10,0,0,
amtrak,amtrak:293159,293159,amtrak:NYP,NYP,10:22:00,10:35:00,11,0,0,
amtrak,amtrak:293159,293159,amtrak:NWK,NWK,10:51:00,10:53:00,12,0,0,
amtrak,amtrak:293159,293159,amtrak:MET,MET,11:05:00,11:07:00,13,0,0,
amtrak,amtrak:293159,293159,amtrak:TRE,TRE,11:28:00,11:29:00,14,0,0,
amtrak,amtrak:293159,293159,amtrak:PHL,PHL,11:56:00,12:01:00,15,0,0,
amtrak,amtrak:293159,293159,amtrak:WIL,WIL,12:21:00,12:24:00,16,0,0,
amtrak,amtrak:293159,293159,amtrak:BAL,BAL,13:22:00,13:27:00,17,0,0,
amtrak,amtrak:293159,293159,amtrak:BWI,BWI,13:38:00,13:40:00,18,0,0,
amtrak,amtrak:293159,293159,amtrak:NCR,NCR,13:53:00,13:55:00,19,0,0,
amtrak,amtrak:293159,293159,amtrak:WAS,WAS,14:05:00,14:35:00,20,0,0,
amtrak,amtrak:293159,293159,amtrak:ALX,ALX,14:53:00,14:56:00,21,0,0,
amtrak,amtrak:293159,293159,amtrak:FBG,FBG,15:42:00,15:44:00,22,0,0,
amtrak,amtrak:293159,293159,amtrak:RVR,RVR,16:47:00,16:52:00,23,0,0,
amtrak,amtrak:293159,293159,amtrak:PTB,PTB,17:27:00,17:29:00,24,0,0,
amtrak,amtrak:293159,293159,amtrak:NFK,NFK,19:09:00,19:09:00,25,0,0,
amtrak,amtrak:293161,293161,amtrak:BOS,BOS,6:10:00,6:10:00,1,0,0,
amtrak,amtrak:293161,293161,amtrak:BBY,BBY,6:14:00,6:15:00,2,0,0,
amtrak,amtrak:293161,293161,amtrak:RTE,RTE,6:24:00,6:25:00,3,0,0,
amtrak,amtrak:293161,293161,amtrak:PVD,PVD,6:48:00,6:50:00,4,0,0,
amtrak,amtrak:293161,293161,amtrak:KIN,KIN,7:09:00,7:11:00,5,0,0,
amtrak,amtrak:293161,293161,amtrak:WLY,WLY,7:24:00,7:25:00,6,0,0,
amtrak,amtrak:293161,293161,amtrak:NLC,NLC,7:44:00,7:45:00,7,0,0,
amtrak,amtrak:293161,293161,amtrak:OSB,OSB,8:03:00,8:04:00,8,0,0,
amtrak,amtrak:293161,293161,amtrak:NHV,NHV,8:41:00,8:43:00,9,0,0,
amtrak,amtrak:293161,293161,amtrak:STM,STM,9:28:00,9:30:00,10,0,0,
amtrak,amtrak:293161,293161,amtrak:NYP,NYP,10:22:00,10:35:00,11,0,0,
amtrak,amtrak:293161,293161,amtrak:NWK,NWK,10:51:00,10:53:00,12,0,0,
amtrak,amtrak:293161,293161,amtrak:MET,MET,11:05:00,11:07:00,13,0,0,
amtrak,amtrak:293161,293161,amtrak:TRE,TRE,11:28:00,11:29:00,14,0,0,
amtrak,amtrak:293161,293161,amtrak:PHL,PHL,11:56:00,12:01:00,15,0,0,
amtrak,amtrak:293161,293161,amtrak:WIL,WIL,12:21:00,12:24:00,16,0,0,
amtrak,amtrak:293161,293161,amtrak:BAL,BAL,13:22:00,13:27:00,17,0,0,
amtrak,amtrak:293161,293161,amtrak:BWI,BWI,13:38:00,13:40:00,18,0,0,
amtrak,amtrak:293161,293161,amtrak:NCR,NCR,13:53:00,13:55:00,19,0,0,
amtrak,amtrak:293161,293161,amtrak:WAS,WAS,14:05:00,14:35:00,20,0,0,
amtrak,amtrak:293161,293161,amtrak:ALX,ALX,14:53:00,14:56:00,21,0,0,
amtrak,amtrak:293161,293161,amtrak:FBG,FBG,15:42:00,15:44:00,22,0,0,
amtrak,amtrak:293161,293161,amtrak:RVR,RVR,16:47:00,16:52:00,23,0,0,
amtrak,amtrak:293161,293161,amtrak:PTB,PTB,17:27:00,17:29:00,24,0,0,
amtrak,amtrak:293161,293161,amtrak:NFK,NFK,19:09:00,19:09:00,25,0,0,
amtrak,amtrak:293163,293163,amtrak:BOS,BOS,6:10:00,6:10:00,1,0,0,
amtrak,amtrak:293163,293163,amtrak:BBY,BBY,6:14:00,6:15:00,2,0,0,
amtrak,amtrak:293163,293163,amtrak:RTE,RTE,6:24:00,6:25:00,3,0,0,
amtrak,amtrak:293163,293163,amtrak:PVD,PVD,6:48:00,6:50:00,4,0,0,
amtrak,amtrak:293163,293163,amtrak:KIN,KIN,7:09:00,7:11:00,5,0,0,
amtrak,amtrak:293163,293163,amtrak:WLY,WLY,7:24:00,7:25:00,6,0,0,
amtrak,amtrak:293163,293163,amtrak:NLC,NLC,7:44:00,7:45:00,7,0,0,
amtrak,amtrak:293163,293163,amtrak:OSB,OSB,8:03:00,8:04:00,8,0,0,
amtrak,amtrak:293163,293163,amtrak:NHV,NHV,8:41:00,8:43:00,9,0,0,
amtrak,amtrak:293163,293163,amtrak:STM,STM,9:28:00,9:30:00,10,0,0,
amtrak,amtrak:293163,293163,amtrak:NYP,NYP,10:22:00,10:35:00,11,0,0,
amtrak,amtrak:293163,293163,amtrak:NWK,NWK,10:51:00,10:53:00,12,0,0,
amtrak,amtrak:293163,293163,amtrak:MET,MET,11:05:00,11:07:00,13,0,0,
amtrak,amtrak:293163,293163,amtrak:TRE,TRE,11:28:00,11:29:00,14,0,0,
amtrak,amtrak:293163,293163,amtrak:PHL,PHL,11:56:00,12:01:00,15,0,0,
amtrak,amtrak:293163,293163,amtrak:WIL,WIL,12:21:00,12:24:00,16,0,0,
amtrak,amtrak:293163,293163,amtrak:BAL,BAL,13:22:00,13:27:00,17,0,0,
amtrak,amtrak:293163,293163,amtrak:BWI,BWI,13:38:00,13:40:00,18,0,0,
amtrak,amtrak:293163,293163,amtrak:NCR,NCR,13:53:00,13:55:00,19,0,0,
amtrak,amtrak:293163,293163,amtrak:WAS,WAS,14:05:00,14:35:00,20,0,0,
amtrak,amtrak:293163,293163,amtrak:ALX,ALX,14:53:00,14:56:00,21,0,0,
amtrak,amtrak:293163,293163,amtrak:FBG,FBG,15:42:00,15:44:00,22,0,0,
amtrak,amtrak:293163,293163,amtrak:RVR,RVR,16:47:00,16:52:00,23,0,0,
amtrak,amtrak:293163,293163,amtrak:PTB,PTB,17:27:00,17:29:00,24,0,0,
amtrak,amtrak:293163,293163,amtrak:NFK,NFK,19:09:00,19:09:00,25,0,0,
amtrak,amtrak:293164,293164,amtrak:BOS,BOS,6:10:00,6:10:00,1,0,0,
amtrak,amtrak:293164,293164,amtrak:BBY,BBY,6:14:00,6:15:00,2,0,0,
amtrak,amtrak:293164,293164,amtrak:RTE,RTE,6:24:00,6:25:00,3,0,0,
amtrak,amtrak:293164,293164,amtrak:PVD,PVD,6:48:00,6:50:00,4,0,0,
amtrak,amtrak:293164,293164,amtrak:KIN,KIN,7:09:00,7:11:00,5,0,0,
amtrak,amtrak:293164,293164,amtrak:WLY,WLY,7:24:00,7:25:00,6,0,0,
amtrak,amtrak:293164,293164,amtrak:NLC,NLC,7:44:00,7:45:00,7,0,0,
amtrak,amtrak:293164,293164,amtrak:OSB,OSB,8:03:00,8:04:00,8,0,0,
amtrak,amtrak:293164,293164,amtrak:NHV,NHV,8:41:00,8:43:00,9,0,0,
amtrak,amtrak:293164,293164,amtrak:STM,STM,9:28:00,9:30:00,10,0,0,
amtrak,amtrak:293164,293164,amtrak:NYP,NYP,10:22:00,10:35:00,11,0,0,
amtrak,amtrak:293164,293164,amtrak:NWK,NWK,10:51:00,10:53:00,12,0,0,
amtrak,amtrak:293164,293164,amtrak:MET,MET,11:05:00,11:07:00,13,0,0,
amtrak,amtrak:293164,293164,amtrak:TRE,TRE,11:28:00,11:29:00,14,0,0,
amtrak,amtrak:293164,293164,amtrak:PHL,PHL,11:56:00,12:01:00,15,0,0,
amtrak,amtrak:293164,293164,amtrak:WIL,WIL,12:21:00,12:24:00,16,0,0,
amtrak,amtrak:293164,293164,amtrak:BAL,BAL,13:14:00,13:23:00,17,0,0,
amtrak,amtrak:293164,293164,amtrak:BWI,BWI,13:34:00,13:36:00,18,0,0,
amtrak,amtrak:293164,293164,amtrak:NCR,NCR,13:49:00,13:51:00,19,0,0,
amtrak,amtrak:293164,293164,amtrak:WAS,WAS,14:05:00,14:35:00,20,0,0,
amtrak,amtrak:293164,293164,amtrak:ALX,ALX,14:53:00,14:56:00,21,0,0,
amtrak,amtrak:293164,293164,amtrak:FBG,FBG,15:42:00,15:44:00,22,0,0,
amtrak,amtrak:293164,293164,amtrak:RVR,RVR,16:47:00,16:52:00,23,0,0,
amtrak,amtrak:293164,293164,amtrak:PTB,PTB,17:27:00,17:29:00,24,0,0,
amtrak,amtrak:293164,293164,amtrak:NFK,NFK,19:09:00,19:09:00,25,0,0,
amtrak,amtrak:293166,293166,amtrak:BOS,BOS,6:10:00,6:10:00,1,0,0,
amtrak,amtrak:293166,293166,amtrak:BBY,BBY,6:14:00,6:15:00,2,0,0,
amtrak,amtrak:293166,293166,amtrak:RTE,RTE,6:24:00,6:25:00,3,0,0,
amtrak,amtrak:293166,293166,amtrak:PVD,PVD,6:48:00,6:50:00,4,0,0,
amtrak,amtrak:293166,293166,amtrak:KIN,KIN,7:09:00,7:11:00,5,0,0,
amtrak,amtrak:293166,293166,amtrak:WLY,WLY,7:24:00,7:25:00,6,0,0,
amtrak,amtrak:293166,293166,amtrak:NLC,NLC,7:44:00,7:45:00,7,0,0,
amtrak,amtrak:293166,293166,amtrak:OSB,OSB,8:03:00,8:04:00,8,0,0,
amtrak,amtrak:293166,293166,amtrak:NHV,NHV,8:41:00,8:43:00,9,0,0,
amtrak,amtrak:293166,293166,amtrak:STM,STM,9:28:00,9:30:00,10,0,0,
amtrak,amtrak:293166,293166,amtrak:NYP,NYP,10:22:00,10:35:00,11,0,0,
amtrak,amtrak:293166,293166,amtrak:NWK,NWK,10:51:00,10:53:00,12,0,0,
amtrak,amtrak:293166,293166,amtrak:MET,MET,11:05:00,11:07:00,13,0,0,
amtrak,amtrak:293166,293166,amtrak:TRE,TRE,11:28:00,11:29:00,14,0,0,
amtrak,amtrak:293166,293166,amtrak:PHL,PHL,11:56:00,12:01:00,15,0,0,
amtrak,amtrak:293166,293166,amtrak:WIL,WIL,12:21:00,12:24:00,16,0,0,
amtrak,amtrak:293166,293166,amtrak:BAL,BAL,13:14:00,13:23:00,17,0,0,
amtrak,amtrak:293166,293166,amtrak:BWI,BWI,13:34:00,13:36:00,18,0,0,
amtrak,amtrak:293166,293166,amtrak:NCR,NCR,13:49:00,13:51:00,19,0,0,
amtrak,amtrak:293166,293166,amtrak:WAS,WAS,14:05:00,14:35:00,20,0,0,
amtrak,amtrak:293166,293166,amtrak:ALX,ALX,14:53:00,14:56:00,21,0,0,
amtrak,amtrak:293166,293166,amtrak:FBG,FBG,15:42:00,15:44:00,22,0,0,
amtrak,amtrak:293166,293166,amtrak:RVR,RVR,16:47:00,16:52:00,23,0,0,
amtrak,amtrak:293166,293166,amtrak:PTB,PTB,17:27:00,17:29:00,24,0,0,
amtrak,amtrak:293166,293166,amtrak:NFK,NFK,19:09:00,19:09:00,25,0,0,
amtrak,amtrak:293170,293170,amtrak:BOS,BOS,9:20:00,9:20:00,1,0,0,
amtrak,amtrak:293170,293170,amtrak:BBY,BBY,9:24:00,9:26:00,2,0,0,
amtrak,amtrak:293170,293170,amtrak:RTE,RTE,9:35:00,9:36:00,3,0,0,
amtrak,amtrak:293170,293170,amtrak:PVD,PVD,9:58:00,10:01:00,4,0,0,
amtrak,amtrak:293170,293170,amtrak:KIN,KIN,10:20:00,10:22:00,5,0,0,
amtrak,amtrak:293170,293170,amtrak:WLY,WLY,10:35:00,10:36:00,6,0,0,
amtrak,amtrak:293170,293170,amtrak:MYS,MYS,10:45:00,10:46:00,7,0,0,
amtrak,amtrak:293170,293170,amtrak:NLC,NLC,11:00:00,11:02:00,8,0,0,
amtrak,amtrak:293170,293170,amtrak:OSB,OSB,11:20:00,11:21:00,9,0,0,
amtrak,amtrak:293170,293170,amtrak:NHV,NHV,11:54:00,11:58:00,10,0,0,
amtrak,amtrak:293170,293170,amtrak:BRP,BRP,12:21:00,12:22:00,11,0,0,
amtrak,amtrak:293170,293170,amtrak:STM,STM,12:51:00,12:53:00,12,0,0,
amtrak,amtrak:293170,293170,amtrak:NRO,NRO,13:16:00,13:17:00,13,0,0,
amtrak,amtrak:293170,293170,amtrak:NYP,NYP,13:47:00,14:02:00,14,0,0,
amtrak,amtrak:293170,293170,amtrak:NWK,NWK,14:18:00,14:19:00,15,0,0,
amtrak,amtrak:293170,293170,amtrak:MET,MET,14:32:00,14:34:00,16,0,0,
amtrak,amtrak:293170,293170,amtrak:PHL,PHL,15:24:00,15:29:00,17,0,0,
amtrak,amtrak:293170,293170,amtrak:WIL,WIL,15:51:00,15:53:00,18,0,0,
amtrak,amtrak:293170,293170,amtrak:BAL,BAL,16:45:00,16:47:00,19,0,0,
amtrak,amtrak:293170,293170,amtrak:BWI,BWI,16:58:00,17:00:00,20,0,0,
amtrak,amtrak:293170,293170,amtrak:NCR,NCR,17:13:00,17:14:00,21,0,0,
amtrak,amtrak:293170,293170,amtrak:WAS,WAS,17:33:00,17:55:00,22,0,0,
amtrak,amtrak:293170,293170,amtrak:ALX,ALX,18:14:00,18:17:00,23,0,0,
amtrak,amtrak:293170,293170,amtrak:QAN,QAN,18:47:00,18:47:00,24,0,0,
amtrak,amtrak:293170,293170,amtrak:FBG,FBG,19:09:00,19:12:00,25,0,0,
amtrak,amtrak:293170,293170,amtrak:ASD,ASD,19:56:00,19:56:00,26,0,0,
amtrak,amtrak:293170,293170,amtrak:RVR,RVR,20:20:00,20:27:00,27,0,0,
amtrak,amtrak:293170,293170,amtrak:PTB,PTB,21:01:00,21:03:00,28,0,0,
amtrak,amtrak:293170,293170,amtrak:NFK,NFK,22:43:00,22:43:00,29,0,0,
amtrak,amtrak:293172,293172,amtrak:BOS,BOS,9:20:00,9:20:00,1,0,0,
amtrak,amtrak:293172,293172,amtrak:BBY,BBY,9:24:00,9:26:00,2,0,0,
amtrak,amtrak:293172,293172,amtrak:RTE,RTE,9:35:00,9:36:00,3,0,0,
amtrak,amtrak:293172,293172,amtrak:PVD,PVD,9:58:00,10:01:00,4,0,0,
amtrak,amtrak:293172,293172,amtrak:KIN,KIN,10:20:00,10:22:00,5,0,0,
amtrak,amtrak:293172,293172,amtrak:WLY,WLY,10:35:00,10:36:00,6,0,0,
amtrak,amtrak:293172,293172,amtrak:MYS,MYS,10:45:00,10:46:00,7,0,0,
amtrak,amtrak:293172,293172,amtrak:NLC,NLC,11:00:00,11:02:00,8,0,0,
amtrak,amtrak:293172,293172,amtrak:OSB,OSB,11:20:00,11:21:00,9,0,0,
amtrak,amtrak:293172,293172,amtrak:NHV,NHV,11:54:00,11:58:00,10,0,0,
amtrak,amtrak:293172,293172,amtrak:BRP,BRP,12:21:00,12:22:00,11,0,0,
amtrak,amtrak:293172,293172,amtrak:STM,STM,12:51:00,12:53:00,12,0,0,
amtrak,amtrak:293172,293172,amtrak:NRO,NRO,13:16:00,13:17:00,13,0,0,
amtrak,amtrak:293172,293172,amtrak:NYP,NYP,13:47:00,14:02:00,14,0,0,
amtrak,amtrak:293172,293172,amtrak:NWK,NWK,14:18:00,14:19:00,15,0,0,
amtrak,amtrak:293172,293172,amtrak:MET,MET,14:32:00,14:34:00,16,0,0,
amtrak,amtrak:293172,293172,amtrak:PHL,PHL,15:24:00,15:29:00,17,0,0,
amtrak,amtrak:293172,293172,amtrak:WIL,WIL,15:51:00,15:53:00,18,0,0,
amtrak,amtrak:293172,293172,amtrak:BAL,BAL,16:45:00,16:47:00,19,0,0,
amtrak,amtrak:293172,293172,amtrak:BWI,BWI,16:58:00,17:00:00,20,0,0,
amtrak,amtrak:293172,293172,amtrak:NCR,NCR,17:13:00,17:14:00,21,0,0,
amtrak,amtrak:293172,293172,amtrak:WAS,WAS,17:33:00,17:55:00,22,0,0,
amtrak,amtrak:293172,293172,amtrak:ALX,ALX,18:14:00,18:17:00,23,0,0,
amtrak,amtrak:293172,293172,amtrak:QAN,QAN,18:47:00,18:47:00,24,0,0,
amtrak,amtrak:293172,293172,amtrak:FBG,FBG,19:09:00,19:12:00,25,0,0,
amtrak,amtrak:293172,293172,amtrak:ASD,ASD,19:56:00,19:56:00,26,0,0,
amtrak,amtrak:293172,293172,amtrak:RVR,RVR,20:20:00,20:27:00,27,0,0,
amtrak,amtrak:293172,293172,amtrak:PTB,PTB,21:01:00,21:03:00,28,0,0,
amtrak,amtrak:293172,293172,amtrak:NFK,NFK,22:43:00,22:43:00,29,0,0,
amtrak,amtrak:293174,293174,amtrak:BOS,BOS,9:20:00,9:20:00,1,0,0,
amtrak,amtrak:293174,293174,amtrak:BBY,BBY,9:24:00,9:26:00,2,0,0,
amtrak,amtrak:293174,293174,amtrak:RTE,RTE,9:35:00,9:36:00,3,0,0,
amtrak,amtrak:293174,293174,amtrak:PVD,PVD,9:58:00,10:01:00,4,0,0,
amtrak,amtrak:293174,293174,amtrak:KIN,KIN,10:20:00,10:22:00,5,0,0,
amtrak,amtrak:293174,293174,amtrak:WLY,WLY,10:35:00,10:36:00,6,0,0,
amtrak,amtrak:293174,293174,amtrak:MYS,MYS,10:45:00,10:46:00,7,0,0,
amtrak,amtrak:293174,293174,amtrak:NLC,NLC,11:00:00,11:02:00,8,0,0,
amtrak,amtrak:293174,293174,amtrak:OSB,OSB,11:20:00,11:21:00,9,0,0,
amtrak,amtrak:293174,293174,amtrak:NHV,NHV,11:54:00,11:58:00,10,0,0,
amtrak,amtrak:293174,293174,amtrak:BRP,BRP,12:21:00,12:22:00,11,0,0,
amtrak,amtrak:293174,293174,amtrak:STM,STM,12:51:00,12:53:00,12,0,0,
amtrak,amtrak:293174,293174,amtrak:NRO,NRO,13:16:00,13:17:00,13,0,0,
amtrak,amtrak:293174,293174,amtrak:NYP,NYP,13:47:00,14:02:00,14,0,0,
amtrak,amtrak:293174,293174,amtrak:NWK,NWK,14:18:00,14:19:00,15,0,0,
amtrak,amtrak:293174,293174,amtrak:MET,MET,14:32:00,14:34:00,16,0,0,
amtrak,amtrak:293174,293174,amtrak:PHL,PHL,15:24:00,15:29:00,17,0,0,
amtrak,amtrak:293174,293174,amtrak:WIL,WIL,15:51:00,15:53:00,18,0,0,
amtrak,amtrak:293174,293174,amtrak:BAL,BAL,16:45:00,16:47:00,19,0,0,
amtrak,amtrak:293174,293174,amtrak:BWI,BWI,16:58:00,17:00:00,20,0,0,
amtrak,amtrak:293174,293174,amtrak:NCR,NCR,17:13:00,17:14:00,21,0,0,
amtrak,amtrak:293174,293174,amtrak:WAS,WAS,17:33:00,17:55:00,22,0,0,
amtrak,amtrak:293174,293174,amtrak:ALX,ALX,18:14:00,18:17:00,23,0,0,
amtrak,amtrak:293174,293174,amtrak:QAN,QAN,18:47:00,18:47:00,24,0,0,
amtrak,amtrak:293174,293174,amtrak:FBG,FBG,19:09:00,19:12:00,25,0,0,
amtrak,amtrak:293174,293174,amtrak:ASD,ASD,19:56:00,19:56:00,26,0,0,
amtrak,amtrak:293174,293174,amtrak:RVR,RVR,20:20:00,20:27:00,27,0,0,
amtrak,amtrak:293174,293174,amtrak:PTB,PTB,21:01:00,21:03:00,28,0,0,
amtrak,amtrak:293174,293174,amtrak:NFK,NFK,22:43:00,22:43:00,29,0,0,
amtrak,amtrak:293175,293175,amtrak:BOS,BOS,9:20:00,9:20:00,1,0,0,
amtrak,amtrak:293175,293175,amtrak:BBY,BBY,9:24:00,9:26:00,2,0,0,
amtrak,amtrak:293175,293175,amtrak:RTE,RTE,9:35:00,9:36:00,3,0,0,
amtrak,amtrak:293175,293175,amtrak:PVD,PVD,9:58:00,10:01:00,4,0,0,
amtrak,amtrak:293175,293175,amtrak:KIN,KIN,10:20:00,10:22:00,5,0,0,
amtrak,amtrak:293175,293175,amtrak:WLY,WLY,10:35:00,10:36:00,6,0,0,
amtrak,amtrak:293175,293175,amtrak:MYS,MYS,10:45:00,10:46:00,7,0,0,
amtrak,amtrak:293175,293175,amtrak:NLC,NLC,11:00:00,11:02:00,8,0,0,
amtrak,amtrak:293175,293175,amtrak:OSB,OSB,11:20:00,11:21:00,9,0,0,
amtrak,amtrak:293175,293175,amtrak:NHV,NHV,11:54:00,11:58:00,10,0,0,
amtrak,amtrak:293175,293175,amtrak:BRP,BRP,12:21:00,12:22:00,11,0,0,
amtrak,amtrak:293175,293175,amtrak:STM,STM,12:51:00,12:53:00,12,0,0,
amtrak,amtrak:293175,293175,amtrak:NRO,NRO,13:16:00,13:17:00,13,0,0,
amtrak,amtrak:293175,293175,amtrak:NYP,NYP,13:47:00,14:02:00,14,0,0,
amtrak,amtrak:293175,293175,amtrak:NWK,NWK,14:18:00,14:19:00,15,0,0,
amtrak,amtrak:293175,293175,amtrak:MET,MET,14:32:00,14:34:00,16,0,0,
amtrak,amtrak:293175,293175,amtrak:PHL,PHL,15:24:00,15:29:00,17,0,0,
amtrak,amtrak:293175,293175,amtrak:WIL,WIL,15:48:00,15:50:00,18,0,0,
amtrak,amtrak:293175,293175,amtrak:BAL,BAL,16:37:00,16:39:00,19,0,0,
amtrak,amtrak:293175,293175,amtrak:BWI,BWI,16:50:00,16:52:00,20,0,0,
amtrak,amtrak:293175,293175,amtrak:NCR,NCR,17:05:00,17:06:00,21,0,0,
amtrak,amtrak:293175,293175,amtrak:WAS,WAS,17:25:00,17:55:00,22,0,0,
amtrak,amtrak:293175,293175,amtrak:ALX,ALX,18:14:00,18:17:00,23,0,0,
amtrak,amtrak:293175,293175,amtrak:QAN,QAN,18:47:00,18:47:00,24,0,0,
amtrak,amtrak:293175,293175,amtrak:FBG,FBG,19:09:00,19:12:00,25,0,0,
amtrak,amtrak:293175,293175,amtrak:ASD,ASD,19:56:00,19:56:00,26,0,0,
amtrak,amtrak:293175,293175,amtrak:RVR,RVR,20:20:00,20:27:00,27,0,0,
amtrak,amtrak:293175,293175,amtrak:PTB,PTB,21:01:00,21:03:00,28,0,0,
amtrak,amtrak:293175,293175,amtrak:NFK,NFK,22:43:00,22:43:00,29,0,0,
amtrak,amtrak:293177,293177,amtrak:BOS,BOS,9:20:00,9:20:00,1,0,0,
amtrak,amtrak:293177,293177,amtrak:BBY,BBY,9:24:00,9:26:00,2,0,0,
amtrak,amtrak:293177,293177,amtrak:RTE,RTE,9:35:00,9:36:00,3,0,0,
amtrak,amtrak:293177,293177,amtrak:PVD,PVD,9:58:00,10:01:00,4,0,0,
amtrak,amtrak:293177,293177,amtrak:KIN,KIN,10:20:00,10:22:00,5,0,0,
amtrak,amtrak:293177,293177,amtrak:WLY,WLY,10:35:00,10:36:00,6,0,0,
amtrak,amtrak:293177,293177,amtrak:MYS,MYS,10:45:00,10:46:00,7,0,0,
amtrak,amtrak:293177,293177,amtrak:NLC,NLC,11:00:00,11:02:00,8,0,0,
amtrak,amtrak:293177,293177,amtrak:OSB,OSB,11:20:00,11:21:00,9,0,0,
amtrak,amtrak:293177,293177,amtrak:NHV,NHV,11:54:00,11:58:00,10,0,0,
amtrak,amtrak:293177,293177,amtrak:BRP,BRP,12:21:00,12:22:00,11,0,0,
amtrak,amtrak:293177,293177,amtrak:STM,STM,12:51:00,12:53:00,12,0,0,
amtrak,amtrak:293177,293177,amtrak:NRO,NRO,13:16:00,13:17:00,13,0,0,
amtrak,amtrak:293177,293177,amtrak:NYP,NYP,13:47:00,14:02:00,14,0,0,
amtrak,amtrak:293177,293177,amtrak:NWK,NWK,14:18:00,14:19:00,15,0,0,
amtrak,amtrak:293177,293177,amtrak:MET,MET,14:32:00,14:34:00,16,0,0,
amtrak,amtrak:293177,293177,amtrak:PHL,PHL,15:24:00,15:29:00,17,0,0,
amtrak,amtrak:293177,293177,amtrak:WIL,WIL,15:48:00,15:50:00,18,0,0,
amtrak,amtrak:293177,293177,amtrak:BAL,BAL,16:37:00,16:39:00,19,0,0,
amtrak,amtrak:293177,293177,amtrak:BWI,BWI,16:50:00,16:52:00,20,0,0,
amtrak,amtrak:293177,293177,amtrak:NCR,NCR,17:05:00,17:06:00,21,0,0,
amtrak,amtrak:293177,293177,amtrak:WAS,WAS,17:25:00,17:55:00,22,0,0,
amtrak,amtrak:293177,293177,amtrak:ALX,ALX,18:14:00,18:17:00,23,0,0,
amtrak,amtrak:293177,293177,amtrak:QAN,QAN,18:47:00,18:47:00,24,0,0,
amtrak,amtrak:293177,293177,amtrak:FBG,FBG,19:09:00,19:12:00,25,0,0,
amtrak,amtrak:293177,293177,amtrak:ASD,ASD,19:56:00,19:56:00,26,0,0,
amtrak,amtrak:293177,293177,amtrak:RVR,RVR,20:20:00,20:27:00,27,0,0,
amtrak,amtrak:293177,293177,amtrak:PTB,PTB,21:01:00,21:03:00,28,0,0,
amtrak,amtrak:293177,293177,amtrak:NFK,NFK,22:43:00,22:43:00,29,0,0,
amtrak,amtrak:293446,293446,amtrak:BOS,BOS,17:30:00,17:30:00,1,0,0,
amtrak,amtrak:293446,293446,amtrak:BBY,BBY,17:34:00,17:35:00,2,0,0,
amtrak,amtrak:293446,293446,amtrak:RTE,RTE,17:44:00,17:46:00,3,0,0,
amtrak,amtrak:293446,293446,amtrak:PVD,PVD,18:08:00,18:10:00,4,0,0,
amtrak,amtrak:293446,293446,amtrak:KIN,KIN,18:32:00,18:34:00,5,0,0,
amtrak,amtrak:293446,293446,amtrak:WLY,WLY,18:47:00,18:48:00,6,0,0,
amtrak,amtrak:293446,293446,amtrak:NLC,NLC,19:09:00,19:11:00,7,0,0,
amtrak,amtrak:293446,293446,amtrak:OSB,OSB,19:30:00,19:32:00,8,0,0,
amtrak,amtrak:293446,293446,amtrak:NHV,NHV,20:05:00,20:13:00,9,0,0,
amtrak,amtrak:293446,293446,amtrak:BRP,BRP,20:33:00,20:35:00,10,0,0,
amtrak,amtrak:293446,293446,amtrak:STM,STM,21:02:00,21:04:00,11,0,0,
amtrak,amtrak:293446,293446,amtrak:NRO,NRO,21:22:00,21:24:00,12,0,0,
amtrak,amtrak:293446,293446,amtrak:NYP,NYP,21:52:00,22:05:00,13,0,0,
amtrak,amtrak:293446,293446,amtrak:NWK,NWK,22:21:00,22:22:00,14,0,0,
amtrak,amtrak:293446,293446,amtrak:MET,MET,22:36:00,22:38:00,15,0,0,
amtrak,amtrak:293446,293446,amtrak:PJC,PJC,23:00:00,23:01:00,16,0,0,
amtrak,amtrak:293446,293446,amtrak:TRE,TRE,23:08:00,23:09:00,17,0,0,
amtrak,amtrak:293446,293446,amtrak:PHL,PHL,23:45:00,23:45:00,18,0,0,
amtrak,amtrak:293448,293448,amtrak:BOS,BOS,17:30:00,17:30:00,1,0,0,
amtrak,amtrak:293448,293448,amtrak:BBY,BBY,17:34:00,17:35:00,2,0,0,
amtrak,amtrak:293448,293448,amtrak:RTE,RTE,17:44:00,17:46:00,3,0,0,
amtrak,amtrak:293448,293448,amtrak:PVD,PVD,18:08:00,18:10:00,4,0,0,
amtrak,amtrak:293448,293448,amtrak:KIN,KIN,18:32:00,18:34:00,5,0,0,
amtrak,amtrak:293448,293448,amtrak:WLY,WLY,18:47:00,18:48:00,6,0,0,
amtrak,amtrak:293448,293448,amtrak:NLC,NLC,19:09:00,19:11:00,7,0,0,
amtrak,amtrak:293448,293448,amtrak:OSB,OSB,19:30:00,19:32:00,8,0,0,
amtrak,amtrak:293448,293448,amtrak:NHV,NHV,20:05:00,20:13:00,9,0,0,
amtrak,amtrak:293448,293448,amtrak:BRP,BRP,20:33:00,20:35:00,10,0,0,
amtrak,amtrak:293448,293448,amtrak:STM,STM,21:02:00,21:04:00,11,0,0,
amtrak,amtrak:293448,293448,amtrak:NRO,NRO,21:22:00,21:24:00,12,0,0,
amtrak,amtrak:293448,293448,amtrak:NYP,NYP,21:52:00,22:05:00,13,0,0,
amtrak,amtrak:293448,293448,amtrak:NWK,NWK,22:21:00,22:22:00,14,0,0,
amtrak,amtrak:293448,293448,amtrak:MET,MET,22:36:00,22:38:00,15,0,0,
amtrak,amtrak:293448,293448,amtrak:PJC,PJC,23:00:00,23:01:00,16,0,0,
amtrak,amtrak:293448,293448,amtrak:TRE,TRE,23:08:00,23:09:00,17,0,0,
amtrak,amtrak:293448,293448,amtrak:PHL,PHL,23:45:00,23:45:00,18,0,0,
amtrak,amtrak:293450,293450,amtrak:BOS,BOS,17:30:00,17:30:00,1,0,0,
amtrak,amtrak:293450,293450,amtrak:BBY,BBY,17:34:00,17:35:00,2,0,0,
amtrak,amtrak:293450,293450,amtrak:RTE,RTE,17:44:00,17:46:00,3,0,0,
amtrak,amtrak:293450,293450,amtrak:PVD,PVD,18:08:00,18:10:00,4,0,0,
amtrak,amtrak:293450,293450,amtrak:KIN,KIN,18:32:00,18:34:00,5,0,0,
amtrak,amtrak:293450,293450,amtrak:WLY,WLY,18:47:00,18:48:00,6,0,0,
amtrak,amtrak:293450,293450,amtrak:NLC,NLC,19:09:00,19:11:00,7,0,0,
amtrak,amtrak:293450,293450,amtrak:OSB,OSB,19:30:00,19:32:00,8,0,0,
amtrak,amtrak:293450,293450,amtrak:NHV,NHV,20:05:00,20:13:00,9,0,0,
amtrak,amtrak:293450,293450,amtrak:BRP,BRP,20:33:00,20:35:00,10,0,0,
amtrak,amtrak:293450,293450,amtrak:STM,STM,21:02:00,21:04:00,11,0,0,
amtrak,amtrak:293450,293450,amtrak:NRO,NRO,21:22:00,21:24:00,12,0,0,
amtrak,amtrak:293450,293450,amtrak:NYP,NYP,21:52:00,22:05:00,13,0,0,
amtrak,amtrak:293450,293450,amtrak:NWK,NWK,22:21:00,22:22:00,14,0,0,
amtrak,amtrak:293450,293450,amtrak:MET,MET,22:36:00,22:38:00,15,0,0,
amtrak,amtrak:293450,293450,amtrak:PJC,PJC,23:00:00,23:01:00,16,0,0,
amtrak,amtrak:293450,293450,amtrak:TRE,TRE,23:08:00,23:09:00,17,0,0,
amtrak,amtrak:293450,293450,amtrak:PHL,PHL,23:45:00,23:45:00,18,0,0,
amtrak,amtrak:293452,293452,amtrak:BOS,BOS,17:30:00,17:30:00,1,0,0,
amtrak,amtrak:293452,293452,amtrak:BBY,BBY,17:34:00,17:35:00,2,0,0,
amtrak,amtrak:293452,293452,amtrak:RTE,RTE,17:44:00,17:46:00,3,0,0,
amtrak,amtrak:293452,293452,amtrak:PVD,PVD,18:08:00,18:10:00,4,0,0,
amtrak,amtrak:293452,293452,amtrak:KIN,KIN,18:32:00,18:34:00,5,0,0,
amtrak,amtrak:293452,293452,amtrak:WLY,WLY,18:47:00,18:48:00,6,0,0,
amtrak,amtrak:293452,293452,amtrak:NLC,NLC,19:09:00,19:11:00,7,0,0,
amtrak,amtrak:293452,293452,amtrak:OSB,OSB,19:30:00,19:32:00,8,0,0,
amtrak,amtrak:293452,293452,amtrak:NHV,NHV,20:05:00,20:13:00,9,0,0,
amtrak,amtrak:293452,293452,amtrak:BRP,BRP,20:33:00,20:35:00,10,0,0,
amtrak,amtrak:293452,293452,amtrak:STM,STM,21:02:00,21:04:00,11,0,0,
amtrak,amtrak:293452,293452,amtrak:NRO,NRO,21:22:00,21:24:00,12,0,0,
amtrak,amtrak:293452,293452,amtrak:NYP,NYP,21:52:00,22:05:00,13,0,0,
amtrak,amtrak:293452,293452,amtrak:NWK,NWK,22:21:00,22:22:00,14,0,0,
amtrak,amtrak:293452,293452,amtrak:MET,MET,22:36:00,22:38:00,15,0,0,
amtrak,amtrak:293452,293452,amtrak:PJC,PJC,23:00:00,23:01:00,16,0,0,
amtrak,amtrak:293452,293452,amtrak:TRE,TRE,23:08:00,23:09:00,17,0,0,
amtrak,amtrak:293452,293452,amtrak:PHL,PHL,23:45:00,23:45:00,18,0,0,
amtrak,amtrak:293453,293453,amtrak:BOS,BOS,17:30:00,17:30:00,1,0,0,
amtrak,amtrak:293453,293453,amtrak:BBY,BBY,17:34:00,17:35:00,2,0,0,
amtrak,amtrak:293453,293453,amtrak:RTE,RTE,17:44:00,17:46:00,3,0,0,
amtrak,amtrak:293453,293453,amtrak:PVD,PVD,18:08:00,18:10:00,4,0,0,
amtrak,amtrak:293453,293453,amtrak:KIN,KIN,18:32:00,18:34:00,5,0,0,
amtrak,amtrak:293453,293453,amtrak:WLY,WLY,18:47:00,18:48:00,6,0,0,
amtrak,amtrak:293453,293453,amtrak:NLC,NLC,19:09:00,19:11:00,7,0,0,
amtrak,amtrak:293453,293453,amtrak:OSB,OSB,19:30:00,19:32:00,8,0,0,
amtrak,amtrak:293453,293453,amtrak:NHV,NHV,20:05:00,20:13:00,9,0,0,
amtrak,amtrak:293453,293453,amtrak:BRP,BRP,20:33:00,20:35:00,10,0,0,
amtrak,amtrak:293453,293453,amtrak:STM,STM,21:02:00,21:04:00,11,0,0,
amtrak,amtrak:293453,293453,amtrak:NRO,NRO,21:22:00,21:24:00,12,0,0,
amtrak,amtrak:293453,293453,amtrak:NYP,NYP,21:52:00,22:05:00,13,0,0,
amtrak,amtrak:293453,293453,amtrak:NWK,NWK,22:21:00,22:22:00,14,0,0,
amtrak,amtrak:293453,293453,amtrak:MET,MET,22:36:00,22:38:00,15,0,0,
amtrak,amtrak:293453,293453,amtrak:PJC,PJC,23:00:00,23:01:00,16,0,0,
amtrak,amtrak:293453,293453,amtrak:TRE,TRE,23:08:00,23:09:00,17,0,0,
amtrak,amtrak:293453,293453,amtrak:PHL,PHL,23:45:00,23:45:00,18,0,0,
amtrak,amtrak:293456,293456,amtrak:BOS,BOS,19:47:00,19:47:00,1,0,0,
amtrak,amtrak:293456,293456,amtrak:BBY,BBY,19:52:00,19:52:00,2,0,0,
amtrak,amtrak:293456,293456,amtrak:RTE,RTE,20:02:00,20:03:00,3,0,0,
amtrak,amtrak:293456,293456,amtrak:PVD,PVD,20:26:00,20:28:00,4,0,0,
amtrak,amtrak:293456,293456,amtrak:KIN,KIN,20:49:00,20:50:00,5,0,0,
amtrak,amtrak:293456,293456,amtrak:NLC,NLC,21:21:00,21:22:00,6,0,0,
amtrak,amtrak:293456,293456,amtrak:NHV,NHV,22:09:00,22:12:00,7,0,0,
amtrak,amtrak:293456,293456,amtrak:BRP,BRP,22:33:00,22:33:00,8,0,0,
amtrak,amtrak:293456,293456,amtrak:STM,STM,22:59:00,23:00:00,9,0,0,
amtrak,amtrak:293456,293456,amtrak:NRO,NRO,23:17:00,23:17:00,10,0,0,
amtrak,amtrak:293456,293456,amtrak:NYP,NYP,23:49:00,24:11:00,11,0,0,
amtrak,amtrak:293456,293456,amtrak:NWK,NWK,24:27:00,24:28:00,12,0,0,
amtrak,amtrak:293456,293456,amtrak:MET,MET,24:42:00,24:44:00,13,0,0,
amtrak,amtrak:293456,293456,amtrak:TRE,TRE,25:08:00,25:09:00,14,0,0,
amtrak,amtrak:293456,293456,amtrak:PHL,PHL,25:39:00,25:39:00,15,0,0,
amtrak,amtrak:293458,293458,amtrak:BOS,BOS,19:47:00,19:47:00,1,0,0,
amtrak,amtrak:293458,293458,amtrak:BBY,BBY,19:52:00,19:52:00,2,0,0,
amtrak,amtrak:293458,293458,amtrak:RTE,RTE,20:02:00,20:03:00,3,0,0,
amtrak,amtrak:293458,293458,amtrak:PVD,PVD,20:26:00,20:28:00,4,0,0,
amtrak,amtrak:293458,293458,amtrak:KIN,KIN,20:49:00,20:50:00,5,0,0,
amtrak,amtrak:293458,293458,amtrak:NLC,NLC,21:21:00,21:22:00,6,0,0,
amtrak,amtrak:293458,293458,amtrak:NHV,NHV,22:09:00,22:12:00,7,0,0,
amtrak,amtrak:293458,293458,amtrak:BRP,BRP,22:33:00,22:33:00,8,0,0,
amtrak,amtrak:293458,293458,amtrak:STM,STM,22:59:00,23:00:00,9,0,0,
amtrak,amtrak:293458,293458,amtrak:NRO,NRO,23:17:00,23:17:00,10,0,0,
amtrak,amtrak:293458,293458,amtrak:NYP,NYP,23:49:00,24:11:00,11,0,0,
amtrak,amtrak:293458,293458,amtrak:NWK,NWK,24:27:00,24:28:00,12,0,0,
amtrak,amtrak:293458,293458,amtrak:MET,MET,24:42:00,24:44:00,13,0,0,
amtrak,amtrak:293458,293458,amtrak:TRE,TRE,25:08:00,25:09:00,14,0,0,
amtrak,amtrak:293458,293458,amtrak:PHL,PHL,25:39:00,25:39:00,15,0,0,
amtrak,amtrak:293460,293460,amtrak:BOS,BOS,19:47:00,19:47:00,1,0,0,
amtrak,amtrak:293460,293460,amtrak:BBY,BBY,19:52:00,19:52:00,2,0,0,
amtrak,amtrak:293460,293460,amtrak:RTE,RTE,20:02:00,20:03:00,3,0,0,
amtrak,amtrak:293460,293460,amtrak:PVD,PVD,20:26:00,20:28:00,4,0,0,
amtrak,amtrak:293460,293460,amtrak:KIN,KIN,20:49:00,20:50:00,5,0,0,
amtrak,amtrak:293460,293460,amtrak:NLC,NLC,21:21:00,21:22:00,6,0,0,
amtrak,amtrak:293460,293460,amtrak:NHV,NHV,22:09:00,22:12:00,7,0,0,
amtrak,amtrak:293460,293460,amtrak:BRP,BRP,22:33:00,22:33:00,8,0,0,
amtrak,amtrak:293460,293460,amtrak:STM,STM,22:59:00,23:00:00,9,0,0,
amtrak,amtrak:293460,293460,amtrak:NRO,NRO,23:17:00,23:17:00,10,0,0,
amtrak,amtrak:293460,293460,amtrak:NYP,NYP,23:49:00,24:11:00,11,0,0,
amtrak,amtrak:293460,293460,amtrak:NWK,NWK,24:27:00,24:28:00,12,0,0,
amtrak,amtrak:293460,293460,amtrak:MET,MET,24:42:00,24:44:00,13,0,0,
amtrak,amtrak:293460,293460,amtrak:TRE,TRE,25:08:00,25:09:00,14,0,0,
amtrak,amtrak:293460,293460,amtrak:PHL,PHL,25:39:00,25:39:00,15,0,0,
amtrak,amtrak:293462,293462,amtrak:BOS,BOS,19:47:00,19:47:00,1,0,0,
amtrak,amtrak:293462,293462,amtrak:BBY,BBY,19:52:00,19:52:00,2,0,0,
amtrak,amtrak:293462,293462,amtrak:RTE,RTE,20:02:00,20:03:00,3,0,0,
amtrak,amtrak:293462,293462,amtrak:PVD,PVD,20:26:00,20:28:00,4,0,0,
amtrak,amtrak:293462,293462,amtrak:KIN,KIN,20:49:00,20:50:00,5,0,0,
amtrak,amtrak:293462,293462,amtrak:NLC,NLC,21:21:00,21:22:00,6,0,0,
amtrak,amtrak:293462,293462,amtrak:NHV,NHV,22:09:00,22:12:00,7,0,0,
amtrak,amtrak:293462,293462,amtrak:BRP,BRP,22:33:00,22:33:00,8,0,0,
amtrak,amtrak:293462,293462,amtrak:STM,STM,22:59:00,23:00:00,9,0,0,
amtrak,amtrak:293462,293462,amtrak:NRO,NRO,23:17:00,23:17:00,10,0,0,
amtrak,amtrak:293462,293462,amtrak:NYP,NYP,23:49:00,24:11:00,11,0,0,
amtrak,amtrak:293462,293462,amtrak:NWK,NWK,24:27:00,24:28:00,12,0,0,
amtrak,amtrak:293462,293462,amtrak:MET,MET,24:42:00,24:44:00,13,0,0,
amtrak,amtrak:293462,293462,amtrak:TRE,TRE,25:08:00,25:09:00,14,0,0,
amtrak,amtrak:293462,293462,amtrak:PHL,PHL,25:39:00,25:39:00,15,0,0,
amtrak,amtrak:293463,293463,amtrak:BOS,BOS,19:47:00,19:47:00,1,0,0,
amtrak,amtrak:293463,293463,amtrak:BBY,BBY,19:52:00,19:52:00,2,0,0,
amtrak,amtrak:293463,293463,amtrak:RTE,RTE,20:02:00,20:03:00,3,0,0,
amtrak,amtrak:293463,293463,amtrak:PVD,PVD,20:26:00,20:28:00,4,0,0,
amtrak,amtrak:293463,293463,amtrak:KIN,KIN,20:49:00,20:50:00,5,0,0,
amtrak,amtrak:293463,293463,amtrak:NLC,NLC,21:21:00,21:22:00,6,0,0,
amtrak,amtrak:293463,293463,amtrak:NHV,NHV,22:09:00,22:12:00,7,0,0,
amtrak,amtrak:293463,293463,amtrak:BRP,BRP,22:33:00,22:33:00,8,0,0,
amtrak,amtrak:293463,293463,amtrak:STM,STM,22:59:00,23:00:00,9,0,0,
amtrak,amtrak:293463,293463,amtrak:NRO,NRO,23:17:00,23:17:00,10,0,0,
amtrak,amtrak:293463,293463,amtrak:NYP,NYP,23:49:00,24:11:00,11,0,0,
amtrak,amtrak:293463,293463,amtrak:NWK,NWK,24:27:00,24:28:00,12,0,0,
amtrak,amtrak:293463,293463,amtrak:MET,MET,24:42:00,24:44:00,13,0,0,
amtrak,amtrak:293463,293463,amtrak:TRE,TRE,25:08:00,25:09:00,14,0,0,
amtrak,amtrak:293463,293463,amtrak:PHL,PHL,25:39:00,25:39:00,15,0,0,
amtrak,amtrak:293525,293525,amtrak:BOS,BOS,8:12:00,8:12:00,1,0,0,
amtrak,amtrak:293525,293525,amtrak:BBY,BBY,8:16:00,8:18:00,2,0,0,
amtrak,amtrak:293525,293525,amtrak:RTE,RTE,8:27:00,8:28:00,3,0,0,
amtrak,amtrak:293525,293525,amtrak:PVD,PVD,8:51:00,8:52:00,4,0,0,
amtrak,amtrak:293525,293525,amtrak:KIN,KIN,9:13:00,9:14:00,5,0,0,
amtrak,amtrak:293525,293525,amtrak:NLC,NLC,9:45:00,9:47:00,6,0,0,
amtrak,amtrak:293525,293525,amtrak:NHV,NHV,10:36:00,10:38:00,7,0,0,
amtrak,amtrak:293525,293525,amtrak:BRP,BRP,10:59:00,11:00:00,8,0,0,
amtrak,amtrak:293525,293525,amtrak:STM,STM,11:26:00,11:27:00,9,0,0,
amtrak,amtrak:293525,293525,amtrak:NYP,NYP,12:24:00,12:40:00,10,0,0,
amtrak,amtrak:293525,293525,amtrak:NWK,NWK,12:56:00,12:57:00,11,0,0,
amtrak,amtrak:293525,293525,amtrak:EWR,EWR,13:01:00,13:02:00,12,0,0,
amtrak,amtrak:293525,293525,amtrak:MET,MET,13:15:00,13:17:00,13,0,0,
amtrak,amtrak:293525,293525,amtrak:TRE,TRE,13:44:00,13:46:00,14,0,0,
amtrak,amtrak:293525,293525,amtrak:PHL,PHL,14:15:00,14:18:00,15,0,0,
amtrak,amtrak:293525,293525,amtrak:WIL,WIL,14:37:00,14:39:00,16,0,0,
amtrak,amtrak:293525,293525,amtrak:BAL,BAL,15:33:00,15:36:00,17,0,0,
amtrak,amtrak:293525,293525,amtrak:BWI,BWI,15:49:00,15:51:00,18,0,0,
amtrak,amtrak:293525,293525,amtrak:NCR,NCR,16:09:00,16:10:00,19,0,0,
amtrak,amtrak:293525,293525,amtrak:WAS,WAS,16:28:00,17:00:00,20,0,0,
amtrak,amtrak:293525,293525,amtrak:ALX,ALX,17:20:00,17:22:00,21,0,0,
amtrak,amtrak:293525,293525,amtrak:BCV,BCV,17:40:00,17:41:00,22,0,0,
amtrak,amtrak:293525,293525,amtrak:MSS,MSS,17:58:00,18:00:00,23,0,0,
amtrak,amtrak:293525,293525,amtrak:CLP,CLP,18:37:00,18:38:00,24,0,0,
amtrak,amtrak:293525,293525,amtrak:CVS,CVS,19:34:00,19:44:00,25,0,0,
amtrak,amtrak:293525,293525,amtrak:LYH,LYH,20:54:00,20:57:00,26,0,0,
amtrak,amtrak:293525,293525,amtrak:RNK,RNK,22:13:00,22:13:00,27,0,0,
amtrak,amtrak:293527,293527,amtrak:BOS,BOS,8:12:00,8:12:00,1,0,0,
amtrak,amtrak:293527,293527,amtrak:BBY,BBY,8:16:00,8:18:00,2,0,0,
amtrak,amtrak:293527,293527,amtrak:RTE,RTE,8:27:00,8:28:00,3,0,0,
amtrak,amtrak:293527,293527,amtrak:PVD,PVD,8:51:00,8:52:00,4,0,0,
amtrak,amtrak:293527,293527,amtrak:KIN,KIN,9:13:00,9:14:00,5,0,0,
amtrak,amtrak:293527,293527,amtrak:NLC,NLC,9:45:00,9:47:00,6,0,0,
amtrak,amtrak:293527,293527,amtrak:NHV,NHV,10:36:00,10:38:00,7,0,0,
amtrak,amtrak:293527,293527,amtrak:BRP,BRP,10:59:00,11:00:00,8,0,0,
amtrak,amtrak:293527,293527,amtrak:STM,STM,11:26:00,11:27:00,9,0,0,
amtrak,amtrak:293527,293527,amtrak:NYP,NYP,12:24:00,12:40:00,10,0,0,
amtrak,amtrak:293527,293527,amtrak:NWK,NWK,12:56:00,12:57:00,11,0,0,
amtrak,amtrak:293527,293527,amtrak:EWR,EWR,13:01:00,13:02:00,12,0,0,
amtrak,amtrak:293527,293527,amtrak:MET,MET,13:15:00,13:17:00,13,0,0,
amtrak,amtrak:293527,293527,amtrak:TRE,TRE,13:44:00,13:46:00,14,0,0,
amtrak,amtrak:293527,293527,amtrak:PHL,PHL,14:15:00,14:18:00,15,0,0,
amtrak,amtrak:293527,293527,amtrak:WIL,WIL,14:37:00,14:39:00,16,0,0,
amtrak,amtrak:293527,293527,amtrak:BAL,BAL,15:33:00,15:36:00,17,0,0,
amtrak,amtrak:293527,293527,amtrak:BWI,BWI,15:49:00,15:51:00,18,0,0,
amtrak,amtrak:293527,293527,amtrak:NCR,NCR,16:09:00,16:10:00,19,0,0,
amtrak,amtrak:293527,293527,amtrak:WAS,WAS,16:28:00,17:00:00,20,0,0,
amtrak,amtrak:293527,293527,amtrak:ALX,ALX,17:20:00,17:22:00,21,0,0,
amtrak,amtrak:293527,293527,amtrak:BCV,BCV,17:40:00,17:41:00,22,0,0,
amtrak,amtrak:293527,293527,amtrak:MSS,MSS,17:58:00,18:00:00,23,0,0,
amtrak,amtrak:293527,293527,amtrak:CLP,CLP,18:37:00,18:38:00,24,0,0,
amtrak,amtrak:293527,293527,amtrak:CVS,CVS,19:34:00,19:44:00,25,0,0,
amtrak,amtrak:293527,293527,amtrak:LYH,LYH,20:54:00,20:57:00,26,0,0,
amtrak,amtrak:293527,293527,amtrak:RNK,RNK,22:13:00,22:13:00,27,0,0,
amtrak,amtrak:293529,293529,amtrak:BOS,BOS,8:12:00,8:12:00,1,0,0,
amtrak,amtrak:293529,293529,amtrak:BBY,BBY,8:16:00,8:18:00,2,0,0,
amtrak,amtrak:293529,293529,amtrak:RTE,RTE,8:27:00,8:28:00,3,0,0,
amtrak,amtrak:293529,293529,amtrak:PVD,PVD,8:51:00,8:52:00,4,0,0,
amtrak,amtrak:293529,293529,amtrak:KIN,KIN,9:13:00,9:14:00,5,0,0,
amtrak,amtrak:293529,293529,amtrak:NLC,NLC,9:45:00,9:47:00,6,0,0,
amtrak,amtrak:293529,293529,amtrak:NHV,NHV,10:36:00,10:38:00,7,0,0,
amtrak,amtrak:293529,293529,amtrak:BRP,BRP,10:59:00,11:00:00,8,0,0,
amtrak,amtrak:293529,293529,amtrak:STM,STM,11:26:00,11:27:00,9,0,0,
amtrak,amtrak:293529,293529,amtrak:NYP,NYP,12:24:00,12:40:00,10,0,0,
amtrak,amtrak:293529,293529,amtrak:NWK,NWK,12:56:00,12:57:00,11,0,0,
amtrak,amtrak:293529,293529,amtrak:EWR,EWR,13:01:00,13:02:00,12,0,0,
amtrak,amtrak:293529,293529,amtrak:MET,MET,13:15:00,13:17:00,13,0,0,
amtrak,amtrak:293529,293529,amtrak:TRE,TRE,13:44:00,13:46:00,14,0,0,
amtrak,amtrak:293529,293529,amtrak:PHL,PHL,14:15:00,14:18:00,15,0,0,
amtrak,amtrak:293529,293529,amtrak:WIL,WIL,14:37:00,14:39:00,16,0,0,
amtrak,amtrak:293529,293529,amtrak:BAL,BAL,15:33:00,15:36:00,17,0,0,
amtrak,amtrak:293529,293529,amtrak:BWI,BWI,15:49:00,15:51:00,18,0,0,
amtrak,amtrak:293529,293529,amtrak:NCR,NCR,16:09:00,16:10:00,19,0,0,
amtrak,amtrak:293529,293529,amtrak:WAS,WAS,16:28:00,17:00:00,20,0,0,
amtrak,amtrak:293529,293529,amtrak:ALX,ALX,17:20:00,17:22:00,21,0,0,
amtrak,amtrak:293529,293529,amtrak:BCV,BCV,17:40:00,17:41:00,22,0,0,
amtrak,amtrak:293529,293529,amtrak:MSS,MSS,17:58:00,18:00:00,23,0,0,
amtrak,amtrak:293529,293529,amtrak:CLP,CLP,18:37:00,18:38:00,24,0,0,
amtrak,amtrak:293529,293529,amtrak:CVS,CVS,19:34:00,19:44:00,25,0,0,
amtrak,amtrak:293529,293529,amtrak:LYH,LYH,20:54:00,20:57:00,26,0,0,
amtrak,amtrak:293529,293529,amtrak:RNK,RNK,22:13:00,22:13:00,27,0,0,
amtrak,amtrak:293530,293530,amtrak:BOS,BOS,8:12:00,8:12:00,1,0,0,
amtrak,amtrak:293530,293530,amtrak:BBY,BBY,8:16:00,8:18:00,2,0,0,
amtrak,amtrak:293530,293530,amtrak:RTE,RTE,8:27:00,8:28:00,3,0,0,
amtrak,amtrak:293530,293530,amtrak:PVD,PVD,8:51:00,8:52:00,4,0,0,
amtrak,amtrak:293530,293530,amtrak:KIN,KIN,9:13:00,9:14:00,5,0,0,
amtrak,amtrak:293530,293530,amtrak:NLC,NLC,9:45:00,9:47:00,6,0,0,
amtrak,amtrak:293530,293530,amtrak:NHV,NHV,10:36:00,10:38:00,7,0,0,
amtrak,amtrak:293530,293530,amtrak:BRP,BRP,10:59:00,11:00:00,8,0,0,
amtrak,amtrak:293530,293530,amtrak:STM,STM,11:26:00,11:27:00,9,0,0,
amtrak,amtrak:293530,293530,amtrak:NYP,NYP,12:24:00,12:40:00,10,0,0,
amtrak,amtrak:293530,293530,amtrak:NWK,NWK,12:56:00,12:57:00,11,0,0,
amtrak,amtrak:293530,293530,amtrak:EWR,EWR,13:01:00,13:02:00,12,0,0,
amtrak,amtrak:293530,293530,amtrak:MET,MET,13:15:00,13:17:00,13,0,0,
amtrak,amtrak:293530,293530,amtrak:TRE,TRE,13:44:00,13:46:00,14,0,0,
amtrak,amtrak:293530,293530,amtrak:PHL,PHL,14:15:00,14:18:00,15,0,0,
amtrak,amtrak:293530,293530,amtrak:WIL,WIL,14:37:00,14:39:00,16,0,0,
amtrak,amtrak:293530,293530,amtrak:BAL,BAL,15:30:00,15:33:00,17,0,0,
amtrak,amtrak:293530,293530,amtrak:BWI,BWI,15:46:00,15:48:00,18,0,0,
amtrak,amtrak:293530,293530,amtrak:NCR,NCR,16:06:00,16:07:00,19,0,0,
amtrak,amtrak:293530,293530,amtrak:WAS,WAS,16:25:00,17:00:00,20,0,0,
amtrak,amtrak:293530,293530,amtrak:ALX,ALX,17:20:00,17:22:00,21,0,0,
amtrak,amtrak:293530,293530,amtrak:BCV,BCV,17:40:00,17:41:00,22,0,0,
amtrak,amtrak:293530,293530,amtrak:MSS,MSS,17:58:00,18:00:00,23,0,0,
amtrak,amtrak:293530,293530,amtrak:CLP,CLP,18:37:00,18:38:00,24,0,0,
amtrak,amtrak:293530,293530,amtrak:CVS,CVS,19:34:00,19:44:00,25,0,0,
amtrak,amtrak:293530,293530,amtrak:LYH,LYH,20:54:00,20:57:00,26,0,0,
amtrak,amtrak:293530,293530,amtrak:RNK,RNK,22:13:00,22:13:00,27,0,0,
amtrak,amtrak:293532,293532,amtrak:BOS,BOS,8:12:00,8:12:00,1,0,0,
amtrak,amtrak:293532,293532,amtrak:BBY,BBY,8:16:00,8:18:00,2,0,0,
amtrak,amtrak:293532,293532,amtrak:RTE,RTE,8:27:00,8:28:00,3,0,0,
amtrak,amtrak:293532,293532,amtrak:PVD,PVD,8:51:00,8:52:00,4,0,0,
amtrak,amtrak:293532,293532,amtrak:KIN,KIN,9:13:00,9:14:00,5,0,0,
amtrak,amtrak:293532,293532,amtrak:NLC,NLC,9:45:00,9:47:00,6,0,0,
amtrak,amtrak:293532,293532,amtrak:NHV,NHV,10:36:00,10:38:00,7,0,0,
amtrak,amtrak:293532,293532,amtrak:BRP,BRP,10:59:00,11:00:00,8,0,0,
amtrak,amtrak:293532,293532,amtrak:STM,STM,11:26:00,11:27:00,9,0,0,
amtrak,amtrak:293532,293532,amtrak:NYP,NYP,12:24:00,12:40:00,10,0,0,
amtrak,amtrak:293532,293532,amtrak:NWK,NWK,12:56:00,12:57:00,11,0,0,
amtrak,amtrak:293532,293532,amtrak:EWR,EWR,13:01:00,13:02:00,12,0,0,
amtrak,amtrak:293532,293532,amtrak:MET,MET,13:15:00,13:17:00,13,0,0,
amtrak,amtrak:293532,293532,amtrak:TRE,TRE,13:44:00,13:46:00,14,0,0,
amtrak,amtrak:293532,293532,amtrak:PHL,PHL,14:15:00,14:18:00,15,0,0,
amtrak,amtrak:293532,293532,amtrak:WIL,WIL,14:37:00,14:39:00,16,0,0,
amtrak,amtrak:293532,293532,amtrak:BAL,BAL,15:30:00,15:33:00,17,0,0,
amtrak,amtrak:293532,293532,amtrak:BWI,BWI,15:46:00,15:48:00,18,0,0,
amtrak,amtrak:293532,293532,amtrak:NCR,NCR,16:06:00,16:07:00,19,0,0,
amtrak,amtrak:293532,293532,amtrak:WAS,WAS,16:25:00,17:00:00,20,0,0,
amtrak,amtrak:293532,293532,amtrak:ALX,ALX,17:20:00,17:22:00,21,0,0,
amtrak,amtrak:293532,293532,amtrak:BCV,BCV,17:40:00,17:41:00,22,0,0,
amtrak,amtrak:293532,293532,amtrak:MSS,MSS,17:58:00,18:00:00,23,0,0,
amtrak,amtrak:293532,293532,amtrak:CLP,CLP,18:37:00,18:38:00,24,0,0,
amtrak,amtrak:293532,293532,amtrak:CVS,CVS,19:34:00,19:44:00,25,0,0,
amtrak,amtrak:293532,293532,amtrak:LYH,LYH,20:54:00,20:57:00,26,0,0,
amtrak,amtrak:293532,293532,amtrak:RNK,RNK,22:13:00,22:13:00,27,0,0,
amtrak,amtrak:293536,293536,amtrak:BOS,BOS,11:40:00,11:40:00,1,0,0,
amtrak,amtrak:293536,293536,amtrak:BBY,BBY,11:44:00,11:46:00,2,0,0,
amtrak,amtrak:293536,293536,amtrak:RTE,RTE,11:55:00,11:57:00,3,0,0,
amtrak,amtrak:293536,293536,amtrak:PVD,PVD,12:19:00,12:21:00,4,0,0,
amtrak,amtrak:293536,293536,amtrak:KIN,KIN,12:41:00,12:41:00,5,0,0,
amtrak,amtrak:293536,293536,amtrak:NLC,NLC,13:13:00,13:13:00,6,0,0,
amtrak,amtrak:293536,293536,amtrak:NHV,NHV,14:05:00,14:07:00,7,0,0,
amtrak,amtrak:293536,293536,amtrak:BRP,BRP,14:29:00,14:30:00,8,0,0,
amtrak,amtrak:293536,293536,amtrak:STM,STM,15:00:00,15:01:00,9,0,0,
amtrak,amtrak:293536,293536,amtrak:NRO,NRO,15:22:00,15:23:00,10,0,0,
amtrak,amtrak:293536,293536,amtrak:NYP,NYP,15:52:00,16:05:00,11,0,0,
amtrak,amtrak:293536,293536,amtrak:NWK,NWK,16:20:00,16:22:00,12,0,0,
amtrak,amtrak:293536,293536,amtrak:EWR,EWR,16:27:00,16:28:00,13,0,0,
amtrak,amtrak:293536,293536,amtrak:MET,MET,16:39:00,16:40:00,14,0,0,
amtrak,amtrak:293536,293536,amtrak:PHL,PHL,17:29:00,17:32:00,15,0,0,
amtrak,amtrak:293536,293536,amtrak:WIL,WIL,17:52:00,17:54:00,16,0,0,
amtrak,amtrak:293536,293536,amtrak:BAL,BAL,18:46:00,18:49:00,17,0,0,
amtrak,amtrak:293536,293536,amtrak:BWI,BWI,19:00:00,19:02:00,18,0,0,
amtrak,amtrak:293536,293536,amtrak:WAS,WAS,19:38:00,19:38:00,19,0,0,
amtrak,amtrak:293538,293538,amtrak:BOS,BOS,11:40:00,11:40:00,1,0,0,
amtrak,amtrak:293538,293538,amtrak:BBY,BBY,11:44:00,11:46:00,2,0,0,
amtrak,amtrak:293538,293538,amtrak:RTE,RTE,11:55:00,11:57:00,3,0,0,
amtrak,amtrak:293538,293538,amtrak:PVD,PVD,12:19:00,12:21:00,4,0,0,
amtrak,amtrak:293538,293538,amtrak:KIN,KIN,12:41:00,12:41:00,5,0,0,
amtrak,amtrak:293538,293538,amtrak:NLC,NLC,13:13:00,13:13:00,6,0,0,
amtrak,amtrak:293538,293538,amtrak:NHV,NHV,14:05:00,14:07:00,7,0,0,
amtrak,amtrak:293538,293538,amtrak:BRP,BRP,14:29:00,14:30:00,8,0,0,
amtrak,amtrak:293538,293538,amtrak:STM,STM,15:00:00,15:01:00,9,0,0,
amtrak,amtrak:293538,293538,amtrak:NRO,NRO,15:22:00,15:23:00,10,0,0,
amtrak,amtrak:293538,293538,amtrak:NYP,NYP,15:52:00,16:05:00,11,0,0,
amtrak,amtrak:293538,293538,amtrak:NWK,NWK,16:20:00,16:22:00,12,0,0,
amtrak,amtrak:293538,293538,amtrak:EWR,EWR,16:27:00,16:28:00,13,0,0,
amtrak,amtrak:293538,293538,amtrak:MET,MET,16:39:00,16:40:00,14,0,0,
amtrak,amtrak:293538,293538,amtrak:PHL,PHL,17:29:00,17:32:00,15,0,0,
amtrak,amtrak:293538,293538,amtrak:WIL,WIL,17:52:00,17:54:00,16,0,0,
amtrak,amtrak:293538,293538,amtrak:BAL,BAL,18:46:00,18:49:00,17,0,0,
amtrak,amtrak:293538,293538,amtrak:BWI,BWI,19:00:00,19:02:00,18,0,0,
amtrak,amtrak:293538,293538,amtrak:WAS,WAS,19:38:00,19:38:00,19,0,0,
amtrak,amtrak:293540,293540,amtrak:BOS,BOS,11:40:00,11:40:00,1,0,0,
amtrak,amtrak:293540,293540,amtrak:BBY,BBY,11:44:00,11:46:00,2,0,0,
amtrak,amtrak:293540,293540,amtrak:RTE,RTE,11:55:00,11:57:00,3,0,0,
amtrak,amtrak:293540,293540,amtrak:PVD,PVD,12:19:00,12:21:00,4,0,0,
amtrak,amtrak:293540,293540,amtrak:KIN,KIN,12:41:00,12:41:00,5,0,0,
amtrak,amtrak:293540,293540,amtrak:NLC,NLC,13:13:00,13:13:00,6,0,0,
amtrak,amtrak:293540,293540,amtrak:NHV,NHV,14:05:00,14:07:00,7,0,0,
amtrak,amtrak:293540,293540,amtrak:BRP,BRP,14:29:00,14:30:00,8,0,0,
amtrak,amtrak:293540,293540,amtrak:STM,STM,15:00:00,15:01:00,9,0,0,
amtrak,amtrak:293540,293540,amtrak:NRO,NRO,15:22:00,15:23:00,10,0,0,
amtrak,amtrak:293540,293540,amtrak:NYP,NYP,15:52:00,16:05:00,11,0,0,
amtrak,amtrak:293540,293540,amtrak:NWK,NWK,16:20:00,16:22:00,12,0,0,
amtrak,amtrak:293540,293540,amtrak:EWR,EWR,16:27:00,16:28:00,13,0,0,
amtrak,amtrak:293540,293540,amtrak:MET,MET,16:39:00,16:40:00,14,0,0,
amtrak,amtrak:293540,293540,amtrak:PHL,PHL,17:29:00,17:32:00,15,0,0,
amtrak,amtrak:293540,293540,amtrak:WIL,WIL,17:52:00,17:54:00,16,0,0,
amtrak,amtrak:293540,293540,amtrak:BAL,BAL,18:46:00,18:49:00,17,0,0,
amtrak,amtrak:293540,293540,amtrak:BWI,BWI,19:00:00,19:02:00,18,0,0,
amtrak,amtrak:293540,293540,amtrak:WAS,WAS,19:38:00,19:38:00,19,0,0,
amtrak,amtrak:293541,293541,amtrak:BOS,BOS,11:40:00,11:40:00,1,0,0,
amtrak,amtrak:293541,293541,amtrak:BBY,BBY,11:44:00,11:46:00,2,0,0,
amtrak,amtrak:293541,293541,amtrak:RTE,RTE,11:55:00,11:57:00,3,0,0,
amtrak,amtrak:293541,293541,amtrak:PVD,PVD,12:19:00,12:21:00,4,0,0,
amtrak,amtrak:293541,293541,amtrak:KIN,KIN,12:41:00,12:41:00,5,0,0,
amtrak,amtrak:293541,293541,amtrak:NLC,NLC,13:13:00,13:13:00,6,0,0,
amtrak,amtrak:293541,293541,amtrak:NHV,NHV,14:05:00,14:07:00,7,0,0,
amtrak,amtrak:293541,293541,amtrak:BRP,BRP,14:29:00,14:30:00,8,0,0,
amtrak,amtrak:293541,293541,amtrak:STM,STM,15:00:00,15:01:00,9,0,0,
amtrak,amtrak:293541,293541,amtrak:NRO,NRO,15:22:00,15:23:00,10,0,0,
amtrak,amtrak:293541,293541,amtrak:NYP,NYP,15:52:00,16:05:00,11,0,0,
amtrak,amtrak:293541,293541,amtrak:NWK,NWK,16:20:00,16:22:00,12,0,0,
amtrak,amtrak:293541,293541,amtrak:EWR,EWR,16:27:00,16:28:00,13,0,0,
amtrak,amtrak:293541,293541,amtrak:MET,MET,16:39:00,16:40:00,14,0,0,
amtrak,amtrak:293541,293541,amtrak:PHL,PHL,17:29:00,17:32:00,15,0,0,
amtrak,amtrak:293541,293541,amtrak:WIL,WIL,17:52:00,17:54:00,16,0,0,
amtrak,amtrak:293541,293541,amtrak:BAL,BAL,18:41:00,18:44:00,17,0,0,
amtrak,amtrak:293541,293541,amtrak:BWI,BWI,18:55:00,18:57:00,18,0,0,
amtrak,amtrak:293541,293541,amtrak:WAS,WAS,19:28:00,19:28:00,19,0,0,
amtrak,amtrak:293543,293543,amtrak:BOS,BOS,11:40:00,11:40:00,1,0,0,
amtrak,amtrak:293543,293543,amtrak:BBY,BBY,11:44:00,11:46:00,2,0,0,
amtrak,amtrak:293543,293543,amtrak:RTE,RTE,11:55:00,11:57:00,3,0,0,
amtrak,amtrak:293543,293543,amtrak:PVD,PVD,12:19:00,12:21:00,4,0,0,
amtrak,amtrak:293543,293543,amtrak:KIN,KIN,12:41:00,12:41:00,5,0,0,
amtrak,amtrak:293543,293543,amtrak:NLC,NLC,13:13:00,13:13:00,6,0,0,
amtrak,amtrak:293543,293543,amtrak:NHV,NHV,14:05:00,14:07:00,7,0,0,
amtrak,amtrak:293543,293543,amtrak:BRP,BRP,14:29:00,14:30:00,8,0,0,
amtrak,amtrak:293543,293543,amtrak:STM,STM,15:00:00,15:01:00,9,0,0,
amtrak,amtrak:293543,293543,amtrak:NRO,NRO,15:22:00,15:23:00,10,0,0,
amtrak,amtrak:293543,293543,amtrak:NYP,NYP,15:52:00,16:05:00,11,0,0,
amtrak,amtrak:293543,293543,amtrak:NWK,NWK,16:20:00,16:22:00,12,0,0,
amtrak,amtrak:293543,293543,amtrak:EWR,EWR,16:27:00,16:28:00,13,0,0,
amtrak,amtrak:293543,293543,amtrak:MET,MET,16:39:00,16:40:00,14,0,0,
amtrak,amtrak:293543,293543,amtrak:PHL,PHL,17:29:00,17:32:00,15,0,0,
amtrak,amtrak:293543,293543,amtrak:WIL,WIL,17:52:00,17:54:00,16,0,0,
amtrak,amtrak:293543,293543,amtrak:BAL,BAL,18:41:00,18:44:00,17,0,0,
amtrak,amtrak:293543,293543,amtrak:BWI,BWI,18:55:00,18:57:00,18,0,0,
amtrak,amtrak:293543,293543,amtrak:WAS,WAS,19:28:00,19:28:00,19,0,0,
amtrak,amtrak:293547,293547,amtrak:BOS,BOS,15:15:00,15:15:00,1,0,0,
amtrak,amtrak:293547,293547,amtrak:BBY,BBY,15:19:00,15:21:00,2,0,0,
amtrak,amtrak:293547,293547,amtrak:RTE,RTE,15:30:00,15:32:00,3,0,0,
amtrak,amtrak:293547,293547,amtrak:PVD,PVD,15:54:00,15:56:00,4,0,0,
amtrak,amtrak:293547,293547,amtrak:KIN,KIN,16:15:00,16:17:00,5,0,0,
amtrak,amtrak:293547,293547,amtrak:MYS,MYS,16:38:00,16:40:00,6,0,0,
amtrak,amtrak:293547,293547,amtrak:NLC,NLC,16:52:00,16:54:00,7,0,0,
amtrak,amtrak:293547,293547,amtrak:OSB,OSB,17:19:00,17:21:00,8,0,0,
amtrak,amtrak:293547,293547,amtrak:NHV,NHV,17:53:00,17:55:00,9,0,0,
amtrak,amtrak:293547,293547,amtrak:STM,STM,18:43:00,18:43:00,10,0,0,
amtrak,amtrak:293547,293547,amtrak:NYP,NYP,19:38:00,19:52:00,11,0,0,
amtrak,amtrak:293547,293547,amtrak:NWK,NWK,20:08:00,20:09:00,12,0,0,
amtrak,amtrak:293547,293547,amtrak:MET,MET,20:22:00,20:24:00,13,0,0,
amtrak,amtrak:293547,293547,amtrak:TRE,TRE,20:47:00,20:49:00,14,0,0,
amtrak,amtrak:293547,293547,amtrak:PHL,PHL,21:19:00,21:23:00,15,0,0,
amtrak,amtrak:293547,293547,amtrak:WIL,WIL,21:42:00,21:44:00,16,0,0,
amtrak,amtrak:293547,293547,amtrak:BAL,BAL,22:35:00,22:37:00,17,0,0,
amtrak,amtrak:293547,293547,amtrak:BWI,BWI,22:49:00,22:51:00,18,0,0,
amtrak,amtrak:293547,293547,amtrak:WAS,WAS,23:19:00,23:19:00,19,0,0,
amtrak,amtrak:293549,293549,amtrak:BOS,BOS,15:15:00,15:15:00,1,0,0,
amtrak,amtrak:293549,293549,amtrak:BBY,BBY,15:19:00,15:21:00,2,0,0,
amtrak,amtrak:293549,293549,amtrak:RTE,RTE,15:30:00,15:32:00,3,0,0,
amtrak,amtrak:293549,293549,amtrak:PVD,PVD,15:54:00,15:56:00,4,0,0,
amtrak,amtrak:293549,293549,amtrak:KIN,KIN,16:15:00,16:17:00,5,0,0,
amtrak,amtrak:293549,293549,amtrak:MYS,MYS,16:38:00,16:40:00,6,0,0,
amtrak,amtrak:293549,293549,amtrak:NLC,NLC,16:52:00,16:54:00,7,0,0,
amtrak,amtrak:293549,293549,amtrak:OSB,OSB,17:19:00,17:21:00,8,0,0,
amtrak,amtrak:293549,293549,amtrak:NHV,NHV,17:53:00,17:55:00,9,0,0,
amtrak,amtrak:293549,293549,amtrak:STM,STM,18:43:00,18:43:00,10,0,0,
amtrak,amtrak:293549,293549,amtrak:NYP,NYP,19:38:00,19:52:00,11,0,0,
amtrak,amtrak:293549,293549,amtrak:NWK,NWK,20:08:00,20:09:00,12,0,0,
amtrak,amtrak:293549,293549,amtrak:MET,MET,20:22:00,20:24:00,13,0,0,
amtrak,amtrak:293549,293549,amtrak:TRE,TRE,20:47:00,20:49:00,14,0,0,
amtrak,amtrak:293549,293549,amtrak:PHL,PHL,21:19:00,21:23:00,15,0,0,
amtrak,amtrak:293549,293549,amtrak:WIL,WIL,21:42:00,21:44:00,16,0,0,
amtrak,amtrak:293549,293549,amtrak:BAL,BAL,22:35:00,22:37:00,17,0,0,
amtrak,amtrak:293549,293549,amtrak:BWI,BWI,22:49:00,22:51:00,18,0,0,
amtrak,amtrak:293549,293549,amtrak:WAS,WAS,23:19:00,23:19:00,19,0,0,
amtrak,amtrak:293551,293551,amtrak:BOS,BOS,15:15:00,15:15:00,1,0,0,
amtrak,amtrak:293551,293551,amtrak:BBY,BBY,15:19:00,15:21:00,2,0,0,
amtrak,amtrak:293551,293551,amtrak:RTE,RTE,15:30:00,15:32:00,3,0,0,
amtrak,amtrak:293551,293551,amtrak:PVD,PVD,15:54:00,15:56:00,4,0,0,
amtrak,amtrak:293551,293551,amtrak:KIN,KIN,16:15:00,16:17:00,5,0,0,
amtrak,amtrak:293551,293551,amtrak:MYS,MYS,16:38:00,16:40:00,6,0,0,
amtrak,amtrak:293551,293551,amtrak:NLC,NLC,16:52:00,16:54:00,7,0,0,
amtrak,amtrak:293551,293551,amtrak:OSB,OSB,17:19:00,17:21:00,8,0,0,
amtrak,amtrak:293551,293551,amtrak:NHV,NHV,17:53:00,17:55:00,9,0,0,
amtrak,amtrak:293551,293551,amtrak:STM,STM,18:43:00,18:43:00,10,0,0,
amtrak,amtrak:293551,293551,amtrak:NYP,NYP,19:38:00,19:52:00,11,0,0,
amtrak,amtrak:293551,293551,amtrak:NWK,NWK,20:08:00,20:09:00,12,0,0,
amtrak,amtrak:293551,293551,amtrak:MET,MET,20:22:00,20:24:00,13,0,0,
amtrak,amtrak:293551,293551,amtrak:TRE,TRE,20:47:00,20:49:00,14,0,0,
amtrak,amtrak:293551,293551,amtrak:PHL,PHL,21:19:00,21:23:00,15,0,0,
amtrak,amtrak:293551,293551,amtrak:WIL,WIL,21:42:00,21:44:00,16,0,0,
amtrak,amtrak:293551,293551,amtrak:BAL,BAL,22:35:00,22:37:00,17,0,0,
amtrak,amtrak:293551,293551,amtrak:BWI,BWI,22:49:00,22:51:00,18,0,0,
amtrak,amtrak:293551,293551,amtrak:WAS,WAS,23:19:00,23:19:00,19,0,0,
amtrak,amtrak:293552,293552,amtrak:BOS,BOS,15:15:00,15:15:00,1,0,0,
amtrak,amtrak:293552,293552,amtrak:BBY,BBY,15:19:00,15:21:00,2,0,0,
amtrak,amtrak:293552,293552,amtrak:RTE,RTE,15:30:00,15:32:00,3,0,0,
amtrak,amtrak:293552,293552,amtrak:PVD,PVD,15:54:00,15:56:00,4,0,0,
amtrak,amtrak:293552,293552,amtrak:KIN,KIN,16:15:00,16:17:00,5,0,0,
amtrak,amtrak:293552,293552,amtrak:MYS,MYS,16:38:00,16:40:00,6,0,0,
amtrak,amtrak:293552,293552,amtrak:NLC,NLC,16:52:00,16:54:00,7,0,0,
amtrak,amtrak:293552,293552,amtrak:OSB,OSB,17:19:00,17:21:00,8,0,0,
amtrak,amtrak:293552,293552,amtrak:NHV,NHV,17:53:00,17:55:00,9,0,0,
amtrak,amtrak:293552,293552,amtrak:STM,STM,18:43:00,18:43:00,10,0,0,
amtrak,amtrak:293552,293552,amtrak:NYP,NYP,19:38:00,19:52:00,11,0,0,
amtrak,amtrak:293552,293552,amtrak:NWK,NWK,20:08:00,20:09:00,12,0,0,
amtrak,amtrak:293552,293552,amtrak:MET,MET,20:22:00,20:24:00,13,0,0,
amtrak,amtrak:293552,293552,amtrak:TRE,TRE,20:47:00,20:49:00,14,0,0,
amtrak,amtrak:293552,293552,amtrak:PHL,PHL,21:19:00,21:23:00,15,0,0,
amtrak,amtrak:293552,293552,amtrak:WIL,WIL,21:42:00,21:44:00,16,0,0,
amtrak,amtrak:293552,293552,amtrak:BAL,BAL,22:35:00,22:38:00,17,0,0,
amtrak,amtrak:293552,293552,amtrak:BWI,BWI,22:49:00,22:52:00,18,0,0,
amtrak,amtrak:293552,293552,amtrak:WAS,WAS,23:19:00,23:19:00,19,0,0,
amtrak,amtrak:293554,293554,amtrak:BOS,BOS,15:15:00,15:15:00,1,0,0,
amtrak,amtrak:293554,293554,amtrak:BBY,BBY,15:19:00,15:21:00,2,0,0,
amtrak,amtrak:293554,293554,amtrak:RTE,RTE,15:30:00,15:32:00,3,0,0,
amtrak,amtrak:293554,293554,amtrak:PVD,PVD,15:54:00,15:56:00,4,0,0,
amtrak,amtrak:293554,293554,amtrak:KIN,KIN,16:15:00,16:17:00,5,0,0,
amtrak,amtrak:293554,293554,amtrak:MYS,MYS,16:38:00,16:40:00,6,0,0,
amtrak,amtrak:293554,293554,amtrak:NLC,NLC,16:52:00,16:54:00,7,0,0,
amtrak,amtrak:293554,293554,amtrak:OSB,OSB,17:19:00,17:21:00,8,0,0,
amtrak,amtrak:293554,293554,amtrak:NHV,NHV,17:53:00,17:55:00,9,0,0,
amtrak,amtrak:293554,293554,amtrak:STM,STM,18:43:00,18:43:00,10,0,0,
amtrak,amtrak:293554,293554,amtrak:NYP,NYP,19:38:00,19:52:00,11,0,0,
amtrak,amtrak:293554,293554,amtrak:NWK,NWK,20:08:00,20:09:00,12,0,0,
amtrak,amtrak:293554,293554,amtrak:MET,MET,20:22:00,20:24:00,13,0,0,
amtrak,amtrak:293554,293554,amtrak:TRE,TRE,20:47:00,20:49:00,14,0,0,
amtrak,amtrak:293554,293554,amtrak:PHL,PHL,21:19:00,21:23:00,15,0,0,
amtrak,amtrak:293554,293554,amtrak:WIL,WIL,21:42:00,21:44:00,16,0,0,
amtrak,amtrak:293554,293554,amtrak:BAL,BAL,22:35:00,22:38:00,17,0,0,
amtrak,amtrak:293554,293554,amtrak:BWI,BWI,22:49:00,22:52:00,18,0,0,
amtrak,amtrak:293554,293554,amtrak:WAS,WAS,23:19:00,23:19:00,19,0,0,
amtrak,amtrak:293570,293570,amtrak:SPG,SPG,7:28:00,7:28:00,1,0,0,
amtrak,amtrak:293570,293570,amtrak:WNL,WNL,7:49:00,7:49:00,2,0,0,
amtrak,amtrak:293570,293570,amtrak:WND,WND,7:55:00,7:55:00,3,0,0,
amtrak,amtrak:293570,293570,amtrak:HFD,HFD,8:03:00,8:06:00,4,0,0,
amtrak,amtrak:293570,293570,amtrak:BER,BER,8:17:00,8:17:00,5,0,0,
amtrak,amtrak:293570,293570,amtrak:MDN,MDN,8:29:00,8:29:00,6,0,0,
amtrak,amtrak:293570,293570,amtrak:WFD,WFD,8:42:00,8:42:00,7,0,0,
amtrak,amtrak:293570,293570,amtrak:STS,STS,9:03:00,9:03:00,8,0,0,
amtrak,amtrak:293570,293570,amtrak:NHV,NHV,9:05:00,9:35:00,9,0,0,
amtrak,amtrak:293570,293570,amtrak:BRP,BRP,9:56:00,9:57:00,10,0,0,
amtrak,amtrak:293570,293570,amtrak:STM,STM,10:24:00,10:25:00,11,0,0,
amtrak,amtrak:293570,293570,amtrak:NRO,NRO,10:45:00,10:46:00,12,0,0,
amtrak,amtrak:293570,293570,amtrak:NYP,NYP,11:21:00,11:35:00,13,0,0,
amtrak,amtrak:293570,293570,amtrak:NWK,NWK,11:51:00,11:52:00,14,0,0,
amtrak,amtrak:293570,293570,amtrak:MET,MET,12:04:00,12:06:00,15,0,0,
amtrak,amtrak:293570,293570,amtrak:TRE,TRE,12:28:00,12:30:00,16,0,0,
amtrak,amtrak:293570,293570,amtrak:PHL,PHL,13:00:00,13:07:00,17,0,0,
amtrak,amtrak:293570,293570,amtrak:WIL,WIL,13:31:00,13:33:00,18,0,0,
amtrak,amtrak:293570,293570,amtrak:NRK,NRK,13:43:00,13:44:00,19,0,0,
amtrak,amtrak:293570,293570,amtrak:ABE,ABE,14:09:00,14:10:00,20,0,0,
amtrak,amtrak:293570,293570,amtrak:BAL,BAL,14:31:00,14:34:00,21,0,0,
amtrak,amtrak:293570,293570,amtrak:BWI,BWI,14:45:00,14:47:00,22,0,0,
amtrak,amtrak:293570,293570,amtrak:NCR,NCR,15:00:00,15:01:00,23,0,0,
amtrak,amtrak:293570,293570,amtrak:WAS,WAS,15:17:00,15:50:00,24,0,0,
amtrak,amtrak:293570,293570,amtrak:ALX,ALX,16:07:00,16:09:00,25,0,0,
amtrak,amtrak:293570,293570,amtrak:WDB,WDB,16:26:00,16:27:00,26,0,0,
amtrak,amtrak:293570,293570,amtrak:QAN,QAN,16:39:00,16:40:00,27,0,0,
amtrak,amtrak:293570,293570,amtrak:FBG,FBG,17:05:00,17:07:00,28,0,0,
amtrak,amtrak:293570,293570,amtrak:ASD,ASD,17:48:00,17:49:00,29,0,0,
amtrak,amtrak:293570,293570,amtrak:RVR,RVR,18:16:00,18:23:00,30,0,0,
amtrak,amtrak:293570,293570,amtrak:RVM,RVM,18:49:00,18:52:00,31,0,0,
amtrak,amtrak:293570,293570,amtrak:WBG,WBG,19:42:00,19:44:00,32,0,0,
amtrak,amtrak:293570,293570,amtrak:NPN,NPN,20:09:00,20:09:00,33,0,0,
amtrak,amtrak:293573,293573,amtrak:SPG,SPG,7:30:00,7:30:00,1,0,0,
amtrak,amtrak:293573,293573,amtrak:WNL,WNL,7:52:00,7:52:00,2,0,0,
amtrak,amtrak:293573,293573,amtrak:WND,WND,7:58:00,7:58:00,3,0,0,
amtrak,amtrak:293573,293573,amtrak:HFD,HFD,8:09:00,8:12:00,4,0,0,
amtrak,amtrak:293573,293573,amtrak:BER,BER,8:23:00,8:23:00,5,0,0,
amtrak,amtrak:293573,293573,amtrak:MDN,MDN,8:32:00,8:32:00,6,0,0,
amtrak,amtrak:293573,293573,amtrak:WFD,WFD,8:42:00,8:42:00,7,0,0,
amtrak,amtrak:293573,293573,amtrak:STS,STS,9:00:00,9:00:00,8,0,0,
amtrak,amtrak:293573,293573,amtrak:NHV,NHV,9:02:00,9:35:00,9,0,0,
amtrak,amtrak:293573,293573,amtrak:BRP,BRP,9:56:00,9:57:00,10,0,0,
amtrak,amtrak:293573,293573,amtrak:STM,STM,10:24:00,10:25:00,11,0,0,
amtrak,amtrak:293573,293573,amtrak:NRO,NRO,10:45:00,10:46:00,12,0,0,
amtrak,amtrak:293573,293573,amtrak:NYP,NYP,11:21:00,11:35:00,13,0,0,
amtrak,amtrak:293573,293573,amtrak:NWK,NWK,11:51:00,11:52:00,14,0,0,
amtrak,amtrak:293573,293573,amtrak:MET,MET,12:04:00,12:06:00,15,0,0,
amtrak,amtrak:293573,293573,amtrak:TRE,TRE,12:28:00,12:30:00,16,0,0,
amtrak,amtrak:293573,293573,amtrak:PHL,PHL,13:00:00,13:07:00,17,0,0,
amtrak,amtrak:293573,293573,amtrak:WIL,WIL,13:31:00,13:33:00,18,0,0,
amtrak,amtrak:293573,293573,amtrak:NRK,NRK,13:43:00,13:44:00,19,0,0,
amtrak,amtrak:293573,293573,amtrak:ABE,ABE,14:09:00,14:10:00,20,0,0,
amtrak,amtrak:293573,293573,amtrak:BAL,BAL,14:31:00,14:34:00,21,0,0,
amtrak,amtrak:293573,293573,amtrak:BWI,BWI,14:45:00,14:47:00,22,0,0,
amtrak,amtrak:293573,293573,amtrak:NCR,NCR,15:00:00,15:01:00,23,0,0,
amtrak,amtrak:293573,293573,amtrak:WAS,WAS,15:17:00,15:50:00,24,0,0,
amtrak,amtrak:293573,293573,amtrak:ALX,ALX,16:07:00,16:09:00,25,0,0,
amtrak,amtrak:293573,293573,amtrak:WDB,WDB,16:26:00,16:27:00,26,0,0,
amtrak,amtrak:293573,293573,amtrak:QAN,QAN,16:39:00,16:40:00,27,0,0,
amtrak,amtrak:293573,293573,amtrak:FBG,FBG,17:05:00,17:07:00,28,0,0,
amtrak,amtrak:293573,293573,amtrak:ASD,ASD,17:48:00,17:49:00,29,0,0,
amtrak,amtrak:293573,293573,amtrak:RVR,RVR,18:16:00,18:23:00,30,0,0,
amtrak,amtrak:293573,293573,amtrak:RVM,RVM,18:49:00,18:52:00,31,0,0,
amtrak,amtrak:293573,293573,amtrak:WBG,WBG,19:42:00,19:44:00,32,0,0,
amtrak,amtrak:293573,293573,amtrak:NPN,NPN,20:09:00,20:09:00,33,0,0,
amtrak,amtrak:293575,293575,amtrak:SPG,SPG,7:30:00,7:30:00,1,0,0,
amtrak,amtrak:293575,293575,amtrak:WNL,WNL,7:52:00,7:52:00,2,0,0,
amtrak,amtrak:293575,293575,amtrak:WND,WND,7:58:00,7:58:00,3,0,0,
amtrak,amtrak:293575,293575,amtrak:HFD,HFD,8:09:00,8:12:00,4,0,0,
amtrak,amtrak:293575,293575,amtrak:BER,BER,8:23:00,8:23:00,5,0,0,
amtrak,amtrak:293575,293575,amtrak:MDN,MDN,8:32:00,8:32:00,6,0,0,
amtrak,amtrak:293575,293575,amtrak:WFD,WFD,8:42:00,8:42:00,7,0,0,
amtrak,amtrak:293575,293575,amtrak:STS,STS,9:00:00,9:00:00,8,0,0,
amtrak,amtrak:293575,293575,amtrak:NHV,NHV,9:02:00,9:35:00,9,0,0,
amtrak,amtrak:293575,293575,amtrak:BRP,BRP,9:56:00,9:57:00,10,0,0,
amtrak,amtrak:293575,293575,amtrak:STM,STM,10:24:00,10:25:00,11,0,0,
amtrak,amtrak:293575,293575,amtrak:NRO,NRO,10:45:00,10:46:00,12,0,0,
amtrak,amtrak:293575,293575,amtrak:NYP,NYP,11:21:00,11:35:00,13,0,0,
amtrak,amtrak:293575,293575,amtrak:NWK,NWK,11:51:00,11:52:00,14,0,0,
amtrak,amtrak:293575,293575,amtrak:MET,MET,12:04:00,12:06:00,15,0,0,
amtrak,amtrak:293575,293575,amtrak:TRE,TRE,12:28:00,12:30:00,16,0,0,
amtrak,amtrak:293575,293575,amtrak:PHL,PHL,13:00:00,13:07:00,17,0,0,
amtrak,amtrak:293575,293575,amtrak:WIL,WIL,13:31:00,13:33:00,18,0,0,
amtrak,amtrak:293575,293575,amtrak:NRK,NRK,13:43:00,13:44:00,19,0,0,
amtrak,amtrak:293575,293575,amtrak:ABE,ABE,14:09:00,14:10:00,20,0,0,
amtrak,amtrak:293575,293575,amtrak:BAL,BAL,14:31:00,14:34:00,21,0,0,
amtrak,amtrak:293575,293575,amtrak:BWI,BWI,14:45:00,14:47:00,22,0,0,
amtrak,amtrak:293575,293575,amtrak:NCR,NCR,15:00:00,15:01:00,23,0,0,
amtrak,amtrak:293575,293575,amtrak:WAS,WAS,15:17:00,15:50:00,24,0,0,
amtrak,amtrak:293575,293575,amtrak:ALX,ALX,16:07:00,16:09:00,25,0,0,
amtrak,amtrak:293575,293575,amtrak:WDB,WDB,16:26:00,16:27:00,26,0,0,
amtrak,amtrak:293575,293575,amtrak:QAN,QAN,16:39:00,16:40:00,27,0,0,
amtrak,amtrak:293575,293575,amtrak:FBG,FBG,17:05:00,17:07:00,28,0,0,
amtrak,amtrak:293575,293575,amtrak:ASD,ASD,17:48:00,17:49:00,29,0,0,
amtrak,amtrak:293575,293575,amtrak:RVR,RVR,18:16:00,18:23:00,30,0,0,
amtrak,amtrak:293575,293575,amtrak:RVM,RVM,18:49:00,18:52:00,31,0,0,
amtrak,amtrak:293575,293575,amtrak:WBG,WBG,19:42:00,19:44:00,32,0,0,
amtrak,amtrak:293575,293575,amtrak:NPN,NPN,20:09:00,20:09:00,33,0,0,
amtrak,amtrak:293576,293576,amtrak:SPG,SPG,7:30:00,7:30:00,1,0,0,
amtrak,amtrak:293576,293576,amtrak:WNL,WNL,7:52:00,7:52:00,2,0,0,
amtrak,amtrak:293576,293576,amtrak:WND,WND,7:58:00,7:58:00,3,0,0,
amtrak,amtrak:293576,293576,amtrak:HFD,HFD,8:09:00,8:12:00,4,0,0,
amtrak,amtrak:293576,293576,amtrak:BER,BER,8:23:00,8:23:00,5,0,0,
amtrak,amtrak:293576,293576,amtrak:MDN,MDN,8:32:00,8:32:00,6,0,0,
amtrak,amtrak:293576,293576,amtrak:WFD,WFD,8:42:00,8:42:00,7,0,0,
amtrak,amtrak:293576,293576,amtrak:STS,STS,9:00:00,9:00:00,8,0,0,
amtrak,amtrak:293576,293576,amtrak:NHV,NHV,9:02:00,9:35:00,9,0,0,
amtrak,amtrak:293576,293576,amtrak:BRP,BRP,9:56:00,9:57:00,10,0,0,
amtrak,amtrak:293576,293576,amtrak:STM,STM,10:24:00,10:25:00,11,0,0,
amtrak,amtrak:293576,293576,amtrak:NRO,NRO,10:45:00,10:46:00,12,0,0,
amtrak,amtrak:293576,293576,amtrak:NYP,NYP,11:21:00,11:35:00,13,0,0,
amtrak,amtrak:293576,293576,amtrak:NWK,NWK,11:51:00,11:52:00,14,0,0,
amtrak,amtrak:293576,293576,amtrak:MET,MET,12:04:00,12:06:00,15,0,0,
amtrak,amtrak:293576,293576,amtrak:TRE,TRE,12:28:00,12:30:00,16,0,0,
amtrak,amtrak:293576,293576,amtrak:PHL,PHL,13:00:00,13:07:00,17,0,0,
amtrak,amtrak:293576,293576,amtrak:WIL,WIL,13:31:00,13:33:00,18,0,0,
amtrak,amtrak:293576,293576,amtrak:NRK,NRK,13:43:00,13:44:00,19,0,0,
amtrak,amtrak:293576,293576,amtrak:ABE,ABE,14:03:00,14:04:00,20,0,0,
amtrak,amtrak:293576,293576,amtrak:BAL,BAL,14:25:00,14:28:00,21,0,0,
amtrak,amtrak:293576,293576,amtrak:BWI,BWI,14:39:00,14:41:00,22,0,0,
amtrak,amtrak:293576,293576,amtrak:NCR,NCR,14:54:00,14:55:00,23,0,0,
amtrak,amtrak:293576,293576,amtrak:WAS,WAS,15:11:00,15:50:00,24,0,0,
amtrak,amtrak:293576,293576,amtrak:ALX,ALX,16:07:00,16:09:00,25,0,0,
amtrak,amtrak:293576,293576,amtrak:WDB,WDB,16:26:00,16:27:00,26,0,0,
amtrak,amtrak:293576,293576,amtrak:QAN,QAN,16:39:00,16:40:00,27,0,0,
amtrak,amtrak:293576,293576,amtrak:FBG,FBG,17:05:00,17:07:00,28,0,0,
amtrak,amtrak:293576,293576,amtrak:ASD,ASD,17:48:00,17:49:00,29,0,0,
amtrak,amtrak:293576,293576,amtrak:RVR,RVR,18:16:00,18:23:00,30,0,0,
amtrak,amtrak:293576,293576,amtrak:RVM,RVM,18:49:00,18:52:00,31,0,0,
amtrak,amtrak:293576,293576,amtrak:WBG,WBG,19:42:00,19:44:00,32,0,0,
amtrak,amtrak:293576,293576,amtrak:NPN,NPN,20:09:00,20:09:00,33,0,0,
amtrak,amtrak:293578,293578,amtrak:SPG,SPG,7:30:00,7:30:00,1,0,0,
amtrak,amtrak:293578,293578,amtrak:WNL,WNL,7:52:00,7:52:00,2,0,0,
amtrak,amtrak:293578,293578,amtrak:WND,WND,7:58:00,7:58:00,3,0,0,
amtrak,amtrak:293578,293578,amtrak:HFD,HFD,8:09:00,8:12:00,4,0,0,
amtrak,amtrak:293578,293578,amtrak:BER,BER,8:23:00,8:23:00,5,0,0,
amtrak,amtrak:293578,293578,amtrak:MDN,MDN,8:32:00,8:32:00,6,0,0,
amtrak,amtrak:293578,293578,amtrak:WFD,WFD,8:42:00,8:42:00,7,0,0,
amtrak,amtrak:293578,293578,amtrak:STS,STS,9:00:00,9:00:00,8,0,0,
amtrak,amtrak:293578,293578,amtrak:NHV,NHV,9:02:00,9:35:00,9,0,0,
amtrak,amtrak:293578,293578,amtrak:BRP,BRP,9:56:00,9:57:00,10,0,0,
amtrak,amtrak:293578,293578,amtrak:STM,STM,10:24:00,10:25:00,11,0,0,
amtrak,amtrak:293578,293578,amtrak:NRO,NRO,10:45:00,10:46:00,12,0,0,
amtrak,amtrak:293578,293578,amtrak:NYP,NYP,11:21:00,11:35:00,13,0,0,
amtrak,amtrak:293578,293578,amtrak:NWK,NWK,11:51:00,11:52:00,14,0,0,
amtrak,amtrak:293578,293578,amtrak:MET,MET,12:04:00,12:06:00,15,0,0,
amtrak,amtrak:293578,293578,amtrak:TRE,TRE,12:28:00,12:30:00,16,0,0,
amtrak,amtrak:293578,293578,amtrak:PHL,PHL,13:00:00,13:07:00,17,0,0,
amtrak,amtrak:293578,293578,amtrak:WIL,WIL,13:31:00,13:33:00,18,0,0,
amtrak,amtrak:293578,293578,amtrak:NRK,NRK,13:43:00,13:44:00,19,0,0,
amtrak,amtrak:293578,293578,amtrak:ABE,ABE,14:03:00,14:04:00,20,0,0,
amtrak,amtrak:293578,293578,amtrak:BAL,BAL,14:25:00,14:28:00,21,0,0,
amtrak,amtrak:293578,293578,amtrak:BWI,BWI,14:39:00,14:41:00,22,0,0,
amtrak,amtrak:293578,293578,amtrak:NCR,NCR,14:54:00,14:55:00,23,0,0,
amtrak,amtrak:293578,293578,amtrak:WAS,WAS,15:11:00,15:50:00,24,0,0,
amtrak,amtrak:293578,293578,amtrak:ALX,ALX,16:07:00,16:09:00,25,0,0,
amtrak,amtrak:293578,293578,amtrak:WDB,WDB,16:26:00,16:27:00,26,0,0,
amtrak,amtrak:293578,293578,amtrak:QAN,QAN,16:39:00,16:40:00,27,0,0,
amtrak,amtrak:293578,293578,amtrak:FBG,FBG,17:05:00,17:07:00,28,0,0,
amtrak,amtrak:293578,293578,amtrak:ASD,ASD,17:48:00,17:49:00,29,0,0,
amtrak,amtrak:293578,293578,amtrak:RVR,RVR,18:16:00,18:23:00,30,0,0,
amtrak,amtrak:293578,293578,amtrak:RVM,RVM,18:49:00,18:52:00,31,0,0,
amtrak,amtrak:293578,293578,amtrak:WBG,WBG,19:42:00,19:44:00,32,0,0,
amtrak,amtrak:293578,293578,amtrak:NPN,NPN,20:09:00,20:09:00,33,0,0,
amtrak,amtrak:293605,293605,amtrak:BOS,BOS,13:37:00,13:37:00,1,0,0,
amtrak,amtrak:293605,293605,amtrak:BBY,BBY,13:41:00,13:43:00,2,0,0,
amtrak,amtrak:293605,293605,amtrak:RTE,RTE,13:52:00,13:54:00,3,0,0,
amtrak,amtrak:293605,293605,amtrak:PVD,PVD,14:17:00,14:17:00,4,0,0,
amtrak,amtrak:293605,293605,amtrak:KIN,KIN,14:39:00,14:41:00,5,0,0,
amtrak,amtrak:293605,293605,amtrak:WLY,WLY,14:54:00,14:56:00,6,0,0,
amtrak,amtrak:293605,293605,amtrak:MYS,MYS,15:05:00,15:06:00,7,0,0,
amtrak,amtrak:293605,293605,amtrak:NLC,NLC,15:18:00,15:19:00,8,0,0,
amtrak,amtrak:293605,293605,amtrak:OSB,OSB,15:38:00,15:44:00,9,0,0,
amtrak,amtrak:293605,293605,amtrak:NHV,NHV,16:17:00,16:21:00,10,0,0,
amtrak,amtrak:293605,293605,amtrak:BRP,BRP,16:44:00,16:45:00,11,0,0,
amtrak,amtrak:293605,293605,amtrak:STM,STM,17:09:00,17:11:00,12,0,0,
amtrak,amtrak:293605,293605,amtrak:NRO,NRO,17:30:00,17:31:00,13,0,0,
amtrak,amtrak:293605,293605,amtrak:NYP,NYP,18:09:00,18:27:00,14,0,0,
amtrak,amtrak:293605,293605,amtrak:NWK,NWK,18:42:00,18:44:00,15,0,0,
amtrak,amtrak:293605,293605,amtrak:EWR,EWR,18:48:00,18:49:00,16,0,0,
amtrak,amtrak:293605,293605,amtrak:TRE,TRE,19:23:00,19:24:00,17,0,0,
amtrak,amtrak:293605,293605,amtrak:PHL,PHL,19:52:00,19:55:00,18,0,0,
amtrak,amtrak:293605,293605,amtrak:WIL,WIL,20:17:00,20:19:00,19,0,0,
amtrak,amtrak:293605,293605,amtrak:BAL,BAL,21:10:00,21:12:00,20,0,0,
amtrak,amtrak:293605,293605,amtrak:BWI,BWI,21:23:00,21:25:00,21,0,0,
amtrak,amtrak:293605,293605,amtrak:WAS,WAS,22:00:00,22:00:00,22,0,0,
amtrak,amtrak:293607,293607,amtrak:BOS,BOS,13:37:00,13:37:00,1,0,0,
amtrak,amtrak:293607,293607,amtrak:BBY,BBY,13:41:00,13:43:00,2,0,0,
amtrak,amtrak:293607,293607,amtrak:RTE,RTE,13:52:00,13:54:00,3,0,0,
amtrak,amtrak:293607,293607,amtrak:PVD,PVD,14:17:00,14:17:00,4,0,0,
amtrak,amtrak:293607,293607,amtrak:KIN,KIN,14:39:00,14:41:00,5,0,0,
amtrak,amtrak:293607,293607,amtrak:WLY,WLY,14:54:00,14:56:00,6,0,0,
amtrak,amtrak:293607,293607,amtrak:MYS,MYS,15:05:00,15:06:00,7,0,0,
amtrak,amtrak:293607,293607,amtrak:NLC,NLC,15:18:00,15:19:00,8,0,0,
amtrak,amtrak:293607,293607,amtrak:OSB,OSB,15:38:00,15:44:00,9,0,0,
amtrak,amtrak:293607,293607,amtrak:NHV,NHV,16:17:00,16:21:00,10,0,0,
amtrak,amtrak:293607,293607,amtrak:BRP,BRP,16:44:00,16:45:00,11,0,0,
amtrak,amtrak:293607,293607,amtrak:STM,STM,17:09:00,17:11:00,12,0,0,
amtrak,amtrak:293607,293607,amtrak:NRO,NRO,17:30:00,17:31:00,13,0,0,
amtrak,amtrak:293607,293607,amtrak:NYP,NYP,18:09:00,18:27:00,14,0,0,
amtrak,amtrak:293607,293607,amtrak:NWK,NWK,18:42:00,18:44:00,15,0,0,
amtrak,amtrak:293607,293607,amtrak:EWR,EWR,18:48:00,18:49:00,16,0,0,
amtrak,amtrak:293607,293607,amtrak:TRE,TRE,19:23:00,19:24:00,17,0,0,
amtrak,amtrak:293607,293607,amtrak:PHL,PHL,19:52:00,19:55:00,18,0,0,
amtrak,amtrak:293607,293607,amtrak:WIL,WIL,20:17:00,20:19:00,19,0,0,
amtrak,amtrak:293607,293607,amtrak:BAL,BAL,21:10:00,21:12:00,20,0,0,
amtrak,amtrak:293607,293607,amtrak:BWI,BWI,21:23:00,21:25:00,21,0,0,
amtrak,amtrak:293607,293607,amtrak:WAS,WAS,22:00:00,22:00:00,22,0,0,
amtrak,amtrak:293609,293609,amtrak:BOS,BOS,13:37:00,13:37:00,1,0,0,
amtrak,amtrak:293609,293609,amtrak:BBY,BBY,13:41:00,13:43:00,2,0,0,
amtrak,amtrak:293609,293609,amtrak:RTE,RTE,13:52:00,13:54:00,3,0,0,
amtrak,amtrak:293609,293609,amtrak:PVD,PVD,14:17:00,14:17:00,4,0,0,
amtrak,amtrak:293609,293609,amtrak:KIN,KIN,14:39:00,14:41:00,5,0,0,
amtrak,amtrak:293609,293609,amtrak:WLY,WLY,14:54:00,14:56:00,6,0,0,
amtrak,amtrak:293609,293609,amtrak:MYS,MYS,15:05:00,15:06:00,7,0,0,
amtrak,amtrak:293609,293609,amtrak:NLC,NLC,15:18:00,15:19:00,8,0,0,
amtrak,amtrak:293609,293609,amtrak:OSB,OSB,15:38:00,15:44:00,9,0,0,
amtrak,amtrak:293609,293609,amtrak:NHV,NHV,16:17:00,16:21:00,10,0,0,
amtrak,amtrak:293609,293609,amtrak:BRP,BRP,16:44:00,16:45:00,11,0,0,
amtrak,amtrak:293609,293609,amtrak:STM,STM,17:09:00,17:11:00,12,0,0,
amtrak,amtrak:293609,293609,amtrak:NRO,NRO,17:30:00,17:31:00,13,0,0,
amtrak,amtrak:293609,293609,amtrak:NYP,NYP,18:09:00,18:27:00,14,0,0,
amtrak,amtrak:293609,293609,amtrak:NWK,NWK,18:42:00,18:44:00,15,0,0,
amtrak,amtrak:293609,293609,amtrak:EWR,EWR,18:48:00,18:49:00,16,0,0,
amtrak,amtrak:293609,293609,amtrak:TRE,TRE,19:23:00,19:24:00,17,0,0,
amtrak,amtrak:293609,293609,amtrak:PHL,PHL,19:52:00,19:55:00,18,0,0,
amtrak,amtrak:293609,293609,amtrak:WIL,WIL,20:17:00,20:19:00,19,0,0,
amtrak,amtrak:293609,293609,amtrak:BAL,BAL,21:10:00,21:12:00,20,0,0,
amtrak,amtrak:293609,293609,amtrak:BWI,BWI,21:23:00,21:25:00,21,0,0,
amtrak,amtrak:293609,293609,amtrak:WAS,WAS,22:00:00,22:00:00,22,0,0,
amtrak,amtrak:293610,293610,amtrak:BOS,BOS,13:37:00,13:37:00,1,0,0,
amtrak,amtrak:293610,293610,amtrak:BBY,BBY,13:41:00,13:43:00,2,0,0,
amtrak,amtrak:293610,293610,amtrak:RTE,RTE,13:52:00,13:54:00,3,0,0,
amtrak,amtrak:293610,293610,amtrak:PVD,PVD,14:17:00,14:17:00,4,0,0,
amtrak,amtrak:293610,293610,amtrak:KIN,KIN,14:39:00,14:41:00,5,0,0,
amtrak,amtrak:293610,293610,amtrak:WLY,WLY,14:54:00,14:56:00,6,0,0,
amtrak,amtrak:293610,293610,amtrak:MYS,MYS,15:05:00,15:06:00,7,0,0,
amtrak,amtrak:293610,293610,amtrak:NLC,NLC,15:18:00,15:19:00,8,0,0,
amtrak,amtrak:293610,293610,amtrak:OSB,OSB,15:38:00,15:44:00,9,0,0,
amtrak,amtrak:293610,293610,amtrak:NHV,NHV,16:17:00,16:21:00,10,0,0,
amtrak,amtrak:293610,293610,amtrak:BRP,BRP,16:44:00,16:45:00,11,0,0,
amtrak,amtrak:293610,293610,amtrak:STM,STM,17:09:00,17:11:00,12,0,0,
amtrak,amtrak:293610,293610,amtrak:NRO,NRO,17:30:00,17:31:00,13,0,0,
amtrak,amtrak:293610,293610,amtrak:NYP,NYP,18:09:00,18:27:00,14,0,0,
amtrak,amtrak:293610,293610,amtrak:NWK,NWK,18:42:00,18:44:00,15,0,0,
amtrak,amtrak:293610,293610,amtrak:EWR,EWR,18:48:00,18:49:00,16,0,0,
amtrak,amtrak:293610,293610,amtrak:TRE,TRE,19:23:00,19:24:00,17,0,0,
amtrak,amtrak:293610,293610,amtrak:PHL,PHL,19:52:00,19:55:00,18,0,0,
amtrak,amtrak:293610,293610,amtrak:WIL,WIL,20:17:00,20:19:00,19,0,0,
amtrak,amtrak:293610,293610,amtrak:BAL,BAL,21:05:00,21:07:00,20,0,0,
amtrak,amtrak:293610,293610,amtrak:BWI,BWI,21:18:00,21:20:00,21,0,0,
amtrak,amtrak:293610,293610,amtrak:WAS,WAS,21:55:00,21:55:00,22,0,0,
amtrak,amtrak:293612,293612,amtrak:BOS,BOS,13:37:00,13:37:00,1,0,0,
amtrak,amtrak:293612,293612,amtrak:BBY,BBY,13:41:00,13:43:00,2,0,0,
amtrak,amtrak:293612,293612,amtrak:RTE,RTE,13:52:00,13:54:00,3,0,0,
amtrak,amtrak:293612,293612,amtrak:PVD,PVD,14:17:00,14:17:00,4,0,0,
amtrak,amtrak:293612,293612,amtrak:KIN,KIN,14:39:00,14:41:00,5,0,0,
amtrak,amtrak:293612,293612,amtrak:WLY,WLY,14:54:00,14:56:00,6,0,0,
amtrak,amtrak:293612,293612,amtrak:MYS,MYS,15:05:00,15:06:00,7,0,0,
amtrak,amtrak:293612,293612,amtrak:NLC,NLC,15:18:00,15:19:00,8,0,0,
amtrak,amtrak:293612,293612,amtrak:OSB,OSB,15:38:00,15:44:00,9,0,0,
amtrak,amtrak:293612,293612,amtrak:NHV,NHV,16:17:00,16:21:00,10,0,0,
amtrak,amtrak:293612,293612,amtrak:BRP,BRP,16:44:00,16:45:00,11,0,0,
amtrak,amtrak:293612,293612,amtrak:STM,STM,17:09:00,17:11:00,12,0,0,
amtrak,amtrak:293612,293612,amtrak:NRO,NRO,17:30:00,17:31:00,13,0,0,
amtrak,amtrak:293612,293612,amtrak:NYP,NYP,18:09:00,18:27:00,14,0,0,
amtrak,amtrak:293612,293612,amtrak:NWK,NWK,18:42:00,18:44:00,15,0,0,
amtrak,amtrak:293612,293612,amtrak:EWR,EWR,18:48:00,18:49:00,16,0,0,
amtrak,amtrak:293612,293612,amtrak:TRE,TRE,19:23:00,19:24:00,17,0,0,
amtrak,amtrak:293612,293612,amtrak:PHL,PHL,19:52:00,19:55:00,18,0,0,
amtrak,amtrak:293612,293612,amtrak:WIL,WIL,20:17:00,20:19:00,19,0,0,
amtrak,amtrak:293612,293612,amtrak:BAL,BAL,21:05:00,21:07:00,20,0,0,
amtrak,amtrak:293612,293612,amtrak:BWI,BWI,21:18:00,21:20:00,21,0,0,
amtrak,amtrak:293612,293612,amtrak:WAS,WAS,21:55:00,21:55:00,22,0,0,
amtrak,amtrak:293847,293847,amtrak:WAS,WAS,6:20:00,6:20:00,1,0,0,
amtrak,amtrak:293847,293847,amtrak:NCR,NCR,6:31:00,6:32:00,2,0,0,
amtrak,amtrak:293847,293847,amtrak:BWI,BWI,6:46:00,6:48:00,3,0,0,
amtrak,amtrak:293847,293847,amtrak:BAL,BAL,7:01:00,7:03:00,4,0,0,
amtrak,amtrak:293847,293847,amtrak:ABE,ABE,7:24:00,7:26:00,5,0,0,
amtrak,amtrak:293847,293847,amtrak:WIL,WIL,7:53:00,7:55:00,6,0,0,
amtrak,amtrak:293847,293847,amtrak:PHL,PHL,8:17:00,8:20:00,7,0,0,
amtrak,amtrak:293847,293847,amtrak:TRE,TRE,8:47:00,8:49:00,8,0,0,
amtrak,amtrak:293847,293847,amtrak:MET,MET,9:10:00,9:11:00,9,0,0,
amtrak,amtrak:293847,293847,amtrak:NWK,NWK,9:25:00,9:26:00,10,1,0,
amtrak,amtrak:293847,293847,amtrak:NYP,NYP,9:45:00,10:01:00,11,0,0,
amtrak,amtrak:293847,293847,amtrak:NRO,NRO,10:27:00,10:28:00,12,0,0,
amtrak,amtrak:293847,293847,amtrak:STM,STM,10:46:00,10:48:00,13,0,0,
amtrak,amtrak:293847,293847,amtrak:BRP,BRP,11:15:00,11:16:00,14,0,0,
amtrak,amtrak:293847,293847,amtrak:NHV,NHV,11:45:00,11:47:00,15,0,0,
amtrak,amtrak:293847,293847,amtrak:NLC,NLC,12:29:00,12:30:00,16,0,0,
amtrak,amtrak:293847,293847,amtrak:KIN,KIN,13:02:00,13:03:00,17,0,0,
amtrak,amtrak:293847,293847,amtrak:PVD,PVD,13:22:00,13:22:00,18,0,0,
amtrak,amtrak:293847,293847,amtrak:RTE,RTE,13:57:00,13:58:00,19,1,0,
amtrak,amtrak:293847,293847,amtrak:BBY,BBY,14:08:00,14:08:00,20,1,0,
amtrak,amtrak:293847,293847,amtrak:BOS,BOS,14:14:00,14:14:00,21,0,0,
amtrak,amtrak:293849,293849,amtrak:PHL,PHL,5:15:00,5:15:00,1,0,0,
amtrak,amtrak:293849,293849,amtrak:TRE,TRE,5:43:00,5:45:00,2,0,0,
amtrak,amtrak:293849,293849,amtrak:EWR,EWR,6:14:00,6:16:00,3,0,0,
amtrak,amtrak:293849,293849,amtrak:NWK,NWK,6:20:00,6:22:00,4,0,0,
amtrak,amtrak:293849,293849,amtrak:NYP,NYP,6:40:00,6:53:00,5,0,0,
amtrak,amtrak:293849,293849,amtrak:NRO,NRO,7:22:00,7:23:00,6,0,0,
amtrak,amtrak:293849,293849,amtrak:STM,STM,7:42:00,7:43:00,7,0,0,
amtrak,amtrak:293849,293849,amtrak:BRP,BRP,8:11:00,8:12:00,8,0,0,
amtrak,amtrak:293849,293849,amtrak:NHV,NHV,8:36:00,8:38:00,9,0,0,
amtrak,amtrak:293849,293849,amtrak:OSB,OSB,9:06:00,9:07:00,10,0,0,
amtrak,amtrak:293849,293849,amtrak:NLC,NLC,9:25:00,9:27:00,11,0,0,
amtrak,amtrak:293849,293849,amtrak:KIN,KIN,9:59:00,10:01:00,12,0,0,
amtrak,amtrak:293849,293849,amtrak:PVD,PVD,10:20:00,10:20:00,13,0,0,
amtrak,amtrak:293849,293849,amtrak:RTE,RTE,10:52:00,10:52:00,14,1,0,
amtrak,amtrak:293849,293849,amtrak:BBY,BBY,11:03:00,11:03:00,15,1,0,
amtrak,amtrak:293849,293849,amtrak:BOS,BOS,11:07:00,11:07:00,16,0,0,
amtrak,amtrak:293851,293851,amtrak:WAS,WAS,5:25:00,5:25:00,1,0,0,
amtrak,amtrak:293851,293851,amtrak:BWI,BWI,5:51:00,5:53:00,2,0,0,
amtrak,amtrak:293851,293851,amtrak:BAL,BAL,6:06:00,6:08:00,3,0,0,
amtrak,amtrak:293851,293851,amtrak:WIL,WIL,6:54:00,6:56:00,4,0,0,
amtrak,amtrak:293851,293851,amtrak:PHL,PHL,7:16:00,7:19:00,5,0,0,
amtrak,amtrak:293851,293851,amtrak:TRE,TRE,7:46:00,7:48:00,6,0,0,
amtrak,amtrak:293851,293851,amtrak:PJC,PJC,7:56:00,7:57:00,7,0,0,
amtrak,amtrak:293851,293851,amtrak:EWR,EWR,8:22:00,8:23:00,8,0,0,
amtrak,amtrak:293851,293851,amtrak:NWK,NWK,8:27:00,8:28:00,9,0,0,
amtrak,amtrak:293851,293851,amtrak:NYP,NYP,8:46:00,9:00:00,10,0,0,
amtrak,amtrak:293851,293851,amtrak:NRO,NRO,9:27:00,9:27:00,11,0,0,
amtrak,amtrak:293851,293851,amtrak:STM,STM,9:49:00,9:51:00,12,0,0,
amtrak,amtrak:293851,293851,amtrak:BRP,BRP,10:18:00,10:19:00,13,0,0,
amtrak,amtrak:293851,293851,amtrak:NHV,NHV,10:44:00,10:47:00,14,0,0,
amtrak,amtrak:293851,293851,amtrak:MYS,MYS,11:45:00,11:45:00,15,0,0,
amtrak,amtrak:293851,293851,amtrak:WLY,WLY,11:55:00,11:55:00,16,0,0,
amtrak,amtrak:293851,293851,amtrak:PVD,PVD,12:26:00,12:26:00,17,0,0,
amtrak,amtrak:293851,293851,amtrak:RTE,RTE,13:01:00,13:01:00,18,1,0,
amtrak,amtrak:293851,293851,amtrak:BBY,BBY,13:11:00,13:11:00,19,1,0,
amtrak,amtrak:293851,293851,amtrak:BOS,BOS,13:16:00,13:16:00,20,0,0,
amtrak,amtrak:293852,293852,amtrak:WAS,WAS,8:22:00,8:22:00,1,0,0,
amtrak,amtrak:293852,293852,amtrak:NCR,NCR,8:33:00,8:34:00,2,0,0,
amtrak,amtrak:293852,293852,amtrak:BWI,BWI,8:48:00,8:50:00,3,0,0,
amtrak,amtrak:293852,293852,amtrak:BAL,BAL,9:04:00,9:06:00,4,0,0,
amtrak,amtrak:293852,293852,amtrak:NRK,NRK,9:43:00,9:44:00,5,0,0,
amtrak,amtrak:293852,293852,amtrak:WIL,WIL,9:55:00,9:57:00,6,0,0,
amtrak,amtrak:293852,293852,amtrak:PHL,PHL,10:20:00,10:23:00,7,0,0,
amtrak,amtrak:293852,293852,amtrak:TRE,TRE,10:52:00,10:56:00,8,0,0,
amtrak,amtrak:293852,293852,amtrak:MET,MET,11:20:00,11:21:00,9,0,0,
amtrak,amtrak:293852,293852,amtrak:NWK,NWK,11:37:00,11:38:00,10,0,0,
amtrak,amtrak:293852,293852,amtrak:NYP,NYP,11:59:00,12:15:00,11,0,0,
amtrak,amtrak:293852,293852,amtrak:NRO,NRO,12:43:00,12:44:00,12,0,0,
amtrak,amtrak:293852,293852,amtrak:STM,STM,13:02:00,13:04:00,13,0,0,
amtrak,amtrak:293852,293852,amtrak:BRP,BRP,13:31:00,13:32:00,14,0,0,
amtrak,amtrak:293852,293852,amtrak:NHV,NHV,14:01:00,14:03:00,15,0,0,
amtrak,amtrak:293852,293852,amtrak:NLC,NLC,14:44:00,14:46:00,16,0,0,
amtrak,amtrak:293852,293852,amtrak:MYS,MYS,14:57:00,14:59:00,17,0,0,
amtrak,amtrak:293852,293852,amtrak:KIN,KIN,15:21:00,15:23:00,18,0,0,
amtrak,amtrak:293852,293852,amtrak:PVD,PVD,15:42:00,15:42:00,19,0,0,
amtrak,amtrak:293852,293852,amtrak:RTE,RTE,16:14:00,16:15:00,20,1,0,
amtrak,amtrak:293852,293852,amtrak:BBY,BBY,16:30:00,16:30:00,21,1,0,
amtrak,amtrak:293852,293852,amtrak:BOS,BOS,16:37:00,16:37:00,22,0,0,
amtrak,amtrak:293882,293882,amtrak:WAS,WAS,13:05:00,13:05:00,1,0,0,
amtrak,amtrak:293882,293882,amtrak:NCR,NCR,13:16:00,13:17:00,2,0,0,
amtrak,amtrak:293882,293882,amtrak:BWI,BWI,13:31:00,13:32:00,3,0,0,
amtrak,amtrak:293882,293882,amtrak:BAL,BAL,13:45:00,13:47:00,4,0,0,
amtrak,amtrak:293882,293882,amtrak:WIL,WIL,14:35:00,14:37:00,5,0,0,
amtrak,amtrak:293882,293882,amtrak:PHL,PHL,15:00:00,15:05:00,6,0,0,
amtrak,amtrak:293882,293882,amtrak:TRE,TRE,15:32:00,15:34:00,7,0,0,
amtrak,amtrak:293882,293882,amtrak:MET,MET,15:57:00,15:58:00,8,0,0,
amtrak,amtrak:293882,293882,amtrak:EWR,EWR,16:11:00,16:12:00,9,0,0,
amtrak,amtrak:293882,293882,amtrak:NWK,NWK,16:18:00,16:20:00,10,1,0,
amtrak,amtrak:293882,293882,amtrak:NYP,NYP,16:41:00,16:55:00,11,0,0,
amtrak,amtrak:293882,293882,amtrak:NRO,NRO,17:28:00,17:29:00,12,0,0,
amtrak,amtrak:293882,293882,amtrak:STM,STM,17:47:00,17:49:00,13,0,0,
amtrak,amtrak:293882,293882,amtrak:BRP,BRP,18:17:00,18:18:00,14,0,0,
amtrak,amtrak:293882,293882,amtrak:NHV,NHV,18:44:00,18:49:00,15,0,0,
amtrak,amtrak:293882,293882,amtrak:OSB,OSB,19:18:00,19:20:00,16,0,0,
amtrak,amtrak:293882,293882,amtrak:NLC,NLC,19:45:00,19:47:00,17,0,0,
amtrak,amtrak:293882,293882,amtrak:WLY,WLY,20:06:00,20:06:00,18,0,0,
amtrak,amtrak:293882,293882,amtrak:KIN,KIN,20:20:00,20:21:00,19,0,0,
amtrak,amtrak:293882,293882,amtrak:PVD,PVD,20:40:00,20:40:00,20,0,0,
amtrak,amtrak:293882,293882,amtrak:RTE,RTE,21:13:00,21:15:00,21,1,0,
amtrak,amtrak:293882,293882,amtrak:BBY,BBY,21:24:00,21:25:00,22,1,0,
amtrak,amtrak:293882,293882,amtrak:BOS,BOS,21:31:00,21:31:00,23,0,0,
amtrak,amtrak:293884,293884,amtrak:WAS,WAS,15:25:00,15:25:00,1,0,0,
amtrak,amtrak:293884,293884,amtrak:NCR,NCR,15:36:00,15:37:00,2,0,0,
amtrak,amtrak:293884,293884,amtrak:BWI,BWI,15:51:00,15:52:00,3,0,0,
amtrak,amtrak:293884,293884,amtrak:BAL,BAL,16:06:00,16:08:00,4,0,0,
amtrak,amtrak:293884,293884,amtrak:WIL,WIL,16:53:00,16:55:00,5,0,0,
amtrak,amtrak:293884,293884,amtrak:PHL,PHL,17:15:00,17:18:00,6,0,0,
amtrak,amtrak:293884,293884,amtrak:TRE,TRE,17:45:00,17:47:00,7,0,0,
amtrak,amtrak:293884,293884,amtrak:MET,MET,18:09:00,18:10:00,8,0,0,
amtrak,amtrak:293884,293884,amtrak:EWR,EWR,18:21:00,18:22:00,9,0,0,
amtrak,amtrak:293884,293884,amtrak:NWK,NWK,18:26:00,18:28:00,10,0,0,
amtrak,amtrak:293884,293884,amtrak:NYP,NYP,18:46:00,19:00:00,11,0,0,
amtrak,amtrak:293884,293884,amtrak:NRO,NRO,19:35:00,19:35:00,12,0,0,
amtrak,amtrak:293884,293884,amtrak:STM,STM,19:55:00,19:57:00,13,0,0,
amtrak,amtrak:293884,293884,amtrak:BRP,BRP,20:20:00,20:21:00,14,0,0,
amtrak,amtrak:293884,293884,amtrak:NHV,NHV,20:47:00,20:49:00,15,0,0,
amtrak,amtrak:293884,293884,amtrak:OSB,OSB,21:17:00,21:19:00,16,0,0,
amtrak,amtrak:293884,293884,amtrak:NLC,NLC,21:42:00,21:44:00,17,0,0,
amtrak,amtrak:293884,293884,amtrak:MYS,MYS,21:54:00,21:54:00,18,0,0,
amtrak,amtrak:293884,293884,amtrak:WLY,WLY,22:05:00,22:05:00,19,0,0,
amtrak,amtrak:293884,293884,amtrak:KIN,KIN,22:21:00,22:21:00,20,0,0,
amtrak,amtrak:293884,293884,amtrak:PVD,PVD,22:44:00,22:44:00,21,0,0,
amtrak,amtrak:293884,293884,amtrak:RTE,RTE,23:18:00,23:18:00,22,1,0,
amtrak,amtrak:293884,293884,amtrak:BBY,BBY,23:31:00,23:31:00,23,1,0,
amtrak,amtrak:293884,293884,amtrak:BOS,BOS,23:36:00,23:36:00,24,0,0,
amtrak,amtrak:293887,293887,amtrak:WAS,WAS,7:45:00,7:45:00,1,0,0,
amtrak,amtrak:293887,293887,amtrak:BWI,BWI,8:06:00,8:07:00,2,0,0,
amtrak,amtrak:293887,293887,amtrak:BAL,BAL,8:18:00,8:20:00,3,0,0,
amtrak,amtrak:293887,293887,amtrak:WIL,WIL,9:09:00,9:10:00,4,0,0,
amtrak,amtrak:293887,293887,amtrak:PHL,PHL,9:31:00,9:34:00,5,0,0,
amtrak,amtrak:293887,293887,amtrak:NWK,NWK,10:35:00,10:37:00,6,0,0,
amtrak,amtrak:293887,293887,amtrak:NYP,NYP,10:56:00,11:15:00,7,0,0,
amtrak,amtrak:293887,293887,amtrak:STM,STM,12:03:00,12:05:00,8,0,0,
amtrak,amtrak:293887,293887,amtrak:NHV,NHV,13:02:00,13:05:00,9,0,0,
amtrak,amtrak:293887,293887,amtrak:PVD,PVD,14:42:00,14:42:00,10,0,0,
amtrak,amtrak:293887,293887,amtrak:RTE,RTE,15:11:00,15:12:00,11,1,0,
amtrak,amtrak:293887,293887,amtrak:BBY,BBY,15:21:00,15:22:00,12,1,0,
amtrak,amtrak:293887,293887,amtrak:BOS,BOS,15:29:00,15:29:00,13,0,0,
amtrak,amtrak:293890,293890,amtrak:WAS,WAS,12:25:00,12:25:00,1,0,0,
amtrak,amtrak:293890,293890,amtrak:BWI,BWI,12:51:00,12:52:00,2,0,0,
amtrak,amtrak:293890,293890,amtrak:BAL,BAL,13:06:00,13:08:00,3,0,0,
amtrak,amtrak:293890,293890,amtrak:WIL,WIL,13:52:00,13:54:00,4,0,0,
amtrak,amtrak:293890,293890,amtrak:PHL,PHL,14:15:00,14:19:00,5,0,0,
amtrak,amtrak:293890,293890,amtrak:TRE,TRE,14:47:00,14:49:00,6,0,0,
amtrak,amtrak:293890,293890,amtrak:MET,MET,15:12:00,15:13:00,7,0,0,
amtrak,amtrak:293890,293890,amtrak:EWR,EWR,15:25:00,15:27:00,8,0,0,
amtrak,amtrak:293890,293890,amtrak:NWK,NWK,15:32:00,15:34:00,9,0,0,
amtrak,amtrak:293890,293890,amtrak:NYP,NYP,15:55:00,16:22:00,10,0,0,
amtrak,amtrak:293890,293890,amtrak:NRO,NRO,16:47:00,16:47:00,11,0,0,
amtrak,amtrak:293890,293890,amtrak:STM,STM,17:06:00,17:08:00,12,0,0,
amtrak,amtrak:293890,293890,amtrak:BRP,BRP,17:33:00,17:34:00,13,0,0,
amtrak,amtrak:293890,293890,amtrak:NHV,NHV,17:59:00,18:40:00,14,0,0,
amtrak,amtrak:293890,293890,amtrak:STS,STS,18:42:00,18:42:00,15,0,0,
amtrak,amtrak:293890,293890,amtrak:WFD,WFD,18:54:00,18:54:00,16,0,0,
amtrak,amtrak:293890,293890,amtrak:MDN,MDN,19:02:00,19:02:00,17,0,0,
amtrak,amtrak:293890,293890,amtrak:BER,BER,19:11:00,19:11:00,18,0,0,
amtrak,amtrak:293890,293890,amtrak:HFD,HFD,19:23:00,19:26:00,19,0,0,
amtrak,amtrak:293890,293890,amtrak:WND,WND,19:34:00,19:34:00,20,0,0,
amtrak,amtrak:293890,293890,amtrak:WNL,WNL,19:40:00,19:40:00,21,0,0,
amtrak,amtrak:293890,293890,amtrak:SPG,SPG,20:08:00,20:08:00,22,0,0,
amtrak,amtrak:293893,293893,amtrak:WAS,WAS,16:25:00,16:25:00,1,0,0,
amtrak,amtrak:293893,293893,amtrak:BWI,BWI,16:49:00,16:50:00,2,0,0,
amtrak,amtrak:293893,293893,amtrak:BAL,BAL,17:04:00,17:06:00,3,0,0,
amtrak,amtrak:293893,293893,amtrak:WIL,WIL,17:52:00,17:54:00,4,0,0,
amtrak,amtrak:293893,293893,amtrak:PHL,PHL,18:16:00,18:19:00,5,0,0,
amtrak,amtrak:293893,293893,amtrak:TRE,TRE,18:47:00,18:49:00,6,0,0,
amtrak,amtrak:293893,293893,amtrak:MET,MET,19:10:00,19:11:00,7,0,0,
amtrak,amtrak:293893,293893,amtrak:NWK,NWK,19:24:00,19:26:00,8,0,0,
amtrak,amtrak:293893,293893,amtrak:NYP,NYP,19:46:00,19:57:00,9,0,0,
amtrak,amtrak:293893,293893,amtrak:NRO,NRO,20:25:00,20:25:00,10,0,0,
amtrak,amtrak:293893,293893,amtrak:STM,STM,20:44:00,20:46:00,11,0,0,
amtrak,amtrak:293893,293893,amtrak:NHV,NHV,21:37:00,22:09:00,12,0,0,
amtrak,amtrak:293893,293893,amtrak:STS,STS,22:11:00,22:11:00,13,0,0,
amtrak,amtrak:293893,293893,amtrak:WFD,WFD,22:23:00,22:23:00,14,0,0,
amtrak,amtrak:293893,293893,amtrak:MDN,MDN,22:31:00,22:31:00,15,0,0,
amtrak,amtrak:293893,293893,amtrak:BER,BER,22:39:00,22:39:00,16,0,0,
amtrak,amtrak:293893,293893,amtrak:HFD,HFD,22:52:00,22:55:00,17,0,0,
amtrak,amtrak:293893,293893,amtrak:WND,WND,23:02:00,23:02:00,18,0,0,
amtrak,amtrak:293893,293893,amtrak:WNL,WNL,23:09:00,23:09:00,19,0,0,
amtrak,amtrak:293893,293893,amtrak:SPG,SPG,23:37:00,23:37:00,20,0,0,
amtrak,amtrak:293899,293899,amtrak:WAS,WAS,4:47:00,4:47:00,1,0,0,
amtrak,amtrak:293899,293899,amtrak:BWI,BWI,5:08:00,5:09:00,2,0,0,
amtrak,amtrak:293899,293899,amtrak:BAL,BAL,5:20:00,5:22:00,3,0,0,
amtrak,amtrak:293899,293899,amtrak:PHL,PHL,6:28:00,6:30:00,4,0,0,
amtrak,amtrak:293899,293899,amtrak:NWK,NWK,7:29:00,7:30:00,5,0,0,
amtrak,amtrak:293899,293899,amtrak:NYP,NYP,7:47:00,7:57:00,6,0,0,
amtrak,amtrak:293899,293899,amtrak:STM,STM,8:45:00,8:47:00,7,0,0,
amtrak,amtrak:293899,293899,amtrak:PVD,PVD,10:57:00,10:57:00,8,0,0,
amtrak,amtrak:293899,293899,amtrak:RTE,RTE,11:24:00,11:24:00,9,1,0,
amtrak,amtrak:293899,293899,amtrak:BBY,BBY,11:33:00,11:33:00,10,1,0,
amtrak,amtrak:293899,293899,amtrak:BOS,BOS,11:44:00,11:44:00,11,0,0,
amtrak,amtrak:293900,293900,amtrak:WAS,WAS,8:45:00,8:45:00,1,0,0,
amtrak,amtrak:293900,293900,amtrak:BWI,BWI,9:05:00,9:06:00,2,0,0,
amtrak,amtrak:293900,293900,amtrak:BAL,BAL,9:17:00,9:19:00,3,0,0,
amtrak,amtrak:293900,293900,amtrak:WIL,WIL,10:04:00,10:05:00,4,0,0,
amtrak,amtrak:293900,293900,amtrak:PHL,PHL,10:25:00,10:28:00,5,0,0,
amtrak,amtrak:293900,293900,amtrak:NWK,NWK,11:29:00,11:29:00,6,0,0,
amtrak,amtrak:293900,293900,amtrak:NYP,NYP,11:49:00,11:58:00,7,0,0,
amtrak,amtrak:293900,293900,amtrak:STM,STM,12:41:00,12:42:00,8,0,0,
amtrak,amtrak:293900,293900,amtrak:PVD,PVD,14:59:00,14:59:00,9,0,0,
amtrak,amtrak:293900,293900,amtrak:RTE,RTE,15:26:00,15:28:00,10,1,0,
amtrak,amtrak:293900,293900,amtrak:BBY,BBY,15:40:00,15:41:00,11,1,0,
amtrak,amtrak:293900,293900,amtrak:BOS,BOS,15:56:00,15:56:00,12,0,0,
amtrak,amtrak:293901,293901,amtrak:WAS,WAS,4:50:00,4:50:00,1,0,0,
amtrak,amtrak:293901,293901,amtrak:BWI,BWI,5:11:00,5:12:00,2,0,0,
amtrak,amtrak:293901,293901,amtrak:BAL,BAL,5:23:00,5:25:00,3,0,0,
amtrak,amtrak:293901,293901,amtrak:PHL,PHL,6:28:00,6:30:00,4,0,0,
amtrak,amtrak:293901,293901,amtrak:NWK,NWK,7:29:00,7:30:00,5,0,0,
amtrak,amtrak:293901,293901,amtrak:NYP,NYP,7:47:00,7:57:00,6,0,0,
amtrak,amtrak:293901,293901,amtrak:STM,STM,8:45:00,8:47:00,7,0,0,
amtrak,amtrak:293901,293901,amtrak:PVD,PVD,10:57:00,10:57:00,8,0,0,
amtrak,amtrak:293901,293901,amtrak:RTE,RTE,11:24:00,11:24:00,9,1,0,
amtrak,amtrak:293901,293901,amtrak:BBY,BBY,11:33:00,11:33:00,10,1,0,
amtrak,amtrak:293901,293901,amtrak:BOS,BOS,11:44:00,11:44:00,11,0,0,
amtrak,amtrak:293902,293902,amtrak:WAS,WAS,4:50:00,4:50:00,1,0,0,
amtrak,amtrak:293902,293902,amtrak:BWI,BWI,5:11:00,5:12:00,2,0,0,
amtrak,amtrak:293902,293902,amtrak:BAL,BAL,5:23:00,5:25:00,3,0,0,
amtrak,amtrak:293902,293902,amtrak:PHL,PHL,6:28:00,6:30:00,4,0,0,
amtrak,amtrak:293902,293902,amtrak:NWK,NWK,7:29:00,7:30:00,5,0,0,
amtrak,amtrak:293902,293902,amtrak:NYP,NYP,7:47:00,7:57:00,6,0,0,
amtrak,amtrak:293902,293902,amtrak:STM,STM,8:45:00,8:47:00,7,0,0,
amtrak,amtrak:293902,293902,amtrak:PVD,PVD,10:57:00,10:57:00,8,0,0,
amtrak,amtrak:293902,293902,amtrak:RTE,RTE,11:24:00,11:24:00,9,1,0,
amtrak,amtrak:293902,293902,amtrak:BBY,BBY,11:33:00,11:33:00,10,1,0,
amtrak,amtrak:293902,293902,amtrak:BOS,BOS,11:44:00,11:44:00,11,0,0,
amtrak,amtrak:293904,293904,amtrak:WAS,WAS,4:50:00,4:50:00,1,0,0,
amtrak,amtrak:293904,293904,amtrak:BWI,BWI,5:11:00,5:12:00,2,0,0,
amtrak,amtrak:293904,293904,amtrak:BAL,BAL,5:23:00,5:25:00,3,0,0,
amtrak,amtrak:293904,293904,amtrak:PHL,PHL,6:28:00,6:30:00,4,0,0,
amtrak,amtrak:293904,293904,amtrak:NWK,NWK,7:29:00,7:30:00,5,0,0,
amtrak,amtrak:293904,293904,amtrak:NYP,NYP,7:47:00,7:57:00,6,0,0,
amtrak,amtrak:293904,293904,amtrak:STM,STM,8:45:00,8:47:00,7,0,0,
amtrak,amtrak:293904,293904,amtrak:PVD,PVD,10:57:00,10:57:00,8,0,0,
amtrak,amtrak:293904,293904,amtrak:RTE,RTE,11:24:00,11:24:00,9,1,0,
amtrak,amtrak:293904,293904,amtrak:BBY,BBY,11:33:00,11:33:00,10,1,0,
amtrak,amtrak:293904,293904,amtrak:BOS,BOS,11:44:00,11:44:00,11,0,0,
amtrak,amtrak:293906,293906,amtrak:WAS,WAS,4:50:00,4:50:00,1,0,0,
amtrak,amtrak:293906,293906,amtrak:BWI,BWI,5:11:00,5:12:00,2,0,0,
amtrak,amtrak:293906,293906,amtrak:BAL,BAL,5:23:00,5:25:00,3,0,0,
amtrak,amtrak:293906,293906,amtrak:PHL,PHL,6:28:00,6:30:00,4,0,0,
amtrak,amtrak:293906,293906,amtrak:NWK,NWK,7:29:00,7:30:00,5,0,0,
amtrak,amtrak:293906,293906,amtrak:NYP,NYP,7:47:00,7:57:00,6,0,0,
amtrak,amtrak:293906,293906,amtrak:STM,STM,8:45:00,8:47:00,7,0,0,
amtrak,amtrak:293906,293906,amtrak:PVD,PVD,10:57:00,10:57:00,8,0,0,
amtrak,amtrak:293906,293906,amtrak:RTE,RTE,11:24:00,11:24:00,9,1,0,
amtrak,amtrak:293906,293906,amtrak:BBY,BBY,11:33:00,11:33:00,10,1,0,
amtrak,amtrak:293906,293906,amtrak:BOS,BOS,11:44:00,11:44:00,11,0,0,
amtrak,amtrak:293907,293907,amtrak:WAS,WAS,4:50:00,4:50:00,1,0,0,
amtrak,amtrak:293907,293907,amtrak:BWI,BWI,5:11:00,5:12:00,2,0,0,
amtrak,amtrak:293907,293907,amtrak:BAL,BAL,5:23:00,5:25:00,3,0,0,
amtrak,amtrak:293907,293907,amtrak:PHL,PHL,6:28:00,6:30:00,4,0,0,
amtrak,amtrak:293907,293907,amtrak:NWK,NWK,7:29:00,7:30:00,5,0,0,
amtrak,amtrak:293907,293907,amtrak:NYP,NYP,7:47:00,7:57:00,6,0,0,
amtrak,amtrak:293907,293907,amtrak:STM,STM,8:45:00,8:47:00,7,0,0,
amtrak,amtrak:293907,293907,amtrak:PVD,PVD,10:57:00,10:57:00,8,0,0,
amtrak,amtrak:293907,293907,amtrak:RTE,RTE,11:24:00,11:24:00,9,1,0,
amtrak,amtrak:293907,293907,amtrak:BBY,BBY,11:33:00,11:33:00,10,1,0,
amtrak,amtrak:293907,293907,amtrak:BOS,BOS,11:44:00,11:44:00,11,0,0,
amtrak,amtrak:293921,293921,amtrak:WAS,WAS,6:45:00,6:45:00,1,0,0,
amtrak,amtrak:293921,293921,amtrak:BWI,BWI,7:05:00,7:06:00,2,0,0,
amtrak,amtrak:293921,293921,amtrak:WIL,WIL,8:02:00,8:03:00,3,0,0,
amtrak,amtrak:293921,293921,amtrak:PHL,PHL,8:26:00,8:29:00,4,0,0,
amtrak,amtrak:293921,293921,amtrak:NWK,NWK,9:26:00,9:27:00,5,0,0,
amtrak,amtrak:293921,293921,amtrak:NYP,NYP,9:49:00,10:00:00,6,0,0,
amtrak,amtrak:293921,293921,amtrak:STM,STM,10:50:00,10:52:00,7,0,0,
amtrak,amtrak:293921,293921,amtrak:NHV,NHV,11:43:00,11:45:00,8,0,0,
amtrak,amtrak:293921,293921,amtrak:PVD,PVD,13:07:00,13:07:00,9,0,0,
amtrak,amtrak:293921,293921,amtrak:RTE,RTE,13:36:00,13:37:00,10,1,0,
amtrak,amtrak:293921,293921,amtrak:BBY,BBY,13:50:00,13:51:00,11,1,0,
amtrak,amtrak:293921,293921,amtrak:BOS,BOS,13:56:00,13:56:00,12,0,0,
amtrak,amtrak:293922,293922,amtrak:WAS,WAS,10:50:00,10:50:00,1,0,0,
amtrak,amtrak:293922,293922,amtrak:BWI,BWI,11:10:00,11:11:00,2,0,0,
amtrak,amtrak:293922,293922,amtrak:BAL,BAL,11:22:00,11:24:00,3,0,0,
amtrak,amtrak:293922,293922,amtrak:WIL,WIL,12:09:00,12:10:00,4,0,0,
amtrak,amtrak:293922,293922,amtrak:PHL,PHL,12:31:00,12:34:00,5,0,0,
amtrak,amtrak:293922,293922,amtrak:NWK,NWK,13:33:00,13:34:00,6,0,0,
amtrak,amtrak:293922,293922,amtrak:NYP,NYP,13:51:00,14:01:00,7,0,0,
amtrak,amtrak:293922,293922,amtrak:STM,STM,14:46:00,14:47:00,8,0,0,
amtrak,amtrak:293922,293922,amtrak:NHV,NHV,15:41:00,15:43:00,9,0,0,
amtrak,amtrak:293922,293922,amtrak:PVD,PVD,17:11:00,17:11:00,10,0,0,
amtrak,amtrak:293922,293922,amtrak:RTE,RTE,17:39:00,17:41:00,11,1,0,
amtrak,amtrak:293922,293922,amtrak:BBY,BBY,17:51:00,17:53:00,12,1,0,
amtrak,amtrak:293922,293922,amtrak:BOS,BOS,18:00:00,18:00:00,13,0,0,
amtrak,amtrak:293923,293923,amtrak:WAS,WAS,6:50:00,6:50:00,1,0,0,
amtrak,amtrak:293923,293923,amtrak:BWI,BWI,7:10:00,7:11:00,2,0,0,
amtrak,amtrak:293923,293923,amtrak:WIL,WIL,8:05:00,8:06:00,3,0,0,
amtrak,amtrak:293923,293923,amtrak:PHL,PHL,8:26:00,8:29:00,4,0,0,
amtrak,amtrak:293923,293923,amtrak:NWK,NWK,9:26:00,9:27:00,5,0,0,
amtrak,amtrak:293923,293923,amtrak:NYP,NYP,9:49:00,10:00:00,6,0,0,
amtrak,amtrak:293923,293923,amtrak:STM,STM,10:50:00,10:52:00,7,0,0,
amtrak,amtrak:293923,293923,amtrak:NHV,NHV,11:43:00,11:45:00,8,0,0,
amtrak,amtrak:293923,293923,amtrak:PVD,PVD,13:07:00,13:07:00,9,0,0,
amtrak,amtrak:293923,293923,amtrak:RTE,RTE,13:36:00,13:37:00,10,1,0,
amtrak,amtrak:293923,293923,amtrak:BBY,BBY,13:50:00,13:51:00,11,1,0,
amtrak,amtrak:293923,293923,amtrak:BOS,BOS,13:56:00,13:56:00,12,0,0,
amtrak,amtrak:293924,293924,amtrak:WAS,WAS,6:50:00,6:50:00,1,0,0,
amtrak,amtrak:293924,293924,amtrak:BWI,BWI,7:10:00,7:11:00,2,0,0,
amtrak,amtrak:293924,293924,amtrak:WIL,WIL,8:05:00,8:06:00,3,0,0,
amtrak,amtrak:293924,293924,amtrak:PHL,PHL,8:26:00,8:29:00,4,0,0,
amtrak,amtrak:293924,293924,amtrak:NWK,NWK,9:26:00,9:27:00,5,0,0,
amtrak,amtrak:293924,293924,amtrak:NYP,NYP,9:49:00,10:00:00,6,0,0,
amtrak,amtrak:293924,293924,amtrak:STM,STM,10:50:00,10:52:00,7,0,0,
amtrak,amtrak:293924,293924,amtrak:NHV,NHV,11:43:00,11:45:00,8,0,0,
amtrak,amtrak:293924,293924,amtrak:PVD,PVD,13:07:00,13:07:00,9,0,0,
amtrak,amtrak:293924,293924,amtrak:RTE,RTE,13:36:00,13:37:00,10,1,0,
amtrak,amtrak:293924,293924,amtrak:BBY,BBY,13:50:00,13:51:00,11,1,0,
amtrak,amtrak:293924,293924,amtrak:BOS,BOS,13:56:00,13:56:00,12,0,0,
amtrak,amtrak:293926,293926,amtrak:WAS,WAS,6:50:00,6:50:00,1,0,0,
amtrak,amtrak:293926,293926,amtrak:BWI,BWI,7:10:00,7:11:00,2,0,0,
amtrak,amtrak:293926,293926,amtrak:WIL,WIL,8:05:00,8:06:00,3,0,0,
amtrak,amtrak:293926,293926,amtrak:PHL,PHL,8:26:00,8:29:00,4,0,0,
amtrak,amtrak:293926,293926,amtrak:NWK,NWK,9:26:00,9:27:00,5,0,0,
amtrak,amtrak:293926,293926,amtrak:NYP,NYP,9:49:00,10:00:00,6,0,0,
amtrak,amtrak:293926,293926,amtrak:STM,STM,10:50:00,10:52:00,7,0,0,
amtrak,amtrak:293926,293926,amtrak:NHV,NHV,11:43:00,11:45:00,8,0,0,
amtrak,amtrak:293926,293926,amtrak:PVD,PVD,13:07:00,13:07:00,9,0,0,
amtrak,amtrak:293926,293926,amtrak:RTE,RTE,13:36:00,13:37:00,10,1,0,
amtrak,amtrak:293926,293926,amtrak:BBY,BBY,13:50:00,13:51:00,11,1,0,
amtrak,amtrak:293926,293926,amtrak:BOS,BOS,13:56:00,13:56:00,12,0,0,
amtrak,amtrak:293928,293928,amtrak:WAS,WAS,6:50:00,6:50:00,1,0,0,
amtrak,amtrak:293928,293928,amtrak:BWI,BWI,7:10:00,7:11:00,2,0,0,
amtrak,amtrak:293928,293928,amtrak:WIL,WIL,8:05:00,8:06:00,3,0,0,
amtrak,amtrak:293928,293928,amtrak:PHL,PHL,8:26:00,8:29:00,4,0,0,
amtrak,amtrak:293928,293928,amtrak:NWK,NWK,9:26:00,9:27:00,5,0,0,
amtrak,amtrak:293928,293928,amtrak:NYP,NYP,9:49:00,10:00:00,6,0,0,
amtrak,amtrak:293928,293928,amtrak:STM,STM,10:50:00,10:52:00,7,0,0,
amtrak,amtrak:293928,293928,amtrak:NHV,NHV,11:43:00,11:45:00,8,0,0,
amtrak,amtrak:293928,293928,amtrak:PVD,PVD,13:07:00,13:07:00,9,0,0,
amtrak,amtrak:293928,293928,amtrak:RTE,RTE,13:36:00,13:37:00,10,1,0,
amtrak,amtrak:293928,293928,amtrak:BBY,BBY,13:50:00,13:51:00,11,1,0,
amtrak,amtrak:293928,293928,amtrak:BOS,BOS,13:56:00,13:56:00,12,0,0,
amtrak,amtrak:293929,293929,amtrak:WAS,WAS,6:50:00,6:50:00,1,0,0,
amtrak,amtrak:293929,293929,amtrak:BWI,BWI,7:10:00,7:11:00,2,0,0,
amtrak,amtrak:293929,293929,amtrak:WIL,WIL,8:05:00,8:06:00,3,0,0,
amtrak,amtrak:293929,293929,amtrak:PHL,PHL,8:26:00,8:29:00,4,0,0,
amtrak,amtrak:293929,293929,amtrak:NWK,NWK,9:26:00,9:27:00,5,0,0,
amtrak,amtrak:293929,293929,amtrak:NYP,NYP,9:49:00,10:00:00,6,0,0,
amtrak,amtrak:293929,293929,amtrak:STM,STM,10:50:00,10:52:00,7,0,0,
amtrak,amtrak:293929,293929,amtrak:NHV,NHV,11:43:00,11:45:00,8,0,0,
amtrak,amtrak:293929,293929,amtrak:PVD,PVD,13:07:00,13:07:00,9,0,0,
amtrak,amtrak:293929,293929,amtrak:RTE,RTE,13:36:00,13:37:00,10,1,0,
amtrak,amtrak:293929,293929,amtrak:BBY,BBY,13:50:00,13:51:00,11,1,0,
amtrak,amtrak:293929,293929,amtrak:BOS,BOS,13:56:00,13:56:00,12,0,0,
amtrak,amtrak:294011,294011,amtrak:WAS,WAS,12:50:00,12:50:00,1,0,0,
amtrak,amtrak:294011,294011,amtrak:BWI,BWI,13:11:00,13:11:00,2,0,0,
amtrak,amtrak:294011,294011,amtrak:WIL,WIL,14:08:00,14:09:00,3,0,0,
amtrak,amtrak:294011,294011,amtrak:PHL,PHL,14:35:00,14:36:00,4,0,0,
amtrak,amtrak:294011,294011,amtrak:NWK,NWK,15:35:00,15:35:00,5,0,0,
amtrak,amtrak:294011,294011,amtrak:NYP,NYP,15:54:00,16:04:00,6,0,0,
amtrak,amtrak:294011,294011,amtrak:STM,STM,16:52:00,16:54:00,7,0,0,
amtrak,amtrak:294011,294011,amtrak:NHV,NHV,17:43:00,17:44:00,8,0,0,
amtrak,amtrak:294011,294011,amtrak:PVD,PVD,19:17:00,19:17:00,9,0,0,
amtrak,amtrak:294011,294011,amtrak:RTE,RTE,19:45:00,19:46:00,10,1,0,
amtrak,amtrak:294011,294011,amtrak:BBY,BBY,19:57:00,19:58:00,11,1,0,
amtrak,amtrak:294011,294011,amtrak:BOS,BOS,20:04:00,20:04:00,12,0,0,
amtrak,amtrak:294014,294014,amtrak:WAS,WAS,12:50:00,12:50:00,1,0,0,
amtrak,amtrak:294014,294014,amtrak:BWI,BWI,13:11:00,13:11:00,2,0,0,
amtrak,amtrak:294014,294014,amtrak:WIL,WIL,14:11:00,14:12:00,3,0,0,
amtrak,amtrak:294014,294014,amtrak:PHL,PHL,14:35:00,14:36:00,4,0,0,
amtrak,amtrak:294014,294014,amtrak:NWK,NWK,15:35:00,15:35:00,5,0,0,
amtrak,amtrak:294014,294014,amtrak:NYP,NYP,15:54:00,16:04:00,6,0,0,
amtrak,amtrak:294014,294014,amtrak:STM,STM,16:52:00,16:54:00,7,0,0,
amtrak,amtrak:294014,294014,amtrak:NHV,NHV,17:43:00,17:44:00,8,0,0,
amtrak,amtrak:294014,294014,amtrak:PVD,PVD,19:17:00,19:17:00,9,0,0,
amtrak,amtrak:294014,294014,amtrak:RTE,RTE,19:45:00,19:46:00,10,1,0,
amtrak,amtrak:294014,294014,amtrak:BBY,BBY,19:57:00,19:58:00,11,1,0,
amtrak,amtrak:294014,294014,amtrak:BOS,BOS,20:04:00,20:04:00,12,0,0,
amtrak,amtrak:294016,294016,amtrak:WAS,WAS,12:50:00,12:50:00,1,0,0,
amtrak,amtrak:294016,294016,amtrak:BWI,BWI,13:11:00,13:11:00,2,0,0,
amtrak,amtrak:294016,294016,amtrak:WIL,WIL,14:11:00,14:12:00,3,0,0,
amtrak,amtrak:294016,294016,amtrak:PHL,PHL,14:35:00,14:36:00,4,0,0,
amtrak,amtrak:294016,294016,amtrak:NWK,NWK,15:35:00,15:35:00,5,0,0,
amtrak,amtrak:294016,294016,amtrak:NYP,NYP,15:54:00,16:04:00,6,0,0,
amtrak,amtrak:294016,294016,amtrak:STM,STM,16:52:00,16:54:00,7,0,0,
amtrak,amtrak:294016,294016,amtrak:NHV,NHV,17:43:00,17:44:00,8,0,0,
amtrak,amtrak:294016,294016,amtrak:PVD,PVD,19:17:00,19:17:00,9,0,0,
amtrak,amtrak:294016,294016,amtrak:RTE,RTE,19:45:00,19:46:00,10,1,0,
amtrak,amtrak:294016,294016,amtrak:BBY,BBY,19:57:00,19:58:00,11,1,0,
amtrak,amtrak:294016,294016,amtrak:BOS,BOS,20:04:00,20:04:00,12,0,0,
amtrak,amtrak:294018,294018,amtrak:WAS,WAS,12:50:00,12:50:00,1,0,0,
amtrak,amtrak:294018,294018,amtrak:BWI,BWI,13:11:00,13:11:00,2,0,0,
amtrak,amtrak:294018,294018,amtrak:WIL,WIL,14:11:00,14:12:00,3,0,0,
amtrak,amtrak:294018,294018,amtrak:PHL,PHL,14:35:00,14:36:00,4,0,0,
amtrak,amtrak:294018,294018,amtrak:NWK,NWK,15:35:00,15:35:00,5,0,0,
amtrak,amtrak:294018,294018,amtrak:NYP,NYP,15:54:00,16:04:00,6,0,0,
amtrak,amtrak:294018,294018,amtrak:STM,STM,16:52:00,16:54:00,7,0,0,
amtrak,amtrak:294018,294018,amtrak:NHV,NHV,17:43:00,17:44:00,8,0,0,
amtrak,amtrak:294018,294018,amtrak:PVD,PVD,19:17:00,19:17:00,9,0,0,
amtrak,amtrak:294018,294018,amtrak:RTE,RTE,19:45:00,19:46:00,10,1,0,
amtrak,amtrak:294018,294018,amtrak:BBY,BBY,19:57:00,19:58:00,11,1,0,
amtrak,amtrak:294018,294018,amtrak:BOS,BOS,20:04:00,20:04:00,12,0,0,
amtrak,amtrak:294019,294019,amtrak:WAS,WAS,12:50:00,12:50:00,1,0,0,
amtrak,amtrak:294019,294019,amtrak:BWI,BWI,13:11:00,13:11:00,2,0,0,
amtrak,amtrak:294019,294019,amtrak:WIL,WIL,14:11:00,14:12:00,3,0,0,
amtrak,amtrak:294019,294019,amtrak:PHL,PHL,14:35:00,14:36:00,4,0,0,
amtrak,amtrak:294019,294019,amtrak:NWK,NWK,15:35:00,15:35:00,5,0,0,
amtrak,amtrak:294019,294019,amtrak:NYP,NYP,15:54:00,16:04:00,6,0,0,
amtrak,amtrak:294019,294019,amtrak:STM,STM,16:52:00,16:54:00,7,0,0,
amtrak,amtrak:294019,294019,amtrak:NHV,NHV,17:43:00,17:44:00,8,0,0,
amtrak,amtrak:294019,294019,amtrak:PVD,PVD,19:17:00,19:17:00,9,0,0,
amtrak,amtrak:294019,294019,amtrak:RTE,RTE,19:45:00,19:46:00,10,1,0,
amtrak,amtrak:294019,294019,amtrak:BBY,BBY,19:57:00,19:58:00,11,1,0,
amtrak,amtrak:294019,294019,amtrak:BOS,BOS,20:04:00,20:04:00,12,0,0,
amtrak,amtrak:294022,294022,amtrak:WAS,WAS,14:50:00,14:50:00,1,0,0,
amtrak,amtrak:294022,294022,amtrak:BWI,BWI,15:10:00,15:11:00,2,0,0,
amtrak,amtrak:294022,294022,amtrak:WIL,WIL,16:05:00,16:06:00,3,0,0,
amtrak,amtrak:294022,294022,amtrak:PHL,PHL,16:31:00,16:33:00,4,0,0,
amtrak,amtrak:294022,294022,amtrak:NWK,NWK,17:30:00,17:31:00,5,0,0,
amtrak,amtrak:294022,294022,amtrak:NYP,NYP,17:49:00,18:05:00,6,0,0,
amtrak,amtrak:294022,294022,amtrak:STM,STM,18:48:00,18:50:00,7,0,0,
amtrak,amtrak:294022,294022,amtrak:NHV,NHV,19:42:00,19:44:00,8,0,0,
amtrak,amtrak:294022,294022,amtrak:PVD,PVD,21:10:00,21:10:00,9,0,0,
amtrak,amtrak:294022,294022,amtrak:RTE,RTE,21:38:00,21:39:00,10,1,0,
amtrak,amtrak:294022,294022,amtrak:BBY,BBY,21:50:00,21:51:00,11,1,0,
amtrak,amtrak:294022,294022,amtrak:BOS,BOS,21:58:00,21:58:00,12,0,0,
amtrak,amtrak:294025,294025,amtrak:WAS,WAS,14:50:00,14:50:00,1,0,0,
amtrak,amtrak:294025,294025,amtrak:BWI,BWI,15:10:00,15:11:00,2,0,0,
amtrak,amtrak:294025,294025,amtrak:WIL,WIL,16:06:00,16:07:00,3,0,0,
amtrak,amtrak:294025,294025,amtrak:PHL,PHL,16:29:00,16:31:00,4,0,0,
amtrak,amtrak:294025,294025,amtrak:NWK,NWK,17:30:00,17:31:00,5,0,0,
amtrak,amtrak:294025,294025,amtrak:NYP,NYP,17:49:00,18:05:00,6,0,0,
amtrak,amtrak:294025,294025,amtrak:STM,STM,18:48:00,18:50:00,7,0,0,
amtrak,amtrak:294025,294025,amtrak:NHV,NHV,19:42:00,19:44:00,8,0,0,
amtrak,amtrak:294025,294025,amtrak:PVD,PVD,21:10:00,21:10:00,9,0,0,
amtrak,amtrak:294025,294025,amtrak:RTE,RTE,21:38:00,21:39:00,10,1,0,
amtrak,amtrak:294025,294025,amtrak:BBY,BBY,21:50:00,21:51:00,11,1,0,
amtrak,amtrak:294025,294025,amtrak:BOS,BOS,21:58:00,21:58:00,12,0,0,
amtrak,amtrak:294027,294027,amtrak:WAS,WAS,14:50:00,14:50:00,1,0,0,
amtrak,amtrak:294027,294027,amtrak:BWI,BWI,15:10:00,15:11:00,2,0,0,
amtrak,amtrak:294027,294027,amtrak:WIL,WIL,16:06:00,16:07:00,3,0,0,
amtrak,amtrak:294027,294027,amtrak:PHL,PHL,16:29:00,16:31:00,4,0,0,
amtrak,amtrak:294027,294027,amtrak:NWK,NWK,17:30:00,17:31:00,5,0,0,
amtrak,amtrak:294027,294027,amtrak:NYP,NYP,17:49:00,18:05:00,6,0,0,
amtrak,amtrak:294027,294027,amtrak:STM,STM,18:48:00,18:50:00,7,0,0,
amtrak,amtrak:294027,294027,amtrak:NHV,NHV,19:42:00,19:44:00,8,0,0,
amtrak,amtrak:294027,294027,amtrak:PVD,PVD,21:10:00,21:10:00,9,0,0,
amtrak,amtrak:294027,294027,amtrak:RTE,RTE,21:38:00,21:39:00,10,1,0,
amtrak,amtrak:294027,294027,amtrak:BBY,BBY,21:50:00,21:51:00,11,1,0,
amtrak,amtrak:294027,294027,amtrak:BOS,BOS,21:58:00,21:58:00,12,0,0,
amtrak,amtrak:294029,294029,amtrak:WAS,WAS,14:50:00,14:50:00,1,0,0,
amtrak,amtrak:294029,294029,amtrak:BWI,BWI,15:10:00,15:11:00,2,0,0,
amtrak,amtrak:294029,294029,amtrak:WIL,WIL,16:06:00,16:07:00,3,0,0,
amtrak,amtrak:294029,294029,amtrak:PHL,PHL,16:29:00,16:31:00,4,0,0,
amtrak,amtrak:294029,294029,amtrak:NWK,NWK,17:30:00,17:31:00,5,0,0,
amtrak,amtrak:294029,294029,amtrak:NYP,NYP,17:49:00,18:05:00,6,0,0,
amtrak,amtrak:294029,294029,amtrak:STM,STM,18:48:00,18:50:00,7,0,0,
amtrak,amtrak:294029,294029,amtrak:NHV,NHV,19:42:00,19:44:00,8,0,0,
amtrak,amtrak:294029,294029,amtrak:PVD,PVD,21:10:00,21:10:00,9,0,0,
amtrak,amtrak:294029,294029,amtrak:RTE,RTE,21:38:00,21:39:00,10,1,0,
amtrak,amtrak:294029,294029,amtrak:BBY,BBY,21:50:00,21:51:00,11,1,0,
amtrak,amtrak:294029,294029,amtrak:BOS,BOS,21:58:00,21:58:00,12,0,0,
amtrak,amtrak:294030,294030,amtrak:WAS,WAS,14:50:00,14:50:00,1,0,0,
amtrak,amtrak:294030,294030,amtrak:BWI,BWI,15:10:00,15:11:00,2,0,0,
amtrak,amtrak:294030,294030,amtrak:WIL,WIL,16:06:00,16:07:00,3,0,0,
amtrak,amtrak:294030,294030,amtrak:PHL,PHL,16:29:00,16:31:00,4,0,0,
amtrak,amtrak:294030,294030,amtrak:NWK,NWK,17:30:00,17:31:00,5,0,0,
amtrak,amtrak:294030,294030,amtrak:NYP,NYP,17:49:00,18:05:00,6,0,0,
amtrak,amtrak:294030,294030,amtrak:STM,STM,18:48:00,18:50:00,7,0,0,
amtrak,amtrak:294030,294030,amtrak:NHV,NHV,19:42:00,19:44:00,8,0,0,
amtrak,amtrak:294030,294030,amtrak:PVD,PVD,21:10:00,21:10:00,9,0,0,
amtrak,amtrak:294030,294030,amtrak:RTE,RTE,21:38:00,21:39:00,10,1,0,
amtrak,amtrak:294030,294030,amtrak:BBY,BBY,21:50:00,21:51:00,11,1,0,
amtrak,amtrak:294030,294030,amtrak:BOS,BOS,21:58:00,21:58:00,12,0,0,
amtrak,amtrak:294034,294034,amtrak:NYP,NYP,5:27:00,5:27:00,1,0,0,
amtrak,amtrak:294034,294034,amtrak:STM,STM,6:13:00,6:14:00,2,0,0,
amtrak,amtrak:294034,294034,amtrak:NHV,NHV,7:10:00,7:13:00,3,0,0,
amtrak,amtrak:294034,294034,amtrak:PVD,PVD,8:40:00,8:40:00,4,0,0,
amtrak,amtrak:294034,294034,amtrak:RTE,RTE,9:11:00,9:11:00,5,1,0,
amtrak,amtrak:294034,294034,amtrak:BBY,BBY,9:25:00,9:25:00,6,1,0,
amtrak,amtrak:294034,294034,amtrak:BOS,BOS,9:32:00,9:32:00,7,0,0,
amtrak,amtrak:294036,294036,amtrak:NYP,NYP,5:27:00,5:27:00,1,0,0,
amtrak,amtrak:294036,294036,amtrak:STM,STM,6:13:00,6:14:00,2,0,0,
amtrak,amtrak:294036,294036,amtrak:NHV,NHV,7:10:00,7:13:00,3,0,0,
amtrak,amtrak:294036,294036,amtrak:PVD,PVD,8:40:00,8:40:00,4,0,0,
amtrak,amtrak:294036,294036,amtrak:RTE,RTE,9:11:00,9:11:00,5,1,0,
amtrak,amtrak:294036,294036,amtrak:BBY,BBY,9:25:00,9:25:00,6,1,0,
amtrak,amtrak:294036,294036,amtrak:BOS,BOS,9:32:00,9:32:00,7,0,0,
amtrak,amtrak:294038,294038,amtrak:NYP,NYP,5:27:00,5:27:00,1,0,0,
amtrak,amtrak:294038,294038,amtrak:STM,STM,6:13:00,6:14:00,2,0,0,
amtrak,amtrak:294038,294038,amtrak:NHV,NHV,7:10:00,7:13:00,3,0,0,
amtrak,amtrak:294038,294038,amtrak:PVD,PVD,8:40:00,8:40:00,4,0,0,
amtrak,amtrak:294038,294038,amtrak:RTE,RTE,9:11:00,9:11:00,5,1,0,
amtrak,amtrak:294038,294038,amtrak:BBY,BBY,9:25:00,9:25:00,6,1,0,
amtrak,amtrak:294038,294038,amtrak:BOS,BOS,9:32:00,9:32:00,7,0,0,
amtrak,amtrak:294040,294040,amtrak:NYP,NYP,5:27:00,5:27:00,1,0,0,
amtrak,amtrak:294040,294040,amtrak:STM,STM,6:13:00,6:14:00,2,0,0,
amtrak,amtrak:294040,294040,amtrak:NHV,NHV,7:10:00,7:13:00,3,0,0,
amtrak,amtrak:294040,294040,amtrak:PVD,PVD,8:40:00,8:40:00,4,0,0,
amtrak,amtrak:294040,294040,amtrak:RTE,RTE,9:11:00,9:11:00,5,1,0,
amtrak,amtrak:294040,294040,amtrak:BBY,BBY,9:25:00,9:25:00,6,1,0,
amtrak,amtrak:294040,294040,amtrak:BOS,BOS,9:32:00,9:32:00,7,0,0,
amtrak,amtrak:294041,294041,amtrak:NYP,NYP,5:27:00,5:27:00,1,0,0,
amtrak,amtrak:294041,294041,amtrak:STM,STM,6:13:00,6:14:00,2,0,0,
amtrak,amtrak:294041,294041,amtrak:NHV,NHV,7:10:00,7:13:00,3,0,0,
amtrak,amtrak:294041,294041,amtrak:PVD,PVD,8:40:00,8:40:00,4,0,0,
amtrak,amtrak:294041,294041,amtrak:RTE,RTE,9:11:00,9:11:00,5,1,0,
amtrak,amtrak:294041,294041,amtrak:BBY,BBY,9:25:00,9:25:00,6,1,0,
amtrak,amtrak:294041,294041,amtrak:BOS,BOS,9:32:00,9:32:00,7,0,0,
amtrak,amtrak:294109,294109,amtrak:WAS,WAS,10:55:00,10:55:00,1,0,0,
amtrak,amtrak:294109,294109,amtrak:BAL,BAL,11:25:00,11:26:00,2,0,0,
amtrak,amtrak:294109,294109,amtrak:WIL,WIL,12:09:00,12:10:00,3,0,0,
amtrak,amtrak:294109,294109,amtrak:PHL,PHL,12:31:00,12:33:00,4,0,0,
amtrak,amtrak:294109,294109,amtrak:NWK,NWK,13:35:00,13:36:00,5,0,0,
amtrak,amtrak:294109,294109,amtrak:NYP,NYP,13:56:00,14:06:00,6,0,0,
amtrak,amtrak:294109,294109,amtrak:NHV,NHV,15:40:00,15:42:00,7,0,0,
amtrak,amtrak:294109,294109,amtrak:PVD,PVD,17:09:00,17:09:00,8,0,0,
amtrak,amtrak:294109,294109,amtrak:RTE,RTE,17:34:00,17:35:00,9,1,0,
amtrak,amtrak:294109,294109,amtrak:BBY,BBY,17:53:00,17:54:00,10,1,0,
amtrak,amtrak:294109,294109,amtrak:BOS,BOS,18:03:00,18:03:00,11,0,0,
amtrak,amtrak:294111,294111,amtrak:WAS,WAS,10:55:00,10:55:00,1,0,0,
amtrak,amtrak:294111,294111,amtrak:BAL,BAL,11:25:00,11:26:00,2,0,0,
amtrak,amtrak:294111,294111,amtrak:WIL,WIL,12:09:00,12:10:00,3,0,0,
amtrak,amtrak:294111,294111,amtrak:PHL,PHL,12:31:00,12:33:00,4,0,0,
amtrak,amtrak:294111,294111,amtrak:NWK,NWK,13:35:00,13:36:00,5,0,0,
amtrak,amtrak:294111,294111,amtrak:NYP,NYP,13:56:00,14:06:00,6,0,0,
amtrak,amtrak:294111,294111,amtrak:NHV,NHV,15:40:00,15:42:00,7,0,0,
amtrak,amtrak:294111,294111,amtrak:PVD,PVD,17:09:00,17:09:00,8,0,0,
amtrak,amtrak:294111,294111,amtrak:RTE,RTE,17:34:00,17:35:00,9,1,0,
amtrak,amtrak:294111,294111,amtrak:BBY,BBY,17:53:00,17:54:00,10,1,0,
amtrak,amtrak:294111,294111,amtrak:BOS,BOS,18:03:00,18:03:00,11,0,0,
amtrak,amtrak:294113,294113,amtrak:WAS,WAS,10:55:00,10:55:00,1,0,0,
amtrak,amtrak:294113,294113,amtrak:BAL,BAL,11:25:00,11:26:00,2,0,0,
amtrak,amtrak:294113,294113,amtrak:WIL,WIL,12:09:00,12:10:00,3,0,0,
amtrak,amtrak:294113,294113,amtrak:PHL,PHL,12:31:00,12:33:00,4,0,0,
amtrak,amtrak:294113,294113,amtrak:NWK,NWK,13:35:00,13:36:00,5,0,0,
amtrak,amtrak:294113,294113,amtrak:NYP,NYP,13:56:00,14:06:00,6,0,0,
amtrak,amtrak:294113,294113,amtrak:NHV,NHV,15:40:00,15:42:00,7,0,0,
amtrak,amtrak:294113,294113,amtrak:PVD,PVD,17:09:00,17:09:00,8,0,0,
amtrak,amtrak:294113,294113,amtrak:RTE,RTE,17:34:00,17:35:00,9,1,0,
amtrak,amtrak:294113,294113,amtrak:BBY,BBY,17:53:00,17:54:00,10,1,0,
amtrak,amtrak:294113,294113,amtrak:BOS,BOS,18:03:00,18:03:00,11,0,0,
amtrak,amtrak:294115,294115,amtrak:WAS,WAS,10:55:00,10:55:00,1,0,0,
amtrak,amtrak:294115,294115,amtrak:BAL,BAL,11:25:00,11:26:00,2,0,0,
amtrak,amtrak:294115,294115,amtrak:WIL,WIL,12:09:00,12:10:00,3,0,0,
amtrak,amtrak:294115,294115,amtrak:PHL,PHL,12:31:00,12:33:00,4,0,0,
amtrak,amtrak:294115,294115,amtrak:NWK,NWK,13:35:00,13:36:00,5,0,0,
amtrak,amtrak:294115,294115,amtrak:NYP,NYP,13:56:00,14:06:00,6,0,0,
amtrak,amtrak:294115,294115,amtrak:NHV,NHV,15:40:00,15:42:00,7,0,0,
amtrak,amtrak:294115,294115,amtrak:PVD,PVD,17:09:00,17:09:00,8,0,0,
amtrak,amtrak:294115,294115,amtrak:RTE,RTE,17:34:00,17:35:00,9,1,0,
amtrak,amtrak:294115,294115,amtrak:BBY,BBY,17:53:00,17:54:00,10,1,0,
amtrak,amtrak:294115,294115,amtrak:BOS,BOS,18:03:00,18:03:00,11,0,0,
amtrak,amtrak:294116,294116,amtrak:WAS,WAS,10:55:00,10:55:00,1,0,0,
amtrak,amtrak:294116,294116,amtrak:BAL,BAL,11:25:00,11:26:00,2,0,0,
amtrak,amtrak:294116,294116,amtrak:WIL,WIL,12:09:00,12:10:00,3,0,0,
amtrak,amtrak:294116,294116,amtrak:PHL,PHL,12:31:00,12:33:00,4,0,0,
amtrak,amtrak:294116,294116,amtrak:NWK,NWK,13:35:00,13:36:00,5,0,0,
amtrak,amtrak:294116,294116,amtrak:NYP,NYP,13:56:00,14:06:00,6,0,0,
amtrak,amtrak:294116,294116,amtrak:NHV,NHV,15:40:00,15:42:00,7,0,0,
amtrak,amtrak:294116,294116,amtrak:PVD,PVD,17:09:00,17:09:00,8,0,0,
amtrak,amtrak:294116,294116,amtrak:RTE,RTE,17:34:00,17:35:00,9,1,0,
amtrak,amtrak:294116,294116,amtrak:BBY,BBY,17:53:00,17:54:00,10,1,0,
amtrak,amtrak:294116,294116,amtrak:BOS,BOS,18:03:00,18:03:00,11,0,0,
amtrak,amtrak:294351,294351,amtrak:PHL,PHL,5:58:00,5:58:00,1,0,0,
amtrak,amtrak:294351,294351,amtrak:TRE,TRE,6:25:00,6:27:00,2,0,0,
amtrak,amtrak:294351,294351,amtrak:NWK,NWK,7:05:00,7:07:00,3,0,0,
amtrak,amtrak:294351,294351,amtrak:NYP,NYP,7:26:00,7:41:00,4,0,0,
amtrak,amtrak:294351,294351,amtrak:NRO,NRO,8:12:00,8:13:00,5,0,0,
amtrak,amtrak:294351,294351,amtrak:STM,STM,8:31:00,8:33:00,6,0,0,
amtrak,amtrak:294351,294351,amtrak:BRP,BRP,9:03:00,9:04:00,7,0,0,
amtrak,amtrak:294351,294351,amtrak:NHV,NHV,9:32:00,9:39:00,8,0,0,
amtrak,amtrak:294351,294351,amtrak:NLC,NLC,10:24:00,10:25:00,9,0,0,
amtrak,amtrak:294351,294351,amtrak:MYS,MYS,10:36:00,10:37:00,10,0,0,
amtrak,amtrak:294351,294351,amtrak:KIN,KIN,10:58:00,10:59:00,11,0,0,
amtrak,amtrak:294351,294351,amtrak:PVD,PVD,11:17:00,11:17:00,12,0,0,
amtrak,amtrak:294351,294351,amtrak:RTE,RTE,11:48:00,11:48:00,13,1,0,
amtrak,amtrak:294351,294351,amtrak:BBY,BBY,11:59:00,11:59:00,14,1,0,
amtrak,amtrak:294351,294351,amtrak:BOS,BOS,12:06:00,12:06:00,15,0,0,
amtrak,amtrak:294354,294354,amtrak:PHL,PHL,5:58:00,5:58:00,1,0,0,
amtrak,amtrak:294354,294354,amtrak:TRE,TRE,6:25:00,6:27:00,2,0,0,
amtrak,amtrak:294354,294354,amtrak:NWK,NWK,7:05:00,7:07:00,3,0,0,
amtrak,amtrak:294354,294354,amtrak:NYP,NYP,7:26:00,7:41:00,4,0,0,
amtrak,amtrak:294354,294354,amtrak:NRO,NRO,8:12:00,8:13:00,5,0,0,
amtrak,amtrak:294354,294354,amtrak:STM,STM,8:31:00,8:33:00,6,0,0,
amtrak,amtrak:294354,294354,amtrak:BRP,BRP,9:03:00,9:04:00,7,0,0,
amtrak,amtrak:294354,294354,amtrak:NHV,NHV,9:32:00,9:39:00,8,0,0,
amtrak,amtrak:294354,294354,amtrak:NLC,NLC,10:24:00,10:25:00,9,0,0,
amtrak,amtrak:294354,294354,amtrak:MYS,MYS,10:36:00,10:37:00,10,0,0,
amtrak,amtrak:294354,294354,amtrak:KIN,KIN,10:58:00,10:59:00,11,0,0,
amtrak,amtrak:294354,294354,amtrak:PVD,PVD,11:17:00,11:17:00,12,0,0,
amtrak,amtrak:294354,294354,amtrak:RTE,RTE,11:48:00,11:48:00,13,1,0,
amtrak,amtrak:294354,294354,amtrak:BBY,BBY,11:59:00,11:59:00,14,1,0,
amtrak,amtrak:294354,294354,amtrak:BOS,BOS,12:06:00,12:06:00,15,0,0,
amtrak,amtrak:294356,294356,amtrak:PHL,PHL,5:58:00,5:58:00,1,0,0,
amtrak,amtrak:294356,294356,amtrak:TRE,TRE,6:25:00,6:27:00,2,0,0,
amtrak,amtrak:294356,294356,amtrak:NWK,NWK,7:05:00,7:07:00,3,0,0,
amtrak,amtrak:294356,294356,amtrak:NYP,NYP,7:26:00,7:41:00,4,0,0,
amtrak,amtrak:294356,294356,amtrak:NRO,NRO,8:12:00,8:13:00,5,0,0,
amtrak,amtrak:294356,294356,amtrak:STM,STM,8:31:00,8:33:00,6,0,0,
amtrak,amtrak:294356,294356,amtrak:BRP,BRP,9:03:00,9:04:00,7,0,0,
amtrak,amtrak:294356,294356,amtrak:NHV,NHV,9:32:00,9:39:00,8,0,0,
amtrak,amtrak:294356,294356,amtrak:NLC,NLC,10:24:00,10:25:00,9,0,0,
amtrak,amtrak:294356,294356,amtrak:MYS,MYS,10:36:00,10:37:00,10,0,0,
amtrak,amtrak:294356,294356,amtrak:KIN,KIN,10:58:00,10:59:00,11,0,0,
amtrak,amtrak:294356,294356,amtrak:PVD,PVD,11:17:00,11:17:00,12,0,0,
amtrak,amtrak:294356,294356,amtrak:RTE,RTE,11:48:00,11:48:00,13,1,0,
amtrak,amtrak:294356,294356,amtrak:BBY,BBY,11:59:00,11:59:00,14,1,0,
amtrak,amtrak:294356,294356,amtrak:BOS,BOS,12:06:00,12:06:00,15,0,0,
amtrak,amtrak:294358,294358,amtrak:PHL,PHL,5:58:00,5:58:00,1,0,0,
amtrak,amtrak:294358,294358,amtrak:TRE,TRE,6:25:00,6:27:00,2,0,0,
amtrak,amtrak:294358,294358,amtrak:NWK,NWK,7:05:00,7:07:00,3,0,0,
amtrak,amtrak:294358,294358,amtrak:NYP,NYP,7:26:00,7:41:00,4,0,0,
amtrak,amtrak:294358,294358,amtrak:NRO,NRO,8:12:00,8:13:00,5,0,0,
amtrak,amtrak:294358,294358,amtrak:STM,STM,8:31:00,8:33:00,6,0,0,
amtrak,amtrak:294358,294358,amtrak:BRP,BRP,9:03:00,9:04:00,7,0,0,
amtrak,amtrak:294358,294358,amtrak:NHV,NHV,9:32:00,9:39:00,8,0,0,
amtrak,amtrak:294358,294358,amtrak:NLC,NLC,10:24:00,10:25:00,9,0,0,
amtrak,amtrak:294358,294358,amtrak:MYS,MYS,10:36:00,10:37:00,10,0,0,
amtrak,amtrak:294358,294358,amtrak:KIN,KIN,10:58:00,10:59:00,11,0,0,
amtrak,amtrak:294358,294358,amtrak:PVD,PVD,11:17:00,11:17:00,12,0,0,
amtrak,amtrak:294358,294358,amtrak:RTE,RTE,11:48:00,11:48:00,13,1,0,
amtrak,amtrak:294358,294358,amtrak:BBY,BBY,11:59:00,11:59:00,14,1,0,
amtrak,amtrak:294358,294358,amtrak:BOS,BOS,12:06:00,12:06:00,15,0,0,
amtrak,amtrak:294359,294359,amtrak:PHL,PHL,5:58:00,5:58:00,1,0,0,
amtrak,amtrak:294359,294359,amtrak:TRE,TRE,6:25:00,6:27:00,2,0,0,
amtrak,amtrak:294359,294359,amtrak:NWK,NWK,7:05:00,7:07:00,3,0,0,
amtrak,amtrak:294359,294359,amtrak:NYP,NYP,7:26:00,7:41:00,4,0,0,
amtrak,amtrak:294359,294359,amtrak:NRO,NRO,8:12:00,8:13:00,5,0,0,
amtrak,amtrak:294359,294359,amtrak:STM,STM,8:31:00,8:33:00,6,0,0,
amtrak,amtrak:294359,294359,amtrak:BRP,BRP,9:03:00,9:04:00,7,0,0,
amtrak,amtrak:294359,294359,amtrak:NHV,NHV,9:32:00,9:39:00,8,0,0,
amtrak,amtrak:294359,294359,amtrak:NLC,NLC,10:24:00,10:25:00,9,0,0,
amtrak,amtrak:294359,294359,amtrak:MYS,MYS,10:36:00,10:37:00,10,0,0,
amtrak,amtrak:294359,294359,amtrak:KIN,KIN,10:58:00,10:59:00,11,0,0,
amtrak,amtrak:294359,294359,amtrak:PVD,PVD,11:17:00,11:17:00,12,0,0,
amtrak,amtrak:294359,294359,amtrak:RTE,RTE,11:48:00,11:48:00,13,1,0,
amtrak,amtrak:294359,294359,amtrak:BBY,BBY,11:59:00,11:59:00,14,1,0,
amtrak,amtrak:294359,294359,amtrak:BOS,BOS,12:06:00,12:06:00,15,0,0,
amtrak,amtrak:294433,294433,amtrak:WAS,WAS,5:05:00,5:05:00,1,0,0,
amtrak,amtrak:294433,294433,amtrak:BWI,BWI,5:28:00,5:29:00,2,0,0,
amtrak,amtrak:294433,294433,amtrak:BAL,BAL,5:42:00,5:44:00,3,0,0,
amtrak,amtrak:294433,294433,amtrak:WIL,WIL,6:28:00,6:29:00,4,0,0,
amtrak,amtrak:294433,294433,amtrak:PHL,PHL,6:55:00,6:58:00,5,0,0,
amtrak,amtrak:294433,294433,amtrak:TRE,TRE,7:27:00,7:29:00,6,0,0,
amtrak,amtrak:294433,294433,amtrak:MET,MET,7:52:00,7:53:00,7,0,0,
amtrak,amtrak:294433,294433,amtrak:NWK,NWK,8:06:00,8:07:00,8,0,0,
amtrak,amtrak:294433,294433,amtrak:NYP,NYP,8:27:00,8:45:00,9,0,0,
amtrak,amtrak:294433,294433,amtrak:NRO,NRO,9:19:00,9:20:00,10,0,0,
amtrak,amtrak:294433,294433,amtrak:BRP,BRP,10:08:00,10:09:00,11,0,0,
amtrak,amtrak:294433,294433,amtrak:NHV,NHV,10:36:00,10:44:00,12,0,0,
amtrak,amtrak:294433,294433,amtrak:NLC,NLC,11:29:00,11:30:00,13,0,0,
amtrak,amtrak:294433,294433,amtrak:KIN,KIN,12:01:00,12:02:00,14,0,0,
amtrak,amtrak:294433,294433,amtrak:PVD,PVD,12:20:00,12:20:00,15,0,0,
amtrak,amtrak:294433,294433,amtrak:RTE,RTE,12:53:00,12:53:00,16,1,0,
amtrak,amtrak:294433,294433,amtrak:BBY,BBY,13:04:00,13:04:00,17,1,0,
amtrak,amtrak:294433,294433,amtrak:BOS,BOS,13:11:00,13:11:00,18,0,0,
amtrak,amtrak:294436,294436,amtrak:WAS,WAS,5:05:00,5:05:00,1,0,0,
amtrak,amtrak:294436,294436,amtrak:BWI,BWI,5:28:00,5:29:00,2,0,0,
amtrak,amtrak:294436,294436,amtrak:BAL,BAL,5:42:00,5:44:00,3,0,0,
amtrak,amtrak:294436,294436,amtrak:WIL,WIL,6:32:00,6:33:00,4,0,0,
amtrak,amtrak:294436,294436,amtrak:PHL,PHL,6:55:00,6:58:00,5,0,0,
amtrak,amtrak:294436,294436,amtrak:TRE,TRE,7:27:00,7:29:00,6,0,0,
amtrak,amtrak:294436,294436,amtrak:MET,MET,7:52:00,7:53:00,7,0,0,
amtrak,amtrak:294436,294436,amtrak:NWK,NWK,8:06:00,8:07:00,8,0,0,
amtrak,amtrak:294436,294436,amtrak:NYP,NYP,8:27:00,8:45:00,9,0,0,
amtrak,amtrak:294436,294436,amtrak:NRO,NRO,9:19:00,9:20:00,10,0,0,
amtrak,amtrak:294436,294436,amtrak:BRP,BRP,10:08:00,10:09:00,11,0,0,
amtrak,amtrak:294436,294436,amtrak:NHV,NHV,10:36:00,10:44:00,12,0,0,
amtrak,amtrak:294436,294436,amtrak:NLC,NLC,11:29:00,11:30:00,13,0,0,
amtrak,amtrak:294436,294436,amtrak:KIN,KIN,12:01:00,12:02:00,14,0,0,
amtrak,amtrak:294436,294436,amtrak:PVD,PVD,12:20:00,12:20:00,15,0,0,
amtrak,amtrak:294436,294436,amtrak:RTE,RTE,12:53:00,12:53:00,16,1,0,
amtrak,amtrak:294436,294436,amtrak:BBY,BBY,13:04:00,13:04:00,17,1,0,
amtrak,amtrak:294436,294436,amtrak:BOS,BOS,13:11:00,13:11:00,18,0,0,
amtrak,amtrak:294438,294438,amtrak:WAS,WAS,5:05:00,5:05:00,1,0,0,
amtrak,amtrak:294438,294438,amtrak:BWI,BWI,5:28:00,5:29:00,2,0,0,
amtrak,amtrak:294438,294438,amtrak:BAL,BAL,5:42:00,5:44:00,3,0,0,
amtrak,amtrak:294438,294438,amtrak:WIL,WIL,6:32:00,6:33:00,4,0,0,
amtrak,amtrak:294438,294438,amtrak:PHL,PHL,6:55:00,6:58:00,5,0,0,
amtrak,amtrak:294438,294438,amtrak:TRE,TRE,7:27:00,7:29:00,6,0,0,
amtrak,amtrak:294438,294438,amtrak:MET,MET,7:52:00,7:53:00,7,0,0,
amtrak,amtrak:294438,294438,amtrak:NWK,NWK,8:06:00,8:07:00,8,0,0,
amtrak,amtrak:294438,294438,amtrak:NYP,NYP,8:27:00,8:45:00,9,0,0,
amtrak,amtrak:294438,294438,amtrak:NRO,NRO,9:19:00,9:20:00,10,0,0,
amtrak,amtrak:294438,294438,amtrak:BRP,BRP,10:08:00,10:09:00,11,0,0,
amtrak,amtrak:294438,294438,amtrak:NHV,NHV,10:36:00,10:44:00,12,0,0,
amtrak,amtrak:294438,294438,amtrak:NLC,NLC,11:29:00,11:30:00,13,0,0,
amtrak,amtrak:294438,294438,amtrak:KIN,KIN,12:01:00,12:02:00,14,0,0,
amtrak,amtrak:294438,294438,amtrak:PVD,PVD,12:20:00,12:20:00,15,0,0,
amtrak,amtrak:294438,294438,amtrak:RTE,RTE,12:53:00,12:53:00,16,1,0,
amtrak,amtrak:294438,294438,amtrak:BBY,BBY,13:04:00,13:04:00,17,1,0,
amtrak,amtrak:294438,294438,amtrak:BOS,BOS,13:11:00,13:11:00,18,0,0,
amtrak,amtrak:294440,294440,amtrak:WAS,WAS,5:05:00,5:05:00,1,0,0,
amtrak,amtrak:294440,294440,amtrak:BWI,BWI,5:28:00,5:29:00,2,0,0,
amtrak,amtrak:294440,294440,amtrak:BAL,BAL,5:42:00,5:44:00,3,0,0,
amtrak,amtrak:294440,294440,amtrak:WIL,WIL,6:32:00,6:33:00,4,0,0,
amtrak,amtrak:294440,294440,amtrak:PHL,PHL,6:55:00,6:58:00,5,0,0,
amtrak,amtrak:294440,294440,amtrak:TRE,TRE,7:27:00,7:29:00,6,0,0,
amtrak,amtrak:294440,294440,amtrak:MET,MET,7:52:00,7:53:00,7,0,0,
amtrak,amtrak:294440,294440,amtrak:NWK,NWK,8:06:00,8:07:00,8,0,0,
amtrak,amtrak:294440,294440,amtrak:NYP,NYP,8:27:00,8:45:00,9,0,0,
amtrak,amtrak:294440,294440,amtrak:NRO,NRO,9:19:00,9:20:00,10,0,0,
amtrak,amtrak:294440,294440,amtrak:BRP,BRP,10:08:00,10:09:00,11,0,0,
amtrak,amtrak:294440,294440,amtrak:NHV,NHV,10:36:00,10:44:00,12,0,0,
amtrak,amtrak:294440,294440,amtrak:NLC,NLC,11:29:00,11:30:00,13,0,0,
amtrak,amtrak:294440,294440,amtrak:KIN,KIN,12:01:00,12:02:00,14,0,0,
amtrak,amtrak:294440,294440,amtrak:PVD,PVD,12:20:00,12:20:00,15,0,0,
amtrak,amtrak:294440,294440,amtrak:RTE,RTE,12:53:00,12:53:00,16,1,0,
amtrak,amtrak:294440,294440,amtrak:BBY,BBY,13:04:00,13:04:00,17,1,0,
amtrak,amtrak:294440,294440,amtrak:BOS,BOS,13:11:00,13:11:00,18,0,0,
amtrak,amtrak:294441,294441,amtrak:WAS,WAS,5:05:00,5:05:00,1,0,0,
amtrak,amtrak:294441,294441,amtrak:BWI,BWI,5:28:00,5:29:00,2,0,0,
amtrak,amtrak:294441,294441,amtrak:BAL,BAL,5:42:00,5:44:00,3,0,0,
amtrak,amtrak:294441,294441,amtrak:WIL,WIL,6:32:00,6:33:00,4,0,0,
amtrak,amtrak:294441,294441,amtrak:PHL,PHL,6:55:00,6:58:00,5,0,0,
amtrak,amtrak:294441,294441,amtrak:TRE,TRE,7:27:00,7:29:00,6,0,0,
amtrak,amtrak:294441,294441,amtrak:MET,MET,7:52:00,7:53:00,7,0,0,
amtrak,amtrak:294441,294441,amtrak:NWK,NWK,8:06:00,8:07:00,8,0,0,
amtrak,amtrak:294441,294441,amtrak:NYP,NYP,8:27:00,8:45:00,9,0,0,
amtrak,amtrak:294441,294441,amtrak:NRO,NRO,9:19:00,9:20:00,10,0,0,
amtrak,amtrak:294441,294441,amtrak:BRP,BRP,10:08:00,10:09:00,11,0,0,
amtrak,amtrak:294441,294441,amtrak:NHV,NHV,10:36:00,10:44:00,12,0,0,
amtrak,amtrak:294441,294441,amtrak:NLC,NLC,11:29:00,11:30:00,13,0,0,
amtrak,amtrak:294441,294441,amtrak:KIN,KIN,12:01:00,12:02:00,14,0,0,
amtrak,amtrak:294441,294441,amtrak:PVD,PVD,12:20:00,12:20:00,15,0,0,
amtrak,amtrak:294441,294441,amtrak:RTE,RTE,12:53:00,12:53:00,16,1,0,
amtrak,amtrak:294441,294441,amtrak:BBY,BBY,13:04:00,13:04:00,17,1,0,
amtrak,amtrak:294441,294441,amtrak:BOS,BOS,13:11:00,13:11:00,18,0,0,
amtrak,amtrak:294444,294444,amtrak:WAS,WAS,7:06:00,7:06:00,1,0,0,
amtrak,amtrak:294444,294444,amtrak:NCR,NCR,7:18:00,7:19:00,2,0,0,
amtrak,amtrak:294444,294444,amtrak:BWI,BWI,7:33:00,7:34:00,3,0,0,
amtrak,amtrak:294444,294444,amtrak:BAL,BAL,7:48:00,7:50:00,4,0,0,
amtrak,amtrak:294444,294444,amtrak:WIL,WIL,8:38:00,8:40:00,5,0,0,
amtrak,amtrak:294444,294444,amtrak:PHL,PHL,9:05:00,9:08:00,6,0,0,
amtrak,amtrak:294444,294444,amtrak:TRE,TRE,9:37:00,9:38:00,7,0,0,
amtrak,amtrak:294444,294444,amtrak:PJC,PJC,9:47:00,9:48:00,8,0,0,
amtrak,amtrak:294444,294444,amtrak:MET,MET,10:05:00,10:06:00,9,0,0,
amtrak,amtrak:294444,294444,amtrak:EWR,EWR,10:17:00,10:18:00,10,0,0,
amtrak,amtrak:294444,294444,amtrak:NWK,NWK,10:23:00,10:24:00,11,0,0,
amtrak,amtrak:294444,294444,amtrak:NYP,NYP,10:45:00,11:00:00,12,0,0,
amtrak,amtrak:294444,294444,amtrak:NRO,NRO,11:27:00,11:27:00,13,0,0,
amtrak,amtrak:294444,294444,amtrak:STM,STM,11:46:00,11:48:00,14,0,0,
amtrak,amtrak:294444,294444,amtrak:BRP,BRP,12:15:00,12:16:00,15,0,0,
amtrak,amtrak:294444,294444,amtrak:NHV,NHV,12:44:00,12:46:00,16,0,0,
amtrak,amtrak:294444,294444,amtrak:OSB,OSB,13:15:00,13:15:00,17,0,0,
amtrak,amtrak:294444,294444,amtrak:NLC,NLC,13:34:00,13:35:00,18,0,0,
amtrak,amtrak:294444,294444,amtrak:MYS,MYS,13:46:00,13:47:00,19,0,0,
amtrak,amtrak:294444,294444,amtrak:WLY,WLY,13:56:00,13:57:00,20,0,0,
amtrak,amtrak:294444,294444,amtrak:KIN,KIN,14:11:00,14:13:00,21,0,0,
amtrak,amtrak:294444,294444,amtrak:PVD,PVD,14:32:00,14:32:00,22,0,0,
amtrak,amtrak:294444,294444,amtrak:RTE,RTE,15:08:00,15:08:00,23,1,0,
amtrak,amtrak:294444,294444,amtrak:BBY,BBY,15:20:00,15:20:00,24,1,0,
amtrak,amtrak:294444,294444,amtrak:BOS,BOS,15:28:00,15:28:00,25,0,0,
amtrak,amtrak:294447,294447,amtrak:WAS,WAS,7:10:00,7:10:00,1,0,0,
amtrak,amtrak:294447,294447,amtrak:NCR,NCR,7:22:00,7:23:00,2,0,0,
amtrak,amtrak:294447,294447,amtrak:BWI,BWI,7:37:00,7:38:00,3,0,0,
amtrak,amtrak:294447,294447,amtrak:BAL,BAL,7:52:00,7:54:00,4,0,0,
amtrak,amtrak:294447,294447,amtrak:WIL,WIL,8:41:00,8:43:00,5,0,0,
amtrak,amtrak:294447,294447,amtrak:PHL,PHL,9:05:00,9:08:00,6,0,0,
amtrak,amtrak:294447,294447,amtrak:TRE,TRE,9:37:00,9:38:00,7,0,0,
amtrak,amtrak:294447,294447,amtrak:PJC,PJC,9:47:00,9:48:00,8,0,0,
amtrak,amtrak:294447,294447,amtrak:MET,MET,10:05:00,10:06:00,9,0,0,
amtrak,amtrak:294447,294447,amtrak:EWR,EWR,10:17:00,10:18:00,10,0,0,
amtrak,amtrak:294447,294447,amtrak:NWK,NWK,10:23:00,10:24:00,11,0,0,
amtrak,amtrak:294447,294447,amtrak:NYP,NYP,10:45:00,11:00:00,12,0,0,
amtrak,amtrak:294447,294447,amtrak:NRO,NRO,11:27:00,11:27:00,13,0,0,
amtrak,amtrak:294447,294447,amtrak:STM,STM,11:46:00,11:48:00,14,0,0,
amtrak,amtrak:294447,294447,amtrak:BRP,BRP,12:15:00,12:16:00,15,0,0,
amtrak,amtrak:294447,294447,amtrak:NHV,NHV,12:44:00,12:46:00,16,0,0,
amtrak,amtrak:294447,294447,amtrak:OSB,OSB,13:15:00,13:15:00,17,0,0,
amtrak,amtrak:294447,294447,amtrak:NLC,NLC,13:34:00,13:35:00,18,0,0,
amtrak,amtrak:294447,294447,amtrak:MYS,MYS,13:46:00,13:47:00,19,0,0,
amtrak,amtrak:294447,294447,amtrak:WLY,WLY,13:56:00,13:57:00,20,0,0,
amtrak,amtrak:294447,294447,amtrak:KIN,KIN,14:11:00,14:13:00,21,0,0,
amtrak,amtrak:294447,294447,amtrak:PVD,PVD,14:32:00,14:32:00,22,0,0,
amtrak,amtrak:294447,294447,amtrak:RTE,RTE,15:08:00,15:08:00,23,1,0,
amtrak,amtrak:294447,294447,amtrak:BBY,BBY,15:20:00,15:20:00,24,1,0,
amtrak,amtrak:294447,294447,amtrak:BOS,BOS,15:28:00,15:28:00,25,0,0,
amtrak,amtrak:294449,294449,amtrak:WAS,WAS,7:10:00,7:10:00,1,0,0,
amtrak,amtrak:294449,294449,amtrak:NCR,NCR,7:22:00,7:23:00,2,0,0,
amtrak,amtrak:294449,294449,amtrak:BWI,BWI,7:37:00,7:38:00,3,0,0,
amtrak,amtrak:294449,294449,amtrak:BAL,BAL,7:52:00,7:54:00,4,0,0,
amtrak,amtrak:294449,294449,amtrak:WIL,WIL,8:41:00,8:43:00,5,0,0,
amtrak,amtrak:294449,294449,amtrak:PHL,PHL,9:05:00,9:08:00,6,0,0,
amtrak,amtrak:294449,294449,amtrak:TRE,TRE,9:37:00,9:38:00,7,0,0,
amtrak,amtrak:294449,294449,amtrak:PJC,PJC,9:47:00,9:48:00,8,0,0,
amtrak,amtrak:294449,294449,amtrak:MET,MET,10:05:00,10:06:00,9,0,0,
amtrak,amtrak:294449,294449,amtrak:EWR,EWR,10:17:00,10:18:00,10,0,0,
amtrak,amtrak:294449,294449,amtrak:NWK,NWK,10:23:00,10:24:00,11,0,0,
amtrak,amtrak:294449,294449,amtrak:NYP,NYP,10:45:00,11:00:00,12,0,0,
amtrak,amtrak:294449,294449,amtrak:NRO,NRO,11:27:00,11:27:00,13,0,0,
amtrak,amtrak:294449,294449,amtrak:STM,STM,11:46:00,11:48:00,14,0,0,
amtrak,amtrak:294449,294449,amtrak:BRP,BRP,12:15:00,12:16:00,15,0,0,
amtrak,amtrak:294449,294449,amtrak:NHV,NHV,12:44:00,12:46:00,16,0,0,
amtrak,amtrak:294449,294449,amtrak:OSB,OSB,13:15:00,13:15:00,17,0,0,
amtrak,amtrak:294449,294449,amtrak:NLC,NLC,13:34:00,13:35:00,18,0,0,
amtrak,amtrak:294449,294449,amtrak:MYS,MYS,13:46:00,13:47:00,19,0,0,
amtrak,amtrak:294449,294449,amtrak:WLY,WLY,13:56:00,13:57:00,20,0,0,
amtrak,amtrak:294449,294449,amtrak:KIN,KIN,14:11:00,14:13:00,21,0,0,
amtrak,amtrak:294449,294449,amtrak:PVD,PVD,14:32:00,14:32:00,22,0,0,
amtrak,amtrak:294449,294449,amtrak:RTE,RTE,15:08:00,15:08:00,23,1,0,
amtrak,amtrak:294449,294449,amtrak:BBY,BBY,15:20:00,15:20:00,24,1,0,
amtrak,amtrak:294449,294449,amtrak:BOS,BOS,15:28:00,15:28:00,25,0,0,
amtrak,amtrak:294451,294451,amtrak:WAS,WAS,7:10:00,7:10:00,1,0,0,
amtrak,amtrak:294451,294451,amtrak:NCR,NCR,7:22:00,7:23:00,2,0,0,
amtrak,amtrak:294451,294451,amtrak:BWI,BWI,7:37:00,7:38:00,3,0,0,
amtrak,amtrak:294451,294451,amtrak:BAL,BAL,7:52:00,7:54:00,4,0,0,
amtrak,amtrak:294451,294451,amtrak:WIL,WIL,8:41:00,8:43:00,5,0,0,
amtrak,amtrak:294451,294451,amtrak:PHL,PHL,9:05:00,9:08:00,6,0,0,
amtrak,amtrak:294451,294451,amtrak:TRE,TRE,9:37:00,9:38:00,7,0,0,
amtrak,amtrak:294451,294451,amtrak:PJC,PJC,9:47:00,9:48:00,8,0,0,
amtrak,amtrak:294451,294451,amtrak:MET,MET,10:05:00,10:06:00,9,0,0,
amtrak,amtrak:294451,294451,amtrak:EWR,EWR,10:17:00,10:18:00,10,0,0,
amtrak,amtrak:294451,294451,amtrak:NWK,NWK,10:23:00,10:24:00,11,0,0,
amtrak,amtrak:294451,294451,amtrak:NYP,NYP,10:45:00,11:00:00,12,0,0,
amtrak,amtrak:294451,294451,amtrak:NRO,NRO,11:27:00,11:27:00,13,0,0,
amtrak,amtrak:294451,294451,amtrak:STM,STM,11:46:00,11:48:00,14,0,0,
amtrak,amtrak:294451,294451,amtrak:BRP,BRP,12:15:00,12:16:00,15,0,0,
amtrak,amtrak:294451,294451,amtrak:NHV,NHV,12:44:00,12:46:00,16,0,0,
amtrak,amtrak:294451,294451,amtrak:OSB,OSB,13:15:00,13:15:00,17,0,0,
amtrak,amtrak:294451,294451,amtrak:NLC,NLC,13:34:00,13:35:00,18,0,0,
amtrak,amtrak:294451,294451,amtrak:MYS,MYS,13:46:00,13:47:00,19,0,0,
amtrak,amtrak:294451,294451,amtrak:WLY,WLY,13:56:00,13:57:00,20,0,0,
amtrak,amtrak:294451,294451,amtrak:KIN,KIN,14:11:00,14:13:00,21,0,0,
amtrak,amtrak:294451,294451,amtrak:PVD,PVD,14:32:00,14:32:00,22,0,0,
amtrak,amtrak:294451,294451,amtrak:RTE,RTE,15:08:00,15:08:00,23,1,0,
amtrak,amtrak:294451,294451,amtrak:BBY,BBY,15:20:00,15:20:00,24,1,0,
amtrak,amtrak:294451,294451,amtrak:BOS,BOS,15:28:00,15:28:00,25,0,0,
amtrak,amtrak:294452,294452,amtrak:WAS,WAS,7:10:00,7:10:00,1,0,0,
amtrak,amtrak:294452,294452,amtrak:NCR,NCR,7:22:00,7:23:00,2,0,0,
amtrak,amtrak:294452,294452,amtrak:BWI,BWI,7:37:00,7:38:00,3,0,0,
amtrak,amtrak:294452,294452,amtrak:BAL,BAL,7:52:00,7:54:00,4,0,0,
amtrak,amtrak:294452,294452,amtrak:WIL,WIL,8:41:00,8:43:00,5,0,0,
amtrak,amtrak:294452,294452,amtrak:PHL,PHL,9:05:00,9:08:00,6,0,0,
amtrak,amtrak:294452,294452,amtrak:TRE,TRE,9:37:00,9:38:00,7,0,0,
amtrak,amtrak:294452,294452,amtrak:PJC,PJC,9:47:00,9:48:00,8,0,0,
amtrak,amtrak:294452,294452,amtrak:MET,MET,10:05:00,10:06:00,9,0,0,
amtrak,amtrak:294452,294452,amtrak:EWR,EWR,10:17:00,10:18:00,10,0,0,
amtrak,amtrak:294452,294452,amtrak:NWK,NWK,10:23:00,10:24:00,11,0,0,
amtrak,amtrak:294452,294452,amtrak:NYP,NYP,10:45:00,11:00:00,12,0,0,
amtrak,amtrak:294452,294452,amtrak:NRO,NRO,11:27:00,11:27:00,13,0,0,
amtrak,amtrak:294452,294452,amtrak:STM,STM,11:46:00,11:48:00,14,0,0,
amtrak,amtrak:294452,294452,amtrak:BRP,BRP,12:15:00,12:16:00,15,0,0,
amtrak,amtrak:294452,294452,amtrak:NHV,NHV,12:44:00,12:46:00,16,0,0,
amtrak,amtrak:294452,294452,amtrak:OSB,OSB,13:15:00,13:15:00,17,0,0,
amtrak,amtrak:294452,294452,amtrak:NLC,NLC,13:34:00,13:35:00,18,0,0,
amtrak,amtrak:294452,294452,amtrak:MYS,MYS,13:46:00,13:47:00,19,0,0,
amtrak,amtrak:294452,294452,amtrak:WLY,WLY,13:56:00,13:57:00,20,0,0,
amtrak,amtrak:294452,294452,amtrak:KIN,KIN,14:11:00,14:13:00,21,0,0,
amtrak,amtrak:294452,294452,amtrak:PVD,PVD,14:32:00,14:32:00,22,0,0,
amtrak,amtrak:294452,294452,amtrak:RTE,RTE,15:08:00,15:08:00,23,1,0,
amtrak,amtrak:294452,294452,amtrak:BBY,BBY,15:20:00,15:20:00,24,1,0,
amtrak,amtrak:294452,294452,amtrak:BOS,BOS,15:28:00,15:28:00,25,0,0,
amtrak,amtrak:294455,294455,amtrak:WAS,WAS,10:35:00,10:35:00,1,0,0,
amtrak,amtrak:294455,294455,amtrak:NCR,NCR,10:46:00,10:47:00,2,0,0,
amtrak,amtrak:294455,294455,amtrak:BWI,BWI,11:01:00,11:02:00,3,0,0,
amtrak,amtrak:294455,294455,amtrak:BAL,BAL,11:16:00,11:18:00,4,0,0,
amtrak,amtrak:294455,294455,amtrak:WIL,WIL,12:02:00,12:04:00,5,0,0,
amtrak,amtrak:294455,294455,amtrak:PHL,PHL,12:28:00,12:33:00,6,0,0,
amtrak,amtrak:294455,294455,amtrak:TRE,TRE,13:01:00,13:03:00,7,0,0,
amtrak,amtrak:294455,294455,amtrak:PJC,PJC,13:11:00,13:12:00,8,0,0,
amtrak,amtrak:294455,294455,amtrak:NBK,NBK,13:24:00,13:25:00,9,0,0,
amtrak,amtrak:294455,294455,amtrak:MET,MET,13:36:00,13:37:00,10,0,0,
amtrak,amtrak:294455,294455,amtrak:EWR,EWR,13:47:00,13:48:00,11,0,0,
amtrak,amtrak:294455,294455,amtrak:NWK,NWK,13:52:00,13:54:00,12,0,0,
amtrak,amtrak:294455,294455,amtrak:NYP,NYP,14:14:00,14:29:00,13,0,0,
amtrak,amtrak:294455,294455,amtrak:NRO,NRO,14:56:00,14:56:00,14,0,0,
amtrak,amtrak:294455,294455,amtrak:STM,STM,15:15:00,15:17:00,15,0,0,
amtrak,amtrak:294455,294455,amtrak:BRP,BRP,15:44:00,15:45:00,16,0,0,
amtrak,amtrak:294455,294455,amtrak:NHV,NHV,16:11:00,16:14:00,17,0,0,
amtrak,amtrak:294455,294455,amtrak:OSB,OSB,16:44:00,16:45:00,18,0,0,
amtrak,amtrak:294455,294455,amtrak:NLC,NLC,17:03:00,17:05:00,19,0,0,
amtrak,amtrak:294455,294455,amtrak:MYS,MYS,17:16:00,17:17:00,20,0,0,
amtrak,amtrak:294455,294455,amtrak:WLY,WLY,17:26:00,17:27:00,21,0,0,
amtrak,amtrak:294455,294455,amtrak:KIN,KIN,17:41:00,17:43:00,22,0,0,
amtrak,amtrak:294455,294455,amtrak:PVD,PVD,18:01:00,18:01:00,23,0,0,
amtrak,amtrak:294455,294455,amtrak:RTE,RTE,18:40:00,18:40:00,24,1,0,
amtrak,amtrak:294455,294455,amtrak:BBY,BBY,18:56:00,18:56:00,25,1,0,
amtrak,amtrak:294455,294455,amtrak:BOS,BOS,19:04:00,19:04:00,26,0,0,
amtrak,amtrak:294458,294458,amtrak:WAS,WAS,10:35:00,10:35:00,1,0,0,
amtrak,amtrak:294458,294458,amtrak:NCR,NCR,10:46:00,10:47:00,2,0,0,
amtrak,amtrak:294458,294458,amtrak:BWI,BWI,11:01:00,11:02:00,3,0,0,
amtrak,amtrak:294458,294458,amtrak:BAL,BAL,11:16:00,11:18:00,4,0,0,
amtrak,amtrak:294458,294458,amtrak:WIL,WIL,12:03:00,12:05:00,5,0,0,
amtrak,amtrak:294458,294458,amtrak:PHL,PHL,12:27:00,12:32:00,6,0,0,
amtrak,amtrak:294458,294458,amtrak:TRE,TRE,13:01:00,13:03:00,7,0,0,
amtrak,amtrak:294458,294458,amtrak:PJC,PJC,13:11:00,13:12:00,8,0,0,
amtrak,amtrak:294458,294458,amtrak:NBK,NBK,13:24:00,13:25:00,9,0,0,
amtrak,amtrak:294458,294458,amtrak:MET,MET,13:36:00,13:37:00,10,0,0,
amtrak,amtrak:294458,294458,amtrak:EWR,EWR,13:47:00,13:48:00,11,0,0,
amtrak,amtrak:294458,294458,amtrak:NWK,NWK,13:52:00,13:54:00,12,0,0,
amtrak,amtrak:294458,294458,amtrak:NYP,NYP,14:14:00,14:29:00,13,0,0,
amtrak,amtrak:294458,294458,amtrak:NRO,NRO,14:56:00,14:56:00,14,0,0,
amtrak,amtrak:294458,294458,amtrak:STM,STM,15:15:00,15:17:00,15,0,0,
amtrak,amtrak:294458,294458,amtrak:BRP,BRP,15:44:00,15:45:00,16,0,0,
amtrak,amtrak:294458,294458,amtrak:NHV,NHV,16:11:00,16:14:00,17,0,0,
amtrak,amtrak:294458,294458,amtrak:OSB,OSB,16:44:00,16:45:00,18,0,0,
amtrak,amtrak:294458,294458,amtrak:NLC,NLC,17:03:00,17:05:00,19,0,0,
amtrak,amtrak:294458,294458,amtrak:MYS,MYS,17:16:00,17:17:00,20,0,0,
amtrak,amtrak:294458,294458,amtrak:WLY,WLY,17:26:00,17:27:00,21,0,0,
amtrak,amtrak:294458,294458,amtrak:KIN,KIN,17:41:00,17:43:00,22,0,0,
amtrak,amtrak:294458,294458,amtrak:PVD,PVD,18:01:00,18:01:00,23,0,0,
amtrak,amtrak:294458,294458,amtrak:RTE,RTE,18:40:00,18:40:00,24,1,0,
amtrak,amtrak:294458,294458,amtrak:BBY,BBY,18:56:00,18:56:00,25,1,0,
amtrak,amtrak:294458,294458,amtrak:BOS,BOS,19:04:00,19:04:00,26,0,0,
amtrak,amtrak:294460,294460,amtrak:WAS,WAS,10:35:00,10:35:00,1,0,0,
amtrak,amtrak:294460,294460,amtrak:NCR,NCR,10:46:00,10:47:00,2,0,0,
amtrak,amtrak:294460,294460,amtrak:BWI,BWI,11:01:00,11:02:00,3,0,0,
amtrak,amtrak:294460,294460,amtrak:BAL,BAL,11:16:00,11:18:00,4,0,0,
amtrak,amtrak:294460,294460,amtrak:WIL,WIL,12:03:00,12:05:00,5,0,0,
amtrak,amtrak:294460,294460,amtrak:PHL,PHL,12:27:00,12:32:00,6,0,0,
amtrak,amtrak:294460,294460,amtrak:TRE,TRE,13:01:00,13:03:00,7,0,0,
amtrak,amtrak:294460,294460,amtrak:PJC,PJC,13:11:00,13:12:00,8,0,0,
amtrak,amtrak:294460,294460,amtrak:NBK,NBK,13:24:00,13:25:00,9,0,0,
amtrak,amtrak:294460,294460,amtrak:MET,MET,13:36:00,13:37:00,10,0,0,
amtrak,amtrak:294460,294460,amtrak:EWR,EWR,13:47:00,13:48:00,11,0,0,
amtrak,amtrak:294460,294460,amtrak:NWK,NWK,13:52:00,13:54:00,12,0,0,
amtrak,amtrak:294460,294460,amtrak:NYP,NYP,14:14:00,14:29:00,13,0,0,
amtrak,amtrak:294460,294460,amtrak:NRO,NRO,14:56:00,14:56:00,14,0,0,
amtrak,amtrak:294460,294460,amtrak:STM,STM,15:15:00,15:17:00,15,0,0,
amtrak,amtrak:294460,294460,amtrak:BRP,BRP,15:44:00,15:45:00,16,0,0,
amtrak,amtrak:294460,294460,amtrak:NHV,NHV,16:11:00,16:14:00,17,0,0,
amtrak,amtrak:294460,294460,amtrak:OSB,OSB,16:44:00,16:45:00,18,0,0,
amtrak,amtrak:294460,294460,amtrak:NLC,NLC,17:03:00,17:05:00,19,0,0,
amtrak,amtrak:294460,294460,amtrak:MYS,MYS,17:16:00,17:17:00,20,0,0,
amtrak,amtrak:294460,294460,amtrak:WLY,WLY,17:26:00,17:27:00,21,0,0,
amtrak,amtrak:294460,294460,amtrak:KIN,KIN,17:41:00,17:43:00,22,0,0,
amtrak,amtrak:294460,294460,amtrak:PVD,PVD,18:01:00,18:01:00,23,0,0,
amtrak,amtrak:294460,294460,amtrak:RTE,RTE,18:40:00,18:40:00,24,1,0,
amtrak,amtrak:294460,294460,amtrak:BBY,BBY,18:56:00,18:56:00,25,1,0,
amtrak,amtrak:294460,294460,amtrak:BOS,BOS,19:04:00,19:04:00,26,0,0,
amtrak,amtrak:294462,294462,amtrak:WAS,WAS,10:35:00,10:35:00,1,0,0,
amtrak,amtrak:294462,294462,amtrak:NCR,NCR,10:46:00,10:47:00,2,0,0,
amtrak,amtrak:294462,294462,amtrak:BWI,BWI,11:01:00,11:02:00,3,0,0,
amtrak,amtrak:294462,294462,amtrak:BAL,BAL,11:16:00,11:18:00,4,0,0,
amtrak,amtrak:294462,294462,amtrak:WIL,WIL,12:03:00,12:05:00,5,0,0,
amtrak,amtrak:294462,294462,amtrak:PHL,PHL,12:27:00,12:32:00,6,0,0,
amtrak,amtrak:294462,294462,amtrak:TRE,TRE,13:01:00,13:03:00,7,0,0,
amtrak,amtrak:294462,294462,amtrak:PJC,PJC,13:11:00,13:12:00,8,0,0,
amtrak,amtrak:294462,294462,amtrak:NBK,NBK,13:24:00,13:25:00,9,0,0,
amtrak,amtrak:294462,294462,amtrak:MET,MET,13:36:00,13:37:00,10,0,0,
amtrak,amtrak:294462,294462,amtrak:EWR,EWR,13:47:00,13:48:00,11,0,0,
amtrak,amtrak:294462,294462,amtrak:NWK,NWK,13:52:00,13:54:00,12,0,0,
amtrak,amtrak:294462,294462,amtrak:NYP,NYP,14:14:00,14:29:00,13,0,0,
amtrak,amtrak:294462,294462,amtrak:NRO,NRO,14:56:00,14:56:00,14,0,0,
amtrak,amtrak:294462,294462,amtrak:STM,STM,15:15:00,15:17:00,15,0,0,
amtrak,amtrak:294462,294462,amtrak:BRP,BRP,15:44:00,15:45:00,16,0,0,
amtrak,amtrak:294462,294462,amtrak:NHV,NHV,16:11:00,16:14:00,17,0,0,
amtrak,amtrak:294462,294462,amtrak:OSB,OSB,16:44:00,16:45:00,18,0,0,
amtrak,amtrak:294462,294462,amtrak:NLC,NLC,17:03:00,17:05:00,19,0,0,
amtrak,amtrak:294462,294462,amtrak:MYS,MYS,17:16:00,17:17:00,20,0,0,
amtrak,amtrak:294462,294462,amtrak:WLY,WLY,17:26:00,17:27:00,21,0,0,
amtrak,amtrak:294462,294462,amtrak:KIN,KIN,17:41:00,17:43:00,22,0,0,
amtrak,amtrak:294462,294462,amtrak:PVD,PVD,18:01:00,18:01:00,23,0,0,
amtrak,amtrak:294462,294462,amtrak:RTE,RTE,18:40:00,18:40:00,24,1,0,
amtrak,amtrak:294462,294462,amtrak:BBY,BBY,18:56:00,18:56:00,25,1,0,
amtrak,amtrak:294462,294462,amtrak:BOS,BOS,19:04:00,19:04:00,26,0,0,
amtrak,amtrak:294463,294463,amtrak:WAS,WAS,10:35:00,10:35:00,1,0,0,
amtrak,amtrak:294463,294463,amtrak:NCR,NCR,10:46:00,10:47:00,2,0,0,
amtrak,amtrak:294463,294463,amtrak:BWI,BWI,11:01:00,11:02:00,3,0,0,
amtrak,amtrak:294463,294463,amtrak:BAL,BAL,11:16:00,11:18:00,4,0,0,
amtrak,amtrak:294463,294463,amtrak:WIL,WIL,12:03:00,12:05:00,5,0,0,
amtrak,amtrak:294463,294463,amtrak:PHL,PHL,12:27:00,12:32:00,6,0,0,
amtrak,amtrak:294463,294463,amtrak:TRE,TRE,13:01:00,13:03:00,7,0,0,
amtrak,amtrak:294463,294463,amtrak:PJC,PJC,13:11:00,13:12:00,8,0,0,
amtrak,amtrak:294463,294463,amtrak:NBK,NBK,13:24:00,13:25:00,9,0,0,
amtrak,amtrak:294463,294463,amtrak:MET,MET,13:36:00,13:37:00,10,0,0,
amtrak,amtrak:294463,294463,amtrak:EWR,EWR,13:47:00,13:48:00,11,0,0,
amtrak,amtrak:294463,294463,amtrak:NWK,NWK,13:52:00,13:54:00,12,0,0,
amtrak,amtrak:294463,294463,amtrak:NYP,NYP,14:14:00,14:29:00,13,0,0,
amtrak,amtrak:294463,294463,amtrak:NRO,NRO,14:56:00,14:56:00,14,0,0,
amtrak,amtrak:294463,294463,amtrak:STM,STM,15:15:00,15:17:00,15,0,0,
amtrak,amtrak:294463,294463,amtrak:BRP,BRP,15:44:00,15:45:00,16,0,0,
amtrak,amtrak:294463,294463,amtrak:NHV,NHV,16:11:00,16:14:00,17,0,0,
amtrak,amtrak:294463,294463,amtrak:OSB,OSB,16:44:00,16:45:00,18,0,0,
amtrak,amtrak:294463,294463,amtrak:NLC,NLC,17:03:00,17:05:00,19,0,0,
amtrak,amtrak:294463,294463,amtrak:MYS,MYS,17:16:00,17:17:00,20,0,0,
amtrak,amtrak:294463,294463,amtrak:WLY,WLY,17:26:00,17:27:00,21,0,0,
amtrak,amtrak:294463,294463,amtrak:KIN,KIN,17:41:00,17:43:00,22,0,0,
amtrak,amtrak:294463,294463,amtrak:PVD,PVD,18:01:00,18:01:00,23,0,0,
amtrak,amtrak:294463,294463,amtrak:RTE,RTE,18:40:00,18:40:00,24,1,0,
amtrak,amtrak:294463,294463,amtrak:BBY,BBY,18:56:00,18:56:00,25,1,0,
amtrak,amtrak:294463,294463,amtrak:BOS,BOS,19:04:00,19:04:00,26,0,0,
amtrak,amtrak:294477,294477,amtrak:RNK,RNK,9:35:00,9:35:00,1,0,0,
amtrak,amtrak:294477,294477,amtrak:LYH,LYH,10:54:00,10:57:00,2,0,0,
amtrak,amtrak:294477,294477,amtrak:CVS,CVS,12:15:00,12:25:00,3,0,0,
amtrak,amtrak:294477,294477,amtrak:CLP,CLP,13:16:00,13:17:00,4,0,0,
amtrak,amtrak:294477,294477,amtrak:MSS,MSS,13:50:00,13:52:00,5,0,0,
amtrak,amtrak:294477,294477,amtrak:BCV,BCV,14:08:00,14:09:00,6,0,0,
amtrak,amtrak:294477,294477,amtrak:ALX,ALX,14:30:00,14:32:00,7,0,0,
amtrak,amtrak:294477,294477,amtrak:WAS,WAS,14:55:00,15:56:00,8,0,0,
amtrak,amtrak:294477,294477,amtrak:BWI,BWI,16:22:00,16:23:00,9,0,0,
amtrak,amtrak:294477,294477,amtrak:BAL,BAL,16:37:00,16:39:00,10,0,0,
amtrak,amtrak:294477,294477,amtrak:WIL,WIL,17:25:00,17:27:00,11,0,0,
amtrak,amtrak:294477,294477,amtrak:PHL,PHL,17:54:00,18:00:00,12,0,0,
amtrak,amtrak:294477,294477,amtrak:TRE,TRE,18:25:00,18:27:00,13,0,0,
amtrak,amtrak:294477,294477,amtrak:EWR,EWR,18:57:00,18:58:00,14,0,0,
amtrak,amtrak:294477,294477,amtrak:NWK,NWK,19:03:00,19:04:00,15,0,0,
amtrak,amtrak:294477,294477,amtrak:NYP,NYP,19:24:00,19:50:00,16,0,0,
amtrak,amtrak:294477,294477,amtrak:NRO,NRO,20:25:00,20:25:00,17,0,0,
amtrak,amtrak:294477,294477,amtrak:STM,STM,20:43:00,20:45:00,18,0,0,
amtrak,amtrak:294477,294477,amtrak:BRP,BRP,21:12:00,21:13:00,19,0,0,
amtrak,amtrak:294477,294477,amtrak:NHV,NHV,21:40:00,21:42:00,20,0,0,
amtrak,amtrak:294477,294477,amtrak:NLC,NLC,22:30:00,22:32:00,21,0,0,
amtrak,amtrak:294477,294477,amtrak:KIN,KIN,23:08:00,23:10:00,22,0,0,
amtrak,amtrak:294477,294477,amtrak:PVD,PVD,23:29:00,23:29:00,23,0,0,
amtrak,amtrak:294477,294477,amtrak:RTE,RTE,23:58:00,23:58:00,24,1,0,
amtrak,amtrak:294477,294477,amtrak:BBY,BBY,24:10:00,24:10:00,25,1,0,
amtrak,amtrak:294477,294477,amtrak:BOS,BOS,24:15:00,24:15:00,26,0,0,
amtrak,amtrak:294480,294480,amtrak:RNK,RNK,9:35:00,9:35:00,1,0,0,
amtrak,amtrak:294480,294480,amtrak:LYH,LYH,10:54:00,10:57:00,2,0,0,
amtrak,amtrak:294480,294480,amtrak:CVS,CVS,12:15:00,12:25:00,3,0,0,
amtrak,amtrak:294480,294480,amtrak:CLP,CLP,13:16:00,13:17:00,4,0,0,
amtrak,amtrak:294480,294480,amtrak:MSS,MSS,13:50:00,13:52:00,5,0,0,
amtrak,amtrak:294480,294480,amtrak:BCV,BCV,14:08:00,14:09:00,6,0,0,
amtrak,amtrak:294480,294480,amtrak:ALX,ALX,14:30:00,14:32:00,7,0,0,
amtrak,amtrak:294480,294480,amtrak:WAS,WAS,14:55:00,16:02:00,8,0,0,
amtrak,amtrak:294480,294480,amtrak:BWI,BWI,16:28:00,16:29:00,9,0,0,
amtrak,amtrak:294480,294480,amtrak:BAL,BAL,16:44:00,16:46:00,10,0,0,
amtrak,amtrak:294480,294480,amtrak:WIL,WIL,17:31:00,17:33:00,11,0,0,
amtrak,amtrak:294480,294480,amtrak:PHL,PHL,17:56:00,17:59:00,12,0,0,
amtrak,amtrak:294480,294480,amtrak:TRE,TRE,18:25:00,18:27:00,13,0,0,
amtrak,amtrak:294480,294480,amtrak:EWR,EWR,18:57:00,18:58:00,14,0,0,
amtrak,amtrak:294480,294480,amtrak:NWK,NWK,19:03:00,19:04:00,15,0,0,
amtrak,amtrak:294480,294480,amtrak:NYP,NYP,19:24:00,19:50:00,16,0,0,
amtrak,amtrak:294480,294480,amtrak:NRO,NRO,20:25:00,20:25:00,17,0,0,
amtrak,amtrak:294480,294480,amtrak:STM,STM,20:43:00,20:45:00,18,0,0,
amtrak,amtrak:294480,294480,amtrak:BRP,BRP,21:12:00,21:13:00,19,0,0,
amtrak,amtrak:294480,294480,amtrak:NHV,NHV,21:40:00,21:42:00,20,0,0,
amtrak,amtrak:294480,294480,amtrak:NLC,NLC,22:30:00,22:32:00,21,0,0,
amtrak,amtrak:294480,294480,amtrak:KIN,KIN,23:08:00,23:10:00,22,0,0,
amtrak,amtrak:294480,294480,amtrak:PVD,PVD,23:29:00,23:29:00,23,0,0,
amtrak,amtrak:294480,294480,amtrak:RTE,RTE,23:58:00,23:58:00,24,1,0,
amtrak,amtrak:294480,294480,amtrak:BBY,BBY,24:10:00,24:10:00,25,1,0,
amtrak,amtrak:294480,294480,amtrak:BOS,BOS,24:15:00,24:15:00,26,0,0,
amtrak,amtrak:294482,294482,amtrak:RNK,RNK,9:35:00,9:35:00,1,0,0,
amtrak,amtrak:294482,294482,amtrak:LYH,LYH,10:54:00,10:57:00,2,0,0,
amtrak,amtrak:294482,294482,amtrak:CVS,CVS,12:15:00,12:25:00,3,0,0,
amtrak,amtrak:294482,294482,amtrak:CLP,CLP,13:16:00,13:17:00,4,0,0,
amtrak,amtrak:294482,294482,amtrak:MSS,MSS,13:50:00,13:52:00,5,0,0,
amtrak,amtrak:294482,294482,amtrak:BCV,BCV,14:08:00,14:09:00,6,0,0,
amtrak,amtrak:294482,294482,amtrak:ALX,ALX,14:30:00,14:32:00,7,0,0,
amtrak,amtrak:294482,294482,amtrak:WAS,WAS,14:55:00,16:02:00,8,0,0,
amtrak,amtrak:294482,294482,amtrak:BWI,BWI,16:28:00,16:29:00,9,0,0,
amtrak,amtrak:294482,294482,amtrak:BAL,BAL,16:44:00,16:46:00,10,0,0,
amtrak,amtrak:294482,294482,amtrak:WIL,WIL,17:31:00,17:33:00,11,0,0,
amtrak,amtrak:294482,294482,amtrak:PHL,PHL,17:56:00,17:59:00,12,0,0,
amtrak,amtrak:294482,294482,amtrak:TRE,TRE,18:25:00,18:27:00,13,0,0,
amtrak,amtrak:294482,294482,amtrak:EWR,EWR,18:57:00,18:58:00,14,0,0,
amtrak,amtrak:294482,294482,amtrak:NWK,NWK,19:03:00,19:04:00,15,0,0,
amtrak,amtrak:294482,294482,amtrak:NYP,NYP,19:24:00,19:50:00,16,0,0,
amtrak,amtrak:294482,294482,amtrak:NRO,NRO,20:25:00,20:25:00,17,0,0,
amtrak,amtrak:294482,294482,amtrak:STM,STM,20:43:00,20:45:00,18,0,0,
amtrak,amtrak:294482,294482,amtrak:BRP,BRP,21:12:00,21:13:00,19,0,0,
amtrak,amtrak:294482,294482,amtrak:NHV,NHV,21:40:00,21:42:00,20,0,0,
amtrak,amtrak:294482,294482,amtrak:NLC,NLC,22:30:00,22:32:00,21,0,0,
amtrak,amtrak:294482,294482,amtrak:KIN,KIN,23:08:00,23:10:00,22,0,0,
amtrak,amtrak:294482,294482,amtrak:PVD,PVD,23:29:00,23:29:00,23,0,0,
amtrak,amtrak:294482,294482,amtrak:RTE,RTE,23:58:00,23:58:00,24,1,0,
amtrak,amtrak:294482,294482,amtrak:BBY,BBY,24:10:00,24:10:00,25,1,0,
amtrak,amtrak:294482,294482,amtrak:BOS,BOS,24:15:00,24:15:00,26,0,0,
amtrak,amtrak:294484,294484,amtrak:RNK,RNK,9:35:00,9:35:00,1,0,0,
amtrak,amtrak:294484,294484,amtrak:LYH,LYH,10:54:00,10:57:00,2,0,0,
amtrak,amtrak:294484,294484,amtrak:CVS,CVS,12:15:00,12:25:00,3,0,0,
amtrak,amtrak:294484,294484,amtrak:CLP,CLP,13:16:00,13:17:00,4,0,0,
amtrak,amtrak:294484,294484,amtrak:MSS,MSS,13:50:00,13:52:00,5,0,0,
amtrak,amtrak:294484,294484,amtrak:BCV,BCV,14:08:00,14:09:00,6,0,0,
amtrak,amtrak:294484,294484,amtrak:ALX,ALX,14:30:00,14:32:00,7,0,0,
amtrak,amtrak:294484,294484,amtrak:WAS,WAS,14:55:00,16:02:00,8,0,0,
amtrak,amtrak:294484,294484,amtrak:BWI,BWI,16:28:00,16:29:00,9,0,0,
amtrak,amtrak:294484,294484,amtrak:BAL,BAL,16:44:00,16:46:00,10,0,0,
amtrak,amtrak:294484,294484,amtrak:WIL,WIL,17:31:00,17:33:00,11,0,0,
amtrak,amtrak:294484,294484,amtrak:PHL,PHL,17:56:00,17:59:00,12,0,0,
amtrak,amtrak:294484,294484,amtrak:TRE,TRE,18:25:00,18:27:00,13,0,0,
amtrak,amtrak:294484,294484,amtrak:EWR,EWR,18:57:00,18:58:00,14,0,0,
amtrak,amtrak:294484,294484,amtrak:NWK,NWK,19:03:00,19:04:00,15,0,0,
amtrak,amtrak:294484,294484,amtrak:NYP,NYP,19:24:00,19:50:00,16,0,0,
amtrak,amtrak:294484,294484,amtrak:NRO,NRO,20:25:00,20:25:00,17,0,0,
amtrak,amtrak:294484,294484,amtrak:STM,STM,20:43:00,20:45:00,18,0,0,
amtrak,amtrak:294484,294484,amtrak:BRP,BRP,21:12:00,21:13:00,19,0,0,
amtrak,amtrak:294484,294484,amtrak:NHV,NHV,21:40:00,21:42:00,20,0,0,
amtrak,amtrak:294484,294484,amtrak:NLC,NLC,22:30:00,22:32:00,21,0,0,
amtrak,amtrak:294484,294484,amtrak:KIN,KIN,23:08:00,23:10:00,22,0,0,
amtrak,amtrak:294484,294484,amtrak:PVD,PVD,23:29:00,23:29:00,23,0,0,
amtrak,amtrak:294484,294484,amtrak:RTE,RTE,23:58:00,23:58:00,24,1,0,
amtrak,amtrak:294484,294484,amtrak:BBY,BBY,24:10:00,24:10:00,25,1,0,
amtrak,amtrak:294484,294484,amtrak:BOS,BOS,24:15:00,24:15:00,26,0,0,
amtrak,amtrak:294485,294485,amtrak:RNK,RNK,9:35:00,9:35:00,1,0,0,
amtrak,amtrak:294485,294485,amtrak:LYH,LYH,10:54:00,10:57:00,2,0,0,
amtrak,amtrak:294485,294485,amtrak:CVS,CVS,12:15:00,12:25:00,3,0,0,
amtrak,amtrak:294485,294485,amtrak:CLP,CLP,13:16:00,13:17:00,4,0,0,
amtrak,amtrak:294485,294485,amtrak:MSS,MSS,13:50:00,13:52:00,5,0,0,
amtrak,amtrak:294485,294485,amtrak:BCV,BCV,14:08:00,14:09:00,6,0,0,
amtrak,amtrak:294485,294485,amtrak:ALX,ALX,14:30:00,14:32:00,7,0,0,
amtrak,amtrak:294485,294485,amtrak:WAS,WAS,14:55:00,16:02:00,8,0,0,
amtrak,amtrak:294485,294485,amtrak:BWI,BWI,16:28:00,16:29:00,9,0,0,
amtrak,amtrak:294485,294485,amtrak:BAL,BAL,16:44:00,16:46:00,10,0,0,
amtrak,amtrak:294485,294485,amtrak:WIL,WIL,17:31:00,17:33:00,11,0,0,
amtrak,amtrak:294485,294485,amtrak:PHL,PHL,17:56:00,17:59:00,12,0,0,
amtrak,amtrak:294485,294485,amtrak:TRE,TRE,18:25:00,18:27:00,13,0,0,
amtrak,amtrak:294485,294485,amtrak:EWR,EWR,18:57:00,18:58:00,14,0,0,
amtrak,amtrak:294485,294485,amtrak:NWK,NWK,19:03:00,19:04:00,15,0,0,
amtrak,amtrak:294485,294485,amtrak:NYP,NYP,19:24:00,19:50:00,16,0,0,
amtrak,amtrak:294485,294485,amtrak:NRO,NRO,20:25:00,20:25:00,17,0,0,
amtrak,amtrak:294485,294485,amtrak:STM,STM,20:43:00,20:45:00,18,0,0,
amtrak,amtrak:294485,294485,amtrak:BRP,BRP,21:12:00,21:13:00,19,0,0,
amtrak,amtrak:294485,294485,amtrak:NHV,NHV,21:40:00,21:42:00,20,0,0,
amtrak,amtrak:294485,294485,amtrak:NLC,NLC,22:30:00,22:32:00,21,0,0,
amtrak,amtrak:294485,294485,amtrak:KIN,KIN,23:08:00,23:10:00,22,0,0,
amtrak,amtrak:294485,294485,amtrak:PVD,PVD,23:29:00,23:29:00,23,0,0,
amtrak,amtrak:294485,294485,amtrak:RTE,RTE,23:58:00,23:58:00,24,1,0,
amtrak,amtrak:294485,294485,amtrak:BBY,BBY,24:10:00,24:10:00,25,1,0,
amtrak,amtrak:294485,294485,amtrak:BOS,BOS,24:15:00,24:15:00,26,0,0,
amtrak,amtrak:294488,294488,amtrak:WAS,WAS,9:29:00,9:29:00,1,0,0,
amtrak,amtrak:294488,294488,amtrak:NCR,NCR,9:40:00,9:41:00,2,0,0,
amtrak,amtrak:294488,294488,amtrak:BWI,BWI,9:55:00,9:57:00,3,0,0,
amtrak,amtrak:294488,294488,amtrak:BAL,BAL,10:11:00,10:13:00,4,0,0,
amtrak,amtrak:294488,294488,amtrak:WIL,WIL,11:05:00,11:07:00,5,0,0,
amtrak,amtrak:294488,294488,amtrak:PHL,PHL,11:31:00,11:34:00,6,0,0,
amtrak,amtrak:294488,294488,amtrak:EWR,EWR,12:30:00,12:31:00,7,0,0,
amtrak,amtrak:294488,294488,amtrak:NWK,NWK,12:38:00,12:38:00,8,0,0,
amtrak,amtrak:294488,294488,amtrak:NYP,NYP,12:56:00,13:10:00,9,0,0,
amtrak,amtrak:294488,294488,amtrak:STM,STM,13:58:00,13:59:00,10,0,0,
amtrak,amtrak:294488,294488,amtrak:BRP,BRP,14:26:00,14:27:00,11,0,0,
amtrak,amtrak:294488,294488,amtrak:NHV,NHV,14:51:00,14:55:00,12,0,0,
amtrak,amtrak:294488,294488,amtrak:NLC,NLC,15:39:00,15:39:00,13,0,0,
amtrak,amtrak:294488,294488,amtrak:KIN,KIN,16:11:00,16:13:00,14,0,0,
amtrak,amtrak:294488,294488,amtrak:PVD,PVD,16:34:00,16:34:00,15,0,0,
amtrak,amtrak:294488,294488,amtrak:RTE,RTE,17:05:00,17:05:00,16,1,0,
amtrak,amtrak:294488,294488,amtrak:BBY,BBY,17:19:00,17:19:00,17,1,0,
amtrak,amtrak:294488,294488,amtrak:BOS,BOS,17:25:00,17:25:00,18,0,0,
amtrak,amtrak:294499,294499,amtrak:WAS,WAS,13:20:00,13:20:00,1,0,0,
amtrak,amtrak:294499,294499,amtrak:BAL,BAL,13:52:00,13:54:00,2,0,0,
amtrak,amtrak:294499,294499,amtrak:NRK,NRK,14:31:00,14:32:00,3,0,0,
amtrak,amtrak:294499,294499,amtrak:WIL,WIL,14:42:00,14:44:00,4,0,0,
amtrak,amtrak:294499,294499,amtrak:PHL,PHL,15:20:00,15:23:00,5,0,0,
amtrak,amtrak:294499,294499,amtrak:TRE,TRE,15:51:00,15:53:00,6,0,0,
amtrak,amtrak:294499,294499,amtrak:MET,MET,16:14:00,16:15:00,7,0,0,
amtrak,amtrak:294499,294499,amtrak:NWK,NWK,16:29:00,16:30:00,8,0,0,
amtrak,amtrak:294499,294499,amtrak:NYP,NYP,16:50:00,17:07:00,9,0,0,
amtrak,amtrak:294499,294499,amtrak:NRO,NRO,17:43:00,17:43:00,10,0,0,
amtrak,amtrak:294499,294499,amtrak:STM,STM,18:01:00,18:03:00,11,0,0,
amtrak,amtrak:294499,294499,amtrak:BRP,BRP,18:36:00,18:37:00,12,0,0,
amtrak,amtrak:294499,294499,amtrak:NHV,NHV,19:01:00,19:03:00,13,0,0,
amtrak,amtrak:294499,294499,amtrak:MYS,MYS,20:02:00,20:03:00,14,0,0,
amtrak,amtrak:294499,294499,amtrak:WLY,WLY,20:12:00,20:13:00,15,0,0,
amtrak,amtrak:294499,294499,amtrak:PVD,PVD,20:43:00,20:43:00,16,0,0,
amtrak,amtrak:294499,294499,amtrak:RTE,RTE,21:14:00,21:14:00,17,1,0,
amtrak,amtrak:294499,294499,amtrak:BBY,BBY,21:29:00,21:29:00,18,1,0,
amtrak,amtrak:294499,294499,amtrak:BOS,BOS,21:36:00,21:36:00,19,0,0,
amtrak,amtrak:294502,294502,amtrak:WAS,WAS,13:25:00,13:25:00,1,0,0,
amtrak,amtrak:294502,294502,amtrak:BWI,BWI,13:51:00,13:52:00,2,0,0,
amtrak,amtrak:294502,294502,amtrak:BAL,BAL,14:05:00,14:07:00,3,0,0,
amtrak,amtrak:294502,294502,amtrak:NRK,NRK,14:43:00,14:44:00,4,0,0,
amtrak,amtrak:294502,294502,amtrak:WIL,WIL,14:55:00,14:57:00,5,0,0,
amtrak,amtrak:294502,294502,amtrak:PHL,PHL,15:20:00,15:23:00,6,0,0,
amtrak,amtrak:294502,294502,amtrak:TRE,TRE,15:51:00,15:53:00,7,0,0,
amtrak,amtrak:294502,294502,amtrak:MET,MET,16:14:00,16:15:00,8,0,0,
amtrak,amtrak:294502,294502,amtrak:NWK,NWK,16:29:00,16:30:00,9,0,0,
amtrak,amtrak:294502,294502,amtrak:NYP,NYP,16:50:00,17:07:00,10,0,0,
amtrak,amtrak:294502,294502,amtrak:NRO,NRO,17:43:00,17:43:00,11,0,0,
amtrak,amtrak:294502,294502,amtrak:STM,STM,18:01:00,18:03:00,12,0,0,
amtrak,amtrak:294502,294502,amtrak:BRP,BRP,18:36:00,18:37:00,13,0,0,
amtrak,amtrak:294502,294502,amtrak:NHV,NHV,19:01:00,19:03:00,14,0,0,
amtrak,amtrak:294502,294502,amtrak:MYS,MYS,20:02:00,20:03:00,15,0,0,
amtrak,amtrak:294502,294502,amtrak:WLY,WLY,20:12:00,20:13:00,16,0,0,
amtrak,amtrak:294502,294502,amtrak:PVD,PVD,20:43:00,20:43:00,17,0,0,
amtrak,amtrak:294502,294502,amtrak:RTE,RTE,21:14:00,21:14:00,18,1,0,
amtrak,amtrak:294502,294502,amtrak:BBY,BBY,21:29:00,21:29:00,19,1,0,
amtrak,amtrak:294502,294502,amtrak:BOS,BOS,21:36:00,21:36:00,20,0,0,
amtrak,amtrak:294504,294504,amtrak:WAS,WAS,13:25:00,13:25:00,1,0,0,
amtrak,amtrak:294504,294504,amtrak:BWI,BWI,13:51:00,13:52:00,2,0,0,
amtrak,amtrak:294504,294504,amtrak:BAL,BAL,14:05:00,14:07:00,3,0,0,
amtrak,amtrak:294504,294504,amtrak:NRK,NRK,14:43:00,14:44:00,4,0,0,
amtrak,amtrak:294504,294504,amtrak:WIL,WIL,14:55:00,14:57:00,5,0,0,
amtrak,amtrak:294504,294504,amtrak:PHL,PHL,15:20:00,15:23:00,6,0,0,
amtrak,amtrak:294504,294504,amtrak:TRE,TRE,15:51:00,15:53:00,7,0,0,
amtrak,amtrak:294504,294504,amtrak:MET,MET,16:14:00,16:15:00,8,0,0,
amtrak,amtrak:294504,294504,amtrak:NWK,NWK,16:29:00,16:30:00,9,0,0,
amtrak,amtrak:294504,294504,amtrak:NYP,NYP,16:50:00,17:07:00,10,0,0,
amtrak,amtrak:294504,294504,amtrak:NRO,NRO,17:43:00,17:43:00,11,0,0,
amtrak,amtrak:294504,294504,amtrak:STM,STM,18:01:00,18:03:00,12,0,0,
amtrak,amtrak:294504,294504,amtrak:BRP,BRP,18:36:00,18:37:00,13,0,0,
amtrak,amtrak:294504,294504,amtrak:NHV,NHV,19:01:00,19:03:00,14,0,0,
amtrak,amtrak:294504,294504,amtrak:MYS,MYS,20:02:00,20:03:00,15,0,0,
amtrak,amtrak:294504,294504,amtrak:WLY,WLY,20:12:00,20:13:00,16,0,0,
amtrak,amtrak:294504,294504,amtrak:PVD,PVD,20:43:00,20:43:00,17,0,0,
amtrak,amtrak:294504,294504,amtrak:RTE,RTE,21:14:00,21:14:00,18,1,0,
amtrak,amtrak:294504,294504,amtrak:BBY,BBY,21:29:00,21:29:00,19,1,0,
amtrak,amtrak:294504,294504,amtrak:BOS,BOS,21:36:00,21:36:00,20,0,0,
amtrak,amtrak:294506,294506,amtrak:WAS,WAS,13:25:00,13:25:00,1,0,0,
amtrak,amtrak:294506,294506,amtrak:BWI,BWI,13:51:00,13:52:00,2,0,0,
amtrak,amtrak:294506,294506,amtrak:BAL,BAL,14:05:00,14:07:00,3,0,0,
amtrak,amtrak:294506,294506,amtrak:NRK,NRK,14:43:00,14:44:00,4,0,0,
amtrak,amtrak:294506,294506,amtrak:WIL,WIL,14:55:00,14:57:00,5,0,0,
amtrak,amtrak:294506,294506,amtrak:PHL,PHL,15:20:00,15:23:00,6,0,0,
amtrak,amtrak:294506,294506,amtrak:TRE,TRE,15:51:00,15:53:00,7,0,0,
amtrak,amtrak:294506,294506,amtrak:MET,MET,16:14:00,16:15:00,8,0,0,
amtrak,amtrak:294506,294506,amtrak:NWK,NWK,16:29:00,16:30:00,9,0,0,
amtrak,amtrak:294506,294506,amtrak:NYP,NYP,16:50:00,17:07:00,10,0,0,
amtrak,amtrak:294506,294506,amtrak:NRO,NRO,17:43:00,17:43:00,11,0,0,
amtrak,amtrak:294506,294506,amtrak:STM,STM,18:01:00,18:03:00,12,0,0,
amtrak,amtrak:294506,294506,amtrak:BRP,BRP,18:36:00,18:37:00,13,0,0,
amtrak,amtrak:294506,294506,amtrak:NHV,NHV,19:01:00,19:03:00,14,0,0,
amtrak,amtrak:294506,294506,amtrak:MYS,MYS,20:02:00,20:03:00,15,0,0,
amtrak,amtrak:294506,294506,amtrak:WLY,WLY,20:12:00,20:13:00,16,0,0,
amtrak,amtrak:294506,294506,amtrak:PVD,PVD,20:43:00,20:43:00,17,0,0,
amtrak,amtrak:294506,294506,amtrak:RTE,RTE,21:14:00,21:14:00,18,1,0,
amtrak,amtrak:294506,294506,amtrak:BBY,BBY,21:29:00,21:29:00,19,1,0,
amtrak,amtrak:294506,294506,amtrak:BOS,BOS,21:36:00,21:36:00,20,0,0,
amtrak,amtrak:294507,294507,amtrak:WAS,WAS,13:25:00,13:25:00,1,0,0,
amtrak,amtrak:294507,294507,amtrak:BWI,BWI,13:51:00,13:52:00,2,0,0,
amtrak,amtrak:294507,294507,amtrak:BAL,BAL,14:05:00,14:07:00,3,0,0,
amtrak,amtrak:294507,294507,amtrak:NRK,NRK,14:43:00,14:44:00,4,0,0,
amtrak,amtrak:294507,294507,amtrak:WIL,WIL,14:55:00,14:57:00,5,0,0,
amtrak,amtrak:294507,294507,amtrak:PHL,PHL,15:20:00,15:23:00,6,0,0,
amtrak,amtrak:294507,294507,amtrak:TRE,TRE,15:51:00,15:53:00,7,0,0,
amtrak,amtrak:294507,294507,amtrak:MET,MET,16:14:00,16:15:00,8,0,0,
amtrak,amtrak:294507,294507,amtrak:NWK,NWK,16:29:00,16:30:00,9,0,0,
amtrak,amtrak:294507,294507,amtrak:NYP,NYP,16:50:00,17:07:00,10,0,0,
amtrak,amtrak:294507,294507,amtrak:NRO,NRO,17:43:00,17:43:00,11,0,0,
amtrak,amtrak:294507,294507,amtrak:STM,STM,18:01:00,18:03:00,12,0,0,
amtrak,amtrak:294507,294507,amtrak:BRP,BRP,18:36:00,18:37:00,13,0,0,
amtrak,amtrak:294507,294507,amtrak:NHV,NHV,19:01:00,19:03:00,14,0,0,
amtrak,amtrak:294507,294507,amtrak:MYS,MYS,20:02:00,20:03:00,15,0,0,
amtrak,amtrak:294507,294507,amtrak:WLY,WLY,20:12:00,20:13:00,16,0,0,
amtrak,amtrak:294507,294507,amtrak:PVD,PVD,20:43:00,20:43:00,17,0,0,
amtrak,amtrak:294507,294507,amtrak:RTE,RTE,21:14:00,21:14:00,18,1,0,
amtrak,amtrak:294507,294507,amtrak:BBY,BBY,21:29:00,21:29:00,19,1,0,
amtrak,amtrak:294507,294507,amtrak:BOS,BOS,21:36:00,21:36:00,20,0,0,
amtrak,amtrak:294561,294561,amtrak:WAS,WAS,14:55:00,14:55:00,1,0,0,
amtrak,amtrak:294561,294561,amtrak:NCR,NCR,15:06:00,15:07:00,2,0,0,
amtrak,amtrak:294561,294561,amtrak:BWI,BWI,15:21:00,15:22:00,3,0,0,
amtrak,amtrak:294561,294561,amtrak:BAL,BAL,15:36:00,15:38:00,4,0,0,
amtrak,amtrak:294561,294561,amtrak:ABE,ABE,16:02:00,16:03:00,5,0,0,
amtrak,amtrak:294561,294561,amtrak:WIL,WIL,16:28:00,16:30:00,6,0,0,
amtrak,amtrak:294561,294561,amtrak:PHL,PHL,16:54:00,16:57:00,7,0,0,
amtrak,amtrak:294561,294561,amtrak:TRE,TRE,17:22:00,17:24:00,8,0,0,
amtrak,amtrak:294561,294561,amtrak:MET,MET,17:47:00,17:48:00,9,0,0,
amtrak,amtrak:294561,294561,amtrak:EWR,EWR,18:00:00,18:01:00,10,0,0,
amtrak,amtrak:294561,294561,amtrak:NWK,NWK,18:07:00,18:09:00,11,0,0,
amtrak,amtrak:294561,294561,amtrak:NYP,NYP,18:27:00,18:40:00,12,0,0,
amtrak,amtrak:294561,294561,amtrak:NRO,NRO,19:15:00,19:16:00,13,0,0,
amtrak,amtrak:294561,294561,amtrak:STM,STM,19:35:00,19:36:00,14,0,0,
amtrak,amtrak:294561,294561,amtrak:BRP,BRP,20:06:00,20:07:00,15,0,0,
amtrak,amtrak:294561,294561,amtrak:NHV,NHV,20:32:00,21:02:00,16,0,0,
amtrak,amtrak:294561,294561,amtrak:STS,STS,21:03:00,21:03:00,17,0,0,
amtrak,amtrak:294561,294561,amtrak:WFD,WFD,21:20:00,21:20:00,18,0,0,
amtrak,amtrak:294561,294561,amtrak:MDN,MDN,21:31:00,21:31:00,19,0,0,
amtrak,amtrak:294561,294561,amtrak:BER,BER,21:44:00,21:44:00,20,0,0,
amtrak,amtrak:294561,294561,amtrak:HFD,HFD,21:58:00,21:59:00,21,0,0,
amtrak,amtrak:294561,294561,amtrak:WND,WND,22:08:00,22:08:00,22,0,0,
amtrak,amtrak:294561,294561,amtrak:WNL,WNL,22:14:00,22:14:00,23,0,0,
amtrak,amtrak:294561,294561,amtrak:SPG,SPG,22:37:00,22:37:00,24,0,0,
amtrak,amtrak:294565,294565,amtrak:WAS,WAS,14:55:00,14:55:00,1,0,0,
amtrak,amtrak:294565,294565,amtrak:NCR,NCR,15:06:00,15:07:00,2,0,0,
amtrak,amtrak:294565,294565,amtrak:BWI,BWI,15:21:00,15:22:00,3,0,0,
amtrak,amtrak:294565,294565,amtrak:BAL,BAL,15:36:00,15:38:00,4,0,0,
amtrak,amtrak:294565,294565,amtrak:ABE,ABE,16:00:00,16:01:00,5,0,0,
amtrak,amtrak:294565,294565,amtrak:WIL,WIL,16:28:00,16:30:00,6,0,0,
amtrak,amtrak:294565,294565,amtrak:PHL,PHL,16:52:00,16:55:00,7,0,0,
amtrak,amtrak:294565,294565,amtrak:TRE,TRE,17:22:00,17:24:00,8,0,0,
amtrak,amtrak:294565,294565,amtrak:MET,MET,17:47:00,17:48:00,9,0,0,
amtrak,amtrak:294565,294565,amtrak:EWR,EWR,18:00:00,18:01:00,10,0,0,
amtrak,amtrak:294565,294565,amtrak:NWK,NWK,18:07:00,18:09:00,11,0,0,
amtrak,amtrak:294565,294565,amtrak:NYP,NYP,18:27:00,18:40:00,12,0,0,
amtrak,amtrak:294565,294565,amtrak:NRO,NRO,19:15:00,19:16:00,13,0,0,
amtrak,amtrak:294565,294565,amtrak:STM,STM,19:35:00,19:36:00,14,0,0,
amtrak,amtrak:294565,294565,amtrak:BRP,BRP,20:06:00,20:07:00,15,0,0,
amtrak,amtrak:294565,294565,amtrak:NHV,NHV,20:32:00,21:02:00,16,0,0,
amtrak,amtrak:294565,294565,amtrak:STS,STS,21:03:00,21:03:00,17,0,0,
amtrak,amtrak:294565,294565,amtrak:WFD,WFD,21:16:00,21:16:00,18,0,0,
amtrak,amtrak:294565,294565,amtrak:MDN,MDN,21:24:00,21:24:00,19,0,0,
amtrak,amtrak:294565,294565,amtrak:BER,BER,21:34:00,21:34:00,20,0,0,
amtrak,amtrak:294565,294565,amtrak:HFD,HFD,21:48:00,21:50:00,21,0,0,
amtrak,amtrak:294565,294565,amtrak:WND,WND,21:59:00,21:59:00,22,0,0,
amtrak,amtrak:294565,294565,amtrak:WNL,WNL,22:09:00,22:09:00,23,0,0,
amtrak,amtrak:294565,294565,amtrak:SPG,SPG,22:37:00,22:37:00,24,0,0,
amtrak,amtrak:294567,294567,amtrak:WAS,WAS,14:55:00,14:55:00,1,0,0,
amtrak,amtrak:294567,294567,amtrak:NCR,NCR,15:06:00,15:07:00,2,0,0,
amtrak,amtrak:294567,294567,amtrak:BWI,BWI,15:21:00,15:22:00,3,0,0,
amtrak,amtrak:294567,294567,amtrak:BAL,BAL,15:36:00,15:38:00,4,0,0,
amtrak,amtrak:294567,294567,amtrak:ABE,ABE,16:00:00,16:01:00,5,0,0,
amtrak,amtrak:294567,294567,amtrak:WIL,WIL,16:28:00,16:30:00,6,0,0,
amtrak,amtrak:294567,294567,amtrak:PHL,PHL,16:52:00,16:55:00,7,0,0,
amtrak,amtrak:294567,294567,amtrak:TRE,TRE,17:22:00,17:24:00,8,0,0,
amtrak,amtrak:294567,294567,amtrak:MET,MET,17:47:00,17:48:00,9,0,0,
amtrak,amtrak:294567,294567,amtrak:EWR,EWR,18:00:00,18:01:00,10,0,0,
amtrak,amtrak:294567,294567,amtrak:NWK,NWK,18:07:00,18:09:00,11,0,0,
amtrak,amtrak:294567,294567,amtrak:NYP,NYP,18:27:00,18:40:00,12,0,0,
amtrak,amtrak:294567,294567,amtrak:NRO,NRO,19:15:00,19:16:00,13,0,0,
amtrak,amtrak:294567,294567,amtrak:STM,STM,19:35:00,19:36:00,14,0,0,
amtrak,amtrak:294567,294567,amtrak:BRP,BRP,20:06:00,20:07:00,15,0,0,
amtrak,amtrak:294567,294567,amtrak:NHV,NHV,20:32:00,21:02:00,16,0,0,
amtrak,amtrak:294567,294567,amtrak:STS,STS,21:03:00,21:03:00,17,0,0,
amtrak,amtrak:294567,294567,amtrak:WFD,WFD,21:16:00,21:16:00,18,0,0,
amtrak,amtrak:294567,294567,amtrak:MDN,MDN,21:24:00,21:24:00,19,0,0,
amtrak,amtrak:294567,294567,amtrak:BER,BER,21:34:00,21:34:00,20,0,0,
amtrak,amtrak:294567,294567,amtrak:HFD,HFD,21:48:00,21:50:00,21,0,0,
amtrak,amtrak:294567,294567,amtrak:WND,WND,21:59:00,21:59:00,22,0,0,
amtrak,amtrak:294567,294567,amtrak:WNL,WNL,22:09:00,22:09:00,23,0,0,
amtrak,amtrak:294567,294567,amtrak:SPG,SPG,22:37:00,22:37:00,24,0,0,
amtrak,amtrak:294569,294569,amtrak:WAS,WAS,14:55:00,14:55:00,1,0,0,
amtrak,amtrak:294569,294569,amtrak:NCR,NCR,15:06:00,15:07:00,2,0,0,
amtrak,amtrak:294569,294569,amtrak:BWI,BWI,15:21:00,15:22:00,3,0,0,
amtrak,amtrak:294569,294569,amtrak:BAL,BAL,15:36:00,15:38:00,4,0,0,
amtrak,amtrak:294569,294569,amtrak:ABE,ABE,16:00:00,16:01:00,5,0,0,
amtrak,amtrak:294569,294569,amtrak:WIL,WIL,16:28:00,16:30:00,6,0,0,
amtrak,amtrak:294569,294569,amtrak:PHL,PHL,16:52:00,16:55:00,7,0,0,
amtrak,amtrak:294569,294569,amtrak:TRE,TRE,17:22:00,17:24:00,8,0,0,
amtrak,amtrak:294569,294569,amtrak:MET,MET,17:47:00,17:48:00,9,0,0,
amtrak,amtrak:294569,294569,amtrak:EWR,EWR,18:00:00,18:01:00,10,0,0,
amtrak,amtrak:294569,294569,amtrak:NWK,NWK,18:07:00,18:09:00,11,0,0,
amtrak,amtrak:294569,294569,amtrak:NYP,NYP,18:27:00,18:40:00,12,0,0,
amtrak,amtrak:294569,294569,amtrak:NRO,NRO,19:15:00,19:16:00,13,0,0,
amtrak,amtrak:294569,294569,amtrak:STM,STM,19:35:00,19:36:00,14,0,0,
amtrak,amtrak:294569,294569,amtrak:BRP,BRP,20:06:00,20:07:00,15,0,0,
amtrak,amtrak:294569,294569,amtrak:NHV,NHV,20:32:00,21:02:00,16,0,0,
amtrak,amtrak:294569,294569,amtrak:STS,STS,21:03:00,21:03:00,17,0,0,
amtrak,amtrak:294569,294569,amtrak:WFD,WFD,21:16:00,21:16:00,18,0,0,
amtrak,amtrak:294569,294569,amtrak:MDN,MDN,21:24:00,21:24:00,19,0,0,
amtrak,amtrak:294569,294569,amtrak:BER,BER,21:34:00,21:34:00,20,0,0,
amtrak,amtrak:294569,294569,amtrak:HFD,HFD,21:48:00,21:50:00,21,0,0,
amtrak,amtrak:294569,294569,amtrak:WND,WND,21:59:00,21:59:00,22,0,0,
amtrak,amtrak:294569,294569,amtrak:WNL,WNL,22:09:00,22:09:00,23,0,0,
amtrak,amtrak:294569,294569,amtrak:SPG,SPG,22:37:00,22:37:00,24,0,0,
amtrak,amtrak:294570,294570,amtrak:WAS,WAS,14:55:00,14:55:00,1,0,0,
amtrak,amtrak:294570,294570,amtrak:NCR,NCR,15:06:00,15:07:00,2,0,0,
amtrak,amtrak:294570,294570,amtrak:BWI,BWI,15:21:00,15:22:00,3,0,0,
amtrak,amtrak:294570,294570,amtrak:BAL,BAL,15:36:00,15:38:00,4,0,0,
amtrak,amtrak:294570,294570,amtrak:ABE,ABE,16:00:00,16:01:00,5,0,0,
amtrak,amtrak:294570,294570,amtrak:WIL,WIL,16:28:00,16:30:00,6,0,0,
amtrak,amtrak:294570,294570,amtrak:PHL,PHL,16:52:00,16:55:00,7,0,0,
amtrak,amtrak:294570,294570,amtrak:TRE,TRE,17:22:00,17:24:00,8,0,0,
amtrak,amtrak:294570,294570,amtrak:MET,MET,17:47:00,17:48:00,9,0,0,
amtrak,amtrak:294570,294570,amtrak:EWR,EWR,18:00:00,18:01:00,10,0,0,
amtrak,amtrak:294570,294570,amtrak:NWK,NWK,18:07:00,18:09:00,11,0,0,
amtrak,amtrak:294570,294570,amtrak:NYP,NYP,18:27:00,18:40:00,12,0,0,
amtrak,amtrak:294570,294570,amtrak:NRO,NRO,19:15:00,19:16:00,13,0,0,
amtrak,amtrak:294570,294570,amtrak:STM,STM,19:35:00,19:36:00,14,0,0,
amtrak,amtrak:294570,294570,amtrak:BRP,BRP,20:06:00,20:07:00,15,0,0,
amtrak,amtrak:294570,294570,amtrak:NHV,NHV,20:32:00,21:02:00,16,0,0,
amtrak,amtrak:294570,294570,amtrak:STS,STS,21:03:00,21:03:00,17,0,0,
amtrak,amtrak:294570,294570,amtrak:WFD,WFD,21:16:00,21:16:00,18,0,0,
amtrak,amtrak:294570,294570,amtrak:MDN,MDN,21:24:00,21:24:00,19,0,0,
amtrak,amtrak:294570,294570,amtrak:BER,BER,21:34:00,21:34:00,20,0,0,
amtrak,amtrak:294570,294570,amtrak:HFD,HFD,21:48:00,21:50:00,21,0,0,
amtrak,amtrak:294570,294570,amtrak:WND,WND,21:59:00,21:59:00,22,0,0,
amtrak,amtrak:294570,294570,amtrak:WNL,WNL,22:09:00,22:09:00,23,0,0,
amtrak,amtrak:294570,294570,amtrak:SPG,SPG,22:37:00,22:37:00,24,0,0,
amtrak,amtrak:294633,294633,amtrak:WAS,WAS,17:00:00,17:00:00,1,0,0,
amtrak,amtrak:294633,294633,amtrak:NCR,NCR,17:11:00,17:12:00,2,0,0,
amtrak,amtrak:294633,294633,amtrak:BWI,BWI,17:26:00,17:27:00,3,0,0,
amtrak,amtrak:294633,294633,amtrak:BAL,BAL,17:41:00,17:43:00,4,0,0,
amtrak,amtrak:294633,294633,amtrak:WIL,WIL,18:27:00,18:29:00,5,0,0,
amtrak,amtrak:294633,294633,amtrak:PHL,PHL,18:53:00,18:56:00,6,0,0,
amtrak,amtrak:294633,294633,amtrak:TRE,TRE,19:28:00,19:30:00,7,0,0,
amtrak,amtrak:294633,294633,amtrak:MET,MET,19:53:00,19:54:00,8,0,0,
amtrak,amtrak:294633,294633,amtrak:EWR,EWR,20:05:00,20:06:00,9,0,0,
amtrak,amtrak:294633,294633,amtrak:NWK,NWK,20:11:00,20:13:00,10,0,0,
amtrak,amtrak:294633,294633,amtrak:NYP,NYP,20:31:00,20:50:00,11,0,0,
amtrak,amtrak:294633,294633,amtrak:NRO,NRO,21:23:00,21:24:00,12,0,0,
amtrak,amtrak:294633,294633,amtrak:STM,STM,21:43:00,21:44:00,13,0,0,
amtrak,amtrak:294633,294633,amtrak:BRP,BRP,22:11:00,22:12:00,14,0,0,
amtrak,amtrak:294633,294633,amtrak:NHV,NHV,22:40:00,23:10:00,15,0,0,
amtrak,amtrak:294633,294633,amtrak:STS,STS,23:12:00,23:12:00,16,0,0,
amtrak,amtrak:294633,294633,amtrak:WFD,WFD,23:26:00,23:26:00,17,0,0,
amtrak,amtrak:294633,294633,amtrak:MDN,MDN,23:34:00,23:34:00,18,0,0,
amtrak,amtrak:294633,294633,amtrak:BER,BER,23:43:00,23:43:00,19,0,0,
amtrak,amtrak:294633,294633,amtrak:HFD,HFD,23:56:00,23:59:00,20,0,0,
amtrak,amtrak:294633,294633,amtrak:WND,WND,24:06:00,24:06:00,21,0,0,
amtrak,amtrak:294633,294633,amtrak:WNL,WNL,24:14:00,24:14:00,22,0,0,
amtrak,amtrak:294633,294633,amtrak:SPG,SPG,24:41:00,24:41:00,23,0,0,
amtrak,amtrak:294636,294636,amtrak:WAS,WAS,17:05:00,17:05:00,1,0,0,
amtrak,amtrak:294636,294636,amtrak:NCR,NCR,17:16:00,17:17:00,2,0,0,
amtrak,amtrak:294636,294636,amtrak:BWI,BWI,17:31:00,17:32:00,3,0,0,
amtrak,amtrak:294636,294636,amtrak:BAL,BAL,17:46:00,17:48:00,4,0,0,
amtrak,amtrak:294636,294636,amtrak:WIL,WIL,18:34:00,18:36:00,5,0,0,
amtrak,amtrak:294636,294636,amtrak:PHL,PHL,18:58:00,19:01:00,6,0,0,
amtrak,amtrak:294636,294636,amtrak:TRE,TRE,19:28:00,19:30:00,7,0,0,
amtrak,amtrak:294636,294636,amtrak:MET,MET,19:53:00,19:54:00,8,0,0,
amtrak,amtrak:294636,294636,amtrak:EWR,EWR,20:05:00,20:06:00,9,0,0,
amtrak,amtrak:294636,294636,amtrak:NWK,NWK,20:11:00,20:13:00,10,0,0,
amtrak,amtrak:294636,294636,amtrak:NYP,NYP,20:31:00,20:50:00,11,0,0,
amtrak,amtrak:294636,294636,amtrak:NRO,NRO,21:23:00,21:24:00,12,0,0,
amtrak,amtrak:294636,294636,amtrak:STM,STM,21:43:00,21:44:00,13,0,0,
amtrak,amtrak:294636,294636,amtrak:BRP,BRP,22:11:00,22:12:00,14,0,0,
amtrak,amtrak:294636,294636,amtrak:NHV,NHV,22:40:00,23:10:00,15,0,0,
amtrak,amtrak:294636,294636,amtrak:STS,STS,23:12:00,23:12:00,16,0,0,
amtrak,amtrak:294636,294636,amtrak:WFD,WFD,23:26:00,23:26:00,17,0,0,
amtrak,amtrak:294636,294636,amtrak:MDN,MDN,23:34:00,23:34:00,18,0,0,
amtrak,amtrak:294636,294636,amtrak:BER,BER,23:43:00,23:43:00,19,0,0,
amtrak,amtrak:294636,294636,amtrak:HFD,HFD,23:56:00,23:59:00,20,0,0,
amtrak,amtrak:294636,294636,amtrak:WND,WND,24:06:00,24:06:00,21,0,0,
amtrak,amtrak:294636,294636,amtrak:WNL,WNL,24:14:00,24:14:00,22,0,0,
amtrak,amtrak:294636,294636,amtrak:SPG,SPG,24:41:00,24:41:00,23,0,0,
amtrak,amtrak:294638,294638,amtrak:WAS,WAS,17:05:00,17:05:00,1,0,0,
amtrak,amtrak:294638,294638,amtrak:NCR,NCR,17:16:00,17:17:00,2,0,0,
amtrak,amtrak:294638,294638,amtrak:BWI,BWI,17:31:00,17:32:00,3,0,0,
amtrak,amtrak:294638,294638,amtrak:BAL,BAL,17:46:00,17:48:00,4,0,0,
amtrak,amtrak:294638,294638,amtrak:WIL,WIL,18:34:00,18:36:00,5,0,0,
amtrak,amtrak:294638,294638,amtrak:PHL,PHL,18:58:00,19:01:00,6,0,0,
amtrak,amtrak:294638,294638,amtrak:TRE,TRE,19:28:00,19:30:00,7,0,0,
amtrak,amtrak:294638,294638,amtrak:MET,MET,19:53:00,19:54:00,8,0,0,
amtrak,amtrak:294638,294638,amtrak:EWR,EWR,20:05:00,20:06:00,9,0,0,
amtrak,amtrak:294638,294638,amtrak:NWK,NWK,20:11:00,20:13:00,10,0,0,
amtrak,amtrak:294638,294638,amtrak:NYP,NYP,20:31:00,20:50:00,11,0,0,
amtrak,amtrak:294638,294638,amtrak:NRO,NRO,21:23:00,21:24:00,12,0,0,
amtrak,amtrak:294638,294638,amtrak:STM,STM,21:43:00,21:44:00,13,0,0,
amtrak,amtrak:294638,294638,amtrak:BRP,BRP,22:11:00,22:12:00,14,0,0,
amtrak,amtrak:294638,294638,amtrak:NHV,NHV,22:40:00,23:10:00,15,0,0,
amtrak,amtrak:294638,294638,amtrak:STS,STS,23:12:00,23:12:00,16,0,0,
amtrak,amtrak:294638,294638,amtrak:WFD,WFD,23:26:00,23:26:00,17,0,0,
amtrak,amtrak:294638,294638,amtrak:MDN,MDN,23:34:00,23:34:00,18,0,0,
amtrak,amtrak:294638,294638,amtrak:BER,BER,23:43:00,23:43:00,19,0,0,
amtrak,amtrak:294638,294638,amtrak:HFD,HFD,23:56:00,23:59:00,20,0,0,
amtrak,amtrak:294638,294638,amtrak:WND,WND,24:06:00,24:06:00,21,0,0,
amtrak,amtrak:294638,294638,amtrak:WNL,WNL,24:14:00,24:14:00,22,0,0,
amtrak,amtrak:294638,294638,amtrak:SPG,SPG,24:41:00,24:41:00,23,0,0,
amtrak,amtrak:294640,294640,amtrak:WAS,WAS,17:05:00,17:05:00,1,0,0,
amtrak,amtrak:294640,294640,amtrak:NCR,NCR,17:16:00,17:17:00,2,0,0,
amtrak,amtrak:294640,294640,amtrak:BWI,BWI,17:31:00,17:32:00,3,0,0,
amtrak,amtrak:294640,294640,amtrak:BAL,BAL,17:46:00,17:48:00,4,0,0,
amtrak,amtrak:294640,294640,amtrak:WIL,WIL,18:34:00,18:36:00,5,0,0,
amtrak,amtrak:294640,294640,amtrak:PHL,PHL,18:58:00,19:01:00,6,0,0,
amtrak,amtrak:294640,294640,amtrak:TRE,TRE,19:28:00,19:30:00,7,0,0,
amtrak,amtrak:294640,294640,amtrak:MET,MET,19:53:00,19:54:00,8,0,0,
amtrak,amtrak:294640,294640,amtrak:EWR,EWR,20:05:00,20:06:00,9,0,0,
amtrak,amtrak:294640,294640,amtrak:NWK,NWK,20:11:00,20:13:00,10,0,0,
amtrak,amtrak:294640,294640,amtrak:NYP,NYP,20:31:00,20:50:00,11,0,0,
amtrak,amtrak:294640,294640,amtrak:NRO,NRO,21:23:00,21:24:00,12,0,0,
amtrak,amtrak:294640,294640,amtrak:STM,STM,21:43:00,21:44:00,13,0,0,
amtrak,amtrak:294640,294640,amtrak:BRP,BRP,22:11:00,22:12:00,14,0,0,
amtrak,amtrak:294640,294640,amtrak:NHV,NHV,22:40:00,23:10:00,15,0,0,
amtrak,amtrak:294640,294640,amtrak:STS,STS,23:12:00,23:12:00,16,0,0,
amtrak,amtrak:294640,294640,amtrak:WFD,WFD,23:26:00,23:26:00,17,0,0,
amtrak,amtrak:294640,294640,amtrak:MDN,MDN,23:34:00,23:34:00,18,0,0,
amtrak,amtrak:294640,294640,amtrak:BER,BER,23:43:00,23:43:00,19,0,0,
amtrak,amtrak:294640,294640,amtrak:HFD,HFD,23:56:00,23:59:00,20,0,0,
amtrak,amtrak:294640,294640,amtrak:WND,WND,24:06:00,24:06:00,21,0,0,
amtrak,amtrak:294640,294640,amtrak:WNL,WNL,24:14:00,24:14:00,22,0,0,
amtrak,amtrak:294640,294640,amtrak:SPG,SPG,24:41:00,24:41:00,23,0,0,
amtrak,amtrak:294641,294641,amtrak:WAS,WAS,17:05:00,17:05:00,1,0,0,
amtrak,amtrak:294641,294641,amtrak:NCR,NCR,17:16:00,17:17:00,2,0,0,
amtrak,amtrak:294641,294641,amtrak:BWI,BWI,17:31:00,17:32:00,3,0,0,
amtrak,amtrak:294641,294641,amtrak:BAL,BAL,17:46:00,17:48:00,4,0,0,
amtrak,amtrak:294641,294641,amtrak:WIL,WIL,18:34:00,18:36:00,5,0,0,
amtrak,amtrak:294641,294641,amtrak:PHL,PHL,18:58:00,19:01:00,6,0,0,
amtrak,amtrak:294641,294641,amtrak:TRE,TRE,19:28:00,19:30:00,7,0,0,
amtrak,amtrak:294641,294641,amtrak:MET,MET,19:53:00,19:54:00,8,0,0,
amtrak,amtrak:294641,294641,amtrak:EWR,EWR,20:05:00,20:06:00,9,0,0,
amtrak,amtrak:294641,294641,amtrak:NWK,NWK,20:11:00,20:13:00,10,0,0,
amtrak,amtrak:294641,294641,amtrak:NYP,NYP,20:31:00,20:50:00,11,0,0,
amtrak,amtrak:294641,294641,amtrak:NRO,NRO,21:23:00,21:24:00,12,0,0,
amtrak,amtrak:294641,294641,amtrak:STM,STM,21:43:00,21:44:00,13,0,0,
amtrak,amtrak:294641,294641,amtrak:BRP,BRP,22:11:00,22:12:00,14,0,0,
amtrak,amtrak:294641,294641,amtrak:NHV,NHV,22:40:00,23:10:00,15,0,0,
amtrak,amtrak:294641,294641,amtrak:STS,STS,23:12:00,23:12:00,16,0,0,
amtrak,amtrak:294641,294641,amtrak:WFD,WFD,23:26:00,23:26:00,17,0,0,
amtrak,amtrak:294641,294641,amtrak:MDN,MDN,23:34:00,23:34:00,18,0,0,
amtrak,amtrak:294641,294641,amtrak:BER,BER,23:43:00,23:43:00,19,0,0,
amtrak,amtrak:294641,294641,amtrak:HFD,HFD,23:56:00,23:59:00,20,0,0,
amtrak,amtrak:294641,294641,amtrak:WND,WND,24:06:00,24:06:00,21,0,0,
amtrak,amtrak:294641,294641,amtrak:WNL,WNL,24:14:00,24:14:00,22,0,0,
amtrak,amtrak:294641,294641,amtrak:SPG,SPG,24:41:00,24:41:00,23,0,0,
amtrak,amtrak:295480,295480,amtrak:WAS,WAS,15:17:00,15:17:00,1,0,0,
amtrak,amtrak:295480,295480,amtrak:NCR,NCR,15:28:00,15:29:00,2,0,0,
amtrak,amtrak:295480,295480,amtrak:BWI,BWI,15:43:00,15:44:00,3,0,0,
amtrak,amtrak:295480,295480,amtrak:BAL,BAL,15:58:00,16:00:00,4,0,0,
amtrak,amtrak:295480,295480,amtrak:WIL,WIL,16:49:00,16:51:00,5,0,0,
amtrak,amtrak:295480,295480,amtrak:PHL,PHL,17:15:00,17:18:00,6,0,0,
amtrak,amtrak:295480,295480,amtrak:TRE,TRE,17:46:00,17:48:00,7,0,0,
amtrak,amtrak:295480,295480,amtrak:MET,MET,18:09:00,18:10:00,8,0,0,
amtrak,amtrak:295480,295480,amtrak:EWR,EWR,18:21:00,18:22:00,9,0,0,
amtrak,amtrak:295480,295480,amtrak:NWK,NWK,18:26:00,18:28:00,10,0,0,
amtrak,amtrak:295480,295480,amtrak:NYP,NYP,18:46:00,19:00:00,11,0,0,
amtrak,amtrak:295480,295480,amtrak:NRO,NRO,19:31:00,19:31:00,12,0,0,
amtrak,amtrak:295480,295480,amtrak:STM,STM,19:50:00,19:52:00,13,0,0,
amtrak,amtrak:295480,295480,amtrak:BRP,BRP,20:15:00,20:16:00,14,0,0,
amtrak,amtrak:295480,295480,amtrak:NHV,NHV,20:42:00,20:44:00,15,0,0,
amtrak,amtrak:295480,295480,amtrak:OSB,OSB,21:12:00,21:14:00,16,0,0,
amtrak,amtrak:295480,295480,amtrak:NLC,NLC,21:33:00,21:35:00,17,0,0,
amtrak,amtrak:295480,295480,amtrak:KIN,KIN,22:12:00,22:12:00,18,0,0,
amtrak,amtrak:295480,295480,amtrak:PVD,PVD,22:35:00,22:35:00,19,0,0,
amtrak,amtrak:295480,295480,amtrak:RTE,RTE,23:07:00,23:07:00,20,1,0,
amtrak,amtrak:295480,295480,amtrak:BBY,BBY,23:20:00,23:20:00,21,1,0,
amtrak,amtrak:295480,295480,amtrak:BOS,BOS,23:26:00,23:26:00,22,0,0,
amtrak,amtrak:295481,295481,amtrak:WAS,WAS,15:17:00,15:17:00,1,0,0,
amtrak,amtrak:295481,295481,amtrak:NCR,NCR,15:28:00,15:29:00,2,0,0,
amtrak,amtrak:295481,295481,amtrak:BWI,BWI,15:43:00,15:44:00,3,0,0,
amtrak,amtrak:295481,295481,amtrak:BAL,BAL,15:58:00,16:00:00,4,0,0,
amtrak,amtrak:295481,295481,amtrak:WIL,WIL,16:49:00,16:51:00,5,0,0,
amtrak,amtrak:295481,295481,amtrak:PHL,PHL,17:15:00,17:18:00,6,0,0,
amtrak,amtrak:295481,295481,amtrak:TRE,TRE,17:46:00,17:48:00,7,0,0,
amtrak,amtrak:295481,295481,amtrak:MET,MET,18:09:00,18:10:00,8,0,0,
amtrak,amtrak:295481,295481,amtrak:EWR,EWR,18:21:00,18:22:00,9,0,0,
amtrak,amtrak:295481,295481,amtrak:NWK,NWK,18:26:00,18:28:00,10,0,0,
amtrak,amtrak:295481,295481,amtrak:NYP,NYP,18:46:00,19:00:00,11,0,0,
amtrak,amtrak:295481,295481,amtrak:NRO,NRO,19:31:00,19:31:00,12,0,0,
amtrak,amtrak:295481,295481,amtrak:STM,STM,19:50:00,19:52:00,13,0,0,
amtrak,amtrak:295481,295481,amtrak:BRP,BRP,20:15:00,20:16:00,14,0,0,
amtrak,amtrak:295481,295481,amtrak:NHV,NHV,20:42:00,20:44:00,15,0,0,
amtrak,amtrak:295481,295481,amtrak:OSB,OSB,21:12:00,21:14:00,16,0,0,
amtrak,amtrak:295481,295481,amtrak:NLC,NLC,21:33:00,21:35:00,17,0,0,
amtrak,amtrak:295481,295481,amtrak:KIN,KIN,22:12:00,22:12:00,18,0,0,
amtrak,amtrak:295481,295481,amtrak:PVD,PVD,22:35:00,22:35:00,19,0,0,
amtrak,amtrak:295481,295481,amtrak:RTE,RTE,23:07:00,23:07:00,20,1,0,
amtrak,amtrak:295481,295481,amtrak:BBY,BBY,23:20:00,23:20:00,21,1,0,
amtrak,amtrak:295481,295481,amtrak:BOS,BOS,23:26:00,23:26:00,22,0,0,
amtrak,amtrak:295484,295484,amtrak:WAS,WAS,15:25:00,15:25:00,1,0,0,
amtrak,amtrak:295484,295484,amtrak:NCR,NCR,15:36:00,15:37:00,2,0,0,
amtrak,amtrak:295484,295484,amtrak:BWI,BWI,15:51:00,15:52:00,3,0,0,
amtrak,amtrak:295484,295484,amtrak:BAL,BAL,16:06:00,16:08:00,4,0,0,
amtrak,amtrak:295484,295484,amtrak:WIL,WIL,16:53:00,16:55:00,5,0,0,
amtrak,amtrak:295484,295484,amtrak:PHL,PHL,17:15:00,17:18:00,6,0,0,
amtrak,amtrak:295484,295484,amtrak:TRE,TRE,17:46:00,17:48:00,7,0,0,
amtrak,amtrak:295484,295484,amtrak:MET,MET,18:09:00,18:10:00,8,0,0,
amtrak,amtrak:295484,295484,amtrak:EWR,EWR,18:21:00,18:22:00,9,0,0,
amtrak,amtrak:295484,295484,amtrak:NWK,NWK,18:26:00,18:28:00,10,0,0,
amtrak,amtrak:295484,295484,amtrak:NYP,NYP,18:46:00,19:00:00,11,0,0,
amtrak,amtrak:295484,295484,amtrak:NRO,NRO,19:31:00,19:31:00,12,0,0,
amtrak,amtrak:295484,295484,amtrak:STM,STM,19:50:00,19:52:00,13,0,0,
amtrak,amtrak:295484,295484,amtrak:BRP,BRP,20:15:00,20:16:00,14,0,0,
amtrak,amtrak:295484,295484,amtrak:NHV,NHV,20:42:00,20:44:00,15,0,0,
amtrak,amtrak:295484,295484,amtrak:OSB,OSB,21:12:00,21:14:00,16,0,0,
amtrak,amtrak:295484,295484,amtrak:NLC,NLC,21:37:00,21:39:00,17,0,0,
amtrak,amtrak:295484,295484,amtrak:MYS,MYS,21:49:00,21:49:00,18,0,0,
amtrak,amtrak:295484,295484,amtrak:WLY,WLY,22:00:00,22:00:00,19,0,0,
amtrak,amtrak:295484,295484,amtrak:KIN,KIN,22:17:00,22:17:00,20,0,0,
amtrak,amtrak:295484,295484,amtrak:PVD,PVD,22:39:00,22:39:00,21,0,0,
amtrak,amtrak:295484,295484,amtrak:RTE,RTE,23:11:00,23:12:00,22,1,0,
amtrak,amtrak:295484,295484,amtrak:BBY,BBY,23:24:00,23:25:00,23,1,0,
amtrak,amtrak:295484,295484,amtrak:BOS,BOS,23:30:00,23:30:00,24,0,0,
amtrak,amtrak:295485,295485,amtrak:WAS,WAS,15:25:00,15:25:00,1,0,0,
amtrak,amtrak:295485,295485,amtrak:NCR,NCR,15:36:00,15:37:00,2,0,0,
amtrak,amtrak:295485,295485,amtrak:BWI,BWI,15:51:00,15:52:00,3,0,0,
amtrak,amtrak:295485,295485,amtrak:BAL,BAL,16:06:00,16:08:00,4,0,0,
amtrak,amtrak:295485,295485,amtrak:WIL,WIL,16:53:00,16:55:00,5,0,0,
amtrak,amtrak:295485,295485,amtrak:PHL,PHL,17:15:00,17:18:00,6,0,0,
amtrak,amtrak:295485,295485,amtrak:TRE,TRE,17:46:00,17:48:00,7,0,0,
amtrak,amtrak:295485,295485,amtrak:MET,MET,18:09:00,18:10:00,8,0,0,
amtrak,amtrak:295485,295485,amtrak:EWR,EWR,18:21:00,18:22:00,9,0,0,
amtrak,amtrak:295485,295485,amtrak:NWK,NWK,18:26:00,18:28:00,10,0,0,
amtrak,amtrak:295485,295485,amtrak:NYP,NYP,18:46:00,19:00:00,11,0,0,
amtrak,amtrak:295485,295485,amtrak:NRO,NRO,19:31:00,19:31:00,12,0,0,
amtrak,amtrak:295485,295485,amtrak:STM,STM,19:50:00,19:52:00,13,0,0,
amtrak,amtrak:295485,295485,amtrak:BRP,BRP,20:15:00,20:16:00,14,0,0,
amtrak,amtrak:295485,295485,amtrak:NHV,NHV,20:42:00,20:44:00,15,0,0,
amtrak,amtrak:295485,295485,amtrak:OSB,OSB,21:12:00,21:14:00,16,0,0,
amtrak,amtrak:295485,295485,amtrak:NLC,NLC,21:37:00,21:39:00,17,0,0,
amtrak,amtrak:295485,295485,amtrak:MYS,MYS,21:49:00,21:49:00,18,0,0,
amtrak,amtrak:295485,295485,amtrak:WLY,WLY,22:00:00,22:00:00,19,0,0,
amtrak,amtrak:295485,295485,amtrak:KIN,KIN,22:17:00,22:17:00,20,0,0,
amtrak,amtrak:295485,295485,amtrak:PVD,PVD,22:39:00,22:39:00,21,0,0,
amtrak,amtrak:295485,295485,amtrak:RTE,RTE,23:11:00,23:12:00,22,1,0,
amtrak,amtrak:295485,295485,amtrak:BBY,BBY,23:24:00,23:25:00,23,1,0,
amtrak,amtrak:295485,295485,amtrak:BOS,BOS,23:30:00,23:30:00,24,0,0,
amtrak,amtrak:295486,295486,amtrak:WAS,WAS,15:25:00,15:25:00,1,0,0,
amtrak,amtrak:295486,295486,amtrak:NCR,NCR,15:36:00,15:37:00,2,0,0,
amtrak,amtrak:295486,295486,amtrak:BWI,BWI,15:51:00,15:52:00,3,0,0,
amtrak,amtrak:295486,295486,amtrak:BAL,BAL,16:06:00,16:08:00,4,0,0,
amtrak,amtrak:295486,295486,amtrak:WIL,WIL,16:53:00,16:55:00,5,0,0,
amtrak,amtrak:295486,295486,amtrak:PHL,PHL,17:15:00,17:18:00,6,0,0,
amtrak,amtrak:295486,295486,amtrak:TRE,TRE,17:46:00,17:48:00,7,0,0,
amtrak,amtrak:295486,295486,amtrak:MET,MET,18:09:00,18:10:00,8,0,0,
amtrak,amtrak:295486,295486,amtrak:EWR,EWR,18:21:00,18:22:00,9,0,0,
amtrak,amtrak:295486,295486,amtrak:NWK,NWK,18:26:00,18:28:00,10,0,0,
amtrak,amtrak:295486,295486,amtrak:NYP,NYP,18:46:00,19:00:00,11,0,0,
amtrak,amtrak:295486,295486,amtrak:NRO,NRO,19:31:00,19:31:00,12,0,0,
amtrak,amtrak:295486,295486,amtrak:STM,STM,19:50:00,19:52:00,13,0,0,
amtrak,amtrak:295486,295486,amtrak:BRP,BRP,20:15:00,20:16:00,14,0,0,
amtrak,amtrak:295486,295486,amtrak:NHV,NHV,20:42:00,20:44:00,15,0,0,
amtrak,amtrak:295486,295486,amtrak:OSB,OSB,21:12:00,21:14:00,16,0,0,
amtrak,amtrak:295486,295486,amtrak:NLC,NLC,21:33:00,21:35:00,17,0,0,
amtrak,amtrak:295486,295486,amtrak:KIN,KIN,22:12:00,22:12:00,18,0,0,
amtrak,amtrak:295486,295486,amtrak:PVD,PVD,22:35:00,22:35:00,19,0,0,
amtrak,amtrak:295486,295486,amtrak:RTE,RTE,23:07:00,23:07:00,20,1,0,
amtrak,amtrak:295486,295486,amtrak:BBY,BBY,23:20:00,23:20:00,21,1,0,
amtrak,amtrak:295486,295486,amtrak:BOS,BOS,23:26:00,23:26:00,22,0,0,
amtrak,amtrak:295488,295488,amtrak:WAS,WAS,15:25:00,15:25:00,1,0,0,
amtrak,amtrak:295488,295488,amtrak:NCR,NCR,15:36:00,15:37:00,2,0,0,
amtrak,amtrak:295488,295488,amtrak:BWI,BWI,15:51:00,15:52:00,3,0,0,
amtrak,amtrak:295488,295488,amtrak:BAL,BAL,16:06:00,16:08:00,4,0,0,
amtrak,amtrak:295488,295488,amtrak:WIL,WIL,16:53:00,16:55:00,5,0,0,
amtrak,amtrak:295488,295488,amtrak:PHL,PHL,17:15:00,17:18:00,6,0,0,
amtrak,amtrak:295488,295488,amtrak:TRE,TRE,17:46:00,17:48:00,7,0,0,
amtrak,amtrak:295488,295488,amtrak:MET,MET,18:09:00,18:10:00,8,0,0,
amtrak,amtrak:295488,295488,amtrak:EWR,EWR,18:21:00,18:22:00,9,0,0,
amtrak,amtrak:295488,295488,amtrak:NWK,NWK,18:26:00,18:28:00,10,0,0,
amtrak,amtrak:295488,295488,amtrak:NYP,NYP,18:46:00,19:00:00,11,0,0,
amtrak,amtrak:295488,295488,amtrak:NRO,NRO,19:31:00,19:31:00,12,0,0,
amtrak,amtrak:295488,295488,amtrak:STM,STM,19:50:00,19:52:00,13,0,0,
amtrak,amtrak:295488,295488,amtrak:BRP,BRP,20:15:00,20:16:00,14,0,0,
amtrak,amtrak:295488,295488,amtrak:NHV,NHV,20:42:00,20:44:00,15,0,0,
amtrak,amtrak:295488,295488,amtrak:OSB,OSB,21:12:00,21:14:00,16,0,0,
amtrak,amtrak:295488,295488,amtrak:NLC,NLC,21:33:00,21:35:00,17,0,0,
amtrak,amtrak:295488,295488,amtrak:KIN,KIN,22:12:00,22:12:00,18,0,0,
amtrak,amtrak:295488,295488,amtrak:PVD,PVD,22:35:00,22:35:00,19,0,0,
amtrak,amtrak:295488,295488,amtrak:RTE,RTE,23:07:00,23:07:00,20,1,0,
amtrak,amtrak:295488,295488,amtrak:BBY,BBY,23:20:00,23:20:00,21,1,0,
amtrak,amtrak:295488,295488,amtrak:BOS,BOS,23:26:00,23:26:00,22,0,0,
amtrak,amtrak:295489,295489,amtrak:WAS,WAS,15:25:00,15:25:00,1,0,0,
amtrak,amtrak:295489,295489,amtrak:NCR,NCR,15:36:00,15:37:00,2,0,0,
amtrak,amtrak:295489,295489,amtrak:BWI,BWI,15:51:00,15:52:00,3,0,0,
amtrak,amtrak:295489,295489,amtrak:BAL,BAL,16:06:00,16:08:00,4,0,0,
amtrak,amtrak:295489,295489,amtrak:WIL,WIL,16:53:00,16:55:00,5,0,0,
amtrak,amtrak:295489,295489,amtrak:PHL,PHL,17:15:00,17:18:00,6,0,0,
amtrak,amtrak:295489,295489,amtrak:TRE,TRE,17:46:00,17:48:00,7,0,0,
amtrak,amtrak:295489,295489,amtrak:MET,MET,18:09:00,18:10:00,8,0,0,
amtrak,amtrak:295489,295489,amtrak:EWR,EWR,18:21:00,18:22:00,9,0,0,
amtrak,amtrak:295489,295489,amtrak:NWK,NWK,18:26:00,18:28:00,10,0,0,
amtrak,amtrak:295489,295489,amtrak:NYP,NYP,18:46:00,19:00:00,11,0,0,
amtrak,amtrak:295489,295489,amtrak:NRO,NRO,19:31:00,19:31:00,12,0,0,
amtrak,amtrak:295489,295489,amtrak:STM,STM,19:50:00,19:52:00,13,0,0,
amtrak,amtrak:295489,295489,amtrak:BRP,BRP,20:15:00,20:16:00,14,0,0,
amtrak,amtrak:295489,295489,amtrak:NHV,NHV,20:42:00,20:44:00,15,0,0,
amtrak,amtrak:295489,295489,amtrak:OSB,OSB,21:12:00,21:14:00,16,0,0,
amtrak,amtrak:295489,295489,amtrak:NLC,NLC,21:33:00,21:35:00,17,0,0,
amtrak,amtrak:295489,295489,amtrak:KIN,KIN,22:12:00,22:12:00,18,0,0,
amtrak,amtrak:295489,295489,amtrak:PVD,PVD,22:35:00,22:35:00,19,0,0,
amtrak,amtrak:295489,295489,amtrak:RTE,RTE,23:07:00,23:07:00,20,1,0,
amtrak,amtrak:295489,295489,amtrak:BBY,BBY,23:20:00,23:20:00,21,1,0,
amtrak,amtrak:295489,295489,amtrak:BOS,BOS,23:26:00,23:26:00,22,0,0,
amtrak,amtrak:295503,295503,amtrak:WAS,WAS,16:17:00,16:17:00,1,0,0,
amtrak,amtrak:295503,295503,amtrak:BWI,BWI,16:43:00,16:44:00,2,0,0,
amtrak,amtrak:295503,295503,amtrak:BAL,BAL,16:58:00,17:00:00,3,0,0,
amtrak,amtrak:295503,295503,amtrak:WIL,WIL,17:48:00,17:50:00,4,0,0,
amtrak,amtrak:295503,295503,amtrak:PHL,PHL,18:16:00,18:19:00,5,0,0,
amtrak,amtrak:295503,295503,amtrak:TRE,TRE,18:47:00,18:49:00,6,0,0,
amtrak,amtrak:295503,295503,amtrak:MET,MET,19:10:00,19:11:00,7,0,0,
amtrak,amtrak:295503,295503,amtrak:NWK,NWK,19:24:00,19:26:00,8,0,0,
amtrak,amtrak:295503,295503,amtrak:NYP,NYP,19:46:00,20:00:00,9,0,0,
amtrak,amtrak:295503,295503,amtrak:NRO,NRO,20:27:00,20:27:00,10,0,0,
amtrak,amtrak:295503,295503,amtrak:STM,STM,20:46:00,20:48:00,11,0,0,
amtrak,amtrak:295503,295503,amtrak:NHV,NHV,21:39:00,22:09:00,12,0,0,
amtrak,amtrak:295503,295503,amtrak:STS,STS,22:11:00,22:11:00,13,0,0,
amtrak,amtrak:295503,295503,amtrak:WFD,WFD,22:23:00,22:23:00,14,0,0,
amtrak,amtrak:295503,295503,amtrak:MDN,MDN,22:31:00,22:31:00,15,0,0,
amtrak,amtrak:295503,295503,amtrak:BER,BER,22:39:00,22:39:00,16,0,0,
amtrak,amtrak:295503,295503,amtrak:HFD,HFD,22:52:00,22:55:00,17,0,0,
amtrak,amtrak:295503,295503,amtrak:WND,WND,23:02:00,23:02:00,18,0,0,
amtrak,amtrak:295503,295503,amtrak:WNL,WNL,23:09:00,23:09:00,19,0,0,
amtrak,amtrak:295503,295503,amtrak:SPG,SPG,23:37:00,23:37:00,20,0,0,
amtrak,amtrak:295504,295504,amtrak:WAS,WAS,16:25:00,16:25:00,1,0,0,
amtrak,amtrak:295504,295504,amtrak:BWI,BWI,16:51:00,16:52:00,2,0,0,
amtrak,amtrak:295504,295504,amtrak:BAL,BAL,17:06:00,17:08:00,3,0,0,
amtrak,amtrak:295504,295504,amtrak:WIL,WIL,17:52:00,17:54:00,4,0,0,
amtrak,amtrak:295504,295504,amtrak:PHL,PHL,18:16:00,18:19:00,5,0,0,
amtrak,amtrak:295504,295504,amtrak:TRE,TRE,18:47:00,18:49:00,6,0,0,
amtrak,amtrak:295504,295504,amtrak:MET,MET,19:10:00,19:11:00,7,0,0,
amtrak,amtrak:295504,295504,amtrak:NWK,NWK,19:24:00,19:26:00,8,0,0,
amtrak,amtrak:295504,295504,amtrak:NYP,NYP,19:46:00,20:00:00,9,0,0,
amtrak,amtrak:295504,295504,amtrak:NRO,NRO,20:27:00,20:27:00,10,0,0,
amtrak,amtrak:295504,295504,amtrak:STM,STM,20:46:00,20:48:00,11,0,0,
amtrak,amtrak:295504,295504,amtrak:NHV,NHV,21:39:00,22:09:00,12,0,0,
amtrak,amtrak:295504,295504,amtrak:STS,STS,22:11:00,22:11:00,13,0,0,
amtrak,amtrak:295504,295504,amtrak:WFD,WFD,22:23:00,22:23:00,14,0,0,
amtrak,amtrak:295504,295504,amtrak:MDN,MDN,22:31:00,22:31:00,15,0,0,
amtrak,amtrak:295504,295504,amtrak:BER,BER,22:39:00,22:39:00,16,0,0,
amtrak,amtrak:295504,295504,amtrak:HFD,HFD,22:52:00,22:55:00,17,0,0,
amtrak,amtrak:295504,295504,amtrak:WND,WND,23:02:00,23:02:00,18,0,0,
amtrak,amtrak:295504,295504,amtrak:WNL,WNL,23:09:00,23:09:00,19,0,0,
amtrak,amtrak:295504,295504,amtrak:SPG,SPG,23:37:00,23:37:00,20,0,0,
amtrak,amtrak:295505,295505,amtrak:WAS,WAS,16:17:00,16:17:00,1,0,0,
amtrak,amtrak:295505,295505,amtrak:BWI,BWI,16:43:00,16:44:00,2,0,0,
amtrak,amtrak:295505,295505,amtrak:BAL,BAL,16:58:00,17:00:00,3,0,0,
amtrak,amtrak:295505,295505,amtrak:WIL,WIL,17:48:00,17:50:00,4,0,0,
amtrak,amtrak:295505,295505,amtrak:PHL,PHL,18:16:00,18:19:00,5,0,0,
amtrak,amtrak:295505,295505,amtrak:TRE,TRE,18:47:00,18:49:00,6,0,0,
amtrak,amtrak:295505,295505,amtrak:MET,MET,19:10:00,19:11:00,7,0,0,
amtrak,amtrak:295505,295505,amtrak:NWK,NWK,19:24:00,19:26:00,8,0,0,
amtrak,amtrak:295505,295505,amtrak:NYP,NYP,19:46:00,20:00:00,9,0,0,
amtrak,amtrak:295505,295505,amtrak:NRO,NRO,20:27:00,20:27:00,10,0,0,
amtrak,amtrak:295505,295505,amtrak:STM,STM,20:46:00,20:48:00,11,0,0,
amtrak,amtrak:295505,295505,amtrak:NHV,NHV,21:39:00,22:09:00,12,0,0,
amtrak,amtrak:295505,295505,amtrak:STS,STS,22:11:00,22:11:00,13,0,0,
amtrak,amtrak:295505,295505,amtrak:WFD,WFD,22:23:00,22:23:00,14,0,0,
amtrak,amtrak:295505,295505,amtrak:MDN,MDN,22:31:00,22:31:00,15,0,0,
amtrak,amtrak:295505,295505,amtrak:BER,BER,22:39:00,22:39:00,16,0,0,
amtrak,amtrak:295505,295505,amtrak:HFD,HFD,22:52:00,22:55:00,17,0,0,
amtrak,amtrak:295505,295505,amtrak:WND,WND,23:02:00,23:02:00,18,0,0,
amtrak,amtrak:295505,295505,amtrak:WNL,WNL,23:09:00,23:09:00,19,0,0,
amtrak,amtrak:295505,295505,amtrak:SPG,SPG,23:37:00,23:37:00,20,0,0,
amtrak,amtrak:295506,295506,amtrak:WAS,WAS,16:17:00,16:17:00,1,0,0,
amtrak,amtrak:295506,295506,amtrak:BWI,BWI,16:43:00,16:44:00,2,0,0,
amtrak,amtrak:295506,295506,amtrak:BAL,BAL,16:58:00,17:00:00,3,0,0,
amtrak,amtrak:295506,295506,amtrak:WIL,WIL,17:48:00,17:50:00,4,0,0,
amtrak,amtrak:295506,295506,amtrak:PHL,PHL,18:16:00,18:19:00,5,0,0,
amtrak,amtrak:295506,295506,amtrak:TRE,TRE,18:47:00,18:49:00,6,0,0,
amtrak,amtrak:295506,295506,amtrak:MET,MET,19:10:00,19:11:00,7,0,0,
amtrak,amtrak:295506,295506,amtrak:NWK,NWK,19:24:00,19:26:00,8,0,0,
amtrak,amtrak:295506,295506,amtrak:NYP,NYP,19:46:00,20:00:00,9,0,0,
amtrak,amtrak:295506,295506,amtrak:NRO,NRO,20:27:00,20:27:00,10,0,0,
amtrak,amtrak:295506,295506,amtrak:STM,STM,20:46:00,20:48:00,11,0,0,
amtrak,amtrak:295506,295506,amtrak:NHV,NHV,21:39:00,22:09:00,12,0,0,
amtrak,amtrak:295506,295506,amtrak:STS,STS,22:11:00,22:11:00,13,0,0,
amtrak,amtrak:295506,295506,amtrak:WFD,WFD,22:23:00,22:23:00,14,0,0,
amtrak,amtrak:295506,295506,amtrak:MDN,MDN,22:31:00,22:31:00,15,0,0,
amtrak,amtrak:295506,295506,amtrak:BER,BER,22:39:00,22:39:00,16,0,0,
amtrak,amtrak:295506,295506,amtrak:HFD,HFD,22:52:00,22:55:00,17,0,0,
amtrak,amtrak:295506,295506,amtrak:WND,WND,23:02:00,23:02:00,18,0,0,
amtrak,amtrak:295506,295506,amtrak:WNL,WNL,23:09:00,23:09:00,19,0,0,
amtrak,amtrak:295506,295506,amtrak:SPG,SPG,23:37:00,23:37:00,20,0,0,
amtrak,amtrak:295508,295508,amtrak:WAS,WAS,16:25:00,16:25:00,1,0,0,
amtrak,amtrak:295508,295508,amtrak:BWI,BWI,16:51:00,16:52:00,2,0,0,
amtrak,amtrak:295508,295508,amtrak:BAL,BAL,17:06:00,17:08:00,3,0,0,
amtrak,amtrak:295508,295508,amtrak:WIL,WIL,17:52:00,17:54:00,4,0,0,
amtrak,amtrak:295508,295508,amtrak:PHL,PHL,18:16:00,18:19:00,5,0,0,
amtrak,amtrak:295508,295508,amtrak:TRE,TRE,18:47:00,18:49:00,6,0,0,
amtrak,amtrak:295508,295508,amtrak:MET,MET,19:10:00,19:11:00,7,0,0,
amtrak,amtrak:295508,295508,amtrak:NWK,NWK,19:24:00,19:26:00,8,0,0,
amtrak,amtrak:295508,295508,amtrak:NYP,NYP,19:46:00,20:00:00,9,0,0,
amtrak,amtrak:295508,295508,amtrak:NRO,NRO,20:27:00,20:27:00,10,0,0,
amtrak,amtrak:295508,295508,amtrak:STM,STM,20:46:00,20:48:00,11,0,0,
amtrak,amtrak:295508,295508,amtrak:NHV,NHV,21:39:00,22:09:00,12,0,0,
amtrak,amtrak:295508,295508,amtrak:STS,STS,22:11:00,22:11:00,13,0,0,
amtrak,amtrak:295508,295508,amtrak:WFD,WFD,22:23:00,22:23:00,14,0,0,
amtrak,amtrak:295508,295508,amtrak:MDN,MDN,22:31:00,22:31:00,15,0,0,
amtrak,amtrak:295508,295508,amtrak:BER,BER,22:39:00,22:39:00,16,0,0,
amtrak,amtrak:295508,295508,amtrak:HFD,HFD,22:52:00,22:55:00,17,0,0,
amtrak,amtrak:295508,295508,amtrak:WND,WND,23:02:00,23:02:00,18,0,0,
amtrak,amtrak:295508,295508,amtrak:WNL,WNL,23:09:00,23:09:00,19,0,0,
amtrak,amtrak:295508,295508,amtrak:SPG,SPG,23:37:00,23:37:00,20,0,0,
amtrak,amtrak:295509,295509,amtrak:WAS,WAS,16:25:00,16:25:00,1,0,0,
amtrak,amtrak:295509,295509,amtrak:BWI,BWI,16:51:00,16:52:00,2,0,0,
amtrak,amtrak:295509,295509,amtrak:BAL,BAL,17:06:00,17:08:00,3,0,0,
amtrak,amtrak:295509,295509,amtrak:WIL,WIL,17:52:00,17:54:00,4,0,0,
amtrak,amtrak:295509,295509,amtrak:PHL,PHL,18:16:00,18:19:00,5,0,0,
amtrak,amtrak:295509,295509,amtrak:TRE,TRE,18:47:00,18:49:00,6,0,0,
amtrak,amtrak:295509,295509,amtrak:MET,MET,19:10:00,19:11:00,7,0,0,
amtrak,amtrak:295509,295509,amtrak:NWK,NWK,19:24:00,19:26:00,8,0,0,
amtrak,amtrak:295509,295509,amtrak:NYP,NYP,19:46:00,20:00:00,9,0,0,
amtrak,amtrak:295509,295509,amtrak:NRO,NRO,20:27:00,20:27:00,10,0,0,
amtrak,amtrak:295509,295509,amtrak:STM,STM,20:46:00,20:48:00,11,0,0,
amtrak,amtrak:295509,295509,amtrak:NHV,NHV,21:39:00,22:09:00,12,0,0,
amtrak,amtrak:295509,295509,amtrak:STS,STS,22:11:00,22:11:00,13,0,0,
amtrak,amtrak:295509,295509,amtrak:WFD,WFD,22:23:00,22:23:00,14,0,0,
amtrak,amtrak:295509,295509,amtrak:MDN,MDN,22:31:00,22:31:00,15,0,0,
amtrak,amtrak:295509,295509,amtrak:BER,BER,22:39:00,22:39:00,16,0,0,
amtrak,amtrak:295509,295509,amtrak:HFD,HFD,22:52:00,22:55:00,17,0,0,
amtrak,amtrak:295509,295509,amtrak:WND,WND,23:02:00,23:02:00,18,0,0,
amtrak,amtrak:295509,295509,amtrak:WNL,WNL,23:09:00,23:09:00,19,0,0,
amtrak,amtrak:295509,295509,amtrak:SPG,SPG,23:37:00,23:37:00,20,0,0,
amtrak,amtrak:295510,295510,amtrak:WAS,WAS,16:25:00,16:25:00,1,0,0,
amtrak,amtrak:295510,295510,amtrak:BWI,BWI,16:51:00,16:52:00,2,0,0,
amtrak,amtrak:295510,295510,amtrak:BAL,BAL,17:06:00,17:08:00,3,0,0,
amtrak,amtrak:295510,295510,amtrak:WIL,WIL,17:52:00,17:54:00,4,0,0,
amtrak,amtrak:295510,295510,amtrak:PHL,PHL,18:16:00,18:19:00,5,0,0,
amtrak,amtrak:295510,295510,amtrak:TRE,TRE,18:47:00,18:49:00,6,0,0,
amtrak,amtrak:295510,295510,amtrak:MET,MET,19:10:00,19:11:00,7,0,0,
amtrak,amtrak:295510,295510,amtrak:NWK,NWK,19:24:00,19:26:00,8,0,0,
amtrak,amtrak:295510,295510,amtrak:NYP,NYP,19:46:00,20:00:00,9,0,0,
amtrak,amtrak:295510,295510,amtrak:NRO,NRO,20:27:00,20:27:00,10,0,0,
amtrak,amtrak:295510,295510,amtrak:STM,STM,20:46:00,20:48:00,11,0,0,
amtrak,amtrak:295510,295510,amtrak:NHV,NHV,21:39:00,22:09:00,12,0,0,
amtrak,amtrak:295510,295510,amtrak:STS,STS,22:11:00,22:11:00,13,0,0,
amtrak,amtrak:295510,295510,amtrak:WFD,WFD,22:23:00,22:23:00,14,0,0,
amtrak,amtrak:295510,295510,amtrak:MDN,MDN,22:31:00,22:31:00,15,0,0,
amtrak,amtrak:295510,295510,amtrak:BER,BER,22:39:00,22:39:00,16,0,0,
amtrak,amtrak:295510,295510,amtrak:HFD,HFD,22:52:00,22:55:00,17,0,0,
amtrak,amtrak:295510,295510,amtrak:WND,WND,23:02:00,23:02:00,18,0,0,
amtrak,amtrak:295510,295510,amtrak:WNL,WNL,23:09:00,23:09:00,19,0,0,
amtrak,amtrak:295510,295510,amtrak:SPG,SPG,23:37:00,23:37:00,20,0,0,
amtrak,amtrak:295511,295511,amtrak:WAS,WAS,16:25:00,16:25:00,1,0,0,
amtrak,amtrak:295511,295511,amtrak:BWI,BWI,16:51:00,16:52:00,2,0,0,
amtrak,amtrak:295511,295511,amtrak:BAL,BAL,17:06:00,17:08:00,3,0,0,
amtrak,amtrak:295511,295511,amtrak:WIL,WIL,17:52:00,17:54:00,4,0,0,
amtrak,amtrak:295511,295511,amtrak:PHL,PHL,18:16:00,18:19:00,5,0,0,
amtrak,amtrak:295511,295511,amtrak:TRE,TRE,18:47:00,18:49:00,6,0,0,
amtrak,amtrak:295511,295511,amtrak:MET,MET,19:10:00,19:11:00,7,0,0,
amtrak,amtrak:295511,295511,amtrak:NWK,NWK,19:24:00,19:26:00,8,0,0,
amtrak,amtrak:295511,295511,amtrak:NYP,NYP,19:46:00,20:00:00,9,0,0,
amtrak,amtrak:295511,295511,amtrak:NRO,NRO,20:27:00,20:27:00,10,0,0,
amtrak,amtrak:295511,295511,amtrak:STM,STM,20:46:00,20:48:00,11,0,0,
amtrak,amtrak:295511,295511,amtrak:NHV,NHV,21:39:00,22:09:00,12,0,0,
amtrak,amtrak:295511,295511,amtrak:STS,STS,22:11:00,22:11:00,13,0,0,
amtrak,amtrak:295511,295511,amtrak:WFD,WFD,22:23:00,22:23:00,14,0,0,
amtrak,amtrak:295511,295511,amtrak:MDN,MDN,22:31:00,22:31:00,15,0,0,
amtrak,amtrak:295511,295511,amtrak:BER,BER,22:39:00,22:39:00,16,0,0,
amtrak,amtrak:295511,295511,amtrak:HFD,HFD,22:52:00,22:55:00,17,0,0,
amtrak,amtrak:295511,295511,amtrak:WND,WND,23:02:00,23:02:00,18,0,0,
amtrak,amtrak:295511,295511,amtrak:WNL,WNL,23:09:00,23:09:00,19,0,0,
amtrak,amtrak:295511,295511,amtrak:SPG,SPG,23:37:00,23:37:00,20,0,0,
amtrak,amtrak:295512,295512,amtrak:WAS,WAS,16:25:00,16:25:00,1,0,0,
amtrak,amtrak:295512,295512,amtrak:BWI,BWI,16:51:00,16:52:00,2,0,0,
amtrak,amtrak:295512,295512,amtrak:BAL,BAL,17:06:00,17:08:00,3,0,0,
amtrak,amtrak:295512,295512,amtrak:WIL,WIL,17:52:00,17:54:00,4,0,0,
amtrak,amtrak:295512,295512,amtrak:PHL,PHL,18:16:00,18:19:00,5,0,0,
amtrak,amtrak:295512,295512,amtrak:TRE,TRE,18:47:00,18:49:00,6,0,0,
amtrak,amtrak:295512,295512,amtrak:MET,MET,19:10:00,19:11:00,7,0,0,
amtrak,amtrak:295512,295512,amtrak:NWK,NWK,19:24:00,19:26:00,8,0,0,
amtrak,amtrak:295512,295512,amtrak:NYP,NYP,19:46:00,20:00:00,9,0,0,
amtrak,amtrak:295512,295512,amtrak:NRO,NRO,20:27:00,20:27:00,10,0,0,
amtrak,amtrak:295512,295512,amtrak:STM,STM,20:46:00,20:48:00,11,0,0,
amtrak,amtrak:295512,295512,amtrak:NHV,NHV,21:39:00,22:09:00,12,0,0,
amtrak,amtrak:295512,295512,amtrak:STS,STS,22:11:00,22:11:00,13,0,0,
amtrak,amtrak:295512,295512,amtrak:WFD,WFD,22:23:00,22:23:00,14,0,0,
amtrak,amtrak:295512,295512,amtrak:MDN,MDN,22:31:00,22:31:00,15,0,0,
amtrak,amtrak:295512,295512,amtrak:BER,BER,22:39:00,22:39:00,16,0,0,
amtrak,amtrak:295512,295512,amtrak:HFD,HFD,22:52:00,22:55:00,17,0,0,
amtrak,amtrak:295512,295512,amtrak:WND,WND,23:02:00,23:02:00,18,0,0,
amtrak,amtrak:295512,295512,amtrak:WNL,WNL,23:09:00,23:09:00,19,0,0,
amtrak,amtrak:295512,295512,amtrak:SPG,SPG,23:37:00,23:37:00,20,0,0,
amtrak,amtrak:295513,295513,amtrak:WAS,WAS,16:25:00,16:25:00,1,0,0,
amtrak,amtrak:295513,295513,amtrak:BWI,BWI,16:51:00,16:52:00,2,0,0,
amtrak,amtrak:295513,295513,amtrak:BAL,BAL,17:06:00,17:08:00,3,0,0,
amtrak,amtrak:295513,295513,amtrak:WIL,WIL,17:52:00,17:54:00,4,0,0,
amtrak,amtrak:295513,295513,amtrak:PHL,PHL,18:16:00,18:19:00,5,0,0,
amtrak,amtrak:295513,295513,amtrak:TRE,TRE,18:47:00,18:49:00,6,0,0,
amtrak,amtrak:295513,295513,amtrak:MET,MET,19:10:00,19:11:00,7,0,0,
amtrak,amtrak:295513,295513,amtrak:NWK,NWK,19:24:00,19:26:00,8,0,0,
amtrak,amtrak:295513,295513,amtrak:NYP,NYP,19:46:00,20:00:00,9,0,0,
amtrak,amtrak:295513,295513,amtrak:NRO,NRO,20:27:00,20:27:00,10,0,0,
amtrak,amtrak:295513,295513,amtrak:STM,STM,20:46:00,20:48:00,11,0,0,
amtrak,amtrak:295513,295513,amtrak:NHV,NHV,21:39:00,22:09:00,12,0,0,
amtrak,amtrak:295513,295513,amtrak:STS,STS,22:11:00,22:11:00,13,0,0,
amtrak,amtrak:295513,295513,amtrak:WFD,WFD,22:23:00,22:23:00,14,0,0,
amtrak,amtrak:295513,295513,amtrak:MDN,MDN,22:31:00,22:31:00,15,0,0,
amtrak,amtrak:295513,295513,amtrak:BER,BER,22:39:00,22:39:00,16,0,0,
amtrak,amtrak:295513,295513,amtrak:HFD,HFD,22:52:00,22:55:00,17,0,0,
amtrak,amtrak:295513,295513,amtrak:WND,WND,23:02:00,23:02:00,18,0,0,
amtrak,amtrak:295513,295513,amtrak:WNL,WNL,23:09:00,23:09:00,19,0,0,
amtrak,amtrak:295513,295513,amtrak:SPG,SPG,23:37:00,23:37:00,20,0,0,
amtrak,amtrak:295634,295634,amtrak:BOS,BOS,15:35:00,15:35:00,1,0,0,
amtrak,amtrak:295634,295634,amtrak:BBY,BBY,15:39:00,15:40:00,2,0,0,
amtrak,amtrak:295634,295634,amtrak:RTE,RTE,15:48:00,15:49:00,3,0,0,
amtrak,amtrak:295634,295634,amtrak:PVD,PVD,16:09:00,16:11:00,4,0,0,
amtrak,amtrak:295634,295634,amtrak:NHV,NHV,17:49:00,17:50:00,5,0,0,
amtrak,amtrak:295634,295634,amtrak:STM,STM,18:34:00,18:36:00,6,0,0,
amtrak,amtrak:295634,295634,amtrak:NYP,NYP,19:33:00,19:57:00,7,0,0,
amtrak,amtrak:295634,295634,amtrak:NWK,NWK,20:10:00,20:11:00,8,0,0,
amtrak,amtrak:295634,295634,amtrak:PHL,PHL,21:07:00,21:10:00,9,0,0,
amtrak,amtrak:295634,295634,amtrak:WIL,WIL,21:29:00,21:31:00,10,0,0,
amtrak,amtrak:295634,295634,amtrak:BAL,BAL,22:20:00,22:22:00,11,0,0,
amtrak,amtrak:295634,295634,amtrak:WAS,WAS,22:58:00,22:58:00,12,0,0,
amtrak,amtrak:295635,295635,amtrak:BOS,BOS,15:35:00,15:35:00,1,0,0,
amtrak,amtrak:295635,295635,amtrak:BBY,BBY,15:39:00,15:40:00,2,0,0,
amtrak,amtrak:295635,295635,amtrak:RTE,RTE,15:48:00,15:49:00,3,0,0,
amtrak,amtrak:295635,295635,amtrak:PVD,PVD,16:09:00,16:11:00,4,0,0,
amtrak,amtrak:295635,295635,amtrak:NHV,NHV,17:49:00,17:50:00,5,0,0,
amtrak,amtrak:295635,295635,amtrak:STM,STM,18:34:00,18:36:00,6,0,0,
amtrak,amtrak:295635,295635,amtrak:NYP,NYP,19:34:00,19:57:00,7,0,0,
amtrak,amtrak:295635,295635,amtrak:NWK,NWK,20:10:00,20:11:00,8,0,0,
amtrak,amtrak:295635,295635,amtrak:PHL,PHL,21:07:00,21:10:00,9,0,0,
amtrak,amtrak:295635,295635,amtrak:WIL,WIL,21:29:00,21:31:00,10,0,0,
amtrak,amtrak:295635,295635,amtrak:BAL,BAL,22:20:00,22:22:00,11,0,0,
amtrak,amtrak:295635,295635,amtrak:WAS,WAS,22:58:00,22:58:00,12,0,0,
amtrak,amtrak:295636,295636,amtrak:BOS,BOS,15:35:00,15:35:00,1,0,0,
amtrak,amtrak:295636,295636,amtrak:BBY,BBY,15:39:00,15:40:00,2,0,0,
amtrak,amtrak:295636,295636,amtrak:RTE,RTE,15:48:00,15:49:00,3,0,0,
amtrak,amtrak:295636,295636,amtrak:PVD,PVD,16:09:00,16:11:00,4,0,0,
amtrak,amtrak:295636,295636,amtrak:NHV,NHV,17:49:00,17:50:00,5,0,0,
amtrak,amtrak:295636,295636,amtrak:STM,STM,18:34:00,18:36:00,6,0,0,
amtrak,amtrak:295636,295636,amtrak:NYP,NYP,19:34:00,19:57:00,7,0,0,
amtrak,amtrak:295636,295636,amtrak:NWK,NWK,20:10:00,20:11:00,8,0,0,
amtrak,amtrak:295636,295636,amtrak:PHL,PHL,21:07:00,21:10:00,9,0,0,
amtrak,amtrak:295636,295636,amtrak:WIL,WIL,21:29:00,21:31:00,10,0,0,
amtrak,amtrak:295636,295636,amtrak:BAL,BAL,22:20:00,22:22:00,11,0,0,
amtrak,amtrak:295636,295636,amtrak:WAS,WAS,22:58:00,22:58:00,12,0,0,
amtrak,amtrak:295640,295640,amtrak:BOS,BOS,15:35:00,15:35:00,1,0,0,
amtrak,amtrak:295640,295640,amtrak:BBY,BBY,15:39:00,15:40:00,2,0,0,
amtrak,amtrak:295640,295640,amtrak:RTE,RTE,15:48:00,15:49:00,3,0,0,
amtrak,amtrak:295640,295640,amtrak:PVD,PVD,16:09:00,16:11:00,4,0,0,
amtrak,amtrak:295640,295640,amtrak:NHV,NHV,17:49:00,17:50:00,5,0,0,
amtrak,amtrak:295640,295640,amtrak:STM,STM,18:34:00,18:36:00,6,0,0,
amtrak,amtrak:295640,295640,amtrak:NYP,NYP,19:33:00,19:57:00,7,0,0,
amtrak,amtrak:295640,295640,amtrak:NWK,NWK,20:10:00,20:11:00,8,0,0,
amtrak,amtrak:295640,295640,amtrak:PHL,PHL,21:07:00,21:10:00,9,0,0,
amtrak,amtrak:295640,295640,amtrak:WIL,WIL,21:29:00,21:31:00,10,0,0,
amtrak,amtrak:295640,295640,amtrak:BAL,BAL,22:20:00,22:22:00,11,0,0,
amtrak,amtrak:295640,295640,amtrak:WAS,WAS,22:58:00,22:58:00,12,0,0,
amtrak,amtrak:295641,295641,amtrak:BOS,BOS,15:35:00,15:35:00,1,0,0,
amtrak,amtrak:295641,295641,amtrak:BBY,BBY,15:39:00,15:40:00,2,0,0,
amtrak,amtrak:295641,295641,amtrak:RTE,RTE,15:48:00,15:49:00,3,0,0,
amtrak,amtrak:295641,295641,amtrak:PVD,PVD,16:09:00,16:11:00,4,0,0,
amtrak,amtrak:295641,295641,amtrak:NHV,NHV,17:49:00,17:50:00,5,0,0,
amtrak,amtrak:295641,295641,amtrak:STM,STM,18:34:00,18:36:00,6,0,0,
amtrak,amtrak:295641,295641,amtrak:NYP,NYP,19:34:00,19:57:00,7,0,0,
amtrak,amtrak:295641,295641,amtrak:NWK,NWK,20:10:00,20:11:00,8,0,0,
amtrak,amtrak:295641,295641,amtrak:PHL,PHL,21:07:00,21:10:00,9,0,0,
amtrak,amtrak:295641,295641,amtrak:WIL,WIL,21:29:00,21:31:00,10,0,0,
amtrak,amtrak:295641,295641,amtrak:BAL,BAL,22:20:00,22:22:00,11,0,0,
amtrak,amtrak:295641,295641,amtrak:WAS,WAS,22:58:00,22:58:00,12,0,0,
amtrak,amtrak:295642,295642,amtrak:BOS,BOS,15:35:00,15:35:00,1,0,0,
amtrak,amtrak:295642,295642,amtrak:BBY,BBY,15:39:00,15:40:00,2,0,0,
amtrak,amtrak:295642,295642,amtrak:RTE,RTE,15:48:00,15:49:00,3,0,0,
amtrak,amtrak:295642,295642,amtrak:PVD,PVD,16:09:00,16:11:00,4,0,0,
amtrak,amtrak:295642,295642,amtrak:NHV,NHV,17:49:00,17:50:00,5,0,0,
amtrak,amtrak:295642,295642,amtrak:STM,STM,18:34:00,18:36:00,6,0,0,
amtrak,amtrak:295642,295642,amtrak:NYP,NYP,19:34:00,19:57:00,7,0,0,
amtrak,amtrak:295642,295642,amtrak:NWK,NWK,20:10:00,20:11:00,8,0,0,
amtrak,amtrak:295642,295642,amtrak:PHL,PHL,21:07:00,21:10:00,9,0,0,
amtrak,amtrak:295642,295642,amtrak:WIL,WIL,21:29:00,21:31:00,10,0,0,
amtrak,amtrak:295642,295642,amtrak:BAL,BAL,22:20:00,22:22:00,11,0,0,
amtrak,amtrak:295642,295642,amtrak:WAS,WAS,22:58:00,22:58:00,12,0,0,
amtrak,amtrak:295643,295643,amtrak:BOS,BOS,15:35:00,15:35:00,1,0,0,
amtrak,amtrak:295643,295643,amtrak:BBY,BBY,15:39:00,15:40:00,2,0,0,
amtrak,amtrak:295643,295643,amtrak:RTE,RTE,15:48:00,15:49:00,3,0,0,
amtrak,amtrak:295643,295643,amtrak:PVD,PVD,16:09:00,16:11:00,4,0,0,
amtrak,amtrak:295643,295643,amtrak:NHV,NHV,17:49:00,17:50:00,5,0,0,
amtrak,amtrak:295643,295643,amtrak:STM,STM,18:34:00,18:36:00,6,0,0,
amtrak,amtrak:295643,295643,amtrak:NYP,NYP,19:33:00,19:57:00,7,0,0,
amtrak,amtrak:295643,295643,amtrak:NWK,NWK,20:10:00,20:11:00,8,0,0,
amtrak,amtrak:295643,295643,amtrak:PHL,PHL,21:07:00,21:10:00,9,0,0,
amtrak,amtrak:295643,295643,amtrak:WIL,WIL,21:33:00,21:34:00,10,0,0,
amtrak,amtrak:295643,295643,amtrak:BAL,BAL,22:18:00,22:19:00,11,0,0,
amtrak,amtrak:295643,295643,amtrak:WAS,WAS,22:55:00,22:55:00,12,0,0,
amtrak,amtrak:295644,295644,amtrak:BOS,BOS,15:35:00,15:35:00,1,0,0,
amtrak,amtrak:295644,295644,amtrak:BBY,BBY,15:39:00,15:40:00,2,0,0,
amtrak,amtrak:295644,295644,amtrak:RTE,RTE,15:48:00,15:49:00,3,0,0,
amtrak,amtrak:295644,295644,amtrak:PVD,PVD,16:09:00,16:11:00,4,0,0,
amtrak,amtrak:295644,295644,amtrak:NHV,NHV,17:49:00,17:50:00,5,0,0,
amtrak,amtrak:295644,295644,amtrak:STM,STM,18:34:00,18:36:00,6,0,0,
amtrak,amtrak:295644,295644,amtrak:NYP,NYP,19:34:00,19:57:00,7,0,0,
amtrak,amtrak:295644,295644,amtrak:NWK,NWK,20:10:00,20:11:00,8,0,0,
amtrak,amtrak:295644,295644,amtrak:PHL,PHL,21:07:00,21:10:00,9,0,0,
amtrak,amtrak:295644,295644,amtrak:WIL,WIL,21:33:00,21:34:00,10,0,0,
amtrak,amtrak:295644,295644,amtrak:BAL,BAL,22:18:00,22:19:00,11,0,0,
amtrak,amtrak:295644,295644,amtrak:WAS,WAS,22:55:00,22:55:00,12,0,0,
amtrak,amtrak:295645,295645,amtrak:BOS,BOS,15:35:00,15:35:00,1,0,0,
amtrak,amtrak:295645,295645,amtrak:BBY,BBY,15:39:00,15:40:00,2,0,0,
amtrak,amtrak:295645,295645,amtrak:RTE,RTE,15:48:00,15:49:00,3,0,0,
amtrak,amtrak:295645,295645,amtrak:PVD,PVD,16:09:00,16:11:00,4,0,0,
amtrak,amtrak:295645,295645,amtrak:NHV,NHV,17:49:00,17:50:00,5,0,0,
amtrak,amtrak:295645,295645,amtrak:STM,STM,18:34:00,18:36:00,6,0,0,
amtrak,amtrak:295645,295645,amtrak:NYP,NYP,19:34:00,19:57:00,7,0,0,
amtrak,amtrak:295645,295645,amtrak:NWK,NWK,20:10:00,20:11:00,8,0,0,
amtrak,amtrak:295645,295645,amtrak:PHL,PHL,21:07:00,21:10:00,9,0,0,
amtrak,amtrak:295645,295645,amtrak:WIL,WIL,21:33:00,21:34:00,10,0,0,
amtrak,amtrak:295645,295645,amtrak:BAL,BAL,22:18:00,22:19:00,11,0,0,
amtrak,amtrak:295645,295645,amtrak:WAS,WAS,22:55:00,22:55:00,12,0,0,
amtrak,amtrak:295746,295746,amtrak:WAS,WAS,14:55:00,14:55:00,1,0,0,
amtrak,amtrak:295746,295746,amtrak:BWI,BWI,15:16:00,15:17:00,2,0,0,
amtrak,amtrak:295746,295746,amtrak:BAL,BAL,15:28:00,15:30:00,3,0,0,
amtrak,amtrak:295746,295746,amtrak:PHL,PHL,16:37:00,16:38:00,4,0,0,
amtrak,amtrak:295746,295746,amtrak:MET,MET,17:20:00,17:21:00,5,0,0,
amtrak,amtrak:295746,295746,amtrak:NWK,NWK,17:36:00,17:37:00,6,0,0,
amtrak,amtrak:295746,295746,amtrak:NYP,NYP,17:55:00,18:05:00,7,0,0,
amtrak,amtrak:295746,295746,amtrak:STM,STM,18:48:00,18:50:00,8,0,0,
amtrak,amtrak:295746,295746,amtrak:NHV,NHV,19:42:00,19:44:00,9,0,0,
amtrak,amtrak:295746,295746,amtrak:PVD,PVD,21:16:00,21:16:00,10,0,0,
amtrak,amtrak:295746,295746,amtrak:RTE,RTE,21:44:00,21:45:00,11,1,0,
amtrak,amtrak:295746,295746,amtrak:BBY,BBY,21:56:00,21:57:00,12,1,0,
amtrak,amtrak:295746,295746,amtrak:BOS,BOS,22:04:00,22:04:00,13,0,0,
amtrak,amtrak:295747,295747,amtrak:WAS,WAS,14:55:00,14:55:00,1,0,0,
amtrak,amtrak:295747,295747,amtrak:BWI,BWI,15:16:00,15:17:00,2,0,0,
amtrak,amtrak:295747,295747,amtrak:BAL,BAL,15:28:00,15:30:00,3,0,0,
amtrak,amtrak:295747,295747,amtrak:PHL,PHL,16:37:00,16:38:00,4,0,0,
amtrak,amtrak:295747,295747,amtrak:MET,MET,17:20:00,17:21:00,5,0,0,
amtrak,amtrak:295747,295747,amtrak:NWK,NWK,17:36:00,17:37:00,6,0,0,
amtrak,amtrak:295747,295747,amtrak:NYP,NYP,17:55:00,18:05:00,7,0,0,
amtrak,amtrak:295747,295747,amtrak:STM,STM,18:48:00,18:50:00,8,0,0,
amtrak,amtrak:295747,295747,amtrak:NHV,NHV,19:42:00,19:44:00,9,0,0,
amtrak,amtrak:295747,295747,amtrak:PVD,PVD,21:16:00,21:16:00,10,0,0,
amtrak,amtrak:295747,295747,amtrak:RTE,RTE,21:44:00,21:45:00,11,1,0,
amtrak,amtrak:295747,295747,amtrak:BBY,BBY,21:56:00,21:57:00,12,1,0,
amtrak,amtrak:295747,295747,amtrak:BOS,BOS,22:04:00,22:04:00,13,0,0,
amtrak,amtrak:295750,295750,amtrak:WAS,WAS,14:55:00,14:55:00,1,0,0,
amtrak,amtrak:295750,295750,amtrak:BWI,BWI,15:16:00,15:17:00,2,0,0,
amtrak,amtrak:295750,295750,amtrak:BAL,BAL,15:28:00,15:30:00,3,0,0,
amtrak,amtrak:295750,295750,amtrak:PHL,PHL,16:34:00,16:35:00,4,0,0,
amtrak,amtrak:295750,295750,amtrak:MET,MET,17:20:00,17:21:00,5,0,0,
amtrak,amtrak:295750,295750,amtrak:NWK,NWK,17:36:00,17:37:00,6,0,0,
amtrak,amtrak:295750,295750,amtrak:NYP,NYP,17:55:00,18:05:00,7,0,0,
amtrak,amtrak:295750,295750,amtrak:STM,STM,18:48:00,18:50:00,8,0,0,
amtrak,amtrak:295750,295750,amtrak:NHV,NHV,19:42:00,19:44:00,9,0,0,
amtrak,amtrak:295750,295750,amtrak:PVD,PVD,21:16:00,21:16:00,10,0,0,
amtrak,amtrak:295750,295750,amtrak:RTE,RTE,21:44:00,21:45:00,11,1,0,
amtrak,amtrak:295750,295750,amtrak:BBY,BBY,21:56:00,21:57:00,12,1,0,
amtrak,amtrak:295750,295750,amtrak:BOS,BOS,22:04:00,22:04:00,13,0,0,
amtrak,amtrak:295751,295751,amtrak:WAS,WAS,14:55:00,14:55:00,1,0,0,
amtrak,amtrak:295751,295751,amtrak:BWI,BWI,15:16:00,15:17:00,2,0,0,
amtrak,amtrak:295751,295751,amtrak:BAL,BAL,15:28:00,15:30:00,3,0,0,
amtrak,amtrak:295751,295751,amtrak:PHL,PHL,16:34:00,16:35:00,4,0,0,
amtrak,amtrak:295751,295751,amtrak:MET,MET,17:20:00,17:21:00,5,0,0,
amtrak,amtrak:295751,295751,amtrak:NWK,NWK,17:36:00,17:37:00,6,0,0,
amtrak,amtrak:295751,295751,amtrak:NYP,NYP,17:55:00,18:05:00,7,0,0,
amtrak,amtrak:295751,295751,amtrak:STM,STM,18:48:00,18:50:00,8,0,0,
amtrak,amtrak:295751,295751,amtrak:NHV,NHV,19:42:00,19:44:00,9,0,0,
amtrak,amtrak:295751,295751,amtrak:PVD,PVD,21:16:00,21:16:00,10,0,0,
amtrak,amtrak:295751,295751,amtrak:RTE,RTE,21:44:00,21:45:00,11,1,0,
amtrak,amtrak:295751,295751,amtrak:BBY,BBY,21:56:00,21:57:00,12,1,0,
amtrak,amtrak:295751,295751,amtrak:BOS,BOS,22:04:00,22:04:00,13,0,0,
amtrak,amtrak:295752,295752,amtrak:WAS,WAS,14:55:00,14:55:00,1,0,0,
amtrak,amtrak:295752,295752,amtrak:BWI,BWI,15:16:00,15:17:00,2,0,0,
amtrak,amtrak:295752,295752,amtrak:BAL,BAL,15:28:00,15:30:00,3,0,0,
amtrak,amtrak:295752,295752,amtrak:PHL,PHL,16:34:00,16:35:00,4,0,0,
amtrak,amtrak:295752,295752,amtrak:MET,MET,17:20:00,17:21:00,5,0,0,
amtrak,amtrak:295752,295752,amtrak:NWK,NWK,17:36:00,17:37:00,6,0,0,
amtrak,amtrak:295752,295752,amtrak:NYP,NYP,17:55:00,18:05:00,7,0,0,
amtrak,amtrak:295752,295752,amtrak:STM,STM,18:48:00,18:50:00,8,0,0,
amtrak,amtrak:295752,295752,amtrak:NHV,NHV,19:42:00,19:44:00,9,0,0,
amtrak,amtrak:295752,295752,amtrak:PVD,PVD,21:16:00,21:16:00,10,0,0,
amtrak,amtrak:295752,295752,amtrak:RTE,RTE,21:44:00,21:45:00,11,1,0,
amtrak,amtrak:295752,295752,amtrak:BBY,BBY,21:56:00,21:57:00,12,1,0,
amtrak,amtrak:295752,295752,amtrak:BOS,BOS,22:04:00,22:04:00,13,0,0,
amtrak,amtrak:295753,295753,amtrak:WAS,WAS,16:05:00,16:05:00,1,0,0,
amtrak,amtrak:295753,295753,amtrak:BWI,BWI,16:26:00,16:27:00,2,0,0,
amtrak,amtrak:295753,295753,amtrak:BAL,BAL,16:38:00,16:40:00,3,0,0,
amtrak,amtrak:295753,295753,amtrak:WIL,WIL,17:24:00,17:25:00,4,0,0,
amtrak,amtrak:295753,295753,amtrak:PHL,PHL,17:51:00,17:54:00,5,0,0,
amtrak,amtrak:295753,295753,amtrak:NWK,NWK,18:50:00,18:51:00,6,0,0,
amtrak,amtrak:295753,295753,amtrak:NYP,NYP,19:10:00,19:23:00,7,0,0,
amtrak,amtrak:295753,295753,amtrak:STM,STM,20:06:00,20:08:00,8,0,0,
amtrak,amtrak:295753,295753,amtrak:NHV,NHV,21:00:00,21:02:00,9,0,0,
amtrak,amtrak:295753,295753,amtrak:PVD,PVD,22:30:00,22:30:00,10,0,0,
amtrak,amtrak:295753,295753,amtrak:RTE,RTE,22:59:00,23:00:00,11,1,0,
amtrak,amtrak:295753,295753,amtrak:BBY,BBY,23:12:00,23:13:00,12,1,0,
amtrak,amtrak:295753,295753,amtrak:BOS,BOS,23:24:00,23:24:00,13,0,0,
amtrak,amtrak:295754,295754,amtrak:WAS,WAS,16:05:00,16:05:00,1,0,0,
amtrak,amtrak:295754,295754,amtrak:BWI,BWI,16:26:00,16:27:00,2,0,0,
amtrak,amtrak:295754,295754,amtrak:BAL,BAL,16:38:00,16:40:00,3,0,0,
amtrak,amtrak:295754,295754,amtrak:WIL,WIL,17:24:00,17:25:00,4,0,0,
amtrak,amtrak:295754,295754,amtrak:PHL,PHL,17:51:00,17:54:00,5,0,0,
amtrak,amtrak:295754,295754,amtrak:NWK,NWK,18:50:00,18:51:00,6,0,0,
amtrak,amtrak:295754,295754,amtrak:NYP,NYP,19:10:00,19:23:00,7,0,0,
amtrak,amtrak:295754,295754,amtrak:STM,STM,20:06:00,20:08:00,8,0,0,
amtrak,amtrak:295754,295754,amtrak:NHV,NHV,21:00:00,21:02:00,9,0,0,
amtrak,amtrak:295754,295754,amtrak:PVD,PVD,22:30:00,22:30:00,10,0,0,
amtrak,amtrak:295754,295754,amtrak:RTE,RTE,22:59:00,23:00:00,11,1,0,
amtrak,amtrak:295754,295754,amtrak:BBY,BBY,23:12:00,23:13:00,12,1,0,
amtrak,amtrak:295754,295754,amtrak:BOS,BOS,23:24:00,23:24:00,13,0,0,
amtrak,amtrak:295757,295757,amtrak:WAS,WAS,16:10:00,16:10:00,1,0,0,
amtrak,amtrak:295757,295757,amtrak:BWI,BWI,16:31:00,16:32:00,2,0,0,
amtrak,amtrak:295757,295757,amtrak:BAL,BAL,16:43:00,16:45:00,3,0,0,
amtrak,amtrak:295757,295757,amtrak:WIL,WIL,17:29:00,17:30:00,4,0,0,
amtrak,amtrak:295757,295757,amtrak:PHL,PHL,17:51:00,17:54:00,5,0,0,
amtrak,amtrak:295757,295757,amtrak:NWK,NWK,18:50:00,18:51:00,6,0,0,
amtrak,amtrak:295757,295757,amtrak:NYP,NYP,19:10:00,19:23:00,7,0,0,
amtrak,amtrak:295757,295757,amtrak:STM,STM,20:06:00,20:08:00,8,0,0,
amtrak,amtrak:295757,295757,amtrak:NHV,NHV,21:00:00,21:02:00,9,0,0,
amtrak,amtrak:295757,295757,amtrak:PVD,PVD,22:30:00,22:30:00,10,0,0,
amtrak,amtrak:295757,295757,amtrak:RTE,RTE,22:59:00,23:00:00,11,1,0,
amtrak,amtrak:295757,295757,amtrak:BBY,BBY,23:12:00,23:13:00,12,1,0,
amtrak,amtrak:295757,295757,amtrak:BOS,BOS,23:24:00,23:24:00,13,0,0,
amtrak,amtrak:295759,295759,amtrak:WAS,WAS,16:10:00,16:10:00,1,0,0,
amtrak,amtrak:295759,295759,amtrak:BWI,BWI,16:31:00,16:32:00,2,0,0,
amtrak,amtrak:295759,295759,amtrak:BAL,BAL,16:43:00,16:45:00,3,0,0,
amtrak,amtrak:295759,295759,amtrak:WIL,WIL,17:29:00,17:30:00,4,0,0,
amtrak,amtrak:295759,295759,amtrak:PHL,PHL,17:51:00,17:54:00,5,0,0,
amtrak,amtrak:295759,295759,amtrak:NWK,NWK,18:50:00,18:51:00,6,0,0,
amtrak,amtrak:295759,295759,amtrak:NYP,NYP,19:10:00,19:23:00,7,0,0,
amtrak,amtrak:295759,295759,amtrak:STM,STM,20:06:00,20:08:00,8,0,0,
amtrak,amtrak:295759,295759,amtrak:NHV,NHV,21:00:00,21:02:00,9,0,0,
amtrak,amtrak:295759,295759,amtrak:PVD,PVD,22:30:00,22:30:00,10,0,0,
amtrak,amtrak:295759,295759,amtrak:RTE,RTE,22:59:00,23:00:00,11,1,0,
amtrak,amtrak:295759,295759,amtrak:BBY,BBY,23:12:00,23:13:00,12,1,0,
amtrak,amtrak:295759,295759,amtrak:BOS,BOS,23:24:00,23:24:00,13,0,0,
amtrak,amtrak:295760,295760,amtrak:WAS,WAS,16:10:00,16:10:00,1,0,0,
amtrak,amtrak:295760,295760,amtrak:BWI,BWI,16:31:00,16:32:00,2,0,0,
amtrak,amtrak:295760,295760,amtrak:BAL,BAL,16:43:00,16:45:00,3,0,0,
amtrak,amtrak:295760,295760,amtrak:WIL,WIL,17:29:00,17:30:00,4,0,0,
amtrak,amtrak:295760,295760,amtrak:PHL,PHL,17:51:00,17:54:00,5,0,0,
amtrak,amtrak:295760,295760,amtrak:NWK,NWK,18:50:00,18:51:00,6,0,0,
amtrak,amtrak:295760,295760,amtrak:NYP,NYP,19:10:00,19:23:00,7,0,0,
amtrak,amtrak:295760,295760,amtrak:STM,STM,20:06:00,20:08:00,8,0,0,
amtrak,amtrak:295760,295760,amtrak:NHV,NHV,21:00:00,21:02:00,9,0,0,
amtrak,amtrak:295760,295760,amtrak:PVD,PVD,22:30:00,22:30:00,10,0,0,
amtrak,amtrak:295760,295760,amtrak:RTE,RTE,22:59:00,23:00:00,11,1,0,
amtrak,amtrak:295760,295760,amtrak:BBY,BBY,23:12:00,23:13:00,12,1,0,
amtrak,amtrak:295760,295760,amtrak:BOS,BOS,23:24:00,23:24:00,13,0,0,
amtrak,amtrak:295763,295763,amtrak:WAS,WAS,17:55:00,17:55:00,1,0,0,
amtrak,amtrak:295763,295763,amtrak:BAL,BAL,18:27:00,18:29:00,2,0,0,
amtrak,amtrak:295763,295763,amtrak:WIL,WIL,19:12:00,19:13:00,3,0,0,
amtrak,amtrak:295763,295763,amtrak:PHL,PHL,19:33:00,19:35:00,4,0,0,
amtrak,amtrak:295763,295763,amtrak:MET,MET,20:18:00,20:19:00,5,0,0,
amtrak,amtrak:295763,295763,amtrak:NWK,NWK,20:34:00,20:35:00,6,1,0,
amtrak,amtrak:295763,295763,amtrak:NYP,NYP,20:53:00,21:03:00,7,0,0,
amtrak,amtrak:295763,295763,amtrak:NHV,NHV,22:37:00,22:39:00,8,0,0,
amtrak,amtrak:295763,295763,amtrak:PVD,PVD,24:06:00,24:06:00,9,0,0,
amtrak,amtrak:295763,295763,amtrak:RTE,RTE,24:33:00,24:34:00,10,1,0,
amtrak,amtrak:295763,295763,amtrak:BBY,BBY,24:44:00,24:45:00,11,1,0,
amtrak,amtrak:295763,295763,amtrak:BOS,BOS,24:49:00,24:49:00,12,0,0,
amtrak,amtrak:295764,295764,amtrak:WAS,WAS,17:55:00,17:55:00,1,0,0,
amtrak,amtrak:295764,295764,amtrak:BAL,BAL,18:27:00,18:29:00,2,0,0,
amtrak,amtrak:295764,295764,amtrak:WIL,WIL,19:12:00,19:13:00,3,0,0,
amtrak,amtrak:295764,295764,amtrak:PHL,PHL,19:33:00,19:35:00,4,0,0,
amtrak,amtrak:295764,295764,amtrak:MET,MET,20:18:00,20:19:00,5,0,0,
amtrak,amtrak:295764,295764,amtrak:NWK,NWK,20:34:00,20:35:00,6,1,0,
amtrak,amtrak:295764,295764,amtrak:NYP,NYP,20:53:00,21:03:00,7,0,0,
amtrak,amtrak:295764,295764,amtrak:NHV,NHV,22:37:00,22:39:00,8,0,0,
amtrak,amtrak:295764,295764,amtrak:PVD,PVD,24:06:00,24:06:00,9,0,0,
amtrak,amtrak:295764,295764,amtrak:RTE,RTE,24:33:00,24:34:00,10,1,0,
amtrak,amtrak:295764,295764,amtrak:BBY,BBY,24:44:00,24:45:00,11,1,0,
amtrak,amtrak:295764,295764,amtrak:BOS,BOS,24:49:00,24:49:00,12,0,0,
amtrak,amtrak:295766,295766,amtrak:WAS,WAS,17:55:00,17:55:00,1,0,0,
amtrak,amtrak:295766,295766,amtrak:BAL,BAL,18:27:00,18:29:00,2,0,0,
amtrak,amtrak:295766,295766,amtrak:WIL,WIL,19:12:00,19:13:00,3,0,0,
amtrak,amtrak:295766,295766,amtrak:PHL,PHL,19:33:00,19:35:00,4,0,0,
amtrak,amtrak:295766,295766,amtrak:MET,MET,20:18:00,20:19:00,5,0,0,
amtrak,amtrak:295766,295766,amtrak:NWK,NWK,20:34:00,20:35:00,6,1,0,
amtrak,amtrak:295766,295766,amtrak:NYP,NYP,20:53:00,21:03:00,7,0,0,
amtrak,amtrak:295766,295766,amtrak:NHV,NHV,22:37:00,22:39:00,8,0,0,
amtrak,amtrak:295766,295766,amtrak:PVD,PVD,24:06:00,24:06:00,9,0,0,
amtrak,amtrak:295766,295766,amtrak:RTE,RTE,24:33:00,24:34:00,10,1,0,
amtrak,amtrak:295766,295766,amtrak:BBY,BBY,24:44:00,24:45:00,11,1,0,
amtrak,amtrak:295766,295766,amtrak:BOS,BOS,24:49:00,24:49:00,12,0,0,
amtrak,amtrak:295767,295767,amtrak:WAS,WAS,17:55:00,17:55:00,1,0,0,
amtrak,amtrak:295767,295767,amtrak:BAL,BAL,18:27:00,18:29:00,2,0,0,
amtrak,amtrak:295767,295767,amtrak:WIL,WIL,19:12:00,19:13:00,3,0,0,
amtrak,amtrak:295767,295767,amtrak:PHL,PHL,19:33:00,19:35:00,4,0,0,
amtrak,amtrak:295767,295767,amtrak:MET,MET,20:18:00,20:19:00,5,0,0,
amtrak,amtrak:295767,295767,amtrak:NWK,NWK,20:34:00,20:35:00,6,1,0,
amtrak,amtrak:295767,295767,amtrak:NYP,NYP,20:53:00,21:03:00,7,0,0,
amtrak,amtrak:295767,295767,amtrak:NHV,NHV,22:37:00,22:39:00,8,0,0,
amtrak,amtrak:295767,295767,amtrak:PVD,PVD,24:06:00,24:06:00,9,0,0,
amtrak,amtrak:295767,295767,amtrak:RTE,RTE,24:33:00,24:34:00,10,1,0,
amtrak,amtrak:295767,295767,amtrak:BBY,BBY,24:44:00,24:45:00,11,1,0,
amtrak,amtrak:295767,295767,amtrak:BOS,BOS,24:49:00,24:49:00,12,0,0,
amtrak,amtrak:295785,295785,amtrak:WAS,WAS,7:50:00,7:50:00,1,0,0,
amtrak,amtrak:295785,295785,amtrak:BWI,BWI,8:11:00,8:12:00,2,0,0,
amtrak,amtrak:295785,295785,amtrak:BAL,BAL,8:23:00,8:25:00,3,0,0,
amtrak,amtrak:295785,295785,amtrak:WIL,WIL,9:10:00,9:11:00,4,0,0,
amtrak,amtrak:295785,295785,amtrak:PHL,PHL,9:30:00,9:33:00,5,0,0,
amtrak,amtrak:295785,295785,amtrak:NWK,NWK,10:34:00,10:36:00,6,0,0,
amtrak,amtrak:295785,295785,amtrak:NYP,NYP,10:58:00,11:11:00,7,0,0,
amtrak,amtrak:295785,295785,amtrak:STM,STM,11:54:00,11:56:00,8,0,0,
amtrak,amtrak:295785,295785,amtrak:NHV,NHV,12:55:00,12:58:00,9,0,0,
amtrak,amtrak:295785,295785,amtrak:PVD,PVD,14:31:00,14:31:00,10,0,0,
amtrak,amtrak:295785,295785,amtrak:RTE,RTE,14:59:00,15:00:00,11,1,0,
amtrak,amtrak:295785,295785,amtrak:BBY,BBY,15:09:00,15:10:00,12,1,0,
amtrak,amtrak:295785,295785,amtrak:BOS,BOS,15:15:00,15:15:00,13,0,0,
amtrak,amtrak:295786,295786,amtrak:WAS,WAS,7:50:00,7:50:00,1,0,0,
amtrak,amtrak:295786,295786,amtrak:BWI,BWI,8:11:00,8:12:00,2,0,0,
amtrak,amtrak:295786,295786,amtrak:BAL,BAL,8:23:00,8:25:00,3,0,0,
amtrak,amtrak:295786,295786,amtrak:WIL,WIL,9:10:00,9:11:00,4,0,0,
amtrak,amtrak:295786,295786,amtrak:PHL,PHL,9:30:00,9:33:00,5,0,0,
amtrak,amtrak:295786,295786,amtrak:NWK,NWK,10:34:00,10:36:00,6,0,0,
amtrak,amtrak:295786,295786,amtrak:NYP,NYP,10:58:00,11:11:00,7,0,0,
amtrak,amtrak:295786,295786,amtrak:STM,STM,11:54:00,11:56:00,8,0,0,
amtrak,amtrak:295786,295786,amtrak:NHV,NHV,12:55:00,12:58:00,9,0,0,
amtrak,amtrak:295786,295786,amtrak:PVD,PVD,14:31:00,14:31:00,10,0,0,
amtrak,amtrak:295786,295786,amtrak:RTE,RTE,14:59:00,15:00:00,11,1,0,
amtrak,amtrak:295786,295786,amtrak:BBY,BBY,15:09:00,15:10:00,12,1,0,
amtrak,amtrak:295786,295786,amtrak:BOS,BOS,15:15:00,15:15:00,13,0,0,
amtrak,amtrak:296062,296062,amtrak:BOS,BOS,16:40:00,16:40:00,1,0,0,
amtrak,amtrak:296062,296062,amtrak:BBY,BBY,16:44:00,16:45:00,2,0,0,
amtrak,amtrak:296062,296062,amtrak:RTE,RTE,16:54:00,16:56:00,3,0,0,
amtrak,amtrak:296062,296062,amtrak:PVD,PVD,17:21:00,17:23:00,4,0,0,
amtrak,amtrak:296062,296062,amtrak:KIN,KIN,17:43:00,17:45:00,5,0,0,
amtrak,amtrak:296062,296062,amtrak:WLY,WLY,17:59:00,18:01:00,6,0,0,
amtrak,amtrak:296062,296062,amtrak:NLC,NLC,18:22:00,18:24:00,7,0,0,
amtrak,amtrak:296062,296062,amtrak:OSB,OSB,18:45:00,18:46:00,8,0,0,
amtrak,amtrak:296062,296062,amtrak:NHV,NHV,19:19:00,19:21:00,9,0,0,
amtrak,amtrak:296062,296062,amtrak:BRP,BRP,19:42:00,19:43:00,10,0,0,
amtrak,amtrak:296062,296062,amtrak:STM,STM,20:09:00,20:10:00,11,0,0,
amtrak,amtrak:296062,296062,amtrak:NRO,NRO,20:30:00,20:31:00,12,0,0,
amtrak,amtrak:296062,296062,amtrak:NYP,NYP,21:06:00,21:22:00,13,0,0,
amtrak,amtrak:296062,296062,amtrak:NWK,NWK,21:36:00,21:37:00,14,0,0,
amtrak,amtrak:296062,296062,amtrak:MET,MET,21:53:00,21:55:00,15,0,0,
amtrak,amtrak:296062,296062,amtrak:TRE,TRE,22:17:00,22:18:00,16,0,0,
amtrak,amtrak:296062,296062,amtrak:PHL,PHL,22:45:00,22:48:00,17,0,0,
amtrak,amtrak:296062,296062,amtrak:WIL,WIL,23:06:00,23:08:00,18,0,0,
amtrak,amtrak:296062,296062,amtrak:BAL,BAL,24:04:00,24:07:00,19,0,0,
amtrak,amtrak:296062,296062,amtrak:BWI,BWI,24:17:00,24:19:00,20,0,0,
amtrak,amtrak:296062,296062,amtrak:WAS,WAS,24:47:00,24:47:00,21,0,0,
amtrak,amtrak:296063,296063,amtrak:BOS,BOS,16:40:00,16:40:00,1,0,0,
amtrak,amtrak:296063,296063,amtrak:BBY,BBY,16:44:00,16:45:00,2,0,0,
amtrak,amtrak:296063,296063,amtrak:RTE,RTE,16:54:00,16:56:00,3,0,0,
amtrak,amtrak:296063,296063,amtrak:PVD,PVD,17:21:00,17:23:00,4,0,0,
amtrak,amtrak:296063,296063,amtrak:KIN,KIN,17:43:00,17:45:00,5,0,0,
amtrak,amtrak:296063,296063,amtrak:WLY,WLY,17:59:00,18:01:00,6,0,0,
amtrak,amtrak:296063,296063,amtrak:NLC,NLC,18:22:00,18:24:00,7,0,0,
amtrak,amtrak:296063,296063,amtrak:OSB,OSB,18:45:00,18:46:00,8,0,0,
amtrak,amtrak:296063,296063,amtrak:NHV,NHV,19:19:00,19:21:00,9,0,0,
amtrak,amtrak:296063,296063,amtrak:BRP,BRP,19:42:00,19:43:00,10,0,0,
amtrak,amtrak:296063,296063,amtrak:STM,STM,20:09:00,20:10:00,11,0,0,
amtrak,amtrak:296063,296063,amtrak:NRO,NRO,20:30:00,20:31:00,12,0,0,
amtrak,amtrak:296063,296063,amtrak:NYP,NYP,21:06:00,21:22:00,13,0,0,
amtrak,amtrak:296063,296063,amtrak:NWK,NWK,21:36:00,21:37:00,14,0,0,
amtrak,amtrak:296063,296063,amtrak:MET,MET,21:53:00,21:55:00,15,0,0,
amtrak,amtrak:296063,296063,amtrak:TRE,TRE,22:17:00,22:18:00,16,0,0,
amtrak,amtrak:296063,296063,amtrak:PHL,PHL,22:45:00,22:48:00,17,0,0,
amtrak,amtrak:296063,296063,amtrak:WIL,WIL,23:06:00,23:08:00,18,0,0,
amtrak,amtrak:296063,296063,amtrak:BAL,BAL,24:04:00,24:07:00,19,0,0,
amtrak,amtrak:296063,296063,amtrak:BWI,BWI,24:17:00,24:19:00,20,0,0,
amtrak,amtrak:296063,296063,amtrak:WAS,WAS,24:47:00,24:47:00,21,0,0,
amtrak,amtrak:296065,296065,amtrak:BOS,BOS,16:40:00,16:40:00,1,0,0,
amtrak,amtrak:296065,296065,amtrak:BBY,BBY,16:44:00,16:45:00,2,0,0,
amtrak,amtrak:296065,296065,amtrak:RTE,RTE,16:54:00,16:56:00,3,0,0,
amtrak,amtrak:296065,296065,amtrak:PVD,PVD,17:21:00,17:23:00,4,0,0,
amtrak,amtrak:296065,296065,amtrak:KIN,KIN,17:43:00,17:45:00,5,0,0,
amtrak,amtrak:296065,296065,amtrak:WLY,WLY,17:59:00,18:01:00,6,0,0,
amtrak,amtrak:296065,296065,amtrak:NLC,NLC,18:22:00,18:24:00,7,0,0,
amtrak,amtrak:296065,296065,amtrak:OSB,OSB,18:45:00,18:46:00,8,0,0,
amtrak,amtrak:296065,296065,amtrak:NHV,NHV,19:19:00,19:21:00,9,0,0,
amtrak,amtrak:296065,296065,amtrak:BRP,BRP,19:42:00,19:43:00,10,0,0,
amtrak,amtrak:296065,296065,amtrak:STM,STM,20:09:00,20:10:00,11,0,0,
amtrak,amtrak:296065,296065,amtrak:NRO,NRO,20:30:00,20:31:00,12,0,0,
amtrak,amtrak:296065,296065,amtrak:NYP,NYP,21:06:00,21:22:00,13,0,0,
amtrak,amtrak:296065,296065,amtrak:NWK,NWK,21:36:00,21:37:00,14,0,0,
amtrak,amtrak:296065,296065,amtrak:MET,MET,21:53:00,21:55:00,15,0,0,
amtrak,amtrak:296065,296065,amtrak:TRE,TRE,22:17:00,22:18:00,16,0,0,
amtrak,amtrak:296065,296065,amtrak:PHL,PHL,22:45:00,22:48:00,17,0,0,
amtrak,amtrak:296065,296065,amtrak:WIL,WIL,23:06:00,23:08:00,18,0,0,
amtrak,amtrak:296065,296065,amtrak:BAL,BAL,24:04:00,24:07:00,19,0,0,
amtrak,amtrak:296065,296065,amtrak:BWI,BWI,24:17:00,24:19:00,20,0,0,
amtrak,amtrak:296065,296065,amtrak:WAS,WAS,24:47:00,24:47:00,21,0,0,
amtrak,amtrak:296066,296066,amtrak:BOS,BOS,16:40:00,16:40:00,1,0,0,
amtrak,amtrak:296066,296066,amtrak:BBY,BBY,16:44:00,16:45:00,2,0,0,
amtrak,amtrak:296066,296066,amtrak:RTE,RTE,16:54:00,16:56:00,3,0,0,
amtrak,amtrak:296066,296066,amtrak:PVD,PVD,17:21:00,17:23:00,4,0,0,
amtrak,amtrak:296066,296066,amtrak:KIN,KIN,17:43:00,17:45:00,5,0,0,
amtrak,amtrak:296066,296066,amtrak:WLY,WLY,17:59:00,18:01:00,6,0,0,
amtrak,amtrak:296066,296066,amtrak:NLC,NLC,18:22:00,18:24:00,7,0,0,
amtrak,amtrak:296066,296066,amtrak:OSB,OSB,18:45:00,18:46:00,8,0,0,
amtrak,amtrak:296066,296066,amtrak:NHV,NHV,19:19:00,19:21:00,9,0,0,
amtrak,amtrak:296066,296066,amtrak:BRP,BRP,19:42:00,19:43:00,10,0,0,
amtrak,amtrak:296066,296066,amtrak:STM,STM,20:09:00,20:10:00,11,0,0,
amtrak,amtrak:296066,296066,amtrak:NRO,NRO,20:30:00,20:31:00,12,0,0,
amtrak,amtrak:296066,296066,amtrak:NYP,NYP,21:06:00,21:22:00,13,0,0,
amtrak,amtrak:296066,296066,amtrak:NWK,NWK,21:36:00,21:37:00,14,0,0,
amtrak,amtrak:296066,296066,amtrak:MET,MET,21:53:00,21:55:00,15,0,0,
amtrak,amtrak:296066,296066,amtrak:TRE,TRE,22:17:00,22:18:00,16,0,0,
amtrak,amtrak:296066,296066,amtrak:PHL,PHL,22:45:00,22:48:00,17,0,0,
amtrak,amtrak:296066,296066,amtrak:WIL,WIL,23:06:00,23:08:00,18,0,0,
amtrak,amtrak:296066,296066,amtrak:BAL,BAL,24:04:00,24:07:00,19,0,0,
amtrak,amtrak:296066,296066,amtrak:BWI,BWI,24:17:00,24:19:00,20,0,0,
amtrak,amtrak:296066,296066,amtrak:WAS,WAS,24:47:00,24:47:00,21,0,0,
amtrak,amtrak:296067,296067,amtrak:BOS,BOS,16:40:00,16:40:00,1,0,0,
amtrak,amtrak:296067,296067,amtrak:BBY,BBY,16:44:00,16:45:00,2,0,0,
amtrak,amtrak:296067,296067,amtrak:RTE,RTE,16:54:00,16:56:00,3,0,0,
amtrak,amtrak:296067,296067,amtrak:PVD,PVD,17:21:00,17:23:00,4,0,0,
amtrak,amtrak:296067,296067,amtrak:KIN,KIN,17:43:00,17:45:00,5,0,0,
amtrak,amtrak:296067,296067,amtrak:WLY,WLY,17:59:00,18:01:00,6,0,0,
amtrak,amtrak:296067,296067,amtrak:NLC,NLC,18:22:00,18:24:00,7,0,0,
amtrak,amtrak:296067,296067,amtrak:OSB,OSB,18:45:00,18:46:00,8,0,0,
amtrak,amtrak:296067,296067,amtrak:NHV,NHV,19:19:00,19:21:00,9,0,0,
amtrak,amtrak:296067,296067,amtrak:BRP,BRP,19:42:00,19:43:00,10,0,0,
amtrak,amtrak:296067,296067,amtrak:STM,STM,20:09:00,20:10:00,11,0,0,
amtrak,amtrak:296067,296067,amtrak:NRO,NRO,20:30:00,20:31:00,12,0,0,
amtrak,amtrak:296067,296067,amtrak:NYP,NYP,21:06:00,21:22:00,13,0,0,
amtrak,amtrak:296067,296067,amtrak:NWK,NWK,21:36:00,21:37:00,14,0,0,
amtrak,amtrak:296067,296067,amtrak:MET,MET,21:53:00,21:55:00,15,0,0,
amtrak,amtrak:296067,296067,amtrak:TRE,TRE,22:17:00,22:18:00,16,0,0,
amtrak,amtrak:296067,296067,amtrak:PHL,PHL,22:45:00,22:48:00,17,0,0,
amtrak,amtrak:296067,296067,amtrak:WIL,WIL,23:06:00,23:08:00,18,0,0,
amtrak,amtrak:296067,296067,amtrak:BAL,BAL,23:58:00,24:01:00,19,0,0,
amtrak,amtrak:296067,296067,amtrak:BWI,BWI,24:11:00,24:13:00,20,0,0,
amtrak,amtrak:296067,296067,amtrak:WAS,WAS,24:41:00,24:41:00,21,0,0,
amtrak,amtrak:296193,296193,amtrak:WAS,WAS,15:02:00,15:02:00,1,0,0,
amtrak,amtrak:296193,296193,amtrak:NCR,NCR,15:13:00,15:14:00,2,0,0,
amtrak,amtrak:296193,296193,amtrak:BWI,BWI,15:28:00,15:29:00,3,0,0,
amtrak,amtrak:296193,296193,amtrak:BAL,BAL,15:43:00,15:45:00,4,0,0,
amtrak,amtrak:296193,296193,amtrak:WIL,WIL,16:34:00,16:36:00,5,0,0,
amtrak,amtrak:296193,296193,amtrak:PHL,PHL,17:01:00,17:04:00,6,0,0,
amtrak,amtrak:296193,296193,amtrak:TRE,TRE,17:33:00,17:35:00,7,0,0,
amtrak,amtrak:296193,296193,amtrak:PJC,PJC,17:45:00,17:46:00,8,0,0,
amtrak,amtrak:296193,296193,amtrak:NBK,NBK,18:00:00,18:01:00,9,0,0,
amtrak,amtrak:296193,296193,amtrak:MET,MET,18:10:00,18:11:00,10,0,0,
amtrak,amtrak:296193,296193,amtrak:EWR,EWR,18:22:00,18:23:00,11,0,0,
amtrak,amtrak:296193,296193,amtrak:NWK,NWK,18:27:00,18:29:00,12,0,0,
amtrak,amtrak:296193,296193,amtrak:NYP,NYP,18:47:00,19:30:00,13,0,0,
amtrak,amtrak:296193,296193,amtrak:NRO,NRO,19:59:00,20:00:00,14,0,0,
amtrak,amtrak:296193,296193,amtrak:STM,STM,20:19:00,20:20:00,15,0,0,
amtrak,amtrak:296193,296193,amtrak:BRP,BRP,20:53:00,20:54:00,16,0,0,
amtrak,amtrak:296193,296193,amtrak:NHV,NHV,21:16:00,21:18:00,17,0,0,
amtrak,amtrak:296193,296193,amtrak:OSB,OSB,21:49:00,21:51:00,18,0,0,
amtrak,amtrak:296193,296193,amtrak:NLC,NLC,22:09:00,22:11:00,19,0,0,
amtrak,amtrak:296193,296193,amtrak:KIN,KIN,22:46:00,22:48:00,20,0,0,
amtrak,amtrak:296193,296193,amtrak:PVD,PVD,23:07:00,23:07:00,21,0,0,
amtrak,amtrak:296193,296193,amtrak:RTE,RTE,23:40:00,23:40:00,22,1,0,
amtrak,amtrak:296193,296193,amtrak:BBY,BBY,23:52:00,23:52:00,23,1,0,
amtrak,amtrak:296193,296193,amtrak:BOS,BOS,23:59:00,23:59:00,24,0,0,
amtrak,amtrak:296194,296194,amtrak:WAS,WAS,15:02:00,15:02:00,1,0,0,
amtrak,amtrak:296194,296194,amtrak:NCR,NCR,15:13:00,15:14:00,2,0,0,
amtrak,amtrak:296194,296194,amtrak:BWI,BWI,15:28:00,15:29:00,3,0,0,
amtrak,amtrak:296194,296194,amtrak:BAL,BAL,15:43:00,15:45:00,4,0,0,
amtrak,amtrak:296194,296194,amtrak:WIL,WIL,16:34:00,16:36:00,5,0,0,
amtrak,amtrak:296194,296194,amtrak:PHL,PHL,17:01:00,17:04:00,6,0,0,
amtrak,amtrak:296194,296194,amtrak:TRE,TRE,17:33:00,17:35:00,7,0,0,
amtrak,amtrak:296194,296194,amtrak:PJC,PJC,17:45:00,17:46:00,8,0,0,
amtrak,amtrak:296194,296194,amtrak:NBK,NBK,18:00:00,18:01:00,9,0,0,
amtrak,amtrak:296194,296194,amtrak:MET,MET,18:10:00,18:11:00,10,0,0,
amtrak,amtrak:296194,296194,amtrak:EWR,EWR,18:22:00,18:23:00,11,0,0,
amtrak,amtrak:296194,296194,amtrak:NWK,NWK,18:27:00,18:29:00,12,0,0,
amtrak,amtrak:296194,296194,amtrak:NYP,NYP,18:47:00,19:30:00,13,0,0,
amtrak,amtrak:296194,296194,amtrak:NRO,NRO,19:59:00,20:00:00,14,0,0,
amtrak,amtrak:296194,296194,amtrak:STM,STM,20:19:00,20:20:00,15,0,0,
amtrak,amtrak:296194,296194,amtrak:BRP,BRP,20:53:00,20:54:00,16,0,0,
amtrak,amtrak:296194,296194,amtrak:NHV,NHV,21:16:00,21:18:00,17,0,0,
amtrak,amtrak:296194,296194,amtrak:OSB,OSB,21:49:00,21:51:00,18,0,0,
amtrak,amtrak:296194,296194,amtrak:NLC,NLC,22:09:00,22:11:00,19,0,0,
amtrak,amtrak:296194,296194,amtrak:KIN,KIN,22:46:00,22:48:00,20,0,0,
amtrak,amtrak:296194,296194,amtrak:PVD,PVD,23:07:00,23:07:00,21,0,0,
amtrak,amtrak:296194,296194,amtrak:RTE,RTE,23:40:00,23:40:00,22,1,0,
amtrak,amtrak:296194,296194,amtrak:BBY,BBY,23:52:00,23:52:00,23,1,0,
amtrak,amtrak:296194,296194,amtrak:BOS,BOS,23:59:00,23:59:00,24,0,0,
amtrak,amtrak:296197,296197,amtrak:WAS,WAS,15:10:00,15:10:00,1,0,0,
amtrak,amtrak:296197,296197,amtrak:NCR,NCR,15:21:00,15:22:00,2,0,0,
amtrak,amtrak:296197,296197,amtrak:BWI,BWI,15:36:00,15:37:00,3,0,0,
amtrak,amtrak:296197,296197,amtrak:BAL,BAL,15:51:00,15:53:00,4,0,0,
amtrak,amtrak:296197,296197,amtrak:WIL,WIL,16:38:00,16:40:00,5,0,0,
amtrak,amtrak:296197,296197,amtrak:PHL,PHL,17:01:00,17:04:00,6,0,0,
amtrak,amtrak:296197,296197,amtrak:TRE,TRE,17:33:00,17:35:00,7,0,0,
amtrak,amtrak:296197,296197,amtrak:PJC,PJC,17:45:00,17:46:00,8,0,0,
amtrak,amtrak:296197,296197,amtrak:NBK,NBK,18:00:00,18:01:00,9,0,0,
amtrak,amtrak:296197,296197,amtrak:MET,MET,18:10:00,18:11:00,10,0,0,
amtrak,amtrak:296197,296197,amtrak:EWR,EWR,18:22:00,18:23:00,11,0,0,
amtrak,amtrak:296197,296197,amtrak:NWK,NWK,18:27:00,18:29:00,12,0,0,
amtrak,amtrak:296197,296197,amtrak:NYP,NYP,18:47:00,19:30:00,13,0,0,
amtrak,amtrak:296197,296197,amtrak:NRO,NRO,19:59:00,20:00:00,14,0,0,
amtrak,amtrak:296197,296197,amtrak:STM,STM,20:19:00,20:20:00,15,0,0,
amtrak,amtrak:296197,296197,amtrak:BRP,BRP,20:53:00,20:54:00,16,0,0,
amtrak,amtrak:296197,296197,amtrak:NHV,NHV,21:16:00,21:18:00,17,0,0,
amtrak,amtrak:296197,296197,amtrak:OSB,OSB,21:49:00,21:51:00,18,0,0,
amtrak,amtrak:296197,296197,amtrak:NLC,NLC,22:09:00,22:11:00,19,0,0,
amtrak,amtrak:296197,296197,amtrak:KIN,KIN,22:46:00,22:48:00,20,0,0,
amtrak,amtrak:296197,296197,amtrak:PVD,PVD,23:07:00,23:07:00,21,0,0,
amtrak,amtrak:296197,296197,amtrak:RTE,RTE,23:40:00,23:40:00,22,1,0,
amtrak,amtrak:296197,296197,amtrak:BBY,BBY,23:52:00,23:52:00,23,1,0,
amtrak,amtrak:296197,296197,amtrak:BOS,BOS,23:59:00,23:59:00,24,0,0,
amtrak,amtrak:296198,296198,amtrak:WAS,WAS,15:10:00,15:10:00,1,0,0,
amtrak,amtrak:296198,296198,amtrak:NCR,NCR,15:21:00,15:22:00,2,0,0,
amtrak,amtrak:296198,296198,amtrak:BWI,BWI,15:36:00,15:37:00,3,0,0,
amtrak,amtrak:296198,296198,amtrak:BAL,BAL,15:51:00,15:53:00,4,0,0,
amtrak,amtrak:296198,296198,amtrak:WIL,WIL,16:38:00,16:40:00,5,0,0,
amtrak,amtrak:296198,296198,amtrak:PHL,PHL,17:01:00,17:04:00,6,0,0,
amtrak,amtrak:296198,296198,amtrak:TRE,TRE,17:33:00,17:35:00,7,0,0,
amtrak,amtrak:296198,296198,amtrak:PJC,PJC,17:45:00,17:46:00,8,0,0,
amtrak,amtrak:296198,296198,amtrak:NBK,NBK,18:00:00,18:01:00,9,0,0,
amtrak,amtrak:296198,296198,amtrak:MET,MET,18:10:00,18:11:00,10,0,0,
amtrak,amtrak:296198,296198,amtrak:EWR,EWR,18:22:00,18:23:00,11,0,0,
amtrak,amtrak:296198,296198,amtrak:NWK,NWK,18:27:00,18:29:00,12,0,0,
amtrak,amtrak:296198,296198,amtrak:NYP,NYP,18:47:00,19:30:00,13,0,0,
amtrak,amtrak:296198,296198,amtrak:NRO,NRO,19:59:00,20:00:00,14,0,0,
amtrak,amtrak:296198,296198,amtrak:STM,STM,20:19:00,20:20:00,15,0,0,
amtrak,amtrak:296198,296198,amtrak:BRP,BRP,20:53:00,20:54:00,16,0,0,
amtrak,amtrak:296198,296198,amtrak:NHV,NHV,21:16:00,21:18:00,17,0,0,
amtrak,amtrak:296198,296198,amtrak:OSB,OSB,21:49:00,21:51:00,18,0,0,
amtrak,amtrak:296198,296198,amtrak:NLC,NLC,22:09:00,22:11:00,19,0,0,
amtrak,amtrak:296198,296198,amtrak:KIN,KIN,22:46:00,22:48:00,20,0,0,
amtrak,amtrak:296198,296198,amtrak:PVD,PVD,23:07:00,23:07:00,21,0,0,
amtrak,amtrak:296198,296198,amtrak:RTE,RTE,23:40:00,23:40:00,22,1,0,
amtrak,amtrak:296198,296198,amtrak:BBY,BBY,23:52:00,23:52:00,23,1,0,
amtrak,amtrak:296198,296198,amtrak:BOS,BOS,23:59:00,23:59:00,24,0,0,
amtrak,amtrak:296201,296201,amtrak:WAS,WAS,17:20:00,17:20:00,1,0,0,
amtrak,amtrak:296201,296201,amtrak:NCR,NCR,17:31:00,17:32:00,2,0,0,
amtrak,amtrak:296201,296201,amtrak:BWI,BWI,17:46:00,17:47:00,3,0,0,
amtrak,amtrak:296201,296201,amtrak:BAL,BAL,18:02:00,18:04:00,4,0,0,
amtrak,amtrak:296201,296201,amtrak:ABE,ABE,18:27:00,18:28:00,5,0,0,
amtrak,amtrak:296201,296201,amtrak:WIL,WIL,18:53:00,18:55:00,6,0,0,
amtrak,amtrak:296201,296201,amtrak:PHL,PHL,19:19:00,19:22:00,7,0,0,
amtrak,amtrak:296201,296201,amtrak:TRE,TRE,19:49:00,19:51:00,8,0,0,
amtrak,amtrak:296201,296201,amtrak:MET,MET,20:12:00,20:13:00,9,0,0,
amtrak,amtrak:296201,296201,amtrak:EWR,EWR,20:24:00,20:25:00,10,0,0,
amtrak,amtrak:296201,296201,amtrak:NWK,NWK,20:29:00,20:30:00,11,0,0,
amtrak,amtrak:296201,296201,amtrak:NYP,NYP,20:48:00,21:05:00,12,0,0,
amtrak,amtrak:296201,296201,amtrak:NRO,NRO,21:36:00,21:36:00,13,0,0,
amtrak,amtrak:296201,296201,amtrak:STM,STM,21:55:00,21:57:00,14,0,0,
amtrak,amtrak:296201,296201,amtrak:BRP,BRP,22:24:00,22:25:00,15,0,0,
amtrak,amtrak:296201,296201,amtrak:NHV,NHV,22:54:00,22:56:00,16,0,0,
amtrak,amtrak:296201,296201,amtrak:NLC,NLC,23:44:00,23:46:00,17,0,0,
amtrak,amtrak:296201,296201,amtrak:KIN,KIN,24:16:00,24:17:00,18,0,0,
amtrak,amtrak:296201,296201,amtrak:PVD,PVD,24:35:00,24:35:00,19,0,0,
amtrak,amtrak:296201,296201,amtrak:RTE,RTE,25:08:00,25:08:00,20,1,0,
amtrak,amtrak:296201,296201,amtrak:BBY,BBY,25:18:00,25:18:00,21,1,0,
amtrak,amtrak:296201,296201,amtrak:BOS,BOS,25:25:00,25:25:00,22,0,0,
amtrak,amtrak:296202,296202,amtrak:WAS,WAS,17:20:00,17:20:00,1,0,0,
amtrak,amtrak:296202,296202,amtrak:NCR,NCR,17:31:00,17:32:00,2,0,0,
amtrak,amtrak:296202,296202,amtrak:BWI,BWI,17:46:00,17:47:00,3,0,0,
amtrak,amtrak:296202,296202,amtrak:BAL,BAL,18:02:00,18:04:00,4,0,0,
amtrak,amtrak:296202,296202,amtrak:ABE,ABE,18:27:00,18:28:00,5,0,0,
amtrak,amtrak:296202,296202,amtrak:WIL,WIL,18:53:00,18:55:00,6,0,0,
amtrak,amtrak:296202,296202,amtrak:PHL,PHL,19:19:00,19:22:00,7,0,0,
amtrak,amtrak:296202,296202,amtrak:TRE,TRE,19:49:00,19:51:00,8,0,0,
amtrak,amtrak:296202,296202,amtrak:MET,MET,20:12:00,20:13:00,9,0,0,
amtrak,amtrak:296202,296202,amtrak:EWR,EWR,20:24:00,20:25:00,10,0,0,
amtrak,amtrak:296202,296202,amtrak:NWK,NWK,20:29:00,20:30:00,11,0,0,
amtrak,amtrak:296202,296202,amtrak:NYP,NYP,20:48:00,21:05:00,12,0,0,
amtrak,amtrak:296202,296202,amtrak:NRO,NRO,21:36:00,21:36:00,13,0,0,
amtrak,amtrak:296202,296202,amtrak:STM,STM,21:55:00,21:57:00,14,0,0,
amtrak,amtrak:296202,296202,amtrak:BRP,BRP,22:24:00,22:25:00,15,0,0,
amtrak,amtrak:296202,296202,amtrak:NHV,NHV,22:54:00,22:56:00,16,0,0,
amtrak,amtrak:296202,296202,amtrak:NLC,NLC,23:44:00,23:46:00,17,0,0,
amtrak,amtrak:296202,296202,amtrak:KIN,KIN,24:16:00,24:17:00,18,0,0,
amtrak,amtrak:296202,296202,amtrak:PVD,PVD,24:35:00,24:35:00,19,0,0,
amtrak,amtrak:296202,296202,amtrak:RTE,RTE,25:08:00,25:08:00,20,1,0,
amtrak,amtrak:296202,296202,amtrak:BBY,BBY,25:18:00,25:18:00,21,1,0,
amtrak,amtrak:296202,296202,amtrak:BOS,BOS,25:25:00,25:25:00,22,0,0,
amtrak,amtrak:296205,296205,amtrak:WAS,WAS,17:20:00,17:20:00,1,0,0,
amtrak,amtrak:296205,296205,amtrak:NCR,NCR,17:31:00,17:32:00,2,0,0,
amtrak,amtrak:296205,296205,amtrak:BWI,BWI,17:46:00,17:47:00,3,0,0,
amtrak,amtrak:296205,296205,amtrak:BAL,BAL,18:02:00,18:04:00,4,0,0,
amtrak,amtrak:296205,296205,amtrak:ABE,ABE,18:25:00,18:26:00,5,0,0,
amtrak,amtrak:296205,296205,amtrak:WIL,WIL,18:53:00,18:55:00,6,0,0,
amtrak,amtrak:296205,296205,amtrak:PHL,PHL,19:16:00,19:19:00,7,0,0,
amtrak,amtrak:296205,296205,amtrak:TRE,TRE,19:46:00,19:48:00,8,0,0,
amtrak,amtrak:296205,296205,amtrak:MET,MET,20:09:00,20:10:00,9,0,0,
amtrak,amtrak:296205,296205,amtrak:EWR,EWR,20:21:00,20:22:00,10,0,0,
amtrak,amtrak:296205,296205,amtrak:NWK,NWK,20:26:00,20:27:00,11,0,0,
amtrak,amtrak:296205,296205,amtrak:NYP,NYP,20:45:00,21:05:00,12,0,0,
amtrak,amtrak:296205,296205,amtrak:NRO,NRO,21:36:00,21:36:00,13,0,0,
amtrak,amtrak:296205,296205,amtrak:STM,STM,21:55:00,21:57:00,14,0,0,
amtrak,amtrak:296205,296205,amtrak:BRP,BRP,22:24:00,22:25:00,15,0,0,
amtrak,amtrak:296205,296205,amtrak:NHV,NHV,22:54:00,22:56:00,16,0,0,
amtrak,amtrak:296205,296205,amtrak:NLC,NLC,23:44:00,23:46:00,17,0,0,
amtrak,amtrak:296205,296205,amtrak:KIN,KIN,24:16:00,24:17:00,18,0,0,
amtrak,amtrak:296205,296205,amtrak:PVD,PVD,24:35:00,24:35:00,19,0,0,
amtrak,amtrak:296205,296205,amtrak:RTE,RTE,25:08:00,25:08:00,20,1,0,
amtrak,amtrak:296205,296205,amtrak:BBY,BBY,25:18:00,25:18:00,21,1,0,
amtrak,amtrak:296205,296205,amtrak:BOS,BOS,25:25:00,25:25:00,22,0,0,
amtrak,amtrak:296206,296206,amtrak:WAS,WAS,17:20:00,17:20:00,1,0,0,
amtrak,amtrak:296206,296206,amtrak:NCR,NCR,17:31:00,17:32:00,2,0,0,
amtrak,amtrak:296206,296206,amtrak:BWI,BWI,17:46:00,17:47:00,3,0,0,
amtrak,amtrak:296206,296206,amtrak:BAL,BAL,18:02:00,18:04:00,4,0,0,
amtrak,amtrak:296206,296206,amtrak:ABE,ABE,18:25:00,18:26:00,5,0,0,
amtrak,amtrak:296206,296206,amtrak:WIL,WIL,18:53:00,18:55:00,6,0,0,
amtrak,amtrak:296206,296206,amtrak:PHL,PHL,19:16:00,19:19:00,7,0,0,
amtrak,amtrak:296206,296206,amtrak:TRE,TRE,19:46:00,19:48:00,8,0,0,
amtrak,amtrak:296206,296206,amtrak:MET,MET,20:09:00,20:10:00,9,0,0,
amtrak,amtrak:296206,296206,amtrak:EWR,EWR,20:21:00,20:22:00,10,0,0,
amtrak,amtrak:296206,296206,amtrak:NWK,NWK,20:26:00,20:27:00,11,0,0,
amtrak,amtrak:296206,296206,amtrak:NYP,NYP,20:45:00,21:05:00,12,0,0,
amtrak,amtrak:296206,296206,amtrak:NRO,NRO,21:36:00,21:36:00,13,0,0,
amtrak,amtrak:296206,296206,amtrak:STM,STM,21:55:00,21:57:00,14,0,0,
amtrak,amtrak:296206,296206,amtrak:BRP,BRP,22:24:00,22:25:00,15,0,0,
amtrak,amtrak:296206,296206,amtrak:NHV,NHV,22:54:00,22:56:00,16,0,0,
amtrak,amtrak:296206,296206,amtrak:NLC,NLC,23:44:00,23:46:00,17,0,0,
amtrak,amtrak:296206,296206,amtrak:KIN,KIN,24:16:00,24:17:00,18,0,0,
amtrak,amtrak:296206,296206,amtrak:PVD,PVD,24:35:00,24:35:00,19,0,0,
amtrak,amtrak:296206,296206,amtrak:RTE,RTE,25:08:00,25:08:00,20,1,0,
amtrak,amtrak:296206,296206,amtrak:BBY,BBY,25:18:00,25:18:00,21,1,0,
amtrak,amtrak:296206,296206,amtrak:BOS,BOS,25:25:00,25:25:00,22,0,0,
amtrak,amtrak:296483,296483,amtrak:BOS,BOS,16:40:00,16:40:00,1,0,0,
amtrak,amtrak:296483,296483,amtrak:BBY,BBY,16:44:00,16:45:00,2,0,0,
amtrak,amtrak:296483,296483,amtrak:RTE,RTE,16:54:00,16:56:00,3,0,0,
amtrak,amtrak:296483,296483,amtrak:PVD,PVD,17:21:00,17:23:00,4,0,0,
amtrak,amtrak:296483,296483,amtrak:KIN,KIN,17:43:00,17:45:00,5,0,0,
amtrak,amtrak:296483,296483,amtrak:WLY,WLY,17:59:00,18:01:00,6,0,0,
amtrak,amtrak:296483,296483,amtrak:NLC,NLC,18:22:00,18:24:00,7,0,0,
amtrak,amtrak:296483,296483,amtrak:OSB,OSB,18:45:00,18:46:00,8,0,0,
amtrak,amtrak:296483,296483,amtrak:NHV,NHV,19:19:00,19:21:00,9,0,0,
amtrak,amtrak:296483,296483,amtrak:BRP,BRP,19:42:00,19:43:00,10,0,0,
amtrak,amtrak:296483,296483,amtrak:STM,STM,20:09:00,20:10:00,11,0,0,
amtrak,amtrak:296483,296483,amtrak:NRO,NRO,20:31:00,20:31:00,12,0,0,
amtrak,amtrak:296483,296483,amtrak:NYP,NYP,21:07:00,21:19:00,13,0,0,
amtrak,amtrak:296483,296483,amtrak:NWK,NWK,21:38:00,21:39:00,14,0,0,
amtrak,amtrak:296483,296483,amtrak:MET,MET,21:54:00,21:55:00,15,0,0,
amtrak,amtrak:296483,296483,amtrak:TRE,TRE,22:17:00,22:18:00,16,0,0,
amtrak,amtrak:296483,296483,amtrak:PHL,PHL,22:51:00,22:51:00,17,0,0,
amtrak,amtrak:296484,296484,amtrak:BOS,BOS,16:40:00,16:40:00,1,0,0,
amtrak,amtrak:296484,296484,amtrak:BBY,BBY,16:44:00,16:45:00,2,0,0,
amtrak,amtrak:296484,296484,amtrak:RTE,RTE,16:54:00,16:56:00,3,0,0,
amtrak,amtrak:296484,296484,amtrak:PVD,PVD,17:21:00,17:23:00,4,0,0,
amtrak,amtrak:296484,296484,amtrak:KIN,KIN,17:43:00,17:45:00,5,0,0,
amtrak,amtrak:296484,296484,amtrak:WLY,WLY,17:59:00,18:01:00,6,0,0,
amtrak,amtrak:296484,296484,amtrak:NLC,NLC,18:22:00,18:24:00,7,0,0,
amtrak,amtrak:296484,296484,amtrak:OSB,OSB,18:45:00,18:46:00,8,0,0,
amtrak,amtrak:296484,296484,amtrak:NHV,NHV,19:19:00,19:21:00,9,0,0,
amtrak,amtrak:296484,296484,amtrak:BRP,BRP,19:42:00,19:43:00,10,0,0,
amtrak,amtrak:296484,296484,amtrak:STM,STM,20:09:00,20:10:00,11,0,0,
amtrak,amtrak:296484,296484,amtrak:NRO,NRO,20:31:00,20:31:00,12,0,0,
amtrak,amtrak:296484,296484,amtrak:NYP,NYP,21:07:00,21:19:00,13,0,0,
amtrak,amtrak:296484,296484,amtrak:NWK,NWK,21:38:00,21:39:00,14,0,0,
amtrak,amtrak:296484,296484,amtrak:MET,MET,21:54:00,21:55:00,15,0,0,
amtrak,amtrak:296484,296484,amtrak:TRE,TRE,22:17:00,22:18:00,16,0,0,
amtrak,amtrak:296484,296484,amtrak:PHL,PHL,22:51:00,22:51:00,17,0,0,
amtrak,amtrak:296487,296487,amtrak:BOS,BOS,16:25:00,16:25:00,1,0,0,
amtrak,amtrak:296487,296487,amtrak:BBY,BBY,16:29:00,16:30:00,2,0,0,
amtrak,amtrak:296487,296487,amtrak:RTE,RTE,16:39:00,16:41:00,3,0,0,
amtrak,amtrak:296487,296487,amtrak:PVD,PVD,17:06:00,17:08:00,4,0,0,
amtrak,amtrak:296487,296487,amtrak:KIN,KIN,17:28:00,17:30:00,5,0,0,
amtrak,amtrak:296487,296487,amtrak:WLY,WLY,17:44:00,17:46:00,6,0,0,
amtrak,amtrak:296487,296487,amtrak:NLC,NLC,18:07:00,18:09:00,7,0,0,
amtrak,amtrak:296487,296487,amtrak:OSB,OSB,18:30:00,18:31:00,8,0,0,
amtrak,amtrak:296487,296487,amtrak:NHV,NHV,19:04:00,19:06:00,9,0,0,
amtrak,amtrak:296487,296487,amtrak:BRP,BRP,19:27:00,19:28:00,10,0,0,
amtrak,amtrak:296487,296487,amtrak:STM,STM,19:54:00,19:55:00,11,0,0,
amtrak,amtrak:296487,296487,amtrak:NRO,NRO,20:15:00,20:16:00,12,0,0,
amtrak,amtrak:296487,296487,amtrak:NYP,NYP,20:51:00,21:05:00,13,0,0,
amtrak,amtrak:296487,296487,amtrak:NWK,NWK,21:23:00,21:24:00,14,0,0,
amtrak,amtrak:296487,296487,amtrak:MET,MET,21:38:00,21:40:00,15,0,0,
amtrak,amtrak:296487,296487,amtrak:TRE,TRE,22:02:00,22:03:00,16,0,0,
amtrak,amtrak:296487,296487,amtrak:PHL,PHL,22:35:00,22:35:00,17,0,0,
amtrak,amtrak:296488,296488,amtrak:BOS,BOS,16:40:00,16:40:00,1,0,0,
amtrak,amtrak:296488,296488,amtrak:BBY,BBY,16:44:00,16:45:00,2,0,0,
amtrak,amtrak:296488,296488,amtrak:RTE,RTE,16:54:00,16:56:00,3,0,0,
amtrak,amtrak:296488,296488,amtrak:PVD,PVD,17:21:00,17:23:00,4,0,0,
amtrak,amtrak:296488,296488,amtrak:KIN,KIN,17:43:00,17:45:00,5,0,0,
amtrak,amtrak:296488,296488,amtrak:WLY,WLY,17:59:00,18:01:00,6,0,0,
amtrak,amtrak:296488,296488,amtrak:NLC,NLC,18:22:00,18:24:00,7,0,0,
amtrak,amtrak:296488,296488,amtrak:OSB,OSB,18:45:00,18:46:00,8,0,0,
amtrak,amtrak:296488,296488,amtrak:NHV,NHV,19:19:00,19:21:00,9,0,0,
amtrak,amtrak:296488,296488,amtrak:BRP,BRP,19:42:00,19:43:00,10,0,0,
amtrak,amtrak:296488,296488,amtrak:STM,STM,20:09:00,20:10:00,11,0,0,
amtrak,amtrak:296488,296488,amtrak:NRO,NRO,20:31:00,20:31:00,12,0,0,
amtrak,amtrak:296488,296488,amtrak:NYP,NYP,21:07:00,21:19:00,13,0,0,
amtrak,amtrak:296488,296488,amtrak:NWK,NWK,21:38:00,21:39:00,14,0,0,
amtrak,amtrak:296488,296488,amtrak:MET,MET,21:54:00,21:55:00,15,0,0,
amtrak,amtrak:296488,296488,amtrak:TRE,TRE,22:17:00,22:18:00,16,0,0,
amtrak,amtrak:296488,296488,amtrak:PHL,PHL,22:51:00,22:51:00,17,0,0,
amtrak,amtrak:296490,296490,amtrak:BOS,BOS,16:40:00,16:40:00,1,0,0,
amtrak,amtrak:296490,296490,amtrak:BBY,BBY,16:44:00,16:45:00,2,0,0,
amtrak,amtrak:296490,296490,amtrak:RTE,RTE,16:54:00,16:56:00,3,0,0,
amtrak,amtrak:296490,296490,amtrak:PVD,PVD,17:21:00,17:23:00,4,0,0,
amtrak,amtrak:296490,296490,amtrak:KIN,KIN,17:43:00,17:45:00,5,0,0,
amtrak,amtrak:296490,296490,amtrak:WLY,WLY,17:59:00,18:01:00,6,0,0,
amtrak,amtrak:296490,296490,amtrak:NLC,NLC,18:22:00,18:24:00,7,0,0,
amtrak,amtrak:296490,296490,amtrak:OSB,OSB,18:45:00,18:46:00,8,0,0,
amtrak,amtrak:296490,296490,amtrak:NHV,NHV,19:19:00,19:21:00,9,0,0,
amtrak,amtrak:296490,296490,amtrak:BRP,BRP,19:42:00,19:43:00,10,0,0,
amtrak,amtrak:296490,296490,amtrak:STM,STM,20:09:00,20:10:00,11,0,0,
amtrak,amtrak:296490,296490,amtrak:NRO,NRO,20:31:00,20:31:00,12,0,0,
amtrak,amtrak:296490,296490,amtrak:NYP,NYP,21:07:00,21:19:00,13,0,0,
amtrak,amtrak:296490,296490,amtrak:NWK,NWK,21:38:00,21:39:00,14,0,0,
amtrak,amtrak:296490,296490,amtrak:MET,MET,21:54:00,21:55:00,15,0,0,
amtrak,amtrak:296490,296490,amtrak:TRE,TRE,22:17:00,22:18:00,16,0,0,
amtrak,amtrak:296490,296490,amtrak:PHL,PHL,22:51:00,22:51:00,17,0,0,
amtrak,amtrak:296491,296491,amtrak:BOS,BOS,16:40:00,16:40:00,1,0,0,
amtrak,amtrak:296491,296491,amtrak:BBY,BBY,16:44:00,16:45:00,2,0,0,
amtrak,amtrak:296491,296491,amtrak:RTE,RTE,16:54:00,16:56:00,3,0,0,
amtrak,amtrak:296491,296491,amtrak:PVD,PVD,17:21:00,17:23:00,4,0,0,
amtrak,amtrak:296491,296491,amtrak:KIN,KIN,17:43:00,17:45:00,5,0,0,
amtrak,amtrak:296491,296491,amtrak:WLY,WLY,17:59:00,18:01:00,6,0,0,
amtrak,amtrak:296491,296491,amtrak:NLC,NLC,18:22:00,18:24:00,7,0,0,
amtrak,amtrak:296491,296491,amtrak:OSB,OSB,18:45:00,18:46:00,8,0,0,
amtrak,amtrak:296491,296491,amtrak:NHV,NHV,19:19:00,19:21:00,9,0,0,
amtrak,amtrak:296491,296491,amtrak:BRP,BRP,19:42:00,19:43:00,10,0,0,
amtrak,amtrak:296491,296491,amtrak:STM,STM,20:09:00,20:10:00,11,0,0,
amtrak,amtrak:296491,296491,amtrak:NRO,NRO,20:31:00,20:31:00,12,0,0,
amtrak,amtrak:296491,296491,amtrak:NYP,NYP,21:07:00,21:19:00,13,0,0,
amtrak,amtrak:296491,296491,amtrak:NWK,NWK,21:38:00,21:39:00,14,0,0,
amtrak,amtrak:296491,296491,amtrak:MET,MET,21:54:00,21:55:00,15,0,0,
amtrak,amtrak:296491,296491,amtrak:TRE,TRE,22:17:00,22:18:00,16,0,0,
amtrak,amtrak:296491,296491,amtrak:PHL,PHL,22:51:00,22:51:00,17,0,0,
amtrak,amtrak:296496,296496,amtrak:BOS,BOS,18:15:00,18:15:00,1,0,0,
amtrak,amtrak:296496,296496,amtrak:BBY,BBY,18:19:00,18:20:00,2,0,0,
amtrak,amtrak:296496,296496,amtrak:RTE,RTE,18:28:00,18:29:00,3,0,0,
amtrak,amtrak:296496,296496,amtrak:PVD,PVD,18:51:00,18:52:00,4,0,0,
amtrak,amtrak:296496,296496,amtrak:NHV,NHV,20:28:00,20:32:00,5,0,0,
amtrak,amtrak:296496,296496,amtrak:STM,STM,21:12:00,21:14:00,6,0,0,
amtrak,amtrak:296496,296496,amtrak:NYP,NYP,22:06:00,22:06:00,7,0,0,
amtrak,amtrak:296497,296497,amtrak:BOS,BOS,18:15:00,18:15:00,1,0,0,
amtrak,amtrak:296497,296497,amtrak:BBY,BBY,18:19:00,18:20:00,2,0,0,
amtrak,amtrak:296497,296497,amtrak:RTE,RTE,18:28:00,18:29:00,3,0,0,
amtrak,amtrak:296497,296497,amtrak:PVD,PVD,18:51:00,18:52:00,4,0,0,
amtrak,amtrak:296497,296497,amtrak:NHV,NHV,20:28:00,20:32:00,5,0,0,
amtrak,amtrak:296497,296497,amtrak:STM,STM,21:12:00,21:14:00,6,0,0,
amtrak,amtrak:296497,296497,amtrak:NYP,NYP,22:06:00,22:06:00,7,0,0,
amtrak,amtrak:296498,296498,amtrak:BOS,BOS,18:15:00,18:15:00,1,0,0,
amtrak,amtrak:296498,296498,amtrak:BBY,BBY,18:19:00,18:20:00,2,0,0,
amtrak,amtrak:296498,296498,amtrak:RTE,RTE,18:28:00,18:29:00,3,0,0,
amtrak,amtrak:296498,296498,amtrak:PVD,PVD,18:51:00,18:52:00,4,0,0,
amtrak,amtrak:296498,296498,amtrak:NHV,NHV,20:28:00,20:32:00,5,0,0,
amtrak,amtrak:296498,296498,amtrak:STM,STM,21:12:00,21:14:00,6,0,0,
amtrak,amtrak:296498,296498,amtrak:NYP,NYP,22:06:00,22:06:00,7,0,0,
amtrak,amtrak:296499,296499,amtrak:BOS,BOS,18:15:00,18:15:00,1,0,0,
amtrak,amtrak:296499,296499,amtrak:BBY,BBY,18:19:00,18:20:00,2,0,0,
amtrak,amtrak:296499,296499,amtrak:RTE,RTE,18:28:00,18:29:00,3,0,0,
amtrak,amtrak:296499,296499,amtrak:PVD,PVD,18:51:00,18:52:00,4,0,0,
amtrak,amtrak:296499,296499,amtrak:NHV,NHV,20:28:00,20:32:00,5,0,0,
amtrak,amtrak:296499,296499,amtrak:STM,STM,21:12:00,21:14:00,6,0,0,
amtrak,amtrak:296499,296499,amtrak:NYP,NYP,22:06:00,22:06:00,7,0,0,
amtrak,amtrak:296502,296502,amtrak:BOS,BOS,18:15:00,18:15:00,1,0,0,
amtrak,amtrak:296502,296502,amtrak:BBY,BBY,18:19:00,18:20:00,2,0,0,
amtrak,amtrak:296502,296502,amtrak:RTE,RTE,18:28:00,18:29:00,3,0,0,
amtrak,amtrak:296502,296502,amtrak:PVD,PVD,18:51:00,18:52:00,4,0,0,
amtrak,amtrak:296502,296502,amtrak:NHV,NHV,20:28:00,20:32:00,5,0,0,
amtrak,amtrak:296502,296502,amtrak:STM,STM,21:12:00,21:14:00,6,0,0,
amtrak,amtrak:296502,296502,amtrak:NYP,NYP,22:06:00,22:06:00,7,0,0,
amtrak,amtrak:296503,296503,amtrak:BOS,BOS,18:15:00,18:15:00,1,0,0,
amtrak,amtrak:296503,296503,amtrak:BBY,BBY,18:19:00,18:20:00,2,0,0,
amtrak,amtrak:296503,296503,amtrak:RTE,RTE,18:28:00,18:29:00,3,0,0,
amtrak,amtrak:296503,296503,amtrak:PVD,PVD,18:51:00,18:52:00,4,0,0,
amtrak,amtrak:296503,296503,amtrak:NHV,NHV,20:28:00,20:32:00,5,0,0,
amtrak,amtrak:296503,296503,amtrak:STM,STM,21:12:00,21:14:00,6,0,0,
amtrak,amtrak:296503,296503,amtrak:NYP,NYP,22:06:00,22:06:00,7,0,0,
amtrak,amtrak:296504,296504,amtrak:BOS,BOS,18:15:00,18:15:00,1,0,0,
amtrak,amtrak:296504,296504,amtrak:BBY,BBY,18:19:00,18:20:00,2,0,0,
amtrak,amtrak:296504,296504,amtrak:RTE,RTE,18:28:00,18:29:00,3,0,0,
amtrak,amtrak:296504,296504,amtrak:PVD,PVD,18:51:00,18:52:00,4,0,0,
amtrak,amtrak:296504,296504,amtrak:NHV,NHV,20:28:00,20:32:00,5,0,0,
amtrak,amtrak:296504,296504,amtrak:STM,STM,21:12:00,21:14:00,6,0,0,
amtrak,amtrak:296504,296504,amtrak:NYP,NYP,22:06:00,22:06:00,7,0,0,
amtrak,amtrak:296505,296505,amtrak:BOS,BOS,18:15:00,18:15:00,1,0,0,
amtrak,amtrak:296505,296505,amtrak:BBY,BBY,18:19:00,18:20:00,2,0,0,
amtrak,amtrak:296505,296505,amtrak:RTE,RTE,18:28:00,18:29:00,3,0,0,
amtrak,amtrak:296505,296505,amtrak:PVD,PVD,18:51:00,18:52:00,4,0,0,
amtrak,amtrak:296505,296505,amtrak:NHV,NHV,20:28:00,20:32:00,5,0,0,
amtrak,amtrak:296505,296505,amtrak:STM,STM,21:12:00,21:14:00,6,0,0,
amtrak,amtrak:296505,296505,amtrak:NYP,NYP,22:06:00,22:06:00,7,0,0,
amtrak,amtrak:296506,296506,amtrak:BOS,BOS,18:15:00,18:15:00,1,0,0,
amtrak,amtrak:296506,296506,amtrak:BBY,BBY,18:19:00,18:20:00,2,0,0,
amtrak,amtrak:296506,296506,amtrak:RTE,RTE,18:28:00,18:29:00,3,0,0,
amtrak,amtrak:296506,296506,amtrak:PVD,PVD,18:51:00,18:52:00,4,0,0,
amtrak,amtrak:296506,296506,amtrak:NHV,NHV,20:28:00,20:32:00,5,0,0,
amtrak,amtrak:296506,296506,amtrak:STM,STM,21:12:00,21:14:00,6,0,0,
amtrak,amtrak:296506,296506,amtrak:NYP,NYP,22:06:00,22:06:00,7,0,0,
amtrak,amtrak:296509,296509,amtrak:BOS,BOS,19:55:00,19:55:00,1,0,0,
amtrak,amtrak:296509,296509,amtrak:BBY,BBY,20:00:00,20:00:00,2,0,0,
amtrak,amtrak:296509,296509,amtrak:RTE,RTE,20:10:00,20:11:00,3,0,0,
amtrak,amtrak:296509,296509,amtrak:PVD,PVD,20:34:00,20:36:00,4,0,0,
amtrak,amtrak:296509,296509,amtrak:KIN,KIN,20:57:00,20:58:00,5,0,0,
amtrak,amtrak:296509,296509,amtrak:NLC,NLC,21:29:00,21:30:00,6,0,0,
amtrak,amtrak:296509,296509,amtrak:NHV,NHV,22:17:00,22:20:00,7,0,0,
amtrak,amtrak:296509,296509,amtrak:BRP,BRP,22:41:00,22:41:00,8,0,0,
amtrak,amtrak:296509,296509,amtrak:STM,STM,23:07:00,23:08:00,9,0,0,
amtrak,amtrak:296509,296509,amtrak:NRO,NRO,23:29:00,23:30:00,10,0,0,
amtrak,amtrak:296509,296509,amtrak:NYP,NYP,23:59:00,24:20:00,11,0,0,
amtrak,amtrak:296509,296509,amtrak:NWK,NWK,24:35:00,24:37:00,12,0,0,
amtrak,amtrak:296509,296509,amtrak:MET,MET,24:50:00,24:52:00,13,0,0,
amtrak,amtrak:296509,296509,amtrak:TRE,TRE,25:15:00,25:17:00,14,0,0,
amtrak,amtrak:296509,296509,amtrak:PHL,PHL,25:45:00,25:45:00,15,0,0,
amtrak,amtrak:296510,296510,amtrak:BOS,BOS,19:55:00,19:55:00,1,0,0,
amtrak,amtrak:296510,296510,amtrak:BBY,BBY,20:00:00,20:00:00,2,0,0,
amtrak,amtrak:296510,296510,amtrak:RTE,RTE,20:10:00,20:11:00,3,0,0,
amtrak,amtrak:296510,296510,amtrak:PVD,PVD,20:34:00,20:36:00,4,0,0,
amtrak,amtrak:296510,296510,amtrak:KIN,KIN,20:57:00,20:58:00,5,0,0,
amtrak,amtrak:296510,296510,amtrak:NLC,NLC,21:29:00,21:30:00,6,0,0,
amtrak,amtrak:296510,296510,amtrak:NHV,NHV,22:17:00,22:20:00,7,0,0,
amtrak,amtrak:296510,296510,amtrak:BRP,BRP,22:41:00,22:41:00,8,0,0,
amtrak,amtrak:296510,296510,amtrak:STM,STM,23:07:00,23:08:00,9,0,0,
amtrak,amtrak:296510,296510,amtrak:NRO,NRO,23:29:00,23:30:00,10,0,0,
amtrak,amtrak:296510,296510,amtrak:NYP,NYP,23:59:00,24:20:00,11,0,0,
amtrak,amtrak:296510,296510,amtrak:NWK,NWK,24:35:00,24:37:00,12,0,0,
amtrak,amtrak:296510,296510,amtrak:MET,MET,24:50:00,24:52:00,13,0,0,
amtrak,amtrak:296510,296510,amtrak:TRE,TRE,25:15:00,25:17:00,14,0,0,
amtrak,amtrak:296510,296510,amtrak:PHL,PHL,25:45:00,25:45:00,15,0,0,
amtrak,amtrak:296512,296512,amtrak:BOS,BOS,19:55:00,19:55:00,1,0,0,
amtrak,amtrak:296512,296512,amtrak:BBY,BBY,20:00:00,20:00:00,2,0,0,
amtrak,amtrak:296512,296512,amtrak:RTE,RTE,20:10:00,20:11:00,3,0,0,
amtrak,amtrak:296512,296512,amtrak:PVD,PVD,20:34:00,20:36:00,4,0,0,
amtrak,amtrak:296512,296512,amtrak:KIN,KIN,20:57:00,20:58:00,5,0,0,
amtrak,amtrak:296512,296512,amtrak:NLC,NLC,21:29:00,21:30:00,6,0,0,
amtrak,amtrak:296512,296512,amtrak:NHV,NHV,22:17:00,22:20:00,7,0,0,
amtrak,amtrak:296512,296512,amtrak:BRP,BRP,22:41:00,22:41:00,8,0,0,
amtrak,amtrak:296512,296512,amtrak:STM,STM,23:07:00,23:08:00,9,0,0,
amtrak,amtrak:296512,296512,amtrak:NRO,NRO,23:29:00,23:30:00,10,0,0,
amtrak,amtrak:296512,296512,amtrak:NYP,NYP,23:59:00,24:26:00,11,0,0,
amtrak,amtrak:296512,296512,amtrak:NWK,NWK,24:41:00,24:43:00,12,0,0,
amtrak,amtrak:296512,296512,amtrak:MET,MET,24:56:00,24:58:00,13,0,0,
amtrak,amtrak:296512,296512,amtrak:TRE,TRE,25:21:00,25:23:00,14,0,0,
amtrak,amtrak:296512,296512,amtrak:PHL,PHL,25:51:00,25:51:00,15,0,0,
amtrak,amtrak:296513,296513,amtrak:BOS,BOS,19:55:00,19:55:00,1,0,0,
amtrak,amtrak:296513,296513,amtrak:BBY,BBY,20:00:00,20:00:00,2,0,0,
amtrak,amtrak:296513,296513,amtrak:RTE,RTE,20:10:00,20:11:00,3,0,0,
amtrak,amtrak:296513,296513,amtrak:PVD,PVD,20:34:00,20:36:00,4,0,0,
amtrak,amtrak:296513,296513,amtrak:KIN,KIN,20:57:00,20:58:00,5,0,0,
amtrak,amtrak:296513,296513,amtrak:NLC,NLC,21:29:00,21:30:00,6,0,0,
amtrak,amtrak:296513,296513,amtrak:NHV,NHV,22:17:00,22:20:00,7,0,0,
amtrak,amtrak:296513,296513,amtrak:BRP,BRP,22:41:00,22:41:00,8,0,0,
amtrak,amtrak:296513,296513,amtrak:STM,STM,23:07:00,23:08:00,9,0,0,
amtrak,amtrak:296513,296513,amtrak:NRO,NRO,23:29:00,23:30:00,10,0,0,
amtrak,amtrak:296513,296513,amtrak:NYP,NYP,23:59:00,24:20:00,11,0,0,
amtrak,amtrak:296513,296513,amtrak:NWK,NWK,24:35:00,24:37:00,12,0,0,
amtrak,amtrak:296513,296513,amtrak:MET,MET,24:50:00,24:52:00,13,0,0,
amtrak,amtrak:296513,296513,amtrak:TRE,TRE,25:15:00,25:17:00,14,0,0,
amtrak,amtrak:296513,296513,amtrak:PHL,PHL,25:45:00,25:45:00,15,0,0,
amtrak,amtrak:296514,296514,amtrak:BOS,BOS,19:55:00,19:55:00,1,0,0,
amtrak,amtrak:296514,296514,amtrak:BBY,BBY,20:00:00,20:00:00,2,0,0,
amtrak,amtrak:296514,296514,amtrak:RTE,RTE,20:10:00,20:11:00,3,0,0,
amtrak,amtrak:296514,296514,amtrak:PVD,PVD,20:34:00,20:36:00,4,0,0,
amtrak,amtrak:296514,296514,amtrak:KIN,KIN,20:57:00,20:58:00,5,0,0,
amtrak,amtrak:296514,296514,amtrak:NLC,NLC,21:29:00,21:30:00,6,0,0,
amtrak,amtrak:296514,296514,amtrak:NHV,NHV,22:17:00,22:20:00,7,0,0,
amtrak,amtrak:296514,296514,amtrak:BRP,BRP,22:41:00,22:41:00,8,0,0,
amtrak,amtrak:296514,296514,amtrak:STM,STM,23:07:00,23:08:00,9,0,0,
amtrak,amtrak:296514,296514,amtrak:NRO,NRO,23:29:00,23:30:00,10,0,0,
amtrak,amtrak:296514,296514,amtrak:NYP,NYP,23:59:00,24:20:00,11,0,0,
amtrak,amtrak:296514,296514,amtrak:NWK,NWK,24:35:00,24:37:00,12,0,0,
amtrak,amtrak:296514,296514,amtrak:MET,MET,24:50:00,24:52:00,13,0,0,
amtrak,amtrak:296514,296514,amtrak:TRE,TRE,25:15:00,25:17:00,14,0,0,
amtrak,amtrak:296514,296514,amtrak:PHL,PHL,25:45:00,25:45:00,15,0,0,
amtrak,amtrak:296515,296515,amtrak:BOS,BOS,19:55:00,19:55:00,1,0,0,
amtrak,amtrak:296515,296515,amtrak:BBY,BBY,20:00:00,20:00:00,2,0,0,
amtrak,amtrak:296515,296515,amtrak:RTE,RTE,20:10:00,20:11:00,3,0,0,
amtrak,amtrak:296515,296515,amtrak:PVD,PVD,20:34:00,20:36:00,4,0,0,
amtrak,amtrak:296515,296515,amtrak:KIN,KIN,20:57:00,20:58:00,5,0,0,
amtrak,amtrak:296515,296515,amtrak:NLC,NLC,21:29:00,21:30:00,6,0,0,
amtrak,amtrak:296515,296515,amtrak:NHV,NHV,22:17:00,22:20:00,7,0,0,
amtrak,amtrak:296515,296515,amtrak:BRP,BRP,22:41:00,22:41:00,8,0,0,
amtrak,amtrak:296515,296515,amtrak:STM,STM,23:07:00,23:08:00,9,0,0,
amtrak,amtrak:296515,296515,amtrak:NRO,NRO,23:29:00,23:30:00,10,0,0,
amtrak,amtrak:296515,296515,amtrak:NYP,NYP,23:59:00,24:20:00,11,0,0,
amtrak,amtrak:296515,296515,amtrak:NWK,NWK,24:35:00,24:37:00,12,0,0,
amtrak,amtrak:296515,296515,amtrak:MET,MET,24:50:00,24:52:00,13,0,0,
amtrak,amtrak:296515,296515,amtrak:TRE,TRE,25:15:00,25:17:00,14,0,0,
amtrak,amtrak:296515,296515,amtrak:PHL,PHL,25:45:00,25:45:00,15,0,0,
amtrak,amtrak:296974,296974,amtrak:WAS,WAS,10:30:00,10:30:00,1,0,0,
amtrak,amtrak:296974,296974,amtrak:NCR,NCR,10:41:00,10:42:00,2,0,0,
amtrak,amtrak:296974,296974,amtrak:BWI,BWI,10:57:00,10:59:00,3,0,0,
amtrak,amtrak:296974,296974,amtrak:BAL,BAL,11:13:00,11:15:00,4,0,0,
amtrak,amtrak:296974,296974,amtrak:ABE,ABE,11:35:00,11:36:00,5,0,0,
amtrak,amtrak:296974,296974,amtrak:WIL,WIL,12:03:00,12:05:00,6,0,0,
amtrak,amtrak:296974,296974,amtrak:PHL,PHL,12:25:00,12:28:00,7,0,0,
amtrak,amtrak:296974,296974,amtrak:TRE,TRE,12:56:00,12:58:00,8,0,0,
amtrak,amtrak:296974,296974,amtrak:MET,MET,13:19:00,13:20:00,9,0,0,
amtrak,amtrak:296974,296974,amtrak:EWR,EWR,13:31:00,13:32:00,10,0,0,
amtrak,amtrak:296974,296974,amtrak:NWK,NWK,13:36:00,13:38:00,11,0,0,
amtrak,amtrak:296974,296974,amtrak:NYP,NYP,13:56:00,14:12:00,12,0,0,
amtrak,amtrak:296974,296974,amtrak:NRO,NRO,14:42:00,14:43:00,13,0,0,
amtrak,amtrak:296974,296974,amtrak:STM,STM,15:03:00,15:05:00,14,0,0,
amtrak,amtrak:296974,296974,amtrak:BRP,BRP,15:33:00,15:34:00,15,0,0,
amtrak,amtrak:296974,296974,amtrak:NHV,NHV,16:01:00,16:03:00,16,0,0,
amtrak,amtrak:296974,296974,amtrak:OSB,OSB,16:33:00,16:35:00,17,0,0,
amtrak,amtrak:296974,296974,amtrak:NLC,NLC,16:55:00,16:57:00,18,0,0,
amtrak,amtrak:296974,296974,amtrak:KIN,KIN,17:27:00,17:29:00,19,0,0,
amtrak,amtrak:296974,296974,amtrak:PVD,PVD,17:50:00,17:50:00,20,0,0,
amtrak,amtrak:296974,296974,amtrak:RTE,RTE,18:27:00,18:29:00,21,1,0,
amtrak,amtrak:296974,296974,amtrak:BBY,BBY,18:40:00,18:41:00,22,1,0,
amtrak,amtrak:296974,296974,amtrak:BOS,BOS,18:47:00,18:47:00,23,0,0,
amtrak,amtrak:296975,296975,amtrak:WAS,WAS,11:27:00,11:27:00,1,0,0,
amtrak,amtrak:296975,296975,amtrak:NCR,NCR,11:38:00,11:39:00,2,0,0,
amtrak,amtrak:296975,296975,amtrak:BAL,BAL,12:06:00,12:08:00,3,0,0,
amtrak,amtrak:296975,296975,amtrak:WIL,WIL,12:54:00,12:56:00,4,0,0,
amtrak,amtrak:296975,296975,amtrak:PHL,PHL,13:17:00,13:20:00,5,0,0,
amtrak,amtrak:296975,296975,amtrak:TRE,TRE,13:47:00,13:49:00,6,0,0,
amtrak,amtrak:296975,296975,amtrak:MET,MET,14:10:00,14:11:00,7,0,0,
amtrak,amtrak:296975,296975,amtrak:EWR,EWR,14:22:00,14:23:00,8,0,0,
amtrak,amtrak:296975,296975,amtrak:NWK,NWK,14:27:00,14:29:00,9,0,0,
amtrak,amtrak:296975,296975,amtrak:NYP,NYP,14:47:00,15:00:00,10,0,0,
amtrak,amtrak:296975,296975,amtrak:NRO,NRO,15:27:00,15:27:00,11,0,0,
amtrak,amtrak:296975,296975,amtrak:STM,STM,15:46:00,15:48:00,12,0,0,
amtrak,amtrak:296975,296975,amtrak:BRP,BRP,16:15:00,16:16:00,13,0,0,
amtrak,amtrak:296975,296975,amtrak:NHV,NHV,16:45:00,16:47:00,14,0,0,
amtrak,amtrak:296975,296975,amtrak:OSB,OSB,17:16:00,17:17:00,15,0,0,
amtrak,amtrak:296975,296975,amtrak:NLC,NLC,17:41:00,17:43:00,16,0,0,
amtrak,amtrak:296975,296975,amtrak:KIN,KIN,18:14:00,18:16:00,17,0,0,
amtrak,amtrak:296975,296975,amtrak:PVD,PVD,18:39:00,18:39:00,18,0,0,
amtrak,amtrak:296975,296975,amtrak:RTE,RTE,19:13:00,19:15:00,19,1,0,
amtrak,amtrak:296975,296975,amtrak:BBY,BBY,19:26:00,19:27:00,20,1,0,
amtrak,amtrak:296975,296975,amtrak:BOS,BOS,19:33:00,19:33:00,21,0,0,
amtrak,amtrak:297242,297242,amtrak:BOS,BOS,12:15:00,12:15:00,1,0,0,
amtrak,amtrak:297242,297242,amtrak:BBY,BBY,12:19:00,12:21:00,2,0,0,
amtrak,amtrak:297242,297242,amtrak:RTE,RTE,12:30:00,12:32:00,3,0,0,
amtrak,amtrak:297242,297242,amtrak:PVD,PVD,12:55:00,12:57:00,4,0,0,
amtrak,amtrak:297242,297242,amtrak:KIN,KIN,13:17:00,13:18:00,5,0,0,
amtrak,amtrak:297242,297242,amtrak:WLY,WLY,13:31:00,13:33:00,6,0,0,
amtrak,amtrak:297242,297242,amtrak:NLC,NLC,13:54:00,13:55:00,7,0,0,
amtrak,amtrak:297242,297242,amtrak:OSB,OSB,14:13:00,14:14:00,8,0,0,
amtrak,amtrak:297242,297242,amtrak:NHV,NHV,14:43:00,14:46:00,9,0,0,
amtrak,amtrak:297242,297242,amtrak:BRP,BRP,15:08:00,15:10:00,10,0,0,
amtrak,amtrak:297242,297242,amtrak:STM,STM,15:33:00,15:35:00,11,0,0,
amtrak,amtrak:297242,297242,amtrak:NRO,NRO,15:58:00,16:00:00,12,0,0,
amtrak,amtrak:297242,297242,amtrak:NYP,NYP,16:38:00,17:04:00,13,0,0,
amtrak,amtrak:297242,297242,amtrak:NWK,NWK,17:20:00,17:22:00,14,0,0,
amtrak,amtrak:297242,297242,amtrak:EWR,EWR,17:26:00,17:27:00,15,0,0,
amtrak,amtrak:297242,297242,amtrak:MET,MET,17:39:00,17:41:00,16,0,0,
amtrak,amtrak:297242,297242,amtrak:TRE,TRE,18:01:00,18:03:00,17,0,0,
amtrak,amtrak:297242,297242,amtrak:PHL,PHL,18:32:00,18:36:00,18,0,0,
amtrak,amtrak:297242,297242,amtrak:WIL,WIL,18:56:00,18:58:00,19,0,0,
amtrak,amtrak:297242,297242,amtrak:BAL,BAL,19:52:00,19:54:00,20,0,0,
amtrak,amtrak:297242,297242,amtrak:BWI,BWI,20:06:00,20:08:00,21,0,0,
amtrak,amtrak:297242,297242,amtrak:NCR,NCR,20:22:00,20:23:00,22,0,0,
amtrak,amtrak:297242,297242,amtrak:WAS,WAS,20:44:00,20:44:00,23,0,0,
amtrak,amtrak:297244,297244,amtrak:BOS,BOS,12:15:00,12:15:00,1,0,0,
amtrak,amtrak:297244,297244,amtrak:BBY,BBY,12:19:00,12:21:00,2,0,0,
amtrak,amtrak:297244,297244,amtrak:RTE,RTE,12:30:00,12:32:00,3,0,0,
amtrak,amtrak:297244,297244,amtrak:PVD,PVD,12:55:00,12:57:00,4,0,0,
amtrak,amtrak:297244,297244,amtrak:KIN,KIN,13:17:00,13:18:00,5,0,0,
amtrak,amtrak:297244,297244,amtrak:WLY,WLY,13:31:00,13:33:00,6,0,0,
amtrak,amtrak:297244,297244,amtrak:NLC,NLC,13:54:00,13:55:00,7,0,0,
amtrak,amtrak:297244,297244,amtrak:OSB,OSB,14:13:00,14:14:00,8,0,0,
amtrak,amtrak:297244,297244,amtrak:NHV,NHV,14:43:00,14:46:00,9,0,0,
amtrak,amtrak:297244,297244,amtrak:BRP,BRP,15:08:00,15:10:00,10,0,0,
amtrak,amtrak:297244,297244,amtrak:STM,STM,15:33:00,15:35:00,11,0,0,
amtrak,amtrak:297244,297244,amtrak:NRO,NRO,15:58:00,16:00:00,12,0,0,
amtrak,amtrak:297244,297244,amtrak:NYP,NYP,16:38:00,17:04:00,13,0,0,
amtrak,amtrak:297244,297244,amtrak:NWK,NWK,17:20:00,17:22:00,14,0,0,
amtrak,amtrak:297244,297244,amtrak:EWR,EWR,17:26:00,17:27:00,15,0,0,
amtrak,amtrak:297244,297244,amtrak:MET,MET,17:39:00,17:41:00,16,0,0,
amtrak,amtrak:297244,297244,amtrak:TRE,TRE,18:01:00,18:03:00,17,0,0,
amtrak,amtrak:297244,297244,amtrak:PHL,PHL,18:32:00,18:36:00,18,0,0,
amtrak,amtrak:297244,297244,amtrak:WIL,WIL,18:56:00,18:58:00,19,0,0,
amtrak,amtrak:297244,297244,amtrak:BAL,BAL,19:52:00,19:54:00,20,0,0,
amtrak,amtrak:297244,297244,amtrak:BWI,BWI,20:06:00,20:08:00,21,0,0,
amtrak,amtrak:297244,297244,amtrak:NCR,NCR,20:22:00,20:23:00,22,0,0,
amtrak,amtrak:297244,297244,amtrak:WAS,WAS,20:44:00,20:44:00,23,0,0,
amtrak,amtrak:297246,297246,amtrak:BOS,BOS,12:15:00,12:15:00,1,0,0,
amtrak,amtrak:297246,297246,amtrak:BBY,BBY,12:19:00,12:21:00,2,0,0,
amtrak,amtrak:297246,297246,amtrak:RTE,RTE,12:30:00,12:32:00,3,0,0,
amtrak,amtrak:297246,297246,amtrak:PVD,PVD,12:55:00,12:57:00,4,0,0,
amtrak,amtrak:297246,297246,amtrak:KIN,KIN,13:17:00,13:18:00,5,0,0,
amtrak,amtrak:297246,297246,amtrak:WLY,WLY,13:31:00,13:33:00,6,0,0,
amtrak,amtrak:297246,297246,amtrak:NLC,NLC,13:54:00,13:55:00,7,0,0,
amtrak,amtrak:297246,297246,amtrak:OSB,OSB,14:13:00,14:14:00,8,0,0,
amtrak,amtrak:297246,297246,amtrak:NHV,NHV,14:43:00,14:46:00,9,0,0,
amtrak,amtrak:297246,297246,amtrak:BRP,BRP,15:08:00,15:10:00,10,0,0,
amtrak,amtrak:297246,297246,amtrak:STM,STM,15:33:00,15:35:00,11,0,0,
amtrak,amtrak:297246,297246,amtrak:NRO,NRO,15:58:00,16:00:00,12,0,0,
amtrak,amtrak:297246,297246,amtrak:NYP,NYP,16:38:00,17:04:00,13,0,0,
amtrak,amtrak:297246,297246,amtrak:NWK,NWK,17:20:00,17:22:00,14,0,0,
amtrak,amtrak:297246,297246,amtrak:EWR,EWR,17:26:00,17:27:00,15,0,0,
amtrak,amtrak:297246,297246,amtrak:MET,MET,17:39:00,17:41:00,16,0,0,
amtrak,amtrak:297246,297246,amtrak:TRE,TRE,18:01:00,18:03:00,17,0,0,
amtrak,amtrak:297246,297246,amtrak:PHL,PHL,18:32:00,18:36:00,18,0,0,
amtrak,amtrak:297246,297246,amtrak:WIL,WIL,18:56:00,18:58:00,19,0,0,
amtrak,amtrak:297246,297246,amtrak:BAL,BAL,19:52:00,19:54:00,20,0,0,
amtrak,amtrak:297246,297246,amtrak:BWI,BWI,20:06:00,20:08:00,21,0,0,
amtrak,amtrak:297246,297246,amtrak:NCR,NCR,20:22:00,20:23:00,22,0,0,
amtrak,amtrak:297246,297246,amtrak:WAS,WAS,20:44:00,20:44:00,23,0,0,
amtrak,amtrak:297247,297247,amtrak:BOS,BOS,12:15:00,12:15:00,1,0,0,
amtrak,amtrak:297247,297247,amtrak:BBY,BBY,12:19:00,12:21:00,2,0,0,
amtrak,amtrak:297247,297247,amtrak:RTE,RTE,12:30:00,12:32:00,3,0,0,
amtrak,amtrak:297247,297247,amtrak:PVD,PVD,12:55:00,12:57:00,4,0,0,
amtrak,amtrak:297247,297247,amtrak:KIN,KIN,13:17:00,13:18:00,5,0,0,
amtrak,amtrak:297247,297247,amtrak:WLY,WLY,13:31:00,13:33:00,6,0,0,
amtrak,amtrak:297247,297247,amtrak:NLC,NLC,13:54:00,13:55:00,7,0,0,
amtrak,amtrak:297247,297247,amtrak:OSB,OSB,14:13:00,14:14:00,8,0,0,
amtrak,amtrak:297247,297247,amtrak:NHV,NHV,14:43:00,14:46:00,9,0,0,
amtrak,amtrak:297247,297247,amtrak:BRP,BRP,15:08:00,15:10:00,10,0,0,
amtrak,amtrak:297247,297247,amtrak:STM,STM,15:33:00,15:35:00,11,0,0,
amtrak,amtrak:297247,297247,amtrak:NRO,NRO,15:58:00,16:00:00,12,0,0,
amtrak,amtrak:297247,297247,amtrak:NYP,NYP,16:38:00,17:04:00,13,0,0,
amtrak,amtrak:297247,297247,amtrak:NWK,NWK,17:20:00,17:22:00,14,0,0,
amtrak,amtrak:297247,297247,amtrak:EWR,EWR,17:26:00,17:27:00,15,0,0,
amtrak,amtrak:297247,297247,amtrak:MET,MET,17:39:00,17:41:00,16,0,0,
amtrak,amtrak:297247,297247,amtrak:TRE,TRE,18:01:00,18:03:00,17,0,0,
amtrak,amtrak:297247,297247,amtrak:PHL,PHL,18:32:00,18:36:00,18,0,0,
amtrak,amtrak:297247,297247,amtrak:WIL,WIL,18:56:00,18:58:00,19,0,0,
amtrak,amtrak:297247,297247,amtrak:BAL,BAL,19:49:00,19:51:00,20,0,0,
amtrak,amtrak:297247,297247,amtrak:BWI,BWI,20:03:00,20:05:00,21,0,0,
amtrak,amtrak:297247,297247,amtrak:NCR,NCR,20:19:00,20:20:00,22,0,0,
amtrak,amtrak:297247,297247,amtrak:WAS,WAS,20:41:00,20:41:00,23,0,0,
amtrak,amtrak:297248,297248,amtrak:BOS,BOS,12:15:00,12:15:00,1,0,0,
amtrak,amtrak:297248,297248,amtrak:BBY,BBY,12:19:00,12:21:00,2,0,0,
amtrak,amtrak:297248,297248,amtrak:RTE,RTE,12:30:00,12:32:00,3,0,0,
amtrak,amtrak:297248,297248,amtrak:PVD,PVD,12:55:00,12:57:00,4,0,0,
amtrak,amtrak:297248,297248,amtrak:KIN,KIN,13:17:00,13:18:00,5,0,0,
amtrak,amtrak:297248,297248,amtrak:WLY,WLY,13:31:00,13:33:00,6,0,0,
amtrak,amtrak:297248,297248,amtrak:NLC,NLC,13:54:00,13:55:00,7,0,0,
amtrak,amtrak:297248,297248,amtrak:OSB,OSB,14:13:00,14:14:00,8,0,0,
amtrak,amtrak:297248,297248,amtrak:NHV,NHV,14:43:00,14:46:00,9,0,0,
amtrak,amtrak:297248,297248,amtrak:BRP,BRP,15:08:00,15:10:00,10,0,0,
amtrak,amtrak:297248,297248,amtrak:STM,STM,15:33:00,15:35:00,11,0,0,
amtrak,amtrak:297248,297248,amtrak:NRO,NRO,15:58:00,16:00:00,12,0,0,
amtrak,amtrak:297248,297248,amtrak:NYP,NYP,16:38:00,17:04:00,13,0,0,
amtrak,amtrak:297248,297248,amtrak:NWK,NWK,17:20:00,17:22:00,14,0,0,
amtrak,amtrak:297248,297248,amtrak:EWR,EWR,17:26:00,17:27:00,15,0,0,
amtrak,amtrak:297248,297248,amtrak:MET,MET,17:39:00,17:41:00,16,0,0,
amtrak,amtrak:297248,297248,amtrak:TRE,TRE,18:01:00,18:03:00,17,0,0,
amtrak,amtrak:297248,297248,amtrak:PHL,PHL,18:32:00,18:36:00,18,0,0,
amtrak,amtrak:297248,297248,amtrak:WIL,WIL,18:56:00,18:58:00,19,0,0,
amtrak,amtrak:297248,297248,amtrak:BAL,BAL,19:49:00,19:51:00,20,0,0,
amtrak,amtrak:297248,297248,amtrak:BWI,BWI,20:03:00,20:05:00,21,0,0,
amtrak,amtrak:297248,297248,amtrak:NCR,NCR,20:19:00,20:20:00,22,0,0,
amtrak,amtrak:297248,297248,amtrak:WAS,WAS,20:41:00,20:41:00,23,0,0,
amtrak,amtrak:297314,297314,amtrak:BOS,BOS,9:15:00,9:15:00,1,0,0,
amtrak,amtrak:297314,297314,amtrak:BBY,BBY,9:21:00,9:21:00,2,0,0,
amtrak,amtrak:297314,297314,amtrak:RTE,RTE,9:30:00,9:31:00,3,0,0,
amtrak,amtrak:297314,297314,amtrak:PVD,PVD,9:52:00,9:53:00,4,0,0,
amtrak,amtrak:297314,297314,amtrak:NHV,NHV,11:29:00,11:31:00,5,0,0,
amtrak,amtrak:297314,297314,amtrak:STM,STM,12:17:00,12:19:00,6,0,0,
amtrak,amtrak:297314,297314,amtrak:NYP,NYP,13:11:00,13:22:00,7,0,0,
amtrak,amtrak:297314,297314,amtrak:NWK,NWK,13:36:00,13:38:00,8,0,0,
amtrak,amtrak:297314,297314,amtrak:PHL,PHL,14:31:00,14:33:00,9,0,0,
amtrak,amtrak:297314,297314,amtrak:WIL,WIL,14:57:00,14:58:00,10,0,0,
amtrak,amtrak:297314,297314,amtrak:BAL,BAL,15:46:00,15:47:00,11,0,0,
amtrak,amtrak:297314,297314,amtrak:WAS,WAS,16:24:00,16:24:00,12,0,0,
amtrak,amtrak:297316,297316,amtrak:BOS,BOS,9:15:00,9:15:00,1,0,0,
amtrak,amtrak:297316,297316,amtrak:BBY,BBY,9:21:00,9:21:00,2,0,0,
amtrak,amtrak:297316,297316,amtrak:RTE,RTE,9:30:00,9:31:00,3,0,0,
amtrak,amtrak:297316,297316,amtrak:PVD,PVD,9:52:00,9:53:00,4,0,0,
amtrak,amtrak:297316,297316,amtrak:NHV,NHV,11:29:00,11:31:00,5,0,0,
amtrak,amtrak:297316,297316,amtrak:STM,STM,12:17:00,12:19:00,6,0,0,
amtrak,amtrak:297316,297316,amtrak:NYP,NYP,13:11:00,13:22:00,7,0,0,
amtrak,amtrak:297316,297316,amtrak:NWK,NWK,13:36:00,13:38:00,8,0,0,
amtrak,amtrak:297316,297316,amtrak:PHL,PHL,14:31:00,14:33:00,9,0,0,
amtrak,amtrak:297316,297316,amtrak:WIL,WIL,14:57:00,14:58:00,10,0,0,
amtrak,amtrak:297316,297316,amtrak:BAL,BAL,15:46:00,15:47:00,11,0,0,
amtrak,amtrak:297316,297316,amtrak:WAS,WAS,16:24:00,16:24:00,12,0,0,
amtrak,amtrak:297318,297318,amtrak:BOS,BOS,9:15:00,9:15:00,1,0,0,
amtrak,amtrak:297318,297318,amtrak:BBY,BBY,9:21:00,9:21:00,2,0,0,
amtrak,amtrak:297318,297318,amtrak:RTE,RTE,9:30:00,9:31:00,3,0,0,
amtrak,amtrak:297318,297318,amtrak:PVD,PVD,9:52:00,9:53:00,4,0,0,
amtrak,amtrak:297318,297318,amtrak:NHV,NHV,11:29:00,11:31:00,5,0,0,
amtrak,amtrak:297318,297318,amtrak:STM,STM,12:17:00,12:19:00,6,0,0,
amtrak,amtrak:297318,297318,amtrak:NYP,NYP,13:11:00,13:22:00,7,0,0,
amtrak,amtrak:297318,297318,amtrak:NWK,NWK,13:36:00,13:38:00,8,0,0,
amtrak,amtrak:297318,297318,amtrak:PHL,PHL,14:31:00,14:33:00,9,0,0,
amtrak,amtrak:297318,297318,amtrak:WIL,WIL,14:57:00,14:58:00,10,0,0,
amtrak,amtrak:297318,297318,amtrak:BAL,BAL,15:46:00,15:47:00,11,0,0,
amtrak,amtrak:297318,297318,amtrak:WAS,WAS,16:24:00,16:24:00,12,0,0,
amtrak,amtrak:297319,297319,amtrak:BOS,BOS,9:15:00,9:15:00,1,0,0,
amtrak,amtrak:297319,297319,amtrak:BBY,BBY,9:21:00,9:21:00,2,0,0,
amtrak,amtrak:297319,297319,amtrak:RTE,RTE,9:30:00,9:31:00,3,0,0,
amtrak,amtrak:297319,297319,amtrak:PVD,PVD,9:52:00,9:53:00,4,0,0,
amtrak,amtrak:297319,297319,amtrak:NHV,NHV,11:29:00,11:31:00,5,0,0,
amtrak,amtrak:297319,297319,amtrak:STM,STM,12:17:00,12:19:00,6,0,0,
amtrak,amtrak:297319,297319,amtrak:NYP,NYP,13:11:00,13:22:00,7,0,0,
amtrak,amtrak:297319,297319,amtrak:NWK,NWK,13:36:00,13:38:00,8,0,0,
amtrak,amtrak:297319,297319,amtrak:PHL,PHL,14:31:00,14:33:00,9,0,0,
amtrak,amtrak:297319,297319,amtrak:WIL,WIL,14:57:00,14:58:00,10,0,0,
amtrak,amtrak:297319,297319,amtrak:BAL,BAL,15:46:00,15:47:00,11,0,0,
amtrak,amtrak:297319,297319,amtrak:WAS,WAS,16:24:00,16:24:00,12,0,0,
amtrak,amtrak:297320,297320,amtrak:BOS,BOS,9:15:00,9:15:00,1,0,0,
amtrak,amtrak:297320,297320,amtrak:BBY,BBY,9:21:00,9:21:00,2,0,0,
amtrak,amtrak:297320,297320,amtrak:RTE,RTE,9:30:00,9:31:00,3,0,0,
amtrak,amtrak:297320,297320,amtrak:PVD,PVD,9:52:00,9:53:00,4,0,0,
amtrak,amtrak:297320,297320,amtrak:NHV,NHV,11:29:00,11:31:00,5,0,0,
amtrak,amtrak:297320,297320,amtrak:STM,STM,12:17:00,12:19:00,6,0,0,
amtrak,amtrak:297320,297320,amtrak:NYP,NYP,13:11:00,13:22:00,7,0,0,
amtrak,amtrak:297320,297320,amtrak:NWK,NWK,13:36:00,13:38:00,8,0,0,
amtrak,amtrak:297320,297320,amtrak:PHL,PHL,14:31:00,14:33:00,9,0,0,
amtrak,amtrak:297320,297320,amtrak:WIL,WIL,14:57:00,14:58:00,10,0,0,
amtrak,amtrak:297320,297320,amtrak:BAL,BAL,15:44:00,15:45:00,11,0,0,
amtrak,amtrak:297320,297320,amtrak:WAS,WAS,16:22:00,16:22:00,12,0,0,
amtrak,amtrak:297321,297321,amtrak:BOS,BOS,9:15:00,9:15:00,1,0,0,
amtrak,amtrak:297321,297321,amtrak:BBY,BBY,9:21:00,9:21:00,2,0,0,
amtrak,amtrak:297321,297321,amtrak:RTE,RTE,9:30:00,9:31:00,3,0,0,
amtrak,amtrak:297321,297321,amtrak:PVD,PVD,9:52:00,9:53:00,4,0,0,
amtrak,amtrak:297321,297321,amtrak:NHV,NHV,11:29:00,11:31:00,5,0,0,
amtrak,amtrak:297321,297321,amtrak:STM,STM,12:17:00,12:19:00,6,0,0,
amtrak,amtrak:297321,297321,amtrak:NYP,NYP,13:11:00,13:22:00,7,0,0,
amtrak,amtrak:297321,297321,amtrak:NWK,NWK,13:36:00,13:38:00,8,0,0,
amtrak,amtrak:297321,297321,amtrak:PHL,PHL,14:31:00,14:33:00,9,0,0,
amtrak,amtrak:297321,297321,amtrak:WIL,WIL,14:57:00,14:58:00,10,0,0,
amtrak,amtrak:297321,297321,amtrak:BAL,BAL,15:44:00,15:45:00,11,0,0,
amtrak,amtrak:297321,297321,amtrak:WAS,WAS,16:22:00,16:22:00,12,0,0,
amtrak,amtrak:297331,297331,amtrak:BOS,BOS,11:10:00,11:10:00,1,0,0,
amtrak,amtrak:297331,297331,amtrak:BBY,BBY,11:16:00,11:16:00,2,0,0,
amtrak,amtrak:297331,297331,amtrak:RTE,RTE,11:25:00,11:25:00,3,0,0,
amtrak,amtrak:297331,297331,amtrak:PVD,PVD,11:46:00,11:47:00,4,0,0,
amtrak,amtrak:297331,297331,amtrak:NHV,NHV,13:26:00,13:27:00,5,0,0,
amtrak,amtrak:297331,297331,amtrak:STM,STM,14:10:00,14:12:00,6,0,0,
amtrak,amtrak:297331,297331,amtrak:NYP,NYP,15:04:00,15:20:00,7,0,0,
amtrak,amtrak:297331,297331,amtrak:NWK,NWK,15:34:00,15:35:00,8,0,0,
amtrak,amtrak:297331,297331,amtrak:MET,MET,15:48:00,15:50:00,9,0,0,
amtrak,amtrak:297331,297331,amtrak:PHL,PHL,16:32:00,16:38:00,10,0,0,
amtrak,amtrak:297331,297331,amtrak:WIL,WIL,17:01:00,17:03:00,11,0,0,
amtrak,amtrak:297331,297331,amtrak:BAL,BAL,17:55:00,17:57:00,12,0,0,
amtrak,amtrak:297331,297331,amtrak:WAS,WAS,18:34:00,18:34:00,13,0,0,
amtrak,amtrak:297333,297333,amtrak:BOS,BOS,11:10:00,11:10:00,1,0,0,
amtrak,amtrak:297333,297333,amtrak:BBY,BBY,11:16:00,11:16:00,2,0,0,
amtrak,amtrak:297333,297333,amtrak:RTE,RTE,11:25:00,11:25:00,3,0,0,
amtrak,amtrak:297333,297333,amtrak:PVD,PVD,11:46:00,11:47:00,4,0,0,
amtrak,amtrak:297333,297333,amtrak:NHV,NHV,13:26:00,13:27:00,5,0,0,
amtrak,amtrak:297333,297333,amtrak:STM,STM,14:10:00,14:12:00,6,0,0,
amtrak,amtrak:297333,297333,amtrak:NYP,NYP,15:04:00,15:20:00,7,0,0,
amtrak,amtrak:297333,297333,amtrak:NWK,NWK,15:34:00,15:35:00,8,0,0,
amtrak,amtrak:297333,297333,amtrak:MET,MET,15:48:00,15:50:00,9,0,0,
amtrak,amtrak:297333,297333,amtrak:PHL,PHL,16:32:00,16:38:00,10,0,0,
amtrak,amtrak:297333,297333,amtrak:WIL,WIL,17:01:00,17:03:00,11,0,0,
amtrak,amtrak:297333,297333,amtrak:BAL,BAL,17:55:00,17:57:00,12,0,0,
amtrak,amtrak:297333,297333,amtrak:WAS,WAS,18:34:00,18:34:00,13,0,0,
amtrak,amtrak:297335,297335,amtrak:BOS,BOS,11:10:00,11:10:00,1,0,0,
amtrak,amtrak:297335,297335,amtrak:BBY,BBY,11:16:00,11:16:00,2,0,0,
amtrak,amtrak:297335,297335,amtrak:RTE,RTE,11:25:00,11:25:00,3,0,0,
amtrak,amtrak:297335,297335,amtrak:PVD,PVD,11:46:00,11:47:00,4,0,0,
amtrak,amtrak:297335,297335,amtrak:NHV,NHV,13:26:00,13:27:00,5,0,0,
amtrak,amtrak:297335,297335,amtrak:STM,STM,14:10:00,14:12:00,6,0,0,
amtrak,amtrak:297335,297335,amtrak:NYP,NYP,15:04:00,15:20:00,7,0,0,
amtrak,amtrak:297335,297335,amtrak:NWK,NWK,15:34:00,15:35:00,8,0,0,
amtrak,amtrak:297335,297335,amtrak:MET,MET,15:48:00,15:50:00,9,0,0,
amtrak,amtrak:297335,297335,amtrak:PHL,PHL,16:32:00,16:38:00,10,0,0,
amtrak,amtrak:297335,297335,amtrak:WIL,WIL,17:01:00,17:03:00,11,0,0,
amtrak,amtrak:297335,297335,amtrak:BAL,BAL,17:55:00,17:57:00,12,0,0,
amtrak,amtrak:297335,297335,amtrak:WAS,WAS,18:34:00,18:34:00,13,0,0,
amtrak,amtrak:297336,297336,amtrak:BOS,BOS,11:10:00,11:10:00,1,0,0,
amtrak,amtrak:297336,297336,amtrak:BBY,BBY,11:16:00,11:16:00,2,0,0,
amtrak,amtrak:297336,297336,amtrak:RTE,RTE,11:25:00,11:25:00,3,0,0,
amtrak,amtrak:297336,297336,amtrak:PVD,PVD,11:46:00,11:47:00,4,0,0,
amtrak,amtrak:297336,297336,amtrak:NHV,NHV,13:26:00,13:27:00,5,0,0,
amtrak,amtrak:297336,297336,amtrak:STM,STM,14:10:00,14:12:00,6,0,0,
amtrak,amtrak:297336,297336,amtrak:NYP,NYP,15:04:00,15:20:00,7,0,0,
amtrak,amtrak:297336,297336,amtrak:NWK,NWK,15:34:00,15:35:00,8,0,0,
amtrak,amtrak:297336,297336,amtrak:MET,MET,15:48:00,15:50:00,9,0,0,
amtrak,amtrak:297336,297336,amtrak:PHL,PHL,16:32:00,16:38:00,10,0,0,
amtrak,amtrak:297336,297336,amtrak:WIL,WIL,17:01:00,17:03:00,11,0,0,
amtrak,amtrak:297336,297336,amtrak:BAL,BAL,17:55:00,17:57:00,12,0,0,
amtrak,amtrak:297336,297336,amtrak:WAS,WAS,18:34:00,18:34:00,13,0,0,
amtrak,amtrak:297337,297337,amtrak:BOS,BOS,11:10:00,11:10:00,1,0,0,
amtrak,amtrak:297337,297337,amtrak:BBY,BBY,11:16:00,11:16:00,2,0,0,
amtrak,amtrak:297337,297337,amtrak:RTE,RTE,11:25:00,11:25:00,3,0,0,
amtrak,amtrak:297337,297337,amtrak:PVD,PVD,11:46:00,11:47:00,4,0,0,
amtrak,amtrak:297337,297337,amtrak:NHV,NHV,13:26:00,13:27:00,5,0,0,
amtrak,amtrak:297337,297337,amtrak:STM,STM,14:10:00,14:12:00,6,0,0,
amtrak,amtrak:297337,297337,amtrak:NYP,NYP,15:04:00,15:20:00,7,0,0,
amtrak,amtrak:297337,297337,amtrak:NWK,NWK,15:34:00,15:35:00,8,0,0,
amtrak,amtrak:297337,297337,amtrak:MET,MET,15:48:00,15:50:00,9,0,0,
amtrak,amtrak:297337,297337,amtrak:PHL,PHL,16:32:00,16:38:00,10,0,0,
amtrak,amtrak:297337,297337,amtrak:WIL,WIL,17:01:00,17:03:00,11,0,0,
amtrak,amtrak:297337,297337,amtrak:BAL,BAL,17:55:00,17:57:00,12,0,0,
amtrak,amtrak:297337,297337,amtrak:WAS,WAS,18:34:00,18:34:00,13,0,0,
amtrak,amtrak:297338,297338,amtrak:BOS,BOS,11:10:00,11:10:00,1,0,0,
amtrak,amtrak:297338,297338,amtrak:BBY,BBY,11:16:00,11:16:00,2,0,0,
amtrak,amtrak:297338,297338,amtrak:RTE,RTE,11:25:00,11:25:00,3,0,0,
amtrak,amtrak:297338,297338,amtrak:PVD,PVD,11:46:00,11:47:00,4,0,0,
amtrak,amtrak:297338,297338,amtrak:NHV,NHV,13:26:00,13:27:00,5,0,0,
amtrak,amtrak:297338,297338,amtrak:STM,STM,14:10:00,14:12:00,6,0,0,
amtrak,amtrak:297338,297338,amtrak:NYP,NYP,15:04:00,15:20:00,7,0,0,
amtrak,amtrak:297338,297338,amtrak:NWK,NWK,15:34:00,15:35:00,8,0,0,
amtrak,amtrak:297338,297338,amtrak:MET,MET,15:48:00,15:50:00,9,0,0,
amtrak,amtrak:297338,297338,amtrak:PHL,PHL,16:32:00,16:34:00,10,0,0,
amtrak,amtrak:297338,297338,amtrak:WIL,WIL,16:57:00,16:59:00,11,0,0,
amtrak,amtrak:297338,297338,amtrak:BAL,BAL,17:45:00,17:47:00,12,0,0,
amtrak,amtrak:297338,297338,amtrak:WAS,WAS,18:24:00,18:24:00,13,0,0,
amtrak,amtrak:297339,297339,amtrak:BOS,BOS,11:10:00,11:10:00,1,0,0,
amtrak,amtrak:297339,297339,amtrak:BBY,BBY,11:16:00,11:16:00,2,0,0,
amtrak,amtrak:297339,297339,amtrak:RTE,RTE,11:25:00,11:25:00,3,0,0,
amtrak,amtrak:297339,297339,amtrak:PVD,PVD,11:46:00,11:47:00,4,0,0,
amtrak,amtrak:297339,297339,amtrak:NHV,NHV,13:26:00,13:27:00,5,0,0,
amtrak,amtrak:297339,297339,amtrak:STM,STM,14:10:00,14:12:00,6,0,0,
amtrak,amtrak:297339,297339,amtrak:NYP,NYP,15:04:00,15:20:00,7,0,0,
amtrak,amtrak:297339,297339,amtrak:NWK,NWK,15:34:00,15:35:00,8,0,0,
amtrak,amtrak:297339,297339,amtrak:MET,MET,15:48:00,15:50:00,9,0,0,
amtrak,amtrak:297339,297339,amtrak:PHL,PHL,16:32:00,16:34:00,10,0,0,
amtrak,amtrak:297339,297339,amtrak:WIL,WIL,16:57:00,16:59:00,11,0,0,
amtrak,amtrak:297339,297339,amtrak:BAL,BAL,17:45:00,17:47:00,12,0,0,
amtrak,amtrak:297339,297339,amtrak:WAS,WAS,18:24:00,18:24:00,13,0,0,
amtrak,amtrak:297340,297340,amtrak:BOS,BOS,11:10:00,11:10:00,1,0,0,
amtrak,amtrak:297340,297340,amtrak:BBY,BBY,11:16:00,11:16:00,2,0,0,
amtrak,amtrak:297340,297340,amtrak:RTE,RTE,11:25:00,11:25:00,3,0,0,
amtrak,amtrak:297340,297340,amtrak:PVD,PVD,11:46:00,11:47:00,4,0,0,
amtrak,amtrak:297340,297340,amtrak:NHV,NHV,13:26:00,13:27:00,5,0,0,
amtrak,amtrak:297340,297340,amtrak:STM,STM,14:10:00,14:12:00,6,0,0,
amtrak,amtrak:297340,297340,amtrak:NYP,NYP,15:04:00,15:20:00,7,0,0,
amtrak,amtrak:297340,297340,amtrak:NWK,NWK,15:34:00,15:35:00,8,0,0,
amtrak,amtrak:297340,297340,amtrak:MET,MET,15:48:00,15:50:00,9,0,0,
amtrak,amtrak:297340,297340,amtrak:PHL,PHL,16:32:00,16:34:00,10,0,0,
amtrak,amtrak:297340,297340,amtrak:WIL,WIL,16:57:00,16:59:00,11,0,0,
amtrak,amtrak:297340,297340,amtrak:BAL,BAL,17:45:00,17:47:00,12,0,0,
amtrak,amtrak:297340,297340,amtrak:WAS,WAS,18:24:00,18:24:00,13,0,0,
amtrak,amtrak:297388,297388,amtrak:BOS,BOS,13:05:00,13:05:00,1,0,0,
amtrak,amtrak:297388,297388,amtrak:BBY,BBY,13:09:00,13:09:00,2,0,0,
amtrak,amtrak:297388,297388,amtrak:RTE,RTE,13:18:00,13:18:00,3,0,0,
amtrak,amtrak:297388,297388,amtrak:PVD,PVD,13:38:00,13:40:00,4,0,0,
amtrak,amtrak:297388,297388,amtrak:NHV,NHV,15:09:00,15:10:00,5,0,0,
amtrak,amtrak:297388,297388,amtrak:STM,STM,15:53:00,15:55:00,6,0,0,
amtrak,amtrak:297388,297388,amtrak:NYP,NYP,16:48:00,17:00:00,7,0,0,
amtrak,amtrak:297388,297388,amtrak:NWK,NWK,17:13:00,17:14:00,8,0,0,
amtrak,amtrak:297388,297388,amtrak:MET,MET,17:27:00,17:29:00,9,0,0,
amtrak,amtrak:297388,297388,amtrak:PHL,PHL,18:11:00,18:13:00,10,0,0,
amtrak,amtrak:297388,297388,amtrak:WIL,WIL,18:32:00,18:34:00,11,0,0,
amtrak,amtrak:297388,297388,amtrak:BAL,BAL,19:26:00,19:28:00,12,0,0,
amtrak,amtrak:297388,297388,amtrak:BWI,BWI,19:39:00,19:41:00,13,0,0,
amtrak,amtrak:297388,297388,amtrak:WAS,WAS,20:07:00,20:07:00,14,0,0,
amtrak,amtrak:297389,297389,amtrak:BOS,BOS,13:05:00,13:05:00,1,0,0,
amtrak,amtrak:297389,297389,amtrak:BBY,BBY,13:09:00,13:09:00,2,0,0,
amtrak,amtrak:297389,297389,amtrak:RTE,RTE,13:18:00,13:18:00,3,0,0,
amtrak,amtrak:297389,297389,amtrak:PVD,PVD,13:38:00,13:40:00,4,0,0,
amtrak,amtrak:297389,297389,amtrak:NHV,NHV,15:09:00,15:10:00,5,0,0,
amtrak,amtrak:297389,297389,amtrak:STM,STM,15:53:00,15:55:00,6,0,0,
amtrak,amtrak:297389,297389,amtrak:NYP,NYP,16:48:00,17:00:00,7,0,0,
amtrak,amtrak:297389,297389,amtrak:NWK,NWK,17:13:00,17:14:00,8,0,0,
amtrak,amtrak:297389,297389,amtrak:MET,MET,17:27:00,17:29:00,9,0,0,
amtrak,amtrak:297389,297389,amtrak:PHL,PHL,18:11:00,18:13:00,10,0,0,
amtrak,amtrak:297389,297389,amtrak:WIL,WIL,18:32:00,18:34:00,11,0,0,
amtrak,amtrak:297389,297389,amtrak:BAL,BAL,19:26:00,19:28:00,12,0,0,
amtrak,amtrak:297389,297389,amtrak:BWI,BWI,19:39:00,19:41:00,13,0,0,
amtrak,amtrak:297389,297389,amtrak:WAS,WAS,20:07:00,20:07:00,14,0,0,
amtrak,amtrak:297393,297393,amtrak:BOS,BOS,13:05:00,13:05:00,1,0,0,
amtrak,amtrak:297393,297393,amtrak:BBY,BBY,13:09:00,13:09:00,2,0,0,
amtrak,amtrak:297393,297393,amtrak:RTE,RTE,13:18:00,13:18:00,3,0,0,
amtrak,amtrak:297393,297393,amtrak:PVD,PVD,13:38:00,13:40:00,4,0,0,
amtrak,amtrak:297393,297393,amtrak:NHV,NHV,15:09:00,15:10:00,5,0,0,
amtrak,amtrak:297393,297393,amtrak:STM,STM,15:53:00,15:55:00,6,0,0,
amtrak,amtrak:297393,297393,amtrak:NYP,NYP,16:48:00,17:00:00,7,0,0,
amtrak,amtrak:297393,297393,amtrak:NWK,NWK,17:13:00,17:14:00,8,0,0,
amtrak,amtrak:297393,297393,amtrak:MET,MET,17:27:00,17:29:00,9,0,0,
amtrak,amtrak:297393,297393,amtrak:PHL,PHL,18:11:00,18:13:00,10,0,0,
amtrak,amtrak:297393,297393,amtrak:WIL,WIL,18:32:00,18:34:00,11,0,0,
amtrak,amtrak:297393,297393,amtrak:BAL,BAL,19:26:00,19:28:00,12,0,0,
amtrak,amtrak:297393,297393,amtrak:BWI,BWI,19:39:00,19:41:00,13,0,0,
amtrak,amtrak:297393,297393,amtrak:WAS,WAS,20:07:00,20:07:00,14,0,0,
amtrak,amtrak:297396,297396,amtrak:BOS,BOS,13:05:00,13:05:00,1,0,0,
amtrak,amtrak:297396,297396,amtrak:BBY,BBY,13:09:00,13:09:00,2,0,0,
amtrak,amtrak:297396,297396,amtrak:RTE,RTE,13:18:00,13:18:00,3,0,0,
amtrak,amtrak:297396,297396,amtrak:PVD,PVD,13:38:00,13:40:00,4,0,0,
amtrak,amtrak:297396,297396,amtrak:NHV,NHV,15:09:00,15:10:00,5,0,0,
amtrak,amtrak:297396,297396,amtrak:STM,STM,15:53:00,15:55:00,6,0,0,
amtrak,amtrak:297396,297396,amtrak:NYP,NYP,16:48:00,17:00:00,7,0,0,
amtrak,amtrak:297396,297396,amtrak:NWK,NWK,17:13:00,17:14:00,8,0,0,
amtrak,amtrak:297396,297396,amtrak:MET,MET,17:27:00,17:29:00,9,0,0,
amtrak,amtrak:297396,297396,amtrak:PHL,PHL,18:11:00,18:13:00,10,0,0,
amtrak,amtrak:297396,297396,amtrak:WIL,WIL,18:32:00,18:34:00,11,0,0,
amtrak,amtrak:297396,297396,amtrak:BAL,BAL,19:26:00,19:28:00,12,0,0,
amtrak,amtrak:297396,297396,amtrak:BWI,BWI,19:39:00,19:41:00,13,0,0,
amtrak,amtrak:297396,297396,amtrak:WAS,WAS,20:07:00,20:07:00,14,0,0,
amtrak,amtrak:297397,297397,amtrak:BOS,BOS,13:05:00,13:05:00,1,0,0,
amtrak,amtrak:297397,297397,amtrak:BBY,BBY,13:09:00,13:09:00,2,0,0,
amtrak,amtrak:297397,297397,amtrak:RTE,RTE,13:18:00,13:18:00,3,0,0,
amtrak,amtrak:297397,297397,amtrak:PVD,PVD,13:38:00,13:40:00,4,0,0,
amtrak,amtrak:297397,297397,amtrak:NHV,NHV,15:09:00,15:10:00,5,0,0,
amtrak,amtrak:297397,297397,amtrak:STM,STM,15:53:00,15:55:00,6,0,0,
amtrak,amtrak:297397,297397,amtrak:NYP,NYP,16:48:00,17:00:00,7,0,0,
amtrak,amtrak:297397,297397,amtrak:NWK,NWK,17:13:00,17:14:00,8,0,0,
amtrak,amtrak:297397,297397,amtrak:MET,MET,17:27:00,17:29:00,9,0,0,
amtrak,amtrak:297397,297397,amtrak:PHL,PHL,18:11:00,18:13:00,10,0,0,
amtrak,amtrak:297397,297397,amtrak:WIL,WIL,18:32:00,18:34:00,11,0,0,
amtrak,amtrak:297397,297397,amtrak:BAL,BAL,19:26:00,19:28:00,12,0,0,
amtrak,amtrak:297397,297397,amtrak:BWI,BWI,19:39:00,19:41:00,13,0,0,
amtrak,amtrak:297397,297397,amtrak:WAS,WAS,20:07:00,20:07:00,14,0,0,
amtrak,amtrak:297398,297398,amtrak:BOS,BOS,13:05:00,13:05:00,1,0,0,
amtrak,amtrak:297398,297398,amtrak:BBY,BBY,13:09:00,13:09:00,2,0,0,
amtrak,amtrak:297398,297398,amtrak:RTE,RTE,13:18:00,13:18:00,3,0,0,
amtrak,amtrak:297398,297398,amtrak:PVD,PVD,13:38:00,13:40:00,4,0,0,
amtrak,amtrak:297398,297398,amtrak:NHV,NHV,15:09:00,15:10:00,5,0,0,
amtrak,amtrak:297398,297398,amtrak:STM,STM,15:53:00,15:55:00,6,0,0,
amtrak,amtrak:297398,297398,amtrak:NYP,NYP,16:48:00,17:00:00,7,0,0,
amtrak,amtrak:297398,297398,amtrak:NWK,NWK,17:13:00,17:14:00,8,0,0,
amtrak,amtrak:297398,297398,amtrak:MET,MET,17:27:00,17:29:00,9,0,0,
amtrak,amtrak:297398,297398,amtrak:PHL,PHL,18:11:00,18:13:00,10,0,0,
amtrak,amtrak:297398,297398,amtrak:WIL,WIL,18:37:00,18:38:00,11,0,0,
amtrak,amtrak:297398,297398,amtrak:BAL,BAL,19:25:00,19:26:00,12,0,0,
amtrak,amtrak:297398,297398,amtrak:BWI,BWI,19:38:00,19:39:00,13,0,0,
amtrak,amtrak:297398,297398,amtrak:WAS,WAS,20:05:00,20:05:00,14,0,0,
amtrak,amtrak:297399,297399,amtrak:BOS,BOS,13:05:00,13:05:00,1,0,0,
amtrak,amtrak:297399,297399,amtrak:BBY,BBY,13:09:00,13:09:00,2,0,0,
amtrak,amtrak:297399,297399,amtrak:RTE,RTE,13:18:00,13:18:00,3,0,0,
amtrak,amtrak:297399,297399,amtrak:PVD,PVD,13:38:00,13:40:00,4,0,0,
amtrak,amtrak:297399,297399,amtrak:NHV,NHV,15:09:00,15:10:00,5,0,0,
amtrak,amtrak:297399,297399,amtrak:STM,STM,15:53:00,15:55:00,6,0,0,
amtrak,amtrak:297399,297399,amtrak:NYP,NYP,16:48:00,17:00:00,7,0,0,
amtrak,amtrak:297399,297399,amtrak:NWK,NWK,17:13:00,17:14:00,8,0,0,
amtrak,amtrak:297399,297399,amtrak:MET,MET,17:27:00,17:29:00,9,0,0,
amtrak,amtrak:297399,297399,amtrak:PHL,PHL,18:11:00,18:13:00,10,0,0,
amtrak,amtrak:297399,297399,amtrak:WIL,WIL,18:37:00,18:38:00,11,0,0,
amtrak,amtrak:297399,297399,amtrak:BAL,BAL,19:25:00,19:26:00,12,0,0,
amtrak,amtrak:297399,297399,amtrak:BWI,BWI,19:38:00,19:39:00,13,0,0,
amtrak,amtrak:297399,297399,amtrak:WAS,WAS,20:05:00,20:05:00,14,0,0,
amtrak,amtrak:297494,297494,amtrak:PHL,PHL,5:15:00,5:15:00,1,0,0,
amtrak,amtrak:297494,297494,amtrak:TRE,TRE,5:43:00,5:45:00,2,0,0,
amtrak,amtrak:297494,297494,amtrak:EWR,EWR,6:14:00,6:16:00,3,0,0,
amtrak,amtrak:297494,297494,amtrak:NWK,NWK,6:20:00,6:22:00,4,0,0,
amtrak,amtrak:297494,297494,amtrak:NYP,NYP,6:40:00,7:00:00,5,0,0,
amtrak,amtrak:297494,297494,amtrak:NRO,NRO,7:29:00,7:29:00,6,0,0,
amtrak,amtrak:297494,297494,amtrak:STM,STM,7:48:00,7:49:00,7,0,0,
amtrak,amtrak:297494,297494,amtrak:BRP,BRP,8:17:00,8:18:00,8,0,0,
amtrak,amtrak:297494,297494,amtrak:NHV,NHV,8:42:00,8:44:00,9,0,0,
amtrak,amtrak:297494,297494,amtrak:OSB,OSB,9:12:00,9:13:00,10,0,0,
amtrak,amtrak:297494,297494,amtrak:NLC,NLC,9:31:00,9:33:00,11,0,0,
amtrak,amtrak:297494,297494,amtrak:MYS,MYS,9:44:00,9:45:00,12,0,0,
amtrak,amtrak:297494,297494,amtrak:KIN,KIN,10:08:00,10:10:00,13,0,0,
amtrak,amtrak:297494,297494,amtrak:PVD,PVD,10:29:00,10:29:00,14,0,0,
amtrak,amtrak:297494,297494,amtrak:RTE,RTE,11:00:00,11:00:00,15,1,0,
amtrak,amtrak:297494,297494,amtrak:BBY,BBY,11:11:00,11:11:00,16,1,0,
amtrak,amtrak:297494,297494,amtrak:BOS,BOS,11:16:00,11:16:00,17,0,0,
amtrak,amtrak:297495,297495,amtrak:PHL,PHL,5:15:00,5:15:00,1,0,0,
amtrak,amtrak:297495,297495,amtrak:TRE,TRE,5:43:00,5:45:00,2,0,0,
amtrak,amtrak:297495,297495,amtrak:EWR,EWR,6:14:00,6:16:00,3,0,0,
amtrak,amtrak:297495,297495,amtrak:NWK,NWK,6:20:00,6:22:00,4,0,0,
amtrak,amtrak:297495,297495,amtrak:NYP,NYP,6:40:00,7:00:00,5,0,0,
amtrak,amtrak:297495,297495,amtrak:NRO,NRO,7:29:00,7:29:00,6,0,0,
amtrak,amtrak:297495,297495,amtrak:STM,STM,7:48:00,7:49:00,7,0,0,
amtrak,amtrak:297495,297495,amtrak:BRP,BRP,8:17:00,8:18:00,8,0,0,
amtrak,amtrak:297495,297495,amtrak:NHV,NHV,8:42:00,8:44:00,9,0,0,
amtrak,amtrak:297495,297495,amtrak:OSB,OSB,9:12:00,9:13:00,10,0,0,
amtrak,amtrak:297495,297495,amtrak:NLC,NLC,9:31:00,9:33:00,11,0,0,
amtrak,amtrak:297495,297495,amtrak:MYS,MYS,9:44:00,9:45:00,12,0,0,
amtrak,amtrak:297495,297495,amtrak:KIN,KIN,10:08:00,10:10:00,13,0,0,
amtrak,amtrak:297495,297495,amtrak:PVD,PVD,10:29:00,10:29:00,14,0,0,
amtrak,amtrak:297495,297495,amtrak:RTE,RTE,11:00:00,11:00:00,15,1,0,
amtrak,amtrak:297495,297495,amtrak:BBY,BBY,11:11:00,11:11:00,16,1,0,
amtrak,amtrak:297495,297495,amtrak:BOS,BOS,11:16:00,11:16:00,17,0,0,
amtrak,amtrak:297496,297496,amtrak:NHV,NHV,8:42:00,8:44:00,9,0,0,
amtrak,amtrak:297496,297496,amtrak:OSB,OSB,9:12:00,9:13:00,10,0,0,
amtrak,amtrak:297496,297496,amtrak:NLC,NLC,9:31:00,9:33:00,11,0,0,
amtrak,amtrak:297496,297496,amtrak:MYS,MYS,9:44:00,9:45:00,12,0,0,
amtrak,amtrak:297496,297496,amtrak:KIN,KIN,10:08:00,10:10:00,13,0,0,
amtrak,amtrak:297496,297496,amtrak:PVD,PVD,10:29:00,10:29:00,14,0,0,
amtrak,amtrak:297496,297496,amtrak:RTE,RTE,11:00:00,11:00:00,15,1,0,
amtrak,amtrak:297496,297496,amtrak:BBY,BBY,11:11:00,11:11:00,16,1,0,
amtrak,amtrak:297496,297496,amtrak:BOS,BOS,11:16:00,11:16:00,17,0,0,
amtrak,amtrak:297498,297498,amtrak:PHL,PHL,5:15:00,5:15:00,1,0,0,
amtrak,amtrak:297498,297498,amtrak:TRE,TRE,5:43:00,5:45:00,2,0,0,
amtrak,amtrak:297498,297498,amtrak:EWR,EWR,6:14:00,6:16:00,3,0,0,
amtrak,amtrak:297498,297498,amtrak:NWK,NWK,6:20:00,6:22:00,4,0,0,
amtrak,amtrak:297498,297498,amtrak:NYP,NYP,6:40:00,7:00:00,5,0,0,
amtrak,amtrak:297498,297498,amtrak:NRO,NRO,7:29:00,7:29:00,6,0,0,
amtrak,amtrak:297498,297498,amtrak:STM,STM,7:48:00,7:49:00,7,0,0,
amtrak,amtrak:297498,297498,amtrak:BRP,BRP,8:17:00,8:18:00,8,0,0,
amtrak,amtrak:297498,297498,amtrak:NHV,NHV,8:42:00,8:44:00,9,0,0,
amtrak,amtrak:297498,297498,amtrak:OSB,OSB,9:12:00,9:13:00,10,0,0,
amtrak,amtrak:297498,297498,amtrak:NLC,NLC,9:31:00,9:33:00,11,0,0,
amtrak,amtrak:297498,297498,amtrak:MYS,MYS,9:44:00,9:45:00,12,0,0,
amtrak,amtrak:297498,297498,amtrak:KIN,KIN,10:08:00,10:10:00,13,0,0,
amtrak,amtrak:297498,297498,amtrak:PVD,PVD,10:29:00,10:29:00,14,0,0,
amtrak,amtrak:297498,297498,amtrak:RTE,RTE,11:00:00,11:00:00,15,1,0,
amtrak,amtrak:297498,297498,amtrak:BBY,BBY,11:11:00,11:11:00,16,1,0,
amtrak,amtrak:297498,297498,amtrak:BOS,BOS,11:16:00,11:16:00,17,0,0,
amtrak,amtrak:297499,297499,amtrak:PHL,PHL,5:15:00,5:15:00,1,0,0,
amtrak,amtrak:297499,297499,amtrak:TRE,TRE,5:43:00,5:45:00,2,0,0,
amtrak,amtrak:297499,297499,amtrak:EWR,EWR,6:14:00,6:16:00,3,0,0,
amtrak,amtrak:297499,297499,amtrak:NWK,NWK,6:20:00,6:22:00,4,0,0,
amtrak,amtrak:297499,297499,amtrak:NYP,NYP,6:40:00,7:00:00,5,0,0,
amtrak,amtrak:297499,297499,amtrak:NRO,NRO,7:29:00,7:29:00,6,0,0,
amtrak,amtrak:297499,297499,amtrak:STM,STM,7:48:00,7:49:00,7,0,0,
amtrak,amtrak:297499,297499,amtrak:BRP,BRP,8:17:00,8:18:00,8,0,0,
amtrak,amtrak:297499,297499,amtrak:NHV,NHV,8:42:00,8:44:00,9,0,0,
amtrak,amtrak:297499,297499,amtrak:OSB,OSB,9:12:00,9:13:00,10,0,0,
amtrak,amtrak:297499,297499,amtrak:NLC,NLC,9:31:00,9:33:00,11,0,0,
amtrak,amtrak:297499,297499,amtrak:MYS,MYS,9:44:00,9:45:00,12,0,0,
amtrak,amtrak:297499,297499,amtrak:KIN,KIN,10:08:00,10:10:00,13,0,0,
amtrak,amtrak:297499,297499,amtrak:PVD,PVD,10:29:00,10:29:00,14,0,0,
amtrak,amtrak:297499,297499,amtrak:RTE,RTE,11:00:00,11:00:00,15,1,0,
amtrak,amtrak:297499,297499,amtrak:BBY,BBY,11:11:00,11:11:00,16,1,0,
amtrak,amtrak:297499,297499,amtrak:BOS,BOS,11:16:00,11:16:00,17,0,0,
amtrak,amtrak:297500,297500,amtrak:PHL,PHL,5:15:00,5:15:00,1,0,0,
amtrak,amtrak:297500,297500,amtrak:TRE,TRE,5:43:00,5:45:00,2,0,0,
amtrak,amtrak:297500,297500,amtrak:EWR,EWR,6:14:00,6:16:00,3,0,0,
amtrak,amtrak:297500,297500,amtrak:NWK,NWK,6:20:00,6:22:00,4,0,0,
amtrak,amtrak:297500,297500,amtrak:NYP,NYP,6:40:00,7:00:00,5,0,0,
amtrak,amtrak:297500,297500,amtrak:NRO,NRO,7:29:00,7:29:00,6,0,0,
amtrak,amtrak:297500,297500,amtrak:STM,STM,7:48:00,7:49:00,7,0,0,
amtrak,amtrak:297500,297500,amtrak:BRP,BRP,8:17:00,8:18:00,8,0,0,
amtrak,amtrak:297500,297500,amtrak:NHV,NHV,8:42:00,8:44:00,9,0,0,
amtrak,amtrak:297500,297500,amtrak:OSB,OSB,9:12:00,9:13:00,10,0,0,
amtrak,amtrak:297500,297500,amtrak:NLC,NLC,9:31:00,9:33:00,11,0,0,
amtrak,amtrak:297500,297500,amtrak:MYS,MYS,9:44:00,9:45:00,12,0,0,
amtrak,amtrak:297500,297500,amtrak:KIN,KIN,10:08:00,10:10:00,13,0,0,
amtrak,amtrak:297500,297500,amtrak:PVD,PVD,10:29:00,10:29:00,14,0,0,
amtrak,amtrak:297500,297500,amtrak:RTE,RTE,11:00:00,11:00:00,15,1,0,
amtrak,amtrak:297500,297500,amtrak:BBY,BBY,11:11:00,11:11:00,16,1,0,
amtrak,amtrak:297500,297500,amtrak:BOS,BOS,11:16:00,11:16:00,17,0,0,
amtrak,amtrak:297502,297502,amtrak:WAS,WAS,8:10:00,8:10:00,1,0,0,
amtrak,amtrak:297502,297502,amtrak:NCR,NCR,8:21:00,8:22:00,2,0,0,
amtrak,amtrak:297502,297502,amtrak:BWI,BWI,8:36:00,8:38:00,3,0,0,
amtrak,amtrak:297502,297502,amtrak:BAL,BAL,8:52:00,8:54:00,4,0,0,
amtrak,amtrak:297502,297502,amtrak:NRK,NRK,9:33:00,9:34:00,5,0,0,
amtrak,amtrak:297502,297502,amtrak:WIL,WIL,9:45:00,9:47:00,6,0,0,
amtrak,amtrak:297502,297502,amtrak:PHL,PHL,10:15:00,10:25:00,7,0,0,
amtrak,amtrak:297502,297502,amtrak:TRE,TRE,10:54:00,10:56:00,8,0,0,
amtrak,amtrak:297502,297502,amtrak:MET,MET,11:20:00,11:21:00,9,0,0,
amtrak,amtrak:297502,297502,amtrak:NWK,NWK,11:37:00,11:38:00,10,0,0,
amtrak,amtrak:297502,297502,amtrak:NYP,NYP,11:59:00,12:13:00,11,0,0,
amtrak,amtrak:297502,297502,amtrak:NRO,NRO,12:43:00,12:44:00,12,0,0,
amtrak,amtrak:297502,297502,amtrak:STM,STM,13:02:00,13:04:00,13,0,0,
amtrak,amtrak:297502,297502,amtrak:BRP,BRP,13:31:00,13:32:00,14,0,0,
amtrak,amtrak:297502,297502,amtrak:NHV,NHV,14:01:00,14:03:00,15,0,0,
amtrak,amtrak:297502,297502,amtrak:NLC,NLC,14:44:00,14:46:00,16,0,0,
amtrak,amtrak:297502,297502,amtrak:PVD,PVD,15:37:00,15:37:00,17,0,0,
amtrak,amtrak:297502,297502,amtrak:RTE,RTE,16:11:00,16:11:00,18,1,0,
amtrak,amtrak:297502,297502,amtrak:BBY,BBY,16:22:00,16:22:00,19,1,0,
amtrak,amtrak:297502,297502,amtrak:BOS,BOS,16:28:00,16:28:00,20,0,0,
amtrak,amtrak:297506,297506,amtrak:WAS,WAS,8:10:00,8:10:00,1,0,0,
amtrak,amtrak:297506,297506,amtrak:NCR,NCR,8:21:00,8:22:00,2,0,0,
amtrak,amtrak:297506,297506,amtrak:BWI,BWI,8:36:00,8:38:00,3,0,0,
amtrak,amtrak:297506,297506,amtrak:BAL,BAL,8:52:00,8:54:00,4,0,0,
amtrak,amtrak:297506,297506,amtrak:NRK,NRK,9:33:00,9:34:00,5,0,0,
amtrak,amtrak:297506,297506,amtrak:WIL,WIL,9:45:00,9:47:00,6,0,0,
amtrak,amtrak:297506,297506,amtrak:PHL,PHL,10:15:00,10:25:00,7,0,0,
amtrak,amtrak:297506,297506,amtrak:TRE,TRE,10:54:00,10:56:00,8,0,0,
amtrak,amtrak:297506,297506,amtrak:MET,MET,11:20:00,11:21:00,9,0,0,
amtrak,amtrak:297506,297506,amtrak:NWK,NWK,11:37:00,11:38:00,10,0,0,
amtrak,amtrak:297506,297506,amtrak:NYP,NYP,11:59:00,12:13:00,11,0,0,
amtrak,amtrak:297506,297506,amtrak:NRO,NRO,12:43:00,12:44:00,12,0,0,
amtrak,amtrak:297506,297506,amtrak:STM,STM,13:02:00,13:04:00,13,0,0,
amtrak,amtrak:297506,297506,amtrak:BRP,BRP,13:31:00,13:32:00,14,0,0,
amtrak,amtrak:297506,297506,amtrak:NHV,NHV,14:01:00,14:03:00,15,0,0,
amtrak,amtrak:297506,297506,amtrak:NLC,NLC,14:44:00,14:46:00,16,0,0,
amtrak,amtrak:297506,297506,amtrak:PVD,PVD,15:37:00,15:37:00,17,0,0,
amtrak,amtrak:297506,297506,amtrak:RTE,RTE,16:11:00,16:11:00,18,1,0,
amtrak,amtrak:297506,297506,amtrak:BBY,BBY,16:22:00,16:22:00,19,1,0,
amtrak,amtrak:297506,297506,amtrak:BOS,BOS,16:28:00,16:28:00,20,0,0,
amtrak,amtrak:297507,297507,amtrak:WAS,WAS,8:22:00,8:22:00,1,0,0,
amtrak,amtrak:297507,297507,amtrak:NCR,NCR,8:33:00,8:34:00,2,0,0,
amtrak,amtrak:297507,297507,amtrak:BWI,BWI,8:48:00,8:50:00,3,0,0,
amtrak,amtrak:297507,297507,amtrak:BAL,BAL,9:04:00,9:06:00,4,0,0,
amtrak,amtrak:297507,297507,amtrak:NRK,NRK,9:43:00,9:44:00,5,0,0,
amtrak,amtrak:297507,297507,amtrak:WIL,WIL,9:55:00,9:57:00,6,0,0,
amtrak,amtrak:297507,297507,amtrak:PHL,PHL,10:20:00,10:25:00,7,0,0,
amtrak,amtrak:297507,297507,amtrak:TRE,TRE,10:54:00,10:56:00,8,0,0,
amtrak,amtrak:297507,297507,amtrak:MET,MET,11:20:00,11:21:00,9,0,0,
amtrak,amtrak:297507,297507,amtrak:NWK,NWK,11:37:00,11:38:00,10,0,0,
amtrak,amtrak:297507,297507,amtrak:NYP,NYP,11:59:00,12:13:00,11,0,0,
amtrak,amtrak:297507,297507,amtrak:NRO,NRO,12:43:00,12:44:00,12,0,0,
amtrak,amtrak:297507,297507,amtrak:STM,STM,13:02:00,13:04:00,13,0,0,
amtrak,amtrak:297507,297507,amtrak:BRP,BRP,13:31:00,13:32:00,14,0,0,
amtrak,amtrak:297507,297507,amtrak:NHV,NHV,14:01:00,14:03:00,15,0,0,
amtrak,amtrak:297507,297507,amtrak:NLC,NLC,14:44:00,14:46:00,16,0,0,
amtrak,amtrak:297507,297507,amtrak:MYS,MYS,14:57:00,14:59:00,17,0,0,
amtrak,amtrak:297507,297507,amtrak:PVD,PVD,15:37:00,15:37:00,18,0,0,
amtrak,amtrak:297507,297507,amtrak:RTE,RTE,16:11:00,16:11:00,19,1,0,
amtrak,amtrak:297507,297507,amtrak:BBY,BBY,16:22:00,16:22:00,20,1,0,
amtrak,amtrak:297507,297507,amtrak:BOS,BOS,16:28:00,16:28:00,21,0,0,
amtrak,amtrak:297508,297508,amtrak:WAS,WAS,8:22:00,8:22:00,1,0,0,
amtrak,amtrak:297508,297508,amtrak:NCR,NCR,8:33:00,8:34:00,2,0,0,
amtrak,amtrak:297508,297508,amtrak:BWI,BWI,8:48:00,8:50:00,3,0,0,
amtrak,amtrak:297508,297508,amtrak:BAL,BAL,9:04:00,9:06:00,4,0,0,
amtrak,amtrak:297508,297508,amtrak:NRK,NRK,9:43:00,9:44:00,5,0,0,
amtrak,amtrak:297508,297508,amtrak:WIL,WIL,9:55:00,9:57:00,6,0,0,
amtrak,amtrak:297508,297508,amtrak:PHL,PHL,10:20:00,10:25:00,7,0,0,
amtrak,amtrak:297508,297508,amtrak:TRE,TRE,10:54:00,10:56:00,8,0,0,
amtrak,amtrak:297508,297508,amtrak:MET,MET,11:20:00,11:21:00,9,0,0,
amtrak,amtrak:297508,297508,amtrak:NWK,NWK,11:37:00,11:38:00,10,0,0,
amtrak,amtrak:297508,297508,amtrak:NYP,NYP,11:59:00,12:13:00,11,0,0,
amtrak,amtrak:297508,297508,amtrak:NRO,NRO,12:43:00,12:44:00,12,0,0,
amtrak,amtrak:297508,297508,amtrak:STM,STM,13:02:00,13:04:00,13,0,0,
amtrak,amtrak:297508,297508,amtrak:BRP,BRP,13:31:00,13:32:00,14,0,0,
amtrak,amtrak:297508,297508,amtrak:NHV,NHV,14:01:00,14:03:00,15,0,0,
amtrak,amtrak:297508,297508,amtrak:NLC,NLC,14:44:00,14:46:00,16,0,0,
amtrak,amtrak:297508,297508,amtrak:MYS,MYS,14:57:00,14:59:00,17,0,0,
amtrak,amtrak:297508,297508,amtrak:PVD,PVD,15:37:00,15:37:00,18,0,0,
amtrak,amtrak:297508,297508,amtrak:RTE,RTE,16:11:00,16:11:00,19,1,0,
amtrak,amtrak:297508,297508,amtrak:BBY,BBY,16:22:00,16:22:00,20,1,0,
amtrak,amtrak:297508,297508,amtrak:BOS,BOS,16:28:00,16:28:00,21,0,0,
amtrak,amtrak:297509,297509,amtrak:WAS,WAS,8:22:00,8:22:00,1,0,0,
amtrak,amtrak:297509,297509,amtrak:NCR,NCR,8:33:00,8:34:00,2,0,0,
amtrak,amtrak:297509,297509,amtrak:BWI,BWI,8:48:00,8:50:00,3,0,0,
amtrak,amtrak:297509,297509,amtrak:BAL,BAL,9:04:00,9:06:00,4,0,0,
amtrak,amtrak:297509,297509,amtrak:NRK,NRK,9:43:00,9:44:00,5,0,0,
amtrak,amtrak:297509,297509,amtrak:WIL,WIL,9:55:00,9:57:00,6,0,0,
amtrak,amtrak:297509,297509,amtrak:PHL,PHL,10:20:00,10:25:00,7,0,0,
amtrak,amtrak:297509,297509,amtrak:TRE,TRE,10:54:00,10:56:00,8,0,0,
amtrak,amtrak:297509,297509,amtrak:MET,MET,11:20:00,11:21:00,9,0,0,
amtrak,amtrak:297509,297509,amtrak:NWK,NWK,11:37:00,11:38:00,10,0,0,
amtrak,amtrak:297509,297509,amtrak:NYP,NYP,11:59:00,12:13:00,11,0,0,
amtrak,amtrak:297509,297509,amtrak:NRO,NRO,12:43:00,12:44:00,12,0,0,
amtrak,amtrak:297509,297509,amtrak:STM,STM,13:02:00,13:04:00,13,0,0,
amtrak,amtrak:297509,297509,amtrak:BRP,BRP,13:31:00,13:32:00,14,0,0,
amtrak,amtrak:297509,297509,amtrak:NHV,NHV,14:01:00,14:03:00,15,0,0,
amtrak,amtrak:297509,297509,amtrak:NLC,NLC,14:44:00,14:46:00,16,0,0,
amtrak,amtrak:297509,297509,amtrak:PVD,PVD,15:37:00,15:37:00,17,0,0,
amtrak,amtrak:297509,297509,amtrak:RTE,RTE,16:11:00,16:11:00,18,1,0,
amtrak,amtrak:297509,297509,amtrak:BBY,BBY,16:22:00,16:22:00,19,1,0,
amtrak,amtrak:297509,297509,amtrak:BOS,BOS,16:28:00,16:28:00,20,0,0,
amtrak,amtrak:297511,297511,amtrak:WAS,WAS,8:22:00,8:22:00,1,0,0,
amtrak,amtrak:297511,297511,amtrak:NCR,NCR,8:33:00,8:34:00,2,0,0,
amtrak,amtrak:297511,297511,amtrak:BWI,BWI,8:48:00,8:50:00,3,0,0,
amtrak,amtrak:297511,297511,amtrak:BAL,BAL,9:04:00,9:06:00,4,0,0,
amtrak,amtrak:297511,297511,amtrak:NRK,NRK,9:43:00,9:44:00,5,0,0,
amtrak,amtrak:297511,297511,amtrak:WIL,WIL,9:55:00,9:57:00,6,0,0,
amtrak,amtrak:297511,297511,amtrak:PHL,PHL,10:20:00,10:25:00,7,0,0,
amtrak,amtrak:297511,297511,amtrak:TRE,TRE,10:54:00,10:56:00,8,0,0,
amtrak,amtrak:297511,297511,amtrak:MET,MET,11:20:00,11:21:00,9,0,0,
amtrak,amtrak:297511,297511,amtrak:NWK,NWK,11:37:00,11:38:00,10,0,0,
amtrak,amtrak:297511,297511,amtrak:NYP,NYP,11:59:00,12:13:00,11,0,0,
amtrak,amtrak:297511,297511,amtrak:NRO,NRO,12:43:00,12:44:00,12,0,0,
amtrak,amtrak:297511,297511,amtrak:STM,STM,13:02:00,13:04:00,13,0,0,
amtrak,amtrak:297511,297511,amtrak:BRP,BRP,13:31:00,13:32:00,14,0,0,
amtrak,amtrak:297511,297511,amtrak:NHV,NHV,14:01:00,14:03:00,15,0,0,
amtrak,amtrak:297511,297511,amtrak:NLC,NLC,14:44:00,14:46:00,16,0,0,
amtrak,amtrak:297511,297511,amtrak:PVD,PVD,15:37:00,15:37:00,17,0,0,
amtrak,amtrak:297511,297511,amtrak:RTE,RTE,16:11:00,16:11:00,18,1,0,
amtrak,amtrak:297511,297511,amtrak:BBY,BBY,16:22:00,16:22:00,19,1,0,
amtrak,amtrak:297511,297511,amtrak:BOS,BOS,16:28:00,16:28:00,20,0,0,
amtrak,amtrak:297512,297512,amtrak:WAS,WAS,8:22:00,8:22:00,1,0,0,
amtrak,amtrak:297512,297512,amtrak:NCR,NCR,8:33:00,8:34:00,2,0,0,
amtrak,amtrak:297512,297512,amtrak:BWI,BWI,8:48:00,8:50:00,3,0,0,
amtrak,amtrak:297512,297512,amtrak:BAL,BAL,9:04:00,9:06:00,4,0,0,
amtrak,amtrak:297512,297512,amtrak:NRK,NRK,9:43:00,9:44:00,5,0,0,
amtrak,amtrak:297512,297512,amtrak:WIL,WIL,9:55:00,9:57:00,6,0,0,
amtrak,amtrak:297512,297512,amtrak:PHL,PHL,10:20:00,10:25:00,7,0,0,
amtrak,amtrak:297512,297512,amtrak:TRE,TRE,10:54:00,10:56:00,8,0,0,
amtrak,amtrak:297512,297512,amtrak:MET,MET,11:20:00,11:21:00,9,0,0,
amtrak,amtrak:297512,297512,amtrak:NWK,NWK,11:37:00,11:38:00,10,0,0,
amtrak,amtrak:297512,297512,amtrak:NYP,NYP,11:59:00,12:13:00,11,0,0,
amtrak,amtrak:297512,297512,amtrak:NRO,NRO,12:43:00,12:44:00,12,0,0,
amtrak,amtrak:297512,297512,amtrak:STM,STM,13:02:00,13:04:00,13,0,0,
amtrak,amtrak:297512,297512,amtrak:BRP,BRP,13:31:00,13:32:00,14,0,0,
amtrak,amtrak:297512,297512,amtrak:NHV,NHV,14:01:00,14:03:00,15,0,0,
amtrak,amtrak:297512,297512,amtrak:NLC,NLC,14:44:00,14:46:00,16,0,0,
amtrak,amtrak:297512,297512,amtrak:PVD,PVD,15:37:00,15:37:00,17,0,0,
amtrak,amtrak:297512,297512,amtrak:RTE,RTE,16:11:00,16:11:00,18,1,0,
amtrak,amtrak:297512,297512,amtrak:BBY,BBY,16:22:00,16:22:00,19,1,0,
amtrak,amtrak:297512,297512,amtrak:BOS,BOS,16:28:00,16:28:00,20,0,0,
amtrak,amtrak:297548,297548,amtrak:WAS,WAS,4:48:00,4:48:00,1,0,0,
amtrak,amtrak:297548,297548,amtrak:BWI,BWI,5:09:00,5:10:00,2,0,0,
amtrak,amtrak:297548,297548,amtrak:BAL,BAL,5:21:00,5:23:00,3,0,0,
amtrak,amtrak:297548,297548,amtrak:WIL,WIL,6:06:00,6:07:00,4,0,0,
amtrak,amtrak:297548,297548,amtrak:PHL,PHL,6:30:00,6:32:00,5,0,0,
amtrak,amtrak:297548,297548,amtrak:NWK,NWK,7:30:00,7:30:00,6,0,0,
amtrak,amtrak:297548,297548,amtrak:NYP,NYP,7:50:00,8:00:00,7,0,0,
amtrak,amtrak:297548,297548,amtrak:STM,STM,8:45:00,8:47:00,8,0,0,
amtrak,amtrak:297548,297548,amtrak:PVD,PVD,11:03:00,11:03:00,9,0,0,
amtrak,amtrak:297548,297548,amtrak:RTE,RTE,11:31:00,11:32:00,10,1,0,
amtrak,amtrak:297548,297548,amtrak:BBY,BBY,11:40:00,11:41:00,11,1,0,
amtrak,amtrak:297548,297548,amtrak:BOS,BOS,11:48:00,11:48:00,12,0,0,
amtrak,amtrak:297553,297553,amtrak:WAS,WAS,4:48:00,4:48:00,1,0,0,
amtrak,amtrak:297553,297553,amtrak:BWI,BWI,5:09:00,5:10:00,2,0,0,
amtrak,amtrak:297553,297553,amtrak:BAL,BAL,5:21:00,5:23:00,3,0,0,
amtrak,amtrak:297553,297553,amtrak:WIL,WIL,6:06:00,6:07:00,4,0,0,
amtrak,amtrak:297553,297553,amtrak:PHL,PHL,6:30:00,6:32:00,5,0,0,
amtrak,amtrak:297553,297553,amtrak:NWK,NWK,7:30:00,7:30:00,6,0,0,
amtrak,amtrak:297553,297553,amtrak:NYP,NYP,7:50:00,8:00:00,7,0,0,
amtrak,amtrak:297553,297553,amtrak:STM,STM,8:45:00,8:47:00,8,0,0,
amtrak,amtrak:297553,297553,amtrak:PVD,PVD,11:03:00,11:03:00,9,0,0,
amtrak,amtrak:297553,297553,amtrak:RTE,RTE,11:31:00,11:32:00,10,1,0,
amtrak,amtrak:297553,297553,amtrak:BBY,BBY,11:40:00,11:41:00,11,1,0,
amtrak,amtrak:297553,297553,amtrak:BOS,BOS,11:48:00,11:48:00,12,0,0,
amtrak,amtrak:297554,297554,amtrak:WAS,WAS,8:40:00,8:40:00,1,0,0,
amtrak,amtrak:297554,297554,amtrak:BWI,BWI,9:00:00,9:01:00,2,0,0,
amtrak,amtrak:297554,297554,amtrak:BAL,BAL,9:12:00,9:14:00,3,0,0,
amtrak,amtrak:297554,297554,amtrak:WIL,WIL,9:59:00,10:00:00,4,0,0,
amtrak,amtrak:297554,297554,amtrak:PHL,PHL,10:20:00,10:23:00,5,0,0,
amtrak,amtrak:297554,297554,amtrak:MET,MET,11:11:00,11:12:00,6,0,0,
amtrak,amtrak:297554,297554,amtrak:NWK,NWK,11:30:00,11:31:00,7,0,0,
amtrak,amtrak:297554,297554,amtrak:NYP,NYP,11:48:00,11:58:00,8,0,0,
amtrak,amtrak:297554,297554,amtrak:STM,STM,12:41:00,12:42:00,9,0,0,
amtrak,amtrak:297554,297554,amtrak:PVD,PVD,14:59:00,14:59:00,10,0,0,
amtrak,amtrak:297554,297554,amtrak:RTE,RTE,15:26:00,15:28:00,11,1,0,
amtrak,amtrak:297554,297554,amtrak:BBY,BBY,15:40:00,15:41:00,12,1,0,
amtrak,amtrak:297554,297554,amtrak:BOS,BOS,15:56:00,15:56:00,13,0,0,
amtrak,amtrak:297555,297555,amtrak:WAS,WAS,4:50:00,4:50:00,1,0,0,
amtrak,amtrak:297555,297555,amtrak:BWI,BWI,5:11:00,5:12:00,2,0,0,
amtrak,amtrak:297555,297555,amtrak:BAL,BAL,5:23:00,5:25:00,3,0,0,
amtrak,amtrak:297555,297555,amtrak:WIL,WIL,6:08:00,6:09:00,4,0,0,
amtrak,amtrak:297555,297555,amtrak:PHL,PHL,6:30:00,6:32:00,5,0,0,
amtrak,amtrak:297555,297555,amtrak:NWK,NWK,7:30:00,7:30:00,6,0,0,
amtrak,amtrak:297555,297555,amtrak:NYP,NYP,7:50:00,8:00:00,7,0,0,
amtrak,amtrak:297555,297555,amtrak:STM,STM,8:45:00,8:47:00,8,0,0,
amtrak,amtrak:297555,297555,amtrak:PVD,PVD,11:03:00,11:03:00,9,0,0,
amtrak,amtrak:297555,297555,amtrak:RTE,RTE,11:31:00,11:32:00,10,1,0,
amtrak,amtrak:297555,297555,amtrak:BBY,BBY,11:40:00,11:41:00,11,1,0,
amtrak,amtrak:297555,297555,amtrak:BOS,BOS,11:48:00,11:48:00,12,0,0,
amtrak,amtrak:297557,297557,amtrak:WAS,WAS,4:50:00,4:50:00,1,0,0,
amtrak,amtrak:297557,297557,amtrak:BWI,BWI,5:11:00,5:12:00,2,0,0,
amtrak,amtrak:297557,297557,amtrak:BAL,BAL,5:23:00,5:25:00,3,0,0,
amtrak,amtrak:297557,297557,amtrak:WIL,WIL,6:08:00,6:09:00,4,0,0,
amtrak,amtrak:297557,297557,amtrak:PHL,PHL,6:30:00,6:32:00,5,0,0,
amtrak,amtrak:297557,297557,amtrak:NWK,NWK,7:30:00,7:30:00,6,0,0,
amtrak,amtrak:297557,297557,amtrak:NYP,NYP,7:50:00,8:00:00,7,0,0,
amtrak,amtrak:297557,297557,amtrak:STM,STM,8:45:00,8:47:00,8,0,0,
amtrak,amtrak:297557,297557,amtrak:PVD,PVD,11:03:00,11:03:00,9,0,0,
amtrak,amtrak:297557,297557,amtrak:RTE,RTE,11:31:00,11:32:00,10,1,0,
amtrak,amtrak:297557,297557,amtrak:BBY,BBY,11:40:00,11:41:00,11,1,0,
amtrak,amtrak:297557,297557,amtrak:BOS,BOS,11:48:00,11:48:00,12,0,0,
amtrak,amtrak:297558,297558,amtrak:WAS,WAS,4:50:00,4:50:00,1,0,0,
amtrak,amtrak:297558,297558,amtrak:BWI,BWI,5:11:00,5:12:00,2,0,0,
amtrak,amtrak:297558,297558,amtrak:BAL,BAL,5:23:00,5:25:00,3,0,0,
amtrak,amtrak:297558,297558,amtrak:WIL,WIL,6:08:00,6:09:00,4,0,0,
amtrak,amtrak:297558,297558,amtrak:PHL,PHL,6:30:00,6:32:00,5,0,0,
amtrak,amtrak:297558,297558,amtrak:NWK,NWK,7:30:00,7:30:00,6,0,0,
amtrak,amtrak:297558,297558,amtrak:NYP,NYP,7:50:00,8:00:00,7,0,0,
amtrak,amtrak:297558,297558,amtrak:STM,STM,8:45:00,8:47:00,8,0,0,
amtrak,amtrak:297558,297558,amtrak:PVD,PVD,11:03:00,11:03:00,9,0,0,
amtrak,amtrak:297558,297558,amtrak:RTE,RTE,11:31:00,11:32:00,10,1,0,
amtrak,amtrak:297558,297558,amtrak:BBY,BBY,11:40:00,11:41:00,11,1,0,
amtrak,amtrak:297558,297558,amtrak:BOS,BOS,11:48:00,11:48:00,12,0,0,
amtrak,amtrak:297609,297609,amtrak:NYP,NYP,7:40:00,7:40:00,1,0,0,
amtrak,amtrak:297609,297609,amtrak:STM,STM,8:25:00,8:26:00,2,0,0,
amtrak,amtrak:297609,297609,amtrak:PVD,PVD,10:50:00,10:50:00,3,0,0,
amtrak,amtrak:297609,297609,amtrak:RTE,RTE,11:17:00,11:19:00,4,1,0,
amtrak,amtrak:297609,297609,amtrak:BBY,BBY,11:27:00,11:28:00,5,1,0,
amtrak,amtrak:297609,297609,amtrak:BOS,BOS,11:32:00,11:32:00,6,0,0,
amtrak,amtrak:297611,297611,amtrak:NYP,NYP,7:40:00,7:40:00,1,0,0,
amtrak,amtrak:297611,297611,amtrak:STM,STM,8:25:00,8:26:00,2,0,0,
amtrak,amtrak:297611,297611,amtrak:PVD,PVD,10:50:00,10:50:00,3,0,0,
amtrak,amtrak:297611,297611,amtrak:RTE,RTE,11:17:00,11:19:00,4,1,0,
amtrak,amtrak:297611,297611,amtrak:BBY,BBY,11:27:00,11:28:00,5,1,0,
amtrak,amtrak:297611,297611,amtrak:BOS,BOS,11:32:00,11:32:00,6,0,0,
amtrak,amtrak:297613,297613,amtrak:NYP,NYP,7:40:00,7:40:00,1,0,0,
amtrak,amtrak:297613,297613,amtrak:STM,STM,8:25:00,8:26:00,2,0,0,
amtrak,amtrak:297613,297613,amtrak:PVD,PVD,10:50:00,10:50:00,3,0,0,
amtrak,amtrak:297613,297613,amtrak:RTE,RTE,11:17:00,11:19:00,4,1,0,
amtrak,amtrak:297613,297613,amtrak:BBY,BBY,11:27:00,11:28:00,5,1,0,
amtrak,amtrak:297613,297613,amtrak:BOS,BOS,11:32:00,11:32:00,6,0,0,
amtrak,amtrak:297614,297614,amtrak:NYP,NYP,7:40:00,7:40:00,1,0,0,
amtrak,amtrak:297614,297614,amtrak:STM,STM,8:25:00,8:26:00,2,0,0,
amtrak,amtrak:297614,297614,amtrak:PVD,PVD,10:50:00,10:50:00,3,0,0,
amtrak,amtrak:297614,297614,amtrak:RTE,RTE,11:17:00,11:19:00,4,1,0,
amtrak,amtrak:297614,297614,amtrak:BBY,BBY,11:27:00,11:28:00,5,1,0,
amtrak,amtrak:297614,297614,amtrak:BOS,BOS,11:32:00,11:32:00,6,0,0,
amtrak,amtrak:297619,297619,amtrak:WAS,WAS,10:12:00,10:12:00,1,0,0,
amtrak,amtrak:297619,297619,amtrak:NCR,NCR,10:23:00,10:24:00,2,0,0,
amtrak,amtrak:297619,297619,amtrak:BWI,BWI,10:38:00,10:40:00,3,0,0,
amtrak,amtrak:297619,297619,amtrak:BAL,BAL,10:54:00,10:56:00,4,0,0,
amtrak,amtrak:297619,297619,amtrak:ABE,ABE,11:19:00,11:20:00,5,0,0,
amtrak,amtrak:297619,297619,amtrak:WIL,WIL,11:47:00,11:49:00,6,0,0,
amtrak,amtrak:297619,297619,amtrak:PHL,PHL,12:15:00,12:18:00,7,0,0,
amtrak,amtrak:297619,297619,amtrak:TRE,TRE,12:46:00,12:48:00,8,0,0,
amtrak,amtrak:297619,297619,amtrak:MET,MET,13:09:00,13:10:00,9,0,0,
amtrak,amtrak:297619,297619,amtrak:EWR,EWR,13:21:00,13:22:00,10,0,0,
amtrak,amtrak:297619,297619,amtrak:NWK,NWK,13:26:00,13:28:00,11,0,0,
amtrak,amtrak:297619,297619,amtrak:NYP,NYP,13:46:00,14:04:00,12,0,0,
amtrak,amtrak:297619,297619,amtrak:NRO,NRO,14:34:00,14:35:00,13,0,0,
amtrak,amtrak:297619,297619,amtrak:STM,STM,14:55:00,14:57:00,14,0,0,
amtrak,amtrak:297619,297619,amtrak:BRP,BRP,15:25:00,15:26:00,15,0,0,
amtrak,amtrak:297619,297619,amtrak:NHV,NHV,15:53:00,15:56:00,16,0,0,
amtrak,amtrak:297619,297619,amtrak:OSB,OSB,16:26:00,16:28:00,17,0,0,
amtrak,amtrak:297619,297619,amtrak:NLC,NLC,16:46:00,16:48:00,18,0,0,
amtrak,amtrak:297619,297619,amtrak:KIN,KIN,17:18:00,17:20:00,19,0,0,
amtrak,amtrak:297619,297619,amtrak:PVD,PVD,17:42:00,17:42:00,20,0,0,
amtrak,amtrak:297619,297619,amtrak:RTE,RTE,18:16:00,18:16:00,21,1,0,
amtrak,amtrak:297619,297619,amtrak:BBY,BBY,18:26:00,18:26:00,22,1,0,
amtrak,amtrak:297619,297619,amtrak:BOS,BOS,18:32:00,18:32:00,23,0,0,
amtrak,amtrak:297620,297620,amtrak:WAS,WAS,10:12:00,10:12:00,1,0,0,
amtrak,amtrak:297620,297620,amtrak:NCR,NCR,10:23:00,10:24:00,2,0,0,
amtrak,amtrak:297620,297620,amtrak:BWI,BWI,10:38:00,10:40:00,3,0,0,
amtrak,amtrak:297620,297620,amtrak:BAL,BAL,10:54:00,10:56:00,4,0,0,
amtrak,amtrak:297620,297620,amtrak:ABE,ABE,11:19:00,11:20:00,5,0,0,
amtrak,amtrak:297620,297620,amtrak:WIL,WIL,11:47:00,11:49:00,6,0,0,
amtrak,amtrak:297620,297620,amtrak:PHL,PHL,12:15:00,12:18:00,7,0,0,
amtrak,amtrak:297620,297620,amtrak:TRE,TRE,12:46:00,12:48:00,8,0,0,
amtrak,amtrak:297620,297620,amtrak:MET,MET,13:09:00,13:10:00,9,0,0,
amtrak,amtrak:297620,297620,amtrak:EWR,EWR,13:21:00,13:22:00,10,0,0,
amtrak,amtrak:297620,297620,amtrak:NWK,NWK,13:26:00,13:28:00,11,0,0,
amtrak,amtrak:297620,297620,amtrak:NYP,NYP,13:46:00,14:04:00,12,0,0,
amtrak,amtrak:297620,297620,amtrak:NRO,NRO,14:34:00,14:35:00,13,0,0,
amtrak,amtrak:297620,297620,amtrak:STM,STM,14:55:00,14:57:00,14,0,0,
amtrak,amtrak:297620,297620,amtrak:BRP,BRP,15:25:00,15:26:00,15,0,0,
amtrak,amtrak:297620,297620,amtrak:NHV,NHV,15:53:00,15:56:00,16,0,0,
amtrak,amtrak:297620,297620,amtrak:OSB,OSB,16:26:00,16:28:00,17,0,0,
amtrak,amtrak:297620,297620,amtrak:NLC,NLC,16:46:00,16:48:00,18,0,0,
amtrak,amtrak:297620,297620,amtrak:KIN,KIN,17:18:00,17:20:00,19,0,0,
amtrak,amtrak:297620,297620,amtrak:PVD,PVD,17:42:00,17:42:00,20,0,0,
amtrak,amtrak:297620,297620,amtrak:RTE,RTE,18:16:00,18:16:00,21,1,0,
amtrak,amtrak:297620,297620,amtrak:BBY,BBY,18:26:00,18:26:00,22,1,0,
amtrak,amtrak:297620,297620,amtrak:BOS,BOS,18:32:00,18:32:00,23,0,0,
amtrak,amtrak:297623,297623,amtrak:WAS,WAS,10:12:00,10:12:00,1,0,0,
amtrak,amtrak:297623,297623,amtrak:NCR,NCR,10:23:00,10:24:00,2,0,0,
amtrak,amtrak:297623,297623,amtrak:BWI,BWI,10:38:00,10:40:00,3,0,0,
amtrak,amtrak:297623,297623,amtrak:BAL,BAL,10:54:00,10:56:00,4,0,0,
amtrak,amtrak:297623,297623,amtrak:ABE,ABE,11:19:00,11:20:00,5,0,0,
amtrak,amtrak:297623,297623,amtrak:WIL,WIL,11:47:00,11:49:00,6,0,0,
amtrak,amtrak:297623,297623,amtrak:PHL,PHL,12:15:00,12:18:00,7,0,0,
amtrak,amtrak:297623,297623,amtrak:TRE,TRE,12:46:00,12:48:00,8,0,0,
amtrak,amtrak:297623,297623,amtrak:MET,MET,13:09:00,13:10:00,9,0,0,
amtrak,amtrak:297623,297623,amtrak:EWR,EWR,13:21:00,13:22:00,10,0,0,
amtrak,amtrak:297623,297623,amtrak:NWK,NWK,13:26:00,13:28:00,11,0,0,
amtrak,amtrak:297623,297623,amtrak:NYP,NYP,13:46:00,14:04:00,12,0,0,
amtrak,amtrak:297623,297623,amtrak:NRO,NRO,14:34:00,14:35:00,13,0,0,
amtrak,amtrak:297623,297623,amtrak:STM,STM,14:55:00,14:57:00,14,0,0,
amtrak,amtrak:297623,297623,amtrak:BRP,BRP,15:25:00,15:26:00,15,0,0,
amtrak,amtrak:297623,297623,amtrak:NHV,NHV,15:53:00,15:56:00,16,0,0,
amtrak,amtrak:297623,297623,amtrak:OSB,OSB,16:26:00,16:28:00,17,0,0,
amtrak,amtrak:297623,297623,amtrak:NLC,NLC,16:46:00,16:48:00,18,0,0,
amtrak,amtrak:297623,297623,amtrak:KIN,KIN,17:18:00,17:20:00,19,0,0,
amtrak,amtrak:297623,297623,amtrak:PVD,PVD,17:42:00,17:42:00,20,0,0,
amtrak,amtrak:297623,297623,amtrak:RTE,RTE,18:16:00,18:16:00,21,1,0,
amtrak,amtrak:297623,297623,amtrak:BBY,BBY,18:26:00,18:26:00,22,1,0,
amtrak,amtrak:297623,297623,amtrak:BOS,BOS,18:32:00,18:32:00,23,0,0,
amtrak,amtrak:297624,297624,amtrak:WAS,WAS,10:20:00,10:20:00,1,0,0,
amtrak,amtrak:297624,297624,amtrak:NCR,NCR,10:31:00,10:32:00,2,0,0,
amtrak,amtrak:297624,297624,amtrak:BWI,BWI,10:46:00,10:48:00,3,0,0,
amtrak,amtrak:297624,297624,amtrak:BAL,BAL,11:02:00,11:04:00,4,0,0,
amtrak,amtrak:297624,297624,amtrak:ABE,ABE,11:25:00,11:26:00,5,0,0,
amtrak,amtrak:297624,297624,amtrak:WIL,WIL,11:53:00,11:55:00,6,0,0,
amtrak,amtrak:297624,297624,amtrak:PHL,PHL,12:17:00,12:20:00,7,0,0,
amtrak,amtrak:297624,297624,amtrak:TRE,TRE,12:49:00,12:51:00,8,0,0,
amtrak,amtrak:297624,297624,amtrak:MET,MET,13:13:00,13:15:00,9,0,0,
amtrak,amtrak:297624,297624,amtrak:EWR,EWR,13:27:00,13:29:00,10,0,0,
amtrak,amtrak:297624,297624,amtrak:NWK,NWK,13:34:00,13:36:00,11,0,0,
amtrak,amtrak:297624,297624,amtrak:NYP,NYP,13:54:00,14:12:00,12,0,0,
amtrak,amtrak:297624,297624,amtrak:NRO,NRO,14:42:00,14:43:00,13,0,0,
amtrak,amtrak:297624,297624,amtrak:STM,STM,15:03:00,15:05:00,14,0,0,
amtrak,amtrak:297624,297624,amtrak:BRP,BRP,15:33:00,15:34:00,15,0,0,
amtrak,amtrak:297624,297624,amtrak:NHV,NHV,16:01:00,16:03:00,16,0,0,
amtrak,amtrak:297624,297624,amtrak:OSB,OSB,16:33:00,16:35:00,17,0,0,
amtrak,amtrak:297624,297624,amtrak:NLC,NLC,16:53:00,16:55:00,18,0,0,
amtrak,amtrak:297624,297624,amtrak:KIN,KIN,17:25:00,17:27:00,19,0,0,
amtrak,amtrak:297624,297624,amtrak:PVD,PVD,17:46:00,17:46:00,20,0,0,
amtrak,amtrak:297624,297624,amtrak:RTE,RTE,18:23:00,18:25:00,21,1,0,
amtrak,amtrak:297624,297624,amtrak:BBY,BBY,18:36:00,18:37:00,22,1,0,
amtrak,amtrak:297624,297624,amtrak:BOS,BOS,18:42:00,18:42:00,23,0,0,
amtrak,amtrak:297625,297625,amtrak:WAS,WAS,10:20:00,10:20:00,1,0,0,
amtrak,amtrak:297625,297625,amtrak:NCR,NCR,10:31:00,10:32:00,2,0,0,
amtrak,amtrak:297625,297625,amtrak:BWI,BWI,10:46:00,10:48:00,3,0,0,
amtrak,amtrak:297625,297625,amtrak:BAL,BAL,11:02:00,11:04:00,4,0,0,
amtrak,amtrak:297625,297625,amtrak:ABE,ABE,11:25:00,11:26:00,5,0,0,
amtrak,amtrak:297625,297625,amtrak:WIL,WIL,11:53:00,11:55:00,6,0,0,
amtrak,amtrak:297625,297625,amtrak:PHL,PHL,12:15:00,12:18:00,7,0,0,
amtrak,amtrak:297625,297625,amtrak:TRE,TRE,12:46:00,12:48:00,8,0,0,
amtrak,amtrak:297625,297625,amtrak:MET,MET,13:09:00,13:10:00,9,0,0,
amtrak,amtrak:297625,297625,amtrak:EWR,EWR,13:21:00,13:22:00,10,0,0,
amtrak,amtrak:297625,297625,amtrak:NWK,NWK,13:26:00,13:28:00,11,0,0,
amtrak,amtrak:297625,297625,amtrak:NYP,NYP,13:46:00,14:04:00,12,0,0,
amtrak,amtrak:297625,297625,amtrak:NRO,NRO,14:34:00,14:35:00,13,0,0,
amtrak,amtrak:297625,297625,amtrak:STM,STM,14:55:00,14:57:00,14,0,0,
amtrak,amtrak:297625,297625,amtrak:BRP,BRP,15:25:00,15:26:00,15,0,0,
amtrak,amtrak:297625,297625,amtrak:NHV,NHV,15:53:00,15:56:00,16,0,0,
amtrak,amtrak:297625,297625,amtrak:OSB,OSB,16:26:00,16:28:00,17,0,0,
amtrak,amtrak:297625,297625,amtrak:NLC,NLC,16:46:00,16:48:00,18,0,0,
amtrak,amtrak:297625,297625,amtrak:KIN,KIN,17:18:00,17:20:00,19,0,0,
amtrak,amtrak:297625,297625,amtrak:PVD,PVD,17:42:00,17:42:00,20,0,0,
amtrak,amtrak:297625,297625,amtrak:RTE,RTE,18:16:00,18:16:00,21,1,0,
amtrak,amtrak:297625,297625,amtrak:BBY,BBY,18:26:00,18:26:00,22,1,0,
amtrak,amtrak:297625,297625,amtrak:BOS,BOS,18:32:00,18:32:00,23,0,0,
amtrak,amtrak:297627,297627,amtrak:WAS,WAS,10:20:00,10:20:00,1,0,0,
amtrak,amtrak:297627,297627,amtrak:NCR,NCR,10:31:00,10:32:00,2,0,0,
amtrak,amtrak:297627,297627,amtrak:BWI,BWI,10:46:00,10:48:00,3,0,0,
amtrak,amtrak:297627,297627,amtrak:BAL,BAL,11:02:00,11:04:00,4,0,0,
amtrak,amtrak:297627,297627,amtrak:ABE,ABE,11:25:00,11:26:00,5,0,0,
amtrak,amtrak:297627,297627,amtrak:WIL,WIL,11:53:00,11:55:00,6,0,0,
amtrak,amtrak:297627,297627,amtrak:PHL,PHL,12:15:00,12:18:00,7,0,0,
amtrak,amtrak:297627,297627,amtrak:TRE,TRE,12:46:00,12:48:00,8,0,0,
amtrak,amtrak:297627,297627,amtrak:MET,MET,13:09:00,13:10:00,9,0,0,
amtrak,amtrak:297627,297627,amtrak:EWR,EWR,13:21:00,13:22:00,10,0,0,
amtrak,amtrak:297627,297627,amtrak:NWK,NWK,13:26:00,13:28:00,11,0,0,
amtrak,amtrak:297627,297627,amtrak:NYP,NYP,13:46:00,14:04:00,12,0,0,
amtrak,amtrak:297627,297627,amtrak:NRO,NRO,14:34:00,14:35:00,13,0,0,
amtrak,amtrak:297627,297627,amtrak:STM,STM,14:55:00,14:57:00,14,0,0,
amtrak,amtrak:297627,297627,amtrak:BRP,BRP,15:25:00,15:26:00,15,0,0,
amtrak,amtrak:297627,297627,amtrak:NHV,NHV,15:53:00,15:56:00,16,0,0,
amtrak,amtrak:297627,297627,amtrak:OSB,OSB,16:26:00,16:28:00,17,0,0,
amtrak,amtrak:297627,297627,amtrak:NLC,NLC,16:46:00,16:48:00,18,0,0,
amtrak,amtrak:297627,297627,amtrak:KIN,KIN,17:18:00,17:20:00,19,0,0,
amtrak,amtrak:297627,297627,amtrak:PVD,PVD,17:42:00,17:42:00,20,0,0,
amtrak,amtrak:297627,297627,amtrak:RTE,RTE,18:16:00,18:16:00,21,1,0,
amtrak,amtrak:297627,297627,amtrak:BBY,BBY,18:26:00,18:26:00,22,1,0,
amtrak,amtrak:297627,297627,amtrak:BOS,BOS,18:32:00,18:32:00,23,0,0,
amtrak,amtrak:297628,297628,amtrak:WAS,WAS,10:20:00,10:20:00,1,0,0,
amtrak,amtrak:297628,297628,amtrak:NCR,NCR,10:31:00,10:32:00,2,0,0,
amtrak,amtrak:297628,297628,amtrak:BWI,BWI,10:46:00,10:48:00,3,0,0,
amtrak,amtrak:297628,297628,amtrak:BAL,BAL,11:02:00,11:04:00,4,0,0,
amtrak,amtrak:297628,297628,amtrak:ABE,ABE,11:25:00,11:26:00,5,0,0,
amtrak,amtrak:297628,297628,amtrak:WIL,WIL,11:53:00,11:55:00,6,0,0,
amtrak,amtrak:297628,297628,amtrak:PHL,PHL,12:15:00,12:18:00,7,0,0,
amtrak,amtrak:297628,297628,amtrak:TRE,TRE,12:46:00,12:48:00,8,0,0,
amtrak,amtrak:297628,297628,amtrak:MET,MET,13:09:00,13:10:00,9,0,0,
amtrak,amtrak:297628,297628,amtrak:EWR,EWR,13:21:00,13:22:00,10,0,0,
amtrak,amtrak:297628,297628,amtrak:NWK,NWK,13:26:00,13:28:00,11,0,0,
amtrak,amtrak:297628,297628,amtrak:NYP,NYP,13:46:00,14:04:00,12,0,0,
amtrak,amtrak:297628,297628,amtrak:NRO,NRO,14:34:00,14:35:00,13,0,0,
amtrak,amtrak:297628,297628,amtrak:STM,STM,14:55:00,14:57:00,14,0,0,
amtrak,amtrak:297628,297628,amtrak:BRP,BRP,15:25:00,15:26:00,15,0,0,
amtrak,amtrak:297628,297628,amtrak:NHV,NHV,15:53:00,15:56:00,16,0,0,
amtrak,amtrak:297628,297628,amtrak:OSB,OSB,16:26:00,16:28:00,17,0,0,
amtrak,amtrak:297628,297628,amtrak:NLC,NLC,16:46:00,16:48:00,18,0,0,
amtrak,amtrak:297628,297628,amtrak:KIN,KIN,17:18:00,17:20:00,19,0,0,
amtrak,amtrak:297628,297628,amtrak:PVD,PVD,17:42:00,17:42:00,20,0,0,
amtrak,amtrak:297628,297628,amtrak:RTE,RTE,18:16:00,18:16:00,21,1,0,
amtrak,amtrak:297628,297628,amtrak:BBY,BBY,18:26:00,18:26:00,22,1,0,
amtrak,amtrak:297628,297628,amtrak:BOS,BOS,18:32:00,18:32:00,23,0,0,
amtrak,amtrak:297661,297661,amtrak:WAS,WAS,6:40:00,6:40:00,1,0,0,
amtrak,amtrak:297661,297661,amtrak:BAL,BAL,7:10:00,7:12:00,2,0,0,
amtrak,amtrak:297661,297661,amtrak:WIL,WIL,7:56:00,7:57:00,3,0,0,
amtrak,amtrak:297661,297661,amtrak:PHL,PHL,8:21:00,8:23:00,4,0,0,
amtrak,amtrak:297661,297661,amtrak:NWK,NWK,9:18:00,9:20:00,5,0,0,
amtrak,amtrak:297661,297661,amtrak:NYP,NYP,9:37:00,9:51:00,6,0,0,
amtrak,amtrak:297661,297661,amtrak:STM,STM,10:34:00,10:36:00,7,0,0,
amtrak,amtrak:297661,297661,amtrak:NHV,NHV,11:32:00,11:35:00,8,0,0,
amtrak,amtrak:297661,297661,amtrak:PVD,PVD,13:00:00,13:00:00,9,0,0,
amtrak,amtrak:297661,297661,amtrak:RTE,RTE,13:27:00,13:28:00,10,1,0,
amtrak,amtrak:297661,297661,amtrak:BBY,BBY,13:37:00,13:38:00,11,1,0,
amtrak,amtrak:297661,297661,amtrak:BOS,BOS,13:46:00,13:46:00,12,0,0,
amtrak,amtrak:297664,297664,amtrak:WAS,WAS,6:40:00,6:40:00,1,0,0,
amtrak,amtrak:297664,297664,amtrak:BAL,BAL,7:10:00,7:12:00,2,0,0,
amtrak,amtrak:297664,297664,amtrak:WIL,WIL,7:56:00,7:57:00,3,0,0,
amtrak,amtrak:297664,297664,amtrak:PHL,PHL,8:21:00,8:23:00,4,0,0,
amtrak,amtrak:297664,297664,amtrak:NWK,NWK,9:18:00,9:20:00,5,0,0,
amtrak,amtrak:297664,297664,amtrak:NYP,NYP,9:37:00,9:51:00,6,0,0,
amtrak,amtrak:297664,297664,amtrak:STM,STM,10:34:00,10:36:00,7,0,0,
amtrak,amtrak:297664,297664,amtrak:NHV,NHV,11:32:00,11:35:00,8,0,0,
amtrak,amtrak:297664,297664,amtrak:PVD,PVD,13:00:00,13:00:00,9,0,0,
amtrak,amtrak:297664,297664,amtrak:RTE,RTE,13:27:00,13:28:00,10,1,0,
amtrak,amtrak:297664,297664,amtrak:BBY,BBY,13:37:00,13:38:00,11,1,0,
amtrak,amtrak:297664,297664,amtrak:BOS,BOS,13:46:00,13:46:00,12,0,0,
amtrak,amtrak:297665,297665,amtrak:WAS,WAS,10:55:00,10:55:00,1,0,0,
amtrak,amtrak:297665,297665,amtrak:BWI,BWI,11:15:00,11:16:00,2,0,0,
amtrak,amtrak:297665,297665,amtrak:BAL,BAL,11:27:00,11:29:00,3,0,0,
amtrak,amtrak:297665,297665,amtrak:WIL,WIL,12:12:00,12:13:00,4,0,0,
amtrak,amtrak:297665,297665,amtrak:PHL,PHL,12:34:00,12:37:00,5,0,0,
amtrak,amtrak:297665,297665,amtrak:NWK,NWK,13:33:00,13:34:00,6,0,0,
amtrak,amtrak:297665,297665,amtrak:NYP,NYP,13:51:00,14:01:00,7,0,0,
amtrak,amtrak:297665,297665,amtrak:STM,STM,14:46:00,14:47:00,8,0,0,
amtrak,amtrak:297665,297665,amtrak:NHV,NHV,15:41:00,15:43:00,9,0,0,
amtrak,amtrak:297665,297665,amtrak:PVD,PVD,17:16:00,17:16:00,10,0,0,
amtrak,amtrak:297665,297665,amtrak:RTE,RTE,17:45:00,17:47:00,11,1,0,
amtrak,amtrak:297665,297665,amtrak:BBY,BBY,17:57:00,17:59:00,12,1,0,
amtrak,amtrak:297665,297665,amtrak:BOS,BOS,18:03:00,18:03:00,13,0,0,
amtrak,amtrak:297666,297666,amtrak:WAS,WAS,6:40:00,6:40:00,1,0,0,
amtrak,amtrak:297666,297666,amtrak:BAL,BAL,7:10:00,7:12:00,2,0,0,
amtrak,amtrak:297666,297666,amtrak:WIL,WIL,7:56:00,7:57:00,3,0,0,
amtrak,amtrak:297666,297666,amtrak:PHL,PHL,8:17:00,8:19:00,4,0,0,
amtrak,amtrak:297666,297666,amtrak:NWK,NWK,9:18:00,9:20:00,5,0,0,
amtrak,amtrak:297666,297666,amtrak:NYP,NYP,9:37:00,9:51:00,6,0,0,
amtrak,amtrak:297666,297666,amtrak:STM,STM,10:34:00,10:36:00,7,0,0,
amtrak,amtrak:297666,297666,amtrak:NHV,NHV,11:32:00,11:35:00,8,0,0,
amtrak,amtrak:297666,297666,amtrak:PVD,PVD,13:00:00,13:00:00,9,0,0,
amtrak,amtrak:297666,297666,amtrak:RTE,RTE,13:27:00,13:28:00,10,1,0,
amtrak,amtrak:297666,297666,amtrak:BBY,BBY,13:37:00,13:38:00,11,1,0,
amtrak,amtrak:297666,297666,amtrak:BOS,BOS,13:46:00,13:46:00,12,0,0,
amtrak,amtrak:297667,297667,amtrak:WAS,WAS,6:40:00,6:40:00,1,0,0,
amtrak,amtrak:297667,297667,amtrak:BAL,BAL,7:10:00,7:12:00,2,0,0,
amtrak,amtrak:297667,297667,amtrak:WIL,WIL,7:56:00,7:57:00,3,0,0,
amtrak,amtrak:297667,297667,amtrak:PHL,PHL,8:17:00,8:19:00,4,0,0,
amtrak,amtrak:297667,297667,amtrak:NWK,NWK,9:18:00,9:20:00,5,0,0,
amtrak,amtrak:297667,297667,amtrak:NYP,NYP,9:37:00,9:51:00,6,0,0,
amtrak,amtrak:297667,297667,amtrak:STM,STM,10:34:00,10:36:00,7,0,0,
amtrak,amtrak:297667,297667,amtrak:NHV,NHV,11:32:00,11:35:00,8,0,0,
amtrak,amtrak:297667,297667,amtrak:PVD,PVD,13:00:00,13:00:00,9,0,0,
amtrak,amtrak:297667,297667,amtrak:RTE,RTE,13:27:00,13:28:00,10,1,0,
amtrak,amtrak:297667,297667,amtrak:BBY,BBY,13:37:00,13:38:00,11,1,0,
amtrak,amtrak:297667,297667,amtrak:BOS,BOS,13:46:00,13:46:00,12,0,0,
amtrak,amtrak:297668,297668,amtrak:WAS,WAS,6:40:00,6:40:00,1,0,0,
amtrak,amtrak:297668,297668,amtrak:BAL,BAL,7:10:00,7:12:00,2,0,0,
amtrak,amtrak:297668,297668,amtrak:WIL,WIL,7:56:00,7:57:00,3,0,0,
amtrak,amtrak:297668,297668,amtrak:PHL,PHL,8:17:00,8:19:00,4,0,0,
amtrak,amtrak:297668,297668,amtrak:NWK,NWK,9:18:00,9:20:00,5,0,0,
amtrak,amtrak:297668,297668,amtrak:NYP,NYP,9:37:00,9:51:00,6,0,0,
amtrak,amtrak:297668,297668,amtrak:STM,STM,10:34:00,10:36:00,7,0,0,
amtrak,amtrak:297668,297668,amtrak:NHV,NHV,11:32:00,11:35:00,8,0,0,
amtrak,amtrak:297668,297668,amtrak:PVD,PVD,13:00:00,13:00:00,9,0,0,
amtrak,amtrak:297668,297668,amtrak:RTE,RTE,13:27:00,13:28:00,10,1,0,
amtrak,amtrak:297668,297668,amtrak:BBY,BBY,13:37:00,13:38:00,11,1,0,
amtrak,amtrak:297668,297668,amtrak:BOS,BOS,13:46:00,13:46:00,12,0,0,
amtrak,amtrak:297669,297669,amtrak:WAS,WAS,6:40:00,6:40:00,1,0,0,
amtrak,amtrak:297669,297669,amtrak:BAL,BAL,7:10:00,7:12:00,2,0,0,
amtrak,amtrak:297669,297669,amtrak:WIL,WIL,7:56:00,7:57:00,3,0,0,
amtrak,amtrak:297669,297669,amtrak:PHL,PHL,8:17:00,8:19:00,4,0,0,
amtrak,amtrak:297669,297669,amtrak:NWK,NWK,9:18:00,9:20:00,5,0,0,
amtrak,amtrak:297669,297669,amtrak:NYP,NYP,9:37:00,9:51:00,6,0,0,
amtrak,amtrak:297669,297669,amtrak:STM,STM,10:34:00,10:36:00,7,0,0,
amtrak,amtrak:297669,297669,amtrak:NHV,NHV,11:32:00,11:35:00,8,0,0,
amtrak,amtrak:297669,297669,amtrak:PVD,PVD,13:00:00,13:00:00,9,0,0,
amtrak,amtrak:297669,297669,amtrak:RTE,RTE,13:27:00,13:28:00,10,1,0,
amtrak,amtrak:297669,297669,amtrak:BBY,BBY,13:37:00,13:38:00,11,1,0,
amtrak,amtrak:297669,297669,amtrak:BOS,BOS,13:46:00,13:46:00,12,0,0,
amtrak,amtrak:297672,297672,amtrak:WAS,WAS,7:46:00,7:46:00,1,0,0,
amtrak,amtrak:297672,297672,amtrak:BWI,BWI,8:08:00,8:09:00,2,0,0,
amtrak,amtrak:297672,297672,amtrak:BAL,BAL,8:20:00,8:22:00,3,0,0,
amtrak,amtrak:297672,297672,amtrak:WIL,WIL,9:07:00,9:08:00,4,0,0,
amtrak,amtrak:297672,297672,amtrak:PHL,PHL,9:33:00,9:36:00,5,0,0,
amtrak,amtrak:297672,297672,amtrak:NWK,NWK,10:39:00,10:41:00,6,0,0,
amtrak,amtrak:297672,297672,amtrak:NYP,NYP,11:01:00,11:11:00,7,0,0,
amtrak,amtrak:297672,297672,amtrak:STM,STM,11:54:00,11:56:00,8,0,0,
amtrak,amtrak:297672,297672,amtrak:NHV,NHV,12:55:00,12:58:00,9,0,0,
amtrak,amtrak:297672,297672,amtrak:PVD,PVD,14:29:00,14:29:00,10,0,0,
amtrak,amtrak:297672,297672,amtrak:RTE,RTE,14:57:00,14:58:00,11,1,0,
amtrak,amtrak:297672,297672,amtrak:BBY,BBY,15:07:00,15:08:00,12,1,0,
amtrak,amtrak:297672,297672,amtrak:BOS,BOS,15:15:00,15:15:00,13,0,0,
amtrak,amtrak:297674,297674,amtrak:WAS,WAS,7:46:00,7:46:00,1,0,0,
amtrak,amtrak:297674,297674,amtrak:BWI,BWI,8:08:00,8:09:00,2,0,0,
amtrak,amtrak:297674,297674,amtrak:BAL,BAL,8:20:00,8:22:00,3,0,0,
amtrak,amtrak:297674,297674,amtrak:WIL,WIL,9:07:00,9:08:00,4,0,0,
amtrak,amtrak:297674,297674,amtrak:PHL,PHL,9:33:00,9:36:00,5,0,0,
amtrak,amtrak:297674,297674,amtrak:NWK,NWK,10:39:00,10:41:00,6,0,0,
amtrak,amtrak:297674,297674,amtrak:NYP,NYP,11:01:00,11:11:00,7,0,0,
amtrak,amtrak:297674,297674,amtrak:STM,STM,11:54:00,11:56:00,8,0,0,
amtrak,amtrak:297674,297674,amtrak:NHV,NHV,12:55:00,12:58:00,9,0,0,
amtrak,amtrak:297674,297674,amtrak:PVD,PVD,14:29:00,14:29:00,10,0,0,
amtrak,amtrak:297674,297674,amtrak:RTE,RTE,14:57:00,14:58:00,11,1,0,
amtrak,amtrak:297674,297674,amtrak:BBY,BBY,15:07:00,15:08:00,12,1,0,
amtrak,amtrak:297674,297674,amtrak:BOS,BOS,15:15:00,15:15:00,13,0,0,
amtrak,amtrak:297675,297675,amtrak:WAS,WAS,7:46:00,7:46:00,1,0,0,
amtrak,amtrak:297675,297675,amtrak:BWI,BWI,8:08:00,8:09:00,2,0,0,
amtrak,amtrak:297675,297675,amtrak:BAL,BAL,8:20:00,8:22:00,3,0,0,
amtrak,amtrak:297675,297675,amtrak:WIL,WIL,9:07:00,9:08:00,4,0,0,
amtrak,amtrak:297675,297675,amtrak:PHL,PHL,9:33:00,9:36:00,5,0,0,
amtrak,amtrak:297675,297675,amtrak:NWK,NWK,10:39:00,10:41:00,6,0,0,
amtrak,amtrak:297675,297675,amtrak:NYP,NYP,11:01:00,11:11:00,7,0,0,
amtrak,amtrak:297675,297675,amtrak:STM,STM,11:54:00,11:56:00,8,0,0,
amtrak,amtrak:297675,297675,amtrak:NHV,NHV,12:55:00,12:58:00,9,0,0,
amtrak,amtrak:297675,297675,amtrak:PVD,PVD,14:29:00,14:29:00,10,0,0,
amtrak,amtrak:297675,297675,amtrak:RTE,RTE,14:57:00,14:58:00,11,1,0,
amtrak,amtrak:297675,297675,amtrak:BBY,BBY,15:07:00,15:08:00,12,1,0,
amtrak,amtrak:297675,297675,amtrak:BOS,BOS,15:15:00,15:15:00,13,0,0,
amtrak,amtrak:297678,297678,amtrak:WAS,WAS,7:46:00,7:46:00,1,0,0,
amtrak,amtrak:297678,297678,amtrak:BWI,BWI,8:08:00,8:09:00,2,0,0,
amtrak,amtrak:297678,297678,amtrak:BAL,BAL,8:20:00,8:22:00,3,0,0,
amtrak,amtrak:297678,297678,amtrak:WIL,WIL,9:07:00,9:08:00,4,0,0,
amtrak,amtrak:297678,297678,amtrak:PHL,PHL,9:33:00,9:36:00,5,0,0,
amtrak,amtrak:297678,297678,amtrak:NWK,NWK,10:39:00,10:41:00,6,0,0,
amtrak,amtrak:297678,297678,amtrak:NYP,NYP,11:01:00,11:11:00,7,0,0,
amtrak,amtrak:297678,297678,amtrak:STM,STM,11:54:00,11:56:00,8,0,0,
amtrak,amtrak:297678,297678,amtrak:NHV,NHV,12:55:00,12:58:00,9,0,0,
amtrak,amtrak:297678,297678,amtrak:PVD,PVD,14:29:00,14:29:00,10,0,0,
amtrak,amtrak:297678,297678,amtrak:RTE,RTE,14:57:00,14:58:00,11,1,0,
amtrak,amtrak:297678,297678,amtrak:BBY,BBY,15:07:00,15:08:00,12,1,0,
amtrak,amtrak:297678,297678,amtrak:BOS,BOS,15:15:00,15:15:00,13,0,0,
amtrak,amtrak:297679,297679,amtrak:WAS,WAS,7:46:00,7:46:00,1,0,0,
amtrak,amtrak:297679,297679,amtrak:BWI,BWI,8:08:00,8:09:00,2,0,0,
amtrak,amtrak:297679,297679,amtrak:BAL,BAL,8:20:00,8:22:00,3,0,0,
amtrak,amtrak:297679,297679,amtrak:WIL,WIL,9:07:00,9:08:00,4,0,0,
amtrak,amtrak:297679,297679,amtrak:PHL,PHL,9:33:00,9:36:00,5,0,0,
amtrak,amtrak:297679,297679,amtrak:NWK,NWK,10:39:00,10:41:00,6,0,0,
amtrak,amtrak:297679,297679,amtrak:NYP,NYP,11:01:00,11:11:00,7,0,0,
amtrak,amtrak:297679,297679,amtrak:STM,STM,11:54:00,11:56:00,8,0,0,
amtrak,amtrak:297679,297679,amtrak:NHV,NHV,12:55:00,12:58:00,9,0,0,
amtrak,amtrak:297679,297679,amtrak:PVD,PVD,14:29:00,14:29:00,10,0,0,
amtrak,amtrak:297679,297679,amtrak:RTE,RTE,14:57:00,14:58:00,11,1,0,
amtrak,amtrak:297679,297679,amtrak:BBY,BBY,15:07:00,15:08:00,12,1,0,
amtrak,amtrak:297679,297679,amtrak:BOS,BOS,15:15:00,15:15:00,13,0,0,
amtrak,amtrak:297684,297684,amtrak:WAS,WAS,7:48:00,7:48:00,1,0,0,
amtrak,amtrak:297684,297684,amtrak:BWI,BWI,8:10:00,8:11:00,2,0,0,
amtrak,amtrak:297684,297684,amtrak:BAL,BAL,8:22:00,8:24:00,3,0,0,
amtrak,amtrak:297684,297684,amtrak:WIL,WIL,9:11:00,9:12:00,4,0,0,
amtrak,amtrak:297684,297684,amtrak:PHL,PHL,9:33:00,9:36:00,5,0,0,
amtrak,amtrak:297684,297684,amtrak:NWK,NWK,10:39:00,10:41:00,6,0,0,
amtrak,amtrak:297684,297684,amtrak:NYP,NYP,11:01:00,11:11:00,7,0,0,
amtrak,amtrak:297684,297684,amtrak:STM,STM,11:54:00,11:56:00,8,0,0,
amtrak,amtrak:297684,297684,amtrak:NHV,NHV,12:55:00,12:58:00,9,0,0,
amtrak,amtrak:297684,297684,amtrak:PVD,PVD,14:29:00,14:29:00,10,0,0,
amtrak,amtrak:297684,297684,amtrak:RTE,RTE,14:57:00,14:58:00,11,1,0,
amtrak,amtrak:297684,297684,amtrak:BBY,BBY,15:07:00,15:08:00,12,1,0,
amtrak,amtrak:297684,297684,amtrak:BOS,BOS,15:15:00,15:15:00,13,0,0,
amtrak,amtrak:297685,297685,amtrak:WAS,WAS,7:48:00,7:48:00,1,0,0,
amtrak,amtrak:297685,297685,amtrak:BWI,BWI,8:10:00,8:11:00,2,0,0,
amtrak,amtrak:297685,297685,amtrak:BAL,BAL,8:22:00,8:24:00,3,0,0,
amtrak,amtrak:297685,297685,amtrak:WIL,WIL,9:11:00,9:12:00,4,0,0,
amtrak,amtrak:297685,297685,amtrak:PHL,PHL,9:33:00,9:36:00,5,0,0,
amtrak,amtrak:297685,297685,amtrak:NWK,NWK,10:39:00,10:41:00,6,0,0,
amtrak,amtrak:297685,297685,amtrak:NYP,NYP,11:01:00,11:11:00,7,0,0,
amtrak,amtrak:297685,297685,amtrak:STM,STM,11:54:00,11:56:00,8,0,0,
amtrak,amtrak:297685,297685,amtrak:NHV,NHV,12:55:00,12:58:00,9,0,0,
amtrak,amtrak:297685,297685,amtrak:PVD,PVD,14:29:00,14:29:00,10,0,0,
amtrak,amtrak:297685,297685,amtrak:RTE,RTE,14:57:00,14:58:00,11,1,0,
amtrak,amtrak:297685,297685,amtrak:BBY,BBY,15:07:00,15:08:00,12,1,0,
amtrak,amtrak:297685,297685,amtrak:BOS,BOS,15:15:00,15:15:00,13,0,0,
amtrak,amtrak:297686,297686,amtrak:WAS,WAS,7:48:00,7:48:00,1,0,0,
amtrak,amtrak:297686,297686,amtrak:BWI,BWI,8:10:00,8:11:00,2,0,0,
amtrak,amtrak:297686,297686,amtrak:BAL,BAL,8:22:00,8:24:00,3,0,0,
amtrak,amtrak:297686,297686,amtrak:WIL,WIL,9:11:00,9:12:00,4,0,0,
amtrak,amtrak:297686,297686,amtrak:PHL,PHL,9:33:00,9:36:00,5,0,0,
amtrak,amtrak:297686,297686,amtrak:NWK,NWK,10:39:00,10:41:00,6,0,0,
amtrak,amtrak:297686,297686,amtrak:NYP,NYP,11:01:00,11:11:00,7,0,0,
amtrak,amtrak:297686,297686,amtrak:STM,STM,11:54:00,11:56:00,8,0,0,
amtrak,amtrak:297686,297686,amtrak:NHV,NHV,12:55:00,12:58:00,9,0,0,
amtrak,amtrak:297686,297686,amtrak:PVD,PVD,14:29:00,14:29:00,10,0,0,
amtrak,amtrak:297686,297686,amtrak:RTE,RTE,14:57:00,14:58:00,11,1,0,
amtrak,amtrak:297686,297686,amtrak:BBY,BBY,15:07:00,15:08:00,12,1,0,
amtrak,amtrak:297686,297686,amtrak:BOS,BOS,15:15:00,15:15:00,13,0,0,
amtrak,amtrak:297687,297687,amtrak:WAS,WAS,7:48:00,7:48:00,1,0,0,
amtrak,amtrak:297687,297687,amtrak:BWI,BWI,8:10:00,8:11:00,2,0,0,
amtrak,amtrak:297687,297687,amtrak:BAL,BAL,8:22:00,8:24:00,3,0,0,
amtrak,amtrak:297687,297687,amtrak:WIL,WIL,9:11:00,9:12:00,4,0,0,
amtrak,amtrak:297687,297687,amtrak:PHL,PHL,9:33:00,9:36:00,5,0,0,
amtrak,amtrak:297687,297687,amtrak:NWK,NWK,10:39:00,10:41:00,6,0,0,
amtrak,amtrak:297687,297687,amtrak:NYP,NYP,11:01:00,11:11:00,7,0,0,
amtrak,amtrak:297687,297687,amtrak:STM,STM,11:54:00,11:56:00,8,0,0,
amtrak,amtrak:297687,297687,amtrak:NHV,NHV,12:55:00,12:58:00,9,0,0,
amtrak,amtrak:297687,297687,amtrak:PVD,PVD,14:29:00,14:29:00,10,0,0,
amtrak,amtrak:297687,297687,amtrak:RTE,RTE,14:57:00,14:58:00,11,1,0,
amtrak,amtrak:297687,297687,amtrak:BBY,BBY,15:07:00,15:08:00,12,1,0,
amtrak,amtrak:297687,297687,amtrak:BOS,BOS,15:15:00,15:15:00,13,0,0,
amtrak,amtrak:297688,297688,amtrak:WAS,WAS,7:48:00,7:48:00,1,0,0,
amtrak,amtrak:297688,297688,amtrak:BWI,BWI,8:10:00,8:11:00,2,0,0,
amtrak,amtrak:297688,297688,amtrak:BAL,BAL,8:22:00,8:24:00,3,0,0,
amtrak,amtrak:297688,297688,amtrak:WIL,WIL,9:11:00,9:12:00,4,0,0,
amtrak,amtrak:297688,297688,amtrak:PHL,PHL,9:33:00,9:36:00,5,0,0,
amtrak,amtrak:297688,297688,amtrak:NWK,NWK,10:39:00,10:41:00,6,0,0,
amtrak,amtrak:297688,297688,amtrak:NYP,NYP,11:01:00,11:11:00,7,0,0,
amtrak,amtrak:297688,297688,amtrak:STM,STM,11:54:00,11:56:00,8,0,0,
amtrak,amtrak:297688,297688,amtrak:NHV,NHV,12:55:00,12:58:00,9,0,0,
amtrak,amtrak:297688,297688,amtrak:PVD,PVD,14:29:00,14:29:00,10,0,0,
amtrak,amtrak:297688,297688,amtrak:RTE,RTE,14:57:00,14:58:00,11,1,0,
amtrak,amtrak:297688,297688,amtrak:BBY,BBY,15:07:00,15:08:00,12,1,0,
amtrak,amtrak:297688,297688,amtrak:BOS,BOS,15:15:00,15:15:00,13,0,0,
amtrak,amtrak:297695,297695,amtrak:WAS,WAS,12:15:00,12:15:00,1,0,0,
amtrak,amtrak:297695,297695,amtrak:BWI,BWI,12:41:00,12:42:00,2,0,0,
amtrak,amtrak:297695,297695,amtrak:BAL,BAL,12:56:00,12:58:00,3,0,0,
amtrak,amtrak:297695,297695,amtrak:WIL,WIL,13:46:00,13:48:00,4,0,0,
amtrak,amtrak:297695,297695,amtrak:PHL,PHL,14:15:00,14:18:00,5,0,0,
amtrak,amtrak:297695,297695,amtrak:TRE,TRE,14:46:00,14:48:00,6,0,0,
amtrak,amtrak:297695,297695,amtrak:MET,MET,15:09:00,15:10:00,7,0,0,
amtrak,amtrak:297695,297695,amtrak:EWR,EWR,15:21:00,15:22:00,8,0,0,
amtrak,amtrak:297695,297695,amtrak:NWK,NWK,15:26:00,15:28:00,9,0,0,
amtrak,amtrak:297695,297695,amtrak:NYP,NYP,15:51:00,16:30:00,10,0,0,
amtrak,amtrak:297695,297695,amtrak:NRO,NRO,16:57:00,16:57:00,11,0,0,
amtrak,amtrak:297695,297695,amtrak:STM,STM,17:16:00,17:18:00,12,0,0,
amtrak,amtrak:297695,297695,amtrak:BRP,BRP,17:45:00,17:46:00,13,0,0,
amtrak,amtrak:297695,297695,amtrak:NHV,NHV,18:11:00,18:40:00,14,0,0,
amtrak,amtrak:297695,297695,amtrak:STS,STS,18:42:00,18:42:00,15,0,0,
amtrak,amtrak:297695,297695,amtrak:WFD,WFD,18:54:00,18:54:00,16,0,0,
amtrak,amtrak:297695,297695,amtrak:MDN,MDN,19:02:00,19:02:00,17,0,0,
amtrak,amtrak:297695,297695,amtrak:BER,BER,19:11:00,19:11:00,18,0,0,
amtrak,amtrak:297695,297695,amtrak:HFD,HFD,19:23:00,19:26:00,19,0,0,
amtrak,amtrak:297695,297695,amtrak:WND,WND,19:34:00,19:34:00,20,0,0,
amtrak,amtrak:297695,297695,amtrak:WNL,WNL,19:40:00,19:40:00,21,0,0,
amtrak,amtrak:297695,297695,amtrak:SPG,SPG,20:08:00,20:08:00,22,0,0,
amtrak,amtrak:297696,297696,amtrak:WAS,WAS,12:15:00,12:15:00,1,0,0,
amtrak,amtrak:297696,297696,amtrak:BWI,BWI,12:41:00,12:42:00,2,0,0,
amtrak,amtrak:297696,297696,amtrak:BAL,BAL,12:56:00,12:58:00,3,0,0,
amtrak,amtrak:297696,297696,amtrak:WIL,WIL,13:46:00,13:48:00,4,0,0,
amtrak,amtrak:297696,297696,amtrak:PHL,PHL,14:15:00,14:18:00,5,0,0,
amtrak,amtrak:297696,297696,amtrak:TRE,TRE,14:46:00,14:48:00,6,0,0,
amtrak,amtrak:297696,297696,amtrak:MET,MET,15:09:00,15:10:00,7,0,0,
amtrak,amtrak:297696,297696,amtrak:EWR,EWR,15:21:00,15:22:00,8,0,0,
amtrak,amtrak:297696,297696,amtrak:NWK,NWK,15:26:00,15:28:00,9,0,0,
amtrak,amtrak:297696,297696,amtrak:NYP,NYP,15:51:00,16:30:00,10,0,0,
amtrak,amtrak:297696,297696,amtrak:NRO,NRO,16:57:00,16:57:00,11,0,0,
amtrak,amtrak:297696,297696,amtrak:STM,STM,17:16:00,17:18:00,12,0,0,
amtrak,amtrak:297696,297696,amtrak:BRP,BRP,17:45:00,17:46:00,13,0,0,
amtrak,amtrak:297696,297696,amtrak:NHV,NHV,18:11:00,18:40:00,14,0,0,
amtrak,amtrak:297696,297696,amtrak:STS,STS,18:42:00,18:42:00,15,0,0,
amtrak,amtrak:297696,297696,amtrak:WFD,WFD,18:54:00,18:54:00,16,0,0,
amtrak,amtrak:297696,297696,amtrak:MDN,MDN,19:02:00,19:02:00,17,0,0,
amtrak,amtrak:297696,297696,amtrak:BER,BER,19:11:00,19:11:00,18,0,0,
amtrak,amtrak:297696,297696,amtrak:HFD,HFD,19:23:00,19:26:00,19,0,0,
amtrak,amtrak:297696,297696,amtrak:WND,WND,19:34:00,19:34:00,20,0,0,
amtrak,amtrak:297696,297696,amtrak:WNL,WNL,19:40:00,19:40:00,21,0,0,
amtrak,amtrak:297696,297696,amtrak:SPG,SPG,20:08:00,20:08:00,22,0,0,
amtrak,amtrak:297701,297701,amtrak:WAS,WAS,12:15:00,12:15:00,1,0,0,
amtrak,amtrak:297701,297701,amtrak:BWI,BWI,12:41:00,12:42:00,2,0,0,
amtrak,amtrak:297701,297701,amtrak:BAL,BAL,12:56:00,12:58:00,3,0,0,
amtrak,amtrak:297701,297701,amtrak:WIL,WIL,13:46:00,13:48:00,4,0,0,
amtrak,amtrak:297701,297701,amtrak:PHL,PHL,14:15:00,14:18:00,5,0,0,
amtrak,amtrak:297701,297701,amtrak:TRE,TRE,14:46:00,14:48:00,6,0,0,
amtrak,amtrak:297701,297701,amtrak:MET,MET,15:09:00,15:10:00,7,0,0,
amtrak,amtrak:297701,297701,amtrak:EWR,EWR,15:21:00,15:22:00,8,0,0,
amtrak,amtrak:297701,297701,amtrak:NWK,NWK,15:26:00,15:28:00,9,0,0,
amtrak,amtrak:297701,297701,amtrak:NYP,NYP,15:51:00,16:30:00,10,0,0,
amtrak,amtrak:297701,297701,amtrak:NRO,NRO,16:57:00,16:57:00,11,0,0,
amtrak,amtrak:297701,297701,amtrak:STM,STM,17:16:00,17:18:00,12,0,0,
amtrak,amtrak:297701,297701,amtrak:BRP,BRP,17:45:00,17:46:00,13,0,0,
amtrak,amtrak:297701,297701,amtrak:NHV,NHV,18:11:00,18:40:00,14,0,0,
amtrak,amtrak:297701,297701,amtrak:STS,STS,18:42:00,18:42:00,15,0,0,
amtrak,amtrak:297701,297701,amtrak:WFD,WFD,18:54:00,18:54:00,16,0,0,
amtrak,amtrak:297701,297701,amtrak:MDN,MDN,19:02:00,19:02:00,17,0,0,
amtrak,amtrak:297701,297701,amtrak:BER,BER,19:11:00,19:11:00,18,0,0,
amtrak,amtrak:297701,297701,amtrak:HFD,HFD,19:23:00,19:26:00,19,0,0,
amtrak,amtrak:297701,297701,amtrak:WND,WND,19:34:00,19:34:00,20,0,0,
amtrak,amtrak:297701,297701,amtrak:WNL,WNL,19:40:00,19:40:00,21,0,0,
amtrak,amtrak:297701,297701,amtrak:SPG,SPG,20:08:00,20:08:00,22,0,0,
amtrak,amtrak:297702,297702,amtrak:WAS,WAS,12:25:00,12:25:00,1,0,0,
amtrak,amtrak:297702,297702,amtrak:BWI,BWI,12:51:00,12:52:00,2,0,0,
amtrak,amtrak:297702,297702,amtrak:BAL,BAL,13:06:00,13:08:00,3,0,0,
amtrak,amtrak:297702,297702,amtrak:WIL,WIL,13:52:00,13:54:00,4,0,0,
amtrak,amtrak:297702,297702,amtrak:PHL,PHL,14:15:00,14:18:00,5,0,0,
amtrak,amtrak:297702,297702,amtrak:TRE,TRE,14:46:00,14:48:00,6,0,0,
amtrak,amtrak:297702,297702,amtrak:MET,MET,15:09:00,15:10:00,7,0,0,
amtrak,amtrak:297702,297702,amtrak:EWR,EWR,15:21:00,15:22:00,8,0,0,
amtrak,amtrak:297702,297702,amtrak:NWK,NWK,15:26:00,15:28:00,9,0,0,
amtrak,amtrak:297702,297702,amtrak:NYP,NYP,15:51:00,16:30:00,10,0,0,
amtrak,amtrak:297702,297702,amtrak:NRO,NRO,16:57:00,16:57:00,11,0,0,
amtrak,amtrak:297702,297702,amtrak:STM,STM,17:16:00,17:18:00,12,0,0,
amtrak,amtrak:297702,297702,amtrak:BRP,BRP,17:45:00,17:46:00,13,0,0,
amtrak,amtrak:297702,297702,amtrak:NHV,NHV,18:11:00,18:40:00,14,0,0,
amtrak,amtrak:297702,297702,amtrak:STS,STS,18:42:00,18:42:00,15,0,0,
amtrak,amtrak:297702,297702,amtrak:WFD,WFD,18:54:00,18:54:00,16,0,0,
amtrak,amtrak:297702,297702,amtrak:MDN,MDN,19:02:00,19:02:00,17,0,0,
amtrak,amtrak:297702,297702,amtrak:BER,BER,19:11:00,19:11:00,18,0,0,
amtrak,amtrak:297702,297702,amtrak:HFD,HFD,19:23:00,19:26:00,19,0,0,
amtrak,amtrak:297702,297702,amtrak:WND,WND,19:34:00,19:34:00,20,0,0,
amtrak,amtrak:297702,297702,amtrak:WNL,WNL,19:40:00,19:40:00,21,0,0,
amtrak,amtrak:297702,297702,amtrak:SPG,SPG,20:08:00,20:08:00,22,0,0,
amtrak,amtrak:297703,297703,amtrak:WAS,WAS,12:25:00,12:25:00,1,0,0,
amtrak,amtrak:297703,297703,amtrak:BWI,BWI,12:51:00,12:52:00,2,0,0,
amtrak,amtrak:297703,297703,amtrak:BAL,BAL,13:06:00,13:08:00,3,0,0,
amtrak,amtrak:297703,297703,amtrak:WIL,WIL,13:52:00,13:54:00,4,0,0,
amtrak,amtrak:297703,297703,amtrak:PHL,PHL,14:15:00,14:18:00,5,0,0,
amtrak,amtrak:297703,297703,amtrak:TRE,TRE,14:46:00,14:48:00,6,0,0,
amtrak,amtrak:297703,297703,amtrak:MET,MET,15:09:00,15:10:00,7,0,0,
amtrak,amtrak:297703,297703,amtrak:EWR,EWR,15:21:00,15:22:00,8,0,0,
amtrak,amtrak:297703,297703,amtrak:NWK,NWK,15:26:00,15:28:00,9,0,0,
amtrak,amtrak:297703,297703,amtrak:NYP,NYP,15:51:00,16:30:00,10,0,0,
amtrak,amtrak:297703,297703,amtrak:NRO,NRO,16:57:00,16:57:00,11,0,0,
amtrak,amtrak:297703,297703,amtrak:STM,STM,17:16:00,17:18:00,12,0,0,
amtrak,amtrak:297703,297703,amtrak:BRP,BRP,17:45:00,17:46:00,13,0,0,
amtrak,amtrak:297703,297703,amtrak:NHV,NHV,18:11:00,18:40:00,14,0,0,
amtrak,amtrak:297703,297703,amtrak:STS,STS,18:42:00,18:42:00,15,0,0,
amtrak,amtrak:297703,297703,amtrak:WFD,WFD,18:54:00,18:54:00,16,0,0,
amtrak,amtrak:297703,297703,amtrak:MDN,MDN,19:02:00,19:02:00,17,0,0,
amtrak,amtrak:297703,297703,amtrak:BER,BER,19:11:00,19:11:00,18,0,0,
amtrak,amtrak:297703,297703,amtrak:HFD,HFD,19:23:00,19:26:00,19,0,0,
amtrak,amtrak:297703,297703,amtrak:WND,WND,19:34:00,19:34:00,20,0,0,
amtrak,amtrak:297703,297703,amtrak:WNL,WNL,19:40:00,19:40:00,21,0,0,
amtrak,amtrak:297703,297703,amtrak:SPG,SPG,20:08:00,20:08:00,22,0,0,
amtrak,amtrak:297704,297704,amtrak:WAS,WAS,12:25:00,12:25:00,1,0,0,
amtrak,amtrak:297704,297704,amtrak:BWI,BWI,12:51:00,12:52:00,2,0,0,
amtrak,amtrak:297704,297704,amtrak:BAL,BAL,13:06:00,13:08:00,3,0,0,
amtrak,amtrak:297704,297704,amtrak:WIL,WIL,13:52:00,13:54:00,4,0,0,
amtrak,amtrak:297704,297704,amtrak:PHL,PHL,14:15:00,14:18:00,5,0,0,
amtrak,amtrak:297704,297704,amtrak:TRE,TRE,14:46:00,14:48:00,6,0,0,
amtrak,amtrak:297704,297704,amtrak:MET,MET,15:09:00,15:10:00,7,0,0,
amtrak,amtrak:297704,297704,amtrak:EWR,EWR,15:21:00,15:22:00,8,0,0,
amtrak,amtrak:297704,297704,amtrak:NWK,NWK,15:26:00,15:28:00,9,0,0,
amtrak,amtrak:297704,297704,amtrak:NYP,NYP,15:51:00,16:30:00,10,0,0,
amtrak,amtrak:297704,297704,amtrak:NRO,NRO,16:57:00,16:57:00,11,0,0,
amtrak,amtrak:297704,297704,amtrak:STM,STM,17:16:00,17:18:00,12,0,0,
amtrak,amtrak:297704,297704,amtrak:BRP,BRP,17:45:00,17:46:00,13,0,0,
amtrak,amtrak:297704,297704,amtrak:NHV,NHV,18:11:00,18:40:00,14,0,0,
amtrak,amtrak:297704,297704,amtrak:STS,STS,18:42:00,18:42:00,15,0,0,
amtrak,amtrak:297704,297704,amtrak:WFD,WFD,18:54:00,18:54:00,16,0,0,
amtrak,amtrak:297704,297704,amtrak:MDN,MDN,19:02:00,19:02:00,17,0,0,
amtrak,amtrak:297704,297704,amtrak:BER,BER,19:11:00,19:11:00,18,0,0,
amtrak,amtrak:297704,297704,amtrak:HFD,HFD,19:23:00,19:26:00,19,0,0,
amtrak,amtrak:297704,297704,amtrak:WND,WND,19:34:00,19:34:00,20,0,0,
amtrak,amtrak:297704,297704,amtrak:WNL,WNL,19:40:00,19:40:00,21,0,0,
amtrak,amtrak:297704,297704,amtrak:SPG,SPG,20:08:00,20:08:00,22,0,0,
amtrak,amtrak:297705,297705,amtrak:WAS,WAS,12:25:00,12:25:00,1,0,0,
amtrak,amtrak:297705,297705,amtrak:BWI,BWI,12:51:00,12:52:00,2,0,0,
amtrak,amtrak:297705,297705,amtrak:BAL,BAL,13:06:00,13:08:00,3,0,0,
amtrak,amtrak:297705,297705,amtrak:WIL,WIL,13:52:00,13:54:00,4,0,0,
amtrak,amtrak:297705,297705,amtrak:PHL,PHL,14:15:00,14:18:00,5,0,0,
amtrak,amtrak:297705,297705,amtrak:TRE,TRE,14:46:00,14:48:00,6,0,0,
amtrak,amtrak:297705,297705,amtrak:MET,MET,15:09:00,15:10:00,7,0,0,
amtrak,amtrak:297705,297705,amtrak:EWR,EWR,15:21:00,15:22:00,8,0,0,
amtrak,amtrak:297705,297705,amtrak:NWK,NWK,15:26:00,15:28:00,9,0,0,
amtrak,amtrak:297705,297705,amtrak:NYP,NYP,15:51:00,16:30:00,10,0,0,
amtrak,amtrak:297705,297705,amtrak:NRO,NRO,16:57:00,16:57:00,11,0,0,
amtrak,amtrak:297705,297705,amtrak:STM,STM,17:16:00,17:18:00,12,0,0,
amtrak,amtrak:297705,297705,amtrak:BRP,BRP,17:45:00,17:46:00,13,0,0,
amtrak,amtrak:297705,297705,amtrak:NHV,NHV,18:11:00,18:40:00,14,0,0,
amtrak,amtrak:297705,297705,amtrak:STS,STS,18:42:00,18:42:00,15,0,0,
amtrak,amtrak:297705,297705,amtrak:WFD,WFD,18:54:00,18:54:00,16,0,0,
amtrak,amtrak:297705,297705,amtrak:MDN,MDN,19:02:00,19:02:00,17,0,0,
amtrak,amtrak:297705,297705,amtrak:BER,BER,19:11:00,19:11:00,18,0,0,
amtrak,amtrak:297705,297705,amtrak:HFD,HFD,19:23:00,19:26:00,19,0,0,
amtrak,amtrak:297705,297705,amtrak:WND,WND,19:34:00,19:34:00,20,0,0,
amtrak,amtrak:297705,297705,amtrak:WNL,WNL,19:40:00,19:40:00,21,0,0,
amtrak,amtrak:297705,297705,amtrak:SPG,SPG,20:08:00,20:08:00,22,0,0,
amtrak,amtrak:297709,297709,amtrak:WAS,WAS,10:12:00,10:12:00,1,0,0,
amtrak,amtrak:297709,297709,amtrak:NCR,NCR,10:23:00,10:24:00,2,0,0,
amtrak,amtrak:297709,297709,amtrak:BWI,BWI,10:38:00,10:39:00,3,0,0,
amtrak,amtrak:297709,297709,amtrak:BAL,BAL,10:54:00,10:56:00,4,0,0,
amtrak,amtrak:297709,297709,amtrak:ABE,ABE,11:19:00,11:20:00,5,0,0,
amtrak,amtrak:297709,297709,amtrak:WIL,WIL,11:47:00,11:49:00,6,0,0,
amtrak,amtrak:297709,297709,amtrak:PHL,PHL,12:15:00,12:18:00,7,0,0,
amtrak,amtrak:297709,297709,amtrak:TRE,TRE,12:46:00,12:48:00,8,0,0,
amtrak,amtrak:297709,297709,amtrak:MET,MET,13:09:00,13:10:00,9,0,0,
amtrak,amtrak:297709,297709,amtrak:EWR,EWR,13:21:00,13:22:00,10,0,0,
amtrak,amtrak:297709,297709,amtrak:NWK,NWK,13:26:00,13:28:00,11,0,0,
amtrak,amtrak:297709,297709,amtrak:NYP,NYP,13:48:00,14:07:00,12,0,0,
amtrak,amtrak:297709,297709,amtrak:NRO,NRO,14:35:00,14:36:00,13,0,0,
amtrak,amtrak:297709,297709,amtrak:STM,STM,14:54:00,14:56:00,14,0,0,
amtrak,amtrak:297709,297709,amtrak:BRP,BRP,15:23:00,15:24:00,15,0,0,
amtrak,amtrak:297709,297709,amtrak:NHV,NHV,15:53:00,15:56:00,16,0,0,
amtrak,amtrak:297709,297709,amtrak:WLY,WLY,17:00:00,17:02:00,17,0,0,
amtrak,amtrak:297709,297709,amtrak:PVD,PVD,17:33:00,17:33:00,18,0,0,
amtrak,amtrak:297709,297709,amtrak:RTE,RTE,18:07:00,18:07:00,19,1,0,
amtrak,amtrak:297709,297709,amtrak:BBY,BBY,18:18:00,18:18:00,20,1,0,
amtrak,amtrak:297709,297709,amtrak:BOS,BOS,18:24:00,18:24:00,21,0,0,
amtrak,amtrak:297711,297711,amtrak:WAS,WAS,10:12:00,10:12:00,1,0,0,
amtrak,amtrak:297711,297711,amtrak:NCR,NCR,10:23:00,10:24:00,2,0,0,
amtrak,amtrak:297711,297711,amtrak:BWI,BWI,10:38:00,10:39:00,3,0,0,
amtrak,amtrak:297711,297711,amtrak:BAL,BAL,10:54:00,10:56:00,4,0,0,
amtrak,amtrak:297711,297711,amtrak:ABE,ABE,11:19:00,11:20:00,5,0,0,
amtrak,amtrak:297711,297711,amtrak:WIL,WIL,11:47:00,11:49:00,6,0,0,
amtrak,amtrak:297711,297711,amtrak:PHL,PHL,12:15:00,12:18:00,7,0,0,
amtrak,amtrak:297711,297711,amtrak:TRE,TRE,12:46:00,12:48:00,8,0,0,
amtrak,amtrak:297711,297711,amtrak:MET,MET,13:09:00,13:10:00,9,0,0,
amtrak,amtrak:297711,297711,amtrak:EWR,EWR,13:21:00,13:22:00,10,0,0,
amtrak,amtrak:297711,297711,amtrak:NWK,NWK,13:26:00,13:28:00,11,0,0,
amtrak,amtrak:297711,297711,amtrak:NYP,NYP,13:48:00,14:07:00,12,0,0,
amtrak,amtrak:297711,297711,amtrak:NRO,NRO,14:35:00,14:36:00,13,0,0,
amtrak,amtrak:297711,297711,amtrak:STM,STM,14:54:00,14:56:00,14,0,0,
amtrak,amtrak:297711,297711,amtrak:BRP,BRP,15:23:00,15:24:00,15,0,0,
amtrak,amtrak:297711,297711,amtrak:NHV,NHV,15:53:00,15:56:00,16,0,0,
amtrak,amtrak:297711,297711,amtrak:WLY,WLY,17:00:00,17:02:00,17,0,0,
amtrak,amtrak:297711,297711,amtrak:PVD,PVD,17:33:00,17:33:00,18,0,0,
amtrak,amtrak:297711,297711,amtrak:RTE,RTE,18:07:00,18:07:00,19,1,0,
amtrak,amtrak:297711,297711,amtrak:BBY,BBY,18:18:00,18:18:00,20,1,0,
amtrak,amtrak:297711,297711,amtrak:BOS,BOS,18:24:00,18:24:00,21,0,0,
amtrak,amtrak:297714,297714,amtrak:WAS,WAS,10:20:00,10:20:00,1,0,0,
amtrak,amtrak:297714,297714,amtrak:NCR,NCR,10:31:00,10:32:00,2,0,0,
amtrak,amtrak:297714,297714,amtrak:BWI,BWI,10:46:00,10:47:00,3,0,0,
amtrak,amtrak:297714,297714,amtrak:BAL,BAL,11:02:00,11:04:00,4,0,0,
amtrak,amtrak:297714,297714,amtrak:ABE,ABE,11:25:00,11:26:00,5,0,0,
amtrak,amtrak:297714,297714,amtrak:WIL,WIL,11:53:00,11:55:00,6,0,0,
amtrak,amtrak:297714,297714,amtrak:PHL,PHL,12:15:00,12:18:00,7,0,0,
amtrak,amtrak:297714,297714,amtrak:TRE,TRE,12:46:00,12:48:00,8,0,0,
amtrak,amtrak:297714,297714,amtrak:MET,MET,13:09:00,13:10:00,9,0,0,
amtrak,amtrak:297714,297714,amtrak:EWR,EWR,13:21:00,13:22:00,10,0,0,
amtrak,amtrak:297714,297714,amtrak:NWK,NWK,13:26:00,13:28:00,11,0,0,
amtrak,amtrak:297714,297714,amtrak:NYP,NYP,13:48:00,14:07:00,12,0,0,
amtrak,amtrak:297714,297714,amtrak:NRO,NRO,14:35:00,14:36:00,13,0,0,
amtrak,amtrak:297714,297714,amtrak:STM,STM,14:54:00,14:56:00,14,0,0,
amtrak,amtrak:297714,297714,amtrak:BRP,BRP,15:23:00,15:24:00,15,0,0,
amtrak,amtrak:297714,297714,amtrak:NHV,NHV,15:53:00,15:56:00,16,0,0,
amtrak,amtrak:297714,297714,amtrak:WLY,WLY,17:00:00,17:02:00,17,0,0,
amtrak,amtrak:297714,297714,amtrak:PVD,PVD,17:33:00,17:33:00,18,0,0,
amtrak,amtrak:297714,297714,amtrak:RTE,RTE,18:07:00,18:07:00,19,1,0,
amtrak,amtrak:297714,297714,amtrak:BBY,BBY,18:18:00,18:18:00,20,1,0,
amtrak,amtrak:297714,297714,amtrak:BOS,BOS,18:24:00,18:24:00,21,0,0,
amtrak,amtrak:297715,297715,amtrak:WAS,WAS,10:20:00,10:20:00,1,0,0,
amtrak,amtrak:297715,297715,amtrak:NCR,NCR,10:31:00,10:32:00,2,0,0,
amtrak,amtrak:297715,297715,amtrak:BWI,BWI,10:46:00,10:47:00,3,0,0,
amtrak,amtrak:297715,297715,amtrak:BAL,BAL,11:02:00,11:04:00,4,0,0,
amtrak,amtrak:297715,297715,amtrak:ABE,ABE,11:25:00,11:26:00,5,0,0,
amtrak,amtrak:297715,297715,amtrak:WIL,WIL,11:53:00,11:55:00,6,0,0,
amtrak,amtrak:297715,297715,amtrak:PHL,PHL,12:15:00,12:18:00,7,0,0,
amtrak,amtrak:297715,297715,amtrak:TRE,TRE,12:46:00,12:48:00,8,0,0,
amtrak,amtrak:297715,297715,amtrak:MET,MET,13:09:00,13:10:00,9,0,0,
amtrak,amtrak:297715,297715,amtrak:EWR,EWR,13:21:00,13:22:00,10,0,0,
amtrak,amtrak:297715,297715,amtrak:NWK,NWK,13:26:00,13:28:00,11,0,0,
amtrak,amtrak:297715,297715,amtrak:NYP,NYP,13:48:00,14:07:00,12,0,0,
amtrak,amtrak:297715,297715,amtrak:NRO,NRO,14:35:00,14:36:00,13,0,0,
amtrak,amtrak:297715,297715,amtrak:STM,STM,14:54:00,14:56:00,14,0,0,
amtrak,amtrak:297715,297715,amtrak:BRP,BRP,15:23:00,15:24:00,15,0,0,
amtrak,amtrak:297715,297715,amtrak:NHV,NHV,15:53:00,15:56:00,16,0,0,
amtrak,amtrak:297715,297715,amtrak:WLY,WLY,17:00:00,17:02:00,17,0,0,
amtrak,amtrak:297715,297715,amtrak:PVD,PVD,17:33:00,17:33:00,18,0,0,
amtrak,amtrak:297715,297715,amtrak:RTE,RTE,18:07:00,18:07:00,19,1,0,
amtrak,amtrak:297715,297715,amtrak:BBY,BBY,18:18:00,18:18:00,20,1,0,
amtrak,amtrak:297715,297715,amtrak:BOS,BOS,18:24:00,18:24:00,21,0,0,
amtrak,amtrak:297718,297718,amtrak:WAS,WAS,5:20:00,5:20:00,1,0,0,
amtrak,amtrak:297718,297718,amtrak:BWI,BWI,5:41:00,5:43:00,2,0,0,
amtrak,amtrak:297718,297718,amtrak:BAL,BAL,5:56:00,5:58:00,3,0,0,
amtrak,amtrak:297718,297718,amtrak:WIL,WIL,6:43:00,6:45:00,4,0,0,
amtrak,amtrak:297718,297718,amtrak:PHL,PHL,7:11:00,7:14:00,5,0,0,
amtrak,amtrak:297718,297718,amtrak:TRE,TRE,7:41:00,7:43:00,6,0,0,
amtrak,amtrak:297718,297718,amtrak:NBK,NBK,7:59:00,8:00:00,7,0,0,
amtrak,amtrak:297718,297718,amtrak:MET,MET,8:09:00,8:10:00,8,0,0,
amtrak,amtrak:297718,297718,amtrak:EWR,EWR,8:21:00,8:22:00,9,0,0,
amtrak,amtrak:297718,297718,amtrak:NWK,NWK,8:26:00,8:27:00,10,0,0,
amtrak,amtrak:297718,297718,amtrak:NYP,NYP,8:45:00,9:00:00,11,0,0,
amtrak,amtrak:297718,297718,amtrak:NRO,NRO,9:35:00,9:35:00,12,0,0,
amtrak,amtrak:297718,297718,amtrak:STM,STM,9:54:00,9:56:00,13,0,0,
amtrak,amtrak:297718,297718,amtrak:BRP,BRP,10:23:00,10:24:00,14,0,0,
amtrak,amtrak:297718,297718,amtrak:NHV,NHV,10:53:00,10:55:00,15,0,0,
amtrak,amtrak:297718,297718,amtrak:NLC,NLC,11:48:00,11:50:00,16,0,0,
amtrak,amtrak:297718,297718,amtrak:WLY,WLY,12:08:00,12:09:00,17,0,0,
amtrak,amtrak:297718,297718,amtrak:KIN,KIN,12:22:00,12:22:00,18,0,0,
amtrak,amtrak:297718,297718,amtrak:PVD,PVD,12:46:00,12:46:00,19,0,0,
amtrak,amtrak:297718,297718,amtrak:RTE,RTE,13:19:00,13:19:00,20,1,0,
amtrak,amtrak:297718,297718,amtrak:BBY,BBY,13:30:00,13:30:00,21,1,0,
amtrak,amtrak:297718,297718,amtrak:BOS,BOS,13:35:00,13:35:00,22,0,0,
amtrak,amtrak:297719,297719,amtrak:NHV,NHV,10:53:00,10:55:00,15,0,0,
amtrak,amtrak:297719,297719,amtrak:NLC,NLC,11:48:00,11:50:00,16,0,0,
amtrak,amtrak:297719,297719,amtrak:WLY,WLY,12:08:00,12:09:00,17,0,0,
amtrak,amtrak:297719,297719,amtrak:KIN,KIN,12:22:00,12:22:00,18,0,0,
amtrak,amtrak:297719,297719,amtrak:PVD,PVD,12:46:00,12:46:00,19,0,0,
amtrak,amtrak:297719,297719,amtrak:RTE,RTE,13:19:00,13:19:00,20,1,0,
amtrak,amtrak:297719,297719,amtrak:BBY,BBY,13:30:00,13:30:00,21,1,0,
amtrak,amtrak:297719,297719,amtrak:BOS,BOS,13:35:00,13:35:00,22,0,0,
amtrak,amtrak:297721,297721,amtrak:WAS,WAS,5:20:00,5:20:00,1,0,0,
amtrak,amtrak:297721,297721,amtrak:BWI,BWI,5:41:00,5:43:00,2,0,0,
amtrak,amtrak:297721,297721,amtrak:BAL,BAL,5:56:00,5:58:00,3,0,0,
amtrak,amtrak:297721,297721,amtrak:WIL,WIL,6:43:00,6:45:00,4,0,0,
amtrak,amtrak:297721,297721,amtrak:PHL,PHL,7:11:00,7:14:00,5,0,0,
amtrak,amtrak:297721,297721,amtrak:TRE,TRE,7:41:00,7:43:00,6,0,0,
amtrak,amtrak:297721,297721,amtrak:NBK,NBK,7:59:00,8:00:00,7,0,0,
amtrak,amtrak:297721,297721,amtrak:MET,MET,8:09:00,8:10:00,8,0,0,
amtrak,amtrak:297721,297721,amtrak:EWR,EWR,8:21:00,8:22:00,9,0,0,
amtrak,amtrak:297721,297721,amtrak:NWK,NWK,8:26:00,8:27:00,10,0,0,
amtrak,amtrak:297721,297721,amtrak:NYP,NYP,8:45:00,9:00:00,11,0,0,
amtrak,amtrak:297721,297721,amtrak:NRO,NRO,9:35:00,9:35:00,12,0,0,
amtrak,amtrak:297721,297721,amtrak:STM,STM,9:54:00,9:56:00,13,0,0,
amtrak,amtrak:297721,297721,amtrak:BRP,BRP,10:23:00,10:24:00,14,0,0,
amtrak,amtrak:297721,297721,amtrak:NHV,NHV,10:53:00,10:55:00,15,0,0,
amtrak,amtrak:297721,297721,amtrak:NLC,NLC,11:48:00,11:50:00,16,0,0,
amtrak,amtrak:297721,297721,amtrak:WLY,WLY,12:08:00,12:09:00,17,0,0,
amtrak,amtrak:297721,297721,amtrak:KIN,KIN,12:22:00,12:22:00,18,0,0,
amtrak,amtrak:297721,297721,amtrak:PVD,PVD,12:46:00,12:46:00,19,0,0,
amtrak,amtrak:297721,297721,amtrak:RTE,RTE,13:19:00,13:19:00,20,1,0,
amtrak,amtrak:297721,297721,amtrak:BBY,BBY,13:30:00,13:30:00,21,1,0,
amtrak,amtrak:297721,297721,amtrak:BOS,BOS,13:35:00,13:35:00,22,0,0,
amtrak,amtrak:297722,297722,amtrak:WAS,WAS,5:25:00,5:25:00,1,0,0,
amtrak,amtrak:297722,297722,amtrak:BWI,BWI,5:51:00,5:53:00,2,0,0,
amtrak,amtrak:297722,297722,amtrak:BAL,BAL,6:06:00,6:08:00,3,0,0,
amtrak,amtrak:297722,297722,amtrak:WIL,WIL,6:54:00,6:56:00,4,0,0,
amtrak,amtrak:297722,297722,amtrak:PHL,PHL,7:16:00,7:19:00,5,0,0,
amtrak,amtrak:297722,297722,amtrak:TRE,TRE,7:46:00,7:48:00,6,0,0,
amtrak,amtrak:297722,297722,amtrak:PJC,PJC,7:56:00,7:57:00,7,0,0,
amtrak,amtrak:297722,297722,amtrak:EWR,EWR,8:22:00,8:23:00,8,0,0,
amtrak,amtrak:297722,297722,amtrak:NWK,NWK,8:27:00,8:28:00,9,0,0,
amtrak,amtrak:297722,297722,amtrak:NYP,NYP,8:46:00,9:00:00,10,0,0,
amtrak,amtrak:297722,297722,amtrak:NRO,NRO,9:35:00,9:35:00,11,0,0,
amtrak,amtrak:297722,297722,amtrak:STM,STM,9:54:00,9:56:00,12,0,0,
amtrak,amtrak:297722,297722,amtrak:BRP,BRP,10:23:00,10:24:00,13,0,0,
amtrak,amtrak:297722,297722,amtrak:NHV,NHV,10:53:00,10:55:00,14,0,0,
amtrak,amtrak:297722,297722,amtrak:NLC,NLC,11:48:00,11:50:00,15,0,0,
amtrak,amtrak:297722,297722,amtrak:WLY,WLY,12:08:00,12:09:00,16,0,0,
amtrak,amtrak:297722,297722,amtrak:KIN,KIN,12:22:00,12:22:00,17,0,0,
amtrak,amtrak:297722,297722,amtrak:PVD,PVD,12:46:00,12:46:00,18,0,0,
amtrak,amtrak:297722,297722,amtrak:RTE,RTE,13:19:00,13:19:00,19,1,0,
amtrak,amtrak:297722,297722,amtrak:BBY,BBY,13:30:00,13:30:00,20,1,0,
amtrak,amtrak:297722,297722,amtrak:BOS,BOS,13:35:00,13:35:00,21,0,0,
amtrak,amtrak:297723,297723,amtrak:WAS,WAS,5:20:00,5:20:00,1,0,0,
amtrak,amtrak:297723,297723,amtrak:BWI,BWI,5:46:00,5:48:00,2,0,0,
amtrak,amtrak:297723,297723,amtrak:BAL,BAL,6:01:00,6:03:00,3,0,0,
amtrak,amtrak:297723,297723,amtrak:WIL,WIL,6:49:00,6:51:00,4,0,0,
amtrak,amtrak:297723,297723,amtrak:PHL,PHL,7:11:00,7:14:00,5,0,0,
amtrak,amtrak:297723,297723,amtrak:TRE,TRE,7:41:00,7:43:00,6,0,0,
amtrak,amtrak:297723,297723,amtrak:NBK,NBK,7:59:00,8:00:00,7,0,0,
amtrak,amtrak:297723,297723,amtrak:MET,MET,8:09:00,8:10:00,8,0,0,
amtrak,amtrak:297723,297723,amtrak:EWR,EWR,8:21:00,8:22:00,9,0,0,
amtrak,amtrak:297723,297723,amtrak:NWK,NWK,8:26:00,8:27:00,10,0,0,
amtrak,amtrak:297723,297723,amtrak:NYP,NYP,8:45:00,9:00:00,11,0,0,
amtrak,amtrak:297723,297723,amtrak:NRO,NRO,9:35:00,9:35:00,12,0,0,
amtrak,amtrak:297723,297723,amtrak:STM,STM,9:54:00,9:56:00,13,0,0,
amtrak,amtrak:297723,297723,amtrak:BRP,BRP,10:23:00,10:24:00,14,0,0,
amtrak,amtrak:297723,297723,amtrak:NHV,NHV,10:53:00,10:55:00,15,0,0,
amtrak,amtrak:297723,297723,amtrak:NLC,NLC,11:48:00,11:50:00,16,0,0,
amtrak,amtrak:297723,297723,amtrak:WLY,WLY,12:08:00,12:09:00,17,0,0,
amtrak,amtrak:297723,297723,amtrak:KIN,KIN,12:22:00,12:22:00,18,0,0,
amtrak,amtrak:297723,297723,amtrak:PVD,PVD,12:46:00,12:46:00,19,0,0,
amtrak,amtrak:297723,297723,amtrak:RTE,RTE,13:19:00,13:19:00,20,1,0,
amtrak,amtrak:297723,297723,amtrak:BBY,BBY,13:30:00,13:30:00,21,1,0,
amtrak,amtrak:297723,297723,amtrak:BOS,BOS,13:35:00,13:35:00,22,0,0,
amtrak,amtrak:297724,297724,amtrak:WAS,WAS,5:20:00,5:20:00,1,0,0,
amtrak,amtrak:297724,297724,amtrak:BWI,BWI,5:46:00,5:48:00,2,0,0,
amtrak,amtrak:297724,297724,amtrak:BAL,BAL,6:01:00,6:03:00,3,0,0,
amtrak,amtrak:297724,297724,amtrak:WIL,WIL,6:49:00,6:51:00,4,0,0,
amtrak,amtrak:297724,297724,amtrak:PHL,PHL,7:11:00,7:14:00,5,0,0,
amtrak,amtrak:297724,297724,amtrak:TRE,TRE,7:41:00,7:43:00,6,0,0,
amtrak,amtrak:297724,297724,amtrak:NBK,NBK,7:59:00,8:00:00,7,0,0,
amtrak,amtrak:297724,297724,amtrak:MET,MET,8:09:00,8:10:00,8,0,0,
amtrak,amtrak:297724,297724,amtrak:EWR,EWR,8:21:00,8:22:00,9,0,0,
amtrak,amtrak:297724,297724,amtrak:NWK,NWK,8:26:00,8:27:00,10,0,0,
amtrak,amtrak:297724,297724,amtrak:NYP,NYP,8:45:00,9:00:00,11,0,0,
amtrak,amtrak:297724,297724,amtrak:NRO,NRO,9:35:00,9:35:00,12,0,0,
amtrak,amtrak:297724,297724,amtrak:STM,STM,9:54:00,9:56:00,13,0,0,
amtrak,amtrak:297724,297724,amtrak:BRP,BRP,10:23:00,10:24:00,14,0,0,
amtrak,amtrak:297724,297724,amtrak:NHV,NHV,10:53:00,10:55:00,15,0,0,
amtrak,amtrak:297724,297724,amtrak:NLC,NLC,11:48:00,11:50:00,16,0,0,
amtrak,amtrak:297724,297724,amtrak:WLY,WLY,12:08:00,12:09:00,17,0,0,
amtrak,amtrak:297724,297724,amtrak:KIN,KIN,12:22:00,12:22:00,18,0,0,
amtrak,amtrak:297724,297724,amtrak:PVD,PVD,12:46:00,12:46:00,19,0,0,
amtrak,amtrak:297724,297724,amtrak:RTE,RTE,13:19:00,13:19:00,20,1,0,
amtrak,amtrak:297724,297724,amtrak:BBY,BBY,13:30:00,13:30:00,21,1,0,
amtrak,amtrak:297724,297724,amtrak:BOS,BOS,13:35:00,13:35:00,22,0,0,
amtrak,amtrak:297725,297725,amtrak:WAS,WAS,5:20:00,5:20:00,1,0,0,
amtrak,amtrak:297725,297725,amtrak:BWI,BWI,5:46:00,5:48:00,2,0,0,
amtrak,amtrak:297725,297725,amtrak:BAL,BAL,6:01:00,6:03:00,3,0,0,
amtrak,amtrak:297725,297725,amtrak:WIL,WIL,6:49:00,6:51:00,4,0,0,
amtrak,amtrak:297725,297725,amtrak:PHL,PHL,7:11:00,7:14:00,5,0,0,
amtrak,amtrak:297725,297725,amtrak:TRE,TRE,7:41:00,7:43:00,6,0,0,
amtrak,amtrak:297725,297725,amtrak:NBK,NBK,7:59:00,8:00:00,7,0,0,
amtrak,amtrak:297725,297725,amtrak:MET,MET,8:09:00,8:10:00,8,0,0,
amtrak,amtrak:297725,297725,amtrak:EWR,EWR,8:21:00,8:22:00,9,0,0,
amtrak,amtrak:297725,297725,amtrak:NWK,NWK,8:26:00,8:27:00,10,0,0,
amtrak,amtrak:297725,297725,amtrak:NYP,NYP,8:45:00,9:00:00,11,0,0,
amtrak,amtrak:297725,297725,amtrak:NRO,NRO,9:35:00,9:35:00,12,0,0,
amtrak,amtrak:297725,297725,amtrak:STM,STM,9:54:00,9:56:00,13,0,0,
amtrak,amtrak:297725,297725,amtrak:BRP,BRP,10:23:00,10:24:00,14,0,0,
amtrak,amtrak:297725,297725,amtrak:NHV,NHV,10:53:00,10:55:00,15,0,0,
amtrak,amtrak:297725,297725,amtrak:NLC,NLC,11:48:00,11:50:00,16,0,0,
amtrak,amtrak:297725,297725,amtrak:WLY,WLY,12:08:00,12:09:00,17,0,0,
amtrak,amtrak:297725,297725,amtrak:KIN,KIN,12:22:00,12:22:00,18,0,0,
amtrak,amtrak:297725,297725,amtrak:PVD,PVD,12:46:00,12:46:00,19,0,0,
amtrak,amtrak:297725,297725,amtrak:RTE,RTE,13:19:00,13:19:00,20,1,0,
amtrak,amtrak:297725,297725,amtrak:BBY,BBY,13:30:00,13:30:00,21,1,0,
amtrak,amtrak:297725,297725,amtrak:BOS,BOS,13:35:00,13:35:00,22,0,0,
amtrak,amtrak:297728,297728,amtrak:WAS,WAS,6:16:00,6:16:00,1,0,0,
amtrak,amtrak:297728,297728,amtrak:NCR,NCR,6:27:00,6:28:00,2,0,0,
amtrak,amtrak:297728,297728,amtrak:BWI,BWI,6:42:00,6:44:00,3,0,0,
amtrak,amtrak:297728,297728,amtrak:BAL,BAL,6:57:00,6:59:00,4,0,0,
amtrak,amtrak:297728,297728,amtrak:ABE,ABE,7:22:00,7:24:00,5,0,0,
amtrak,amtrak:297728,297728,amtrak:WIL,WIL,7:49:00,7:51:00,6,0,0,
amtrak,amtrak:297728,297728,amtrak:PHL,PHL,8:17:00,8:20:00,7,0,0,
amtrak,amtrak:297728,297728,amtrak:TRE,TRE,8:47:00,8:49:00,8,0,0,
amtrak,amtrak:297728,297728,amtrak:MET,MET,9:10:00,9:11:00,9,0,0,
amtrak,amtrak:297728,297728,amtrak:NWK,NWK,9:25:00,9:26:00,10,0,0,
amtrak,amtrak:297728,297728,amtrak:NYP,NYP,9:45:00,10:00:00,11,0,0,
amtrak,amtrak:297728,297728,amtrak:NRO,NRO,10:27:00,10:27:00,12,0,0,
amtrak,amtrak:297728,297728,amtrak:STM,STM,10:46:00,10:48:00,13,0,0,
amtrak,amtrak:297728,297728,amtrak:BRP,BRP,11:15:00,11:16:00,14,0,0,
amtrak,amtrak:297728,297728,amtrak:NHV,NHV,11:45:00,11:47:00,15,0,0,
amtrak,amtrak:297728,297728,amtrak:OSB,OSB,12:13:00,12:14:00,16,0,0,
amtrak,amtrak:297728,297728,amtrak:NLC,NLC,12:33:00,12:34:00,17,0,0,
amtrak,amtrak:297728,297728,amtrak:MYS,MYS,12:46:00,12:47:00,18,0,0,
amtrak,amtrak:297728,297728,amtrak:KIN,KIN,13:10:00,13:12:00,19,0,0,
amtrak,amtrak:297728,297728,amtrak:PVD,PVD,13:31:00,13:31:00,20,0,0,
amtrak,amtrak:297728,297728,amtrak:RTE,RTE,14:05:00,14:05:00,21,1,0,
amtrak,amtrak:297728,297728,amtrak:BBY,BBY,14:16:00,14:16:00,22,1,0,
amtrak,amtrak:297728,297728,amtrak:BOS,BOS,14:22:00,14:22:00,23,0,0,
amtrak,amtrak:297731,297731,amtrak:WAS,WAS,6:16:00,6:16:00,1,0,0,
amtrak,amtrak:297731,297731,amtrak:NCR,NCR,6:27:00,6:28:00,2,0,0,
amtrak,amtrak:297731,297731,amtrak:BWI,BWI,6:42:00,6:44:00,3,0,0,
amtrak,amtrak:297731,297731,amtrak:BAL,BAL,6:57:00,6:59:00,4,0,0,
amtrak,amtrak:297731,297731,amtrak:ABE,ABE,7:22:00,7:24:00,5,0,0,
amtrak,amtrak:297731,297731,amtrak:WIL,WIL,7:49:00,7:51:00,6,0,0,
amtrak,amtrak:297731,297731,amtrak:PHL,PHL,8:17:00,8:20:00,7,0,0,
amtrak,amtrak:297731,297731,amtrak:TRE,TRE,8:47:00,8:49:00,8,0,0,
amtrak,amtrak:297731,297731,amtrak:MET,MET,9:10:00,9:11:00,9,0,0,
amtrak,amtrak:297731,297731,amtrak:NWK,NWK,9:25:00,9:26:00,10,0,0,
amtrak,amtrak:297731,297731,amtrak:NYP,NYP,9:45:00,10:00:00,11,0,0,
amtrak,amtrak:297731,297731,amtrak:NRO,NRO,10:27:00,10:27:00,12,0,0,
amtrak,amtrak:297731,297731,amtrak:STM,STM,10:46:00,10:48:00,13,0,0,
amtrak,amtrak:297731,297731,amtrak:BRP,BRP,11:15:00,11:16:00,14,0,0,
amtrak,amtrak:297731,297731,amtrak:NHV,NHV,11:45:00,11:47:00,15,0,0,
amtrak,amtrak:297731,297731,amtrak:OSB,OSB,12:13:00,12:14:00,16,0,0,
amtrak,amtrak:297731,297731,amtrak:NLC,NLC,12:33:00,12:34:00,17,0,0,
amtrak,amtrak:297731,297731,amtrak:MYS,MYS,12:46:00,12:47:00,18,0,0,
amtrak,amtrak:297731,297731,amtrak:KIN,KIN,13:10:00,13:12:00,19,0,0,
amtrak,amtrak:297731,297731,amtrak:PVD,PVD,13:31:00,13:31:00,20,0,0,
amtrak,amtrak:297731,297731,amtrak:RTE,RTE,14:05:00,14:05:00,21,1,0,
amtrak,amtrak:297731,297731,amtrak:BBY,BBY,14:16:00,14:16:00,22,1,0,
amtrak,amtrak:297731,297731,amtrak:BOS,BOS,14:22:00,14:22:00,23,0,0,
amtrak,amtrak:297732,297732,amtrak:WAS,WAS,6:20:00,6:20:00,1,0,0,
amtrak,amtrak:297732,297732,amtrak:NCR,NCR,6:31:00,6:32:00,2,0,0,
amtrak,amtrak:297732,297732,amtrak:BWI,BWI,6:46:00,6:48:00,3,0,0,
amtrak,amtrak:297732,297732,amtrak:BAL,BAL,7:01:00,7:03:00,4,0,0,
amtrak,amtrak:297732,297732,amtrak:ABE,ABE,7:24:00,7:26:00,5,0,0,
amtrak,amtrak:297732,297732,amtrak:WIL,WIL,7:53:00,7:55:00,6,0,0,
amtrak,amtrak:297732,297732,amtrak:PHL,PHL,8:17:00,8:20:00,7,0,0,
amtrak,amtrak:297732,297732,amtrak:TRE,TRE,8:47:00,8:49:00,8,0,0,
amtrak,amtrak:297732,297732,amtrak:MET,MET,9:10:00,9:11:00,9,0,0,
amtrak,amtrak:297732,297732,amtrak:NWK,NWK,9:25:00,9:26:00,10,0,0,
amtrak,amtrak:297732,297732,amtrak:NYP,NYP,9:45:00,10:00:00,11,0,0,
amtrak,amtrak:297732,297732,amtrak:NRO,NRO,10:27:00,10:27:00,12,0,0,
amtrak,amtrak:297732,297732,amtrak:STM,STM,10:46:00,10:48:00,13,0,0,
amtrak,amtrak:297732,297732,amtrak:BRP,BRP,11:15:00,11:16:00,14,0,0,
amtrak,amtrak:297732,297732,amtrak:NHV,NHV,11:45:00,11:47:00,15,0,0,
amtrak,amtrak:297732,297732,amtrak:OSB,OSB,12:13:00,12:14:00,16,0,0,
amtrak,amtrak:297732,297732,amtrak:NLC,NLC,12:33:00,12:34:00,17,0,0,
amtrak,amtrak:297732,297732,amtrak:MYS,MYS,12:46:00,12:47:00,18,0,0,
amtrak,amtrak:297732,297732,amtrak:KIN,KIN,13:10:00,13:12:00,19,0,0,
amtrak,amtrak:297732,297732,amtrak:PVD,PVD,13:31:00,13:31:00,20,0,0,
amtrak,amtrak:297732,297732,amtrak:RTE,RTE,14:05:00,14:05:00,21,1,0,
amtrak,amtrak:297732,297732,amtrak:BBY,BBY,14:16:00,14:16:00,22,1,0,
amtrak,amtrak:297732,297732,amtrak:BOS,BOS,14:22:00,14:22:00,23,0,0,
amtrak,amtrak:297733,297733,amtrak:WAS,WAS,6:20:00,6:20:00,1,0,0,
amtrak,amtrak:297733,297733,amtrak:NCR,NCR,6:31:00,6:32:00,2,0,0,
amtrak,amtrak:297733,297733,amtrak:BWI,BWI,6:46:00,6:48:00,3,0,0,
amtrak,amtrak:297733,297733,amtrak:BAL,BAL,7:01:00,7:03:00,4,0,0,
amtrak,amtrak:297733,297733,amtrak:ABE,ABE,7:24:00,7:26:00,5,0,0,
amtrak,amtrak:297733,297733,amtrak:WIL,WIL,7:53:00,7:55:00,6,0,0,
amtrak,amtrak:297733,297733,amtrak:PHL,PHL,8:17:00,8:20:00,7,0,0,
amtrak,amtrak:297733,297733,amtrak:TRE,TRE,8:47:00,8:49:00,8,0,0,
amtrak,amtrak:297733,297733,amtrak:MET,MET,9:10:00,9:11:00,9,0,0,
amtrak,amtrak:297733,297733,amtrak:NWK,NWK,9:25:00,9:26:00,10,0,0,
amtrak,amtrak:297733,297733,amtrak:NYP,NYP,9:45:00,10:00:00,11,0,0,
amtrak,amtrak:297733,297733,amtrak:NRO,NRO,10:27:00,10:27:00,12,0,0,
amtrak,amtrak:297733,297733,amtrak:STM,STM,10:46:00,10:48:00,13,0,0,
amtrak,amtrak:297733,297733,amtrak:BRP,BRP,11:15:00,11:16:00,14,0,0,
amtrak,amtrak:297733,297733,amtrak:NHV,NHV,11:45:00,11:47:00,15,0,0,
amtrak,amtrak:297733,297733,amtrak:OSB,OSB,12:13:00,12:14:00,16,0,0,
amtrak,amtrak:297733,297733,amtrak:NLC,NLC,12:33:00,12:34:00,17,0,0,
amtrak,amtrak:297733,297733,amtrak:MYS,MYS,12:46:00,12:47:00,18,0,0,
amtrak,amtrak:297733,297733,amtrak:KIN,KIN,13:10:00,13:12:00,19,0,0,
amtrak,amtrak:297733,297733,amtrak:PVD,PVD,13:31:00,13:31:00,20,0,0,
amtrak,amtrak:297733,297733,amtrak:RTE,RTE,14:05:00,14:05:00,21,1,0,
amtrak,amtrak:297733,297733,amtrak:BBY,BBY,14:16:00,14:16:00,22,1,0,
amtrak,amtrak:297733,297733,amtrak:BOS,BOS,14:22:00,14:22:00,23,0,0,
amtrak,amtrak:297734,297734,amtrak:WAS,WAS,6:20:00,6:20:00,1,0,0,
amtrak,amtrak:297734,297734,amtrak:NCR,NCR,6:31:00,6:32:00,2,0,0,
amtrak,amtrak:297734,297734,amtrak:BWI,BWI,6:46:00,6:48:00,3,0,0,
amtrak,amtrak:297734,297734,amtrak:BAL,BAL,7:01:00,7:03:00,4,0,0,
amtrak,amtrak:297734,297734,amtrak:ABE,ABE,7:24:00,7:26:00,5,0,0,
amtrak,amtrak:297734,297734,amtrak:WIL,WIL,7:53:00,7:55:00,6,0,0,
amtrak,amtrak:297734,297734,amtrak:PHL,PHL,8:17:00,8:20:00,7,0,0,
amtrak,amtrak:297734,297734,amtrak:TRE,TRE,8:47:00,8:49:00,8,0,0,
amtrak,amtrak:297734,297734,amtrak:MET,MET,9:10:00,9:11:00,9,0,0,
amtrak,amtrak:297734,297734,amtrak:NWK,NWK,9:25:00,9:26:00,10,0,0,
amtrak,amtrak:297734,297734,amtrak:NYP,NYP,9:45:00,10:00:00,11,0,0,
amtrak,amtrak:297734,297734,amtrak:NRO,NRO,10:27:00,10:27:00,12,0,0,
amtrak,amtrak:297734,297734,amtrak:STM,STM,10:46:00,10:48:00,13,0,0,
amtrak,amtrak:297734,297734,amtrak:BRP,BRP,11:15:00,11:16:00,14,0,0,
amtrak,amtrak:297734,297734,amtrak:NHV,NHV,11:45:00,11:47:00,15,0,0,
amtrak,amtrak:297734,297734,amtrak:OSB,OSB,12:13:00,12:14:00,16,0,0,
amtrak,amtrak:297734,297734,amtrak:NLC,NLC,12:33:00,12:34:00,17,0,0,
amtrak,amtrak:297734,297734,amtrak:MYS,MYS,12:46:00,12:47:00,18,0,0,
amtrak,amtrak:297734,297734,amtrak:KIN,KIN,13:10:00,13:12:00,19,0,0,
amtrak,amtrak:297734,297734,amtrak:PVD,PVD,13:31:00,13:31:00,20,0,0,
amtrak,amtrak:297734,297734,amtrak:RTE,RTE,14:05:00,14:05:00,21,1,0,
amtrak,amtrak:297734,297734,amtrak:BBY,BBY,14:16:00,14:16:00,22,1,0,
amtrak,amtrak:297734,297734,amtrak:BOS,BOS,14:22:00,14:22:00,23,0,0,
amtrak,amtrak:297735,297735,amtrak:WAS,WAS,6:20:00,6:20:00,1,0,0,
amtrak,amtrak:297735,297735,amtrak:NCR,NCR,6:31:00,6:32:00,2,0,0,
amtrak,amtrak:297735,297735,amtrak:BWI,BWI,6:46:00,6:48:00,3,0,0,
amtrak,amtrak:297735,297735,amtrak:BAL,BAL,7:01:00,7:03:00,4,0,0,
amtrak,amtrak:297735,297735,amtrak:ABE,ABE,7:24:00,7:26:00,5,0,0,
amtrak,amtrak:297735,297735,amtrak:WIL,WIL,7:53:00,7:55:00,6,0,0,
amtrak,amtrak:297735,297735,amtrak:PHL,PHL,8:17:00,8:20:00,7,0,0,
amtrak,amtrak:297735,297735,amtrak:TRE,TRE,8:47:00,8:49:00,8,0,0,
amtrak,amtrak:297735,297735,amtrak:MET,MET,9:10:00,9:11:00,9,0,0,
amtrak,amtrak:297735,297735,amtrak:NWK,NWK,9:25:00,9:26:00,10,0,0,
amtrak,amtrak:297735,297735,amtrak:NYP,NYP,9:45:00,10:00:00,11,0,0,
amtrak,amtrak:297735,297735,amtrak:NRO,NRO,10:27:00,10:27:00,12,0,0,
amtrak,amtrak:297735,297735,amtrak:STM,STM,10:46:00,10:48:00,13,0,0,
amtrak,amtrak:297735,297735,amtrak:BRP,BRP,11:15:00,11:16:00,14,0,0,
amtrak,amtrak:297735,297735,amtrak:NHV,NHV,11:45:00,11:47:00,15,0,0,
amtrak,amtrak:297735,297735,amtrak:OSB,OSB,12:13:00,12:14:00,16,0,0,
amtrak,amtrak:297735,297735,amtrak:NLC,NLC,12:33:00,12:34:00,17,0,0,
amtrak,amtrak:297735,297735,amtrak:MYS,MYS,12:46:00,12:47:00,18,0,0,
amtrak,amtrak:297735,297735,amtrak:KIN,KIN,13:10:00,13:12:00,19,0,0,
amtrak,amtrak:297735,297735,amtrak:PVD,PVD,13:31:00,13:31:00,20,0,0,
amtrak,amtrak:297735,297735,amtrak:RTE,RTE,14:05:00,14:05:00,21,1,0,
amtrak,amtrak:297735,297735,amtrak:BBY,BBY,14:16:00,14:16:00,22,1,0,
amtrak,amtrak:297735,297735,amtrak:BOS,BOS,14:22:00,14:22:00,23,0,0,
amtrak,amtrak:297759,297759,amtrak:WAS,WAS,11:25:00,11:25:00,1,0,0,
amtrak,amtrak:297759,297759,amtrak:NCR,NCR,11:36:00,11:37:00,2,0,0,
amtrak,amtrak:297759,297759,amtrak:BWI,BWI,11:52:00,11:54:00,3,0,0,
amtrak,amtrak:297759,297759,amtrak:BAL,BAL,12:07:00,12:09:00,4,0,0,
amtrak,amtrak:297759,297759,amtrak:WIL,WIL,12:53:00,12:55:00,5,0,0,
amtrak,amtrak:297759,297759,amtrak:PHL,PHL,13:19:00,13:22:00,6,0,0,
amtrak,amtrak:297759,297759,amtrak:TRE,TRE,13:47:00,13:49:00,7,0,0,
amtrak,amtrak:297759,297759,amtrak:MET,MET,14:10:00,14:11:00,8,0,0,
amtrak,amtrak:297759,297759,amtrak:EWR,EWR,14:22:00,14:23:00,9,0,0,
amtrak,amtrak:297759,297759,amtrak:NWK,NWK,14:27:00,14:29:00,10,0,0,
amtrak,amtrak:297759,297759,amtrak:NYP,NYP,14:47:00,15:00:00,11,0,0,
amtrak,amtrak:297759,297759,amtrak:NRO,NRO,15:27:00,15:27:00,12,0,0,
amtrak,amtrak:297759,297759,amtrak:STM,STM,15:46:00,15:48:00,13,0,0,
amtrak,amtrak:297759,297759,amtrak:BRP,BRP,16:15:00,16:16:00,14,0,0,
amtrak,amtrak:297759,297759,amtrak:NHV,NHV,16:45:00,16:47:00,15,0,0,
amtrak,amtrak:297759,297759,amtrak:OSB,OSB,17:15:00,17:16:00,16,0,0,
amtrak,amtrak:297759,297759,amtrak:NLC,NLC,17:34:00,17:36:00,17,0,0,
amtrak,amtrak:297759,297759,amtrak:KIN,KIN,18:06:00,18:08:00,18,0,0,
amtrak,amtrak:297759,297759,amtrak:PVD,PVD,18:30:00,18:30:00,19,0,0,
amtrak,amtrak:297759,297759,amtrak:RTE,RTE,19:04:00,19:04:00,20,1,0,
amtrak,amtrak:297759,297759,amtrak:BBY,BBY,19:17:00,19:17:00,21,1,0,
amtrak,amtrak:297759,297759,amtrak:BOS,BOS,19:23:00,19:23:00,22,0,0,
amtrak,amtrak:297760,297760,amtrak:WAS,WAS,11:25:00,11:25:00,1,0,0,
amtrak,amtrak:297760,297760,amtrak:NCR,NCR,11:36:00,11:37:00,2,0,0,
amtrak,amtrak:297760,297760,amtrak:BWI,BWI,11:52:00,11:54:00,3,0,0,
amtrak,amtrak:297760,297760,amtrak:BAL,BAL,12:07:00,12:09:00,4,0,0,
amtrak,amtrak:297760,297760,amtrak:WIL,WIL,12:53:00,12:55:00,5,0,0,
amtrak,amtrak:297760,297760,amtrak:PHL,PHL,13:19:00,13:22:00,6,0,0,
amtrak,amtrak:297760,297760,amtrak:TRE,TRE,13:47:00,13:49:00,7,0,0,
amtrak,amtrak:297760,297760,amtrak:MET,MET,14:10:00,14:11:00,8,0,0,
amtrak,amtrak:297760,297760,amtrak:EWR,EWR,14:22:00,14:23:00,9,0,0,
amtrak,amtrak:297760,297760,amtrak:NWK,NWK,14:27:00,14:29:00,10,0,0,
amtrak,amtrak:297760,297760,amtrak:NYP,NYP,14:47:00,15:00:00,11,0,0,
amtrak,amtrak:297760,297760,amtrak:NRO,NRO,15:27:00,15:27:00,12,0,0,
amtrak,amtrak:297760,297760,amtrak:STM,STM,15:46:00,15:48:00,13,0,0,
amtrak,amtrak:297760,297760,amtrak:BRP,BRP,16:15:00,16:16:00,14,0,0,
amtrak,amtrak:297760,297760,amtrak:NHV,NHV,16:45:00,16:47:00,15,0,0,
amtrak,amtrak:297760,297760,amtrak:OSB,OSB,17:15:00,17:16:00,16,0,0,
amtrak,amtrak:297760,297760,amtrak:NLC,NLC,17:34:00,17:36:00,17,0,0,
amtrak,amtrak:297760,297760,amtrak:KIN,KIN,18:06:00,18:08:00,18,0,0,
amtrak,amtrak:297760,297760,amtrak:PVD,PVD,18:30:00,18:30:00,19,0,0,
amtrak,amtrak:297760,297760,amtrak:RTE,RTE,19:04:00,19:04:00,20,1,0,
amtrak,amtrak:297760,297760,amtrak:BBY,BBY,19:17:00,19:17:00,21,1,0,
amtrak,amtrak:297760,297760,amtrak:BOS,BOS,19:23:00,19:23:00,22,0,0,
amtrak,amtrak:297761,297761,amtrak:NHV,NHV,16:45:00,16:47:00,15,0,0,
amtrak,amtrak:297761,297761,amtrak:OSB,OSB,17:15:00,17:16:00,16,0,0,
amtrak,amtrak:297761,297761,amtrak:NLC,NLC,17:34:00,17:36:00,17,0,0,
amtrak,amtrak:297761,297761,amtrak:KIN,KIN,18:06:00,18:08:00,18,0,0,
amtrak,amtrak:297761,297761,amtrak:PVD,PVD,18:30:00,18:30:00,19,0,0,
amtrak,amtrak:297761,297761,amtrak:RTE,RTE,19:04:00,19:04:00,20,1,0,
amtrak,amtrak:297761,297761,amtrak:BBY,BBY,19:17:00,19:17:00,21,1,0,
amtrak,amtrak:297761,297761,amtrak:BOS,BOS,19:23:00,19:23:00,22,0,0,
amtrak,amtrak:297763,297763,amtrak:WAS,WAS,11:25:00,11:25:00,1,0,0,
amtrak,amtrak:297763,297763,amtrak:NCR,NCR,11:36:00,11:37:00,2,0,0,
amtrak,amtrak:297763,297763,amtrak:BWI,BWI,11:52:00,11:54:00,3,0,0,
amtrak,amtrak:297763,297763,amtrak:BAL,BAL,12:07:00,12:09:00,4,0,0,
amtrak,amtrak:297763,297763,amtrak:WIL,WIL,12:53:00,12:55:00,5,0,0,
amtrak,amtrak:297763,297763,amtrak:PHL,PHL,13:19:00,13:22:00,6,0,0,
amtrak,amtrak:297763,297763,amtrak:TRE,TRE,13:47:00,13:49:00,7,0,0,
amtrak,amtrak:297763,297763,amtrak:MET,MET,14:10:00,14:11:00,8,0,0,
amtrak,amtrak:297763,297763,amtrak:EWR,EWR,14:22:00,14:23:00,9,0,0,
amtrak,amtrak:297763,297763,amtrak:NWK,NWK,14:27:00,14:29:00,10,0,0,
amtrak,amtrak:297763,297763,amtrak:NYP,NYP,14:47:00,15:00:00,11,0,0,
amtrak,amtrak:297763,297763,amtrak:NRO,NRO,15:27:00,15:27:00,12,0,0,
amtrak,amtrak:297763,297763,amtrak:STM,STM,15:46:00,15:48:00,13,0,0,
amtrak,amtrak:297763,297763,amtrak:BRP,BRP,16:15:00,16:16:00,14,0,0,
amtrak,amtrak:297763,297763,amtrak:NHV,NHV,16:45:00,16:47:00,15,0,0,
amtrak,amtrak:297763,297763,amtrak:OSB,OSB,17:15:00,17:16:00,16,0,0,
amtrak,amtrak:297763,297763,amtrak:NLC,NLC,17:34:00,17:36:00,17,0,0,
amtrak,amtrak:297763,297763,amtrak:KIN,KIN,18:06:00,18:08:00,18,0,0,
amtrak,amtrak:297763,297763,amtrak:PVD,PVD,18:30:00,18:30:00,19,0,0,
amtrak,amtrak:297763,297763,amtrak:RTE,RTE,19:04:00,19:04:00,20,1,0,
amtrak,amtrak:297763,297763,amtrak:BBY,BBY,19:17:00,19:17:00,21,1,0,
amtrak,amtrak:297763,297763,amtrak:BOS,BOS,19:23:00,19:23:00,22,0,0,
amtrak,amtrak:297764,297764,amtrak:WAS,WAS,11:25:00,11:25:00,1,0,0,
amtrak,amtrak:297764,297764,amtrak:NCR,NCR,11:36:00,11:37:00,2,0,0,
amtrak,amtrak:297764,297764,amtrak:BWI,BWI,11:52:00,11:54:00,3,0,0,
amtrak,amtrak:297764,297764,amtrak:BAL,BAL,12:07:00,12:09:00,4,0,0,
amtrak,amtrak:297764,297764,amtrak:WIL,WIL,12:55:00,12:57:00,5,0,0,
amtrak,amtrak:297764,297764,amtrak:PHL,PHL,13:17:00,13:20:00,6,0,0,
amtrak,amtrak:297764,297764,amtrak:TRE,TRE,13:47:00,13:49:00,7,0,0,
amtrak,amtrak:297764,297764,amtrak:MET,MET,14:10:00,14:11:00,8,0,0,
amtrak,amtrak:297764,297764,amtrak:EWR,EWR,14:22:00,14:23:00,9,0,0,
amtrak,amtrak:297764,297764,amtrak:NWK,NWK,14:27:00,14:29:00,10,0,0,
amtrak,amtrak:297764,297764,amtrak:NYP,NYP,14:47:00,15:00:00,11,0,0,
amtrak,amtrak:297764,297764,amtrak:NRO,NRO,15:27:00,15:27:00,12,0,0,
amtrak,amtrak:297764,297764,amtrak:STM,STM,15:46:00,15:48:00,13,0,0,
amtrak,amtrak:297764,297764,amtrak:BRP,BRP,16:15:00,16:16:00,14,0,0,
amtrak,amtrak:297764,297764,amtrak:NHV,NHV,16:45:00,16:47:00,15,0,0,
amtrak,amtrak:297764,297764,amtrak:OSB,OSB,17:15:00,17:16:00,16,0,0,
amtrak,amtrak:297764,297764,amtrak:NLC,NLC,17:34:00,17:36:00,17,0,0,
amtrak,amtrak:297764,297764,amtrak:KIN,KIN,18:06:00,18:08:00,18,0,0,
amtrak,amtrak:297764,297764,amtrak:PVD,PVD,18:30:00,18:30:00,19,0,0,
amtrak,amtrak:297764,297764,amtrak:RTE,RTE,19:04:00,19:04:00,20,1,0,
amtrak,amtrak:297764,297764,amtrak:BBY,BBY,19:17:00,19:17:00,21,1,0,
amtrak,amtrak:297764,297764,amtrak:BOS,BOS,19:23:00,19:23:00,22,0,0,
amtrak,amtrak:297765,297765,amtrak:WAS,WAS,11:25:00,11:25:00,1,0,0,
amtrak,amtrak:297765,297765,amtrak:NCR,NCR,11:36:00,11:37:00,2,0,0,
amtrak,amtrak:297765,297765,amtrak:BWI,BWI,11:52:00,11:54:00,3,0,0,
amtrak,amtrak:297765,297765,amtrak:BAL,BAL,12:07:00,12:09:00,4,0,0,
amtrak,amtrak:297765,297765,amtrak:WIL,WIL,12:55:00,12:57:00,5,0,0,
amtrak,amtrak:297765,297765,amtrak:PHL,PHL,13:17:00,13:20:00,6,0,0,
amtrak,amtrak:297765,297765,amtrak:TRE,TRE,13:47:00,13:49:00,7,0,0,
amtrak,amtrak:297765,297765,amtrak:MET,MET,14:10:00,14:11:00,8,0,0,
amtrak,amtrak:297765,297765,amtrak:EWR,EWR,14:22:00,14:23:00,9,0,0,
amtrak,amtrak:297765,297765,amtrak:NWK,NWK,14:27:00,14:29:00,10,0,0,
amtrak,amtrak:297765,297765,amtrak:NYP,NYP,14:47:00,15:00:00,11,0,0,
amtrak,amtrak:297765,297765,amtrak:NRO,NRO,15:27:00,15:27:00,12,0,0,
amtrak,amtrak:297765,297765,amtrak:STM,STM,15:46:00,15:48:00,13,0,0,
amtrak,amtrak:297765,297765,amtrak:BRP,BRP,16:15:00,16:16:00,14,0,0,
amtrak,amtrak:297765,297765,amtrak:NHV,NHV,16:45:00,16:47:00,15,0,0,
amtrak,amtrak:297765,297765,amtrak:OSB,OSB,17:15:00,17:16:00,16,0,0,
amtrak,amtrak:297765,297765,amtrak:NLC,NLC,17:34:00,17:36:00,17,0,0,
amtrak,amtrak:297765,297765,amtrak:KIN,KIN,18:06:00,18:08:00,18,0,0,
amtrak,amtrak:297765,297765,amtrak:PVD,PVD,18:30:00,18:30:00,19,0,0,
amtrak,amtrak:297765,297765,amtrak:RTE,RTE,19:04:00,19:04:00,20,1,0,
amtrak,amtrak:297765,297765,amtrak:BBY,BBY,19:17:00,19:17:00,21,1,0,
amtrak,amtrak:297765,297765,amtrak:BOS,BOS,19:23:00,19:23:00,22,0,0,
amtrak,amtrak:297766,297766,amtrak:WAS,WAS,11:25:00,11:25:00,1,0,0,
amtrak,amtrak:297766,297766,amtrak:NCR,NCR,11:36:00,11:37:00,2,0,0,
amtrak,amtrak:297766,297766,amtrak:BWI,BWI,11:52:00,11:54:00,3,0,0,
amtrak,amtrak:297766,297766,amtrak:BAL,BAL,12:07:00,12:09:00,4,0,0,
amtrak,amtrak:297766,297766,amtrak:WIL,WIL,12:55:00,12:57:00,5,0,0,
amtrak,amtrak:297766,297766,amtrak:PHL,PHL,13:17:00,13:20:00,6,0,0,
amtrak,amtrak:297766,297766,amtrak:TRE,TRE,13:47:00,13:49:00,7,0,0,
amtrak,amtrak:297766,297766,amtrak:MET,MET,14:10:00,14:11:00,8,0,0,
amtrak,amtrak:297766,297766,amtrak:EWR,EWR,14:22:00,14:23:00,9,0,0,
amtrak,amtrak:297766,297766,amtrak:NWK,NWK,14:27:00,14:29:00,10,0,0,
amtrak,amtrak:297766,297766,amtrak:NYP,NYP,14:47:00,15:00:00,11,0,0,
amtrak,amtrak:297766,297766,amtrak:NRO,NRO,15:27:00,15:27:00,12,0,0,
amtrak,amtrak:297766,297766,amtrak:STM,STM,15:46:00,15:48:00,13,0,0,
amtrak,amtrak:297766,297766,amtrak:BRP,BRP,16:15:00,16:16:00,14,0,0,
amtrak,amtrak:297766,297766,amtrak:NHV,NHV,16:45:00,16:47:00,15,0,0,
amtrak,amtrak:297766,297766,amtrak:OSB,OSB,17:15:00,17:16:00,16,0,0,
amtrak,amtrak:297766,297766,amtrak:NLC,NLC,17:34:00,17:36:00,17,0,0,
amtrak,amtrak:297766,297766,amtrak:KIN,KIN,18:06:00,18:08:00,18,0,0,
amtrak,amtrak:297766,297766,amtrak:PVD,PVD,18:30:00,18:30:00,19,0,0,
amtrak,amtrak:297766,297766,amtrak:RTE,RTE,19:04:00,19:04:00,20,1,0,
amtrak,amtrak:297766,297766,amtrak:BBY,BBY,19:17:00,19:17:00,21,1,0,
amtrak,amtrak:297766,297766,amtrak:BOS,BOS,19:23:00,19:23:00,22,0,0,
amtrak,amtrak:297767,297767,amtrak:WAS,WAS,11:25:00,11:25:00,1,0,0,
amtrak,amtrak:297767,297767,amtrak:NCR,NCR,11:36:00,11:37:00,2,0,0,
amtrak,amtrak:297767,297767,amtrak:BWI,BWI,11:52:00,11:54:00,3,0,0,
amtrak,amtrak:297767,297767,amtrak:BAL,BAL,12:07:00,12:09:00,4,0,0,
amtrak,amtrak:297767,297767,amtrak:WIL,WIL,12:55:00,12:57:00,5,0,0,
amtrak,amtrak:297767,297767,amtrak:PHL,PHL,13:17:00,13:20:00,6,0,0,
amtrak,amtrak:297767,297767,amtrak:TRE,TRE,13:47:00,13:49:00,7,0,0,
amtrak,amtrak:297767,297767,amtrak:MET,MET,14:10:00,14:11:00,8,0,0,
amtrak,amtrak:297767,297767,amtrak:EWR,EWR,14:22:00,14:23:00,9,0,0,
amtrak,amtrak:297767,297767,amtrak:NWK,NWK,14:27:00,14:29:00,10,0,0,
amtrak,amtrak:297767,297767,amtrak:NYP,NYP,14:47:00,15:00:00,11,0,0,
amtrak,amtrak:297767,297767,amtrak:NRO,NRO,15:27:00,15:27:00,12,0,0,
amtrak,amtrak:297767,297767,amtrak:STM,STM,15:46:00,15:48:00,13,0,0,
amtrak,amtrak:297767,297767,amtrak:BRP,BRP,16:15:00,16:16:00,14,0,0,
amtrak,amtrak:297767,297767,amtrak:NHV,NHV,16:45:00,16:47:00,15,0,0,
amtrak,amtrak:297767,297767,amtrak:OSB,OSB,17:15:00,17:16:00,16,0,0,
amtrak,amtrak:297767,297767,amtrak:NLC,NLC,17:34:00,17:36:00,17,0,0,
amtrak,amtrak:297767,297767,amtrak:KIN,KIN,18:06:00,18:08:00,18,0,0,
amtrak,amtrak:297767,297767,amtrak:PVD,PVD,18:30:00,18:30:00,19,0,0,
amtrak,amtrak:297767,297767,amtrak:RTE,RTE,19:04:00,19:04:00,20,1,0,
amtrak,amtrak:297767,297767,amtrak:BBY,BBY,19:17:00,19:17:00,21,1,0,
amtrak,amtrak:297767,297767,amtrak:BOS,BOS,19:23:00,19:23:00,22,0,0,
amtrak,amtrak:297778,297778,amtrak:WAS,WAS,15:30:00,15:30:00,1,0,0,
amtrak,amtrak:297778,297778,amtrak:BWI,BWI,15:52:00,15:53:00,2,0,0,
amtrak,amtrak:297778,297778,amtrak:BAL,BAL,16:06:00,16:08:00,3,0,0,
amtrak,amtrak:297778,297778,amtrak:NRK,NRK,16:46:00,16:47:00,4,0,0,
amtrak,amtrak:297778,297778,amtrak:WIL,WIL,16:57:00,16:59:00,5,0,0,
amtrak,amtrak:297778,297778,amtrak:PHL,PHL,17:24:00,17:27:00,6,0,0,
amtrak,amtrak:297778,297778,amtrak:PJC,PJC,18:00:00,18:02:00,7,0,0,
amtrak,amtrak:297778,297778,amtrak:MET,MET,18:18:00,18:19:00,8,0,0,
amtrak,amtrak:297778,297778,amtrak:EWR,EWR,18:31:00,18:33:00,9,0,0,
amtrak,amtrak:297778,297778,amtrak:NWK,NWK,18:37:00,18:38:00,10,1,0,
amtrak,amtrak:297778,297778,amtrak:NYP,NYP,18:58:00,19:12:00,11,0,0,
amtrak,amtrak:297778,297778,amtrak:NRO,NRO,19:44:00,19:44:00,12,0,0,
amtrak,amtrak:297778,297778,amtrak:STM,STM,20:03:00,20:05:00,13,0,0,
amtrak,amtrak:297778,297778,amtrak:BRP,BRP,20:32:00,20:33:00,14,0,0,
amtrak,amtrak:297778,297778,amtrak:NHV,NHV,20:59:00,21:01:00,15,0,0,
amtrak,amtrak:297778,297778,amtrak:OSB,OSB,21:29:00,21:31:00,16,0,0,
amtrak,amtrak:297778,297778,amtrak:NLC,NLC,21:53:00,21:55:00,17,0,0,
amtrak,amtrak:297778,297778,amtrak:WLY,WLY,22:14:00,22:16:00,18,0,0,
amtrak,amtrak:297778,297778,amtrak:KIN,KIN,22:29:00,22:29:00,19,0,0,
amtrak,amtrak:297778,297778,amtrak:PVD,PVD,22:52:00,22:52:00,20,0,0,
amtrak,amtrak:297778,297778,amtrak:RTE,RTE,23:31:00,23:31:00,21,1,0,
amtrak,amtrak:297778,297778,amtrak:BBY,BBY,23:43:00,23:43:00,22,1,0,
amtrak,amtrak:297778,297778,amtrak:BOS,BOS,23:50:00,23:50:00,23,0,0,
amtrak,amtrak:297780,297780,amtrak:WAS,WAS,15:30:00,15:30:00,1,0,0,
amtrak,amtrak:297780,297780,amtrak:BWI,BWI,15:52:00,15:53:00,2,0,0,
amtrak,amtrak:297780,297780,amtrak:BAL,BAL,16:06:00,16:08:00,3,0,0,
amtrak,amtrak:297780,297780,amtrak:NRK,NRK,16:46:00,16:47:00,4,0,0,
amtrak,amtrak:297780,297780,amtrak:WIL,WIL,16:57:00,16:59:00,5,0,0,
amtrak,amtrak:297780,297780,amtrak:PHL,PHL,17:24:00,17:27:00,6,0,0,
amtrak,amtrak:297780,297780,amtrak:PJC,PJC,18:00:00,18:02:00,7,0,0,
amtrak,amtrak:297780,297780,amtrak:MET,MET,18:18:00,18:19:00,8,0,0,
amtrak,amtrak:297780,297780,amtrak:EWR,EWR,18:31:00,18:33:00,9,0,0,
amtrak,amtrak:297780,297780,amtrak:NWK,NWK,18:37:00,18:38:00,10,1,0,
amtrak,amtrak:297780,297780,amtrak:NYP,NYP,18:58:00,19:12:00,11,0,0,
amtrak,amtrak:297780,297780,amtrak:NRO,NRO,19:44:00,19:44:00,12,0,0,
amtrak,amtrak:297780,297780,amtrak:STM,STM,20:03:00,20:05:00,13,0,0,
amtrak,amtrak:297780,297780,amtrak:BRP,BRP,20:32:00,20:33:00,14,0,0,
amtrak,amtrak:297780,297780,amtrak:NHV,NHV,20:59:00,21:01:00,15,0,0,
amtrak,amtrak:297780,297780,amtrak:OSB,OSB,21:29:00,21:31:00,16,0,0,
amtrak,amtrak:297780,297780,amtrak:NLC,NLC,21:53:00,21:55:00,17,0,0,
amtrak,amtrak:297780,297780,amtrak:WLY,WLY,22:14:00,22:16:00,18,0,0,
amtrak,amtrak:297780,297780,amtrak:KIN,KIN,22:29:00,22:29:00,19,0,0,
amtrak,amtrak:297780,297780,amtrak:PVD,PVD,22:52:00,22:52:00,20,0,0,
amtrak,amtrak:297780,297780,amtrak:RTE,RTE,23:31:00,23:31:00,21,1,0,
amtrak,amtrak:297780,297780,amtrak:BBY,BBY,23:43:00,23:43:00,22,1,0,
amtrak,amtrak:297780,297780,amtrak:BOS,BOS,23:50:00,23:50:00,23,0,0,
amtrak,amtrak:297783,297783,amtrak:WAS,WAS,15:30:00,15:30:00,1,0,0,
amtrak,amtrak:297783,297783,amtrak:BWI,BWI,15:52:00,15:53:00,2,0,0,
amtrak,amtrak:297783,297783,amtrak:BAL,BAL,16:06:00,16:08:00,3,0,0,
amtrak,amtrak:297783,297783,amtrak:NRK,NRK,16:46:00,16:47:00,4,0,0,
amtrak,amtrak:297783,297783,amtrak:WIL,WIL,16:58:00,17:00:00,5,0,0,
amtrak,amtrak:297783,297783,amtrak:PHL,PHL,17:23:00,17:26:00,6,0,0,
amtrak,amtrak:297783,297783,amtrak:PJC,PJC,18:00:00,18:02:00,7,0,0,
amtrak,amtrak:297783,297783,amtrak:MET,MET,18:18:00,18:19:00,8,0,0,
amtrak,amtrak:297783,297783,amtrak:EWR,EWR,18:31:00,18:33:00,9,0,0,
amtrak,amtrak:297783,297783,amtrak:NWK,NWK,18:37:00,18:38:00,10,1,0,
amtrak,amtrak:297783,297783,amtrak:NYP,NYP,18:58:00,19:12:00,11,0,0,
amtrak,amtrak:297783,297783,amtrak:NRO,NRO,19:44:00,19:44:00,12,0,0,
amtrak,amtrak:297783,297783,amtrak:STM,STM,20:03:00,20:05:00,13,0,0,
amtrak,amtrak:297783,297783,amtrak:BRP,BRP,20:32:00,20:33:00,14,0,0,
amtrak,amtrak:297783,297783,amtrak:NHV,NHV,20:59:00,21:01:00,15,0,0,
amtrak,amtrak:297783,297783,amtrak:OSB,OSB,21:29:00,21:31:00,16,0,0,
amtrak,amtrak:297783,297783,amtrak:NLC,NLC,21:53:00,21:55:00,17,0,0,
amtrak,amtrak:297783,297783,amtrak:WLY,WLY,22:14:00,22:16:00,18,0,0,
amtrak,amtrak:297783,297783,amtrak:KIN,KIN,22:29:00,22:29:00,19,0,0,
amtrak,amtrak:297783,297783,amtrak:PVD,PVD,22:52:00,22:52:00,20,0,0,
amtrak,amtrak:297783,297783,amtrak:RTE,RTE,23:31:00,23:31:00,21,1,0,
amtrak,amtrak:297783,297783,amtrak:BBY,BBY,23:43:00,23:43:00,22,1,0,
amtrak,amtrak:297783,297783,amtrak:BOS,BOS,23:50:00,23:50:00,23,0,0,
amtrak,amtrak:297785,297785,amtrak:WAS,WAS,15:30:00,15:30:00,1,0,0,
amtrak,amtrak:297785,297785,amtrak:BWI,BWI,15:52:00,15:53:00,2,0,0,
amtrak,amtrak:297785,297785,amtrak:BAL,BAL,16:06:00,16:08:00,3,0,0,
amtrak,amtrak:297785,297785,amtrak:NRK,NRK,16:46:00,16:47:00,4,0,0,
amtrak,amtrak:297785,297785,amtrak:WIL,WIL,16:58:00,17:00:00,5,0,0,
amtrak,amtrak:297785,297785,amtrak:PHL,PHL,17:23:00,17:26:00,6,0,0,
amtrak,amtrak:297785,297785,amtrak:PJC,PJC,18:00:00,18:02:00,7,0,0,
amtrak,amtrak:297785,297785,amtrak:MET,MET,18:18:00,18:19:00,8,0,0,
amtrak,amtrak:297785,297785,amtrak:EWR,EWR,18:31:00,18:33:00,9,0,0,
amtrak,amtrak:297785,297785,amtrak:NWK,NWK,18:37:00,18:38:00,10,1,0,
amtrak,amtrak:297785,297785,amtrak:NYP,NYP,18:58:00,19:12:00,11,0,0,
amtrak,amtrak:297785,297785,amtrak:NRO,NRO,19:44:00,19:44:00,12,0,0,
amtrak,amtrak:297785,297785,amtrak:STM,STM,20:03:00,20:05:00,13,0,0,
amtrak,amtrak:297785,297785,amtrak:BRP,BRP,20:32:00,20:33:00,14,0,0,
amtrak,amtrak:297785,297785,amtrak:NHV,NHV,20:59:00,21:01:00,15,0,0,
amtrak,amtrak:297785,297785,amtrak:OSB,OSB,21:29:00,21:31:00,16,0,0,
amtrak,amtrak:297785,297785,amtrak:NLC,NLC,21:53:00,21:55:00,17,0,0,
amtrak,amtrak:297785,297785,amtrak:WLY,WLY,22:14:00,22:16:00,18,0,0,
amtrak,amtrak:297785,297785,amtrak:KIN,KIN,22:29:00,22:29:00,19,0,0,
amtrak,amtrak:297785,297785,amtrak:PVD,PVD,22:52:00,22:52:00,20,0,0,
amtrak,amtrak:297785,297785,amtrak:RTE,RTE,23:31:00,23:31:00,21,1,0,
amtrak,amtrak:297785,297785,amtrak:BBY,BBY,23:43:00,23:43:00,22,1,0,
amtrak,amtrak:297785,297785,amtrak:BOS,BOS,23:50:00,23:50:00,23,0,0,
amtrak,amtrak:297787,297787,amtrak:WAS,WAS,15:30:00,15:30:00,1,0,0,
amtrak,amtrak:297787,297787,amtrak:BWI,BWI,15:52:00,15:53:00,2,0,0,
amtrak,amtrak:297787,297787,amtrak:BAL,BAL,16:06:00,16:08:00,3,0,0,
amtrak,amtrak:297787,297787,amtrak:NRK,NRK,16:46:00,16:47:00,4,0,0,
amtrak,amtrak:297787,297787,amtrak:WIL,WIL,16:58:00,17:00:00,5,0,0,
amtrak,amtrak:297787,297787,amtrak:PHL,PHL,17:23:00,17:26:00,6,0,0,
amtrak,amtrak:297787,297787,amtrak:PJC,PJC,18:00:00,18:02:00,7,0,0,
amtrak,amtrak:297787,297787,amtrak:MET,MET,18:18:00,18:19:00,8,0,0,
amtrak,amtrak:297787,297787,amtrak:EWR,EWR,18:31:00,18:33:00,9,0,0,
amtrak,amtrak:297787,297787,amtrak:NWK,NWK,18:37:00,18:38:00,10,1,0,
amtrak,amtrak:297787,297787,amtrak:NYP,NYP,18:58:00,19:12:00,11,0,0,
amtrak,amtrak:297787,297787,amtrak:NRO,NRO,19:44:00,19:44:00,12,0,0,
amtrak,amtrak:297787,297787,amtrak:STM,STM,20:03:00,20:05:00,13,0,0,
amtrak,amtrak:297787,297787,amtrak:BRP,BRP,20:32:00,20:33:00,14,0,0,
amtrak,amtrak:297787,297787,amtrak:NHV,NHV,20:59:00,21:01:00,15,0,0,
amtrak,amtrak:297787,297787,amtrak:OSB,OSB,21:29:00,21:31:00,16,0,0,
amtrak,amtrak:297787,297787,amtrak:NLC,NLC,21:53:00,21:55:00,17,0,0,
amtrak,amtrak:297787,297787,amtrak:WLY,WLY,22:14:00,22:16:00,18,0,0,
amtrak,amtrak:297787,297787,amtrak:KIN,KIN,22:29:00,22:29:00,19,0,0,
amtrak,amtrak:297787,297787,amtrak:PVD,PVD,22:52:00,22:52:00,20,0,0,
amtrak,amtrak:297787,297787,amtrak:RTE,RTE,23:31:00,23:31:00,21,1,0,
amtrak,amtrak:297787,297787,amtrak:BBY,BBY,23:43:00,23:43:00,22,1,0,
amtrak,amtrak:297787,297787,amtrak:BOS,BOS,23:50:00,23:50:00,23,0,0,
amtrak,amtrak:297788,297788,amtrak:WAS,WAS,15:30:00,15:30:00,1,0,0,
amtrak,amtrak:297788,297788,amtrak:BWI,BWI,15:52:00,15:53:00,2,0,0,
amtrak,amtrak:297788,297788,amtrak:BAL,BAL,16:06:00,16:08:00,3,0,0,
amtrak,amtrak:297788,297788,amtrak:NRK,NRK,16:46:00,16:47:00,4,0,0,
amtrak,amtrak:297788,297788,amtrak:WIL,WIL,16:58:00,17:00:00,5,0,0,
amtrak,amtrak:297788,297788,amtrak:PHL,PHL,17:23:00,17:26:00,6,0,0,
amtrak,amtrak:297788,297788,amtrak:PJC,PJC,18:00:00,18:02:00,7,0,0,
amtrak,amtrak:297788,297788,amtrak:MET,MET,18:18:00,18:19:00,8,0,0,
amtrak,amtrak:297788,297788,amtrak:EWR,EWR,18:31:00,18:33:00,9,0,0,
amtrak,amtrak:297788,297788,amtrak:NWK,NWK,18:37:00,18:38:00,10,1,0,
amtrak,amtrak:297788,297788,amtrak:NYP,NYP,18:58:00,19:12:00,11,0,0,
amtrak,amtrak:297788,297788,amtrak:NRO,NRO,19:44:00,19:44:00,12,0,0,
amtrak,amtrak:297788,297788,amtrak:STM,STM,20:03:00,20:05:00,13,0,0,
amtrak,amtrak:297788,297788,amtrak:BRP,BRP,20:32:00,20:33:00,14,0,0,
amtrak,amtrak:297788,297788,amtrak:NHV,NHV,20:59:00,21:01:00,15,0,0,
amtrak,amtrak:297788,297788,amtrak:OSB,OSB,21:29:00,21:31:00,16,0,0,
amtrak,amtrak:297788,297788,amtrak:NLC,NLC,21:53:00,21:55:00,17,0,0,
amtrak,amtrak:297788,297788,amtrak:WLY,WLY,22:14:00,22:16:00,18,0,0,
amtrak,amtrak:297788,297788,amtrak:KIN,KIN,22:29:00,22:29:00,19,0,0,
amtrak,amtrak:297788,297788,amtrak:PVD,PVD,22:52:00,22:52:00,20,0,0,
amtrak,amtrak:297788,297788,amtrak:RTE,RTE,23:31:00,23:31:00,21,1,0,
amtrak,amtrak:297788,297788,amtrak:BBY,BBY,23:43:00,23:43:00,22,1,0,
amtrak,amtrak:297788,297788,amtrak:BOS,BOS,23:50:00,23:50:00,23,0,0,
amtrak,amtrak:297821,297821,amtrak:WAS,WAS,12:52:00,12:52:00,1,0,0,
amtrak,amtrak:297821,297821,amtrak:BAL,BAL,13:22:00,13:24:00,2,0,0,
amtrak,amtrak:297821,297821,amtrak:WIL,WIL,14:07:00,14:08:00,3,0,0,
amtrak,amtrak:297821,297821,amtrak:PHL,PHL,14:32:00,14:35:00,4,0,0,
amtrak,amtrak:297821,297821,amtrak:MET,MET,15:18:00,15:19:00,5,0,0,
amtrak,amtrak:297821,297821,amtrak:NWK,NWK,15:35:00,15:36:00,6,0,0,
amtrak,amtrak:297821,297821,amtrak:NYP,NYP,15:53:00,16:02:00,7,0,0,
amtrak,amtrak:297821,297821,amtrak:STM,STM,16:47:00,16:48:00,8,0,0,
amtrak,amtrak:297821,297821,amtrak:NHV,NHV,17:37:00,17:38:00,9,0,0,
amtrak,amtrak:297821,297821,amtrak:PVD,PVD,19:14:00,19:14:00,10,0,0,
amtrak,amtrak:297821,297821,amtrak:RTE,RTE,19:44:00,19:45:00,11,1,0,
amtrak,amtrak:297821,297821,amtrak:BBY,BBY,19:54:00,19:55:00,12,1,0,
amtrak,amtrak:297821,297821,amtrak:BOS,BOS,20:00:00,20:00:00,13,0,0,
amtrak,amtrak:297825,297825,amtrak:WAS,WAS,12:52:00,12:52:00,1,0,0,
amtrak,amtrak:297825,297825,amtrak:BAL,BAL,13:22:00,13:24:00,2,0,0,
amtrak,amtrak:297825,297825,amtrak:WIL,WIL,14:07:00,14:08:00,3,0,0,
amtrak,amtrak:297825,297825,amtrak:PHL,PHL,14:32:00,14:35:00,4,0,0,
amtrak,amtrak:297825,297825,amtrak:MET,MET,15:18:00,15:19:00,5,0,0,
amtrak,amtrak:297825,297825,amtrak:NWK,NWK,15:35:00,15:36:00,6,0,0,
amtrak,amtrak:297825,297825,amtrak:NYP,NYP,15:53:00,16:02:00,7,0,0,
amtrak,amtrak:297825,297825,amtrak:STM,STM,16:47:00,16:48:00,8,0,0,
amtrak,amtrak:297825,297825,amtrak:NHV,NHV,17:37:00,17:38:00,9,0,0,
amtrak,amtrak:297825,297825,amtrak:PVD,PVD,19:14:00,19:14:00,10,0,0,
amtrak,amtrak:297825,297825,amtrak:RTE,RTE,19:44:00,19:45:00,11,1,0,
amtrak,amtrak:297825,297825,amtrak:BBY,BBY,19:54:00,19:55:00,12,1,0,
amtrak,amtrak:297825,297825,amtrak:BOS,BOS,20:00:00,20:00:00,13,0,0,
amtrak,amtrak:297828,297828,amtrak:WAS,WAS,12:55:00,12:55:00,1,0,0,
amtrak,amtrak:297828,297828,amtrak:BAL,BAL,13:25:00,13:27:00,2,0,0,
amtrak,amtrak:297828,297828,amtrak:WIL,WIL,14:10:00,14:11:00,3,0,0,
amtrak,amtrak:297828,297828,amtrak:PHL,PHL,14:32:00,14:35:00,4,0,0,
amtrak,amtrak:297828,297828,amtrak:MET,MET,15:18:00,15:19:00,5,0,0,
amtrak,amtrak:297828,297828,amtrak:NWK,NWK,15:35:00,15:36:00,6,0,0,
amtrak,amtrak:297828,297828,amtrak:NYP,NYP,15:53:00,16:02:00,7,0,0,
amtrak,amtrak:297828,297828,amtrak:STM,STM,16:47:00,16:48:00,8,0,0,
amtrak,amtrak:297828,297828,amtrak:NHV,NHV,17:37:00,17:38:00,9,0,0,
amtrak,amtrak:297828,297828,amtrak:PVD,PVD,19:14:00,19:14:00,10,0,0,
amtrak,amtrak:297828,297828,amtrak:RTE,RTE,19:44:00,19:45:00,11,1,0,
amtrak,amtrak:297828,297828,amtrak:BBY,BBY,19:54:00,19:55:00,12,1,0,
amtrak,amtrak:297828,297828,amtrak:BOS,BOS,20:00:00,20:00:00,13,0,0,
amtrak,amtrak:297829,297829,amtrak:WAS,WAS,12:55:00,12:55:00,1,0,0,
amtrak,amtrak:297829,297829,amtrak:BAL,BAL,13:25:00,13:27:00,2,0,0,
amtrak,amtrak:297829,297829,amtrak:WIL,WIL,14:10:00,14:11:00,3,0,0,
amtrak,amtrak:297829,297829,amtrak:PHL,PHL,14:32:00,14:35:00,4,0,0,
amtrak,amtrak:297829,297829,amtrak:MET,MET,15:18:00,15:19:00,5,0,0,
amtrak,amtrak:297829,297829,amtrak:NWK,NWK,15:35:00,15:36:00,6,0,0,
amtrak,amtrak:297829,297829,amtrak:NYP,NYP,15:53:00,16:02:00,7,0,0,
amtrak,amtrak:297829,297829,amtrak:STM,STM,16:47:00,16:48:00,8,0,0,
amtrak,amtrak:297829,297829,amtrak:NHV,NHV,17:37:00,17:38:00,9,0,0,
amtrak,amtrak:297829,297829,amtrak:PVD,PVD,19:14:00,19:14:00,10,0,0,
amtrak,amtrak:297829,297829,amtrak:RTE,RTE,19:44:00,19:45:00,11,1,0,
amtrak,amtrak:297829,297829,amtrak:BBY,BBY,19:54:00,19:55:00,12,1,0,
amtrak,amtrak:297829,297829,amtrak:BOS,BOS,20:00:00,20:00:00,13,0,0,
amtrak,amtrak:297830,297830,amtrak:WAS,WAS,12:55:00,12:55:00,1,0,0,
amtrak,amtrak:297830,297830,amtrak:BAL,BAL,13:25:00,13:27:00,2,0,0,
amtrak,amtrak:297830,297830,amtrak:WIL,WIL,14:10:00,14:11:00,3,0,0,
amtrak,amtrak:297830,297830,amtrak:PHL,PHL,14:32:00,14:35:00,4,0,0,
amtrak,amtrak:297830,297830,amtrak:MET,MET,15:18:00,15:19:00,5,0,0,
amtrak,amtrak:297830,297830,amtrak:NWK,NWK,15:35:00,15:36:00,6,0,0,
amtrak,amtrak:297830,297830,amtrak:NYP,NYP,15:53:00,16:02:00,7,0,0,
amtrak,amtrak:297830,297830,amtrak:STM,STM,16:47:00,16:48:00,8,0,0,
amtrak,amtrak:297830,297830,amtrak:NHV,NHV,17:37:00,17:38:00,9,0,0,
amtrak,amtrak:297830,297830,amtrak:PVD,PVD,19:14:00,19:14:00,10,0,0,
amtrak,amtrak:297830,297830,amtrak:RTE,RTE,19:44:00,19:45:00,11,1,0,
amtrak,amtrak:297830,297830,amtrak:BBY,BBY,19:54:00,19:55:00,12,1,0,
amtrak,amtrak:297830,297830,amtrak:BOS,BOS,20:00:00,20:00:00,13,0,0,
amtrak,amtrak:297996,297996,amtrak:SPG,SPG,5:50:00,5:50:00,1,0,0,
amtrak,amtrak:297996,297996,amtrak:WNL,WNL,6:09:00,6:09:00,2,0,0,
amtrak,amtrak:297996,297996,amtrak:WND,WND,6:14:00,6:14:00,3,0,0,
amtrak,amtrak:297996,297996,amtrak:HFD,HFD,6:22:00,6:24:00,4,0,0,
amtrak,amtrak:297996,297996,amtrak:BER,BER,6:34:00,6:34:00,5,0,0,
amtrak,amtrak:297996,297996,amtrak:MDN,MDN,6:43:00,6:43:00,6,0,0,
amtrak,amtrak:297996,297996,amtrak:WFD,WFD,6:52:00,6:52:00,7,0,0,
amtrak,amtrak:297996,297996,amtrak:STS,STS,7:05:00,7:05:00,8,0,0,
amtrak,amtrak:297996,297996,amtrak:NHV,NHV,7:09:00,7:35:00,9,0,0,
amtrak,amtrak:297996,297996,amtrak:BRP,BRP,7:54:00,7:56:00,10,0,0,
amtrak,amtrak:297996,297996,amtrak:STM,STM,8:23:00,8:25:00,11,0,0,
amtrak,amtrak:297996,297996,amtrak:NRO,NRO,8:45:00,8:47:00,12,0,0,
amtrak,amtrak:297996,297996,amtrak:NYP,NYP,9:25:00,9:58:00,13,0,0,
amtrak,amtrak:297996,297996,amtrak:NWK,NWK,10:14:00,10:15:00,14,0,0,
amtrak,amtrak:297996,297996,amtrak:EWR,EWR,10:20:00,10:21:00,15,0,0,
amtrak,amtrak:297996,297996,amtrak:MET,MET,10:33:00,10:35:00,16,0,0,
amtrak,amtrak:297996,297996,amtrak:TRE,TRE,10:55:00,10:58:00,17,0,0,
amtrak,amtrak:297996,297996,amtrak:PHL,PHL,11:24:00,11:27:00,18,0,0,
amtrak,amtrak:297996,297996,amtrak:WIL,WIL,11:48:00,11:50:00,19,0,0,
amtrak,amtrak:297996,297996,amtrak:BAL,BAL,12:40:00,12:42:00,20,0,0,
amtrak,amtrak:297996,297996,amtrak:WAS,WAS,13:22:00,13:22:00,21,0,0,
amtrak,amtrak:297998,297998,amtrak:BOS,BOS,6:05:00,6:05:00,1,0,0,
amtrak,amtrak:297998,297998,amtrak:BBY,BBY,6:09:00,6:10:00,2,0,0,
amtrak,amtrak:297998,297998,amtrak:RTE,RTE,6:18:00,6:20:00,3,0,0,
amtrak,amtrak:297998,297998,amtrak:PVD,PVD,6:39:00,6:41:00,4,0,0,
amtrak,amtrak:297998,297998,amtrak:NHV,NHV,8:08:00,8:10:00,5,0,0,
amtrak,amtrak:297998,297998,amtrak:STM,STM,8:53:00,8:55:00,6,0,0,
amtrak,amtrak:297998,297998,amtrak:NYP,NYP,9:51:00,10:03:00,7,0,0,
amtrak,amtrak:297998,297998,amtrak:NWK,NWK,10:16:00,10:17:00,8,0,0,
amtrak,amtrak:297998,297998,amtrak:MET,MET,10:29:00,10:31:00,9,0,0,
amtrak,amtrak:297998,297998,amtrak:PHL,PHL,11:15:00,11:17:00,10,0,0,
amtrak,amtrak:297998,297998,amtrak:WIL,WIL,11:38:00,11:40:00,11,0,0,
amtrak,amtrak:297998,297998,amtrak:BAL,BAL,12:26:00,12:28:00,12,0,0,
amtrak,amtrak:297998,297998,amtrak:BWI,BWI,12:39:00,12:41:00,13,0,0,
amtrak,amtrak:297998,297998,amtrak:WAS,WAS,13:08:00,13:08:00,14,0,0,
amtrak,amtrak:298007,298007,amtrak:BOS,BOS,6:25:00,6:25:00,1,0,0,
amtrak,amtrak:298007,298007,amtrak:BBY,BBY,6:29:00,6:30:00,2,0,0,
amtrak,amtrak:298007,298007,amtrak:RTE,RTE,6:39:00,6:40:00,3,0,0,
amtrak,amtrak:298007,298007,amtrak:PVD,PVD,7:04:00,7:05:00,4,0,0,
amtrak,amtrak:298007,298007,amtrak:KIN,KIN,7:26:00,7:27:00,5,0,0,
amtrak,amtrak:298007,298007,amtrak:WLY,WLY,7:41:00,7:41:00,6,0,0,
amtrak,amtrak:298007,298007,amtrak:NLC,NLC,8:03:00,8:04:00,7,0,0,
amtrak,amtrak:298007,298007,amtrak:OSB,OSB,8:24:00,8:25:00,8,0,0,
amtrak,amtrak:298007,298007,amtrak:NHV,NHV,8:58:00,9:01:00,9,0,0,
amtrak,amtrak:298007,298007,amtrak:BRP,BRP,9:22:00,9:23:00,10,0,0,
amtrak,amtrak:298007,298007,amtrak:STM,STM,9:53:00,9:54:00,11,0,0,
amtrak,amtrak:298007,298007,amtrak:NRO,NRO,10:14:00,10:15:00,12,0,0,
amtrak,amtrak:298007,298007,amtrak:NYP,NYP,10:53:00,11:11:00,13,0,0,
amtrak,amtrak:298007,298007,amtrak:NWK,NWK,11:26:00,11:28:00,14,0,0,
amtrak,amtrak:298007,298007,amtrak:MET,MET,11:41:00,11:43:00,15,0,0,
amtrak,amtrak:298007,298007,amtrak:PHL,PHL,12:31:00,12:34:00,16,0,0,
amtrak,amtrak:298007,298007,amtrak:WIL,WIL,12:54:00,12:55:00,17,0,0,
amtrak,amtrak:298007,298007,amtrak:BAL,BAL,13:44:00,13:48:00,18,0,0,
amtrak,amtrak:298007,298007,amtrak:BWI,BWI,14:01:00,14:03:00,19,0,0,
amtrak,amtrak:298007,298007,amtrak:NCR,NCR,14:20:00,14:22:00,20,0,0,
amtrak,amtrak:298007,298007,amtrak:WAS,WAS,14:38:00,14:38:00,21,0,0,
amtrak,amtrak:298012,298012,amtrak:BOS,BOS,5:00:00,5:00:00,1,0,0,
amtrak,amtrak:298012,298012,amtrak:BBY,BBY,5:04:00,5:05:00,2,0,0,
amtrak,amtrak:298012,298012,amtrak:RTE,RTE,5:13:00,5:14:00,3,0,0,
amtrak,amtrak:298012,298012,amtrak:PVD,PVD,5:34:00,5:36:00,4,0,0,
amtrak,amtrak:298012,298012,amtrak:NHV,NHV,7:05:00,7:07:00,5,0,0,
amtrak,amtrak:298012,298012,amtrak:STM,STM,7:51:00,7:53:00,6,0,0,
amtrak,amtrak:298012,298012,amtrak:NYP,NYP,8:51:00,9:00:00,7,0,0,
amtrak,amtrak:298012,298012,amtrak:NWK,NWK,9:13:00,9:15:00,8,0,0,
amtrak,amtrak:298012,298012,amtrak:PHL,PHL,10:08:00,10:10:00,9,0,0,
amtrak,amtrak:298012,298012,amtrak:BAL,BAL,11:19:00,11:20:00,10,0,0,
amtrak,amtrak:298012,298012,amtrak:BWI,BWI,11:32:00,11:33:00,11,0,0,
amtrak,amtrak:298012,298012,amtrak:WAS,WAS,11:59:00,11:59:00,12,0,0,
amtrak,amtrak:298013,298013,amtrak:BOS,BOS,6:55:00,6:55:00,1,0,0,
amtrak,amtrak:298013,298013,amtrak:BBY,BBY,6:59:00,7:00:00,2,0,0,
amtrak,amtrak:298013,298013,amtrak:RTE,RTE,7:09:00,7:10:00,3,0,0,
amtrak,amtrak:298013,298013,amtrak:PVD,PVD,7:30:00,7:31:00,4,0,0,
amtrak,amtrak:298013,298013,amtrak:NHV,NHV,9:12:00,9:14:00,5,0,0,
amtrak,amtrak:298013,298013,amtrak:STM,STM,9:57:00,9:59:00,6,0,0,
amtrak,amtrak:298013,298013,amtrak:NYP,NYP,10:56:00,11:06:00,7,0,0,
amtrak,amtrak:298013,298013,amtrak:NWK,NWK,11:19:00,11:20:00,8,0,0,
amtrak,amtrak:298013,298013,amtrak:PHL,PHL,12:19:00,12:21:00,9,0,0,
amtrak,amtrak:298013,298013,amtrak:WIL,WIL,12:39:00,12:41:00,10,0,0,
amtrak,amtrak:298013,298013,amtrak:BAL,BAL,13:28:00,13:30:00,11,0,0,
amtrak,amtrak:298013,298013,amtrak:WAS,WAS,14:05:00,14:05:00,12,0,0,
amtrak,amtrak:298014,298014,amtrak:BOS,BOS,5:00:00,5:00:00,1,0,0,
amtrak,amtrak:298014,298014,amtrak:BBY,BBY,5:04:00,5:05:00,2,0,0,
amtrak,amtrak:298014,298014,amtrak:RTE,RTE,5:13:00,5:14:00,3,0,0,
amtrak,amtrak:298014,298014,amtrak:PVD,PVD,5:34:00,5:36:00,4,0,0,
amtrak,amtrak:298014,298014,amtrak:NHV,NHV,7:05:00,7:07:00,5,0,0,
amtrak,amtrak:298014,298014,amtrak:STM,STM,7:51:00,7:53:00,6,0,0,
amtrak,amtrak:298014,298014,amtrak:NYP,NYP,8:51:00,9:00:00,7,0,0,
amtrak,amtrak:298014,298014,amtrak:NWK,NWK,9:13:00,9:15:00,8,0,0,
amtrak,amtrak:298014,298014,amtrak:PHL,PHL,10:08:00,10:10:00,9,0,0,
amtrak,amtrak:298014,298014,amtrak:BAL,BAL,11:19:00,11:20:00,10,0,0,
amtrak,amtrak:298014,298014,amtrak:BWI,BWI,11:32:00,11:33:00,11,0,0,
amtrak,amtrak:298014,298014,amtrak:WAS,WAS,11:59:00,11:59:00,12,0,0,
amtrak,amtrak:298016,298016,amtrak:BOS,BOS,5:00:00,5:00:00,1,0,0,
amtrak,amtrak:298016,298016,amtrak:BBY,BBY,5:04:00,5:05:00,2,0,0,
amtrak,amtrak:298016,298016,amtrak:RTE,RTE,5:13:00,5:14:00,3,0,0,
amtrak,amtrak:298016,298016,amtrak:PVD,PVD,5:34:00,5:36:00,4,0,0,
amtrak,amtrak:298016,298016,amtrak:NHV,NHV,7:05:00,7:07:00,5,0,0,
amtrak,amtrak:298016,298016,amtrak:STM,STM,7:51:00,7:53:00,6,0,0,
amtrak,amtrak:298016,298016,amtrak:NYP,NYP,8:51:00,9:00:00,7,0,0,
amtrak,amtrak:298016,298016,amtrak:NWK,NWK,9:13:00,9:15:00,8,0,0,
amtrak,amtrak:298016,298016,amtrak:PHL,PHL,10:08:00,10:10:00,9,0,0,
amtrak,amtrak:298016,298016,amtrak:BAL,BAL,11:19:00,11:20:00,10,0,0,
amtrak,amtrak:298016,298016,amtrak:BWI,BWI,11:32:00,11:33:00,11,0,0,
amtrak,amtrak:298016,298016,amtrak:WAS,WAS,11:59:00,11:59:00,12,0,0,
amtrak,amtrak:298017,298017,amtrak:BOS,BOS,5:00:00,5:00:00,1,0,0,
amtrak,amtrak:298017,298017,amtrak:BBY,BBY,5:04:00,5:05:00,2,0,0,
amtrak,amtrak:298017,298017,amtrak:RTE,RTE,5:13:00,5:14:00,3,0,0,
amtrak,amtrak:298017,298017,amtrak:PVD,PVD,5:34:00,5:36:00,4,0,0,
amtrak,amtrak:298017,298017,amtrak:NHV,NHV,7:05:00,7:07:00,5,0,0,
amtrak,amtrak:298017,298017,amtrak:STM,STM,7:51:00,7:53:00,6,0,0,
amtrak,amtrak:298017,298017,amtrak:NYP,NYP,8:51:00,9:00:00,7,0,0,
amtrak,amtrak:298017,298017,amtrak:NWK,NWK,9:13:00,9:15:00,8,0,0,
amtrak,amtrak:298017,298017,amtrak:PHL,PHL,10:08:00,10:10:00,9,0,0,
amtrak,amtrak:298017,298017,amtrak:BAL,BAL,11:19:00,11:20:00,10,0,0,
amtrak,amtrak:298017,298017,amtrak:BWI,BWI,11:32:00,11:33:00,11,0,0,
amtrak,amtrak:298017,298017,amtrak:WAS,WAS,11:59:00,11:59:00,12,0,0,
amtrak,amtrak:298019,298019,amtrak:BOS,BOS,5:00:00,5:00:00,1,0,0,
amtrak,amtrak:298019,298019,amtrak:BBY,BBY,5:04:00,5:05:00,2,0,0,
amtrak,amtrak:298019,298019,amtrak:RTE,RTE,5:13:00,5:14:00,3,0,0,
amtrak,amtrak:298019,298019,amtrak:PVD,PVD,5:34:00,5:36:00,4,0,0,
amtrak,amtrak:298019,298019,amtrak:NHV,NHV,7:05:00,7:07:00,5,0,0,
amtrak,amtrak:298019,298019,amtrak:STM,STM,7:51:00,7:53:00,6,0,0,
amtrak,amtrak:298019,298019,amtrak:NYP,NYP,8:51:00,9:00:00,7,0,0,
amtrak,amtrak:298019,298019,amtrak:NWK,NWK,9:13:00,9:15:00,8,0,0,
amtrak,amtrak:298019,298019,amtrak:PHL,PHL,10:08:00,10:10:00,9,0,0,
amtrak,amtrak:298019,298019,amtrak:BAL,BAL,11:19:00,11:20:00,10,0,0,
amtrak,amtrak:298019,298019,amtrak:BWI,BWI,11:32:00,11:33:00,11,0,0,
amtrak,amtrak:298019,298019,amtrak:WAS,WAS,11:59:00,11:59:00,12,0,0,
amtrak,amtrak:298026,298026,amtrak:SAB,SAB,9:15:00,9:15:00,1,0,0,
amtrak,amtrak:298026,298026,amtrak:ESX,ESX,9:44:00,9:44:00,2,0,0,
amtrak,amtrak:298026,298026,amtrak:WAB,WAB,10:10:00,10:10:00,3,0,0,
amtrak,amtrak:298026,298026,amtrak:MPR,MPR,10:25:00,10:25:00,4,0,0,
amtrak,amtrak:298026,298026,amtrak:RPH,RPH,10:59:00,10:59:00,5,0,0,
amtrak,amtrak:298026,298026,amtrak:WRJ,WRJ,11:37:00,11:37:00,6,0,0,
amtrak,amtrak:298026,298026,amtrak:WNM,WNM,11:56:00,11:56:00,7,0,0,
amtrak,amtrak:298026,298026,amtrak:CLA,CLA,12:06:00,12:06:00,8,0,0,
amtrak,amtrak:298026,298026,amtrak:BLF,BLF,12:30:00,12:30:00,9,0,0,
amtrak,amtrak:298026,298026,amtrak:BRA,BRA,12:59:00,13:02:00,10,0,0,
amtrak,amtrak:298026,298026,amtrak:GFD,GFD,13:36:00,13:36:00,11,0,0,
amtrak,amtrak:298026,298026,amtrak:NHT,NHT,14:01:00,14:01:00,12,0,0,
amtrak,amtrak:298026,298026,amtrak:HLK,HLK,14:16:00,14:16:00,13,0,0,
amtrak,amtrak:298026,298026,amtrak:SPG,SPG,14:35:00,14:45:00,14,0,0,
amtrak,amtrak:298026,298026,amtrak:WNL,WNL,15:07:00,15:07:00,15,0,0,
amtrak,amtrak:298026,298026,amtrak:HFD,HFD,15:20:00,15:22:00,16,0,0,
amtrak,amtrak:298026,298026,amtrak:MDN,MDN,15:44:00,15:44:00,17,0,0,
amtrak,amtrak:298026,298026,amtrak:NHV,NHV,16:08:00,16:31:00,18,0,0,
amtrak,amtrak:298026,298026,amtrak:BRP,BRP,16:52:00,16:53:00,19,0,0,
amtrak,amtrak:298026,298026,amtrak:STM,STM,17:19:00,17:20:00,20,0,0,
amtrak,amtrak:298026,298026,amtrak:NYP,NYP,18:11:00,18:45:00,21,0,0,
amtrak,amtrak:298026,298026,amtrak:NWK,NWK,19:02:00,19:03:00,22,0,0,
amtrak,amtrak:298026,298026,amtrak:TRE,TRE,19:36:00,19:38:00,23,0,0,
amtrak,amtrak:298026,298026,amtrak:PHL,PHL,20:07:00,20:11:00,24,0,0,
amtrak,amtrak:298026,298026,amtrak:WIL,WIL,20:30:00,20:32:00,25,0,0,
amtrak,amtrak:298026,298026,amtrak:BAL,BAL,21:21:00,21:25:00,26,0,0,
amtrak,amtrak:298026,298026,amtrak:BWI,BWI,21:37:00,21:39:00,27,0,0,
amtrak,amtrak:298026,298026,amtrak:NCR,NCR,21:53:00,21:54:00,28,0,0,
amtrak,amtrak:298026,298026,amtrak:WAS,WAS,22:07:00,22:07:00,29,0,0,
amtrak,amtrak:298027,298027,amtrak:SAB,SAB,9:15:00,9:15:00,1,0,0,
amtrak,amtrak:298027,298027,amtrak:ESX,ESX,9:44:00,9:44:00,2,0,0,
amtrak,amtrak:298027,298027,amtrak:WAB,WAB,10:10:00,10:10:00,3,0,0,
amtrak,amtrak:298027,298027,amtrak:MPR,MPR,10:25:00,10:25:00,4,0,0,
amtrak,amtrak:298027,298027,amtrak:RPH,RPH,10:59:00,10:59:00,5,0,0,
amtrak,amtrak:298027,298027,amtrak:WRJ,WRJ,11:37:00,11:37:00,6,0,0,
amtrak,amtrak:298027,298027,amtrak:WNM,WNM,11:56:00,11:56:00,7,0,0,
amtrak,amtrak:298027,298027,amtrak:CLA,CLA,12:06:00,12:06:00,8,0,0,
amtrak,amtrak:298027,298027,amtrak:BLF,BLF,12:30:00,12:30:00,9,0,0,
amtrak,amtrak:298027,298027,amtrak:BRA,BRA,12:59:00,13:02:00,10,0,0,
amtrak,amtrak:298027,298027,amtrak:GFD,GFD,13:36:00,13:36:00,11,0,0,
amtrak,amtrak:298027,298027,amtrak:NHT,NHT,14:01:00,14:01:00,12,0,0,
amtrak,amtrak:298027,298027,amtrak:HLK,HLK,14:16:00,14:16:00,13,0,0,
amtrak,amtrak:298027,298027,amtrak:SPG,SPG,14:35:00,14:45:00,14,0,0,
amtrak,amtrak:298027,298027,amtrak:WNL,WNL,15:07:00,15:07:00,15,0,0,
amtrak,amtrak:298027,298027,amtrak:HFD,HFD,15:20:00,15:22:00,16,0,0,
amtrak,amtrak:298027,298027,amtrak:MDN,MDN,15:44:00,15:44:00,17,0,0,
amtrak,amtrak:298027,298027,amtrak:NHV,NHV,16:14:00,16:34:00,18,0,0,
amtrak,amtrak:298027,298027,amtrak:BRP,BRP,16:55:00,16:57:00,19,0,0,
amtrak,amtrak:298027,298027,amtrak:STM,STM,17:23:00,17:25:00,20,0,0,
amtrak,amtrak:298027,298027,amtrak:NYP,NYP,18:27:00,19:01:00,21,0,0,
amtrak,amtrak:298027,298027,amtrak:NWK,NWK,19:17:00,19:18:00,22,0,0,
amtrak,amtrak:298027,298027,amtrak:MET,MET,19:32:00,19:33:00,23,0,0,
amtrak,amtrak:298027,298027,amtrak:TRE,TRE,19:55:00,19:57:00,24,0,0,
amtrak,amtrak:298027,298027,amtrak:PHL,PHL,20:23:00,20:26:00,25,0,0,
amtrak,amtrak:298027,298027,amtrak:WIL,WIL,20:46:00,20:47:00,26,0,0,
amtrak,amtrak:298027,298027,amtrak:BAL,BAL,21:45:00,21:47:00,27,0,0,
amtrak,amtrak:298027,298027,amtrak:BWI,BWI,21:59:00,22:00:00,28,0,0,
amtrak,amtrak:298027,298027,amtrak:NCR,NCR,22:21:00,22:22:00,29,0,0,
amtrak,amtrak:298027,298027,amtrak:WAS,WAS,22:36:00,22:36:00,30,0,0,
amtrak,amtrak:298028,298028,amtrak:SAB,SAB,9:15:00,9:15:00,1,0,0,
amtrak,amtrak:298028,298028,amtrak:ESX,ESX,9:44:00,9:44:00,2,0,0,
amtrak,amtrak:298028,298028,amtrak:WAB,WAB,10:10:00,10:10:00,3,0,0,
amtrak,amtrak:298028,298028,amtrak:MPR,MPR,10:25:00,10:25:00,4,0,0,
amtrak,amtrak:298028,298028,amtrak:RPH,RPH,10:59:00,10:59:00,5,0,0,
amtrak,amtrak:298028,298028,amtrak:WRJ,WRJ,11:37:00,11:37:00,6,0,0,
amtrak,amtrak:298028,298028,amtrak:WNM,WNM,11:56:00,11:56:00,7,0,0,
amtrak,amtrak:298028,298028,amtrak:CLA,CLA,12:06:00,12:06:00,8,0,0,
amtrak,amtrak:298028,298028,amtrak:BLF,BLF,12:30:00,12:30:00,9,0,0,
amtrak,amtrak:298028,298028,amtrak:BRA,BRA,12:59:00,13:02:00,10,0,0,
amtrak,amtrak:298028,298028,amtrak:GFD,GFD,13:36:00,13:36:00,11,0,0,
amtrak,amtrak:298028,298028,amtrak:NHT,NHT,14:01:00,14:01:00,12,0,0,
amtrak,amtrak:298028,298028,amtrak:HLK,HLK,14:16:00,14:16:00,13,0,0,
amtrak,amtrak:298028,298028,amtrak:SPG,SPG,14:35:00,14:50:00,14,0,0,
amtrak,amtrak:298028,298028,amtrak:WNL,WNL,15:10:00,15:12:00,15,0,0,
amtrak,amtrak:298028,298028,amtrak:HFD,HFD,15:25:00,15:27:00,16,0,0,
amtrak,amtrak:298028,298028,amtrak:MDN,MDN,15:49:00,15:49:00,17,0,0,
amtrak,amtrak:298028,298028,amtrak:NHV,NHV,16:14:00,16:34:00,18,0,0,
amtrak,amtrak:298028,298028,amtrak:BRP,BRP,16:55:00,16:57:00,19,0,0,
amtrak,amtrak:298028,298028,amtrak:STM,STM,17:23:00,17:25:00,20,0,0,
amtrak,amtrak:298028,298028,amtrak:NYP,NYP,18:27:00,19:01:00,21,0,0,
amtrak,amtrak:298028,298028,amtrak:NWK,NWK,19:17:00,19:18:00,22,0,0,
amtrak,amtrak:298028,298028,amtrak:MET,MET,19:32:00,19:33:00,23,0,0,
amtrak,amtrak:298028,298028,amtrak:TRE,TRE,19:55:00,19:57:00,24,0,0,
amtrak,amtrak:298028,298028,amtrak:PHL,PHL,20:23:00,20:26:00,25,0,0,
amtrak,amtrak:298028,298028,amtrak:WIL,WIL,20:46:00,20:47:00,26,0,0,
amtrak,amtrak:298028,298028,amtrak:BAL,BAL,21:45:00,21:47:00,27,0,0,
amtrak,amtrak:298028,298028,amtrak:BWI,BWI,21:59:00,22:00:00,28,0,0,
amtrak,amtrak:298028,298028,amtrak:NCR,NCR,22:21:00,22:22:00,29,0,0,
amtrak,amtrak:298028,298028,amtrak:WAS,WAS,22:36:00,22:36:00,30,0,0,
amtrak,amtrak:298029,298029,amtrak:SAB,SAB,9:15:00,9:15:00,1,0,0,
amtrak,amtrak:298029,298029,amtrak:ESX,ESX,9:44:00,9:44:00,2,0,0,
amtrak,amtrak:298029,298029,amtrak:WAB,WAB,10:10:00,10:10:00,3,0,0,
amtrak,amtrak:298029,298029,amtrak:MPR,MPR,10:25:00,10:25:00,4,0,0,
amtrak,amtrak:298029,298029,amtrak:RPH,RPH,10:59:00,10:59:00,5,0,0,
amtrak,amtrak:298029,298029,amtrak:WRJ,WRJ,11:37:00,11:37:00,6,0,0,
amtrak,amtrak:298029,298029,amtrak:WNM,WNM,11:56:00,11:56:00,7,0,0,
amtrak,amtrak:298029,298029,amtrak:CLA,CLA,12:06:00,12:06:00,8,0,0,
amtrak,amtrak:298029,298029,amtrak:BLF,BLF,12:30:00,12:30:00,9,0,0,
amtrak,amtrak:298029,298029,amtrak:BRA,BRA,12:59:00,13:02:00,10,0,0,
amtrak,amtrak:298029,298029,amtrak:GFD,GFD,13:36:00,13:36:00,11,0,0,
amtrak,amtrak:298029,298029,amtrak:NHT,NHT,14:01:00,14:01:00,12,0,0,
amtrak,amtrak:298029,298029,amtrak:HLK,HLK,14:16:00,14:16:00,13,0,0,
amtrak,amtrak:298029,298029,amtrak:SPG,SPG,14:35:00,14:50:00,14,0,0,
amtrak,amtrak:298029,298029,amtrak:WNL,WNL,15:10:00,15:12:00,15,0,0,
amtrak,amtrak:298029,298029,amtrak:HFD,HFD,15:25:00,15:27:00,16,0,0,
amtrak,amtrak:298029,298029,amtrak:MDN,MDN,15:49:00,15:49:00,17,0,0,
amtrak,amtrak:298029,298029,amtrak:NHV,NHV,16:08:00,16:31:00,18,0,0,
amtrak,amtrak:298029,298029,amtrak:BRP,BRP,16:52:00,16:53:00,19,0,0,
amtrak,amtrak:298029,298029,amtrak:STM,STM,17:19:00,17:20:00,20,0,0,
amtrak,amtrak:298029,298029,amtrak:NYP,NYP,18:11:00,18:45:00,21,0,0,
amtrak,amtrak:298029,298029,amtrak:NWK,NWK,19:02:00,19:03:00,22,0,0,
amtrak,amtrak:298029,298029,amtrak:TRE,TRE,19:36:00,19:38:00,23,0,0,
amtrak,amtrak:298029,298029,amtrak:PHL,PHL,20:07:00,20:11:00,24,0,0,
amtrak,amtrak:298029,298029,amtrak:WIL,WIL,20:30:00,20:32:00,25,0,0,
amtrak,amtrak:298029,298029,amtrak:BAL,BAL,21:21:00,21:25:00,26,0,0,
amtrak,amtrak:298029,298029,amtrak:BWI,BWI,21:37:00,21:39:00,27,0,0,
amtrak,amtrak:298029,298029,amtrak:NCR,NCR,21:53:00,21:54:00,28,0,0,
amtrak,amtrak:298029,298029,amtrak:WAS,WAS,22:07:00,22:07:00,29,0,0,
amtrak,amtrak:298031,298031,amtrak:SAB,SAB,9:15:00,9:15:00,1,0,0,
amtrak,amtrak:298031,298031,amtrak:ESX,ESX,9:44:00,9:44:00,2,0,0,
amtrak,amtrak:298031,298031,amtrak:WAB,WAB,10:10:00,10:10:00,3,0,0,
amtrak,amtrak:298031,298031,amtrak:MPR,MPR,10:25:00,10:25:00,4,0,0,
amtrak,amtrak:298031,298031,amtrak:RPH,RPH,10:59:00,10:59:00,5,0,0,
amtrak,amtrak:298031,298031,amtrak:WRJ,WRJ,11:37:00,11:37:00,6,0,0,
amtrak,amtrak:298031,298031,amtrak:WNM,WNM,11:56:00,11:56:00,7,0,0,
amtrak,amtrak:298031,298031,amtrak:CLA,CLA,12:06:00,12:06:00,8,0,0,
amtrak,amtrak:298031,298031,amtrak:BLF,BLF,12:30:00,12:30:00,9,0,0,
amtrak,amtrak:298031,298031,amtrak:BRA,BRA,12:59:00,13:02:00,10,0,0,
amtrak,amtrak:298031,298031,amtrak:GFD,GFD,13:36:00,13:36:00,11,0,0,
amtrak,amtrak:298031,298031,amtrak:NHT,NHT,14:01:00,14:01:00,12,0,0,
amtrak,amtrak:298031,298031,amtrak:HLK,HLK,14:16:00,14:16:00,13,0,0,
amtrak,amtrak:298031,298031,amtrak:SPG,SPG,14:35:00,14:50:00,14,0,0,
amtrak,amtrak:298031,298031,amtrak:WNL,WNL,15:10:00,15:12:00,15,0,0,
amtrak,amtrak:298031,298031,amtrak:HFD,HFD,15:25:00,15:27:00,16,0,0,
amtrak,amtrak:298031,298031,amtrak:MDN,MDN,15:49:00,15:49:00,17,0,0,
amtrak,amtrak:298031,298031,amtrak:NHV,NHV,16:08:00,16:31:00,18,0,0,
amtrak,amtrak:298031,298031,amtrak:BRP,BRP,16:52:00,16:53:00,19,0,0,
amtrak,amtrak:298031,298031,amtrak:STM,STM,17:19:00,17:20:00,20,0,0,
amtrak,amtrak:298031,298031,amtrak:NYP,NYP,18:11:00,18:45:00,21,0,0,
amtrak,amtrak:298031,298031,amtrak:NWK,NWK,19:02:00,19:03:00,22,0,0,
amtrak,amtrak:298031,298031,amtrak:TRE,TRE,19:36:00,19:38:00,23,0,0,
amtrak,amtrak:298031,298031,amtrak:PHL,PHL,20:07:00,20:11:00,24,0,0,
amtrak,amtrak:298031,298031,amtrak:WIL,WIL,20:30:00,20:32:00,25,0,0,
amtrak,amtrak:298031,298031,amtrak:BAL,BAL,21:21:00,21:25:00,26,0,0,
amtrak,amtrak:298031,298031,amtrak:BWI,BWI,21:37:00,21:39:00,27,0,0,
amtrak,amtrak:298031,298031,amtrak:NCR,NCR,21:53:00,21:54:00,28,0,0,
amtrak,amtrak:298031,298031,amtrak:WAS,WAS,22:07:00,22:07:00,29,0,0,
amtrak,amtrak:298032,298032,amtrak:SAB,SAB,9:15:00,9:15:00,1,0,0,
amtrak,amtrak:298032,298032,amtrak:ESX,ESX,9:44:00,9:44:00,2,0,0,
amtrak,amtrak:298032,298032,amtrak:WAB,WAB,10:10:00,10:10:00,3,0,0,
amtrak,amtrak:298032,298032,amtrak:MPR,MPR,10:25:00,10:25:00,4,0,0,
amtrak,amtrak:298032,298032,amtrak:RPH,RPH,10:59:00,10:59:00,5,0,0,
amtrak,amtrak:298032,298032,amtrak:WRJ,WRJ,11:37:00,11:37:00,6,0,0,
amtrak,amtrak:298032,298032,amtrak:WNM,WNM,11:56:00,11:56:00,7,0,0,
amtrak,amtrak:298032,298032,amtrak:CLA,CLA,12:06:00,12:06:00,8,0,0,
amtrak,amtrak:298032,298032,amtrak:BLF,BLF,12:30:00,12:30:00,9,0,0,
amtrak,amtrak:298032,298032,amtrak:BRA,BRA,12:59:00,13:02:00,10,0,0,
amtrak,amtrak:298032,298032,amtrak:GFD,GFD,13:36:00,13:36:00,11,0,0,
amtrak,amtrak:298032,298032,amtrak:NHT,NHT,14:01:00,14:01:00,12,0,0,
amtrak,amtrak:298032,298032,amtrak:HLK,HLK,14:16:00,14:16:00,13,0,0,
amtrak,amtrak:298032,298032,amtrak:SPG,SPG,14:35:00,14:50:00,14,0,0,
amtrak,amtrak:298032,298032,amtrak:WNL,WNL,15:10:00,15:12:00,15,0,0,
amtrak,amtrak:298032,298032,amtrak:HFD,HFD,15:25:00,15:27:00,16,0,0,
amtrak,amtrak:298032,298032,amtrak:MDN,MDN,15:49:00,15:49:00,17,0,0,
amtrak,amtrak:298032,298032,amtrak:NHV,NHV,16:08:00,16:31:00,18,0,0,
amtrak,amtrak:298032,298032,amtrak:BRP,BRP,16:52:00,16:53:00,19,0,0,
amtrak,amtrak:298032,298032,amtrak:STM,STM,17:19:00,17:20:00,20,0,0,
amtrak,amtrak:298032,298032,amtrak:NYP,NYP,18:11:00,18:45:00,21,0,0,
amtrak,amtrak:298032,298032,amtrak:NWK,NWK,19:02:00,19:03:00,22,0,0,
amtrak,amtrak:298032,298032,amtrak:TRE,TRE,19:36:00,19:38:00,23,0,0,
amtrak,amtrak:298032,298032,amtrak:PHL,PHL,20:07:00,20:11:00,24,0,0,
amtrak,amtrak:298032,298032,amtrak:WIL,WIL,20:30:00,20:32:00,25,0,0,
amtrak,amtrak:298032,298032,amtrak:BAL,BAL,21:16:00,21:20:00,26,0,0,
amtrak,amtrak:298032,298032,amtrak:BWI,BWI,21:32:00,21:34:00,27,0,0,
amtrak,amtrak:298032,298032,amtrak:NCR,NCR,21:48:00,21:49:00,28,0,0,
amtrak,amtrak:298032,298032,amtrak:WAS,WAS,22:02:00,22:02:00,29,0,0,
amtrak,amtrak:298034,298034,amtrak:SAB,SAB,9:15:00,9:15:00,1,0,0,
amtrak,amtrak:298034,298034,amtrak:ESX,ESX,9:44:00,9:44:00,2,0,0,
amtrak,amtrak:298034,298034,amtrak:WAB,WAB,10:10:00,10:10:00,3,0,0,
amtrak,amtrak:298034,298034,amtrak:MPR,MPR,10:25:00,10:25:00,4,0,0,
amtrak,amtrak:298034,298034,amtrak:RPH,RPH,10:59:00,10:59:00,5,0,0,
amtrak,amtrak:298034,298034,amtrak:WRJ,WRJ,11:37:00,11:37:00,6,0,0,
amtrak,amtrak:298034,298034,amtrak:WNM,WNM,11:56:00,11:56:00,7,0,0,
amtrak,amtrak:298034,298034,amtrak:CLA,CLA,12:06:00,12:06:00,8,0,0,
amtrak,amtrak:298034,298034,amtrak:BLF,BLF,12:30:00,12:30:00,9,0,0,
amtrak,amtrak:298034,298034,amtrak:BRA,BRA,12:59:00,13:02:00,10,0,0,
amtrak,amtrak:298034,298034,amtrak:GFD,GFD,13:36:00,13:36:00,11,0,0,
amtrak,amtrak:298034,298034,amtrak:NHT,NHT,14:01:00,14:01:00,12,0,0,
amtrak,amtrak:298034,298034,amtrak:HLK,HLK,14:16:00,14:16:00,13,0,0,
amtrak,amtrak:298034,298034,amtrak:SPG,SPG,14:35:00,14:50:00,14,0,0,
amtrak,amtrak:298034,298034,amtrak:WNL,WNL,15:10:00,15:12:00,15,0,0,
amtrak,amtrak:298034,298034,amtrak:HFD,HFD,15:25:00,15:27:00,16,0,0,
amtrak,amtrak:298034,298034,amtrak:MDN,MDN,15:49:00,15:49:00,17,0,0,
amtrak,amtrak:298034,298034,amtrak:NHV,NHV,16:08:00,16:31:00,18,0,0,
amtrak,amtrak:298034,298034,amtrak:BRP,BRP,16:52:00,16:53:00,19,0,0,
amtrak,amtrak:298034,298034,amtrak:STM,STM,17:19:00,17:20:00,20,0,0,
amtrak,amtrak:298034,298034,amtrak:NYP,NYP,18:11:00,18:45:00,21,0,0,
amtrak,amtrak:298034,298034,amtrak:NWK,NWK,19:02:00,19:03:00,22,0,0,
amtrak,amtrak:298034,298034,amtrak:TRE,TRE,19:36:00,19:38:00,23,0,0,
amtrak,amtrak:298034,298034,amtrak:PHL,PHL,20:07:00,20:11:00,24,0,0,
amtrak,amtrak:298034,298034,amtrak:WIL,WIL,20:30:00,20:32:00,25,0,0,
amtrak,amtrak:298034,298034,amtrak:BAL,BAL,21:16:00,21:20:00,26,0,0,
amtrak,amtrak:298034,298034,amtrak:BWI,BWI,21:32:00,21:34:00,27,0,0,
amtrak,amtrak:298034,298034,amtrak:NCR,NCR,21:48:00,21:49:00,28,0,0,
amtrak,amtrak:298034,298034,amtrak:WAS,WAS,22:02:00,22:02:00,29,0,0,
amtrak,amtrak:298038,298038,amtrak:BOS,BOS,7:00:00,7:00:00,1,0,0,
amtrak,amtrak:298038,298038,amtrak:BBY,BBY,7:04:00,7:05:00,2,0,0,
amtrak,amtrak:298038,298038,amtrak:RTE,RTE,7:14:00,7:15:00,3,0,0,
amtrak,amtrak:298038,298038,amtrak:PVD,PVD,7:36:00,7:38:00,4,0,0,
amtrak,amtrak:298038,298038,amtrak:NHV,NHV,9:11:00,9:14:00,5,0,0,
amtrak,amtrak:298038,298038,amtrak:STM,STM,9:57:00,9:59:00,6,0,0,
amtrak,amtrak:298038,298038,amtrak:NYP,NYP,10:50:00,11:06:00,7,0,0,
amtrak,amtrak:298038,298038,amtrak:NWK,NWK,11:19:00,11:21:00,8,0,0,
amtrak,amtrak:298038,298038,amtrak:PHL,PHL,12:17:00,12:19:00,9,0,0,
amtrak,amtrak:298038,298038,amtrak:WIL,WIL,12:36:00,12:38:00,10,0,0,
amtrak,amtrak:298038,298038,amtrak:BAL,BAL,13:24:00,13:26:00,11,0,0,
amtrak,amtrak:298038,298038,amtrak:WAS,WAS,14:02:00,14:02:00,12,0,0,
amtrak,amtrak:298039,298039,amtrak:BOS,BOS,13:00:00,13:00:00,1,0,0,
amtrak,amtrak:298039,298039,amtrak:BBY,BBY,13:04:00,13:04:00,2,0,0,
amtrak,amtrak:298039,298039,amtrak:RTE,RTE,13:13:00,13:13:00,3,0,0,
amtrak,amtrak:298039,298039,amtrak:PVD,PVD,13:35:00,13:36:00,4,0,0,
amtrak,amtrak:298039,298039,amtrak:NHV,NHV,15:08:00,15:10:00,5,0,0,
amtrak,amtrak:298039,298039,amtrak:STM,STM,15:53:00,15:55:00,6,0,0,
amtrak,amtrak:298039,298039,amtrak:NYP,NYP,16:48:00,17:00:00,7,0,0,
amtrak,amtrak:298039,298039,amtrak:NWK,NWK,17:13:00,17:14:00,8,0,0,
amtrak,amtrak:298039,298039,amtrak:MET,MET,17:27:00,17:29:00,9,0,0,
amtrak,amtrak:298039,298039,amtrak:PHL,PHL,18:12:00,18:15:00,10,0,0,
amtrak,amtrak:298039,298039,amtrak:WIL,WIL,18:35:00,18:37:00,11,0,0,
amtrak,amtrak:298039,298039,amtrak:BAL,BAL,19:25:00,19:27:00,12,0,0,
amtrak,amtrak:298039,298039,amtrak:BWI,BWI,19:38:00,19:40:00,13,0,0,
amtrak,amtrak:298039,298039,amtrak:WAS,WAS,20:07:00,20:07:00,14,0,0,
amtrak,amtrak:298040,298040,amtrak:BOS,BOS,7:00:00,7:00:00,1,0,0,
amtrak,amtrak:298040,298040,amtrak:BBY,BBY,7:04:00,7:05:00,2,0,0,
amtrak,amtrak:298040,298040,amtrak:RTE,RTE,7:14:00,7:15:00,3,0,0,
amtrak,amtrak:298040,298040,amtrak:PVD,PVD,7:36:00,7:38:00,4,0,0,
amtrak,amtrak:298040,298040,amtrak:NHV,NHV,9:11:00,9:14:00,5,0,0,
amtrak,amtrak:298040,298040,amtrak:STM,STM,9:57:00,9:59:00,6,0,0,
amtrak,amtrak:298040,298040,amtrak:NYP,NYP,10:50:00,11:06:00,7,0,0,
amtrak,amtrak:298040,298040,amtrak:NWK,NWK,11:19:00,11:21:00,8,0,0,
amtrak,amtrak:298040,298040,amtrak:PHL,PHL,12:17:00,12:19:00,9,0,0,
amtrak,amtrak:298040,298040,amtrak:WIL,WIL,12:36:00,12:38:00,10,0,0,
amtrak,amtrak:298040,298040,amtrak:BAL,BAL,13:24:00,13:26:00,11,0,0,
amtrak,amtrak:298040,298040,amtrak:WAS,WAS,14:02:00,14:02:00,12,0,0,
amtrak,amtrak:298042,298042,amtrak:BOS,BOS,7:00:00,7:00:00,1,0,0,
amtrak,amtrak:298042,298042,amtrak:BBY,BBY,7:04:00,7:05:00,2,0,0,
amtrak,amtrak:298042,298042,amtrak:RTE,RTE,7:14:00,7:15:00,3,0,0,
amtrak,amtrak:298042,298042,amtrak:PVD,PVD,7:36:00,7:38:00,4,0,0,
amtrak,amtrak:298042,298042,amtrak:NHV,NHV,9:11:00,9:14:00,5,0,0,
amtrak,amtrak:298042,298042,amtrak:STM,STM,9:57:00,9:59:00,6,0,0,
amtrak,amtrak:298042,298042,amtrak:NYP,NYP,10:50:00,11:06:00,7,0,0,
amtrak,amtrak:298042,298042,amtrak:NWK,NWK,11:19:00,11:21:00,8,0,0,
amtrak,amtrak:298042,298042,amtrak:PHL,PHL,12:17:00,12:19:00,9,0,0,
amtrak,amtrak:298042,298042,amtrak:WIL,WIL,12:36:00,12:38:00,10,0,0,
amtrak,amtrak:298042,298042,amtrak:BAL,BAL,13:24:00,13:26:00,11,0,0,
amtrak,amtrak:298042,298042,amtrak:WAS,WAS,14:02:00,14:02:00,12,0,0,
amtrak,amtrak:298043,298043,amtrak:BOS,BOS,7:00:00,7:00:00,1,0,0,
amtrak,amtrak:298043,298043,amtrak:BBY,BBY,7:04:00,7:05:00,2,0,0,
amtrak,amtrak:298043,298043,amtrak:RTE,RTE,7:14:00,7:15:00,3,0,0,
amtrak,amtrak:298043,298043,amtrak:PVD,PVD,7:36:00,7:38:00,4,0,0,
amtrak,amtrak:298043,298043,amtrak:NHV,NHV,9:11:00,9:14:00,5,0,0,
amtrak,amtrak:298043,298043,amtrak:STM,STM,9:57:00,9:59:00,6,0,0,
amtrak,amtrak:298043,298043,amtrak:NYP,NYP,10:50:00,11:06:00,7,0,0,
amtrak,amtrak:298043,298043,amtrak:NWK,NWK,11:19:00,11:21:00,8,0,0,
amtrak,amtrak:298043,298043,amtrak:PHL,PHL,12:17:00,12:19:00,9,0,0,
amtrak,amtrak:298043,298043,amtrak:WIL,WIL,12:38:00,12:40:00,10,0,0,
amtrak,amtrak:298043,298043,amtrak:BAL,BAL,13:24:00,13:26:00,11,0,0,
amtrak,amtrak:298043,298043,amtrak:WAS,WAS,14:02:00,14:02:00,12,0,0,
amtrak,amtrak:298045,298045,amtrak:BOS,BOS,7:00:00,7:00:00,1,0,0,
amtrak,amtrak:298045,298045,amtrak:BBY,BBY,7:04:00,7:05:00,2,0,0,
amtrak,amtrak:298045,298045,amtrak:RTE,RTE,7:14:00,7:15:00,3,0,0,
amtrak,amtrak:298045,298045,amtrak:PVD,PVD,7:36:00,7:38:00,4,0,0,
amtrak,amtrak:298045,298045,amtrak:NHV,NHV,9:11:00,9:14:00,5,0,0,
amtrak,amtrak:298045,298045,amtrak:STM,STM,9:57:00,9:59:00,6,0,0,
amtrak,amtrak:298045,298045,amtrak:NYP,NYP,10:50:00,11:06:00,7,0,0,
amtrak,amtrak:298045,298045,amtrak:NWK,NWK,11:19:00,11:21:00,8,0,0,
amtrak,amtrak:298045,298045,amtrak:PHL,PHL,12:17:00,12:19:00,9,0,0,
amtrak,amtrak:298045,298045,amtrak:WIL,WIL,12:38:00,12:40:00,10,0,0,
amtrak,amtrak:298045,298045,amtrak:BAL,BAL,13:24:00,13:26:00,11,0,0,
amtrak,amtrak:298045,298045,amtrak:WAS,WAS,14:02:00,14:02:00,12,0,0,
amtrak,amtrak:298046,298046,amtrak:BOS,BOS,9:10:00,9:10:00,1,0,0,
amtrak,amtrak:298046,298046,amtrak:BBY,BBY,9:14:00,9:15:00,2,0,0,
amtrak,amtrak:298046,298046,amtrak:RTE,RTE,9:24:00,9:25:00,3,0,0,
amtrak,amtrak:298046,298046,amtrak:PVD,PVD,9:49:00,9:50:00,4,0,0,
amtrak,amtrak:298046,298046,amtrak:KIN,KIN,10:10:00,10:11:00,5,0,0,
amtrak,amtrak:298046,298046,amtrak:NLC,NLC,10:43:00,10:45:00,6,0,0,
amtrak,amtrak:298046,298046,amtrak:OSB,OSB,11:04:00,11:05:00,7,0,0,
amtrak,amtrak:298046,298046,amtrak:NHV,NHV,11:35:00,11:38:00,8,0,0,
amtrak,amtrak:298046,298046,amtrak:BRP,BRP,11:58:00,12:00:00,9,0,0,
amtrak,amtrak:298046,298046,amtrak:STM,STM,12:25:00,12:27:00,10,0,0,
amtrak,amtrak:298046,298046,amtrak:NRO,NRO,12:48:00,12:49:00,11,0,0,
amtrak,amtrak:298046,298046,amtrak:NYP,NYP,13:23:00,13:49:00,12,0,0,
amtrak,amtrak:298046,298046,amtrak:NWK,NWK,14:05:00,14:06:00,13,0,0,
amtrak,amtrak:298046,298046,amtrak:EWR,EWR,14:10:00,14:11:00,14,0,0,
amtrak,amtrak:298046,298046,amtrak:MET,MET,14:23:00,14:24:00,15,0,0,
amtrak,amtrak:298046,298046,amtrak:TRE,TRE,14:45:00,14:49:00,16,0,0,
amtrak,amtrak:298046,298046,amtrak:PHL,PHL,15:19:00,15:22:00,17,0,0,
amtrak,amtrak:298046,298046,amtrak:WIL,WIL,15:43:00,15:45:00,18,0,0,
amtrak,amtrak:298046,298046,amtrak:ABE,ABE,16:15:00,16:16:00,19,0,0,
amtrak,amtrak:298046,298046,amtrak:BAL,BAL,16:39:00,16:41:00,20,0,0,
amtrak,amtrak:298046,298046,amtrak:BWI,BWI,16:52:00,16:54:00,21,0,0,
amtrak,amtrak:298046,298046,amtrak:WAS,WAS,17:26:00,17:26:00,22,0,0,
amtrak,amtrak:298071,298071,amtrak:BOS,BOS,13:37:00,13:37:00,1,0,0,
amtrak,amtrak:298071,298071,amtrak:BBY,BBY,13:41:00,13:42:00,2,0,0,
amtrak,amtrak:298071,298071,amtrak:RTE,RTE,13:51:00,13:52:00,3,0,0,
amtrak,amtrak:298071,298071,amtrak:PVD,PVD,14:18:00,14:19:00,4,0,0,
amtrak,amtrak:298071,298071,amtrak:KIN,KIN,14:39:00,14:39:00,5,0,0,
amtrak,amtrak:298071,298071,amtrak:NLC,NLC,15:12:00,15:13:00,6,0,0,
amtrak,amtrak:298071,298071,amtrak:NHV,NHV,16:02:00,16:04:00,7,0,0,
amtrak,amtrak:298071,298071,amtrak:BRP,BRP,16:25:00,16:26:00,8,0,0,
amtrak,amtrak:298071,298071,amtrak:STM,STM,16:53:00,16:55:00,9,0,0,
amtrak,amtrak:298071,298071,amtrak:NRO,NRO,17:16:00,17:17:00,10,0,0,
amtrak,amtrak:298071,298071,amtrak:NYP,NYP,17:52:00,18:05:00,11,0,0,
amtrak,amtrak:298071,298071,amtrak:NWK,NWK,18:21:00,18:22:00,12,0,0,
amtrak,amtrak:298071,298071,amtrak:EWR,EWR,18:26:00,18:27:00,13,0,0,
amtrak,amtrak:298071,298071,amtrak:MET,MET,18:38:00,18:40:00,14,0,0,
amtrak,amtrak:298071,298071,amtrak:TRE,TRE,19:02:00,19:03:00,15,0,0,
amtrak,amtrak:298071,298071,amtrak:PHL,PHL,19:32:00,19:35:00,16,0,0,
amtrak,amtrak:298071,298071,amtrak:WIL,WIL,19:53:00,19:54:00,17,0,0,
amtrak,amtrak:298071,298071,amtrak:NRK,NRK,20:03:00,20:04:00,18,0,0,
amtrak,amtrak:298071,298071,amtrak:ABE,ABE,20:27:00,20:28:00,19,0,0,
amtrak,amtrak:298071,298071,amtrak:BAL,BAL,20:54:00,20:56:00,20,0,0,
amtrak,amtrak:298071,298071,amtrak:BWI,BWI,21:07:00,21:09:00,21,0,0,
amtrak,amtrak:298071,298071,amtrak:WAS,WAS,21:46:00,21:46:00,22,0,0,
amtrak,amtrak:298073,298073,amtrak:BOS,BOS,11:37:00,11:37:00,1,0,0,
amtrak,amtrak:298073,298073,amtrak:BBY,BBY,11:41:00,11:42:00,2,0,0,
amtrak,amtrak:298073,298073,amtrak:RTE,RTE,11:50:00,11:52:00,3,0,0,
amtrak,amtrak:298073,298073,amtrak:PVD,PVD,12:16:00,12:18:00,4,0,0,
amtrak,amtrak:298073,298073,amtrak:KIN,KIN,12:38:00,12:39:00,5,0,0,
amtrak,amtrak:298073,298073,amtrak:WLY,WLY,12:53:00,12:55:00,6,0,0,
amtrak,amtrak:298073,298073,amtrak:NLC,NLC,13:16:00,13:17:00,7,0,0,
amtrak,amtrak:298073,298073,amtrak:OSB,OSB,13:35:00,13:36:00,8,0,0,
amtrak,amtrak:298073,298073,amtrak:NHV,NHV,14:05:00,14:06:00,9,0,0,
amtrak,amtrak:298073,298073,amtrak:BRP,BRP,14:26:00,14:28:00,10,0,0,
amtrak,amtrak:298073,298073,amtrak:STM,STM,14:53:00,14:55:00,11,0,0,
amtrak,amtrak:298073,298073,amtrak:NRO,NRO,15:15:00,15:16:00,12,0,0,
amtrak,amtrak:298073,298073,amtrak:NYP,NYP,15:51:00,16:05:00,13,0,0,
amtrak,amtrak:298073,298073,amtrak:NWK,NWK,16:23:00,16:24:00,14,0,0,
amtrak,amtrak:298073,298073,amtrak:EWR,EWR,16:28:00,16:29:00,15,0,0,
amtrak,amtrak:298073,298073,amtrak:MET,MET,16:41:00,16:43:00,16,0,0,
amtrak,amtrak:298073,298073,amtrak:TRE,TRE,17:05:00,17:07:00,17,0,0,
amtrak,amtrak:298073,298073,amtrak:PHL,PHL,17:32:00,17:35:00,18,0,0,
amtrak,amtrak:298073,298073,amtrak:WIL,WIL,17:57:00,17:59:00,19,0,0,
amtrak,amtrak:298073,298073,amtrak:BAL,BAL,19:00:00,19:02:00,20,0,0,
amtrak,amtrak:298073,298073,amtrak:BWI,BWI,19:14:00,19:16:00,21,0,0,
amtrak,amtrak:298073,298073,amtrak:NCR,NCR,19:30:00,19:31:00,22,0,0,
amtrak,amtrak:298073,298073,amtrak:WAS,WAS,19:50:00,19:50:00,23,0,0,
amtrak,amtrak:298129,298129,amtrak:BOS,BOS,6:05:00,6:05:00,1,0,0,
amtrak,amtrak:298129,298129,amtrak:BBY,BBY,6:09:00,6:10:00,2,0,0,
amtrak,amtrak:298129,298129,amtrak:RTE,RTE,6:18:00,6:20:00,3,0,0,
amtrak,amtrak:298129,298129,amtrak:PVD,PVD,6:39:00,6:41:00,4,0,0,
amtrak,amtrak:298129,298129,amtrak:NHV,NHV,8:08:00,8:10:00,5,0,0,
amtrak,amtrak:298129,298129,amtrak:STM,STM,8:53:00,8:55:00,6,0,0,
amtrak,amtrak:298129,298129,amtrak:NYP,NYP,9:53:00,10:03:00,7,0,0,
amtrak,amtrak:298129,298129,amtrak:NWK,NWK,10:19:00,10:20:00,8,0,0,
amtrak,amtrak:298129,298129,amtrak:MET,MET,10:32:00,10:34:00,9,0,0,
amtrak,amtrak:298129,298129,amtrak:PHL,PHL,11:17:00,11:19:00,10,0,0,
amtrak,amtrak:298129,298129,amtrak:WIL,WIL,11:38:00,11:40:00,11,0,0,
amtrak,amtrak:298129,298129,amtrak:BAL,BAL,12:25:00,12:27:00,12,0,0,
amtrak,amtrak:298129,298129,amtrak:BWI,BWI,12:38:00,12:40:00,13,0,0,
amtrak,amtrak:298129,298129,amtrak:WAS,WAS,13:11:00,13:11:00,14,0,0,
amtrak,amtrak:298130,298130,amtrak:BOS,BOS,7:25:00,7:25:00,1,0,0,
amtrak,amtrak:298130,298130,amtrak:BBY,BBY,7:29:00,7:30:00,2,0,0,
amtrak,amtrak:298130,298130,amtrak:RTE,RTE,7:39:00,7:40:00,3,0,0,
amtrak,amtrak:298130,298130,amtrak:PVD,PVD,8:01:00,8:02:00,4,0,0,
amtrak,amtrak:298130,298130,amtrak:NHV,NHV,9:29:00,9:31:00,5,0,0,
amtrak,amtrak:298130,298130,amtrak:STM,STM,10:21:00,10:23:00,6,0,0,
amtrak,amtrak:298130,298130,amtrak:NYP,NYP,11:10:00,11:20:00,7,0,0,
amtrak,amtrak:298130,298130,amtrak:NWK,NWK,11:34:00,11:35:00,8,0,0,
amtrak,amtrak:298130,298130,amtrak:PHL,PHL,12:34:00,12:36:00,9,0,0,
amtrak,amtrak:298130,298130,amtrak:WIL,WIL,12:54:00,12:56:00,10,0,0,
amtrak,amtrak:298130,298130,amtrak:BAL,BAL,13:43:00,13:45:00,11,0,0,
amtrak,amtrak:298130,298130,amtrak:WAS,WAS,14:20:00,14:20:00,12,0,0,
amtrak,amtrak:298143,298143,amtrak:SPG,SPG,5:50:00,5:50:00,1,0,0,
amtrak,amtrak:298143,298143,amtrak:WNL,WNL,6:09:00,6:09:00,2,0,0,
amtrak,amtrak:298143,298143,amtrak:WND,WND,6:14:00,6:14:00,3,0,0,
amtrak,amtrak:298143,298143,amtrak:HFD,HFD,6:22:00,6:24:00,4,0,0,
amtrak,amtrak:298143,298143,amtrak:BER,BER,6:34:00,6:34:00,5,0,0,
amtrak,amtrak:298143,298143,amtrak:MDN,MDN,6:43:00,6:43:00,6,0,0,
amtrak,amtrak:298143,298143,amtrak:WFD,WFD,6:52:00,6:52:00,7,0,0,
amtrak,amtrak:298143,298143,amtrak:STS,STS,7:05:00,7:05:00,8,0,0,
amtrak,amtrak:298143,298143,amtrak:NHV,NHV,7:09:00,7:35:00,9,0,0,
amtrak,amtrak:298143,298143,amtrak:BRP,BRP,7:54:00,7:56:00,10,0,0,
amtrak,amtrak:298143,298143,amtrak:STM,STM,8:23:00,8:25:00,11,0,0,
amtrak,amtrak:298143,298143,amtrak:NRO,NRO,8:45:00,8:47:00,12,0,0,
amtrak,amtrak:298143,298143,amtrak:NYP,NYP,9:27:00,9:47:00,13,0,0,
amtrak,amtrak:298143,298143,amtrak:NWK,NWK,10:03:00,10:04:00,14,0,0,
amtrak,amtrak:298143,298143,amtrak:EWR,EWR,10:08:00,10:09:00,15,0,0,
amtrak,amtrak:298143,298143,amtrak:MET,MET,10:21:00,10:23:00,16,0,0,
amtrak,amtrak:298143,298143,amtrak:TRE,TRE,10:46:00,10:49:00,17,0,0,
amtrak,amtrak:298143,298143,amtrak:PHL,PHL,11:17:00,11:20:00,18,0,0,
amtrak,amtrak:298143,298143,amtrak:WIL,WIL,11:40:00,11:42:00,19,0,0,
amtrak,amtrak:298143,298143,amtrak:BAL,BAL,12:37:00,12:41:00,20,0,0,
amtrak,amtrak:298143,298143,amtrak:BWI,BWI,12:57:00,12:59:00,21,0,0,
amtrak,amtrak:298143,298143,amtrak:NCR,NCR,13:13:00,13:14:00,22,0,0,
amtrak,amtrak:298143,298143,amtrak:WAS,WAS,13:31:00,13:31:00,23,0,0,
amtrak,amtrak:298144,298144,amtrak:SPG,SPG,5:50:00,5:50:00,1,0,0,
amtrak,amtrak:298144,298144,amtrak:WNL,WNL,6:09:00,6:09:00,2,0,0,
amtrak,amtrak:298144,298144,amtrak:WND,WND,6:14:00,6:14:00,3,0,0,
amtrak,amtrak:298144,298144,amtrak:HFD,HFD,6:22:00,6:24:00,4,0,0,
amtrak,amtrak:298144,298144,amtrak:BER,BER,6:34:00,6:34:00,5,0,0,
amtrak,amtrak:298144,298144,amtrak:MDN,MDN,6:43:00,6:43:00,6,0,0,
amtrak,amtrak:298144,298144,amtrak:WFD,WFD,6:52:00,6:52:00,7,0,0,
amtrak,amtrak:298144,298144,amtrak:STS,STS,7:05:00,7:05:00,8,0,0,
amtrak,amtrak:298144,298144,amtrak:NHV,NHV,7:09:00,7:35:00,9,0,0,
amtrak,amtrak:298144,298144,amtrak:BRP,BRP,7:54:00,7:56:00,10,0,0,
amtrak,amtrak:298144,298144,amtrak:STM,STM,8:23:00,8:25:00,11,0,0,
amtrak,amtrak:298144,298144,amtrak:NRO,NRO,8:45:00,8:47:00,12,0,0,
amtrak,amtrak:298144,298144,amtrak:NYP,NYP,9:27:00,9:47:00,13,0,0,
amtrak,amtrak:298144,298144,amtrak:NWK,NWK,10:03:00,10:04:00,14,0,0,
amtrak,amtrak:298144,298144,amtrak:EWR,EWR,10:08:00,10:09:00,15,0,0,
amtrak,amtrak:298144,298144,amtrak:MET,MET,10:21:00,10:23:00,16,0,0,
amtrak,amtrak:298144,298144,amtrak:TRE,TRE,10:46:00,10:49:00,17,0,0,
amtrak,amtrak:298144,298144,amtrak:PHL,PHL,11:17:00,11:20:00,18,0,0,
amtrak,amtrak:298144,298144,amtrak:WIL,WIL,11:40:00,11:42:00,19,0,0,
amtrak,amtrak:298144,298144,amtrak:BAL,BAL,12:37:00,12:41:00,20,0,0,
amtrak,amtrak:298144,298144,amtrak:BWI,BWI,12:57:00,12:59:00,21,0,0,
amtrak,amtrak:298144,298144,amtrak:NCR,NCR,13:13:00,13:14:00,22,0,0,
amtrak,amtrak:298144,298144,amtrak:WAS,WAS,13:29:00,13:29:00,23,0,0,
amtrak,amtrak:298145,298145,amtrak:SPG,SPG,5:50:00,5:50:00,1,0,0,
amtrak,amtrak:298145,298145,amtrak:WNL,WNL,6:09:00,6:09:00,2,0,0,
amtrak,amtrak:298145,298145,amtrak:WND,WND,6:14:00,6:14:00,3,0,0,
amtrak,amtrak:298145,298145,amtrak:HFD,HFD,6:22:00,6:24:00,4,0,0,
amtrak,amtrak:298145,298145,amtrak:BER,BER,6:34:00,6:34:00,5,0,0,
amtrak,amtrak:298145,298145,amtrak:MDN,MDN,6:43:00,6:43:00,6,0,0,
amtrak,amtrak:298145,298145,amtrak:WFD,WFD,6:52:00,6:52:00,7,0,0,
amtrak,amtrak:298145,298145,amtrak:STS,STS,7:05:00,7:05:00,8,0,0,
amtrak,amtrak:298145,298145,amtrak:NHV,NHV,7:09:00,7:35:00,9,0,0,
amtrak,amtrak:298147,298147,amtrak:SPG,SPG,5:50:00,5:50:00,1,0,0,
amtrak,amtrak:298147,298147,amtrak:WNL,WNL,6:09:00,6:09:00,2,0,0,
amtrak,amtrak:298147,298147,amtrak:WND,WND,6:14:00,6:14:00,3,0,0,
amtrak,amtrak:298147,298147,amtrak:HFD,HFD,6:22:00,6:24:00,4,0,0,
amtrak,amtrak:298147,298147,amtrak:BER,BER,6:34:00,6:34:00,5,0,0,
amtrak,amtrak:298147,298147,amtrak:MDN,MDN,6:43:00,6:43:00,6,0,0,
amtrak,amtrak:298147,298147,amtrak:WFD,WFD,6:52:00,6:52:00,7,0,0,
amtrak,amtrak:298147,298147,amtrak:STS,STS,7:05:00,7:05:00,8,0,0,
amtrak,amtrak:298147,298147,amtrak:NHV,NHV,7:09:00,7:35:00,9,0,0,
amtrak,amtrak:298147,298147,amtrak:BRP,BRP,7:54:00,7:56:00,10,0,0,
amtrak,amtrak:298147,298147,amtrak:STM,STM,8:23:00,8:25:00,11,0,0,
amtrak,amtrak:298147,298147,amtrak:NRO,NRO,8:45:00,8:47:00,12,0,0,
amtrak,amtrak:298147,298147,amtrak:NYP,NYP,9:27:00,9:47:00,13,0,0,
amtrak,amtrak:298147,298147,amtrak:NWK,NWK,10:03:00,10:04:00,14,0,0,
amtrak,amtrak:298147,298147,amtrak:EWR,EWR,10:08:00,10:09:00,15,0,0,
amtrak,amtrak:298147,298147,amtrak:MET,MET,10:21:00,10:23:00,16,0,0,
amtrak,amtrak:298147,298147,amtrak:TRE,TRE,10:46:00,10:49:00,17,0,0,
amtrak,amtrak:298147,298147,amtrak:PHL,PHL,11:17:00,11:20:00,18,0,0,
amtrak,amtrak:298147,298147,amtrak:WIL,WIL,11:40:00,11:42:00,19,0,0,
amtrak,amtrak:298147,298147,amtrak:BAL,BAL,12:37:00,12:41:00,20,0,0,
amtrak,amtrak:298147,298147,amtrak:BWI,BWI,12:57:00,12:59:00,21,0,0,
amtrak,amtrak:298147,298147,amtrak:NCR,NCR,13:13:00,13:14:00,22,0,0,
amtrak,amtrak:298147,298147,amtrak:WAS,WAS,13:31:00,13:31:00,23,0,0,
amtrak,amtrak:298148,298148,amtrak:SPG,SPG,5:50:00,5:50:00,1,0,0,
amtrak,amtrak:298148,298148,amtrak:WNL,WNL,6:09:00,6:09:00,2,0,0,
amtrak,amtrak:298148,298148,amtrak:WND,WND,6:14:00,6:14:00,3,0,0,
amtrak,amtrak:298148,298148,amtrak:HFD,HFD,6:22:00,6:24:00,4,0,0,
amtrak,amtrak:298148,298148,amtrak:BER,BER,6:34:00,6:34:00,5,0,0,
amtrak,amtrak:298148,298148,amtrak:MDN,MDN,6:43:00,6:43:00,6,0,0,
amtrak,amtrak:298148,298148,amtrak:WFD,WFD,6:52:00,6:52:00,7,0,0,
amtrak,amtrak:298148,298148,amtrak:STS,STS,7:05:00,7:05:00,8,0,0,
amtrak,amtrak:298148,298148,amtrak:NHV,NHV,7:09:00,7:35:00,9,0,0,
amtrak,amtrak:298148,298148,amtrak:BRP,BRP,7:54:00,7:56:00,10,0,0,
amtrak,amtrak:298148,298148,amtrak:STM,STM,8:23:00,8:25:00,11,0,0,
amtrak,amtrak:298148,298148,amtrak:NRO,NRO,8:45:00,8:47:00,12,0,0,
amtrak,amtrak:298148,298148,amtrak:NYP,NYP,9:27:00,9:47:00,13,0,0,
amtrak,amtrak:298148,298148,amtrak:NWK,NWK,10:05:00,10:06:00,14,0,0,
amtrak,amtrak:298148,298148,amtrak:EWR,EWR,10:10:00,10:11:00,15,0,0,
amtrak,amtrak:298148,298148,amtrak:MET,MET,10:23:00,10:25:00,16,0,0,
amtrak,amtrak:298148,298148,amtrak:TRE,TRE,10:46:00,10:48:00,17,0,0,
amtrak,amtrak:298148,298148,amtrak:PHL,PHL,11:14:00,11:22:00,18,0,0,
amtrak,amtrak:298148,298148,amtrak:WIL,WIL,11:42:00,11:44:00,19,0,0,
amtrak,amtrak:298148,298148,amtrak:BAL,BAL,12:37:00,12:41:00,20,0,0,
amtrak,amtrak:298148,298148,amtrak:WAS,WAS,13:24:00,13:24:00,21,0,0,
amtrak,amtrak:298149,298149,amtrak:SPG,SPG,5:50:00,5:50:00,1,0,0,
amtrak,amtrak:298149,298149,amtrak:WNL,WNL,6:09:00,6:09:00,2,0,0,
amtrak,amtrak:298149,298149,amtrak:WND,WND,6:14:00,6:14:00,3,0,0,
amtrak,amtrak:298149,298149,amtrak:HFD,HFD,6:22:00,6:24:00,4,0,0,
amtrak,amtrak:298149,298149,amtrak:BER,BER,6:34:00,6:34:00,5,0,0,
amtrak,amtrak:298149,298149,amtrak:MDN,MDN,6:43:00,6:43:00,6,0,0,
amtrak,amtrak:298149,298149,amtrak:WFD,WFD,6:52:00,6:52:00,7,0,0,
amtrak,amtrak:298149,298149,amtrak:STS,STS,7:05:00,7:05:00,8,0,0,
amtrak,amtrak:298149,298149,amtrak:NHV,NHV,7:09:00,7:35:00,9,0,0,
amtrak,amtrak:298149,298149,amtrak:BRP,BRP,7:54:00,7:56:00,10,0,0,
amtrak,amtrak:298149,298149,amtrak:STM,STM,8:23:00,8:25:00,11,0,0,
amtrak,amtrak:298149,298149,amtrak:NRO,NRO,8:45:00,8:47:00,12,0,0,
amtrak,amtrak:298149,298149,amtrak:NYP,NYP,9:27:00,9:47:00,13,0,0,
amtrak,amtrak:298149,298149,amtrak:NWK,NWK,10:03:00,10:04:00,14,0,0,
amtrak,amtrak:298149,298149,amtrak:EWR,EWR,10:08:00,10:09:00,15,0,0,
amtrak,amtrak:298149,298149,amtrak:MET,MET,10:21:00,10:23:00,16,0,0,
amtrak,amtrak:298149,298149,amtrak:TRE,TRE,10:46:00,10:49:00,17,0,0,
amtrak,amtrak:298149,298149,amtrak:PHL,PHL,11:17:00,11:20:00,18,0,0,
amtrak,amtrak:298149,298149,amtrak:WIL,WIL,11:40:00,11:42:00,19,0,0,
amtrak,amtrak:298149,298149,amtrak:BAL,BAL,12:37:00,12:41:00,20,0,0,
amtrak,amtrak:298149,298149,amtrak:BWI,BWI,12:57:00,12:59:00,21,0,0,
amtrak,amtrak:298149,298149,amtrak:NCR,NCR,13:13:00,13:14:00,22,0,0,
amtrak,amtrak:298149,298149,amtrak:WAS,WAS,13:31:00,13:31:00,23,0,0,
amtrak,amtrak:298150,298150,amtrak:SPG,SPG,5:50:00,5:50:00,1,0,0,
amtrak,amtrak:298150,298150,amtrak:WNL,WNL,6:09:00,6:09:00,2,0,0,
amtrak,amtrak:298150,298150,amtrak:WND,WND,6:14:00,6:14:00,3,0,0,
amtrak,amtrak:298150,298150,amtrak:HFD,HFD,6:22:00,6:24:00,4,0,0,
amtrak,amtrak:298150,298150,amtrak:BER,BER,6:34:00,6:34:00,5,0,0,
amtrak,amtrak:298150,298150,amtrak:MDN,MDN,6:43:00,6:43:00,6,0,0,
amtrak,amtrak:298150,298150,amtrak:WFD,WFD,6:52:00,6:52:00,7,0,0,
amtrak,amtrak:298150,298150,amtrak:STS,STS,7:05:00,7:05:00,8,0,0,
amtrak,amtrak:298150,298150,amtrak:NHV,NHV,7:09:00,7:35:00,9,0,0,
amtrak,amtrak:298150,298150,amtrak:BRP,BRP,7:54:00,7:56:00,10,0,0,
amtrak,amtrak:298150,298150,amtrak:STM,STM,8:23:00,8:25:00,11,0,0,
amtrak,amtrak:298150,298150,amtrak:NRO,NRO,8:45:00,8:47:00,12,0,0,
amtrak,amtrak:298150,298150,amtrak:NYP,NYP,9:27:00,9:47:00,13,0,0,
amtrak,amtrak:298150,298150,amtrak:NWK,NWK,10:03:00,10:04:00,14,0,0,
amtrak,amtrak:298150,298150,amtrak:EWR,EWR,10:08:00,10:09:00,15,0,0,
amtrak,amtrak:298150,298150,amtrak:MET,MET,10:21:00,10:23:00,16,0,0,
amtrak,amtrak:298150,298150,amtrak:TRE,TRE,10:46:00,10:49:00,17,0,0,
amtrak,amtrak:298150,298150,amtrak:PHL,PHL,11:17:00,11:20:00,18,0,0,
amtrak,amtrak:298150,298150,amtrak:WIL,WIL,11:40:00,11:42:00,19,0,0,
amtrak,amtrak:298150,298150,amtrak:BAL,BAL,12:37:00,12:41:00,20,0,0,
amtrak,amtrak:298150,298150,amtrak:BWI,BWI,12:57:00,12:59:00,21,0,0,
amtrak,amtrak:298150,298150,amtrak:NCR,NCR,13:13:00,13:14:00,22,0,0,
amtrak,amtrak:298150,298150,amtrak:WAS,WAS,13:29:00,13:29:00,23,0,0,
amtrak,amtrak:298151,298151,amtrak:SPG,SPG,5:50:00,5:50:00,1,0,0,
amtrak,amtrak:298151,298151,amtrak:WNL,WNL,6:09:00,6:09:00,2,0,0,
amtrak,amtrak:298151,298151,amtrak:WND,WND,6:14:00,6:14:00,3,0,0,
amtrak,amtrak:298151,298151,amtrak:HFD,HFD,6:22:00,6:24:00,4,0,0,
amtrak,amtrak:298151,298151,amtrak:BER,BER,6:34:00,6:34:00,5,0,0,
amtrak,amtrak:298151,298151,amtrak:MDN,MDN,6:43:00,6:43:00,6,0,0,
amtrak,amtrak:298151,298151,amtrak:WFD,WFD,6:52:00,6:52:00,7,0,0,
amtrak,amtrak:298151,298151,amtrak:STS,STS,7:05:00,7:05:00,8,0,0,
amtrak,amtrak:298151,298151,amtrak:NHV,NHV,7:09:00,7:35:00,9,0,0,
amtrak,amtrak:298151,298151,amtrak:BRP,BRP,7:54:00,7:56:00,10,0,0,
amtrak,amtrak:298151,298151,amtrak:STM,STM,8:23:00,8:25:00,11,0,0,
amtrak,amtrak:298151,298151,amtrak:NRO,NRO,8:45:00,8:47:00,12,0,0,
amtrak,amtrak:298151,298151,amtrak:NYP,NYP,9:27:00,9:47:00,13,0,0,
amtrak,amtrak:298151,298151,amtrak:NWK,NWK,10:03:00,10:04:00,14,0,0,
amtrak,amtrak:298151,298151,amtrak:EWR,EWR,10:08:00,10:09:00,15,0,0,
amtrak,amtrak:298151,298151,amtrak:MET,MET,10:21:00,10:23:00,16,0,0,
amtrak,amtrak:298151,298151,amtrak:TRE,TRE,10:46:00,10:49:00,17,0,0,
amtrak,amtrak:298151,298151,amtrak:PHL,PHL,11:17:00,11:20:00,18,0,0,
amtrak,amtrak:298151,298151,amtrak:WIL,WIL,11:40:00,11:42:00,19,0,0,
amtrak,amtrak:298151,298151,amtrak:BAL,BAL,12:37:00,12:41:00,20,0,0,
amtrak,amtrak:298151,298151,amtrak:BWI,BWI,12:52:00,12:54:00,21,0,0,
amtrak,amtrak:298151,298151,amtrak:NCR,NCR,13:08:00,13:09:00,22,0,0,
amtrak,amtrak:298151,298151,amtrak:WAS,WAS,13:24:00,13:24:00,23,0,0,
amtrak,amtrak:298152,298152,amtrak:SPG,SPG,5:50:00,5:50:00,1,0,0,
amtrak,amtrak:298152,298152,amtrak:WNL,WNL,6:09:00,6:09:00,2,0,0,
amtrak,amtrak:298152,298152,amtrak:WND,WND,6:14:00,6:14:00,3,0,0,
amtrak,amtrak:298152,298152,amtrak:HFD,HFD,6:22:00,6:24:00,4,0,0,
amtrak,amtrak:298152,298152,amtrak:BER,BER,6:34:00,6:34:00,5,0,0,
amtrak,amtrak:298152,298152,amtrak:MDN,MDN,6:43:00,6:43:00,6,0,0,
amtrak,amtrak:298152,298152,amtrak:WFD,WFD,6:52:00,6:52:00,7,0,0,
amtrak,amtrak:298152,298152,amtrak:STS,STS,7:05:00,7:05:00,8,0,0,
amtrak,amtrak:298152,298152,amtrak:NHV,NHV,7:09:00,7:35:00,9,0,0,
amtrak,amtrak:298152,298152,amtrak:BRP,BRP,7:54:00,7:56:00,10,0,0,
amtrak,amtrak:298152,298152,amtrak:STM,STM,8:23:00,8:25:00,11,0,0,
amtrak,amtrak:298152,298152,amtrak:NRO,NRO,8:45:00,8:47:00,12,0,0,
amtrak,amtrak:298152,298152,amtrak:NYP,NYP,9:27:00,9:47:00,13,0,0,
amtrak,amtrak:298152,298152,amtrak:NWK,NWK,10:03:00,10:04:00,14,0,0,
amtrak,amtrak:298152,298152,amtrak:EWR,EWR,10:08:00,10:09:00,15,0,0,
amtrak,amtrak:298152,298152,amtrak:MET,MET,10:21:00,10:23:00,16,0,0,
amtrak,amtrak:298152,298152,amtrak:TRE,TRE,10:46:00,10:49:00,17,0,0,
amtrak,amtrak:298152,298152,amtrak:PHL,PHL,11:17:00,11:20:00,18,0,0,
amtrak,amtrak:298152,298152,amtrak:WIL,WIL,11:40:00,11:42:00,19,0,0,
amtrak,amtrak:298152,298152,amtrak:BAL,BAL,12:37:00,12:41:00,20,0,0,
amtrak,amtrak:298152,298152,amtrak:BWI,BWI,12:52:00,12:54:00,21,0,0,
amtrak,amtrak:298152,298152,amtrak:NCR,NCR,13:08:00,13:09:00,22,0,0,
amtrak,amtrak:298152,298152,amtrak:WAS,WAS,13:24:00,13:24:00,23,0,0,
amtrak,amtrak:298176,298176,amtrak:BOS,BOS,6:35:00,6:35:00,1,0,0,
amtrak,amtrak:298176,298176,amtrak:BBY,BBY,6:39:00,6:40:00,2,0,0,
amtrak,amtrak:298176,298176,amtrak:RTE,RTE,6:49:00,6:50:00,3,0,0,
amtrak,amtrak:298176,298176,amtrak:PVD,PVD,7:14:00,7:15:00,4,0,0,
amtrak,amtrak:298176,298176,amtrak:KIN,KIN,7:35:00,7:36:00,5,0,0,
amtrak,amtrak:298176,298176,amtrak:WLY,WLY,7:50:00,7:50:00,6,0,0,
amtrak,amtrak:298176,298176,amtrak:NLC,NLC,8:11:00,8:12:00,7,0,0,
amtrak,amtrak:298176,298176,amtrak:OSB,OSB,8:30:00,8:31:00,8,0,0,
amtrak,amtrak:298176,298176,amtrak:NHV,NHV,9:03:00,9:06:00,9,0,0,
amtrak,amtrak:298176,298176,amtrak:BRP,BRP,9:27:00,9:28:00,10,0,0,
amtrak,amtrak:298176,298176,amtrak:STM,STM,9:54:00,9:55:00,11,0,0,
amtrak,amtrak:298176,298176,amtrak:NRO,NRO,10:15:00,10:16:00,12,0,0,
amtrak,amtrak:298176,298176,amtrak:NYP,NYP,10:51:00,11:05:00,13,0,0,
amtrak,amtrak:298176,298176,amtrak:NWK,NWK,11:21:00,11:23:00,14,0,0,
amtrak,amtrak:298176,298176,amtrak:MET,MET,11:37:00,11:39:00,15,0,0,
amtrak,amtrak:298176,298176,amtrak:PHL,PHL,12:26:00,12:29:00,16,0,0,
amtrak,amtrak:298176,298176,amtrak:WIL,WIL,12:49:00,12:50:00,17,0,0,
amtrak,amtrak:298176,298176,amtrak:BAL,BAL,13:43:00,13:47:00,18,0,0,
amtrak,amtrak:298176,298176,amtrak:BWI,BWI,13:58:00,14:00:00,19,0,0,
amtrak,amtrak:298176,298176,amtrak:NCR,NCR,14:13:00,14:15:00,20,0,0,
amtrak,amtrak:298176,298176,amtrak:WAS,WAS,14:29:00,14:29:00,21,0,0,
amtrak,amtrak:298177,298177,amtrak:BOS,BOS,6:35:00,6:35:00,1,0,0,
amtrak,amtrak:298177,298177,amtrak:BBY,BBY,6:39:00,6:40:00,2,0,0,
amtrak,amtrak:298177,298177,amtrak:RTE,RTE,6:49:00,6:50:00,3,0,0,
amtrak,amtrak:298177,298177,amtrak:PVD,PVD,7:14:00,7:15:00,4,0,0,
amtrak,amtrak:298177,298177,amtrak:KIN,KIN,7:35:00,7:36:00,5,0,0,
amtrak,amtrak:298177,298177,amtrak:WLY,WLY,7:50:00,7:50:00,6,0,0,
amtrak,amtrak:298177,298177,amtrak:NLC,NLC,8:11:00,8:12:00,7,0,0,
amtrak,amtrak:298177,298177,amtrak:OSB,OSB,8:30:00,8:31:00,8,0,0,
amtrak,amtrak:298177,298177,amtrak:NHV,NHV,9:03:00,9:06:00,9,0,0,
amtrak,amtrak:298179,298179,amtrak:BOS,BOS,6:35:00,6:35:00,1,0,0,
amtrak,amtrak:298179,298179,amtrak:BBY,BBY,6:39:00,6:40:00,2,0,0,
amtrak,amtrak:298179,298179,amtrak:RTE,RTE,6:49:00,6:50:00,3,0,0,
amtrak,amtrak:298179,298179,amtrak:PVD,PVD,7:14:00,7:15:00,4,0,0,
amtrak,amtrak:298179,298179,amtrak:KIN,KIN,7:35:00,7:36:00,5,0,0,
amtrak,amtrak:298179,298179,amtrak:WLY,WLY,7:50:00,7:50:00,6,0,0,
amtrak,amtrak:298179,298179,amtrak:NLC,NLC,8:11:00,8:12:00,7,0,0,
amtrak,amtrak:298179,298179,amtrak:OSB,OSB,8:30:00,8:31:00,8,0,0,
amtrak,amtrak:298179,298179,amtrak:NHV,NHV,9:03:00,9:06:00,9,0,0,
amtrak,amtrak:298179,298179,amtrak:BRP,BRP,9:27:00,9:28:00,10,0,0,
amtrak,amtrak:298179,298179,amtrak:STM,STM,9:54:00,9:55:00,11,0,0,
amtrak,amtrak:298179,298179,amtrak:NRO,NRO,10:15:00,10:16:00,12,0,0,
amtrak,amtrak:298179,298179,amtrak:NYP,NYP,10:51:00,11:05:00,13,0,0,
amtrak,amtrak:298179,298179,amtrak:NWK,NWK,11:21:00,11:23:00,14,0,0,
amtrak,amtrak:298179,298179,amtrak:MET,MET,11:37:00,11:39:00,15,0,0,
amtrak,amtrak:298179,298179,amtrak:PHL,PHL,12:26:00,12:29:00,16,0,0,
amtrak,amtrak:298179,298179,amtrak:WIL,WIL,12:49:00,12:50:00,17,0,0,
amtrak,amtrak:298179,298179,amtrak:BAL,BAL,13:43:00,13:47:00,18,0,0,
amtrak,amtrak:298179,298179,amtrak:BWI,BWI,13:58:00,14:00:00,19,0,0,
amtrak,amtrak:298179,298179,amtrak:NCR,NCR,14:13:00,14:15:00,20,0,0,
amtrak,amtrak:298179,298179,amtrak:WAS,WAS,14:29:00,14:29:00,21,0,0,
amtrak,amtrak:298180,298180,amtrak:BOS,BOS,6:35:00,6:35:00,1,0,0,
amtrak,amtrak:298180,298180,amtrak:BBY,BBY,6:39:00,6:40:00,2,0,0,
amtrak,amtrak:298180,298180,amtrak:RTE,RTE,6:49:00,6:50:00,3,0,0,
amtrak,amtrak:298180,298180,amtrak:PVD,PVD,7:14:00,7:15:00,4,0,0,
amtrak,amtrak:298180,298180,amtrak:KIN,KIN,7:35:00,7:36:00,5,0,0,
amtrak,amtrak:298180,298180,amtrak:WLY,WLY,7:50:00,7:50:00,6,0,0,
amtrak,amtrak:298180,298180,amtrak:NLC,NLC,8:11:00,8:12:00,7,0,0,
amtrak,amtrak:298180,298180,amtrak:OSB,OSB,8:30:00,8:31:00,8,0,0,
amtrak,amtrak:298180,298180,amtrak:NHV,NHV,9:03:00,9:06:00,9,0,0,
amtrak,amtrak:298180,298180,amtrak:BRP,BRP,9:27:00,9:28:00,10,0,0,
amtrak,amtrak:298180,298180,amtrak:STM,STM,9:54:00,9:55:00,11,0,0,
amtrak,amtrak:298180,298180,amtrak:NRO,NRO,10:15:00,10:16:00,12,0,0,
amtrak,amtrak:298180,298180,amtrak:NYP,NYP,10:56:00,11:10:00,13,0,0,
amtrak,amtrak:298180,298180,amtrak:NWK,NWK,11:26:00,11:28:00,14,0,0,
amtrak,amtrak:298180,298180,amtrak:MET,MET,11:42:00,11:44:00,15,0,0,
amtrak,amtrak:298180,298180,amtrak:PHL,PHL,12:31:00,12:38:00,16,0,0,
amtrak,amtrak:298180,298180,amtrak:WIL,WIL,12:58:00,12:59:00,17,0,0,
amtrak,amtrak:298180,298180,amtrak:BAL,BAL,13:52:00,13:55:00,18,0,0,
amtrak,amtrak:298180,298180,amtrak:BWI,BWI,14:06:00,14:08:00,19,0,0,
amtrak,amtrak:298180,298180,amtrak:NCR,NCR,14:21:00,14:23:00,20,0,0,
amtrak,amtrak:298180,298180,amtrak:WAS,WAS,14:37:00,14:37:00,21,0,0,
amtrak,amtrak:298181,298181,amtrak:BOS,BOS,6:35:00,6:35:00,1,0,0,
amtrak,amtrak:298181,298181,amtrak:BBY,BBY,6:39:00,6:40:00,2,0,0,
amtrak,amtrak:298181,298181,amtrak:RTE,RTE,6:49:00,6:50:00,3,0,0,
amtrak,amtrak:298181,298181,amtrak:PVD,PVD,7:14:00,7:15:00,4,0,0,
amtrak,amtrak:298181,298181,amtrak:KIN,KIN,7:35:00,7:36:00,5,0,0,
amtrak,amtrak:298181,298181,amtrak:WLY,WLY,7:50:00,7:50:00,6,0,0,
amtrak,amtrak:298181,298181,amtrak:NLC,NLC,8:11:00,8:12:00,7,0,0,
amtrak,amtrak:298181,298181,amtrak:OSB,OSB,8:30:00,8:31:00,8,0,0,
amtrak,amtrak:298181,298181,amtrak:NHV,NHV,9:03:00,9:06:00,9,0,0,
amtrak,amtrak:298181,298181,amtrak:BRP,BRP,9:27:00,9:28:00,10,0,0,
amtrak,amtrak:298181,298181,amtrak:STM,STM,9:54:00,9:55:00,11,0,0,
amtrak,amtrak:298181,298181,amtrak:NRO,NRO,10:15:00,10:16:00,12,0,0,
amtrak,amtrak:298181,298181,amtrak:NYP,NYP,10:51:00,11:05:00,13,0,0,
amtrak,amtrak:298181,298181,amtrak:NWK,NWK,11:21:00,11:23:00,14,0,0,
amtrak,amtrak:298181,298181,amtrak:MET,MET,11:37:00,11:39:00,15,0,0,
amtrak,amtrak:298181,298181,amtrak:PHL,PHL,12:26:00,12:29:00,16,0,0,
amtrak,amtrak:298181,298181,amtrak:WIL,WIL,12:49:00,12:50:00,17,0,0,
amtrak,amtrak:298181,298181,amtrak:BAL,BAL,13:43:00,13:47:00,18,0,0,
amtrak,amtrak:298181,298181,amtrak:BWI,BWI,13:58:00,14:00:00,19,0,0,
amtrak,amtrak:298181,298181,amtrak:NCR,NCR,14:13:00,14:15:00,20,0,0,
amtrak,amtrak:298181,298181,amtrak:WAS,WAS,14:29:00,14:29:00,21,0,0,
amtrak,amtrak:298182,298182,amtrak:BOS,BOS,6:35:00,6:35:00,1,0,0,
amtrak,amtrak:298182,298182,amtrak:BBY,BBY,6:39:00,6:40:00,2,0,0,
amtrak,amtrak:298182,298182,amtrak:RTE,RTE,6:49:00,6:50:00,3,0,0,
amtrak,amtrak:298182,298182,amtrak:PVD,PVD,7:14:00,7:15:00,4,0,0,
amtrak,amtrak:298182,298182,amtrak:KIN,KIN,7:35:00,7:36:00,5,0,0,
amtrak,amtrak:298182,298182,amtrak:WLY,WLY,7:50:00,7:50:00,6,0,0,
amtrak,amtrak:298182,298182,amtrak:NLC,NLC,8:11:00,8:12:00,7,0,0,
amtrak,amtrak:298182,298182,amtrak:OSB,OSB,8:30:00,8:31:00,8,0,0,
amtrak,amtrak:298182,298182,amtrak:NHV,NHV,9:03:00,9:06:00,9,0,0,
amtrak,amtrak:298182,298182,amtrak:BRP,BRP,9:27:00,9:28:00,10,0,0,
amtrak,amtrak:298182,298182,amtrak:STM,STM,9:54:00,9:55:00,11,0,0,
amtrak,amtrak:298182,298182,amtrak:NRO,NRO,10:15:00,10:16:00,12,0,0,
amtrak,amtrak:298182,298182,amtrak:NYP,NYP,10:51:00,11:05:00,13,0,0,
amtrak,amtrak:298182,298182,amtrak:NWK,NWK,11:21:00,11:23:00,14,0,0,
amtrak,amtrak:298182,298182,amtrak:MET,MET,11:37:00,11:39:00,15,0,0,
amtrak,amtrak:298182,298182,amtrak:PHL,PHL,12:26:00,12:29:00,16,0,0,
amtrak,amtrak:298182,298182,amtrak:WIL,WIL,12:49:00,12:50:00,17,0,0,
amtrak,amtrak:298182,298182,amtrak:BAL,BAL,13:43:00,13:47:00,18,0,0,
amtrak,amtrak:298182,298182,amtrak:BWI,BWI,13:58:00,14:00:00,19,0,0,
amtrak,amtrak:298182,298182,amtrak:NCR,NCR,14:13:00,14:15:00,20,0,0,
amtrak,amtrak:298182,298182,amtrak:WAS,WAS,14:29:00,14:29:00,21,0,0,
amtrak,amtrak:298183,298183,amtrak:BOS,BOS,6:35:00,6:35:00,1,0,0,
amtrak,amtrak:298183,298183,amtrak:BBY,BBY,6:39:00,6:40:00,2,0,0,
amtrak,amtrak:298183,298183,amtrak:RTE,RTE,6:49:00,6:50:00,3,0,0,
amtrak,amtrak:298183,298183,amtrak:PVD,PVD,7:14:00,7:15:00,4,0,0,
amtrak,amtrak:298183,298183,amtrak:KIN,KIN,7:35:00,7:36:00,5,0,0,
amtrak,amtrak:298183,298183,amtrak:WLY,WLY,7:50:00,7:50:00,6,0,0,
amtrak,amtrak:298183,298183,amtrak:NLC,NLC,8:11:00,8:12:00,7,0,0,
amtrak,amtrak:298183,298183,amtrak:OSB,OSB,8:30:00,8:31:00,8,0,0,
amtrak,amtrak:298183,298183,amtrak:NHV,NHV,9:03:00,9:06:00,9,0,0,
amtrak,amtrak:298183,298183,amtrak:BRP,BRP,9:27:00,9:28:00,10,0,0,
amtrak,amtrak:298183,298183,amtrak:STM,STM,9:54:00,9:55:00,11,0,0,
amtrak,amtrak:298183,298183,amtrak:NRO,NRO,10:15:00,10:16:00,12,0,0,
amtrak,amtrak:298183,298183,amtrak:NYP,NYP,10:51:00,11:05:00,13,0,0,
amtrak,amtrak:298183,298183,amtrak:NWK,NWK,11:21:00,11:23:00,14,0,0,
amtrak,amtrak:298183,298183,amtrak:MET,MET,11:37:00,11:39:00,15,0,0,
amtrak,amtrak:298183,298183,amtrak:PHL,PHL,12:26:00,12:29:00,16,0,0,
amtrak,amtrak:298183,298183,amtrak:WIL,WIL,12:49:00,12:50:00,17,0,0,
amtrak,amtrak:298183,298183,amtrak:BAL,BAL,13:39:00,13:43:00,18,0,0,
amtrak,amtrak:298183,298183,amtrak:BWI,BWI,13:54:00,13:56:00,19,0,0,
amtrak,amtrak:298183,298183,amtrak:NCR,NCR,14:09:00,14:11:00,20,0,0,
amtrak,amtrak:298183,298183,amtrak:WAS,WAS,14:25:00,14:25:00,21,0,0,
amtrak,amtrak:298184,298184,amtrak:BOS,BOS,6:35:00,6:35:00,1,0,0,
amtrak,amtrak:298184,298184,amtrak:BBY,BBY,6:39:00,6:40:00,2,0,0,
amtrak,amtrak:298184,298184,amtrak:RTE,RTE,6:49:00,6:50:00,3,0,0,
amtrak,amtrak:298184,298184,amtrak:PVD,PVD,7:14:00,7:15:00,4,0,0,
amtrak,amtrak:298184,298184,amtrak:KIN,KIN,7:35:00,7:36:00,5,0,0,
amtrak,amtrak:298184,298184,amtrak:WLY,WLY,7:50:00,7:50:00,6,0,0,
amtrak,amtrak:298184,298184,amtrak:NLC,NLC,8:11:00,8:12:00,7,0,0,
amtrak,amtrak:298184,298184,amtrak:OSB,OSB,8:30:00,8:31:00,8,0,0,
amtrak,amtrak:298184,298184,amtrak:NHV,NHV,9:03:00,9:06:00,9,0,0,
amtrak,amtrak:298184,298184,amtrak:BRP,BRP,9:27:00,9:28:00,10,0,0,
amtrak,amtrak:298184,298184,amtrak:STM,STM,9:54:00,9:55:00,11,0,0,
amtrak,amtrak:298184,298184,amtrak:NRO,NRO,10:15:00,10:16:00,12,0,0,
amtrak,amtrak:298184,298184,amtrak:NYP,NYP,10:51:00,11:05:00,13,0,0,
amtrak,amtrak:298184,298184,amtrak:NWK,NWK,11:21:00,11:23:00,14,0,0,
amtrak,amtrak:298184,298184,amtrak:MET,MET,11:37:00,11:39:00,15,0,0,
amtrak,amtrak:298184,298184,amtrak:PHL,PHL,12:26:00,12:29:00,16,0,0,
amtrak,amtrak:298184,298184,amtrak:WIL,WIL,12:49:00,12:50:00,17,0,0,
amtrak,amtrak:298184,298184,amtrak:BAL,BAL,13:39:00,13:43:00,18,0,0,
amtrak,amtrak:298184,298184,amtrak:BWI,BWI,13:54:00,13:56:00,19,0,0,
amtrak,amtrak:298184,298184,amtrak:NCR,NCR,14:09:00,14:11:00,20,0,0,
amtrak,amtrak:298184,298184,amtrak:WAS,WAS,14:25:00,14:25:00,21,0,0,
amtrak,amtrak:298197,298197,amtrak:BOS,BOS,13:40:00,13:40:00,1,0,0,
amtrak,amtrak:298197,298197,amtrak:BBY,BBY,13:44:00,13:45:00,2,0,0,
amtrak,amtrak:298197,298197,amtrak:RTE,RTE,13:54:00,13:55:00,3,0,0,
amtrak,amtrak:298197,298197,amtrak:PVD,PVD,14:18:00,14:19:00,4,0,0,
amtrak,amtrak:298197,298197,amtrak:KIN,KIN,14:39:00,14:39:00,5,0,0,
amtrak,amtrak:298197,298197,amtrak:NLC,NLC,15:12:00,15:13:00,6,0,0,
amtrak,amtrak:298197,298197,amtrak:NHV,NHV,16:02:00,16:04:00,7,0,0,
amtrak,amtrak:298197,298197,amtrak:BRP,BRP,16:25:00,16:26:00,8,0,0,
amtrak,amtrak:298197,298197,amtrak:STM,STM,16:53:00,16:55:00,9,0,0,
amtrak,amtrak:298197,298197,amtrak:NRO,NRO,17:16:00,17:17:00,10,0,0,
amtrak,amtrak:298197,298197,amtrak:NYP,NYP,17:52:00,18:05:00,11,0,0,
amtrak,amtrak:298197,298197,amtrak:NWK,NWK,18:21:00,18:22:00,12,0,0,
amtrak,amtrak:298197,298197,amtrak:EWR,EWR,18:26:00,18:27:00,13,0,0,
amtrak,amtrak:298197,298197,amtrak:MET,MET,18:38:00,18:40:00,14,0,0,
amtrak,amtrak:298197,298197,amtrak:TRE,TRE,19:02:00,19:03:00,15,0,0,
amtrak,amtrak:298197,298197,amtrak:PHL,PHL,19:32:00,19:35:00,16,0,0,
amtrak,amtrak:298197,298197,amtrak:WIL,WIL,19:53:00,19:54:00,17,0,0,
amtrak,amtrak:298197,298197,amtrak:NRK,NRK,20:07:00,20:08:00,18,0,0,
amtrak,amtrak:298197,298197,amtrak:ABE,ABE,20:31:00,20:32:00,19,0,0,
amtrak,amtrak:298197,298197,amtrak:BAL,BAL,20:58:00,21:00:00,20,0,0,
amtrak,amtrak:298197,298197,amtrak:BWI,BWI,21:11:00,21:13:00,21,0,0,
amtrak,amtrak:298197,298197,amtrak:WAS,WAS,21:43:00,21:43:00,22,0,0,
amtrak,amtrak:298198,298198,amtrak:BOS,BOS,13:40:00,13:40:00,1,0,0,
amtrak,amtrak:298198,298198,amtrak:BBY,BBY,13:44:00,13:45:00,2,0,0,
amtrak,amtrak:298198,298198,amtrak:RTE,RTE,13:54:00,13:55:00,3,0,0,
amtrak,amtrak:298198,298198,amtrak:PVD,PVD,14:18:00,14:19:00,4,0,0,
amtrak,amtrak:298198,298198,amtrak:KIN,KIN,14:39:00,14:39:00,5,0,0,
amtrak,amtrak:298198,298198,amtrak:NLC,NLC,15:12:00,15:13:00,6,0,0,
amtrak,amtrak:298198,298198,amtrak:NHV,NHV,16:02:00,16:04:00,7,0,0,
amtrak,amtrak:298202,298202,amtrak:BOS,BOS,13:40:00,13:40:00,1,0,0,
amtrak,amtrak:298202,298202,amtrak:BBY,BBY,13:44:00,13:45:00,2,0,0,
amtrak,amtrak:298202,298202,amtrak:RTE,RTE,13:54:00,13:55:00,3,0,0,
amtrak,amtrak:298202,298202,amtrak:PVD,PVD,14:18:00,14:19:00,4,0,0,
amtrak,amtrak:298202,298202,amtrak:KIN,KIN,14:39:00,14:39:00,5,0,0,
amtrak,amtrak:298202,298202,amtrak:NLC,NLC,15:12:00,15:13:00,6,0,0,
amtrak,amtrak:298202,298202,amtrak:NHV,NHV,16:02:00,16:04:00,7,0,0,
amtrak,amtrak:298202,298202,amtrak:BRP,BRP,16:25:00,16:26:00,8,0,0,
amtrak,amtrak:298202,298202,amtrak:STM,STM,16:53:00,16:55:00,9,0,0,
amtrak,amtrak:298202,298202,amtrak:NRO,NRO,17:16:00,17:17:00,10,0,0,
amtrak,amtrak:298202,298202,amtrak:NYP,NYP,17:52:00,18:05:00,11,0,0,
amtrak,amtrak:298202,298202,amtrak:NWK,NWK,18:21:00,18:22:00,12,0,0,
amtrak,amtrak:298202,298202,amtrak:EWR,EWR,18:26:00,18:27:00,13,0,0,
amtrak,amtrak:298202,298202,amtrak:MET,MET,18:38:00,18:40:00,14,0,0,
amtrak,amtrak:298202,298202,amtrak:TRE,TRE,19:02:00,19:03:00,15,0,0,
amtrak,amtrak:298202,298202,amtrak:PHL,PHL,19:32:00,19:35:00,16,0,0,
amtrak,amtrak:298202,298202,amtrak:WIL,WIL,19:53:00,19:54:00,17,0,0,
amtrak,amtrak:298202,298202,amtrak:NRK,NRK,20:07:00,20:08:00,18,0,0,
amtrak,amtrak:298202,298202,amtrak:ABE,ABE,20:31:00,20:32:00,19,0,0,
amtrak,amtrak:298202,298202,amtrak:BAL,BAL,20:58:00,21:00:00,20,0,0,
amtrak,amtrak:298202,298202,amtrak:BWI,BWI,21:11:00,21:13:00,21,0,0,
amtrak,amtrak:298202,298202,amtrak:WAS,WAS,21:43:00,21:43:00,22,0,0,
amtrak,amtrak:298203,298203,amtrak:BOS,BOS,13:40:00,13:40:00,1,0,0,
amtrak,amtrak:298203,298203,amtrak:BBY,BBY,13:44:00,13:45:00,2,0,0,
amtrak,amtrak:298203,298203,amtrak:RTE,RTE,13:54:00,13:55:00,3,0,0,
amtrak,amtrak:298203,298203,amtrak:PVD,PVD,14:18:00,14:19:00,4,0,0,
amtrak,amtrak:298203,298203,amtrak:KIN,KIN,14:39:00,14:39:00,5,0,0,
amtrak,amtrak:298203,298203,amtrak:NLC,NLC,15:12:00,15:13:00,6,0,0,
amtrak,amtrak:298203,298203,amtrak:NHV,NHV,16:02:00,16:04:00,7,0,0,
amtrak,amtrak:298203,298203,amtrak:BRP,BRP,16:25:00,16:26:00,8,0,0,
amtrak,amtrak:298203,298203,amtrak:STM,STM,16:53:00,16:55:00,9,0,0,
amtrak,amtrak:298203,298203,amtrak:NRO,NRO,17:16:00,17:17:00,10,0,0,
amtrak,amtrak:298203,298203,amtrak:NYP,NYP,17:52:00,18:05:00,11,0,0,
amtrak,amtrak:298203,298203,amtrak:NWK,NWK,18:21:00,18:22:00,12,0,0,
amtrak,amtrak:298203,298203,amtrak:EWR,EWR,18:26:00,18:27:00,13,0,0,
amtrak,amtrak:298203,298203,amtrak:MET,MET,18:38:00,18:40:00,14,0,0,
amtrak,amtrak:298203,298203,amtrak:TRE,TRE,19:02:00,19:03:00,15,0,0,
amtrak,amtrak:298203,298203,amtrak:PHL,PHL,19:32:00,19:35:00,16,0,0,
amtrak,amtrak:298203,298203,amtrak:WIL,WIL,19:53:00,19:54:00,17,0,0,
amtrak,amtrak:298203,298203,amtrak:NRK,NRK,20:04:00,20:05:00,18,0,0,
amtrak,amtrak:298203,298203,amtrak:ABE,ABE,20:35:00,20:36:00,19,0,0,
amtrak,amtrak:298203,298203,amtrak:BAL,BAL,21:02:00,21:04:00,20,0,0,
amtrak,amtrak:298203,298203,amtrak:BWI,BWI,21:15:00,21:17:00,21,0,0,
amtrak,amtrak:298203,298203,amtrak:WAS,WAS,21:47:00,21:47:00,22,0,0,
amtrak,amtrak:298204,298204,amtrak:BOS,BOS,13:40:00,13:40:00,1,0,0,
amtrak,amtrak:298204,298204,amtrak:BBY,BBY,13:44:00,13:45:00,2,0,0,
amtrak,amtrak:298204,298204,amtrak:RTE,RTE,13:54:00,13:55:00,3,0,0,
amtrak,amtrak:298204,298204,amtrak:PVD,PVD,14:18:00,14:19:00,4,0,0,
amtrak,amtrak:298204,298204,amtrak:KIN,KIN,14:39:00,14:39:00,5,0,0,
amtrak,amtrak:298204,298204,amtrak:NLC,NLC,15:12:00,15:13:00,6,0,0,
amtrak,amtrak:298204,298204,amtrak:NHV,NHV,16:02:00,16:04:00,7,0,0,
amtrak,amtrak:298204,298204,amtrak:BRP,BRP,16:25:00,16:26:00,8,0,0,
amtrak,amtrak:298204,298204,amtrak:STM,STM,16:53:00,16:55:00,9,0,0,
amtrak,amtrak:298204,298204,amtrak:NRO,NRO,17:16:00,17:17:00,10,0,0,
amtrak,amtrak:298204,298204,amtrak:NYP,NYP,17:52:00,18:05:00,11,0,0,
amtrak,amtrak:298204,298204,amtrak:NWK,NWK,18:21:00,18:22:00,12,0,0,
amtrak,amtrak:298204,298204,amtrak:EWR,EWR,18:26:00,18:27:00,13,0,0,
amtrak,amtrak:298204,298204,amtrak:MET,MET,18:38:00,18:40:00,14,0,0,
amtrak,amtrak:298204,298204,amtrak:TRE,TRE,19:02:00,19:03:00,15,0,0,
amtrak,amtrak:298204,298204,amtrak:PHL,PHL,19:32:00,19:35:00,16,0,0,
amtrak,amtrak:298204,298204,amtrak:WIL,WIL,19:53:00,19:54:00,17,0,0,
amtrak,amtrak:298204,298204,amtrak:NRK,NRK,20:07:00,20:08:00,18,0,0,
amtrak,amtrak:298204,298204,amtrak:ABE,ABE,20:31:00,20:32:00,19,0,0,
amtrak,amtrak:298204,298204,amtrak:BAL,BAL,20:58:00,21:00:00,20,0,0,
amtrak,amtrak:298204,298204,amtrak:BWI,BWI,21:11:00,21:13:00,21,0,0,
amtrak,amtrak:298204,298204,amtrak:WAS,WAS,21:43:00,21:43:00,22,0,0,
amtrak,amtrak:298205,298205,amtrak:BOS,BOS,13:40:00,13:40:00,1,0,0,
amtrak,amtrak:298205,298205,amtrak:BBY,BBY,13:44:00,13:45:00,2,0,0,
amtrak,amtrak:298205,298205,amtrak:RTE,RTE,13:54:00,13:55:00,3,0,0,
amtrak,amtrak:298205,298205,amtrak:PVD,PVD,14:18:00,14:19:00,4,0,0,
amtrak,amtrak:298205,298205,amtrak:KIN,KIN,14:39:00,14:39:00,5,0,0,
amtrak,amtrak:298205,298205,amtrak:NLC,NLC,15:12:00,15:13:00,6,0,0,
amtrak,amtrak:298205,298205,amtrak:NHV,NHV,16:02:00,16:04:00,7,0,0,
amtrak,amtrak:298205,298205,amtrak:BRP,BRP,16:25:00,16:26:00,8,0,0,
amtrak,amtrak:298205,298205,amtrak:STM,STM,16:53:00,16:55:00,9,0,0,
amtrak,amtrak:298205,298205,amtrak:NRO,NRO,17:16:00,17:17:00,10,0,0,
amtrak,amtrak:298205,298205,amtrak:NYP,NYP,17:52:00,18:05:00,11,0,0,
amtrak,amtrak:298205,298205,amtrak:NWK,NWK,18:21:00,18:22:00,12,0,0,
amtrak,amtrak:298205,298205,amtrak:EWR,EWR,18:26:00,18:27:00,13,0,0,
amtrak,amtrak:298205,298205,amtrak:MET,MET,18:38:00,18:40:00,14,0,0,
amtrak,amtrak:298205,298205,amtrak:TRE,TRE,19:02:00,19:03:00,15,0,0,
amtrak,amtrak:298205,298205,amtrak:PHL,PHL,19:32:00,19:35:00,16,0,0,
amtrak,amtrak:298205,298205,amtrak:WIL,WIL,19:53:00,19:54:00,17,0,0,
amtrak,amtrak:298205,298205,amtrak:NRK,NRK,20:07:00,20:08:00,18,0,0,
amtrak,amtrak:298205,298205,amtrak:ABE,ABE,20:31:00,20:32:00,19,0,0,
amtrak,amtrak:298205,298205,amtrak:BAL,BAL,20:58:00,21:00:00,20,0,0,
amtrak,amtrak:298205,298205,amtrak:BWI,BWI,21:11:00,21:13:00,21,0,0,
amtrak,amtrak:298205,298205,amtrak:WAS,WAS,21:43:00,21:43:00,22,0,0,
amtrak,amtrak:298206,298206,amtrak:BOS,BOS,13:40:00,13:40:00,1,0,0,
amtrak,amtrak:298206,298206,amtrak:BBY,BBY,13:44:00,13:45:00,2,0,0,
amtrak,amtrak:298206,298206,amtrak:RTE,RTE,13:54:00,13:55:00,3,0,0,
amtrak,amtrak:298206,298206,amtrak:PVD,PVD,14:18:00,14:19:00,4,0,0,
amtrak,amtrak:298206,298206,amtrak:KIN,KIN,14:39:00,14:39:00,5,0,0,
amtrak,amtrak:298206,298206,amtrak:NLC,NLC,15:12:00,15:13:00,6,0,0,
amtrak,amtrak:298206,298206,amtrak:NHV,NHV,16:02:00,16:04:00,7,0,0,
amtrak,amtrak:298206,298206,amtrak:BRP,BRP,16:25:00,16:26:00,8,0,0,
amtrak,amtrak:298206,298206,amtrak:STM,STM,16:53:00,16:55:00,9,0,0,
amtrak,amtrak:298206,298206,amtrak:NRO,NRO,17:16:00,17:17:00,10,0,0,
amtrak,amtrak:298206,298206,amtrak:NYP,NYP,17:52:00,18:05:00,11,0,0,
amtrak,amtrak:298206,298206,amtrak:NWK,NWK,18:21:00,18:22:00,12,0,0,
amtrak,amtrak:298206,298206,amtrak:EWR,EWR,18:26:00,18:27:00,13,0,0,
amtrak,amtrak:298206,298206,amtrak:MET,MET,18:38:00,18:40:00,14,0,0,
amtrak,amtrak:298206,298206,amtrak:TRE,TRE,19:02:00,19:03:00,15,0,0,
amtrak,amtrak:298206,298206,amtrak:PHL,PHL,19:32:00,19:35:00,16,0,0,
amtrak,amtrak:298206,298206,amtrak:WIL,WIL,19:53:00,19:54:00,17,0,0,
amtrak,amtrak:298206,298206,amtrak:NRK,NRK,20:04:00,20:05:00,18,0,0,
amtrak,amtrak:298206,298206,amtrak:ABE,ABE,20:25:00,20:26:00,19,0,0,
amtrak,amtrak:298206,298206,amtrak:BAL,BAL,20:52:00,20:54:00,20,0,0,
amtrak,amtrak:298206,298206,amtrak:BWI,BWI,21:05:00,21:07:00,21,0,0,
amtrak,amtrak:298206,298206,amtrak:WAS,WAS,21:37:00,21:37:00,22,0,0,
amtrak,amtrak:298207,298207,amtrak:BOS,BOS,13:40:00,13:40:00,1,0,0,
amtrak,amtrak:298207,298207,amtrak:BBY,BBY,13:44:00,13:45:00,2,0,0,
amtrak,amtrak:298207,298207,amtrak:RTE,RTE,13:54:00,13:55:00,3,0,0,
amtrak,amtrak:298207,298207,amtrak:PVD,PVD,14:18:00,14:19:00,4,0,0,
amtrak,amtrak:298207,298207,amtrak:KIN,KIN,14:39:00,14:39:00,5,0,0,
amtrak,amtrak:298207,298207,amtrak:NLC,NLC,15:12:00,15:13:00,6,0,0,
amtrak,amtrak:298207,298207,amtrak:NHV,NHV,16:02:00,16:04:00,7,0,0,
amtrak,amtrak:298207,298207,amtrak:BRP,BRP,16:25:00,16:26:00,8,0,0,
amtrak,amtrak:298207,298207,amtrak:STM,STM,16:53:00,16:55:00,9,0,0,
amtrak,amtrak:298207,298207,amtrak:NRO,NRO,17:16:00,17:17:00,10,0,0,
amtrak,amtrak:298207,298207,amtrak:NYP,NYP,17:52:00,18:05:00,11,0,0,
amtrak,amtrak:298207,298207,amtrak:NWK,NWK,18:21:00,18:22:00,12,0,0,
amtrak,amtrak:298207,298207,amtrak:EWR,EWR,18:26:00,18:27:00,13,0,0,
amtrak,amtrak:298207,298207,amtrak:MET,MET,18:38:00,18:40:00,14,0,0,
amtrak,amtrak:298207,298207,amtrak:TRE,TRE,19:02:00,19:03:00,15,0,0,
amtrak,amtrak:298207,298207,amtrak:PHL,PHL,19:32:00,19:35:00,16,0,0,
amtrak,amtrak:298207,298207,amtrak:WIL,WIL,19:53:00,19:54:00,17,0,0,
amtrak,amtrak:298207,298207,amtrak:NRK,NRK,20:04:00,20:05:00,18,0,0,
amtrak,amtrak:298207,298207,amtrak:ABE,ABE,20:25:00,20:26:00,19,0,0,
amtrak,amtrak:298207,298207,amtrak:BAL,BAL,20:52:00,20:54:00,20,0,0,
amtrak,amtrak:298207,298207,amtrak:BWI,BWI,21:05:00,21:07:00,21,0,0,
amtrak,amtrak:298207,298207,amtrak:WAS,WAS,21:37:00,21:37:00,22,0,0,
amtrak,amtrak:298224,298224,amtrak:BOS,BOS,9:40:00,9:40:00,1,0,0,
amtrak,amtrak:298224,298224,amtrak:BBY,BBY,9:44:00,9:45:00,2,0,0,
amtrak,amtrak:298224,298224,amtrak:RTE,RTE,9:54:00,9:55:00,3,0,0,
amtrak,amtrak:298224,298224,amtrak:PVD,PVD,10:19:00,10:20:00,4,0,0,
amtrak,amtrak:298224,298224,amtrak:KIN,KIN,10:41:00,10:41:00,5,0,0,
amtrak,amtrak:298224,298224,amtrak:NLC,NLC,11:13:00,11:15:00,6,0,0,
amtrak,amtrak:298224,298224,amtrak:OSB,OSB,11:34:00,11:35:00,7,0,0,
amtrak,amtrak:298224,298224,amtrak:NHV,NHV,12:04:00,12:06:00,8,0,0,
amtrak,amtrak:298224,298224,amtrak:BRP,BRP,12:26:00,12:28:00,9,0,0,
amtrak,amtrak:298224,298224,amtrak:STM,STM,12:53:00,12:55:00,10,0,0,
amtrak,amtrak:298224,298224,amtrak:NRO,NRO,13:16:00,13:17:00,11,0,0,
amtrak,amtrak:298224,298224,amtrak:NYP,NYP,13:51:00,14:05:00,12,0,0,
amtrak,amtrak:298224,298224,amtrak:NWK,NWK,14:21:00,14:22:00,13,0,0,
amtrak,amtrak:298224,298224,amtrak:EWR,EWR,14:26:00,14:27:00,14,0,0,
amtrak,amtrak:298224,298224,amtrak:MET,MET,14:39:00,14:40:00,15,0,0,
amtrak,amtrak:298224,298224,amtrak:TRE,TRE,15:02:00,15:03:00,16,0,0,
amtrak,amtrak:298224,298224,amtrak:PHL,PHL,15:32:00,15:37:00,17,0,0,
amtrak,amtrak:298224,298224,amtrak:WIL,WIL,15:57:00,15:59:00,18,0,0,
amtrak,amtrak:298224,298224,amtrak:ABE,ABE,16:29:00,16:30:00,19,0,0,
amtrak,amtrak:298224,298224,amtrak:BAL,BAL,16:53:00,16:55:00,20,0,0,
amtrak,amtrak:298224,298224,amtrak:BWI,BWI,17:06:00,17:08:00,21,0,0,
amtrak,amtrak:298224,298224,amtrak:NCR,NCR,17:21:00,17:22:00,22,0,0,
amtrak,amtrak:298224,298224,amtrak:WAS,WAS,17:37:00,17:37:00,23,0,0,
amtrak,amtrak:298225,298225,amtrak:BOS,BOS,9:40:00,9:40:00,1,0,0,
amtrak,amtrak:298225,298225,amtrak:BBY,BBY,9:44:00,9:45:00,2,0,0,
amtrak,amtrak:298225,298225,amtrak:RTE,RTE,9:54:00,9:55:00,3,0,0,
amtrak,amtrak:298225,298225,amtrak:PVD,PVD,10:19:00,10:20:00,4,0,0,
amtrak,amtrak:298225,298225,amtrak:KIN,KIN,10:41:00,10:41:00,5,0,0,
amtrak,amtrak:298225,298225,amtrak:NLC,NLC,11:13:00,11:15:00,6,0,0,
amtrak,amtrak:298225,298225,amtrak:OSB,OSB,11:34:00,11:35:00,7,0,0,
amtrak,amtrak:298225,298225,amtrak:NHV,NHV,12:04:00,12:06:00,8,0,0,
amtrak,amtrak:298225,298225,amtrak:BRP,BRP,12:26:00,12:28:00,9,0,0,
amtrak,amtrak:298225,298225,amtrak:STM,STM,12:53:00,12:55:00,10,0,0,
amtrak,amtrak:298225,298225,amtrak:NRO,NRO,13:16:00,13:17:00,11,0,0,
amtrak,amtrak:298225,298225,amtrak:NYP,NYP,13:51:00,14:05:00,12,0,0,
amtrak,amtrak:298225,298225,amtrak:NWK,NWK,14:21:00,14:22:00,13,0,0,
amtrak,amtrak:298225,298225,amtrak:EWR,EWR,14:26:00,14:27:00,14,0,0,
amtrak,amtrak:298225,298225,amtrak:MET,MET,14:39:00,14:40:00,15,0,0,
amtrak,amtrak:298225,298225,amtrak:TRE,TRE,15:02:00,15:03:00,16,0,0,
amtrak,amtrak:298225,298225,amtrak:PHL,PHL,15:32:00,15:37:00,17,0,0,
amtrak,amtrak:298225,298225,amtrak:WIL,WIL,15:57:00,15:59:00,18,0,0,
amtrak,amtrak:298225,298225,amtrak:ABE,ABE,16:29:00,16:30:00,19,0,0,
amtrak,amtrak:298225,298225,amtrak:BAL,BAL,16:53:00,16:55:00,20,0,0,
amtrak,amtrak:298225,298225,amtrak:BWI,BWI,17:06:00,17:08:00,21,0,0,
amtrak,amtrak:298225,298225,amtrak:NCR,NCR,17:21:00,17:22:00,22,0,0,
amtrak,amtrak:298225,298225,amtrak:WAS,WAS,17:37:00,17:37:00,23,0,0,
amtrak,amtrak:298226,298226,amtrak:BOS,BOS,9:40:00,9:40:00,1,0,0,
amtrak,amtrak:298226,298226,amtrak:BBY,BBY,9:44:00,9:45:00,2,0,0,
amtrak,amtrak:298226,298226,amtrak:RTE,RTE,9:54:00,9:55:00,3,0,0,
amtrak,amtrak:298226,298226,amtrak:PVD,PVD,10:19:00,10:20:00,4,0,0,
amtrak,amtrak:298226,298226,amtrak:KIN,KIN,10:41:00,10:41:00,5,0,0,
amtrak,amtrak:298226,298226,amtrak:NLC,NLC,11:13:00,11:15:00,6,0,0,
amtrak,amtrak:298226,298226,amtrak:OSB,OSB,11:34:00,11:35:00,7,0,0,
amtrak,amtrak:298226,298226,amtrak:NHV,NHV,12:04:00,12:06:00,8,0,0,
amtrak,amtrak:298226,298226,amtrak:BRP,BRP,12:26:00,12:28:00,9,0,0,
amtrak,amtrak:298226,298226,amtrak:STM,STM,12:53:00,12:55:00,10,0,0,
amtrak,amtrak:298226,298226,amtrak:NRO,NRO,13:16:00,13:17:00,11,0,0,
amtrak,amtrak:298226,298226,amtrak:NYP,NYP,13:51:00,14:05:00,12,0,0,
amtrak,amtrak:298226,298226,amtrak:NWK,NWK,14:21:00,14:22:00,13,0,0,
amtrak,amtrak:298226,298226,amtrak:EWR,EWR,14:26:00,14:27:00,14,0,0,
amtrak,amtrak:298226,298226,amtrak:MET,MET,14:39:00,14:40:00,15,0,0,
amtrak,amtrak:298226,298226,amtrak:TRE,TRE,15:02:00,15:03:00,16,0,0,
amtrak,amtrak:298226,298226,amtrak:PHL,PHL,15:32:00,15:37:00,17,0,0,
amtrak,amtrak:298226,298226,amtrak:WIL,WIL,15:57:00,15:59:00,18,0,0,
amtrak,amtrak:298226,298226,amtrak:ABE,ABE,16:29:00,16:30:00,19,0,0,
amtrak,amtrak:298226,298226,amtrak:BAL,BAL,16:53:00,16:55:00,20,0,0,
amtrak,amtrak:298226,298226,amtrak:BWI,BWI,17:06:00,17:08:00,21,0,0,
amtrak,amtrak:298226,298226,amtrak:NCR,NCR,17:21:00,17:22:00,22,0,0,
amtrak,amtrak:298226,298226,amtrak:WAS,WAS,17:37:00,17:37:00,23,0,0,
amtrak,amtrak:298230,298230,amtrak:BOS,BOS,9:40:00,9:40:00,1,0,0,
amtrak,amtrak:298230,298230,amtrak:BBY,BBY,9:44:00,9:45:00,2,0,0,
amtrak,amtrak:298230,298230,amtrak:RTE,RTE,9:54:00,9:55:00,3,0,0,
amtrak,amtrak:298230,298230,amtrak:PVD,PVD,10:19:00,10:20:00,4,0,0,
amtrak,amtrak:298230,298230,amtrak:KIN,KIN,10:41:00,10:41:00,5,0,0,
amtrak,amtrak:298230,298230,amtrak:NLC,NLC,11:13:00,11:15:00,6,0,0,
amtrak,amtrak:298230,298230,amtrak:OSB,OSB,11:34:00,11:35:00,7,0,0,
amtrak,amtrak:298230,298230,amtrak:NHV,NHV,12:04:00,12:06:00,8,0,0,
amtrak,amtrak:298230,298230,amtrak:BRP,BRP,12:26:00,12:28:00,9,0,0,
amtrak,amtrak:298230,298230,amtrak:STM,STM,12:53:00,12:55:00,10,0,0,
amtrak,amtrak:298230,298230,amtrak:NRO,NRO,13:16:00,13:17:00,11,0,0,
amtrak,amtrak:298230,298230,amtrak:NYP,NYP,13:51:00,14:05:00,12,0,0,
amtrak,amtrak:298230,298230,amtrak:NWK,NWK,14:21:00,14:22:00,13,0,0,
amtrak,amtrak:298230,298230,amtrak:EWR,EWR,14:26:00,14:27:00,14,0,0,
amtrak,amtrak:298230,298230,amtrak:MET,MET,14:39:00,14:40:00,15,0,0,
amtrak,amtrak:298230,298230,amtrak:TRE,TRE,15:02:00,15:03:00,16,0,0,
amtrak,amtrak:298230,298230,amtrak:PHL,PHL,15:32:00,15:37:00,17,0,0,
amtrak,amtrak:298230,298230,amtrak:WIL,WIL,15:57:00,15:59:00,18,0,0,
amtrak,amtrak:298230,298230,amtrak:ABE,ABE,16:29:00,16:30:00,19,0,0,
amtrak,amtrak:298230,298230,amtrak:BAL,BAL,16:53:00,16:55:00,20,0,0,
amtrak,amtrak:298230,298230,amtrak:BWI,BWI,17:06:00,17:08:00,21,0,0,
amtrak,amtrak:298230,298230,amtrak:NCR,NCR,17:21:00,17:22:00,22,0,0,
amtrak,amtrak:298230,298230,amtrak:WAS,WAS,17:37:00,17:37:00,23,0,0,
amtrak,amtrak:298231,298231,amtrak:BOS,BOS,9:40:00,9:40:00,1,0,0,
amtrak,amtrak:298231,298231,amtrak:BBY,BBY,9:44:00,9:45:00,2,0,0,
amtrak,amtrak:298231,298231,amtrak:RTE,RTE,9:54:00,9:55:00,3,0,0,
amtrak,amtrak:298231,298231,amtrak:PVD,PVD,10:19:00,10:20:00,4,0,0,
amtrak,amtrak:298231,298231,amtrak:KIN,KIN,10:41:00,10:41:00,5,0,0,
amtrak,amtrak:298231,298231,amtrak:NLC,NLC,11:13:00,11:15:00,6,0,0,
amtrak,amtrak:298231,298231,amtrak:OSB,OSB,11:34:00,11:35:00,7,0,0,
amtrak,amtrak:298231,298231,amtrak:NHV,NHV,12:04:00,12:06:00,8,0,0,
amtrak,amtrak:298231,298231,amtrak:BRP,BRP,12:26:00,12:28:00,9,0,0,
amtrak,amtrak:298231,298231,amtrak:STM,STM,12:53:00,12:55:00,10,0,0,
amtrak,amtrak:298231,298231,amtrak:NRO,NRO,13:16:00,13:17:00,11,0,0,
amtrak,amtrak:298231,298231,amtrak:NYP,NYP,13:51:00,14:05:00,12,0,0,
amtrak,amtrak:298231,298231,amtrak:NWK,NWK,14:21:00,14:22:00,13,0,0,
amtrak,amtrak:298231,298231,amtrak:EWR,EWR,14:26:00,14:27:00,14,0,0,
amtrak,amtrak:298231,298231,amtrak:MET,MET,14:39:00,14:40:00,15,0,0,
amtrak,amtrak:298231,298231,amtrak:TRE,TRE,15:02:00,15:03:00,16,0,0,
amtrak,amtrak:298231,298231,amtrak:PHL,PHL,15:32:00,15:37:00,17,0,0,
amtrak,amtrak:298231,298231,amtrak:WIL,WIL,15:57:00,15:59:00,18,0,0,
amtrak,amtrak:298231,298231,amtrak:ABE,ABE,16:29:00,16:30:00,19,0,0,
amtrak,amtrak:298231,298231,amtrak:BAL,BAL,16:53:00,16:55:00,20,0,0,
amtrak,amtrak:298231,298231,amtrak:BWI,BWI,17:06:00,17:08:00,21,0,0,
amtrak,amtrak:298231,298231,amtrak:NCR,NCR,17:21:00,17:22:00,22,0,0,
amtrak,amtrak:298231,298231,amtrak:WAS,WAS,17:37:00,17:37:00,23,0,0,
amtrak,amtrak:298232,298232,amtrak:BOS,BOS,9:35:00,9:35:00,1,0,0,
amtrak,amtrak:298232,298232,amtrak:BBY,BBY,9:39:00,9:40:00,2,0,0,
amtrak,amtrak:298232,298232,amtrak:RTE,RTE,9:49:00,9:50:00,3,0,0,
amtrak,amtrak:298232,298232,amtrak:PVD,PVD,10:14:00,10:15:00,4,0,0,
amtrak,amtrak:298232,298232,amtrak:KIN,KIN,10:35:00,10:36:00,5,0,0,
amtrak,amtrak:298232,298232,amtrak:NLC,NLC,11:08:00,11:10:00,6,0,0,
amtrak,amtrak:298232,298232,amtrak:OSB,OSB,11:29:00,11:30:00,7,0,0,
amtrak,amtrak:298232,298232,amtrak:NHV,NHV,12:04:00,12:06:00,8,0,0,
amtrak,amtrak:298232,298232,amtrak:BRP,BRP,12:26:00,12:28:00,9,0,0,
amtrak,amtrak:298232,298232,amtrak:STM,STM,12:53:00,12:55:00,10,0,0,
amtrak,amtrak:298232,298232,amtrak:NRO,NRO,13:16:00,13:17:00,11,0,0,
amtrak,amtrak:298232,298232,amtrak:NYP,NYP,13:51:00,14:05:00,12,0,0,
amtrak,amtrak:298232,298232,amtrak:NWK,NWK,14:21:00,14:22:00,13,0,0,
amtrak,amtrak:298232,298232,amtrak:EWR,EWR,14:26:00,14:27:00,14,0,0,
amtrak,amtrak:298232,298232,amtrak:MET,MET,14:39:00,14:40:00,15,0,0,
amtrak,amtrak:298232,298232,amtrak:TRE,TRE,15:02:00,15:03:00,16,0,0,
amtrak,amtrak:298232,298232,amtrak:PHL,PHL,15:32:00,15:35:00,17,0,0,
amtrak,amtrak:298232,298232,amtrak:WIL,WIL,15:55:00,15:57:00,18,0,0,
amtrak,amtrak:298232,298232,amtrak:ABE,ABE,16:27:00,16:28:00,19,0,0,
amtrak,amtrak:298232,298232,amtrak:BAL,BAL,16:51:00,16:53:00,20,0,0,
amtrak,amtrak:298232,298232,amtrak:BWI,BWI,17:04:00,17:06:00,21,0,0,
amtrak,amtrak:298232,298232,amtrak:NCR,NCR,17:19:00,17:20:00,22,0,0,
amtrak,amtrak:298232,298232,amtrak:WAS,WAS,17:35:00,17:35:00,23,0,0,
amtrak,amtrak:298233,298233,amtrak:BOS,BOS,9:40:00,9:40:00,1,0,0,
amtrak,amtrak:298233,298233,amtrak:BBY,BBY,9:44:00,9:45:00,2,0,0,
amtrak,amtrak:298233,298233,amtrak:RTE,RTE,9:54:00,9:55:00,3,0,0,
amtrak,amtrak:298233,298233,amtrak:PVD,PVD,10:19:00,10:20:00,4,0,0,
amtrak,amtrak:298233,298233,amtrak:KIN,KIN,10:41:00,10:41:00,5,0,0,
amtrak,amtrak:298233,298233,amtrak:NLC,NLC,11:13:00,11:15:00,6,0,0,
amtrak,amtrak:298233,298233,amtrak:OSB,OSB,11:34:00,11:35:00,7,0,0,
amtrak,amtrak:298233,298233,amtrak:NHV,NHV,12:04:00,12:06:00,8,0,0,
amtrak,amtrak:298233,298233,amtrak:BRP,BRP,12:26:00,12:28:00,9,0,0,
amtrak,amtrak:298233,298233,amtrak:STM,STM,12:53:00,12:55:00,10,0,0,
amtrak,amtrak:298233,298233,amtrak:NRO,NRO,13:16:00,13:17:00,11,0,0,
amtrak,amtrak:298233,298233,amtrak:NYP,NYP,13:51:00,14:05:00,12,0,0,
amtrak,amtrak:298233,298233,amtrak:NWK,NWK,14:21:00,14:22:00,13,0,0,
amtrak,amtrak:298233,298233,amtrak:EWR,EWR,14:26:00,14:27:00,14,0,0,
amtrak,amtrak:298233,298233,amtrak:MET,MET,14:39:00,14:40:00,15,0,0,
amtrak,amtrak:298233,298233,amtrak:TRE,TRE,15:02:00,15:03:00,16,0,0,
amtrak,amtrak:298233,298233,amtrak:PHL,PHL,15:32:00,15:37:00,17,0,0,
amtrak,amtrak:298233,298233,amtrak:WIL,WIL,15:57:00,15:59:00,18,0,0,
amtrak,amtrak:298233,298233,amtrak:ABE,ABE,16:29:00,16:30:00,19,0,0,
amtrak,amtrak:298233,298233,amtrak:BAL,BAL,16:53:00,16:55:00,20,0,0,
amtrak,amtrak:298233,298233,amtrak:BWI,BWI,17:06:00,17:08:00,21,0,0,
amtrak,amtrak:298233,298233,amtrak:NCR,NCR,17:21:00,17:22:00,22,0,0,
amtrak,amtrak:298233,298233,amtrak:WAS,WAS,17:37:00,17:37:00,23,0,0,
amtrak,amtrak:298234,298234,amtrak:BOS,BOS,9:40:00,9:40:00,1,0,0,
amtrak,amtrak:298234,298234,amtrak:BBY,BBY,9:44:00,9:45:00,2,0,0,
amtrak,amtrak:298234,298234,amtrak:RTE,RTE,9:54:00,9:55:00,3,0,0,
amtrak,amtrak:298234,298234,amtrak:PVD,PVD,10:19:00,10:20:00,4,0,0,
amtrak,amtrak:298234,298234,amtrak:KIN,KIN,10:41:00,10:41:00,5,0,0,
amtrak,amtrak:298234,298234,amtrak:NLC,NLC,11:13:00,11:15:00,6,0,0,
amtrak,amtrak:298234,298234,amtrak:OSB,OSB,11:34:00,11:35:00,7,0,0,
amtrak,amtrak:298234,298234,amtrak:NHV,NHV,12:04:00,12:06:00,8,0,0,
amtrak,amtrak:298234,298234,amtrak:BRP,BRP,12:26:00,12:28:00,9,0,0,
amtrak,amtrak:298234,298234,amtrak:STM,STM,12:53:00,12:55:00,10,0,0,
amtrak,amtrak:298234,298234,amtrak:NRO,NRO,13:16:00,13:17:00,11,0,0,
amtrak,amtrak:298234,298234,amtrak:NYP,NYP,13:51:00,14:05:00,12,0,0,
amtrak,amtrak:298234,298234,amtrak:NWK,NWK,14:21:00,14:22:00,13,0,0,
amtrak,amtrak:298234,298234,amtrak:EWR,EWR,14:26:00,14:27:00,14,0,0,
amtrak,amtrak:298234,298234,amtrak:MET,MET,14:39:00,14:40:00,15,0,0,
amtrak,amtrak:298234,298234,amtrak:TRE,TRE,15:02:00,15:03:00,16,0,0,
amtrak,amtrak:298234,298234,amtrak:PHL,PHL,15:32:00,15:37:00,17,0,0,
amtrak,amtrak:298234,298234,amtrak:WIL,WIL,15:57:00,15:59:00,18,0,0,
amtrak,amtrak:298234,298234,amtrak:ABE,ABE,16:29:00,16:30:00,19,0,0,
amtrak,amtrak:298234,298234,amtrak:BAL,BAL,16:53:00,16:55:00,20,0,0,
amtrak,amtrak:298234,298234,amtrak:BWI,BWI,17:06:00,17:08:00,21,0,0,
amtrak,amtrak:298234,298234,amtrak:NCR,NCR,17:21:00,17:22:00,22,0,0,
amtrak,amtrak:298234,298234,amtrak:WAS,WAS,17:37:00,17:37:00,23,0,0,
amtrak,amtrak:298235,298235,amtrak:BOS,BOS,9:40:00,9:40:00,1,0,0,
amtrak,amtrak:298235,298235,amtrak:BBY,BBY,9:44:00,9:45:00,2,0,0,
amtrak,amtrak:298235,298235,amtrak:RTE,RTE,9:54:00,9:55:00,3,0,0,
amtrak,amtrak:298235,298235,amtrak:PVD,PVD,10:19:00,10:20:00,4,0,0,
amtrak,amtrak:298235,298235,amtrak:KIN,KIN,10:41:00,10:41:00,5,0,0,
amtrak,amtrak:298235,298235,amtrak:NLC,NLC,11:13:00,11:15:00,6,0,0,
amtrak,amtrak:298235,298235,amtrak:OSB,OSB,11:34:00,11:35:00,7,0,0,
amtrak,amtrak:298235,298235,amtrak:NHV,NHV,12:04:00,12:06:00,8,0,0,
amtrak,amtrak:298235,298235,amtrak:BRP,BRP,12:26:00,12:28:00,9,0,0,
amtrak,amtrak:298235,298235,amtrak:STM,STM,12:53:00,12:55:00,10,0,0,
amtrak,amtrak:298235,298235,amtrak:NRO,NRO,13:16:00,13:17:00,11,0,0,
amtrak,amtrak:298235,298235,amtrak:NYP,NYP,13:51:00,14:05:00,12,0,0,
amtrak,amtrak:298235,298235,amtrak:NWK,NWK,14:21:00,14:22:00,13,0,0,
amtrak,amtrak:298235,298235,amtrak:EWR,EWR,14:26:00,14:27:00,14,0,0,
amtrak,amtrak:298235,298235,amtrak:MET,MET,14:39:00,14:40:00,15,0,0,
amtrak,amtrak:298235,298235,amtrak:TRE,TRE,15:02:00,15:03:00,16,0,0,
amtrak,amtrak:298235,298235,amtrak:PHL,PHL,15:32:00,15:37:00,17,0,0,
amtrak,amtrak:298235,298235,amtrak:WIL,WIL,15:57:00,15:59:00,18,0,0,
amtrak,amtrak:298235,298235,amtrak:ABE,ABE,16:29:00,16:30:00,19,0,0,
amtrak,amtrak:298235,298235,amtrak:BAL,BAL,16:53:00,16:55:00,20,0,0,
amtrak,amtrak:298235,298235,amtrak:BWI,BWI,17:06:00,17:08:00,21,0,0,
amtrak,amtrak:298235,298235,amtrak:NCR,NCR,17:21:00,17:22:00,22,0,0,
amtrak,amtrak:298235,298235,amtrak:WAS,WAS,17:37:00,17:37:00,23,0,0,
amtrak,amtrak:298236,298236,amtrak:BOS,BOS,9:40:00,9:40:00,1,0,0,
amtrak,amtrak:298236,298236,amtrak:BBY,BBY,9:44:00,9:45:00,2,0,0,
amtrak,amtrak:298236,298236,amtrak:RTE,RTE,9:54:00,9:55:00,3,0,0,
amtrak,amtrak:298236,298236,amtrak:PVD,PVD,10:19:00,10:20:00,4,0,0,
amtrak,amtrak:298236,298236,amtrak:KIN,KIN,10:41:00,10:41:00,5,0,0,
amtrak,amtrak:298236,298236,amtrak:NLC,NLC,11:13:00,11:15:00,6,0,0,
amtrak,amtrak:298236,298236,amtrak:OSB,OSB,11:34:00,11:35:00,7,0,0,
amtrak,amtrak:298236,298236,amtrak:NHV,NHV,12:04:00,12:06:00,8,0,0,
amtrak,amtrak:298236,298236,amtrak:BRP,BRP,12:26:00,12:28:00,9,0,0,
amtrak,amtrak:298236,298236,amtrak:STM,STM,12:53:00,12:55:00,10,0,0,
amtrak,amtrak:298236,298236,amtrak:NRO,NRO,13:16:00,13:17:00,11,0,0,
amtrak,amtrak:298236,298236,amtrak:NYP,NYP,13:51:00,14:05:00,12,0,0,
amtrak,amtrak:298236,298236,amtrak:NWK,NWK,14:21:00,14:22:00,13,0,0,
amtrak,amtrak:298236,298236,amtrak:EWR,EWR,14:26:00,14:27:00,14,0,0,
amtrak,amtrak:298236,298236,amtrak:MET,MET,14:39:00,14:40:00,15,0,0,
amtrak,amtrak:298236,298236,amtrak:TRE,TRE,15:02:00,15:03:00,16,0,0,
amtrak,amtrak:298236,298236,amtrak:PHL,PHL,15:32:00,15:37:00,17,0,0,
amtrak,amtrak:298236,298236,amtrak:WIL,WIL,15:57:00,15:59:00,18,0,0,
amtrak,amtrak:298236,298236,amtrak:ABE,ABE,16:23:00,16:24:00,19,0,0,
amtrak,amtrak:298236,298236,amtrak:BAL,BAL,16:47:00,16:49:00,20,0,0,
amtrak,amtrak:298236,298236,amtrak:BWI,BWI,17:00:00,17:02:00,21,0,0,
amtrak,amtrak:298236,298236,amtrak:NCR,NCR,17:15:00,17:16:00,22,0,0,
amtrak,amtrak:298236,298236,amtrak:WAS,WAS,17:31:00,17:31:00,23,0,0,
amtrak,amtrak:298237,298237,amtrak:BOS,BOS,9:40:00,9:40:00,1,0,0,
amtrak,amtrak:298237,298237,amtrak:BBY,BBY,9:44:00,9:45:00,2,0,0,
amtrak,amtrak:298237,298237,amtrak:RTE,RTE,9:54:00,9:55:00,3,0,0,
amtrak,amtrak:298237,298237,amtrak:PVD,PVD,10:19:00,10:20:00,4,0,0,
amtrak,amtrak:298237,298237,amtrak:KIN,KIN,10:41:00,10:41:00,5,0,0,
amtrak,amtrak:298237,298237,amtrak:NLC,NLC,11:13:00,11:15:00,6,0,0,
amtrak,amtrak:298237,298237,amtrak:OSB,OSB,11:34:00,11:35:00,7,0,0,
amtrak,amtrak:298237,298237,amtrak:NHV,NHV,12:04:00,12:06:00,8,0,0,
amtrak,amtrak:298237,298237,amtrak:BRP,BRP,12:26:00,12:28:00,9,0,0,
amtrak,amtrak:298237,298237,amtrak:STM,STM,12:53:00,12:55:00,10,0,0,
amtrak,amtrak:298237,298237,amtrak:NRO,NRO,13:16:00,13:17:00,11,0,0,
amtrak,amtrak:298237,298237,amtrak:NYP,NYP,13:51:00,14:05:00,12,0,0,
amtrak,amtrak:298237,298237,amtrak:NWK,NWK,14:21:00,14:22:00,13,0,0,
amtrak,amtrak:298237,298237,amtrak:EWR,EWR,14:26:00,14:27:00,14,0,0,
amtrak,amtrak:298237,298237,amtrak:MET,MET,14:39:00,14:40:00,15,0,0,
amtrak,amtrak:298237,298237,amtrak:TRE,TRE,15:02:00,15:03:00,16,0,0,
amtrak,amtrak:298237,298237,amtrak:PHL,PHL,15:32:00,15:37:00,17,0,0,
amtrak,amtrak:298237,298237,amtrak:WIL,WIL,15:57:00,15:59:00,18,0,0,
amtrak,amtrak:298237,298237,amtrak:ABE,ABE,16:23:00,16:24:00,19,0,0,
amtrak,amtrak:298237,298237,amtrak:BAL,BAL,16:47:00,16:49:00,20,0,0,
amtrak,amtrak:298237,298237,amtrak:BWI,BWI,17:00:00,17:02:00,21,0,0,
amtrak,amtrak:298237,298237,amtrak:NCR,NCR,17:15:00,17:16:00,22,0,0,
amtrak,amtrak:298237,298237,amtrak:WAS,WAS,17:31:00,17:31:00,23,0,0,
amtrak,amtrak:298238,298238,amtrak:BOS,BOS,9:40:00,9:40:00,1,0,0,
amtrak,amtrak:298238,298238,amtrak:BBY,BBY,9:44:00,9:45:00,2,0,0,
amtrak,amtrak:298238,298238,amtrak:RTE,RTE,9:54:00,9:55:00,3,0,0,
amtrak,amtrak:298238,298238,amtrak:PVD,PVD,10:19:00,10:20:00,4,0,0,
amtrak,amtrak:298238,298238,amtrak:KIN,KIN,10:41:00,10:41:00,5,0,0,
amtrak,amtrak:298238,298238,amtrak:NLC,NLC,11:13:00,11:15:00,6,0,0,
amtrak,amtrak:298238,298238,amtrak:OSB,OSB,11:34:00,11:35:00,7,0,0,
amtrak,amtrak:298238,298238,amtrak:NHV,NHV,12:04:00,12:06:00,8,0,0,
amtrak,amtrak:298238,298238,amtrak:BRP,BRP,12:26:00,12:28:00,9,0,0,
amtrak,amtrak:298238,298238,amtrak:STM,STM,12:53:00,12:55:00,10,0,0,
amtrak,amtrak:298238,298238,amtrak:NRO,NRO,13:16:00,13:17:00,11,0,0,
amtrak,amtrak:298238,298238,amtrak:NYP,NYP,13:51:00,14:05:00,12,0,0,
amtrak,amtrak:298238,298238,amtrak:NWK,NWK,14:21:00,14:22:00,13,0,0,
amtrak,amtrak:298238,298238,amtrak:EWR,EWR,14:26:00,14:27:00,14,0,0,
amtrak,amtrak:298238,298238,amtrak:MET,MET,14:39:00,14:40:00,15,0,0,
amtrak,amtrak:298238,298238,amtrak:TRE,TRE,15:02:00,15:03:00,16,0,0,
amtrak,amtrak:298238,298238,amtrak:PHL,PHL,15:32:00,15:37:00,17,0,0,
amtrak,amtrak:298238,298238,amtrak:WIL,WIL,15:57:00,15:59:00,18,0,0,
amtrak,amtrak:298238,298238,amtrak:ABE,ABE,16:23:00,16:24:00,19,0,0,
amtrak,amtrak:298238,298238,amtrak:BAL,BAL,16:47:00,16:49:00,20,0,0,
amtrak,amtrak:298238,298238,amtrak:BWI,BWI,17:00:00,17:02:00,21,0,0,
amtrak,amtrak:298238,298238,amtrak:NCR,NCR,17:15:00,17:16:00,22,0,0,
amtrak,amtrak:298238,298238,amtrak:WAS,WAS,17:31:00,17:31:00,23,0,0,
amtrak,amtrak:298240,298240,amtrak:BOS,BOS,11:40:00,11:40:00,1,0,0,
amtrak,amtrak:298240,298240,amtrak:BBY,BBY,11:44:00,11:45:00,2,0,0,
amtrak,amtrak:298240,298240,amtrak:RTE,RTE,11:53:00,11:55:00,3,0,0,
amtrak,amtrak:298240,298240,amtrak:PVD,PVD,12:18:00,12:20:00,4,0,0,
amtrak,amtrak:298240,298240,amtrak:KIN,KIN,12:40:00,12:41:00,5,0,0,
amtrak,amtrak:298240,298240,amtrak:WLY,WLY,12:56:00,12:58:00,6,0,0,
amtrak,amtrak:298240,298240,amtrak:NLC,NLC,13:19:00,13:20:00,7,0,0,
amtrak,amtrak:298240,298240,amtrak:OSB,OSB,13:38:00,13:39:00,8,0,0,
amtrak,amtrak:298240,298240,amtrak:NHV,NHV,14:05:00,14:06:00,9,0,0,
amtrak,amtrak:298240,298240,amtrak:BRP,BRP,14:26:00,14:28:00,10,0,0,
amtrak,amtrak:298240,298240,amtrak:STM,STM,14:53:00,14:55:00,11,0,0,
amtrak,amtrak:298240,298240,amtrak:NRO,NRO,15:15:00,15:16:00,12,0,0,
amtrak,amtrak:298240,298240,amtrak:NYP,NYP,15:51:00,16:05:00,13,0,0,
amtrak,amtrak:298240,298240,amtrak:NWK,NWK,16:22:00,16:22:00,14,0,0,
amtrak,amtrak:298240,298240,amtrak:EWR,EWR,16:27:00,16:27:00,15,0,0,
amtrak,amtrak:298240,298240,amtrak:MET,MET,16:39:00,16:41:00,16,0,0,
amtrak,amtrak:298240,298240,amtrak:TRE,TRE,17:03:00,17:05:00,17,0,0,
amtrak,amtrak:298240,298240,amtrak:PHL,PHL,17:32:00,17:35:00,18,0,0,
amtrak,amtrak:298240,298240,amtrak:WIL,WIL,17:53:00,17:55:00,19,0,0,
amtrak,amtrak:298240,298240,amtrak:BAL,BAL,18:44:00,18:46:00,20,0,0,
amtrak,amtrak:298240,298240,amtrak:BWI,BWI,18:58:00,19:00:00,21,0,0,
amtrak,amtrak:298240,298240,amtrak:NCR,NCR,19:14:00,19:15:00,22,0,0,
amtrak,amtrak:298240,298240,amtrak:WAS,WAS,19:32:00,19:32:00,23,0,0,
amtrak,amtrak:298244,298244,amtrak:BOS,BOS,11:40:00,11:40:00,1,0,0,
amtrak,amtrak:298244,298244,amtrak:BBY,BBY,11:44:00,11:45:00,2,0,0,
amtrak,amtrak:298244,298244,amtrak:RTE,RTE,11:53:00,11:55:00,3,0,0,
amtrak,amtrak:298244,298244,amtrak:PVD,PVD,12:18:00,12:20:00,4,0,0,
amtrak,amtrak:298244,298244,amtrak:KIN,KIN,12:40:00,12:41:00,5,0,0,
amtrak,amtrak:298244,298244,amtrak:WLY,WLY,12:56:00,12:58:00,6,0,0,
amtrak,amtrak:298244,298244,amtrak:NLC,NLC,13:19:00,13:20:00,7,0,0,
amtrak,amtrak:298244,298244,amtrak:OSB,OSB,13:38:00,13:39:00,8,0,0,
amtrak,amtrak:298244,298244,amtrak:NHV,NHV,14:05:00,14:06:00,9,0,0,
amtrak,amtrak:298244,298244,amtrak:BRP,BRP,14:26:00,14:28:00,10,0,0,
amtrak,amtrak:298244,298244,amtrak:STM,STM,14:53:00,14:55:00,11,0,0,
amtrak,amtrak:298244,298244,amtrak:NRO,NRO,15:15:00,15:16:00,12,0,0,
amtrak,amtrak:298244,298244,amtrak:NYP,NYP,15:51:00,16:05:00,13,0,0,
amtrak,amtrak:298244,298244,amtrak:NWK,NWK,16:22:00,16:22:00,14,0,0,
amtrak,amtrak:298244,298244,amtrak:EWR,EWR,16:27:00,16:27:00,15,0,0,
amtrak,amtrak:298244,298244,amtrak:MET,MET,16:39:00,16:41:00,16,0,0,
amtrak,amtrak:298244,298244,amtrak:TRE,TRE,17:03:00,17:05:00,17,0,0,
amtrak,amtrak:298244,298244,amtrak:PHL,PHL,17:32:00,17:35:00,18,0,0,
amtrak,amtrak:298244,298244,amtrak:WIL,WIL,17:53:00,17:55:00,19,0,0,
amtrak,amtrak:298244,298244,amtrak:BAL,BAL,18:44:00,18:46:00,20,0,0,
amtrak,amtrak:298244,298244,amtrak:BWI,BWI,18:58:00,19:00:00,21,0,0,
amtrak,amtrak:298244,298244,amtrak:NCR,NCR,19:14:00,19:15:00,22,0,0,
amtrak,amtrak:298244,298244,amtrak:WAS,WAS,19:32:00,19:32:00,23,0,0,
amtrak,amtrak:298245,298245,amtrak:BOS,BOS,11:30:00,11:30:00,1,0,0,
amtrak,amtrak:298245,298245,amtrak:BBY,BBY,11:34:00,11:35:00,2,0,0,
amtrak,amtrak:298245,298245,amtrak:RTE,RTE,11:43:00,11:45:00,3,0,0,
amtrak,amtrak:298245,298245,amtrak:PVD,PVD,12:08:00,12:10:00,4,0,0,
amtrak,amtrak:298245,298245,amtrak:KIN,KIN,12:30:00,12:31:00,5,0,0,
amtrak,amtrak:298245,298245,amtrak:WLY,WLY,12:46:00,12:48:00,6,0,0,
amtrak,amtrak:298245,298245,amtrak:NLC,NLC,13:09:00,13:10:00,7,0,0,
amtrak,amtrak:298245,298245,amtrak:OSB,OSB,13:28:00,13:29:00,8,0,0,
amtrak,amtrak:298245,298245,amtrak:NHV,NHV,14:05:00,14:06:00,9,0,0,
amtrak,amtrak:298245,298245,amtrak:BRP,BRP,14:26:00,14:28:00,10,0,0,
amtrak,amtrak:298245,298245,amtrak:STM,STM,14:53:00,14:55:00,11,0,0,
amtrak,amtrak:298245,298245,amtrak:NRO,NRO,15:15:00,15:16:00,12,0,0,
amtrak,amtrak:298245,298245,amtrak:NYP,NYP,15:51:00,16:05:00,13,0,0,
amtrak,amtrak:298245,298245,amtrak:NWK,NWK,16:22:00,16:22:00,14,0,0,
amtrak,amtrak:298245,298245,amtrak:EWR,EWR,16:27:00,16:27:00,15,0,0,
amtrak,amtrak:298245,298245,amtrak:MET,MET,16:39:00,16:41:00,16,0,0,
amtrak,amtrak:298245,298245,amtrak:TRE,TRE,17:03:00,17:05:00,17,0,0,
amtrak,amtrak:298245,298245,amtrak:PHL,PHL,17:32:00,17:35:00,18,0,0,
amtrak,amtrak:298245,298245,amtrak:WIL,WIL,17:53:00,17:55:00,19,0,0,
amtrak,amtrak:298245,298245,amtrak:NRK,NRK,18:07:00,18:08:00,20,0,0,
amtrak,amtrak:298245,298245,amtrak:BAL,BAL,18:52:00,18:54:00,21,0,0,
amtrak,amtrak:298245,298245,amtrak:BWI,BWI,19:06:00,19:08:00,22,0,0,
amtrak,amtrak:298245,298245,amtrak:NCR,NCR,19:22:00,19:23:00,23,0,0,
amtrak,amtrak:298245,298245,amtrak:WAS,WAS,19:40:00,19:40:00,24,0,0,
amtrak,amtrak:298246,298246,amtrak:BOS,BOS,11:30:00,11:30:00,1,0,0,
amtrak,amtrak:298246,298246,amtrak:BBY,BBY,11:34:00,11:35:00,2,0,0,
amtrak,amtrak:298246,298246,amtrak:RTE,RTE,11:43:00,11:45:00,3,0,0,
amtrak,amtrak:298246,298246,amtrak:PVD,PVD,12:08:00,12:10:00,4,0,0,
amtrak,amtrak:298246,298246,amtrak:KIN,KIN,12:30:00,12:31:00,5,0,0,
amtrak,amtrak:298246,298246,amtrak:WLY,WLY,12:46:00,12:48:00,6,0,0,
amtrak,amtrak:298246,298246,amtrak:NLC,NLC,13:09:00,13:10:00,7,0,0,
amtrak,amtrak:298246,298246,amtrak:OSB,OSB,13:28:00,13:29:00,8,0,0,
amtrak,amtrak:298246,298246,amtrak:NHV,NHV,14:05:00,14:06:00,9,0,0,
amtrak,amtrak:298246,298246,amtrak:BRP,BRP,14:26:00,14:28:00,10,0,0,
amtrak,amtrak:298246,298246,amtrak:STM,STM,14:53:00,14:55:00,11,0,0,
amtrak,amtrak:298246,298246,amtrak:NRO,NRO,15:15:00,15:16:00,12,0,0,
amtrak,amtrak:298246,298246,amtrak:NYP,NYP,15:51:00,16:05:00,13,0,0,
amtrak,amtrak:298246,298246,amtrak:NWK,NWK,16:22:00,16:22:00,14,0,0,
amtrak,amtrak:298246,298246,amtrak:EWR,EWR,16:27:00,16:27:00,15,0,0,
amtrak,amtrak:298246,298246,amtrak:MET,MET,16:39:00,16:41:00,16,0,0,
amtrak,amtrak:298246,298246,amtrak:TRE,TRE,17:03:00,17:05:00,17,0,0,
amtrak,amtrak:298246,298246,amtrak:PHL,PHL,17:32:00,17:35:00,18,0,0,
amtrak,amtrak:298246,298246,amtrak:WIL,WIL,17:53:00,17:55:00,19,0,0,
amtrak,amtrak:298246,298246,amtrak:NRK,NRK,18:07:00,18:08:00,20,0,0,
amtrak,amtrak:298246,298246,amtrak:BAL,BAL,18:52:00,18:54:00,21,0,0,
amtrak,amtrak:298246,298246,amtrak:BWI,BWI,19:06:00,19:08:00,22,0,0,
amtrak,amtrak:298246,298246,amtrak:NCR,NCR,19:22:00,19:23:00,23,0,0,
amtrak,amtrak:298246,298246,amtrak:WAS,WAS,19:40:00,19:40:00,24,0,0,
amtrak,amtrak:298247,298247,amtrak:BOS,BOS,11:40:00,11:40:00,1,0,0,
amtrak,amtrak:298247,298247,amtrak:BBY,BBY,11:44:00,11:45:00,2,0,0,
amtrak,amtrak:298247,298247,amtrak:RTE,RTE,11:53:00,11:55:00,3,0,0,
amtrak,amtrak:298247,298247,amtrak:PVD,PVD,12:18:00,12:20:00,4,0,0,
amtrak,amtrak:298247,298247,amtrak:KIN,KIN,12:40:00,12:41:00,5,0,0,
amtrak,amtrak:298247,298247,amtrak:WLY,WLY,12:56:00,12:58:00,6,0,0,
amtrak,amtrak:298247,298247,amtrak:NLC,NLC,13:19:00,13:20:00,7,0,0,
amtrak,amtrak:298247,298247,amtrak:OSB,OSB,13:38:00,13:39:00,8,0,0,
amtrak,amtrak:298247,298247,amtrak:NHV,NHV,14:05:00,14:06:00,9,0,0,
amtrak,amtrak:298247,298247,amtrak:BRP,BRP,14:26:00,14:28:00,10,0,0,
amtrak,amtrak:298247,298247,amtrak:STM,STM,14:53:00,14:55:00,11,0,0,
amtrak,amtrak:298247,298247,amtrak:NRO,NRO,15:15:00,15:16:00,12,0,0,
amtrak,amtrak:298247,298247,amtrak:NYP,NYP,15:51:00,16:05:00,13,0,0,
amtrak,amtrak:298247,298247,amtrak:NWK,NWK,16:22:00,16:22:00,14,0,0,
amtrak,amtrak:298247,298247,amtrak:EWR,EWR,16:27:00,16:27:00,15,0,0,
amtrak,amtrak:298247,298247,amtrak:MET,MET,16:39:00,16:41:00,16,0,0,
amtrak,amtrak:298247,298247,amtrak:TRE,TRE,17:03:00,17:05:00,17,0,0,
amtrak,amtrak:298247,298247,amtrak:PHL,PHL,17:32:00,17:35:00,18,0,0,
amtrak,amtrak:298247,298247,amtrak:WIL,WIL,17:53:00,17:55:00,19,0,0,
amtrak,amtrak:298247,298247,amtrak:BAL,BAL,18:44:00,18:46:00,20,0,0,
amtrak,amtrak:298247,298247,amtrak:BWI,BWI,18:58:00,19:00:00,21,0,0,
amtrak,amtrak:298247,298247,amtrak:NCR,NCR,19:14:00,19:15:00,22,0,0,
amtrak,amtrak:298247,298247,amtrak:WAS,WAS,19:32:00,19:32:00,23,0,0,
amtrak,amtrak:298249,298249,amtrak:BOS,BOS,11:40:00,11:40:00,1,0,0,
amtrak,amtrak:298249,298249,amtrak:BBY,BBY,11:44:00,11:45:00,2,0,0,
amtrak,amtrak:298249,298249,amtrak:RTE,RTE,11:53:00,11:55:00,3,0,0,
amtrak,amtrak:298249,298249,amtrak:PVD,PVD,12:18:00,12:20:00,4,0,0,
amtrak,amtrak:298249,298249,amtrak:KIN,KIN,12:40:00,12:41:00,5,0,0,
amtrak,amtrak:298249,298249,amtrak:WLY,WLY,12:56:00,12:58:00,6,0,0,
amtrak,amtrak:298249,298249,amtrak:NLC,NLC,13:19:00,13:20:00,7,0,0,
amtrak,amtrak:298249,298249,amtrak:OSB,OSB,13:38:00,13:39:00,8,0,0,
amtrak,amtrak:298249,298249,amtrak:NHV,NHV,14:05:00,14:06:00,9,0,0,
amtrak,amtrak:298249,298249,amtrak:BRP,BRP,14:26:00,14:28:00,10,0,0,
amtrak,amtrak:298249,298249,amtrak:STM,STM,14:53:00,14:55:00,11,0,0,
amtrak,amtrak:298249,298249,amtrak:NRO,NRO,15:15:00,15:16:00,12,0,0,
amtrak,amtrak:298249,298249,amtrak:NYP,NYP,15:51:00,16:05:00,13,0,0,
amtrak,amtrak:298249,298249,amtrak:NWK,NWK,16:22:00,16:22:00,14,0,0,
amtrak,amtrak:298249,298249,amtrak:EWR,EWR,16:27:00,16:27:00,15,0,0,
amtrak,amtrak:298249,298249,amtrak:MET,MET,16:39:00,16:41:00,16,0,0,
amtrak,amtrak:298249,298249,amtrak:TRE,TRE,17:03:00,17:05:00,17,0,0,
amtrak,amtrak:298249,298249,amtrak:PHL,PHL,17:32:00,17:35:00,18,0,0,
amtrak,amtrak:298249,298249,amtrak:WIL,WIL,17:53:00,17:55:00,19,0,0,
amtrak,amtrak:298249,298249,amtrak:BAL,BAL,18:44:00,18:46:00,20,0,0,
amtrak,amtrak:298249,298249,amtrak:BWI,BWI,18:58:00,19:00:00,21,0,0,
amtrak,amtrak:298249,298249,amtrak:NCR,NCR,19:14:00,19:15:00,22,0,0,
amtrak,amtrak:298249,298249,amtrak:WAS,WAS,19:32:00,19:32:00,23,0,0,
amtrak,amtrak:298250,298250,amtrak:BOS,BOS,11:40:00,11:40:00,1,0,0,
amtrak,amtrak:298250,298250,amtrak:BBY,BBY,11:44:00,11:45:00,2,0,0,
amtrak,amtrak:298250,298250,amtrak:RTE,RTE,11:53:00,11:55:00,3,0,0,
amtrak,amtrak:298250,298250,amtrak:PVD,PVD,12:18:00,12:20:00,4,0,0,
amtrak,amtrak:298250,298250,amtrak:KIN,KIN,12:40:00,12:41:00,5,0,0,
amtrak,amtrak:298250,298250,amtrak:WLY,WLY,12:56:00,12:58:00,6,0,0,
amtrak,amtrak:298250,298250,amtrak:NLC,NLC,13:19:00,13:20:00,7,0,0,
amtrak,amtrak:298250,298250,amtrak:OSB,OSB,13:38:00,13:39:00,8,0,0,
amtrak,amtrak:298250,298250,amtrak:NHV,NHV,14:05:00,14:06:00,9,0,0,
amtrak,amtrak:298250,298250,amtrak:BRP,BRP,14:26:00,14:28:00,10,0,0,
amtrak,amtrak:298250,298250,amtrak:STM,STM,14:53:00,14:55:00,11,0,0,
amtrak,amtrak:298250,298250,amtrak:NRO,NRO,15:15:00,15:16:00,12,0,0,
amtrak,amtrak:298250,298250,amtrak:NYP,NYP,15:51:00,16:05:00,13,0,0,
amtrak,amtrak:298250,298250,amtrak:NWK,NWK,16:22:00,16:22:00,14,0,0,
amtrak,amtrak:298250,298250,amtrak:EWR,EWR,16:27:00,16:27:00,15,0,0,
amtrak,amtrak:298250,298250,amtrak:MET,MET,16:39:00,16:41:00,16,0,0,
amtrak,amtrak:298250,298250,amtrak:TRE,TRE,17:03:00,17:05:00,17,0,0,
amtrak,amtrak:298250,298250,amtrak:PHL,PHL,17:32:00,17:35:00,18,0,0,
amtrak,amtrak:298250,298250,amtrak:WIL,WIL,17:53:00,17:55:00,19,0,0,
amtrak,amtrak:298250,298250,amtrak:BAL,BAL,18:44:00,18:46:00,20,0,0,
amtrak,amtrak:298250,298250,amtrak:BWI,BWI,18:58:00,19:00:00,21,0,0,
amtrak,amtrak:298250,298250,amtrak:NCR,NCR,19:14:00,19:15:00,22,0,0,
amtrak,amtrak:298250,298250,amtrak:WAS,WAS,19:32:00,19:32:00,23,0,0,
amtrak,amtrak:298252,298252,amtrak:BOS,BOS,7:15:00,7:15:00,1,0,0,
amtrak,amtrak:298252,298252,amtrak:BBY,BBY,7:19:00,7:20:00,2,0,0,
amtrak,amtrak:298252,298252,amtrak:RTE,RTE,7:29:00,7:30:00,3,0,0,
amtrak,amtrak:298252,298252,amtrak:PVD,PVD,7:51:00,7:52:00,4,0,0,
amtrak,amtrak:298252,298252,amtrak:NHV,NHV,9:27:00,9:31:00,5,0,0,
amtrak,amtrak:298252,298252,amtrak:STM,STM,10:16:00,10:18:00,6,0,0,
amtrak,amtrak:298252,298252,amtrak:NYP,NYP,11:10:00,11:20:00,7,0,0,
amtrak,amtrak:298252,298252,amtrak:NWK,NWK,11:34:00,11:35:00,8,0,0,
amtrak,amtrak:298252,298252,amtrak:PHL,PHL,12:34:00,12:36:00,9,0,0,
amtrak,amtrak:298252,298252,amtrak:WIL,WIL,13:01:00,13:03:00,10,0,0,
amtrak,amtrak:298252,298252,amtrak:BAL,BAL,13:50:00,13:53:00,11,0,0,
amtrak,amtrak:298252,298252,amtrak:WAS,WAS,14:30:00,14:30:00,12,0,0,
amtrak,amtrak:298253,298253,amtrak:BOS,BOS,7:15:00,7:15:00,1,0,0,
amtrak,amtrak:298253,298253,amtrak:BBY,BBY,7:19:00,7:20:00,2,0,0,
amtrak,amtrak:298253,298253,amtrak:RTE,RTE,7:29:00,7:30:00,3,0,0,
amtrak,amtrak:298253,298253,amtrak:PVD,PVD,7:51:00,7:52:00,4,0,0,
amtrak,amtrak:298253,298253,amtrak:NHV,NHV,9:27:00,9:31:00,5,0,0,
amtrak,amtrak:298253,298253,amtrak:STM,STM,10:16:00,10:18:00,6,0,0,
amtrak,amtrak:298253,298253,amtrak:NYP,NYP,11:10:00,11:20:00,7,0,0,
amtrak,amtrak:298253,298253,amtrak:NWK,NWK,11:34:00,11:35:00,8,0,0,
amtrak,amtrak:298253,298253,amtrak:PHL,PHL,12:34:00,12:36:00,9,0,0,
amtrak,amtrak:298253,298253,amtrak:WIL,WIL,13:01:00,13:03:00,10,0,0,
amtrak,amtrak:298253,298253,amtrak:BAL,BAL,13:50:00,13:53:00,11,0,0,
amtrak,amtrak:298253,298253,amtrak:WAS,WAS,14:30:00,14:30:00,12,0,0,
amtrak,amtrak:298256,298256,amtrak:BOS,BOS,7:15:00,7:15:00,1,0,0,
amtrak,amtrak:298256,298256,amtrak:BBY,BBY,7:19:00,7:20:00,2,0,0,
amtrak,amtrak:298256,298256,amtrak:RTE,RTE,7:29:00,7:30:00,3,0,0,
amtrak,amtrak:298256,298256,amtrak:PVD,PVD,7:51:00,7:52:00,4,0,0,
amtrak,amtrak:298256,298256,amtrak:NHV,NHV,9:27:00,9:31:00,5,0,0,
amtrak,amtrak:298256,298256,amtrak:STM,STM,10:16:00,10:18:00,6,0,0,
amtrak,amtrak:298256,298256,amtrak:NYP,NYP,11:10:00,11:20:00,7,0,0,
amtrak,amtrak:298256,298256,amtrak:NWK,NWK,11:34:00,11:35:00,8,0,0,
amtrak,amtrak:298256,298256,amtrak:PHL,PHL,12:34:00,12:36:00,9,0,0,
amtrak,amtrak:298256,298256,amtrak:WIL,WIL,13:01:00,13:03:00,10,0,0,
amtrak,amtrak:298256,298256,amtrak:BAL,BAL,13:50:00,13:53:00,11,0,0,
amtrak,amtrak:298256,298256,amtrak:WAS,WAS,14:30:00,14:30:00,12,0,0,
amtrak,amtrak:298257,298257,amtrak:BOS,BOS,13:10:00,13:10:00,1,0,0,
amtrak,amtrak:298257,298257,amtrak:BBY,BBY,13:14:00,13:14:00,2,0,0,
amtrak,amtrak:298257,298257,amtrak:RTE,RTE,13:23:00,13:23:00,3,0,0,
amtrak,amtrak:298257,298257,amtrak:PVD,PVD,13:42:00,13:44:00,4,0,0,
amtrak,amtrak:298257,298257,amtrak:NHV,NHV,15:08:00,15:10:00,5,0,0,
amtrak,amtrak:298257,298257,amtrak:STM,STM,15:53:00,15:55:00,6,0,0,
amtrak,amtrak:298257,298257,amtrak:NYP,NYP,16:48:00,17:00:00,7,0,0,
amtrak,amtrak:298257,298257,amtrak:NWK,NWK,17:13:00,17:14:00,8,0,0,
amtrak,amtrak:298257,298257,amtrak:MET,MET,17:27:00,17:29:00,9,0,0,
amtrak,amtrak:298257,298257,amtrak:PHL,PHL,18:11:00,18:13:00,10,0,0,
amtrak,amtrak:298257,298257,amtrak:WIL,WIL,18:33:00,18:35:00,11,0,0,
amtrak,amtrak:298257,298257,amtrak:BAL,BAL,19:23:00,19:25:00,12,0,0,
amtrak,amtrak:298257,298257,amtrak:BWI,BWI,19:36:00,19:38:00,13,0,0,
amtrak,amtrak:298257,298257,amtrak:WAS,WAS,20:05:00,20:05:00,14,0,0,
amtrak,amtrak:298258,298258,amtrak:BOS,BOS,7:15:00,7:15:00,1,0,0,
amtrak,amtrak:298258,298258,amtrak:BBY,BBY,7:19:00,7:20:00,2,0,0,
amtrak,amtrak:298258,298258,amtrak:RTE,RTE,7:29:00,7:30:00,3,0,0,
amtrak,amtrak:298258,298258,amtrak:PVD,PVD,7:51:00,7:52:00,4,0,0,
amtrak,amtrak:298258,298258,amtrak:NHV,NHV,9:27:00,9:31:00,5,0,0,
amtrak,amtrak:298258,298258,amtrak:STM,STM,10:16:00,10:18:00,6,0,0,
amtrak,amtrak:298258,298258,amtrak:NYP,NYP,11:10:00,11:20:00,7,0,0,
amtrak,amtrak:298258,298258,amtrak:NWK,NWK,11:34:00,11:35:00,8,0,0,
amtrak,amtrak:298258,298258,amtrak:PHL,PHL,12:34:00,12:36:00,9,0,0,
amtrak,amtrak:298258,298258,amtrak:WIL,WIL,13:01:00,13:03:00,10,0,0,
amtrak,amtrak:298258,298258,amtrak:BAL,BAL,13:50:00,13:53:00,11,0,0,
amtrak,amtrak:298258,298258,amtrak:WAS,WAS,14:30:00,14:30:00,12,0,0,
amtrak,amtrak:298259,298259,amtrak:BOS,BOS,7:15:00,7:15:00,1,0,0,
amtrak,amtrak:298259,298259,amtrak:BBY,BBY,7:19:00,7:20:00,2,0,0,
amtrak,amtrak:298259,298259,amtrak:RTE,RTE,7:29:00,7:30:00,3,0,0,
amtrak,amtrak:298259,298259,amtrak:PVD,PVD,7:51:00,7:52:00,4,0,0,
amtrak,amtrak:298259,298259,amtrak:NHV,NHV,9:27:00,9:31:00,5,0,0,
amtrak,amtrak:298259,298259,amtrak:STM,STM,10:16:00,10:18:00,6,0,0,
amtrak,amtrak:298259,298259,amtrak:NYP,NYP,11:10:00,11:20:00,7,0,0,
amtrak,amtrak:298259,298259,amtrak:NWK,NWK,11:34:00,11:35:00,8,0,0,
amtrak,amtrak:298259,298259,amtrak:PHL,PHL,12:34:00,12:36:00,9,0,0,
amtrak,amtrak:298259,298259,amtrak:WIL,WIL,13:01:00,13:03:00,10,0,0,
amtrak,amtrak:298259,298259,amtrak:BAL,BAL,13:50:00,13:53:00,11,0,0,
amtrak,amtrak:298259,298259,amtrak:WAS,WAS,14:30:00,14:30:00,12,0,0,
amtrak,amtrak:298260,298260,amtrak:BOS,BOS,7:15:00,7:15:00,1,0,0,
amtrak,amtrak:298260,298260,amtrak:BBY,BBY,7:19:00,7:20:00,2,0,0,
amtrak,amtrak:298260,298260,amtrak:RTE,RTE,7:29:00,7:30:00,3,0,0,
amtrak,amtrak:298260,298260,amtrak:PVD,PVD,7:51:00,7:52:00,4,0,0,
amtrak,amtrak:298260,298260,amtrak:NHV,NHV,9:27:00,9:31:00,5,0,0,
amtrak,amtrak:298260,298260,amtrak:STM,STM,10:16:00,10:18:00,6,0,0,
amtrak,amtrak:298260,298260,amtrak:NYP,NYP,11:10:00,11:20:00,7,0,0,
amtrak,amtrak:298260,298260,amtrak:NWK,NWK,11:34:00,11:35:00,8,0,0,
amtrak,amtrak:298260,298260,amtrak:PHL,PHL,12:34:00,12:36:00,9,0,0,
amtrak,amtrak:298260,298260,amtrak:WIL,WIL,13:01:00,13:03:00,10,0,0,
amtrak,amtrak:298260,298260,amtrak:BAL,BAL,13:50:00,13:53:00,11,0,0,
amtrak,amtrak:298260,298260,amtrak:WAS,WAS,14:30:00,14:30:00,12,0,0,
amtrak,amtrak:298261,298261,amtrak:BOS,BOS,7:15:00,7:15:00,1,0,0,
amtrak,amtrak:298261,298261,amtrak:BBY,BBY,7:19:00,7:20:00,2,0,0,
amtrak,amtrak:298261,298261,amtrak:RTE,RTE,7:29:00,7:30:00,3,0,0,
amtrak,amtrak:298261,298261,amtrak:PVD,PVD,7:51:00,7:52:00,4,0,0,
amtrak,amtrak:298261,298261,amtrak:NHV,NHV,9:27:00,9:31:00,5,0,0,
amtrak,amtrak:298261,298261,amtrak:STM,STM,10:16:00,10:18:00,6,0,0,
amtrak,amtrak:298261,298261,amtrak:NYP,NYP,11:10:00,11:20:00,7,0,0,
amtrak,amtrak:298261,298261,amtrak:NWK,NWK,11:34:00,11:35:00,8,0,0,
amtrak,amtrak:298261,298261,amtrak:PHL,PHL,12:34:00,12:36:00,9,0,0,
amtrak,amtrak:298261,298261,amtrak:WIL,WIL,13:01:00,13:03:00,10,0,0,
amtrak,amtrak:298261,298261,amtrak:BAL,BAL,13:47:00,13:50:00,11,0,0,
amtrak,amtrak:298261,298261,amtrak:WAS,WAS,14:24:00,14:24:00,12,0,0,
amtrak,amtrak:298262,298262,amtrak:BOS,BOS,7:15:00,7:15:00,1,0,0,
amtrak,amtrak:298262,298262,amtrak:BBY,BBY,7:19:00,7:20:00,2,0,0,
amtrak,amtrak:298262,298262,amtrak:RTE,RTE,7:29:00,7:30:00,3,0,0,
amtrak,amtrak:298262,298262,amtrak:PVD,PVD,7:51:00,7:52:00,4,0,0,
amtrak,amtrak:298262,298262,amtrak:NHV,NHV,9:27:00,9:31:00,5,0,0,
amtrak,amtrak:298262,298262,amtrak:STM,STM,10:16:00,10:18:00,6,0,0,
amtrak,amtrak:298262,298262,amtrak:NYP,NYP,11:10:00,11:20:00,7,0,0,
amtrak,amtrak:298262,298262,amtrak:NWK,NWK,11:34:00,11:35:00,8,0,0,
amtrak,amtrak:298262,298262,amtrak:PHL,PHL,12:34:00,12:36:00,9,0,0,
amtrak,amtrak:298262,298262,amtrak:WIL,WIL,13:01:00,13:03:00,10,0,0,
amtrak,amtrak:298262,298262,amtrak:BAL,BAL,13:47:00,13:50:00,11,0,0,
amtrak,amtrak:298262,298262,amtrak:WAS,WAS,14:24:00,14:24:00,12,0,0,
amtrak,amtrak:298263,298263,amtrak:BOS,BOS,7:15:00,7:15:00,1,0,0,
amtrak,amtrak:298263,298263,amtrak:BBY,BBY,7:19:00,7:20:00,2,0,0,
amtrak,amtrak:298263,298263,amtrak:RTE,RTE,7:29:00,7:30:00,3,0,0,
amtrak,amtrak:298263,298263,amtrak:PVD,PVD,7:51:00,7:52:00,4,0,0,
amtrak,amtrak:298263,298263,amtrak:NHV,NHV,9:27:00,9:31:00,5,0,0,
amtrak,amtrak:298263,298263,amtrak:STM,STM,10:16:00,10:18:00,6,0,0,
amtrak,amtrak:298263,298263,amtrak:NYP,NYP,11:10:00,11:20:00,7,0,0,
amtrak,amtrak:298263,298263,amtrak:NWK,NWK,11:34:00,11:35:00,8,0,0,
amtrak,amtrak:298263,298263,amtrak:PHL,PHL,12:34:00,12:36:00,9,0,0,
amtrak,amtrak:298263,298263,amtrak:WIL,WIL,13:01:00,13:03:00,10,0,0,
amtrak,amtrak:298263,298263,amtrak:BAL,BAL,13:47:00,13:50:00,11,0,0,
amtrak,amtrak:298263,298263,amtrak:WAS,WAS,14:24:00,14:24:00,12,0,0,
amtrak,amtrak:298299,298299,amtrak:BOS,BOS,15:10:00,15:10:00,1,0,0,
amtrak,amtrak:298299,298299,amtrak:BBY,BBY,15:14:00,15:16:00,2,0,0,
amtrak,amtrak:298299,298299,amtrak:RTE,RTE,15:25:00,15:26:00,3,0,0,
amtrak,amtrak:298299,298299,amtrak:PVD,PVD,15:48:00,15:50:00,4,0,0,
amtrak,amtrak:298299,298299,amtrak:KIN,KIN,16:10:00,16:12:00,5,0,0,
amtrak,amtrak:298299,298299,amtrak:WLY,WLY,16:25:00,16:26:00,6,0,0,
amtrak,amtrak:298299,298299,amtrak:MYS,MYS,16:34:00,16:35:00,7,0,0,
amtrak,amtrak:298299,298299,amtrak:NLC,NLC,16:47:00,16:48:00,8,0,0,
amtrak,amtrak:298299,298299,amtrak:OSB,OSB,17:05:00,17:06:00,9,0,0,
amtrak,amtrak:298299,298299,amtrak:NHV,NHV,17:33:00,17:35:00,10,0,0,
amtrak,amtrak:298299,298299,amtrak:BRP,BRP,17:56:00,17:57:00,11,0,0,
amtrak,amtrak:298299,298299,amtrak:STM,STM,18:23:00,18:25:00,12,0,0,
amtrak,amtrak:298299,298299,amtrak:NRO,NRO,18:47:00,18:48:00,13,0,0,
amtrak,amtrak:298299,298299,amtrak:NYP,NYP,19:31:00,20:01:00,14,0,0,
amtrak,amtrak:298299,298299,amtrak:NWK,NWK,20:17:00,20:18:00,15,0,0,
amtrak,amtrak:298299,298299,amtrak:EWR,EWR,20:22:00,20:23:00,16,0,0,
amtrak,amtrak:298299,298299,amtrak:MET,MET,20:37:00,20:38:00,17,0,0,
amtrak,amtrak:298299,298299,amtrak:NBK,NBK,20:45:00,20:46:00,18,0,0,
amtrak,amtrak:298299,298299,amtrak:PJC,PJC,20:59:00,21:00:00,19,0,0,
amtrak,amtrak:298299,298299,amtrak:TRE,TRE,21:07:00,21:08:00,20,0,0,
amtrak,amtrak:298299,298299,amtrak:PHL,PHL,21:35:00,21:38:00,21,0,0,
amtrak,amtrak:298299,298299,amtrak:WIL,WIL,21:58:00,22:00:00,22,0,0,
amtrak,amtrak:298299,298299,amtrak:BAL,BAL,22:51:00,22:54:00,23,0,0,
amtrak,amtrak:298299,298299,amtrak:BWI,BWI,23:06:00,23:08:00,24,0,0,
amtrak,amtrak:298299,298299,amtrak:NCR,NCR,23:23:00,23:24:00,25,0,0,
amtrak,amtrak:298299,298299,amtrak:WAS,WAS,23:41:00,23:41:00,26,0,0,
amtrak,amtrak:298300,298300,amtrak:BOS,BOS,15:10:00,15:10:00,1,0,0,
amtrak,amtrak:298300,298300,amtrak:BBY,BBY,15:14:00,15:16:00,2,0,0,
amtrak,amtrak:298300,298300,amtrak:RTE,RTE,15:25:00,15:26:00,3,0,0,
amtrak,amtrak:298300,298300,amtrak:PVD,PVD,15:48:00,15:50:00,4,0,0,
amtrak,amtrak:298300,298300,amtrak:KIN,KIN,16:10:00,16:12:00,5,0,0,
amtrak,amtrak:298300,298300,amtrak:WLY,WLY,16:25:00,16:26:00,6,0,0,
amtrak,amtrak:298300,298300,amtrak:MYS,MYS,16:34:00,16:35:00,7,0,0,
amtrak,amtrak:298300,298300,amtrak:NLC,NLC,16:47:00,16:48:00,8,0,0,
amtrak,amtrak:298300,298300,amtrak:OSB,OSB,17:05:00,17:06:00,9,0,0,
amtrak,amtrak:298300,298300,amtrak:NHV,NHV,17:33:00,17:35:00,10,0,0,
amtrak,amtrak:298300,298300,amtrak:BRP,BRP,17:56:00,17:57:00,11,0,0,
amtrak,amtrak:298300,298300,amtrak:STM,STM,18:23:00,18:25:00,12,0,0,
amtrak,amtrak:298300,298300,amtrak:NRO,NRO,18:47:00,18:48:00,13,0,0,
amtrak,amtrak:298300,298300,amtrak:NYP,NYP,19:31:00,20:01:00,14,0,0,
amtrak,amtrak:298300,298300,amtrak:NWK,NWK,20:17:00,20:18:00,15,0,0,
amtrak,amtrak:298300,298300,amtrak:EWR,EWR,20:22:00,20:23:00,16,0,0,
amtrak,amtrak:298300,298300,amtrak:MET,MET,20:37:00,20:38:00,17,0,0,
amtrak,amtrak:298300,298300,amtrak:NBK,NBK,20:45:00,20:46:00,18,0,0,
amtrak,amtrak:298300,298300,amtrak:PJC,PJC,20:59:00,21:00:00,19,0,0,
amtrak,amtrak:298300,298300,amtrak:TRE,TRE,21:07:00,21:08:00,20,0,0,
amtrak,amtrak:298300,298300,amtrak:PHL,PHL,21:35:00,21:38:00,21,0,0,
amtrak,amtrak:298300,298300,amtrak:WIL,WIL,21:58:00,22:00:00,22,0,0,
amtrak,amtrak:298300,298300,amtrak:BAL,BAL,22:51:00,22:54:00,23,0,0,
amtrak,amtrak:298300,298300,amtrak:BWI,BWI,23:06:00,23:08:00,24,0,0,
amtrak,amtrak:298300,298300,amtrak:NCR,NCR,23:23:00,23:24:00,25,0,0,
amtrak,amtrak:298300,298300,amtrak:WAS,WAS,23:41:00,23:41:00,26,0,0,
amtrak,amtrak:298302,298302,amtrak:BOS,BOS,15:10:00,15:10:00,1,0,0,
amtrak,amtrak:298302,298302,amtrak:BBY,BBY,15:14:00,15:16:00,2,0,0,
amtrak,amtrak:298302,298302,amtrak:RTE,RTE,15:25:00,15:26:00,3,0,0,
amtrak,amtrak:298302,298302,amtrak:PVD,PVD,15:48:00,15:50:00,4,0,0,
amtrak,amtrak:298302,298302,amtrak:KIN,KIN,16:10:00,16:12:00,5,0,0,
amtrak,amtrak:298302,298302,amtrak:WLY,WLY,16:25:00,16:26:00,6,0,0,
amtrak,amtrak:298302,298302,amtrak:MYS,MYS,16:34:00,16:35:00,7,0,0,
amtrak,amtrak:298302,298302,amtrak:NLC,NLC,16:47:00,16:48:00,8,0,0,
amtrak,amtrak:298302,298302,amtrak:OSB,OSB,17:05:00,17:06:00,9,0,0,
amtrak,amtrak:298302,298302,amtrak:NHV,NHV,17:33:00,17:35:00,10,0,0,
amtrak,amtrak:298302,298302,amtrak:BRP,BRP,17:56:00,17:57:00,11,0,0,
amtrak,amtrak:298302,298302,amtrak:STM,STM,18:23:00,18:25:00,12,0,0,
amtrak,amtrak:298302,298302,amtrak:NRO,NRO,18:47:00,18:48:00,13,0,0,
amtrak,amtrak:298302,298302,amtrak:NYP,NYP,19:31:00,20:01:00,14,0,0,
amtrak,amtrak:298302,298302,amtrak:NWK,NWK,20:17:00,20:18:00,15,0,0,
amtrak,amtrak:298302,298302,amtrak:EWR,EWR,20:22:00,20:23:00,16,0,0,
amtrak,amtrak:298302,298302,amtrak:MET,MET,20:37:00,20:38:00,17,0,0,
amtrak,amtrak:298302,298302,amtrak:NBK,NBK,20:45:00,20:46:00,18,0,0,
amtrak,amtrak:298302,298302,amtrak:PJC,PJC,20:59:00,21:00:00,19,0,0,
amtrak,amtrak:298302,298302,amtrak:TRE,TRE,21:07:00,21:08:00,20,0,0,
amtrak,amtrak:298302,298302,amtrak:PHL,PHL,21:35:00,21:38:00,21,0,0,
amtrak,amtrak:298302,298302,amtrak:WIL,WIL,22:00:00,22:02:00,22,0,0,
amtrak,amtrak:298302,298302,amtrak:BAL,BAL,22:54:00,22:57:00,23,0,0,
amtrak,amtrak:298302,298302,amtrak:BWI,BWI,23:09:00,23:11:00,24,0,0,
amtrak,amtrak:298302,298302,amtrak:NCR,NCR,23:26:00,23:27:00,25,0,0,
amtrak,amtrak:298302,298302,amtrak:WAS,WAS,23:44:00,23:44:00,26,0,0,
amtrak,amtrak:298303,298303,amtrak:BOS,BOS,15:10:00,15:10:00,1,0,0,
amtrak,amtrak:298303,298303,amtrak:BBY,BBY,15:14:00,15:16:00,2,0,0,
amtrak,amtrak:298303,298303,amtrak:RTE,RTE,15:25:00,15:26:00,3,0,0,
amtrak,amtrak:298303,298303,amtrak:PVD,PVD,15:48:00,15:50:00,4,0,0,
amtrak,amtrak:298303,298303,amtrak:KIN,KIN,16:10:00,16:12:00,5,0,0,
amtrak,amtrak:298303,298303,amtrak:WLY,WLY,16:25:00,16:26:00,6,0,0,
amtrak,amtrak:298303,298303,amtrak:MYS,MYS,16:34:00,16:35:00,7,0,0,
amtrak,amtrak:298303,298303,amtrak:NLC,NLC,16:47:00,16:48:00,8,0,0,
amtrak,amtrak:298303,298303,amtrak:OSB,OSB,17:05:00,17:06:00,9,0,0,
amtrak,amtrak:298303,298303,amtrak:NHV,NHV,17:33:00,17:35:00,10,0,0,
amtrak,amtrak:298303,298303,amtrak:BRP,BRP,17:56:00,17:57:00,11,0,0,
amtrak,amtrak:298303,298303,amtrak:STM,STM,18:23:00,18:25:00,12,0,0,
amtrak,amtrak:298303,298303,amtrak:NRO,NRO,18:47:00,18:48:00,13,0,0,
amtrak,amtrak:298303,298303,amtrak:NYP,NYP,19:31:00,20:01:00,14,0,0,
amtrak,amtrak:298303,298303,amtrak:NWK,NWK,20:17:00,20:18:00,15,0,0,
amtrak,amtrak:298303,298303,amtrak:EWR,EWR,20:22:00,20:23:00,16,0,0,
amtrak,amtrak:298303,298303,amtrak:MET,MET,20:37:00,20:38:00,17,0,0,
amtrak,amtrak:298303,298303,amtrak:NBK,NBK,20:45:00,20:46:00,18,0,0,
amtrak,amtrak:298303,298303,amtrak:PJC,PJC,20:59:00,21:00:00,19,0,0,
amtrak,amtrak:298303,298303,amtrak:TRE,TRE,21:07:00,21:08:00,20,0,0,
amtrak,amtrak:298303,298303,amtrak:PHL,PHL,21:35:00,21:38:00,21,0,0,
amtrak,amtrak:298303,298303,amtrak:WIL,WIL,21:58:00,22:00:00,22,0,0,
amtrak,amtrak:298303,298303,amtrak:BAL,BAL,22:51:00,22:54:00,23,0,0,
amtrak,amtrak:298303,298303,amtrak:BWI,BWI,23:06:00,23:08:00,24,0,0,
amtrak,amtrak:298303,298303,amtrak:NCR,NCR,23:23:00,23:24:00,25,0,0,
amtrak,amtrak:298303,298303,amtrak:WAS,WAS,23:41:00,23:41:00,26,0,0,
amtrak,amtrak:298304,298304,amtrak:BOS,BOS,15:10:00,15:10:00,1,0,0,
amtrak,amtrak:298304,298304,amtrak:BBY,BBY,15:14:00,15:16:00,2,0,0,
amtrak,amtrak:298304,298304,amtrak:RTE,RTE,15:25:00,15:26:00,3,0,0,
amtrak,amtrak:298304,298304,amtrak:PVD,PVD,15:48:00,15:50:00,4,0,0,
amtrak,amtrak:298304,298304,amtrak:KIN,KIN,16:10:00,16:12:00,5,0,0,
amtrak,amtrak:298304,298304,amtrak:WLY,WLY,16:25:00,16:26:00,6,0,0,
amtrak,amtrak:298304,298304,amtrak:MYS,MYS,16:34:00,16:35:00,7,0,0,
amtrak,amtrak:298304,298304,amtrak:NLC,NLC,16:47:00,16:48:00,8,0,0,
amtrak,amtrak:298304,298304,amtrak:OSB,OSB,17:05:00,17:06:00,9,0,0,
amtrak,amtrak:298304,298304,amtrak:NHV,NHV,17:33:00,17:35:00,10,0,0,
amtrak,amtrak:298304,298304,amtrak:BRP,BRP,17:56:00,17:57:00,11,0,0,
amtrak,amtrak:298304,298304,amtrak:STM,STM,18:23:00,18:25:00,12,0,0,
amtrak,amtrak:298304,298304,amtrak:NRO,NRO,18:47:00,18:48:00,13,0,0,
amtrak,amtrak:298304,298304,amtrak:NYP,NYP,19:31:00,20:01:00,14,0,0,
amtrak,amtrak:298304,298304,amtrak:NWK,NWK,20:17:00,20:18:00,15,0,0,
amtrak,amtrak:298304,298304,amtrak:EWR,EWR,20:22:00,20:23:00,16,0,0,
amtrak,amtrak:298304,298304,amtrak:MET,MET,20:37:00,20:38:00,17,0,0,
amtrak,amtrak:298304,298304,amtrak:NBK,NBK,20:45:00,20:46:00,18,0,0,
amtrak,amtrak:298304,298304,amtrak:PJC,PJC,20:59:00,21:00:00,19,0,0,
amtrak,amtrak:298304,298304,amtrak:TRE,TRE,21:07:00,21:08:00,20,0,0,
amtrak,amtrak:298304,298304,amtrak:PHL,PHL,21:35:00,21:38:00,21,0,0,
amtrak,amtrak:298304,298304,amtrak:WIL,WIL,21:58:00,22:00:00,22,0,0,
amtrak,amtrak:298304,298304,amtrak:BAL,BAL,22:51:00,22:54:00,23,0,0,
amtrak,amtrak:298304,298304,amtrak:BWI,BWI,23:06:00,23:08:00,24,0,0,
amtrak,amtrak:298304,298304,amtrak:NCR,NCR,23:23:00,23:24:00,25,0,0,
amtrak,amtrak:298304,298304,amtrak:WAS,WAS,23:41:00,23:41:00,26,0,0,
amtrak,amtrak:298305,298305,amtrak:BOS,BOS,15:10:00,15:10:00,1,0,0,
amtrak,amtrak:298305,298305,amtrak:BBY,BBY,15:14:00,15:16:00,2,0,0,
amtrak,amtrak:298305,298305,amtrak:RTE,RTE,15:25:00,15:26:00,3,0,0,
amtrak,amtrak:298305,298305,amtrak:PVD,PVD,15:48:00,15:50:00,4,0,0,
amtrak,amtrak:298305,298305,amtrak:KIN,KIN,16:10:00,16:12:00,5,0,0,
amtrak,amtrak:298305,298305,amtrak:WLY,WLY,16:25:00,16:26:00,6,0,0,
amtrak,amtrak:298305,298305,amtrak:MYS,MYS,16:34:00,16:35:00,7,0,0,
amtrak,amtrak:298305,298305,amtrak:NLC,NLC,16:47:00,16:48:00,8,0,0,
amtrak,amtrak:298305,298305,amtrak:OSB,OSB,17:05:00,17:06:00,9,0,0,
amtrak,amtrak:298305,298305,amtrak:NHV,NHV,17:33:00,17:35:00,10,0,0,
amtrak,amtrak:298305,298305,amtrak:BRP,BRP,17:56:00,17:57:00,11,0,0,
amtrak,amtrak:298305,298305,amtrak:STM,STM,18:23:00,18:25:00,12,0,0,
amtrak,amtrak:298305,298305,amtrak:NRO,NRO,18:47:00,18:48:00,13,0,0,
amtrak,amtrak:298305,298305,amtrak:NYP,NYP,19:31:00,20:01:00,14,0,0,
amtrak,amtrak:298305,298305,amtrak:NWK,NWK,20:17:00,20:18:00,15,0,0,
amtrak,amtrak:298305,298305,amtrak:EWR,EWR,20:22:00,20:23:00,16,0,0,
amtrak,amtrak:298305,298305,amtrak:MET,MET,20:37:00,20:38:00,17,0,0,
amtrak,amtrak:298305,298305,amtrak:NBK,NBK,20:45:00,20:46:00,18,0,0,
amtrak,amtrak:298305,298305,amtrak:PJC,PJC,20:59:00,21:00:00,19,0,0,
amtrak,amtrak:298305,298305,amtrak:TRE,TRE,21:07:00,21:08:00,20,0,0,
amtrak,amtrak:298305,298305,amtrak:PHL,PHL,21:35:00,21:38:00,21,0,0,
amtrak,amtrak:298305,298305,amtrak:WIL,WIL,21:58:00,22:00:00,22,0,0,
amtrak,amtrak:298305,298305,amtrak:BAL,BAL,22:46:00,22:49:00,23,0,0,
amtrak,amtrak:298305,298305,amtrak:BWI,BWI,23:01:00,23:03:00,24,0,0,
amtrak,amtrak:298305,298305,amtrak:NCR,NCR,23:18:00,23:19:00,25,0,0,
amtrak,amtrak:298305,298305,amtrak:WAS,WAS,23:36:00,23:36:00,26,0,0,
amtrak,amtrak:298306,298306,amtrak:BOS,BOS,15:10:00,15:10:00,1,0,0,
amtrak,amtrak:298306,298306,amtrak:BBY,BBY,15:14:00,15:16:00,2,0,0,
amtrak,amtrak:298306,298306,amtrak:RTE,RTE,15:25:00,15:26:00,3,0,0,
amtrak,amtrak:298306,298306,amtrak:PVD,PVD,15:48:00,15:50:00,4,0,0,
amtrak,amtrak:298306,298306,amtrak:KIN,KIN,16:10:00,16:12:00,5,0,0,
amtrak,amtrak:298306,298306,amtrak:WLY,WLY,16:25:00,16:26:00,6,0,0,
amtrak,amtrak:298306,298306,amtrak:MYS,MYS,16:34:00,16:35:00,7,0,0,
amtrak,amtrak:298306,298306,amtrak:NLC,NLC,16:47:00,16:48:00,8,0,0,
amtrak,amtrak:298306,298306,amtrak:OSB,OSB,17:05:00,17:06:00,9,0,0,
amtrak,amtrak:298306,298306,amtrak:NHV,NHV,17:33:00,17:35:00,10,0,0,
amtrak,amtrak:298306,298306,amtrak:BRP,BRP,17:56:00,17:57:00,11,0,0,
amtrak,amtrak:298306,298306,amtrak:STM,STM,18:23:00,18:25:00,12,0,0,
amtrak,amtrak:298306,298306,amtrak:NRO,NRO,18:47:00,18:48:00,13,0,0,
amtrak,amtrak:298306,298306,amtrak:NYP,NYP,19:31:00,20:01:00,14,0,0,
amtrak,amtrak:298306,298306,amtrak:NWK,NWK,20:17:00,20:18:00,15,0,0,
amtrak,amtrak:298306,298306,amtrak:EWR,EWR,20:22:00,20:23:00,16,0,0,
amtrak,amtrak:298306,298306,amtrak:MET,MET,20:37:00,20:38:00,17,0,0,
amtrak,amtrak:298306,298306,amtrak:NBK,NBK,20:45:00,20:46:00,18,0,0,
amtrak,amtrak:298306,298306,amtrak:PJC,PJC,20:59:00,21:00:00,19,0,0,
amtrak,amtrak:298306,298306,amtrak:TRE,TRE,21:07:00,21:08:00,20,0,0,
amtrak,amtrak:298306,298306,amtrak:PHL,PHL,21:35:00,21:38:00,21,0,0,
amtrak,amtrak:298306,298306,amtrak:WIL,WIL,21:58:00,22:00:00,22,0,0,
amtrak,amtrak:298306,298306,amtrak:BAL,BAL,22:46:00,22:49:00,23,0,0,
amtrak,amtrak:298306,298306,amtrak:BWI,BWI,23:01:00,23:03:00,24,0,0,
amtrak,amtrak:298306,298306,amtrak:NCR,NCR,23:18:00,23:19:00,25,0,0,
amtrak,amtrak:298306,298306,amtrak:WAS,WAS,23:36:00,23:36:00,26,0,0,
amtrak,amtrak:299275,299275,amtrak:NHV,NHV,19:50:00,19:50:00,1,0,0,
amtrak,amtrak:299275,299275,amtrak:STS,STS,19:52:00,19:52:00,2,0,0,
amtrak,amtrak:299275,299275,amtrak:WFD,WFD,20:04:00,20:04:00,3,0,0,
amtrak,amtrak:299275,299275,amtrak:MDN,MDN,20:13:00,20:13:00,4,0,0,
amtrak,amtrak:299275,299275,amtrak:BER,BER,20:21:00,20:21:00,5,0,0,
amtrak,amtrak:299275,299275,amtrak:HFD,HFD,20:33:00,20:35:00,6,0,0,
amtrak,amtrak:299275,299275,amtrak:WND,WND,20:42:00,20:42:00,7,0,0,
amtrak,amtrak:299275,299275,amtrak:WNL,WNL,20:49:00,20:49:00,8,0,0,
amtrak,amtrak:299275,299275,amtrak:SPG,SPG,21:13:00,21:13:00,9,0,0,
amtrak,amtrak:299276,299276,amtrak:NHV,NHV,19:50:00,19:50:00,1,0,0,
amtrak,amtrak:299276,299276,amtrak:STS,STS,19:52:00,19:52:00,2,0,0,
amtrak,amtrak:299276,299276,amtrak:WFD,WFD,20:04:00,20:04:00,3,0,0,
amtrak,amtrak:299276,299276,amtrak:MDN,MDN,20:13:00,20:13:00,4,0,0,
amtrak,amtrak:299276,299276,amtrak:BER,BER,20:21:00,20:21:00,5,0,0,
amtrak,amtrak:299276,299276,amtrak:HFD,HFD,20:33:00,20:35:00,6,0,0,
amtrak,amtrak:299276,299276,amtrak:WND,WND,20:42:00,20:42:00,7,0,0,
amtrak,amtrak:299276,299276,amtrak:WNL,WNL,20:49:00,20:49:00,8,0,0,
amtrak,amtrak:299276,299276,amtrak:SPG,SPG,21:13:00,21:13:00,9,0,0,
amtrak,amtrak:299277,299277,amtrak:NHV,NHV,19:50:00,19:50:00,1,0,0,
amtrak,amtrak:299277,299277,amtrak:STS,STS,19:52:00,19:52:00,2,0,0,
amtrak,amtrak:299277,299277,amtrak:WFD,WFD,20:04:00,20:04:00,3,0,0,
amtrak,amtrak:299277,299277,amtrak:MDN,MDN,20:13:00,20:13:00,4,0,0,
amtrak,amtrak:299277,299277,amtrak:BER,BER,20:21:00,20:21:00,5,0,0,
amtrak,amtrak:299277,299277,amtrak:HFD,HFD,20:33:00,20:35:00,6,0,0,
amtrak,amtrak:299277,299277,amtrak:WND,WND,20:42:00,20:42:00,7,0,0,
amtrak,amtrak:299277,299277,amtrak:WNL,WNL,20:49:00,20:49:00,8,0,0,
amtrak,amtrak:299277,299277,amtrak:SPG,SPG,21:13:00,21:13:00,9,0,0,
amtrak,amtrak:299282,299282,amtrak:SPG,SPG,7:05:00,7:05:00,1,0,0,
amtrak,amtrak:299282,299282,amtrak:WNL,WNL,7:24:00,7:24:00,2,0,0,
amtrak,amtrak:299282,299282,amtrak:WND,WND,7:29:00,7:29:00,3,0,0,
amtrak,amtrak:299282,299282,amtrak:HFD,HFD,7:36:00,7:39:00,4,0,0,
amtrak,amtrak:299282,299282,amtrak:BER,BER,7:49:00,7:49:00,5,0,0,
amtrak,amtrak:299282,299282,amtrak:MDN,MDN,7:58:00,7:58:00,6,0,0,
amtrak,amtrak:299282,299282,amtrak:WFD,WFD,8:06:00,8:06:00,7,0,0,
amtrak,amtrak:299282,299282,amtrak:STS,STS,8:19:00,8:19:00,8,0,0,
amtrak,amtrak:299282,299282,amtrak:NHV,NHV,8:27:00,8:27:00,9,0,0,
amtrak,amtrak:299284,299284,amtrak:SPG,SPG,7:05:00,7:05:00,1,0,0,
amtrak,amtrak:299284,299284,amtrak:WNL,WNL,7:24:00,7:24:00,2,0,0,
amtrak,amtrak:299284,299284,amtrak:WND,WND,7:29:00,7:29:00,3,0,0,
amtrak,amtrak:299284,299284,amtrak:HFD,HFD,7:36:00,7:39:00,4,0,0,
amtrak,amtrak:299284,299284,amtrak:BER,BER,7:49:00,7:49:00,5,0,0,
amtrak,amtrak:299284,299284,amtrak:MDN,MDN,7:58:00,7:58:00,6,0,0,
amtrak,amtrak:299284,299284,amtrak:WFD,WFD,8:06:00,8:06:00,7,0,0,
amtrak,amtrak:299284,299284,amtrak:STS,STS,8:19:00,8:19:00,8,0,0,
amtrak,amtrak:299284,299284,amtrak:NHV,NHV,8:27:00,8:27:00,9,0,0,
amtrak,amtrak:299286,299286,amtrak:SPG,SPG,7:05:00,7:05:00,1,0,0,
amtrak,amtrak:299286,299286,amtrak:WNL,WNL,7:24:00,7:24:00,2,0,0,
amtrak,amtrak:299286,299286,amtrak:WND,WND,7:29:00,7:29:00,3,0,0,
amtrak,amtrak:299286,299286,amtrak:HFD,HFD,7:36:00,7:39:00,4,0,0,
amtrak,amtrak:299286,299286,amtrak:BER,BER,7:49:00,7:49:00,5,0,0,
amtrak,amtrak:299286,299286,amtrak:MDN,MDN,7:58:00,7:58:00,6,0,0,
amtrak,amtrak:299286,299286,amtrak:WFD,WFD,8:06:00,8:06:00,7,0,0,
amtrak,amtrak:299286,299286,amtrak:STS,STS,8:19:00,8:19:00,8,0,0,
amtrak,amtrak:299286,299286,amtrak:NHV,NHV,8:27:00,8:27:00,9,0,0,
amtrak,amtrak:299287,299287,amtrak:SPG,SPG,7:05:00,7:05:00,1,0,0,
amtrak,amtrak:299287,299287,amtrak:WNL,WNL,7:24:00,7:24:00,2,0,0,
amtrak,amtrak:299287,299287,amtrak:WND,WND,7:29:00,7:29:00,3,0,0,
amtrak,amtrak:299287,299287,amtrak:HFD,HFD,7:36:00,7:39:00,4,0,0,
amtrak,amtrak:299287,299287,amtrak:BER,BER,7:49:00,7:49:00,5,0,0,
amtrak,amtrak:299287,299287,amtrak:MDN,MDN,7:58:00,7:58:00,6,0,0,
amtrak,amtrak:299287,299287,amtrak:WFD,WFD,8:06:00,8:06:00,7,0,0,
amtrak,amtrak:299287,299287,amtrak:STS,STS,8:19:00,8:19:00,8,0,0,
amtrak,amtrak:299287,299287,amtrak:NHV,NHV,8:27:00,8:27:00,9,0,0,
amtrak,amtrak:299567,299567,amtrak:BOS,BOS,9:58:00,9:58:00,1,0,0,
amtrak,amtrak:299567,299567,amtrak:BBY,BBY,10:02:00,10:04:00,2,0,0,
amtrak,amtrak:299567,299567,amtrak:RTE,RTE,10:13:00,10:15:00,3,0,0,
amtrak,amtrak:299567,299567,amtrak:PVD,PVD,10:37:00,10:40:00,4,0,0,
amtrak,amtrak:299567,299567,amtrak:WLY,WLY,11:10:00,11:11:00,5,0,0,
amtrak,amtrak:299567,299567,amtrak:MYS,MYS,11:20:00,11:21:00,6,0,0,
amtrak,amtrak:299567,299567,amtrak:NLC,NLC,11:34:00,11:36:00,7,0,0,
amtrak,amtrak:299567,299567,amtrak:OSB,OSB,11:57:00,11:59:00,8,0,0,
amtrak,amtrak:299567,299567,amtrak:NHV,NHV,12:31:00,12:33:00,9,0,0,
amtrak,amtrak:299567,299567,amtrak:BRP,BRP,12:54:00,12:56:00,10,0,0,
amtrak,amtrak:299567,299567,amtrak:STM,STM,13:22:00,13:23:00,11,0,0,
amtrak,amtrak:299567,299567,amtrak:NRO,NRO,13:42:00,13:44:00,12,0,0,
amtrak,amtrak:299567,299567,amtrak:NYP,NYP,14:25:00,15:04:00,13,0,0,
amtrak,amtrak:299567,299567,amtrak:NWK,NWK,15:20:00,15:21:00,14,0,0,
amtrak,amtrak:299567,299567,amtrak:EWR,EWR,15:25:00,15:26:00,15,0,0,
amtrak,amtrak:299567,299567,amtrak:MET,MET,15:40:00,15:41:00,16,0,0,
amtrak,amtrak:299567,299567,amtrak:PHL,PHL,16:31:00,16:36:00,17,0,0,
amtrak,amtrak:299567,299567,amtrak:WIL,WIL,16:55:00,16:57:00,18,0,0,
amtrak,amtrak:299567,299567,amtrak:BAL,BAL,17:44:00,17:46:00,19,0,0,
amtrak,amtrak:299567,299567,amtrak:BWI,BWI,17:57:00,17:58:00,20,0,0,
amtrak,amtrak:299567,299567,amtrak:NCR,NCR,18:15:00,18:16:00,21,0,0,
amtrak,amtrak:299567,299567,amtrak:WAS,WAS,18:30:00,19:00:00,22,0,0,
amtrak,amtrak:299567,299567,amtrak:ALX,ALX,19:14:00,19:17:00,23,0,0,
amtrak,amtrak:299567,299567,amtrak:WDB,WDB,19:34:00,19:35:00,24,0,0,
amtrak,amtrak:299567,299567,amtrak:QAN,QAN,19:45:00,19:47:00,25,0,0,
amtrak,amtrak:299567,299567,amtrak:FBG,FBG,20:09:00,20:12:00,26,0,0,
amtrak,amtrak:299567,299567,amtrak:ASD,ASD,20:53:00,20:54:00,27,0,0,
amtrak,amtrak:299567,299567,amtrak:RVR,RVR,21:15:00,21:22:00,28,0,0,
amtrak,amtrak:299567,299567,amtrak:PTB,PTB,21:56:00,21:58:00,29,0,0,
amtrak,amtrak:299567,299567,amtrak:NFK,NFK,23:38:00,23:38:00,30,0,0,
amtrak,amtrak:299568,299568,amtrak:BOS,BOS,9:58:00,9:58:00,1,0,0,
amtrak,amtrak:299568,299568,amtrak:BBY,BBY,10:02:00,10:04:00,2,0,0,
amtrak,amtrak:299568,299568,amtrak:RTE,RTE,10:13:00,10:15:00,3,0,0,
amtrak,amtrak:299568,299568,amtrak:PVD,PVD,10:37:00,10:40:00,4,0,0,
amtrak,amtrak:299568,299568,amtrak:WLY,WLY,11:10:00,11:11:00,5,0,0,
amtrak,amtrak:299568,299568,amtrak:MYS,MYS,11:20:00,11:21:00,6,0,0,
amtrak,amtrak:299568,299568,amtrak:NLC,NLC,11:34:00,11:36:00,7,0,0,
amtrak,amtrak:299568,299568,amtrak:OSB,OSB,11:57:00,11:59:00,8,0,0,
amtrak,amtrak:299568,299568,amtrak:NHV,NHV,12:31:00,12:33:00,9,0,0,
amtrak,amtrak:299568,299568,amtrak:BRP,BRP,12:54:00,12:56:00,10,0,0,
amtrak,amtrak:299568,299568,amtrak:STM,STM,13:22:00,13:23:00,11,0,0,
amtrak,amtrak:299568,299568,amtrak:NRO,NRO,13:42:00,13:44:00,12,0,0,
amtrak,amtrak:299568,299568,amtrak:NYP,NYP,14:25:00,15:04:00,13,0,0,
amtrak,amtrak:299568,299568,amtrak:NWK,NWK,15:20:00,15:21:00,14,0,0,
amtrak,amtrak:299568,299568,amtrak:EWR,EWR,15:25:00,15:26:00,15,0,0,
amtrak,amtrak:299568,299568,amtrak:MET,MET,15:40:00,15:41:00,16,0,0,
amtrak,amtrak:299568,299568,amtrak:PHL,PHL,16:31:00,16:36:00,17,0,0,
amtrak,amtrak:299568,299568,amtrak:WIL,WIL,16:55:00,16:57:00,18,0,0,
amtrak,amtrak:299568,299568,amtrak:BAL,BAL,17:44:00,17:46:00,19,0,0,
amtrak,amtrak:299568,299568,amtrak:BWI,BWI,17:57:00,17:58:00,20,0,0,
amtrak,amtrak:299568,299568,amtrak:NCR,NCR,18:15:00,18:16:00,21,0,0,
amtrak,amtrak:299568,299568,amtrak:WAS,WAS,18:30:00,19:00:00,22,0,0,
amtrak,amtrak:299568,299568,amtrak:ALX,ALX,19:14:00,19:17:00,23,0,0,
amtrak,amtrak:299568,299568,amtrak:WDB,WDB,19:34:00,19:35:00,24,0,0,
amtrak,amtrak:299568,299568,amtrak:QAN,QAN,19:45:00,19:47:00,25,0,0,
amtrak,amtrak:299568,299568,amtrak:FBG,FBG,20:09:00,20:12:00,26,0,0,
amtrak,amtrak:299568,299568,amtrak:ASD,ASD,20:53:00,20:54:00,27,0,0,
amtrak,amtrak:299568,299568,amtrak:RVR,RVR,21:15:00,21:22:00,28,0,0,
amtrak,amtrak:299568,299568,amtrak:PTB,PTB,21:56:00,21:58:00,29,0,0,
amtrak,amtrak:299568,299568,amtrak:NFK,NFK,23:38:00,23:38:00,30,0,0,
amtrak,amtrak:299571,299571,amtrak:BOS,BOS,9:58:00,9:58:00,1,0,0,
amtrak,amtrak:299571,299571,amtrak:BBY,BBY,10:02:00,10:04:00,2,0,0,
amtrak,amtrak:299571,299571,amtrak:RTE,RTE,10:13:00,10:15:00,3,0,0,
amtrak,amtrak:299571,299571,amtrak:PVD,PVD,10:37:00,10:40:00,4,0,0,
amtrak,amtrak:299571,299571,amtrak:WLY,WLY,11:10:00,11:11:00,5,0,0,
amtrak,amtrak:299571,299571,amtrak:MYS,MYS,11:20:00,11:21:00,6,0,0,
amtrak,amtrak:299571,299571,amtrak:NLC,NLC,11:34:00,11:36:00,7,0,0,
amtrak,amtrak:299571,299571,amtrak:OSB,OSB,11:57:00,11:59:00,8,0,0,
amtrak,amtrak:299571,299571,amtrak:NHV,NHV,12:31:00,12:33:00,9,0,0,
amtrak,amtrak:299571,299571,amtrak:BRP,BRP,12:54:00,12:56:00,10,0,0,
amtrak,amtrak:299571,299571,amtrak:STM,STM,13:22:00,13:23:00,11,0,0,
amtrak,amtrak:299571,299571,amtrak:NRO,NRO,13:42:00,13:44:00,12,0,0,
amtrak,amtrak:299571,299571,amtrak:NYP,NYP,14:25:00,15:04:00,13,0,0,
amtrak,amtrak:299571,299571,amtrak:NWK,NWK,15:20:00,15:21:00,14,0,0,
amtrak,amtrak:299571,299571,amtrak:EWR,EWR,15:25:00,15:26:00,15,0,0,
amtrak,amtrak:299571,299571,amtrak:MET,MET,15:40:00,15:41:00,16,0,0,
amtrak,amtrak:299571,299571,amtrak:PHL,PHL,16:31:00,16:36:00,17,0,0,
amtrak,amtrak:299571,299571,amtrak:WIL,WIL,16:55:00,16:57:00,18,0,0,
amtrak,amtrak:299571,299571,amtrak:BAL,BAL,17:44:00,17:46:00,19,0,0,
amtrak,amtrak:299571,299571,amtrak:BWI,BWI,17:57:00,17:58:00,20,0,0,
amtrak,amtrak:299571,299571,amtrak:NCR,NCR,18:15:00,18:16:00,21,0,0,
amtrak,amtrak:299571,299571,amtrak:WAS,WAS,18:30:00,19:00:00,22,0,0,
amtrak,amtrak:299571,299571,amtrak:ALX,ALX,19:14:00,19:17:00,23,0,0,
amtrak,amtrak:299571,299571,amtrak:WDB,WDB,19:34:00,19:35:00,24,0,0,
amtrak,amtrak:299571,299571,amtrak:QAN,QAN,19:45:00,19:47:00,25,0,0,
amtrak,amtrak:299571,299571,amtrak:FBG,FBG,20:09:00,20:12:00,26,0,0,
amtrak,amtrak:299571,299571,amtrak:ASD,ASD,20:53:00,20:54:00,27,0,0,
amtrak,amtrak:299571,299571,amtrak:RVR,RVR,21:15:00,21:22:00,28,0,0,
amtrak,amtrak:299571,299571,amtrak:PTB,PTB,21:56:00,21:58:00,29,0,0,
amtrak,amtrak:299571,299571,amtrak:NFK,NFK,23:38:00,23:38:00,30,0,0,
amtrak,amtrak:299572,299572,amtrak:BOS,BOS,9:58:00,9:58:00,1,0,0,
amtrak,amtrak:299572,299572,amtrak:BBY,BBY,10:02:00,10:04:00,2,0,0,
amtrak,amtrak:299572,299572,amtrak:RTE,RTE,10:13:00,10:15:00,3,0,0,
amtrak,amtrak:299572,299572,amtrak:PVD,PVD,10:37:00,10:48:00,4,0,0,
amtrak,amtrak:299572,299572,amtrak:WLY,WLY,11:18:00,11:19:00,5,0,0,
amtrak,amtrak:299572,299572,amtrak:MYS,MYS,11:28:00,11:29:00,6,0,0,
amtrak,amtrak:299572,299572,amtrak:NLC,NLC,11:42:00,11:44:00,7,0,0,
amtrak,amtrak:299572,299572,amtrak:OSB,OSB,12:02:00,12:03:00,8,0,0,
amtrak,amtrak:299572,299572,amtrak:NHV,NHV,12:34:00,12:36:00,9,0,0,
amtrak,amtrak:299572,299572,amtrak:BRP,BRP,12:57:00,12:59:00,10,0,0,
amtrak,amtrak:299572,299572,amtrak:STM,STM,13:25:00,13:26:00,11,0,0,
amtrak,amtrak:299572,299572,amtrak:NRO,NRO,13:45:00,13:47:00,12,0,0,
amtrak,amtrak:299572,299572,amtrak:NYP,NYP,14:28:00,15:04:00,13,0,0,
amtrak,amtrak:299572,299572,amtrak:NWK,NWK,15:20:00,15:21:00,14,0,0,
amtrak,amtrak:299572,299572,amtrak:EWR,EWR,15:25:00,15:26:00,15,0,0,
amtrak,amtrak:299572,299572,amtrak:MET,MET,15:40:00,15:41:00,16,0,0,
amtrak,amtrak:299572,299572,amtrak:PHL,PHL,16:31:00,16:34:00,17,0,0,
amtrak,amtrak:299572,299572,amtrak:WIL,WIL,16:53:00,16:55:00,18,0,0,
amtrak,amtrak:299572,299572,amtrak:BAL,BAL,17:48:00,17:50:00,19,0,0,
amtrak,amtrak:299572,299572,amtrak:BWI,BWI,18:01:00,18:02:00,20,0,0,
amtrak,amtrak:299572,299572,amtrak:NCR,NCR,18:18:00,18:19:00,21,0,0,
amtrak,amtrak:299572,299572,amtrak:WAS,WAS,18:34:00,19:12:00,22,0,0,
amtrak,amtrak:299572,299572,amtrak:ALX,ALX,19:26:00,19:29:00,23,0,0,
amtrak,amtrak:299572,299572,amtrak:WDB,WDB,19:46:00,19:47:00,24,0,0,
amtrak,amtrak:299572,299572,amtrak:QAN,QAN,19:57:00,19:59:00,25,0,0,
amtrak,amtrak:299572,299572,amtrak:FBG,FBG,20:21:00,20:24:00,26,0,0,
amtrak,amtrak:299572,299572,amtrak:ASD,ASD,21:05:00,21:06:00,27,0,0,
amtrak,amtrak:299572,299572,amtrak:RVR,RVR,21:27:00,21:34:00,28,0,0,
amtrak,amtrak:299572,299572,amtrak:PTB,PTB,22:08:00,22:10:00,29,0,0,
amtrak,amtrak:299572,299572,amtrak:NFK,NFK,23:55:00,23:55:00,30,0,0,
amtrak,amtrak:299573,299573,amtrak:BOS,BOS,9:58:00,9:58:00,1,0,0,
amtrak,amtrak:299573,299573,amtrak:BBY,BBY,10:02:00,10:04:00,2,0,0,
amtrak,amtrak:299573,299573,amtrak:RTE,RTE,10:13:00,10:15:00,3,0,0,
amtrak,amtrak:299573,299573,amtrak:PVD,PVD,10:37:00,10:48:00,4,0,0,
amtrak,amtrak:299573,299573,amtrak:WLY,WLY,11:18:00,11:19:00,5,0,0,
amtrak,amtrak:299573,299573,amtrak:MYS,MYS,11:28:00,11:29:00,6,0,0,
amtrak,amtrak:299573,299573,amtrak:NLC,NLC,11:42:00,11:44:00,7,0,0,
amtrak,amtrak:299573,299573,amtrak:OSB,OSB,12:02:00,12:03:00,8,0,0,
amtrak,amtrak:299573,299573,amtrak:NHV,NHV,12:34:00,12:36:00,9,0,0,
amtrak,amtrak:299573,299573,amtrak:BRP,BRP,12:57:00,12:59:00,10,0,0,
amtrak,amtrak:299573,299573,amtrak:STM,STM,13:25:00,13:26:00,11,0,0,
amtrak,amtrak:299573,299573,amtrak:NRO,NRO,13:45:00,13:47:00,12,0,0,
amtrak,amtrak:299573,299573,amtrak:NYP,NYP,14:28:00,15:04:00,13,0,0,
amtrak,amtrak:299573,299573,amtrak:NWK,NWK,15:20:00,15:21:00,14,0,0,
amtrak,amtrak:299573,299573,amtrak:EWR,EWR,15:25:00,15:26:00,15,0,0,
amtrak,amtrak:299573,299573,amtrak:MET,MET,15:40:00,15:41:00,16,0,0,
amtrak,amtrak:299573,299573,amtrak:PHL,PHL,16:31:00,16:34:00,17,0,0,
amtrak,amtrak:299573,299573,amtrak:WIL,WIL,16:53:00,16:55:00,18,0,0,
amtrak,amtrak:299573,299573,amtrak:BAL,BAL,17:48:00,17:50:00,19,0,0,
amtrak,amtrak:299573,299573,amtrak:BWI,BWI,18:01:00,18:02:00,20,0,0,
amtrak,amtrak:299573,299573,amtrak:NCR,NCR,18:18:00,18:19:00,21,0,0,
amtrak,amtrak:299573,299573,amtrak:WAS,WAS,18:34:00,19:12:00,22,0,0,
amtrak,amtrak:299574,299574,amtrak:BOS,BOS,9:58:00,9:58:00,1,0,0,
amtrak,amtrak:299574,299574,amtrak:BBY,BBY,10:02:00,10:04:00,2,0,0,
amtrak,amtrak:299574,299574,amtrak:RTE,RTE,10:13:00,10:15:00,3,0,0,
amtrak,amtrak:299574,299574,amtrak:PVD,PVD,10:37:00,10:48:00,4,0,0,
amtrak,amtrak:299574,299574,amtrak:WLY,WLY,11:18:00,11:19:00,5,0,0,
amtrak,amtrak:299574,299574,amtrak:MYS,MYS,11:28:00,11:29:00,6,0,0,
amtrak,amtrak:299574,299574,amtrak:NLC,NLC,11:42:00,11:44:00,7,0,0,
amtrak,amtrak:299574,299574,amtrak:OSB,OSB,12:02:00,12:03:00,8,0,0,
amtrak,amtrak:299574,299574,amtrak:NHV,NHV,12:34:00,12:36:00,9,0,0,
amtrak,amtrak:299574,299574,amtrak:BRP,BRP,12:57:00,12:59:00,10,0,0,
amtrak,amtrak:299574,299574,amtrak:STM,STM,13:25:00,13:26:00,11,0,0,
amtrak,amtrak:299574,299574,amtrak:NRO,NRO,13:45:00,13:47:00,12,0,0,
amtrak,amtrak:299574,299574,amtrak:NYP,NYP,14:28:00,15:04:00,13,0,0,
amtrak,amtrak:299574,299574,amtrak:NWK,NWK,15:20:00,15:21:00,14,0,0,
amtrak,amtrak:299574,299574,amtrak:EWR,EWR,15:25:00,15:26:00,15,0,0,
amtrak,amtrak:299574,299574,amtrak:MET,MET,15:40:00,15:41:00,16,0,0,
amtrak,amtrak:299574,299574,amtrak:PHL,PHL,16:31:00,16:34:00,17,0,0,
amtrak,amtrak:299574,299574,amtrak:WIL,WIL,16:53:00,16:55:00,18,0,0,
amtrak,amtrak:299574,299574,amtrak:BAL,BAL,17:48:00,17:50:00,19,0,0,
amtrak,amtrak:299574,299574,amtrak:BWI,BWI,18:01:00,18:02:00,20,0,0,
amtrak,amtrak:299574,299574,amtrak:NCR,NCR,18:18:00,18:19:00,21,0,0,
amtrak,amtrak:299574,299574,amtrak:WAS,WAS,18:34:00,19:12:00,22,0,0,
amtrak,amtrak:299574,299574,amtrak:ALX,ALX,19:26:00,19:29:00,23,0,0,
amtrak,amtrak:299574,299574,amtrak:WDB,WDB,19:46:00,19:47:00,24,0,0,
amtrak,amtrak:299574,299574,amtrak:QAN,QAN,19:57:00,19:59:00,25,0,0,
amtrak,amtrak:299574,299574,amtrak:FBG,FBG,20:21:00,20:24:00,26,0,0,
amtrak,amtrak:299574,299574,amtrak:ASD,ASD,21:05:00,21:06:00,27,0,0,
amtrak,amtrak:299574,299574,amtrak:RVR,RVR,21:27:00,21:34:00,28,0,0,
amtrak,amtrak:299574,299574,amtrak:PTB,PTB,22:08:00,22:10:00,29,0,0,
amtrak,amtrak:299574,299574,amtrak:NFK,NFK,23:55:00,23:55:00,30,0,0,
amtrak,amtrak:299575,299575,amtrak:BOS,BOS,9:58:00,9:58:00,1,0,0,
amtrak,amtrak:299575,299575,amtrak:BBY,BBY,10:02:00,10:04:00,2,0,0,
amtrak,amtrak:299575,299575,amtrak:RTE,RTE,10:13:00,10:15:00,3,0,0,
amtrak,amtrak:299575,299575,amtrak:PVD,PVD,10:37:00,10:40:00,4,0,0,
amtrak,amtrak:299575,299575,amtrak:WLY,WLY,11:10:00,11:11:00,5,0,0,
amtrak,amtrak:299575,299575,amtrak:MYS,MYS,11:20:00,11:21:00,6,0,0,
amtrak,amtrak:299575,299575,amtrak:NLC,NLC,11:34:00,11:36:00,7,0,0,
amtrak,amtrak:299575,299575,amtrak:OSB,OSB,11:57:00,11:59:00,8,0,0,
amtrak,amtrak:299575,299575,amtrak:NHV,NHV,12:31:00,12:33:00,9,0,0,
amtrak,amtrak:299575,299575,amtrak:BRP,BRP,12:54:00,12:56:00,10,0,0,
amtrak,amtrak:299575,299575,amtrak:STM,STM,13:22:00,13:23:00,11,0,0,
amtrak,amtrak:299575,299575,amtrak:NRO,NRO,13:42:00,13:44:00,12,0,0,
amtrak,amtrak:299575,299575,amtrak:NYP,NYP,14:25:00,15:04:00,13,0,0,
amtrak,amtrak:299575,299575,amtrak:NWK,NWK,15:20:00,15:21:00,14,0,0,
amtrak,amtrak:299575,299575,amtrak:EWR,EWR,15:25:00,15:26:00,15,0,0,
amtrak,amtrak:299575,299575,amtrak:MET,MET,15:40:00,15:41:00,16,0,0,
amtrak,amtrak:299575,299575,amtrak:PHL,PHL,16:31:00,16:36:00,17,0,0,
amtrak,amtrak:299575,299575,amtrak:WIL,WIL,16:55:00,16:57:00,18,0,0,
amtrak,amtrak:299575,299575,amtrak:BAL,BAL,17:44:00,17:46:00,19,0,0,
amtrak,amtrak:299575,299575,amtrak:BWI,BWI,17:57:00,17:58:00,20,0,0,
amtrak,amtrak:299575,299575,amtrak:NCR,NCR,18:15:00,18:16:00,21,0,0,
amtrak,amtrak:299575,299575,amtrak:WAS,WAS,18:30:00,19:00:00,22,0,0,
amtrak,amtrak:299575,299575,amtrak:ALX,ALX,19:14:00,19:17:00,23,0,0,
amtrak,amtrak:299575,299575,amtrak:WDB,WDB,19:34:00,19:35:00,24,0,0,
amtrak,amtrak:299575,299575,amtrak:QAN,QAN,19:45:00,19:47:00,25,0,0,
amtrak,amtrak:299575,299575,amtrak:FBG,FBG,20:09:00,20:12:00,26,0,0,
amtrak,amtrak:299575,299575,amtrak:ASD,ASD,20:53:00,20:54:00,27,0,0,
amtrak,amtrak:299575,299575,amtrak:RVR,RVR,21:15:00,21:22:00,28,0,0,
amtrak,amtrak:299575,299575,amtrak:PTB,PTB,21:56:00,21:58:00,29,0,0,
amtrak,amtrak:299575,299575,amtrak:NFK,NFK,23:38:00,23:38:00,30,0,0,
amtrak,amtrak:299576,299576,amtrak:BOS,BOS,9:58:00,9:58:00,1,0,0,
amtrak,amtrak:299576,299576,amtrak:BBY,BBY,10:02:00,10:04:00,2,0,0,
amtrak,amtrak:299576,299576,amtrak:RTE,RTE,10:13:00,10:15:00,3,0,0,
amtrak,amtrak:299576,299576,amtrak:PVD,PVD,10:37:00,10:40:00,4,0,0,
amtrak,amtrak:299576,299576,amtrak:WLY,WLY,11:10:00,11:11:00,5,0,0,
amtrak,amtrak:299576,299576,amtrak:MYS,MYS,11:20:00,11:21:00,6,0,0,
amtrak,amtrak:299576,299576,amtrak:NLC,NLC,11:34:00,11:36:00,7,0,0,
amtrak,amtrak:299576,299576,amtrak:OSB,OSB,11:57:00,11:59:00,8,0,0,
amtrak,amtrak:299576,299576,amtrak:NHV,NHV,12:31:00,12:33:00,9,0,0,
amtrak,amtrak:299576,299576,amtrak:BRP,BRP,12:54:00,12:56:00,10,0,0,
amtrak,amtrak:299576,299576,amtrak:STM,STM,13:22:00,13:23:00,11,0,0,
amtrak,amtrak:299576,299576,amtrak:NRO,NRO,13:42:00,13:44:00,12,0,0,
amtrak,amtrak:299576,299576,amtrak:NYP,NYP,14:25:00,15:04:00,13,0,0,
amtrak,amtrak:299576,299576,amtrak:NWK,NWK,15:20:00,15:21:00,14,0,0,
amtrak,amtrak:299576,299576,amtrak:EWR,EWR,15:25:00,15:26:00,15,0,0,
amtrak,amtrak:299576,299576,amtrak:MET,MET,15:40:00,15:41:00,16,0,0,
amtrak,amtrak:299576,299576,amtrak:PHL,PHL,16:31:00,16:36:00,17,0,0,
amtrak,amtrak:299576,299576,amtrak:WIL,WIL,16:55:00,16:57:00,18,0,0,
amtrak,amtrak:299576,299576,amtrak:BAL,BAL,17:44:00,17:46:00,19,0,0,
amtrak,amtrak:299576,299576,amtrak:BWI,BWI,17:57:00,17:58:00,20,0,0,
amtrak,amtrak:299576,299576,amtrak:NCR,NCR,18:15:00,18:16:00,21,0,0,
amtrak,amtrak:299576,299576,amtrak:WAS,WAS,18:30:00,19:00:00,22,0,0,
amtrak,amtrak:299576,299576,amtrak:ALX,ALX,19:14:00,19:17:00,23,0,0,
amtrak,amtrak:299576,299576,amtrak:WDB,WDB,19:34:00,19:35:00,24,0,0,
amtrak,amtrak:299576,299576,amtrak:QAN,QAN,19:45:00,19:47:00,25,0,0,
amtrak,amtrak:299576,299576,amtrak:FBG,FBG,20:09:00,20:12:00,26,0,0,
amtrak,amtrak:299576,299576,amtrak:ASD,ASD,20:53:00,20:54:00,27,0,0,
amtrak,amtrak:299576,299576,amtrak:RVR,RVR,21:15:00,21:22:00,28,0,0,
amtrak,amtrak:299576,299576,amtrak:PTB,PTB,21:56:00,21:58:00,29,0,0,
amtrak,amtrak:299576,299576,amtrak:NFK,NFK,23:38:00,23:38:00,30,0,0,
amtrak,amtrak:299577,299577,amtrak:BOS,BOS,9:58:00,9:58:00,1,0,0,
amtrak,amtrak:299577,299577,amtrak:BBY,BBY,10:02:00,10:04:00,2,0,0,
amtrak,amtrak:299577,299577,amtrak:RTE,RTE,10:13:00,10:15:00,3,0,0,
amtrak,amtrak:299577,299577,amtrak:PVD,PVD,10:37:00,10:40:00,4,0,0,
amtrak,amtrak:299577,299577,amtrak:WLY,WLY,11:10:00,11:11:00,5,0,0,
amtrak,amtrak:299577,299577,amtrak:MYS,MYS,11:20:00,11:21:00,6,0,0,
amtrak,amtrak:299577,299577,amtrak:NLC,NLC,11:34:00,11:36:00,7,0,0,
amtrak,amtrak:299577,299577,amtrak:OSB,OSB,11:57:00,11:59:00,8,0,0,
amtrak,amtrak:299577,299577,amtrak:NHV,NHV,12:31:00,12:33:00,9,0,0,
amtrak,amtrak:299577,299577,amtrak:BRP,BRP,12:54:00,12:56:00,10,0,0,
amtrak,amtrak:299577,299577,amtrak:STM,STM,13:22:00,13:23:00,11,0,0,
amtrak,amtrak:299577,299577,amtrak:NRO,NRO,13:42:00,13:44:00,12,0,0,
amtrak,amtrak:299577,299577,amtrak:NYP,NYP,14:25:00,15:04:00,13,0,0,
amtrak,amtrak:299577,299577,amtrak:NWK,NWK,15:20:00,15:21:00,14,0,0,
amtrak,amtrak:299577,299577,amtrak:EWR,EWR,15:25:00,15:26:00,15,0,0,
amtrak,amtrak:299577,299577,amtrak:MET,MET,15:40:00,15:41:00,16,0,0,
amtrak,amtrak:299577,299577,amtrak:PHL,PHL,16:31:00,16:36:00,17,0,0,
amtrak,amtrak:299577,299577,amtrak:WIL,WIL,16:55:00,16:57:00,18,0,0,
amtrak,amtrak:299577,299577,amtrak:BAL,BAL,17:44:00,17:46:00,19,0,0,
amtrak,amtrak:299577,299577,amtrak:BWI,BWI,17:57:00,17:58:00,20,0,0,
amtrak,amtrak:299577,299577,amtrak:NCR,NCR,18:15:00,18:16:00,21,0,0,
amtrak,amtrak:299577,299577,amtrak:WAS,WAS,18:30:00,19:00:00,22,0,0,
amtrak,amtrak:299577,299577,amtrak:ALX,ALX,19:14:00,19:17:00,23,0,0,
amtrak,amtrak:299577,299577,amtrak:WDB,WDB,19:34:00,19:35:00,24,0,0,
amtrak,amtrak:299577,299577,amtrak:QAN,QAN,19:45:00,19:47:00,25,0,0,
amtrak,amtrak:299577,299577,amtrak:FBG,FBG,20:09:00,20:12:00,26,0,0,
amtrak,amtrak:299577,299577,amtrak:ASD,ASD,20:53:00,20:54:00,27,0,0,
amtrak,amtrak:299577,299577,amtrak:RVR,RVR,21:15:00,21:22:00,28,0,0,
amtrak,amtrak:299577,299577,amtrak:PTB,PTB,21:56:00,21:58:00,29,0,0,
amtrak,amtrak:299577,299577,amtrak:NFK,NFK,23:38:00,23:38:00,30,0,0,
amtrak,amtrak:299578,299578,amtrak:BOS,BOS,9:58:00,9:58:00,1,0,0,
amtrak,amtrak:299578,299578,amtrak:BBY,BBY,10:02:00,10:04:00,2,0,0,
amtrak,amtrak:299578,299578,amtrak:RTE,RTE,10:13:00,10:15:00,3,0,0,
amtrak,amtrak:299578,299578,amtrak:PVD,PVD,10:37:00,10:40:00,4,0,0,
amtrak,amtrak:299578,299578,amtrak:WLY,WLY,11:10:00,11:11:00,5,0,0,
amtrak,amtrak:299578,299578,amtrak:MYS,MYS,11:20:00,11:21:00,6,0,0,
amtrak,amtrak:299578,299578,amtrak:NLC,NLC,11:34:00,11:36:00,7,0,0,
amtrak,amtrak:299578,299578,amtrak:OSB,OSB,11:57:00,11:59:00,8,0,0,
amtrak,amtrak:299578,299578,amtrak:NHV,NHV,12:31:00,12:33:00,9,0,0,
amtrak,amtrak:299578,299578,amtrak:BRP,BRP,12:54:00,12:56:00,10,0,0,
amtrak,amtrak:299578,299578,amtrak:STM,STM,13:22:00,13:23:00,11,0,0,
amtrak,amtrak:299578,299578,amtrak:NRO,NRO,13:42:00,13:44:00,12,0,0,
amtrak,amtrak:299578,299578,amtrak:NYP,NYP,14:25:00,15:04:00,13,0,0,
amtrak,amtrak:299578,299578,amtrak:NWK,NWK,15:20:00,15:21:00,14,0,0,
amtrak,amtrak:299578,299578,amtrak:EWR,EWR,15:25:00,15:26:00,15,0,0,
amtrak,amtrak:299578,299578,amtrak:MET,MET,15:40:00,15:41:00,16,0,0,
amtrak,amtrak:299578,299578,amtrak:PHL,PHL,16:31:00,16:36:00,17,0,0,
amtrak,amtrak:299578,299578,amtrak:WIL,WIL,16:55:00,16:57:00,18,0,0,
amtrak,amtrak:299578,299578,amtrak:BAL,BAL,17:44:00,17:46:00,19,0,0,
amtrak,amtrak:299578,299578,amtrak:BWI,BWI,17:57:00,17:58:00,20,0,0,
amtrak,amtrak:299578,299578,amtrak:NCR,NCR,18:15:00,18:16:00,21,0,0,
amtrak,amtrak:299578,299578,amtrak:WAS,WAS,18:30:00,19:00:00,22,0,0,
amtrak,amtrak:299578,299578,amtrak:ALX,ALX,19:14:00,19:17:00,23,0,0,
amtrak,amtrak:299578,299578,amtrak:WDB,WDB,19:34:00,19:35:00,24,0,0,
amtrak,amtrak:299578,299578,amtrak:QAN,QAN,19:45:00,19:47:00,25,0,0,
amtrak,amtrak:299578,299578,amtrak:FBG,FBG,20:09:00,20:12:00,26,0,0,
amtrak,amtrak:299578,299578,amtrak:ASD,ASD,20:53:00,20:54:00,27,0,0,
amtrak,amtrak:299578,299578,amtrak:RVR,RVR,21:15:00,21:22:00,28,0,0,
amtrak,amtrak:299578,299578,amtrak:PTB,PTB,21:56:00,21:58:00,29,0,0,
amtrak,amtrak:299578,299578,amtrak:NFK,NFK,23:38:00,23:38:00,30,0,0,
amtrak,amtrak:299591,299591,amtrak:BOS,BOS,8:40:00,8:40:00,1,0,0,
amtrak,amtrak:299591,299591,amtrak:BBY,BBY,8:44:00,8:45:00,2,0,0,
amtrak,amtrak:299591,299591,amtrak:RTE,RTE,8:54:00,8:55:00,3,0,0,
amtrak,amtrak:299591,299591,amtrak:PVD,PVD,9:17:00,9:19:00,4,0,0,
amtrak,amtrak:299591,299591,amtrak:KIN,KIN,9:39:00,9:40:00,5,0,0,
amtrak,amtrak:299591,299591,amtrak:WLY,WLY,9:53:00,9:53:00,6,0,0,
amtrak,amtrak:299591,299591,amtrak:MYS,MYS,10:03:00,10:04:00,7,0,0,
amtrak,amtrak:299591,299591,amtrak:NLC,NLC,10:16:00,10:17:00,8,0,0,
amtrak,amtrak:299591,299591,amtrak:NHV,NHV,11:03:00,11:05:00,9,0,0,
amtrak,amtrak:299591,299591,amtrak:BRP,BRP,11:26:00,11:27:00,10,0,0,
amtrak,amtrak:299591,299591,amtrak:STM,STM,11:53:00,11:55:00,11,0,0,
amtrak,amtrak:299591,299591,amtrak:NRO,NRO,12:15:00,12:16:00,12,0,0,
amtrak,amtrak:299591,299591,amtrak:NYP,NYP,12:56:00,13:17:00,13,0,0,
amtrak,amtrak:299591,299591,amtrak:NWK,NWK,13:33:00,13:35:00,14,0,0,
amtrak,amtrak:299591,299591,amtrak:MET,MET,13:48:00,13:49:00,15,0,0,
amtrak,amtrak:299591,299591,amtrak:PHL,PHL,14:41:00,14:45:00,16,0,0,
amtrak,amtrak:299591,299591,amtrak:WIL,WIL,15:04:00,15:06:00,17,0,0,
amtrak,amtrak:299591,299591,amtrak:BAL,BAL,15:54:00,15:56:00,18,0,0,
amtrak,amtrak:299591,299591,amtrak:BWI,BWI,16:07:00,16:09:00,19,0,0,
amtrak,amtrak:299591,299591,amtrak:WAS,WAS,16:41:00,17:10:00,20,0,0,
amtrak,amtrak:299591,299591,amtrak:ALX,ALX,17:25:00,17:30:00,21,0,0,
amtrak,amtrak:299591,299591,amtrak:QAN,QAN,18:02:00,18:03:00,22,0,0,
amtrak,amtrak:299591,299591,amtrak:FBG,FBG,18:24:00,18:27:00,23,0,0,
amtrak,amtrak:299591,299591,amtrak:ASD,ASD,19:08:00,19:09:00,24,0,0,
amtrak,amtrak:299591,299591,amtrak:RVR,RVR,19:27:00,19:32:00,25,0,0,
amtrak,amtrak:299591,299591,amtrak:RVM,RVM,19:56:00,19:59:00,26,0,0,
amtrak,amtrak:299591,299591,amtrak:WBG,WBG,20:49:00,20:49:00,27,0,0,
amtrak,amtrak:299591,299591,amtrak:NPN,NPN,21:19:00,21:19:00,28,0,0,
amtrak,amtrak:299592,299592,amtrak:BOS,BOS,8:40:00,8:40:00,1,0,0,
amtrak,amtrak:299592,299592,amtrak:BBY,BBY,8:44:00,8:45:00,2,0,0,
amtrak,amtrak:299592,299592,amtrak:RTE,RTE,8:54:00,8:55:00,3,0,0,
amtrak,amtrak:299592,299592,amtrak:PVD,PVD,9:17:00,9:19:00,4,0,0,
amtrak,amtrak:299592,299592,amtrak:KIN,KIN,9:39:00,9:40:00,5,0,0,
amtrak,amtrak:299592,299592,amtrak:WLY,WLY,9:53:00,9:53:00,6,0,0,
amtrak,amtrak:299592,299592,amtrak:MYS,MYS,10:03:00,10:04:00,7,0,0,
amtrak,amtrak:299592,299592,amtrak:NLC,NLC,10:16:00,10:17:00,8,0,0,
amtrak,amtrak:299592,299592,amtrak:NHV,NHV,11:03:00,11:05:00,9,0,0,
amtrak,amtrak:299592,299592,amtrak:BRP,BRP,11:26:00,11:27:00,10,0,0,
amtrak,amtrak:299592,299592,amtrak:STM,STM,11:53:00,11:55:00,11,0,0,
amtrak,amtrak:299592,299592,amtrak:NRO,NRO,12:15:00,12:16:00,12,0,0,
amtrak,amtrak:299592,299592,amtrak:NYP,NYP,12:56:00,13:17:00,13,0,0,
amtrak,amtrak:299592,299592,amtrak:NWK,NWK,13:33:00,13:35:00,14,0,0,
amtrak,amtrak:299592,299592,amtrak:MET,MET,13:48:00,13:49:00,15,0,0,
amtrak,amtrak:299592,299592,amtrak:PHL,PHL,14:41:00,14:45:00,16,0,0,
amtrak,amtrak:299592,299592,amtrak:WIL,WIL,15:04:00,15:06:00,17,0,0,
amtrak,amtrak:299592,299592,amtrak:BAL,BAL,15:54:00,15:56:00,18,0,0,
amtrak,amtrak:299592,299592,amtrak:BWI,BWI,16:07:00,16:09:00,19,0,0,
amtrak,amtrak:299592,299592,amtrak:WAS,WAS,16:41:00,17:10:00,20,0,0,
amtrak,amtrak:299592,299592,amtrak:ALX,ALX,17:25:00,17:30:00,21,0,0,
amtrak,amtrak:299592,299592,amtrak:QAN,QAN,18:02:00,18:03:00,22,0,0,
amtrak,amtrak:299592,299592,amtrak:FBG,FBG,18:24:00,18:27:00,23,0,0,
amtrak,amtrak:299592,299592,amtrak:ASD,ASD,19:08:00,19:09:00,24,0,0,
amtrak,amtrak:299592,299592,amtrak:RVR,RVR,19:27:00,19:32:00,25,0,0,
amtrak,amtrak:299592,299592,amtrak:RVM,RVM,19:56:00,19:59:00,26,0,0,
amtrak,amtrak:299592,299592,amtrak:WBG,WBG,20:49:00,20:49:00,27,0,0,
amtrak,amtrak:299592,299592,amtrak:NPN,NPN,21:19:00,21:19:00,28,0,0,
amtrak,amtrak:299595,299595,amtrak:BOS,BOS,8:40:00,8:40:00,1,0,0,
amtrak,amtrak:299595,299595,amtrak:BBY,BBY,8:44:00,8:45:00,2,0,0,
amtrak,amtrak:299595,299595,amtrak:RTE,RTE,8:54:00,8:55:00,3,0,0,
amtrak,amtrak:299595,299595,amtrak:PVD,PVD,9:17:00,9:19:00,4,0,0,
amtrak,amtrak:299595,299595,amtrak:KIN,KIN,9:39:00,9:40:00,5,0,0,
amtrak,amtrak:299595,299595,amtrak:WLY,WLY,9:53:00,9:53:00,6,0,0,
amtrak,amtrak:299595,299595,amtrak:MYS,MYS,10:03:00,10:04:00,7,0,0,
amtrak,amtrak:299595,299595,amtrak:NLC,NLC,10:16:00,10:17:00,8,0,0,
amtrak,amtrak:299595,299595,amtrak:NHV,NHV,11:03:00,11:05:00,9,0,0,
amtrak,amtrak:299595,299595,amtrak:BRP,BRP,11:26:00,11:27:00,10,0,0,
amtrak,amtrak:299595,299595,amtrak:STM,STM,11:53:00,11:55:00,11,0,0,
amtrak,amtrak:299595,299595,amtrak:NRO,NRO,12:15:00,12:16:00,12,0,0,
amtrak,amtrak:299595,299595,amtrak:NYP,NYP,12:56:00,13:17:00,13,0,0,
amtrak,amtrak:299595,299595,amtrak:NWK,NWK,13:33:00,13:35:00,14,0,0,
amtrak,amtrak:299595,299595,amtrak:MET,MET,13:48:00,13:49:00,15,0,0,
amtrak,amtrak:299595,299595,amtrak:PHL,PHL,14:41:00,14:45:00,16,0,0,
amtrak,amtrak:299595,299595,amtrak:WIL,WIL,15:04:00,15:06:00,17,0,0,
amtrak,amtrak:299595,299595,amtrak:BAL,BAL,15:54:00,15:56:00,18,0,0,
amtrak,amtrak:299595,299595,amtrak:BWI,BWI,16:07:00,16:09:00,19,0,0,
amtrak,amtrak:299595,299595,amtrak:WAS,WAS,16:41:00,17:10:00,20,0,0,
amtrak,amtrak:299595,299595,amtrak:ALX,ALX,17:25:00,17:28:00,21,0,0,
amtrak,amtrak:299595,299595,amtrak:QAN,QAN,17:53:00,17:54:00,22,0,0,
amtrak,amtrak:299595,299595,amtrak:FBG,FBG,18:15:00,18:18:00,23,0,0,
amtrak,amtrak:299595,299595,amtrak:ASD,ASD,18:59:00,19:00:00,24,0,0,
amtrak,amtrak:299595,299595,amtrak:RVR,RVR,19:18:00,19:23:00,25,0,0,
amtrak,amtrak:299595,299595,amtrak:RVM,RVM,19:47:00,19:50:00,26,0,0,
amtrak,amtrak:299595,299595,amtrak:WBG,WBG,20:40:00,20:43:00,27,0,0,
amtrak,amtrak:299595,299595,amtrak:NPN,NPN,21:10:00,21:10:00,28,0,0,
amtrak,amtrak:299596,299596,amtrak:BOS,BOS,8:40:00,8:40:00,1,0,0,
amtrak,amtrak:299596,299596,amtrak:BBY,BBY,8:44:00,8:45:00,2,0,0,
amtrak,amtrak:299596,299596,amtrak:RTE,RTE,8:54:00,8:55:00,3,0,0,
amtrak,amtrak:299596,299596,amtrak:PVD,PVD,9:17:00,9:19:00,4,0,0,
amtrak,amtrak:299596,299596,amtrak:KIN,KIN,9:39:00,9:40:00,5,0,0,
amtrak,amtrak:299596,299596,amtrak:WLY,WLY,9:53:00,9:53:00,6,0,0,
amtrak,amtrak:299596,299596,amtrak:MYS,MYS,10:03:00,10:04:00,7,0,0,
amtrak,amtrak:299596,299596,amtrak:NLC,NLC,10:16:00,10:17:00,8,0,0,
amtrak,amtrak:299596,299596,amtrak:NHV,NHV,11:03:00,11:05:00,9,0,0,
amtrak,amtrak:299596,299596,amtrak:BRP,BRP,11:26:00,11:27:00,10,0,0,
amtrak,amtrak:299596,299596,amtrak:STM,STM,11:53:00,11:55:00,11,0,0,
amtrak,amtrak:299596,299596,amtrak:NRO,NRO,12:15:00,12:16:00,12,0,0,
amtrak,amtrak:299596,299596,amtrak:NYP,NYP,12:56:00,13:17:00,13,0,0,
amtrak,amtrak:299596,299596,amtrak:NWK,NWK,13:33:00,13:35:00,14,0,0,
amtrak,amtrak:299596,299596,amtrak:MET,MET,13:48:00,13:49:00,15,0,0,
amtrak,amtrak:299596,299596,amtrak:PHL,PHL,14:41:00,14:45:00,16,0,0,
amtrak,amtrak:299596,299596,amtrak:WIL,WIL,15:04:00,15:06:00,17,0,0,
amtrak,amtrak:299596,299596,amtrak:BAL,BAL,16:00:00,16:02:00,18,0,0,
amtrak,amtrak:299596,299596,amtrak:BWI,BWI,16:13:00,16:15:00,19,0,0,
amtrak,amtrak:299596,299596,amtrak:WAS,WAS,16:45:00,17:20:00,20,0,0,
amtrak,amtrak:299596,299596,amtrak:ALX,ALX,17:35:00,17:38:00,21,0,0,
amtrak,amtrak:299596,299596,amtrak:QAN,QAN,18:03:00,18:04:00,22,0,0,
amtrak,amtrak:299596,299596,amtrak:FBG,FBG,18:25:00,18:28:00,23,0,0,
amtrak,amtrak:299596,299596,amtrak:ASD,ASD,19:09:00,19:10:00,24,0,0,
amtrak,amtrak:299596,299596,amtrak:RVR,RVR,19:28:00,19:33:00,25,0,0,
amtrak,amtrak:299596,299596,amtrak:RVM,RVM,19:57:00,20:00:00,26,0,0,
amtrak,amtrak:299596,299596,amtrak:WBG,WBG,20:53:00,20:53:00,27,0,0,
amtrak,amtrak:299596,299596,amtrak:NPN,NPN,21:35:00,21:35:00,28,0,0,
amtrak,amtrak:299597,299597,amtrak:BOS,BOS,8:40:00,8:40:00,1,0,0,
amtrak,amtrak:299597,299597,amtrak:BBY,BBY,8:44:00,8:45:00,2,0,0,
amtrak,amtrak:299597,299597,amtrak:RTE,RTE,8:54:00,8:55:00,3,0,0,
amtrak,amtrak:299597,299597,amtrak:PVD,PVD,9:17:00,9:19:00,4,0,0,
amtrak,amtrak:299597,299597,amtrak:KIN,KIN,9:39:00,9:40:00,5,0,0,
amtrak,amtrak:299597,299597,amtrak:WLY,WLY,9:53:00,9:53:00,6,0,0,
amtrak,amtrak:299597,299597,amtrak:MYS,MYS,10:03:00,10:04:00,7,0,0,
amtrak,amtrak:299597,299597,amtrak:NLC,NLC,10:16:00,10:17:00,8,0,0,
amtrak,amtrak:299597,299597,amtrak:NHV,NHV,11:03:00,11:05:00,9,0,0,
amtrak,amtrak:299597,299597,amtrak:BRP,BRP,11:26:00,11:27:00,10,0,0,
amtrak,amtrak:299597,299597,amtrak:STM,STM,11:53:00,11:55:00,11,0,0,
amtrak,amtrak:299597,299597,amtrak:NRO,NRO,12:15:00,12:16:00,12,0,0,
amtrak,amtrak:299597,299597,amtrak:NYP,NYP,12:56:00,13:17:00,13,0,0,
amtrak,amtrak:299597,299597,amtrak:NWK,NWK,13:33:00,13:35:00,14,0,0,
amtrak,amtrak:299597,299597,amtrak:MET,MET,13:48:00,13:49:00,15,0,0,
amtrak,amtrak:299597,299597,amtrak:PHL,PHL,14:41:00,14:45:00,16,0,0,
amtrak,amtrak:299597,299597,amtrak:WIL,WIL,15:04:00,15:06:00,17,0,0,
amtrak,amtrak:299597,299597,amtrak:BAL,BAL,16:00:00,16:02:00,18,0,0,
amtrak,amtrak:299597,299597,amtrak:BWI,BWI,16:13:00,16:15:00,19,0,0,
amtrak,amtrak:299597,299597,amtrak:WAS,WAS,16:45:00,17:20:00,20,0,0,
amtrak,amtrak:299598,299598,amtrak:BOS,BOS,8:40:00,8:40:00,1,0,0,
amtrak,amtrak:299598,299598,amtrak:BBY,BBY,8:44:00,8:45:00,2,0,0,
amtrak,amtrak:299598,299598,amtrak:RTE,RTE,8:54:00,8:55:00,3,0,0,
amtrak,amtrak:299598,299598,amtrak:PVD,PVD,9:17:00,9:19:00,4,0,0,
amtrak,amtrak:299598,299598,amtrak:KIN,KIN,9:39:00,9:40:00,5,0,0,
amtrak,amtrak:299598,299598,amtrak:WLY,WLY,9:53:00,9:53:00,6,0,0,
amtrak,amtrak:299598,299598,amtrak:MYS,MYS,10:03:00,10:04:00,7,0,0,
amtrak,amtrak:299598,299598,amtrak:NLC,NLC,10:16:00,10:17:00,8,0,0,
amtrak,amtrak:299598,299598,amtrak:NHV,NHV,11:03:00,11:05:00,9,0,0,
amtrak,amtrak:299598,299598,amtrak:BRP,BRP,11:26:00,11:27:00,10,0,0,
amtrak,amtrak:299598,299598,amtrak:STM,STM,11:53:00,11:55:00,11,0,0,
amtrak,amtrak:299598,299598,amtrak:NRO,NRO,12:15:00,12:16:00,12,0,0,
amtrak,amtrak:299598,299598,amtrak:NYP,NYP,12:56:00,13:17:00,13,0,0,
amtrak,amtrak:299598,299598,amtrak:NWK,NWK,13:33:00,13:35:00,14,0,0,
amtrak,amtrak:299598,299598,amtrak:MET,MET,13:48:00,13:49:00,15,0,0,
amtrak,amtrak:299598,299598,amtrak:PHL,PHL,14:41:00,14:45:00,16,0,0,
amtrak,amtrak:299598,299598,amtrak:WIL,WIL,15:04:00,15:06:00,17,0,0,
amtrak,amtrak:299598,299598,amtrak:BAL,BAL,16:00:00,16:02:00,18,0,0,
amtrak,amtrak:299598,299598,amtrak:BWI,BWI,16:13:00,16:15:00,19,0,0,
amtrak,amtrak:299598,299598,amtrak:WAS,WAS,16:45:00,17:20:00,20,0,0,
amtrak,amtrak:299598,299598,amtrak:ALX,ALX,17:35:00,17:38:00,21,0,0,
amtrak,amtrak:299598,299598,amtrak:QAN,QAN,18:03:00,18:04:00,22,0,0,
amtrak,amtrak:299598,299598,amtrak:FBG,FBG,18:25:00,18:28:00,23,0,0,
amtrak,amtrak:299598,299598,amtrak:ASD,ASD,19:09:00,19:10:00,24,0,0,
amtrak,amtrak:299598,299598,amtrak:RVR,RVR,19:28:00,19:33:00,25,0,0,
amtrak,amtrak:299598,299598,amtrak:RVM,RVM,19:57:00,20:00:00,26,0,0,
amtrak,amtrak:299598,299598,amtrak:WBG,WBG,20:53:00,20:53:00,27,0,0,
amtrak,amtrak:299598,299598,amtrak:NPN,NPN,21:35:00,21:35:00,28,0,0,
amtrak,amtrak:299599,299599,amtrak:BOS,BOS,8:40:00,8:40:00,1,0,0,
amtrak,amtrak:299599,299599,amtrak:BBY,BBY,8:44:00,8:45:00,2,0,0,
amtrak,amtrak:299599,299599,amtrak:RTE,RTE,8:54:00,8:55:00,3,0,0,
amtrak,amtrak:299599,299599,amtrak:PVD,PVD,9:17:00,9:19:00,4,0,0,
amtrak,amtrak:299599,299599,amtrak:KIN,KIN,9:39:00,9:40:00,5,0,0,
amtrak,amtrak:299599,299599,amtrak:WLY,WLY,9:53:00,9:53:00,6,0,0,
amtrak,amtrak:299599,299599,amtrak:MYS,MYS,10:03:00,10:04:00,7,0,0,
amtrak,amtrak:299599,299599,amtrak:NLC,NLC,10:16:00,10:17:00,8,0,0,
amtrak,amtrak:299599,299599,amtrak:NHV,NHV,11:03:00,11:05:00,9,0,0,
amtrak,amtrak:299599,299599,amtrak:BRP,BRP,11:26:00,11:27:00,10,0,0,
amtrak,amtrak:299599,299599,amtrak:STM,STM,11:53:00,11:55:00,11,0,0,
amtrak,amtrak:299599,299599,amtrak:NRO,NRO,12:15:00,12:16:00,12,0,0,
amtrak,amtrak:299599,299599,amtrak:NYP,NYP,12:56:00,13:17:00,13,0,0,
amtrak,amtrak:299599,299599,amtrak:NWK,NWK,13:33:00,13:35:00,14,0,0,
amtrak,amtrak:299599,299599,amtrak:MET,MET,13:48:00,13:49:00,15,0,0,
amtrak,amtrak:299599,299599,amtrak:PHL,PHL,14:41:00,14:45:00,16,0,0,
amtrak,amtrak:299599,299599,amtrak:WIL,WIL,15:04:00,15:06:00,17,0,0,
amtrak,amtrak:299599,299599,amtrak:BAL,BAL,15:54:00,15:56:00,18,0,0,
amtrak,amtrak:299599,299599,amtrak:BWI,BWI,16:07:00,16:09:00,19,0,0,
amtrak,amtrak:299599,299599,amtrak:WAS,WAS,16:41:00,17:10:00,20,0,0,
amtrak,amtrak:299599,299599,amtrak:ALX,ALX,17:25:00,17:28:00,21,0,0,
amtrak,amtrak:299599,299599,amtrak:QAN,QAN,17:53:00,17:54:00,22,0,0,
amtrak,amtrak:299599,299599,amtrak:FBG,FBG,18:15:00,18:18:00,23,0,0,
amtrak,amtrak:299599,299599,amtrak:ASD,ASD,18:59:00,19:00:00,24,0,0,
amtrak,amtrak:299599,299599,amtrak:RVR,RVR,19:18:00,19:23:00,25,0,0,
amtrak,amtrak:299599,299599,amtrak:RVM,RVM,19:47:00,19:50:00,26,0,0,
amtrak,amtrak:299599,299599,amtrak:WBG,WBG,20:40:00,20:43:00,27,0,0,
amtrak,amtrak:299599,299599,amtrak:NPN,NPN,21:10:00,21:10:00,28,0,0,
amtrak,amtrak:299600,299600,amtrak:BOS,BOS,8:40:00,8:40:00,1,0,0,
amtrak,amtrak:299600,299600,amtrak:BBY,BBY,8:44:00,8:45:00,2,0,0,
amtrak,amtrak:299600,299600,amtrak:RTE,RTE,8:54:00,8:55:00,3,0,0,
amtrak,amtrak:299600,299600,amtrak:PVD,PVD,9:17:00,9:19:00,4,0,0,
amtrak,amtrak:299600,299600,amtrak:KIN,KIN,9:39:00,9:40:00,5,0,0,
amtrak,amtrak:299600,299600,amtrak:WLY,WLY,9:53:00,9:53:00,6,0,0,
amtrak,amtrak:299600,299600,amtrak:MYS,MYS,10:03:00,10:04:00,7,0,0,
amtrak,amtrak:299600,299600,amtrak:NLC,NLC,10:16:00,10:17:00,8,0,0,
amtrak,amtrak:299600,299600,amtrak:NHV,NHV,11:03:00,11:05:00,9,0,0,
amtrak,amtrak:299600,299600,amtrak:BRP,BRP,11:26:00,11:27:00,10,0,0,
amtrak,amtrak:299600,299600,amtrak:STM,STM,11:53:00,11:55:00,11,0,0,
amtrak,amtrak:299600,299600,amtrak:NRO,NRO,12:15:00,12:16:00,12,0,0,
amtrak,amtrak:299600,299600,amtrak:NYP,NYP,12:56:00,13:17:00,13,0,0,
amtrak,amtrak:299600,299600,amtrak:NWK,NWK,13:33:00,13:35:00,14,0,0,
amtrak,amtrak:299600,299600,amtrak:MET,MET,13:48:00,13:49:00,15,0,0,
amtrak,amtrak:299600,299600,amtrak:PHL,PHL,14:41:00,14:45:00,16,0,0,
amtrak,amtrak:299600,299600,amtrak:WIL,WIL,15:04:00,15:06:00,17,0,0,
amtrak,amtrak:299600,299600,amtrak:BAL,BAL,15:54:00,15:56:00,18,0,0,
amtrak,amtrak:299600,299600,amtrak:BWI,BWI,16:07:00,16:09:00,19,0,0,
amtrak,amtrak:299600,299600,amtrak:WAS,WAS,16:41:00,17:10:00,20,0,0,
amtrak,amtrak:299600,299600,amtrak:ALX,ALX,17:25:00,17:28:00,21,0,0,
amtrak,amtrak:299600,299600,amtrak:QAN,QAN,17:53:00,17:54:00,22,0,0,
amtrak,amtrak:299600,299600,amtrak:FBG,FBG,18:15:00,18:18:00,23,0,0,
amtrak,amtrak:299600,299600,amtrak:ASD,ASD,18:59:00,19:00:00,24,0,0,
amtrak,amtrak:299600,299600,amtrak:RVR,RVR,19:18:00,19:23:00,25,0,0,
amtrak,amtrak:299600,299600,amtrak:RVM,RVM,19:47:00,19:50:00,26,0,0,
amtrak,amtrak:299600,299600,amtrak:WBG,WBG,20:40:00,20:43:00,27,0,0,
amtrak,amtrak:299600,299600,amtrak:NPN,NPN,21:10:00,21:10:00,28,0,0,
amtrak,amtrak:299601,299601,amtrak:BOS,BOS,8:40:00,8:40:00,1,0,0,
amtrak,amtrak:299601,299601,amtrak:BBY,BBY,8:44:00,8:45:00,2,0,0,
amtrak,amtrak:299601,299601,amtrak:RTE,RTE,8:54:00,8:55:00,3,0,0,
amtrak,amtrak:299601,299601,amtrak:PVD,PVD,9:17:00,9:19:00,4,0,0,
amtrak,amtrak:299601,299601,amtrak:KIN,KIN,9:39:00,9:40:00,5,0,0,
amtrak,amtrak:299601,299601,amtrak:WLY,WLY,9:53:00,9:53:00,6,0,0,
amtrak,amtrak:299601,299601,amtrak:MYS,MYS,10:03:00,10:04:00,7,0,0,
amtrak,amtrak:299601,299601,amtrak:NLC,NLC,10:16:00,10:17:00,8,0,0,
amtrak,amtrak:299601,299601,amtrak:NHV,NHV,11:03:00,11:05:00,9,0,0,
amtrak,amtrak:299601,299601,amtrak:BRP,BRP,11:26:00,11:27:00,10,0,0,
amtrak,amtrak:299601,299601,amtrak:STM,STM,11:53:00,11:55:00,11,0,0,
amtrak,amtrak:299601,299601,amtrak:NRO,NRO,12:15:00,12:16:00,12,0,0,
amtrak,amtrak:299601,299601,amtrak:NYP,NYP,12:56:00,13:17:00,13,0,0,
amtrak,amtrak:299601,299601,amtrak:NWK,NWK,13:33:00,13:35:00,14,0,0,
amtrak,amtrak:299601,299601,amtrak:MET,MET,13:48:00,13:49:00,15,0,0,
amtrak,amtrak:299601,299601,amtrak:PHL,PHL,14:41:00,14:45:00,16,0,0,
amtrak,amtrak:299601,299601,amtrak:WIL,WIL,15:04:00,15:06:00,17,0,0,
amtrak,amtrak:299601,299601,amtrak:BAL,BAL,15:54:00,15:56:00,18,0,0,
amtrak,amtrak:299601,299601,amtrak:BWI,BWI,16:07:00,16:09:00,19,0,0,
amtrak,amtrak:299601,299601,amtrak:WAS,WAS,16:41:00,17:10:00,20,0,0,
amtrak,amtrak:299601,299601,amtrak:ALX,ALX,17:25:00,17:28:00,21,0,0,
amtrak,amtrak:299601,299601,amtrak:QAN,QAN,17:53:00,17:54:00,22,0,0,
amtrak,amtrak:299601,299601,amtrak:FBG,FBG,18:15:00,18:18:00,23,0,0,
amtrak,amtrak:299601,299601,amtrak:ASD,ASD,18:59:00,19:00:00,24,0,0,
amtrak,amtrak:299601,299601,amtrak:RVR,RVR,19:18:00,19:23:00,25,0,0,
amtrak,amtrak:299601,299601,amtrak:RVM,RVM,19:47:00,19:50:00,26,0,0,
amtrak,amtrak:299601,299601,amtrak:WBG,WBG,20:40:00,20:43:00,27,0,0,
amtrak,amtrak:299601,299601,amtrak:NPN,NPN,21:10:00,21:10:00,28,0,0,
amtrak,amtrak:299602,299602,amtrak:BOS,BOS,8:40:00,8:40:00,1,0,0,
amtrak,amtrak:299602,299602,amtrak:BBY,BBY,8:44:00,8:45:00,2,0,0,
amtrak,amtrak:299602,299602,amtrak:RTE,RTE,8:54:00,8:55:00,3,0,0,
amtrak,amtrak:299602,299602,amtrak:PVD,PVD,9:17:00,9:19:00,4,0,0,
amtrak,amtrak:299602,299602,amtrak:KIN,KIN,9:39:00,9:40:00,5,0,0,
amtrak,amtrak:299602,299602,amtrak:WLY,WLY,9:53:00,9:53:00,6,0,0,
amtrak,amtrak:299602,299602,amtrak:MYS,MYS,10:03:00,10:04:00,7,0,0,
amtrak,amtrak:299602,299602,amtrak:NLC,NLC,10:16:00,10:17:00,8,0,0,
amtrak,amtrak:299602,299602,amtrak:NHV,NHV,11:03:00,11:05:00,9,0,0,
amtrak,amtrak:299602,299602,amtrak:BRP,BRP,11:26:00,11:27:00,10,0,0,
amtrak,amtrak:299602,299602,amtrak:STM,STM,11:53:00,11:55:00,11,0,0,
amtrak,amtrak:299602,299602,amtrak:NRO,NRO,12:15:00,12:16:00,12,0,0,
amtrak,amtrak:299602,299602,amtrak:NYP,NYP,12:56:00,13:17:00,13,0,0,
amtrak,amtrak:299602,299602,amtrak:NWK,NWK,13:33:00,13:35:00,14,0,0,
amtrak,amtrak:299602,299602,amtrak:MET,MET,13:48:00,13:49:00,15,0,0,
amtrak,amtrak:299602,299602,amtrak:PHL,PHL,14:41:00,14:45:00,16,0,0,
amtrak,amtrak:299602,299602,amtrak:WIL,WIL,15:04:00,15:06:00,17,0,0,
amtrak,amtrak:299602,299602,amtrak:BAL,BAL,15:54:00,15:56:00,18,0,0,
amtrak,amtrak:299602,299602,amtrak:BWI,BWI,16:07:00,16:09:00,19,0,0,
amtrak,amtrak:299602,299602,amtrak:WAS,WAS,16:41:00,17:10:00,20,0,0,
amtrak,amtrak:299602,299602,amtrak:ALX,ALX,17:25:00,17:28:00,21,0,0,
amtrak,amtrak:299602,299602,amtrak:QAN,QAN,17:53:00,17:54:00,22,0,0,
amtrak,amtrak:299602,299602,amtrak:FBG,FBG,18:15:00,18:18:00,23,0,0,
amtrak,amtrak:299602,299602,amtrak:ASD,ASD,18:59:00,19:00:00,24,0,0,
amtrak,amtrak:299602,299602,amtrak:RVR,RVR,19:18:00,19:23:00,25,0,0,
amtrak,amtrak:299602,299602,amtrak:RVM,RVM,19:47:00,19:50:00,26,0,0,
amtrak,amtrak:299602,299602,amtrak:WBG,WBG,20:40:00,20:43:00,27,0,0,
amtrak,amtrak:299602,299602,amtrak:NPN,NPN,21:10:00,21:10:00,28,0,0,
amtrak,amtrak:299603,299603,amtrak:BOS,BOS,8:20:00,8:20:00,1,0,0,
amtrak,amtrak:299603,299603,amtrak:BBY,BBY,8:24:00,8:25:00,2,0,0,
amtrak,amtrak:299603,299603,amtrak:RTE,RTE,8:34:00,8:35:00,3,0,0,
amtrak,amtrak:299603,299603,amtrak:PVD,PVD,8:57:00,8:59:00,4,0,0,
amtrak,amtrak:299603,299603,amtrak:KIN,KIN,9:19:00,9:20:00,5,0,0,
amtrak,amtrak:299603,299603,amtrak:WLY,WLY,9:33:00,9:33:00,6,0,0,
amtrak,amtrak:299603,299603,amtrak:MYS,MYS,9:43:00,9:44:00,7,0,0,
amtrak,amtrak:299603,299603,amtrak:NLC,NLC,9:56:00,9:57:00,8,0,0,
amtrak,amtrak:299603,299603,amtrak:NHV,NHV,10:47:00,10:50:00,9,0,0,
amtrak,amtrak:299603,299603,amtrak:BRP,BRP,11:15:00,11:16:00,10,0,0,
amtrak,amtrak:299603,299603,amtrak:STM,STM,11:42:00,11:44:00,11,0,0,
amtrak,amtrak:299603,299603,amtrak:NRO,NRO,12:04:00,12:05:00,12,0,0,
amtrak,amtrak:299603,299603,amtrak:NYP,NYP,12:48:00,13:17:00,13,0,0,
amtrak,amtrak:299603,299603,amtrak:NWK,NWK,13:33:00,13:35:00,14,0,0,
amtrak,amtrak:299603,299603,amtrak:MET,MET,13:48:00,13:49:00,15,0,0,
amtrak,amtrak:299603,299603,amtrak:PHL,PHL,14:41:00,14:45:00,16,0,0,
amtrak,amtrak:299603,299603,amtrak:WIL,WIL,15:04:00,15:06:00,17,0,0,
amtrak,amtrak:299603,299603,amtrak:BAL,BAL,15:56:00,15:58:00,18,0,0,
amtrak,amtrak:299603,299603,amtrak:BWI,BWI,16:09:00,16:11:00,19,0,0,
amtrak,amtrak:299603,299603,amtrak:WAS,WAS,16:41:00,17:20:00,20,0,0,
amtrak,amtrak:299603,299603,amtrak:ALX,ALX,17:35:00,17:38:00,21,0,0,
amtrak,amtrak:299603,299603,amtrak:QAN,QAN,18:03:00,18:04:00,22,0,0,
amtrak,amtrak:299603,299603,amtrak:FBG,FBG,18:25:00,18:28:00,23,0,0,
amtrak,amtrak:299603,299603,amtrak:ASD,ASD,19:09:00,19:10:00,24,0,0,
amtrak,amtrak:299603,299603,amtrak:RVR,RVR,19:28:00,19:33:00,25,0,0,
amtrak,amtrak:299603,299603,amtrak:RVM,RVM,19:57:00,20:00:00,26,0,0,
amtrak,amtrak:299603,299603,amtrak:WBG,WBG,20:50:00,20:53:00,27,0,0,
amtrak,amtrak:299603,299603,amtrak:NPN,NPN,21:35:00,21:35:00,28,0,0,
amtrak,amtrak:299604,299604,amtrak:BOS,BOS,8:20:00,8:20:00,1,0,0,
amtrak,amtrak:299604,299604,amtrak:BBY,BBY,8:24:00,8:25:00,2,0,0,
amtrak,amtrak:299604,299604,amtrak:RTE,RTE,8:34:00,8:35:00,3,0,0,
amtrak,amtrak:299604,299604,amtrak:PVD,PVD,8:57:00,8:59:00,4,0,0,
amtrak,amtrak:299604,299604,amtrak:KIN,KIN,9:19:00,9:20:00,5,0,0,
amtrak,amtrak:299604,299604,amtrak:WLY,WLY,9:33:00,9:33:00,6,0,0,
amtrak,amtrak:299604,299604,amtrak:MYS,MYS,9:43:00,9:44:00,7,0,0,
amtrak,amtrak:299604,299604,amtrak:NLC,NLC,9:56:00,9:57:00,8,0,0,
amtrak,amtrak:299604,299604,amtrak:NHV,NHV,10:47:00,10:50:00,9,0,0,
amtrak,amtrak:299604,299604,amtrak:BRP,BRP,11:15:00,11:16:00,10,0,0,
amtrak,amtrak:299604,299604,amtrak:STM,STM,11:42:00,11:44:00,11,0,0,
amtrak,amtrak:299604,299604,amtrak:NRO,NRO,12:04:00,12:05:00,12,0,0,
amtrak,amtrak:299604,299604,amtrak:NYP,NYP,12:48:00,13:17:00,13,0,0,
amtrak,amtrak:299604,299604,amtrak:NWK,NWK,13:33:00,13:35:00,14,0,0,
amtrak,amtrak:299604,299604,amtrak:MET,MET,13:48:00,13:49:00,15,0,0,
amtrak,amtrak:299604,299604,amtrak:PHL,PHL,14:41:00,14:45:00,16,0,0,
amtrak,amtrak:299604,299604,amtrak:WIL,WIL,15:04:00,15:06:00,17,0,0,
amtrak,amtrak:299604,299604,amtrak:BAL,BAL,15:56:00,15:58:00,18,0,0,
amtrak,amtrak:299604,299604,amtrak:BWI,BWI,16:09:00,16:11:00,19,0,0,
amtrak,amtrak:299604,299604,amtrak:WAS,WAS,16:41:00,17:20:00,20,0,0,
amtrak,amtrak:299605,299605,amtrak:BOS,BOS,8:20:00,8:20:00,1,0,0,
amtrak,amtrak:299605,299605,amtrak:BBY,BBY,8:24:00,8:25:00,2,0,0,
amtrak,amtrak:299605,299605,amtrak:RTE,RTE,8:34:00,8:35:00,3,0,0,
amtrak,amtrak:299605,299605,amtrak:PVD,PVD,8:57:00,8:59:00,4,0,0,
amtrak,amtrak:299605,299605,amtrak:KIN,KIN,9:19:00,9:20:00,5,0,0,
amtrak,amtrak:299605,299605,amtrak:WLY,WLY,9:33:00,9:33:00,6,0,0,
amtrak,amtrak:299605,299605,amtrak:MYS,MYS,9:43:00,9:44:00,7,0,0,
amtrak,amtrak:299605,299605,amtrak:NLC,NLC,9:56:00,9:57:00,8,0,0,
amtrak,amtrak:299605,299605,amtrak:NHV,NHV,10:47:00,10:50:00,9,0,0,
amtrak,amtrak:299605,299605,amtrak:BRP,BRP,11:15:00,11:16:00,10,0,0,
amtrak,amtrak:299605,299605,amtrak:STM,STM,11:42:00,11:44:00,11,0,0,
amtrak,amtrak:299605,299605,amtrak:NRO,NRO,12:04:00,12:05:00,12,0,0,
amtrak,amtrak:299605,299605,amtrak:NYP,NYP,12:48:00,13:17:00,13,0,0,
amtrak,amtrak:299605,299605,amtrak:NWK,NWK,13:33:00,13:35:00,14,0,0,
amtrak,amtrak:299605,299605,amtrak:MET,MET,13:48:00,13:49:00,15,0,0,
amtrak,amtrak:299605,299605,amtrak:PHL,PHL,14:41:00,14:45:00,16,0,0,
amtrak,amtrak:299605,299605,amtrak:WIL,WIL,15:04:00,15:06:00,17,0,0,
amtrak,amtrak:299605,299605,amtrak:BAL,BAL,15:56:00,15:58:00,18,0,0,
amtrak,amtrak:299605,299605,amtrak:BWI,BWI,16:09:00,16:11:00,19,0,0,
amtrak,amtrak:299605,299605,amtrak:WAS,WAS,16:41:00,17:20:00,20,0,0,
amtrak,amtrak:299605,299605,amtrak:ALX,ALX,17:35:00,17:38:00,21,0,0,
amtrak,amtrak:299605,299605,amtrak:QAN,QAN,18:03:00,18:04:00,22,0,0,
amtrak,amtrak:299605,299605,amtrak:FBG,FBG,18:25:00,18:28:00,23,0,0,
amtrak,amtrak:299605,299605,amtrak:ASD,ASD,19:09:00,19:10:00,24,0,0,
amtrak,amtrak:299605,299605,amtrak:RVR,RVR,19:28:00,19:33:00,25,0,0,
amtrak,amtrak:299605,299605,amtrak:RVM,RVM,19:57:00,20:00:00,26,0,0,
amtrak,amtrak:299605,299605,amtrak:WBG,WBG,20:50:00,20:53:00,27,0,0,
amtrak,amtrak:299605,299605,amtrak:NPN,NPN,21:35:00,21:35:00,28,0,0,
amtrak,amtrak:299606,299606,amtrak:BOS,BOS,9:57:00,9:57:00,1,0,0,
amtrak,amtrak:299606,299606,amtrak:BBY,BBY,10:01:00,10:03:00,2,0,0,
amtrak,amtrak:299606,299606,amtrak:RTE,RTE,10:12:00,10:14:00,3,0,0,
amtrak,amtrak:299606,299606,amtrak:PVD,PVD,10:37:00,10:40:00,4,0,0,
amtrak,amtrak:299606,299606,amtrak:WLY,WLY,11:11:00,11:12:00,5,0,0,
amtrak,amtrak:299606,299606,amtrak:MYS,MYS,11:21:00,11:22:00,6,0,0,
amtrak,amtrak:299606,299606,amtrak:NLC,NLC,11:34:00,11:36:00,7,0,0,
amtrak,amtrak:299606,299606,amtrak:OSB,OSB,11:53:00,11:54:00,8,0,0,
amtrak,amtrak:299606,299606,amtrak:NHV,NHV,12:26:00,12:30:00,9,0,0,
amtrak,amtrak:299606,299606,amtrak:BRP,BRP,12:52:00,12:54:00,10,0,0,
amtrak,amtrak:299606,299606,amtrak:STM,STM,13:20:00,13:21:00,11,0,0,
amtrak,amtrak:299606,299606,amtrak:NRO,NRO,13:40:00,13:42:00,12,0,0,
amtrak,amtrak:299606,299606,amtrak:NYP,NYP,14:23:00,15:04:00,13,0,0,
amtrak,amtrak:299606,299606,amtrak:NWK,NWK,15:20:00,15:21:00,14,0,0,
amtrak,amtrak:299606,299606,amtrak:EWR,EWR,15:25:00,15:26:00,15,0,0,
amtrak,amtrak:299606,299606,amtrak:MET,MET,15:40:00,15:41:00,16,0,0,
amtrak,amtrak:299606,299606,amtrak:TRE,TRE,16:03:00,16:04:00,17,0,0,
amtrak,amtrak:299606,299606,amtrak:PHL,PHL,16:32:00,16:35:00,18,0,0,
amtrak,amtrak:299606,299606,amtrak:WIL,WIL,16:53:00,16:55:00,19,0,0,
amtrak,amtrak:299606,299606,amtrak:BAL,BAL,17:50:00,17:52:00,20,0,0,
amtrak,amtrak:299606,299606,amtrak:BWI,BWI,18:03:00,18:04:00,21,0,0,
amtrak,amtrak:299606,299606,amtrak:NCR,NCR,18:19:00,18:20:00,22,0,0,
amtrak,amtrak:299606,299606,amtrak:WAS,WAS,18:34:00,19:12:00,23,0,0,
amtrak,amtrak:299606,299606,amtrak:ALX,ALX,19:26:00,19:29:00,24,0,0,
amtrak,amtrak:299606,299606,amtrak:WDB,WDB,19:46:00,19:47:00,25,0,0,
amtrak,amtrak:299606,299606,amtrak:QAN,QAN,19:57:00,19:59:00,26,0,0,
amtrak,amtrak:299606,299606,amtrak:FBG,FBG,20:21:00,20:24:00,27,0,0,
amtrak,amtrak:299606,299606,amtrak:ASD,ASD,21:05:00,21:06:00,28,0,0,
amtrak,amtrak:299606,299606,amtrak:RVR,RVR,21:27:00,21:34:00,29,0,0,
amtrak,amtrak:299606,299606,amtrak:PTB,PTB,22:08:00,22:10:00,30,0,0,
amtrak,amtrak:299606,299606,amtrak:NFK,NFK,23:55:00,23:55:00,31,0,0,
amtrak,amtrak:299607,299607,amtrak:BOS,BOS,9:57:00,9:57:00,1,0,0,
amtrak,amtrak:299607,299607,amtrak:BBY,BBY,10:01:00,10:03:00,2,0,0,
amtrak,amtrak:299607,299607,amtrak:RTE,RTE,10:12:00,10:14:00,3,0,0,
amtrak,amtrak:299607,299607,amtrak:PVD,PVD,10:37:00,10:40:00,4,0,0,
amtrak,amtrak:299607,299607,amtrak:WLY,WLY,11:11:00,11:12:00,5,0,0,
amtrak,amtrak:299607,299607,amtrak:MYS,MYS,11:21:00,11:22:00,6,0,0,
amtrak,amtrak:299607,299607,amtrak:NLC,NLC,11:34:00,11:36:00,7,0,0,
amtrak,amtrak:299607,299607,amtrak:OSB,OSB,11:53:00,11:54:00,8,0,0,
amtrak,amtrak:299607,299607,amtrak:NHV,NHV,12:26:00,12:30:00,9,0,0,
amtrak,amtrak:299607,299607,amtrak:BRP,BRP,12:52:00,12:54:00,10,0,0,
amtrak,amtrak:299607,299607,amtrak:STM,STM,13:20:00,13:21:00,11,0,0,
amtrak,amtrak:299607,299607,amtrak:NRO,NRO,13:40:00,13:42:00,12,0,0,
amtrak,amtrak:299607,299607,amtrak:NYP,NYP,14:23:00,15:04:00,13,0,0,
amtrak,amtrak:299608,299608,amtrak:BOS,BOS,9:57:00,9:57:00,1,0,0,
amtrak,amtrak:299608,299608,amtrak:BBY,BBY,10:01:00,10:03:00,2,0,0,
amtrak,amtrak:299608,299608,amtrak:RTE,RTE,10:12:00,10:14:00,3,0,0,
amtrak,amtrak:299608,299608,amtrak:PVD,PVD,10:37:00,10:40:00,4,0,0,
amtrak,amtrak:299608,299608,amtrak:WLY,WLY,11:11:00,11:12:00,5,0,0,
amtrak,amtrak:299608,299608,amtrak:MYS,MYS,11:21:00,11:22:00,6,0,0,
amtrak,amtrak:299608,299608,amtrak:NLC,NLC,11:34:00,11:36:00,7,0,0,
amtrak,amtrak:299608,299608,amtrak:OSB,OSB,11:53:00,11:54:00,8,0,0,
amtrak,amtrak:299608,299608,amtrak:NHV,NHV,12:26:00,12:30:00,9,0,0,
amtrak,amtrak:299608,299608,amtrak:BRP,BRP,12:52:00,12:54:00,10,0,0,
amtrak,amtrak:299608,299608,amtrak:STM,STM,13:20:00,13:21:00,11,0,0,
amtrak,amtrak:299608,299608,amtrak:NRO,NRO,13:40:00,13:42:00,12,0,0,
amtrak,amtrak:299608,299608,amtrak:NYP,NYP,14:23:00,15:04:00,13,0,0,
amtrak,amtrak:299608,299608,amtrak:NWK,NWK,15:20:00,15:21:00,14,0,0,
amtrak,amtrak:299608,299608,amtrak:EWR,EWR,15:25:00,15:26:00,15,0,0,
amtrak,amtrak:299608,299608,amtrak:MET,MET,15:40:00,15:41:00,16,0,0,
amtrak,amtrak:299608,299608,amtrak:TRE,TRE,16:03:00,16:04:00,17,0,0,
amtrak,amtrak:299608,299608,amtrak:PHL,PHL,16:32:00,16:35:00,18,0,0,
amtrak,amtrak:299608,299608,amtrak:WIL,WIL,16:53:00,16:55:00,19,0,0,
amtrak,amtrak:299608,299608,amtrak:BAL,BAL,17:50:00,17:52:00,20,0,0,
amtrak,amtrak:299608,299608,amtrak:BWI,BWI,18:03:00,18:04:00,21,0,0,
amtrak,amtrak:299608,299608,amtrak:NCR,NCR,18:19:00,18:20:00,22,0,0,
amtrak,amtrak:299608,299608,amtrak:WAS,WAS,18:34:00,19:12:00,23,0,0,
amtrak,amtrak:299609,299609,amtrak:BOS,BOS,9:57:00,9:57:00,1,0,0,
amtrak,amtrak:299609,299609,amtrak:BBY,BBY,10:01:00,10:03:00,2,0,0,
amtrak,amtrak:299609,299609,amtrak:RTE,RTE,10:12:00,10:14:00,3,0,0,
amtrak,amtrak:299609,299609,amtrak:PVD,PVD,10:37:00,10:40:00,4,0,0,
amtrak,amtrak:299609,299609,amtrak:WLY,WLY,11:11:00,11:12:00,5,0,0,
amtrak,amtrak:299609,299609,amtrak:MYS,MYS,11:21:00,11:22:00,6,0,0,
amtrak,amtrak:299609,299609,amtrak:NLC,NLC,11:34:00,11:36:00,7,0,0,
amtrak,amtrak:299609,299609,amtrak:OSB,OSB,11:53:00,11:54:00,8,0,0,
amtrak,amtrak:299609,299609,amtrak:NHV,NHV,12:26:00,12:30:00,9,0,0,
amtrak,amtrak:299609,299609,amtrak:BRP,BRP,12:52:00,12:54:00,10,0,0,
amtrak,amtrak:299609,299609,amtrak:STM,STM,13:20:00,13:21:00,11,0,0,
amtrak,amtrak:299609,299609,amtrak:NRO,NRO,13:40:00,13:42:00,12,0,0,
amtrak,amtrak:299609,299609,amtrak:NYP,NYP,14:23:00,15:04:00,13,0,0,
amtrak,amtrak:299609,299609,amtrak:NWK,NWK,15:20:00,15:21:00,14,0,0,
amtrak,amtrak:299609,299609,amtrak:EWR,EWR,15:25:00,15:26:00,15,0,0,
amtrak,amtrak:299609,299609,amtrak:MET,MET,15:40:00,15:41:00,16,0,0,
amtrak,amtrak:299609,299609,amtrak:TRE,TRE,16:03:00,16:04:00,17,0,0,
amtrak,amtrak:299609,299609,amtrak:PHL,PHL,16:32:00,16:35:00,18,0,0,
amtrak,amtrak:299609,299609,amtrak:WIL,WIL,16:53:00,16:55:00,19,0,0,
amtrak,amtrak:299609,299609,amtrak:BAL,BAL,17:50:00,17:52:00,20,0,0,
amtrak,amtrak:299609,299609,amtrak:BWI,BWI,18:03:00,18:04:00,21,0,0,
amtrak,amtrak:299609,299609,amtrak:NCR,NCR,18:19:00,18:20:00,22,0,0,
amtrak,amtrak:299609,299609,amtrak:WAS,WAS,18:34:00,19:12:00,23,0,0,
amtrak,amtrak:299609,299609,amtrak:ALX,ALX,19:26:00,19:29:00,24,0,0,
amtrak,amtrak:299609,299609,amtrak:WDB,WDB,19:46:00,19:47:00,25,0,0,
amtrak,amtrak:299609,299609,amtrak:QAN,QAN,19:57:00,19:59:00,26,0,0,
amtrak,amtrak:299609,299609,amtrak:FBG,FBG,20:21:00,20:24:00,27,0,0,
amtrak,amtrak:299609,299609,amtrak:ASD,ASD,21:05:00,21:06:00,28,0,0,
amtrak,amtrak:299609,299609,amtrak:RVR,RVR,21:27:00,21:34:00,29,0,0,
amtrak,amtrak:299609,299609,amtrak:PTB,PTB,22:08:00,22:10:00,30,0,0,
amtrak,amtrak:299609,299609,amtrak:NFK,NFK,23:55:00,23:55:00,31,0,0,
amtrak,amtrak:299619,299619,amtrak:BOS,BOS,18:45:00,18:45:00,1,0,0,
amtrak,amtrak:299619,299619,amtrak:BBY,BBY,18:50:00,18:51:00,2,0,0,
amtrak,amtrak:299619,299619,amtrak:RTE,RTE,19:00:00,19:01:00,3,0,0,
amtrak,amtrak:299619,299619,amtrak:PVD,PVD,19:23:00,19:25:00,4,0,0,
amtrak,amtrak:299619,299619,amtrak:KIN,KIN,19:43:00,19:44:00,5,0,0,
amtrak,amtrak:299619,299619,amtrak:NLC,NLC,20:17:00,20:17:00,6,0,0,
amtrak,amtrak:299619,299619,amtrak:OSB,OSB,20:35:00,20:36:00,7,0,0,
amtrak,amtrak:299619,299619,amtrak:NHV,NHV,21:08:00,21:10:00,8,0,0,
amtrak,amtrak:299619,299619,amtrak:BRP,BRP,21:27:00,21:27:00,9,0,0,
amtrak,amtrak:299619,299619,amtrak:STM,STM,21:55:00,21:55:00,10,0,0,
amtrak,amtrak:299619,299619,amtrak:NRO,NRO,22:16:00,22:16:00,11,0,0,
amtrak,amtrak:299619,299619,amtrak:NYP,NYP,23:02:00,23:23:00,12,0,0,
amtrak,amtrak:299619,299619,amtrak:NWK,NWK,23:40:00,23:42:00,13,0,0,
amtrak,amtrak:299619,299619,amtrak:MET,MET,23:55:00,23:57:00,14,0,0,
amtrak,amtrak:299619,299619,amtrak:TRE,TRE,24:21:00,24:22:00,15,0,0,
amtrak,amtrak:299619,299619,amtrak:PHL,PHL,24:51:00,28:20:00,16,0,0,
amtrak,amtrak:299619,299619,amtrak:WIL,WIL,28:42:00,28:45:00,17,0,0,
amtrak,amtrak:299619,299619,amtrak:BAL,BAL,29:36:00,29:39:00,18,0,0,
amtrak,amtrak:299619,299619,amtrak:BWI,BWI,29:51:00,29:53:00,19,0,0,
amtrak,amtrak:299619,299619,amtrak:NCR,NCR,30:09:00,30:11:00,20,0,0,
amtrak,amtrak:299619,299619,amtrak:WAS,WAS,30:29:00,31:00:00,21,0,0,
amtrak,amtrak:299619,299619,amtrak:ALX,ALX,31:15:00,31:18:00,22,0,0,
amtrak,amtrak:299619,299619,amtrak:QAN,QAN,31:43:00,31:44:00,23,0,0,
amtrak,amtrak:299619,299619,amtrak:FBG,FBG,32:04:00,32:05:00,24,0,0,
amtrak,amtrak:299619,299619,amtrak:ASD,ASD,32:46:00,32:47:00,25,0,0,
amtrak,amtrak:299619,299619,amtrak:RVR,RVR,33:03:00,33:08:00,26,0,0,
amtrak,amtrak:299619,299619,amtrak:RVM,RVM,33:32:00,33:34:00,27,0,0,
amtrak,amtrak:299619,299619,amtrak:WBG,WBG,34:36:00,34:38:00,28,0,0,
amtrak,amtrak:299619,299619,amtrak:NPN,NPN,35:09:00,35:09:00,29,0,0,
amtrak,amtrak:299620,299620,amtrak:BOS,BOS,18:45:00,18:45:00,1,0,0,
amtrak,amtrak:299620,299620,amtrak:BBY,BBY,18:50:00,18:51:00,2,0,0,
amtrak,amtrak:299620,299620,amtrak:RTE,RTE,19:00:00,19:01:00,3,0,0,
amtrak,amtrak:299620,299620,amtrak:PVD,PVD,19:23:00,19:25:00,4,0,0,
amtrak,amtrak:299620,299620,amtrak:KIN,KIN,19:43:00,19:44:00,5,0,0,
amtrak,amtrak:299620,299620,amtrak:NLC,NLC,20:17:00,20:17:00,6,0,0,
amtrak,amtrak:299620,299620,amtrak:OSB,OSB,20:35:00,20:36:00,7,0,0,
amtrak,amtrak:299620,299620,amtrak:NHV,NHV,21:08:00,21:10:00,8,0,0,
amtrak,amtrak:299620,299620,amtrak:BRP,BRP,21:27:00,21:27:00,9,0,0,
amtrak,amtrak:299620,299620,amtrak:STM,STM,21:55:00,21:55:00,10,0,0,
amtrak,amtrak:299620,299620,amtrak:NRO,NRO,22:16:00,22:16:00,11,0,0,
amtrak,amtrak:299620,299620,amtrak:NYP,NYP,23:02:00,23:23:00,12,0,0,
amtrak,amtrak:299620,299620,amtrak:NWK,NWK,23:40:00,23:42:00,13,0,0,
amtrak,amtrak:299620,299620,amtrak:MET,MET,23:55:00,23:57:00,14,0,0,
amtrak,amtrak:299620,299620,amtrak:TRE,TRE,24:21:00,24:22:00,15,0,0,
amtrak,amtrak:299620,299620,amtrak:PHL,PHL,24:51:00,28:20:00,16,0,0,
amtrak,amtrak:299620,299620,amtrak:WIL,WIL,28:42:00,28:45:00,17,0,0,
amtrak,amtrak:299620,299620,amtrak:BAL,BAL,29:36:00,29:39:00,18,0,0,
amtrak,amtrak:299620,299620,amtrak:BWI,BWI,29:51:00,29:53:00,19,0,0,
amtrak,amtrak:299620,299620,amtrak:NCR,NCR,30:09:00,30:11:00,20,0,0,
amtrak,amtrak:299620,299620,amtrak:WAS,WAS,30:29:00,31:00:00,21,0,0,
amtrak,amtrak:299620,299620,amtrak:ALX,ALX,31:15:00,31:18:00,22,0,0,
amtrak,amtrak:299620,299620,amtrak:QAN,QAN,31:43:00,31:44:00,23,0,0,
amtrak,amtrak:299620,299620,amtrak:FBG,FBG,32:04:00,32:05:00,24,0,0,
amtrak,amtrak:299620,299620,amtrak:ASD,ASD,32:46:00,32:47:00,25,0,0,
amtrak,amtrak:299620,299620,amtrak:RVR,RVR,33:03:00,33:08:00,26,0,0,
amtrak,amtrak:299620,299620,amtrak:RVM,RVM,33:32:00,33:34:00,27,0,0,
amtrak,amtrak:299620,299620,amtrak:WBG,WBG,34:36:00,34:38:00,28,0,0,
amtrak,amtrak:299620,299620,amtrak:NPN,NPN,35:09:00,35:09:00,29,0,0,
amtrak,amtrak:299621,299621,amtrak:BOS,BOS,18:45:00,18:45:00,1,0,0,
amtrak,amtrak:299621,299621,amtrak:BBY,BBY,18:50:00,18:51:00,2,0,0,
amtrak,amtrak:299621,299621,amtrak:RTE,RTE,19:00:00,19:01:00,3,0,0,
amtrak,amtrak:299621,299621,amtrak:PVD,PVD,19:23:00,19:25:00,4,0,0,
amtrak,amtrak:299621,299621,amtrak:KIN,KIN,19:43:00,19:44:00,5,0,0,
amtrak,amtrak:299621,299621,amtrak:NLC,NLC,20:17:00,20:17:00,6,0,0,
amtrak,amtrak:299621,299621,amtrak:OSB,OSB,20:35:00,20:36:00,7,0,0,
amtrak,amtrak:299621,299621,amtrak:NHV,NHV,21:08:00,21:10:00,8,0,0,
amtrak,amtrak:299621,299621,amtrak:BRP,BRP,21:27:00,21:27:00,9,0,0,
amtrak,amtrak:299621,299621,amtrak:STM,STM,21:55:00,21:55:00,10,0,0,
amtrak,amtrak:299621,299621,amtrak:NRO,NRO,22:16:00,22:16:00,11,0,0,
amtrak,amtrak:299621,299621,amtrak:NYP,NYP,23:05:00,23:23:00,12,0,0,
amtrak,amtrak:299621,299621,amtrak:NWK,NWK,23:40:00,23:42:00,13,0,0,
amtrak,amtrak:299621,299621,amtrak:MET,MET,23:55:00,23:57:00,14,0,0,
amtrak,amtrak:299621,299621,amtrak:TRE,TRE,24:21:00,24:22:00,15,0,0,
amtrak,amtrak:299621,299621,amtrak:PHL,PHL,24:51:00,28:20:00,16,0,0,
amtrak,amtrak:299621,299621,amtrak:WIL,WIL,28:42:00,28:45:00,17,0,0,
amtrak,amtrak:299621,299621,amtrak:BAL,BAL,29:36:00,29:39:00,18,0,0,
amtrak,amtrak:299621,299621,amtrak:BWI,BWI,29:51:00,29:53:00,19,0,0,
amtrak,amtrak:299621,299621,amtrak:NCR,NCR,30:09:00,30:11:00,20,0,0,
amtrak,amtrak:299621,299621,amtrak:WAS,WAS,30:29:00,31:00:00,21,0,0,
amtrak,amtrak:299621,299621,amtrak:ALX,ALX,31:15:00,31:18:00,22,0,0,
amtrak,amtrak:299621,299621,amtrak:QAN,QAN,31:43:00,31:44:00,23,0,0,
amtrak,amtrak:299621,299621,amtrak:FBG,FBG,32:04:00,32:05:00,24,0,0,
amtrak,amtrak:299621,299621,amtrak:ASD,ASD,32:46:00,32:47:00,25,0,0,
amtrak,amtrak:299621,299621,amtrak:RVR,RVR,33:03:00,33:08:00,26,0,0,
amtrak,amtrak:299621,299621,amtrak:RVM,RVM,33:32:00,33:34:00,27,0,0,
amtrak,amtrak:299621,299621,amtrak:WBG,WBG,34:36:00,34:38:00,28,0,0,
amtrak,amtrak:299621,299621,amtrak:NPN,NPN,35:09:00,35:09:00,29,0,0,
amtrak,amtrak:299622,299622,amtrak:BOS,BOS,18:45:00,18:45:00,1,0,0,
amtrak,amtrak:299622,299622,amtrak:BBY,BBY,18:50:00,18:51:00,2,0,0,
amtrak,amtrak:299622,299622,amtrak:RTE,RTE,19:00:00,19:01:00,3,0,0,
amtrak,amtrak:299622,299622,amtrak:PVD,PVD,19:23:00,19:25:00,4,0,0,
amtrak,amtrak:299622,299622,amtrak:KIN,KIN,19:43:00,19:44:00,5,0,0,
amtrak,amtrak:299622,299622,amtrak:NLC,NLC,20:17:00,20:17:00,6,0,0,
amtrak,amtrak:299622,299622,amtrak:OSB,OSB,20:35:00,20:36:00,7,0,0,
amtrak,amtrak:299622,299622,amtrak:NHV,NHV,21:08:00,21:10:00,8,0,0,
amtrak,amtrak:299622,299622,amtrak:BRP,BRP,21:27:00,21:27:00,9,0,0,
amtrak,amtrak:299622,299622,amtrak:STM,STM,21:55:00,21:55:00,10,0,0,
amtrak,amtrak:299622,299622,amtrak:NRO,NRO,22:16:00,22:16:00,11,0,0,
amtrak,amtrak:299622,299622,amtrak:NYP,NYP,23:05:00,23:23:00,12,0,0,
amtrak,amtrak:299622,299622,amtrak:NWK,NWK,23:40:00,23:42:00,13,0,0,
amtrak,amtrak:299622,299622,amtrak:MET,MET,23:55:00,23:57:00,14,0,0,
amtrak,amtrak:299622,299622,amtrak:TRE,TRE,24:21:00,24:22:00,15,0,0,
amtrak,amtrak:299622,299622,amtrak:PHL,PHL,24:51:00,28:20:00,16,0,0,
amtrak,amtrak:299623,299623,amtrak:BOS,BOS,18:45:00,18:45:00,1,0,0,
amtrak,amtrak:299623,299623,amtrak:BBY,BBY,18:50:00,18:51:00,2,0,0,
amtrak,amtrak:299623,299623,amtrak:RTE,RTE,19:00:00,19:01:00,3,0,0,
amtrak,amtrak:299623,299623,amtrak:PVD,PVD,19:23:00,19:25:00,4,0,0,
amtrak,amtrak:299623,299623,amtrak:KIN,KIN,19:43:00,19:44:00,5,0,0,
amtrak,amtrak:299623,299623,amtrak:NLC,NLC,20:17:00,20:17:00,6,0,0,
amtrak,amtrak:299623,299623,amtrak:OSB,OSB,20:35:00,20:36:00,7,0,0,
amtrak,amtrak:299623,299623,amtrak:NHV,NHV,21:08:00,21:10:00,8,0,0,
amtrak,amtrak:299623,299623,amtrak:BRP,BRP,21:27:00,21:27:00,9,0,0,
amtrak,amtrak:299623,299623,amtrak:STM,STM,21:55:00,21:55:00,10,0,0,
amtrak,amtrak:299623,299623,amtrak:NRO,NRO,22:16:00,22:16:00,11,0,0,
amtrak,amtrak:299623,299623,amtrak:NYP,NYP,23:05:00,23:23:00,12,0,0,
amtrak,amtrak:299623,299623,amtrak:NWK,NWK,23:40:00,23:42:00,13,0,0,
amtrak,amtrak:299623,299623,amtrak:MET,MET,23:55:00,23:57:00,14,0,0,
amtrak,amtrak:299623,299623,amtrak:TRE,TRE,24:21:00,24:22:00,15,0,0,
amtrak,amtrak:299623,299623,amtrak:PHL,PHL,24:51:00,28:20:00,16,0,0,
amtrak,amtrak:299623,299623,amtrak:WIL,WIL,28:42:00,28:45:00,17,0,0,
amtrak,amtrak:299623,299623,amtrak:BAL,BAL,29:36:00,29:39:00,18,0,0,
amtrak,amtrak:299623,299623,amtrak:BWI,BWI,29:51:00,29:53:00,19,0,0,
amtrak,amtrak:299623,299623,amtrak:NCR,NCR,30:09:00,30:11:00,20,0,0,
amtrak,amtrak:299623,299623,amtrak:WAS,WAS,30:29:00,31:00:00,21,0,0,
amtrak,amtrak:299624,299624,amtrak:BOS,BOS,18:45:00,18:45:00,1,0,0,
amtrak,amtrak:299624,299624,amtrak:BBY,BBY,18:50:00,18:51:00,2,0,0,
amtrak,amtrak:299624,299624,amtrak:RTE,RTE,19:00:00,19:01:00,3,0,0,
amtrak,amtrak:299624,299624,amtrak:PVD,PVD,19:23:00,19:25:00,4,0,0,
amtrak,amtrak:299624,299624,amtrak:KIN,KIN,19:43:00,19:44:00,5,0,0,
amtrak,amtrak:299624,299624,amtrak:NLC,NLC,20:17:00,20:17:00,6,0,0,
amtrak,amtrak:299624,299624,amtrak:OSB,OSB,20:35:00,20:36:00,7,0,0,
amtrak,amtrak:299624,299624,amtrak:NHV,NHV,21:08:00,21:10:00,8,0,0,
amtrak,amtrak:299624,299624,amtrak:BRP,BRP,21:27:00,21:27:00,9,0,0,
amtrak,amtrak:299624,299624,amtrak:STM,STM,21:55:00,21:55:00,10,0,0,
amtrak,amtrak:299624,299624,amtrak:NRO,NRO,22:16:00,22:16:00,11,0,0,
amtrak,amtrak:299624,299624,amtrak:NYP,NYP,23:05:00,23:23:00,12,0,0,
amtrak,amtrak:299624,299624,amtrak:NWK,NWK,23:40:00,23:42:00,13,0,0,
amtrak,amtrak:299624,299624,amtrak:MET,MET,23:55:00,23:57:00,14,0,0,
amtrak,amtrak:299624,299624,amtrak:TRE,TRE,24:21:00,24:22:00,15,0,0,
amtrak,amtrak:299624,299624,amtrak:PHL,PHL,24:51:00,28:20:00,16,0,0,
amtrak,amtrak:299624,299624,amtrak:WIL,WIL,28:42:00,28:45:00,17,0,0,
amtrak,amtrak:299624,299624,amtrak:BAL,BAL,29:36:00,29:39:00,18,0,0,
amtrak,amtrak:299624,299624,amtrak:BWI,BWI,29:51:00,29:53:00,19,0,0,
amtrak,amtrak:299624,299624,amtrak:NCR,NCR,30:09:00,30:11:00,20,0,0,
amtrak,amtrak:299624,299624,amtrak:WAS,WAS,30:29:00,31:00:00,21,0,0,
amtrak,amtrak:299624,299624,amtrak:ALX,ALX,31:15:00,31:18:00,22,0,0,
amtrak,amtrak:299624,299624,amtrak:QAN,QAN,31:43:00,31:44:00,23,0,0,
amtrak,amtrak:299624,299624,amtrak:FBG,FBG,32:04:00,32:05:00,24,0,0,
amtrak,amtrak:299624,299624,amtrak:ASD,ASD,32:46:00,32:47:00,25,0,0,
amtrak,amtrak:299624,299624,amtrak:RVR,RVR,33:03:00,33:08:00,26,0,0,
amtrak,amtrak:299624,299624,amtrak:RVM,RVM,33:32:00,33:34:00,27,0,0,
amtrak,amtrak:299624,299624,amtrak:WBG,WBG,34:36:00,34:38:00,28,0,0,
amtrak,amtrak:299624,299624,amtrak:NPN,NPN,35:09:00,35:09:00,29,0,0,
amtrak,amtrak:299625,299625,amtrak:BOS,BOS,18:45:00,18:45:00,1,0,0,
amtrak,amtrak:299625,299625,amtrak:BBY,BBY,18:50:00,18:51:00,2,0,0,
amtrak,amtrak:299625,299625,amtrak:RTE,RTE,19:00:00,19:01:00,3,0,0,
amtrak,amtrak:299625,299625,amtrak:PVD,PVD,19:23:00,19:25:00,4,0,0,
amtrak,amtrak:299625,299625,amtrak:KIN,KIN,19:43:00,19:44:00,5,0,0,
amtrak,amtrak:299625,299625,amtrak:NLC,NLC,20:17:00,20:17:00,6,0,0,
amtrak,amtrak:299625,299625,amtrak:OSB,OSB,20:35:00,20:36:00,7,0,0,
amtrak,amtrak:299625,299625,amtrak:NHV,NHV,21:08:00,21:10:00,8,0,0,
amtrak,amtrak:299625,299625,amtrak:BRP,BRP,21:27:00,21:27:00,9,0,0,
amtrak,amtrak:299625,299625,amtrak:STM,STM,21:55:00,21:55:00,10,0,0,
amtrak,amtrak:299625,299625,amtrak:NRO,NRO,22:16:00,22:16:00,11,0,0,
amtrak,amtrak:299625,299625,amtrak:NYP,NYP,23:02:00,23:23:00,12,0,0,
amtrak,amtrak:299625,299625,amtrak:NWK,NWK,23:40:00,23:42:00,13,0,0,
amtrak,amtrak:299625,299625,amtrak:MET,MET,23:55:00,23:57:00,14,0,0,
amtrak,amtrak:299625,299625,amtrak:TRE,TRE,24:21:00,24:22:00,15,0,0,
amtrak,amtrak:299625,299625,amtrak:PHL,PHL,24:51:00,28:20:00,16,0,0,
amtrak,amtrak:299625,299625,amtrak:WIL,WIL,28:42:00,28:45:00,17,0,0,
amtrak,amtrak:299625,299625,amtrak:BAL,BAL,29:36:00,29:39:00,18,0,0,
amtrak,amtrak:299625,299625,amtrak:BWI,BWI,29:51:00,29:53:00,19,0,0,
amtrak,amtrak:299625,299625,amtrak:NCR,NCR,30:09:00,30:11:00,20,0,0,
amtrak,amtrak:299625,299625,amtrak:WAS,WAS,30:29:00,31:00:00,21,0,0,
amtrak,amtrak:299625,299625,amtrak:ALX,ALX,31:15:00,31:18:00,22,0,0,
amtrak,amtrak:299625,299625,amtrak:QAN,QAN,31:43:00,31:44:00,23,0,0,
amtrak,amtrak:299625,299625,amtrak:FBG,FBG,32:04:00,32:05:00,24,0,0,
amtrak,amtrak:299625,299625,amtrak:ASD,ASD,32:46:00,32:47:00,25,0,0,
amtrak,amtrak:299625,299625,amtrak:RVR,RVR,33:03:00,33:08:00,26,0,0,
amtrak,amtrak:299625,299625,amtrak:RVM,RVM,33:32:00,33:34:00,27,0,0,
amtrak,amtrak:299625,299625,amtrak:WBG,WBG,34:36:00,34:38:00,28,0,0,
amtrak,amtrak:299625,299625,amtrak:NPN,NPN,35:09:00,35:09:00,29,0,0,
amtrak,amtrak:299626,299626,amtrak:BOS,BOS,18:45:00,18:45:00,1,0,0,
amtrak,amtrak:299626,299626,amtrak:BBY,BBY,18:50:00,18:51:00,2,0,0,
amtrak,amtrak:299626,299626,amtrak:RTE,RTE,19:00:00,19:01:00,3,0,0,
amtrak,amtrak:299626,299626,amtrak:PVD,PVD,19:23:00,19:25:00,4,0,0,
amtrak,amtrak:299626,299626,amtrak:KIN,KIN,19:43:00,19:44:00,5,0,0,
amtrak,amtrak:299626,299626,amtrak:NLC,NLC,20:17:00,20:17:00,6,0,0,
amtrak,amtrak:299626,299626,amtrak:OSB,OSB,20:35:00,20:36:00,7,0,0,
amtrak,amtrak:299626,299626,amtrak:NHV,NHV,21:08:00,21:10:00,8,0,0,
amtrak,amtrak:299626,299626,amtrak:BRP,BRP,21:27:00,21:27:00,9,0,0,
amtrak,amtrak:299626,299626,amtrak:STM,STM,21:55:00,21:55:00,10,0,0,
amtrak,amtrak:299626,299626,amtrak:NRO,NRO,22:16:00,22:16:00,11,0,0,
amtrak,amtrak:299626,299626,amtrak:NYP,NYP,23:02:00,23:23:00,12,0,0,
amtrak,amtrak:299626,299626,amtrak:NWK,NWK,23:40:00,23:42:00,13,0,0,
amtrak,amtrak:299626,299626,amtrak:MET,MET,23:55:00,23:57:00,14,0,0,
amtrak,amtrak:299626,299626,amtrak:TRE,TRE,24:21:00,24:22:00,15,0,0,
amtrak,amtrak:299626,299626,amtrak:PHL,PHL,24:51:00,28:20:00,16,0,0,
amtrak,amtrak:299626,299626,amtrak:WIL,WIL,28:42:00,28:45:00,17,0,0,
amtrak,amtrak:299626,299626,amtrak:BAL,BAL,29:36:00,29:39:00,18,0,0,
amtrak,amtrak:299626,299626,amtrak:BWI,BWI,29:51:00,29:53:00,19,0,0,
amtrak,amtrak:299626,299626,amtrak:NCR,NCR,30:09:00,30:11:00,20,0,0,
amtrak,amtrak:299626,299626,amtrak:WAS,WAS,30:29:00,31:00:00,21,0,0,
amtrak,amtrak:299626,299626,amtrak:ALX,ALX,31:15:00,31:18:00,22,0,0,
amtrak,amtrak:299626,299626,amtrak:QAN,QAN,31:43:00,31:44:00,23,0,0,
amtrak,amtrak:299626,299626,amtrak:FBG,FBG,32:04:00,32:05:00,24,0,0,
amtrak,amtrak:299626,299626,amtrak:ASD,ASD,32:46:00,32:47:00,25,0,0,
amtrak,amtrak:299626,299626,amtrak:RVR,RVR,33:03:00,33:08:00,26,0,0,
amtrak,amtrak:299626,299626,amtrak:RVM,RVM,33:32:00,33:34:00,27,0,0,
amtrak,amtrak:299626,299626,amtrak:WBG,WBG,34:36:00,34:38:00,28,0,0,
amtrak,amtrak:299626,299626,amtrak:NPN,NPN,35:09:00,35:09:00,29,0,0,
amtrak,amtrak:299627,299627,amtrak:BOS,BOS,18:45:00,18:45:00,1,0,0,
amtrak,amtrak:299627,299627,amtrak:BBY,BBY,18:50:00,18:51:00,2,0,0,
amtrak,amtrak:299627,299627,amtrak:RTE,RTE,19:00:00,19:01:00,3,0,0,
amtrak,amtrak:299627,299627,amtrak:PVD,PVD,19:23:00,19:25:00,4,0,0,
amtrak,amtrak:299627,299627,amtrak:KIN,KIN,19:43:00,19:44:00,5,0,0,
amtrak,amtrak:299627,299627,amtrak:NLC,NLC,20:17:00,20:17:00,6,0,0,
amtrak,amtrak:299627,299627,amtrak:OSB,OSB,20:35:00,20:36:00,7,0,0,
amtrak,amtrak:299627,299627,amtrak:NHV,NHV,21:08:00,21:10:00,8,0,0,
amtrak,amtrak:299627,299627,amtrak:BRP,BRP,21:27:00,21:27:00,9,0,0,
amtrak,amtrak:299627,299627,amtrak:STM,STM,21:55:00,21:55:00,10,0,0,
amtrak,amtrak:299627,299627,amtrak:NRO,NRO,22:16:00,22:16:00,11,0,0,
amtrak,amtrak:299627,299627,amtrak:NYP,NYP,23:02:00,23:23:00,12,0,0,
amtrak,amtrak:299627,299627,amtrak:NWK,NWK,23:40:00,23:42:00,13,0,0,
amtrak,amtrak:299627,299627,amtrak:MET,MET,23:55:00,23:57:00,14,0,0,
amtrak,amtrak:299627,299627,amtrak:TRE,TRE,24:21:00,24:22:00,15,0,0,
amtrak,amtrak:299627,299627,amtrak:PHL,PHL,24:51:00,28:20:00,16,0,0,
amtrak,amtrak:299627,299627,amtrak:WIL,WIL,28:42:00,28:45:00,17,0,0,
amtrak,amtrak:299627,299627,amtrak:BAL,BAL,29:36:00,29:39:00,18,0,0,
amtrak,amtrak:299627,299627,amtrak:BWI,BWI,29:51:00,29:53:00,19,0,0,
amtrak,amtrak:299627,299627,amtrak:NCR,NCR,30:09:00,30:11:00,20,0,0,
amtrak,amtrak:299627,299627,amtrak:WAS,WAS,30:29:00,31:00:00,21,0,0,
amtrak,amtrak:299627,299627,amtrak:ALX,ALX,31:15:00,31:18:00,22,0,0,
amtrak,amtrak:299627,299627,amtrak:QAN,QAN,31:43:00,31:44:00,23,0,0,
amtrak,amtrak:299627,299627,amtrak:FBG,FBG,32:04:00,32:05:00,24,0,0,
amtrak,amtrak:299627,299627,amtrak:ASD,ASD,32:46:00,32:47:00,25,0,0,
amtrak,amtrak:299627,299627,amtrak:RVR,RVR,33:03:00,33:08:00,26,0,0,
amtrak,amtrak:299627,299627,amtrak:RVM,RVM,33:32:00,33:34:00,27,0,0,
amtrak,amtrak:299627,299627,amtrak:WBG,WBG,34:36:00,34:38:00,28,0,0,
amtrak,amtrak:299627,299627,amtrak:NPN,NPN,35:09:00,35:09:00,29,0,0,
amtrak,amtrak:299628,299628,amtrak:BOS,BOS,18:45:00,18:45:00,1,0,0,
amtrak,amtrak:299628,299628,amtrak:BBY,BBY,18:50:00,18:51:00,2,0,0,
amtrak,amtrak:299628,299628,amtrak:RTE,RTE,19:00:00,19:01:00,3,0,0,
amtrak,amtrak:299628,299628,amtrak:PVD,PVD,19:23:00,19:25:00,4,0,0,
amtrak,amtrak:299628,299628,amtrak:KIN,KIN,19:43:00,19:44:00,5,0,0,
amtrak,amtrak:299628,299628,amtrak:NLC,NLC,20:17:00,20:17:00,6,0,0,
amtrak,amtrak:299628,299628,amtrak:OSB,OSB,20:35:00,20:36:00,7,0,0,
amtrak,amtrak:299628,299628,amtrak:NHV,NHV,21:08:00,21:10:00,8,0,0,
amtrak,amtrak:299628,299628,amtrak:BRP,BRP,21:27:00,21:27:00,9,0,0,
amtrak,amtrak:299628,299628,amtrak:STM,STM,21:55:00,21:55:00,10,0,0,
amtrak,amtrak:299628,299628,amtrak:NRO,NRO,22:16:00,22:16:00,11,0,0,
amtrak,amtrak:299628,299628,amtrak:NYP,NYP,23:02:00,23:23:00,12,0,0,
amtrak,amtrak:299628,299628,amtrak:NWK,NWK,23:40:00,23:42:00,13,0,0,
amtrak,amtrak:299628,299628,amtrak:MET,MET,23:55:00,23:57:00,14,0,0,
amtrak,amtrak:299628,299628,amtrak:TRE,TRE,24:21:00,24:22:00,15,0,0,
amtrak,amtrak:299628,299628,amtrak:PHL,PHL,24:51:00,28:20:00,16,0,0,
amtrak,amtrak:299628,299628,amtrak:WIL,WIL,28:42:00,28:45:00,17,0,0,
amtrak,amtrak:299628,299628,amtrak:BAL,BAL,29:36:00,29:39:00,18,0,0,
amtrak,amtrak:299628,299628,amtrak:BWI,BWI,29:51:00,29:53:00,19,0,0,
amtrak,amtrak:299628,299628,amtrak:NCR,NCR,30:09:00,30:11:00,20,0,0,
amtrak,amtrak:299628,299628,amtrak:WAS,WAS,30:29:00,31:00:00,21,0,0,
amtrak,amtrak:299628,299628,amtrak:ALX,ALX,31:15:00,31:18:00,22,0,0,
amtrak,amtrak:299628,299628,amtrak:QAN,QAN,31:43:00,31:44:00,23,0,0,
amtrak,amtrak:299628,299628,amtrak:FBG,FBG,32:04:00,32:05:00,24,0,0,
amtrak,amtrak:299628,299628,amtrak:ASD,ASD,32:46:00,32:47:00,25,0,0,
amtrak,amtrak:299628,299628,amtrak:RVR,RVR,33:03:00,33:08:00,26,0,0,
amtrak,amtrak:299628,299628,amtrak:RVM,RVM,33:32:00,33:34:00,27,0,0,
amtrak,amtrak:299628,299628,amtrak:WBG,WBG,34:36:00,34:38:00,28,0,0,
amtrak,amtrak:299628,299628,amtrak:NPN,NPN,35:09:00,35:09:00,29,0,0,
amtrak,amtrak:299631,299631,amtrak:BOS,BOS,18:45:00,18:45:00,1,0,0,
amtrak,amtrak:299631,299631,amtrak:BBY,BBY,18:50:00,18:51:00,2,0,0,
amtrak,amtrak:299631,299631,amtrak:RTE,RTE,19:00:00,19:01:00,3,0,0,
amtrak,amtrak:299631,299631,amtrak:PVD,PVD,19:23:00,19:25:00,4,0,0,
amtrak,amtrak:299631,299631,amtrak:KIN,KIN,19:43:00,19:44:00,5,0,0,
amtrak,amtrak:299631,299631,amtrak:MYS,MYS,20:06:00,20:07:00,6,0,0,
amtrak,amtrak:299631,299631,amtrak:NLC,NLC,20:20:00,20:20:00,7,0,0,
amtrak,amtrak:299631,299631,amtrak:OSB,OSB,20:38:00,20:38:00,8,0,0,
amtrak,amtrak:299631,299631,amtrak:NHV,NHV,21:08:00,21:10:00,9,0,0,
amtrak,amtrak:299631,299631,amtrak:BRP,BRP,21:27:00,21:27:00,10,0,0,
amtrak,amtrak:299631,299631,amtrak:STM,STM,21:55:00,21:55:00,11,0,0,
amtrak,amtrak:299631,299631,amtrak:NRO,NRO,22:16:00,22:16:00,12,0,0,
amtrak,amtrak:299631,299631,amtrak:NYP,NYP,23:02:00,23:23:00,13,0,0,
amtrak,amtrak:299631,299631,amtrak:NWK,NWK,23:40:00,23:41:00,14,0,0,
amtrak,amtrak:299631,299631,amtrak:MET,MET,23:55:00,23:57:00,15,0,0,
amtrak,amtrak:299631,299631,amtrak:TRE,TRE,24:21:00,24:22:00,16,0,0,
amtrak,amtrak:299631,299631,amtrak:PHL,PHL,24:51:00,28:45:00,17,0,0,
amtrak,amtrak:299631,299631,amtrak:WIL,WIL,29:09:00,29:11:00,18,0,0,
amtrak,amtrak:299631,299631,amtrak:BAL,BAL,30:02:00,30:04:00,19,0,0,
amtrak,amtrak:299631,299631,amtrak:BWI,BWI,30:18:00,30:20:00,20,0,0,
amtrak,amtrak:299631,299631,amtrak:NCR,NCR,30:35:00,30:37:00,21,0,0,
amtrak,amtrak:299631,299631,amtrak:WAS,WAS,30:54:00,31:20:00,22,0,0,
amtrak,amtrak:299631,299631,amtrak:ALX,ALX,31:35:00,31:38:00,23,0,0,
amtrak,amtrak:299631,299631,amtrak:QAN,QAN,32:03:00,32:04:00,24,0,0,
amtrak,amtrak:299631,299631,amtrak:FBG,FBG,32:23:00,32:26:00,25,0,0,
amtrak,amtrak:299631,299631,amtrak:ASD,ASD,33:07:00,33:08:00,26,0,0,
amtrak,amtrak:299631,299631,amtrak:RVR,RVR,33:29:00,33:34:00,27,0,0,
amtrak,amtrak:299631,299631,amtrak:RVM,RVM,34:00:00,34:03:00,28,0,0,
amtrak,amtrak:299631,299631,amtrak:WBG,WBG,34:59:00,35:02:00,29,0,0,
amtrak,amtrak:299631,299631,amtrak:NPN,NPN,35:27:00,35:27:00,30,0,0,
amtrak,amtrak:299632,299632,amtrak:BOS,BOS,18:45:00,18:45:00,1,0,0,
amtrak,amtrak:299632,299632,amtrak:BBY,BBY,18:50:00,18:51:00,2,0,0,
amtrak,amtrak:299632,299632,amtrak:RTE,RTE,19:00:00,19:01:00,3,0,0,
amtrak,amtrak:299632,299632,amtrak:PVD,PVD,19:23:00,19:25:00,4,0,0,
amtrak,amtrak:299632,299632,amtrak:KIN,KIN,19:43:00,19:44:00,5,0,0,
amtrak,amtrak:299632,299632,amtrak:MYS,MYS,20:06:00,20:07:00,6,0,0,
amtrak,amtrak:299632,299632,amtrak:NLC,NLC,20:20:00,20:20:00,7,0,0,
amtrak,amtrak:299632,299632,amtrak:OSB,OSB,20:38:00,20:38:00,8,0,0,
amtrak,amtrak:299632,299632,amtrak:NHV,NHV,21:08:00,21:10:00,9,0,0,
amtrak,amtrak:299632,299632,amtrak:BRP,BRP,21:27:00,21:27:00,10,0,0,
amtrak,amtrak:299632,299632,amtrak:STM,STM,21:55:00,21:55:00,11,0,0,
amtrak,amtrak:299632,299632,amtrak:NRO,NRO,22:16:00,22:16:00,12,0,0,
amtrak,amtrak:299632,299632,amtrak:NYP,NYP,23:05:00,23:23:00,13,0,0,
amtrak,amtrak:299632,299632,amtrak:NWK,NWK,23:40:00,23:41:00,14,0,0,
amtrak,amtrak:299632,299632,amtrak:MET,MET,23:55:00,23:57:00,15,0,0,
amtrak,amtrak:299632,299632,amtrak:TRE,TRE,24:21:00,24:22:00,16,0,0,
amtrak,amtrak:299632,299632,amtrak:PHL,PHL,24:51:00,28:45:00,17,0,0,
amtrak,amtrak:299632,299632,amtrak:WIL,WIL,29:09:00,29:11:00,18,0,0,
amtrak,amtrak:299632,299632,amtrak:BAL,BAL,30:02:00,30:04:00,19,0,0,
amtrak,amtrak:299632,299632,amtrak:BWI,BWI,30:18:00,30:20:00,20,0,0,
amtrak,amtrak:299632,299632,amtrak:NCR,NCR,30:35:00,30:37:00,21,0,0,
amtrak,amtrak:299632,299632,amtrak:WAS,WAS,30:54:00,31:20:00,22,0,0,
amtrak,amtrak:299632,299632,amtrak:ALX,ALX,31:35:00,31:38:00,23,0,0,
amtrak,amtrak:299632,299632,amtrak:QAN,QAN,32:03:00,32:04:00,24,0,0,
amtrak,amtrak:299632,299632,amtrak:FBG,FBG,32:23:00,32:26:00,25,0,0,
amtrak,amtrak:299632,299632,amtrak:ASD,ASD,33:07:00,33:08:00,26,0,0,
amtrak,amtrak:299632,299632,amtrak:RVR,RVR,33:29:00,33:34:00,27,0,0,
amtrak,amtrak:299632,299632,amtrak:RVM,RVM,34:00:00,34:03:00,28,0,0,
amtrak,amtrak:299632,299632,amtrak:WBG,WBG,34:59:00,35:02:00,29,0,0,
amtrak,amtrak:299632,299632,amtrak:NPN,NPN,35:27:00,35:27:00,30,0,0,
amtrak,amtrak:299633,299633,amtrak:BOS,BOS,18:45:00,18:45:00,1,0,0,
amtrak,amtrak:299633,299633,amtrak:BBY,BBY,18:50:00,18:51:00,2,0,0,
amtrak,amtrak:299633,299633,amtrak:RTE,RTE,19:00:00,19:01:00,3,0,0,
amtrak,amtrak:299633,299633,amtrak:PVD,PVD,19:23:00,19:25:00,4,0,0,
amtrak,amtrak:299633,299633,amtrak:KIN,KIN,19:43:00,19:44:00,5,0,0,
amtrak,amtrak:299633,299633,amtrak:MYS,MYS,20:06:00,20:07:00,6,0,0,
amtrak,amtrak:299633,299633,amtrak:NLC,NLC,20:20:00,20:20:00,7,0,0,
amtrak,amtrak:299633,299633,amtrak:OSB,OSB,20:38:00,20:38:00,8,0,0,
amtrak,amtrak:299633,299633,amtrak:NHV,NHV,21:08:00,21:10:00,9,0,0,
amtrak,amtrak:299633,299633,amtrak:BRP,BRP,21:27:00,21:27:00,10,0,0,
amtrak,amtrak:299633,299633,amtrak:STM,STM,21:55:00,21:55:00,11,0,0,
amtrak,amtrak:299633,299633,amtrak:NRO,NRO,22:16:00,22:16:00,12,0,0,
amtrak,amtrak:299633,299633,amtrak:NYP,NYP,23:05:00,23:23:00,13,0,0,
amtrak,amtrak:299633,299633,amtrak:NWK,NWK,23:40:00,23:41:00,14,0,0,
amtrak,amtrak:299633,299633,amtrak:MET,MET,23:55:00,23:57:00,15,0,0,
amtrak,amtrak:299633,299633,amtrak:TRE,TRE,24:21:00,24:22:00,16,0,0,
amtrak,amtrak:299633,299633,amtrak:PHL,PHL,24:51:00,28:45:00,17,0,0,
amtrak,amtrak:299633,299633,amtrak:WIL,WIL,29:09:00,29:11:00,18,0,0,
amtrak,amtrak:299633,299633,amtrak:BAL,BAL,30:02:00,30:04:00,19,0,0,
amtrak,amtrak:299633,299633,amtrak:BWI,BWI,30:18:00,30:20:00,20,0,0,
amtrak,amtrak:299633,299633,amtrak:NCR,NCR,30:35:00,30:37:00,21,0,0,
amtrak,amtrak:299633,299633,amtrak:WAS,WAS,30:54:00,31:20:00,22,0,0,
amtrak,amtrak:299633,299633,amtrak:ALX,ALX,31:35:00,31:38:00,23,0,0,
amtrak,amtrak:299633,299633,amtrak:QAN,QAN,32:03:00,32:04:00,24,0,0,
amtrak,amtrak:299633,299633,amtrak:FBG,FBG,32:23:00,32:26:00,25,0,0,
amtrak,amtrak:299633,299633,amtrak:ASD,ASD,33:07:00,33:08:00,26,0,0,
amtrak,amtrak:299633,299633,amtrak:RVR,RVR,33:29:00,33:34:00,27,0,0,
amtrak,amtrak:299634,299634,amtrak:BOS,BOS,18:45:00,18:45:00,1,0,0,
amtrak,amtrak:299634,299634,amtrak:BBY,BBY,18:50:00,18:51:00,2,0,0,
amtrak,amtrak:299634,299634,amtrak:RTE,RTE,19:00:00,19:01:00,3,0,0,
amtrak,amtrak:299634,299634,amtrak:PVD,PVD,19:23:00,19:25:00,4,0,0,
amtrak,amtrak:299634,299634,amtrak:KIN,KIN,19:43:00,19:44:00,5,0,0,
amtrak,amtrak:299634,299634,amtrak:MYS,MYS,20:06:00,20:07:00,6,0,0,
amtrak,amtrak:299634,299634,amtrak:NLC,NLC,20:20:00,20:20:00,7,0,0,
amtrak,amtrak:299634,299634,amtrak:OSB,OSB,20:38:00,20:38:00,8,0,0,
amtrak,amtrak:299634,299634,amtrak:NHV,NHV,21:08:00,21:10:00,9,0,0,
amtrak,amtrak:299634,299634,amtrak:BRP,BRP,21:27:00,21:27:00,10,0,0,
amtrak,amtrak:299634,299634,amtrak:STM,STM,21:55:00,21:55:00,11,0,0,
amtrak,amtrak:299634,299634,amtrak:NRO,NRO,22:16:00,22:16:00,12,0,0,
amtrak,amtrak:299634,299634,amtrak:NYP,NYP,23:05:00,23:23:00,13,0,0,
amtrak,amtrak:299634,299634,amtrak:NWK,NWK,23:40:00,23:41:00,14,0,0,
amtrak,amtrak:299634,299634,amtrak:MET,MET,23:55:00,23:57:00,15,0,0,
amtrak,amtrak:299634,299634,amtrak:TRE,TRE,24:21:00,24:22:00,16,0,0,
amtrak,amtrak:299634,299634,amtrak:PHL,PHL,24:51:00,28:45:00,17,0,0,
amtrak,amtrak:299634,299634,amtrak:WIL,WIL,29:09:00,29:11:00,18,0,0,
amtrak,amtrak:299634,299634,amtrak:BAL,BAL,30:02:00,30:04:00,19,0,0,
amtrak,amtrak:299634,299634,amtrak:BWI,BWI,30:18:00,30:20:00,20,0,0,
amtrak,amtrak:299634,299634,amtrak:NCR,NCR,30:35:00,30:37:00,21,0,0,
amtrak,amtrak:299634,299634,amtrak:WAS,WAS,30:54:00,31:20:00,22,0,0,
amtrak,amtrak:299635,299635,amtrak:BOS,BOS,18:45:00,18:45:00,1,0,0,
amtrak,amtrak:299635,299635,amtrak:BBY,BBY,18:50:00,18:51:00,2,0,0,
amtrak,amtrak:299635,299635,amtrak:RTE,RTE,19:00:00,19:01:00,3,0,0,
amtrak,amtrak:299635,299635,amtrak:PVD,PVD,19:23:00,19:25:00,4,0,0,
amtrak,amtrak:299635,299635,amtrak:KIN,KIN,19:43:00,19:44:00,5,0,0,
amtrak,amtrak:299635,299635,amtrak:MYS,MYS,20:06:00,20:07:00,6,0,0,
amtrak,amtrak:299635,299635,amtrak:NLC,NLC,20:20:00,20:20:00,7,0,0,
amtrak,amtrak:299635,299635,amtrak:OSB,OSB,20:38:00,20:38:00,8,0,0,
amtrak,amtrak:299635,299635,amtrak:NHV,NHV,21:08:00,21:10:00,9,0,0,
amtrak,amtrak:299635,299635,amtrak:BRP,BRP,21:27:00,21:27:00,10,0,0,
amtrak,amtrak:299635,299635,amtrak:STM,STM,21:55:00,21:55:00,11,0,0,
amtrak,amtrak:299635,299635,amtrak:NRO,NRO,22:16:00,22:16:00,12,0,0,
amtrak,amtrak:299635,299635,amtrak:NYP,NYP,23:05:00,23:23:00,13,0,0,
amtrak,amtrak:299635,299635,amtrak:NWK,NWK,23:40:00,23:41:00,14,0,0,
amtrak,amtrak:299635,299635,amtrak:MET,MET,23:55:00,23:57:00,15,0,0,
amtrak,amtrak:299635,299635,amtrak:TRE,TRE,24:21:00,24:22:00,16,0,0,
amtrak,amtrak:299635,299635,amtrak:PHL,PHL,24:51:00,28:45:00,17,0,0,
amtrak,amtrak:299635,299635,amtrak:WIL,WIL,29:09:00,29:11:00,18,0,0,
amtrak,amtrak:299635,299635,amtrak:BAL,BAL,30:02:00,30:04:00,19,0,0,
amtrak,amtrak:299635,299635,amtrak:BWI,BWI,30:18:00,30:20:00,20,0,0,
amtrak,amtrak:299635,299635,amtrak:NCR,NCR,30:35:00,30:37:00,21,0,0,
amtrak,amtrak:299635,299635,amtrak:WAS,WAS,30:54:00,31:20:00,22,0,0,
amtrak,amtrak:299635,299635,amtrak:ALX,ALX,31:35:00,31:38:00,23,0,0,
amtrak,amtrak:299635,299635,amtrak:QAN,QAN,32:03:00,32:04:00,24,0,0,
amtrak,amtrak:299635,299635,amtrak:FBG,FBG,32:23:00,32:26:00,25,0,0,
amtrak,amtrak:299635,299635,amtrak:ASD,ASD,33:07:00,33:08:00,26,0,0,
amtrak,amtrak:299635,299635,amtrak:RVR,RVR,33:29:00,33:34:00,27,0,0,
amtrak,amtrak:299635,299635,amtrak:RVM,RVM,34:00:00,34:03:00,28,0,0,
amtrak,amtrak:299635,299635,amtrak:WBG,WBG,34:59:00,35:02:00,29,0,0,
amtrak,amtrak:299635,299635,amtrak:NPN,NPN,35:27:00,35:27:00,30,0,0,
amtrak,amtrak:299636,299636,amtrak:BOS,BOS,18:45:00,18:45:00,1,0,0,
amtrak,amtrak:299636,299636,amtrak:BBY,BBY,18:50:00,18:51:00,2,0,0,
amtrak,amtrak:299636,299636,amtrak:RTE,RTE,19:00:00,19:01:00,3,0,0,
amtrak,amtrak:299636,299636,amtrak:PVD,PVD,19:23:00,19:25:00,4,0,0,
amtrak,amtrak:299636,299636,amtrak:KIN,KIN,19:43:00,19:44:00,5,0,0,
amtrak,amtrak:299636,299636,amtrak:MYS,MYS,20:06:00,20:07:00,6,0,0,
amtrak,amtrak:299636,299636,amtrak:NLC,NLC,20:20:00,20:20:00,7,0,0,
amtrak,amtrak:299636,299636,amtrak:OSB,OSB,20:38:00,20:38:00,8,0,0,
amtrak,amtrak:299636,299636,amtrak:NHV,NHV,21:08:00,21:10:00,9,0,0,
amtrak,amtrak:299636,299636,amtrak:BRP,BRP,21:27:00,21:27:00,10,0,0,
amtrak,amtrak:299636,299636,amtrak:STM,STM,21:55:00,21:55:00,11,0,0,
amtrak,amtrak:299636,299636,amtrak:NRO,NRO,22:16:00,22:16:00,12,0,0,
amtrak,amtrak:299636,299636,amtrak:NYP,NYP,23:02:00,23:23:00,13,0,0,
amtrak,amtrak:299636,299636,amtrak:NWK,NWK,23:40:00,23:41:00,14,0,0,
amtrak,amtrak:299636,299636,amtrak:MET,MET,23:55:00,23:57:00,15,0,0,
amtrak,amtrak:299636,299636,amtrak:TRE,TRE,24:21:00,24:22:00,16,0,0,
amtrak,amtrak:299636,299636,amtrak:PHL,PHL,24:51:00,28:45:00,17,0,0,
amtrak,amtrak:299636,299636,amtrak:WIL,WIL,29:09:00,29:11:00,18,0,0,
amtrak,amtrak:299636,299636,amtrak:BAL,BAL,30:02:00,30:04:00,19,0,0,
amtrak,amtrak:299636,299636,amtrak:BWI,BWI,30:18:00,30:20:00,20,0,0,
amtrak,amtrak:299636,299636,amtrak:NCR,NCR,30:35:00,30:37:00,21,0,0,
amtrak,amtrak:299636,299636,amtrak:WAS,WAS,30:54:00,31:20:00,22,0,0,
amtrak,amtrak:299636,299636,amtrak:ALX,ALX,31:35:00,31:38:00,23,0,0,
amtrak,amtrak:299636,299636,amtrak:QAN,QAN,32:03:00,32:04:00,24,0,0,
amtrak,amtrak:299636,299636,amtrak:FBG,FBG,32:23:00,32:26:00,25,0,0,
amtrak,amtrak:299636,299636,amtrak:ASD,ASD,33:07:00,33:08:00,26,0,0,
amtrak,amtrak:299636,299636,amtrak:RVR,RVR,33:29:00,33:34:00,27,0,0,
amtrak,amtrak:299636,299636,amtrak:RVM,RVM,34:00:00,34:03:00,28,0,0,
amtrak,amtrak:299636,299636,amtrak:WBG,WBG,34:59:00,35:02:00,29,0,0,
amtrak,amtrak:299636,299636,amtrak:NPN,NPN,35:27:00,35:27:00,30,0,0,
amtrak,amtrak:299638,299638,amtrak:BOS,BOS,18:45:00,18:45:00,1,0,0,
amtrak,amtrak:299638,299638,amtrak:BBY,BBY,18:50:00,18:51:00,2,0,0,
amtrak,amtrak:299638,299638,amtrak:RTE,RTE,19:00:00,19:01:00,3,0,0,
amtrak,amtrak:299638,299638,amtrak:PVD,PVD,19:23:00,19:25:00,4,0,0,
amtrak,amtrak:299638,299638,amtrak:KIN,KIN,19:43:00,19:44:00,5,0,0,
amtrak,amtrak:299638,299638,amtrak:MYS,MYS,20:06:00,20:07:00,6,0,0,
amtrak,amtrak:299638,299638,amtrak:NLC,NLC,20:20:00,20:20:00,7,0,0,
amtrak,amtrak:299638,299638,amtrak:OSB,OSB,20:38:00,20:38:00,8,0,0,
amtrak,amtrak:299638,299638,amtrak:NHV,NHV,21:08:00,21:10:00,9,0,0,
amtrak,amtrak:299638,299638,amtrak:BRP,BRP,21:27:00,21:27:00,10,0,0,
amtrak,amtrak:299638,299638,amtrak:STM,STM,21:55:00,21:55:00,11,0,0,
amtrak,amtrak:299638,299638,amtrak:NRO,NRO,22:16:00,22:16:00,12,0,0,
amtrak,amtrak:299638,299638,amtrak:NYP,NYP,23:02:00,23:23:00,13,0,0,
amtrak,amtrak:299638,299638,amtrak:NWK,NWK,23:40:00,23:41:00,14,0,0,
amtrak,amtrak:299638,299638,amtrak:MET,MET,23:55:00,23:57:00,15,0,0,
amtrak,amtrak:299638,299638,amtrak:TRE,TRE,24:21:00,24:22:00,16,0,0,
amtrak,amtrak:299638,299638,amtrak:PHL,PHL,24:51:00,28:45:00,17,0,0,
amtrak,amtrak:299638,299638,amtrak:WIL,WIL,29:09:00,29:11:00,18,0,0,
amtrak,amtrak:299638,299638,amtrak:BAL,BAL,30:02:00,30:04:00,19,0,0,
amtrak,amtrak:299638,299638,amtrak:BWI,BWI,30:18:00,30:20:00,20,0,0,
amtrak,amtrak:299638,299638,amtrak:NCR,NCR,30:35:00,30:37:00,21,0,0,
amtrak,amtrak:299638,299638,amtrak:WAS,WAS,30:54:00,31:20:00,22,0,0,
amtrak,amtrak:299638,299638,amtrak:ALX,ALX,31:35:00,31:38:00,23,0,0,
amtrak,amtrak:299638,299638,amtrak:QAN,QAN,32:03:00,32:04:00,24,0,0,
amtrak,amtrak:299638,299638,amtrak:FBG,FBG,32:23:00,32:26:00,25,0,0,
amtrak,amtrak:299638,299638,amtrak:ASD,ASD,33:07:00,33:08:00,26,0,0,
amtrak,amtrak:299638,299638,amtrak:RVR,RVR,33:29:00,33:34:00,27,0,0,
amtrak,amtrak:299638,299638,amtrak:RVM,RVM,34:00:00,34:03:00,28,0,0,
amtrak,amtrak:299638,299638,amtrak:WBG,WBG,34:59:00,35:02:00,29,0,0,
amtrak,amtrak:299638,299638,amtrak:NPN,NPN,35:27:00,35:27:00,30,0,0,
amtrak,amtrak:299640,299640,amtrak:BOS,BOS,18:45:00,18:45:00,1,0,0,
amtrak,amtrak:299640,299640,amtrak:BBY,BBY,18:50:00,18:51:00,2,0,0,
amtrak,amtrak:299640,299640,amtrak:RTE,RTE,19:00:00,19:01:00,3,0,0,
amtrak,amtrak:299640,299640,amtrak:PVD,PVD,19:23:00,19:25:00,4,0,0,
amtrak,amtrak:299640,299640,amtrak:KIN,KIN,19:43:00,19:44:00,5,0,0,
amtrak,amtrak:299640,299640,amtrak:MYS,MYS,20:06:00,20:07:00,6,0,0,
amtrak,amtrak:299640,299640,amtrak:NLC,NLC,20:20:00,20:20:00,7,0,0,
amtrak,amtrak:299640,299640,amtrak:OSB,OSB,20:38:00,20:38:00,8,0,0,
amtrak,amtrak:299640,299640,amtrak:NHV,NHV,21:08:00,21:10:00,9,0,0,
amtrak,amtrak:299640,299640,amtrak:BRP,BRP,21:27:00,21:27:00,10,0,0,
amtrak,amtrak:299640,299640,amtrak:STM,STM,21:55:00,21:55:00,11,0,0,
amtrak,amtrak:299640,299640,amtrak:NRO,NRO,22:16:00,22:16:00,12,0,0,
amtrak,amtrak:299640,299640,amtrak:NYP,NYP,23:02:00,23:23:00,13,0,0,
amtrak,amtrak:299640,299640,amtrak:NWK,NWK,23:40:00,23:41:00,14,0,0,
amtrak,amtrak:299640,299640,amtrak:MET,MET,23:55:00,23:57:00,15,0,0,
amtrak,amtrak:299640,299640,amtrak:TRE,TRE,24:21:00,24:22:00,16,0,0,
amtrak,amtrak:299640,299640,amtrak:PHL,PHL,24:51:00,28:45:00,17,0,0,
amtrak,amtrak:299640,299640,amtrak:WIL,WIL,29:09:00,29:11:00,18,0,0,
amtrak,amtrak:299640,299640,amtrak:BAL,BAL,30:02:00,30:04:00,19,0,0,
amtrak,amtrak:299640,299640,amtrak:BWI,BWI,30:18:00,30:20:00,20,0,0,
amtrak,amtrak:299640,299640,amtrak:NCR,NCR,30:35:00,30:37:00,21,0,0,
amtrak,amtrak:299640,299640,amtrak:WAS,WAS,30:54:00,31:20:00,22,0,0,
amtrak,amtrak:299640,299640,amtrak:ALX,ALX,31:35:00,31:38:00,23,0,0,
amtrak,amtrak:299640,299640,amtrak:QAN,QAN,32:03:00,32:04:00,24,0,0,
amtrak,amtrak:299640,299640,amtrak:FBG,FBG,32:23:00,32:26:00,25,0,0,
amtrak,amtrak:299640,299640,amtrak:ASD,ASD,33:07:00,33:08:00,26,0,0,
amtrak,amtrak:299640,299640,amtrak:RVR,RVR,33:29:00,33:34:00,27,0,0,
amtrak,amtrak:299640,299640,amtrak:RVM,RVM,34:00:00,34:03:00,28,0,0,
amtrak,amtrak:299640,299640,amtrak:WBG,WBG,34:59:00,35:02:00,29,0,0,
amtrak,amtrak:299640,299640,amtrak:NPN,NPN,35:27:00,35:27:00,30,0,0,
amtrak,amtrak:299641,299641,amtrak:BOS,BOS,18:45:00,18:45:00,1,0,0,
amtrak,amtrak:299641,299641,amtrak:BBY,BBY,18:50:00,18:51:00,2,0,0,
amtrak,amtrak:299641,299641,amtrak:RTE,RTE,19:00:00,19:01:00,3,0,0,
amtrak,amtrak:299641,299641,amtrak:PVD,PVD,19:23:00,19:25:00,4,0,0,
amtrak,amtrak:299641,299641,amtrak:KIN,KIN,19:43:00,19:44:00,5,0,0,
amtrak,amtrak:299641,299641,amtrak:MYS,MYS,20:06:00,20:07:00,6,0,0,
amtrak,amtrak:299641,299641,amtrak:NLC,NLC,20:20:00,20:20:00,7,0,0,
amtrak,amtrak:299641,299641,amtrak:OSB,OSB,20:38:00,20:38:00,8,0,0,
amtrak,amtrak:299641,299641,amtrak:NHV,NHV,21:08:00,21:10:00,9,0,0,
amtrak,amtrak:299641,299641,amtrak:BRP,BRP,21:27:00,21:27:00,10,0,0,
amtrak,amtrak:299641,299641,amtrak:STM,STM,21:55:00,21:55:00,11,0,0,
amtrak,amtrak:299641,299641,amtrak:NRO,NRO,22:16:00,22:16:00,12,0,0,
amtrak,amtrak:299641,299641,amtrak:NYP,NYP,23:02:00,23:23:00,13,0,0,
amtrak,amtrak:299641,299641,amtrak:NWK,NWK,23:40:00,23:41:00,14,0,0,
amtrak,amtrak:299641,299641,amtrak:MET,MET,23:55:00,23:57:00,15,0,0,
amtrak,amtrak:299641,299641,amtrak:TRE,TRE,24:21:00,24:22:00,16,0,0,
amtrak,amtrak:299641,299641,amtrak:PHL,PHL,24:51:00,28:45:00,17,0,0,
amtrak,amtrak:299641,299641,amtrak:WIL,WIL,29:09:00,29:11:00,18,0,0,
amtrak,amtrak:299641,299641,amtrak:BAL,BAL,30:02:00,30:04:00,19,0,0,
amtrak,amtrak:299641,299641,amtrak:BWI,BWI,30:18:00,30:20:00,20,0,0,
amtrak,amtrak:299641,299641,amtrak:NCR,NCR,30:35:00,30:37:00,21,0,0,
amtrak,amtrak:299641,299641,amtrak:WAS,WAS,30:54:00,31:20:00,22,0,0,
amtrak,amtrak:299641,299641,amtrak:ALX,ALX,31:35:00,31:38:00,23,0,0,
amtrak,amtrak:299641,299641,amtrak:QAN,QAN,32:03:00,32:04:00,24,0,0,
amtrak,amtrak:299641,299641,amtrak:FBG,FBG,32:23:00,32:26:00,25,0,0,
amtrak,amtrak:299641,299641,amtrak:ASD,ASD,33:07:00,33:08:00,26,0,0,
amtrak,amtrak:299641,299641,amtrak:RVR,RVR,33:29:00,33:34:00,27,0,0,
amtrak,amtrak:299641,299641,amtrak:RVM,RVM,34:00:00,34:03:00,28,0,0,
amtrak,amtrak:299641,299641,amtrak:WBG,WBG,34:59:00,35:02:00,29,0,0,
amtrak,amtrak:299641,299641,amtrak:NPN,NPN,35:27:00,35:27:00,30,0,0,
amtrak,amtrak:299645,299645,amtrak:BOS,BOS,15:15:00,15:15:00,1,0,0,
amtrak,amtrak:299645,299645,amtrak:BBY,BBY,15:19:00,15:21:00,2,0,0,
amtrak,amtrak:299645,299645,amtrak:RTE,RTE,15:30:00,15:31:00,3,0,0,
amtrak,amtrak:299645,299645,amtrak:PVD,PVD,15:53:00,15:55:00,4,0,0,
amtrak,amtrak:299645,299645,amtrak:KIN,KIN,16:16:00,16:18:00,5,0,0,
amtrak,amtrak:299645,299645,amtrak:WLY,WLY,16:31:00,16:32:00,6,0,0,
amtrak,amtrak:299645,299645,amtrak:MYS,MYS,16:40:00,16:41:00,7,0,0,
amtrak,amtrak:299645,299645,amtrak:NLC,NLC,16:53:00,16:54:00,8,0,0,
amtrak,amtrak:299645,299645,amtrak:OSB,OSB,17:12:00,17:13:00,9,0,0,
amtrak,amtrak:299645,299645,amtrak:NHV,NHV,17:44:00,17:49:00,10,0,0,
amtrak,amtrak:299645,299645,amtrak:BRP,BRP,18:10:00,18:11:00,11,0,0,
amtrak,amtrak:299645,299645,amtrak:STM,STM,18:37:00,18:39:00,12,0,0,
amtrak,amtrak:299645,299645,amtrak:NRO,NRO,19:01:00,19:02:00,13,0,0,
amtrak,amtrak:299645,299645,amtrak:NYP,NYP,19:43:00,20:01:00,14,0,0,
amtrak,amtrak:299645,299645,amtrak:NWK,NWK,20:17:00,20:18:00,15,0,0,
amtrak,amtrak:299645,299645,amtrak:EWR,EWR,20:22:00,20:23:00,16,0,0,
amtrak,amtrak:299645,299645,amtrak:MET,MET,20:37:00,20:38:00,17,0,0,
amtrak,amtrak:299645,299645,amtrak:NBK,NBK,20:45:00,20:46:00,18,0,0,
amtrak,amtrak:299645,299645,amtrak:PJC,PJC,20:59:00,21:00:00,19,0,0,
amtrak,amtrak:299645,299645,amtrak:TRE,TRE,21:07:00,21:08:00,20,0,0,
amtrak,amtrak:299645,299645,amtrak:PHL,PHL,21:35:00,21:38:00,21,0,0,
amtrak,amtrak:299645,299645,amtrak:WIL,WIL,21:58:00,22:00:00,22,0,0,
amtrak,amtrak:299645,299645,amtrak:BAL,BAL,22:52:00,22:55:00,23,0,0,
amtrak,amtrak:299645,299645,amtrak:BWI,BWI,23:07:00,23:09:00,24,0,0,
amtrak,amtrak:299645,299645,amtrak:NCR,NCR,23:24:00,23:25:00,25,0,0,
amtrak,amtrak:299645,299645,amtrak:WAS,WAS,23:42:00,23:42:00,26,0,0,
amtrak,amtrak:299646,299646,amtrak:BOS,BOS,15:15:00,15:15:00,1,0,0,
amtrak,amtrak:299646,299646,amtrak:BBY,BBY,15:19:00,15:21:00,2,0,0,
amtrak,amtrak:299646,299646,amtrak:RTE,RTE,15:30:00,15:31:00,3,0,0,
amtrak,amtrak:299646,299646,amtrak:PVD,PVD,15:53:00,15:55:00,4,0,0,
amtrak,amtrak:299646,299646,amtrak:KIN,KIN,16:16:00,16:18:00,5,0,0,
amtrak,amtrak:299646,299646,amtrak:WLY,WLY,16:31:00,16:32:00,6,0,0,
amtrak,amtrak:299646,299646,amtrak:MYS,MYS,16:40:00,16:41:00,7,0,0,
amtrak,amtrak:299646,299646,amtrak:NLC,NLC,16:53:00,16:54:00,8,0,0,
amtrak,amtrak:299646,299646,amtrak:OSB,OSB,17:12:00,17:13:00,9,0,0,
amtrak,amtrak:299646,299646,amtrak:NHV,NHV,17:44:00,17:49:00,10,0,0,
amtrak,amtrak:299646,299646,amtrak:BRP,BRP,18:10:00,18:11:00,11,0,0,
amtrak,amtrak:299646,299646,amtrak:STM,STM,18:37:00,18:39:00,12,0,0,
amtrak,amtrak:299646,299646,amtrak:NRO,NRO,19:01:00,19:02:00,13,0,0,
amtrak,amtrak:299646,299646,amtrak:NYP,NYP,19:43:00,20:01:00,14,0,0,
amtrak,amtrak:299646,299646,amtrak:NWK,NWK,20:17:00,20:18:00,15,0,0,
amtrak,amtrak:299646,299646,amtrak:EWR,EWR,20:22:00,20:23:00,16,0,0,
amtrak,amtrak:299646,299646,amtrak:MET,MET,20:37:00,20:38:00,17,0,0,
amtrak,amtrak:299646,299646,amtrak:NBK,NBK,20:45:00,20:46:00,18,0,0,
amtrak,amtrak:299646,299646,amtrak:PJC,PJC,20:59:00,21:00:00,19,0,0,
amtrak,amtrak:299646,299646,amtrak:TRE,TRE,21:07:00,21:08:00,20,0,0,
amtrak,amtrak:299646,299646,amtrak:PHL,PHL,21:35:00,21:38:00,21,0,0,
amtrak,amtrak:299647,299647,amtrak:BOS,BOS,15:15:00,15:15:00,1,0,0,
amtrak,amtrak:299647,299647,amtrak:BBY,BBY,15:19:00,15:21:00,2,0,0,
amtrak,amtrak:299647,299647,amtrak:RTE,RTE,15:30:00,15:31:00,3,0,0,
amtrak,amtrak:299647,299647,amtrak:PVD,PVD,15:53:00,15:55:00,4,0,0,
amtrak,amtrak:299647,299647,amtrak:KIN,KIN,16:16:00,16:18:00,5,0,0,
amtrak,amtrak:299647,299647,amtrak:WLY,WLY,16:31:00,16:32:00,6,0,0,
amtrak,amtrak:299647,299647,amtrak:MYS,MYS,16:40:00,16:41:00,7,0,0,
amtrak,amtrak:299647,299647,amtrak:NLC,NLC,16:53:00,16:54:00,8,0,0,
amtrak,amtrak:299647,299647,amtrak:OSB,OSB,17:12:00,17:13:00,9,0,0,
amtrak,amtrak:299647,299647,amtrak:NHV,NHV,17:44:00,17:49:00,10,0,0,
amtrak,amtrak:299647,299647,amtrak:BRP,BRP,18:10:00,18:11:00,11,0,0,
amtrak,amtrak:299647,299647,amtrak:STM,STM,18:37:00,18:39:00,12,0,0,
amtrak,amtrak:299647,299647,amtrak:NRO,NRO,19:01:00,19:02:00,13,0,0,
amtrak,amtrak:299647,299647,amtrak:NYP,NYP,19:43:00,20:01:00,14,0,0,
amtrak,amtrak:299647,299647,amtrak:NWK,NWK,20:17:00,20:18:00,15,0,0,
amtrak,amtrak:299647,299647,amtrak:EWR,EWR,20:22:00,20:23:00,16,0,0,
amtrak,amtrak:299647,299647,amtrak:MET,MET,20:37:00,20:38:00,17,0,0,
amtrak,amtrak:299647,299647,amtrak:NBK,NBK,20:45:00,20:46:00,18,0,0,
amtrak,amtrak:299647,299647,amtrak:PJC,PJC,20:59:00,21:00:00,19,0,0,
amtrak,amtrak:299647,299647,amtrak:TRE,TRE,21:07:00,21:08:00,20,0,0,
amtrak,amtrak:299647,299647,amtrak:PHL,PHL,21:35:00,21:38:00,21,0,0,
amtrak,amtrak:299647,299647,amtrak:WIL,WIL,21:58:00,22:00:00,22,0,0,
amtrak,amtrak:299647,299647,amtrak:BAL,BAL,22:52:00,22:55:00,23,0,0,
amtrak,amtrak:299647,299647,amtrak:BWI,BWI,23:07:00,23:09:00,24,0,0,
amtrak,amtrak:299647,299647,amtrak:NCR,NCR,23:24:00,23:25:00,25,0,0,
amtrak,amtrak:299647,299647,amtrak:WAS,WAS,23:42:00,23:42:00,26,0,0,
amtrak,amtrak:299649,299649,amtrak:SPG,SPG,8:28:00,8:28:00,1,0,0,
amtrak,amtrak:299649,299649,amtrak:WNL,WNL,8:47:00,8:47:00,2,0,0,
amtrak,amtrak:299649,299649,amtrak:WND,WND,8:54:00,8:54:00,3,0,0,
amtrak,amtrak:299649,299649,amtrak:HFD,HFD,9:04:00,9:06:00,4,0,0,
amtrak,amtrak:299649,299649,amtrak:BER,BER,9:18:00,9:18:00,5,0,0,
amtrak,amtrak:299649,299649,amtrak:MDN,MDN,9:27:00,9:28:00,6,0,0,
amtrak,amtrak:299649,299649,amtrak:WFD,WFD,9:36:00,9:37:00,7,0,0,
amtrak,amtrak:299649,299649,amtrak:STS,STS,9:50:00,9:50:00,8,0,0,
amtrak,amtrak:299649,299649,amtrak:NHV,NHV,9:53:00,10:28:00,9,0,0,
amtrak,amtrak:299649,299649,amtrak:BRP,BRP,10:49:00,10:50:00,10,0,0,
amtrak,amtrak:299649,299649,amtrak:STM,STM,11:17:00,11:18:00,11,0,0,
amtrak,amtrak:299649,299649,amtrak:NRO,NRO,11:44:00,11:45:00,12,0,0,
amtrak,amtrak:299649,299649,amtrak:NYP,NYP,12:22:00,12:50:00,13,0,0,
amtrak,amtrak:299649,299649,amtrak:NWK,NWK,13:06:00,13:07:00,14,0,0,
amtrak,amtrak:299649,299649,amtrak:EWR,EWR,13:11:00,13:12:00,15,0,0,
amtrak,amtrak:299649,299649,amtrak:MET,MET,13:24:00,13:25:00,16,0,0,
amtrak,amtrak:299649,299649,amtrak:NBK,NBK,13:32:00,13:34:00,17,0,0,
amtrak,amtrak:299649,299649,amtrak:TRE,TRE,13:50:00,13:52:00,18,0,0,
amtrak,amtrak:299649,299649,amtrak:PHL,PHL,14:19:00,14:22:00,19,0,0,
amtrak,amtrak:299649,299649,amtrak:WIL,WIL,14:41:00,14:43:00,20,0,0,
amtrak,amtrak:299649,299649,amtrak:NRK,NRK,14:52:00,14:55:00,21,0,0,
amtrak,amtrak:299649,299649,amtrak:BAL,BAL,15:40:00,15:42:00,22,0,0,
amtrak,amtrak:299649,299649,amtrak:BWI,BWI,15:53:00,15:55:00,23,0,0,
amtrak,amtrak:299649,299649,amtrak:NCR,NCR,16:11:00,16:12:00,24,0,0,
amtrak,amtrak:299649,299649,amtrak:WAS,WAS,16:24:00,17:00:00,25,0,0,
amtrak,amtrak:299649,299649,amtrak:ALX,ALX,17:15:00,17:17:00,26,0,0,
amtrak,amtrak:299649,299649,amtrak:BCV,BCV,17:33:00,17:34:00,27,0,0,
amtrak,amtrak:299649,299649,amtrak:MSS,MSS,17:51:00,17:53:00,28,0,0,
amtrak,amtrak:299649,299649,amtrak:CLP,CLP,18:33:00,18:34:00,29,0,0,
amtrak,amtrak:299649,299649,amtrak:CVS,CVS,19:32:00,19:42:00,30,0,0,
amtrak,amtrak:299649,299649,amtrak:LYH,LYH,20:50:00,20:53:00,31,0,0,
amtrak,amtrak:299649,299649,amtrak:RNK,RNK,22:06:00,22:06:00,32,0,0,
amtrak,amtrak:299653,299653,amtrak:SPG,SPG,8:28:00,8:28:00,1,0,0,
amtrak,amtrak:299653,299653,amtrak:WNL,WNL,8:47:00,8:47:00,2,0,0,
amtrak,amtrak:299653,299653,amtrak:WND,WND,8:54:00,8:54:00,3,0,0,
amtrak,amtrak:299653,299653,amtrak:HFD,HFD,9:04:00,9:06:00,4,0,0,
amtrak,amtrak:299653,299653,amtrak:BER,BER,9:18:00,9:18:00,5,0,0,
amtrak,amtrak:299653,299653,amtrak:MDN,MDN,9:27:00,9:28:00,6,0,0,
amtrak,amtrak:299653,299653,amtrak:WFD,WFD,9:36:00,9:37:00,7,0,0,
amtrak,amtrak:299653,299653,amtrak:STS,STS,9:50:00,9:50:00,8,0,0,
amtrak,amtrak:299653,299653,amtrak:NHV,NHV,9:53:00,10:28:00,9,0,0,
amtrak,amtrak:299653,299653,amtrak:BRP,BRP,10:49:00,10:50:00,10,0,0,
amtrak,amtrak:299653,299653,amtrak:STM,STM,11:17:00,11:18:00,11,0,0,
amtrak,amtrak:299653,299653,amtrak:NRO,NRO,11:44:00,11:45:00,12,0,0,
amtrak,amtrak:299653,299653,amtrak:NYP,NYP,12:22:00,12:50:00,13,0,0,
amtrak,amtrak:299653,299653,amtrak:NWK,NWK,13:06:00,13:07:00,14,0,0,
amtrak,amtrak:299653,299653,amtrak:EWR,EWR,13:11:00,13:12:00,15,0,0,
amtrak,amtrak:299653,299653,amtrak:MET,MET,13:24:00,13:25:00,16,0,0,
amtrak,amtrak:299653,299653,amtrak:NBK,NBK,13:32:00,13:34:00,17,0,0,
amtrak,amtrak:299653,299653,amtrak:TRE,TRE,13:50:00,13:52:00,18,0,0,
amtrak,amtrak:299653,299653,amtrak:PHL,PHL,14:19:00,14:22:00,19,0,0,
amtrak,amtrak:299653,299653,amtrak:WIL,WIL,14:41:00,14:43:00,20,0,0,
amtrak,amtrak:299653,299653,amtrak:NRK,NRK,14:52:00,14:55:00,21,0,0,
amtrak,amtrak:299653,299653,amtrak:BAL,BAL,15:40:00,15:42:00,22,0,0,
amtrak,amtrak:299653,299653,amtrak:BWI,BWI,15:53:00,15:55:00,23,0,0,
amtrak,amtrak:299653,299653,amtrak:NCR,NCR,16:11:00,16:12:00,24,0,0,
amtrak,amtrak:299653,299653,amtrak:WAS,WAS,16:24:00,17:00:00,25,0,0,
amtrak,amtrak:299653,299653,amtrak:ALX,ALX,17:15:00,17:17:00,26,0,0,
amtrak,amtrak:299653,299653,amtrak:BCV,BCV,17:33:00,17:34:00,27,0,0,
amtrak,amtrak:299653,299653,amtrak:MSS,MSS,17:51:00,17:53:00,28,0,0,
amtrak,amtrak:299653,299653,amtrak:CLP,CLP,18:33:00,18:34:00,29,0,0,
amtrak,amtrak:299653,299653,amtrak:CVS,CVS,19:32:00,19:42:00,30,0,0,
amtrak,amtrak:299653,299653,amtrak:LYH,LYH,20:50:00,20:53:00,31,0,0,
amtrak,amtrak:299653,299653,amtrak:RNK,RNK,22:06:00,22:06:00,32,0,0,
amtrak,amtrak:299654,299654,amtrak:SPG,SPG,8:28:00,8:28:00,1,0,0,
amtrak,amtrak:299654,299654,amtrak:WNL,WNL,8:47:00,8:47:00,2,0,0,
amtrak,amtrak:299654,299654,amtrak:WND,WND,8:54:00,8:54:00,3,0,0,
amtrak,amtrak:299654,299654,amtrak:HFD,HFD,9:04:00,9:06:00,4,0,0,
amtrak,amtrak:299654,299654,amtrak:BER,BER,9:18:00,9:18:00,5,0,0,
amtrak,amtrak:299654,299654,amtrak:MDN,MDN,9:27:00,9:28:00,6,0,0,
amtrak,amtrak:299654,299654,amtrak:WFD,WFD,9:36:00,9:37:00,7,0,0,
amtrak,amtrak:299654,299654,amtrak:STS,STS,9:50:00,9:50:00,8,0,0,
amtrak,amtrak:299654,299654,amtrak:NHV,NHV,9:53:00,10:28:00,9,0,0,
amtrak,amtrak:299654,299654,amtrak:BRP,BRP,10:49:00,10:50:00,10,0,0,
amtrak,amtrak:299654,299654,amtrak:STM,STM,11:17:00,11:18:00,11,0,0,
amtrak,amtrak:299654,299654,amtrak:NRO,NRO,11:44:00,11:45:00,12,0,0,
amtrak,amtrak:299654,299654,amtrak:NYP,NYP,12:22:00,12:50:00,13,0,0,
amtrak,amtrak:299654,299654,amtrak:NWK,NWK,13:06:00,13:07:00,14,0,0,
amtrak,amtrak:299654,299654,amtrak:EWR,EWR,13:11:00,13:12:00,15,0,0,
amtrak,amtrak:299654,299654,amtrak:MET,MET,13:24:00,13:25:00,16,0,0,
amtrak,amtrak:299654,299654,amtrak:TRE,TRE,13:46:00,13:48:00,17,0,0,
amtrak,amtrak:299654,299654,amtrak:PHL,PHL,14:15:00,14:18:00,18,0,0,
amtrak,amtrak:299654,299654,amtrak:WIL,WIL,14:37:00,14:39:00,19,0,0,
amtrak,amtrak:299654,299654,amtrak:BAL,BAL,15:28:00,15:30:00,20,0,0,
amtrak,amtrak:299654,299654,amtrak:BWI,BWI,15:41:00,15:43:00,21,0,0,
amtrak,amtrak:299654,299654,amtrak:NCR,NCR,15:59:00,16:00:00,22,0,0,
amtrak,amtrak:299654,299654,amtrak:WAS,WAS,16:12:00,17:00:00,23,0,0,
amtrak,amtrak:299654,299654,amtrak:ALX,ALX,17:15:00,17:17:00,24,0,0,
amtrak,amtrak:299654,299654,amtrak:BCV,BCV,17:33:00,17:34:00,25,0,0,
amtrak,amtrak:299654,299654,amtrak:MSS,MSS,17:51:00,17:53:00,26,0,0,
amtrak,amtrak:299654,299654,amtrak:CLP,CLP,18:33:00,18:34:00,27,0,0,
amtrak,amtrak:299654,299654,amtrak:CVS,CVS,19:32:00,19:42:00,28,0,0,
amtrak,amtrak:299654,299654,amtrak:LYH,LYH,20:50:00,20:53:00,29,0,0,
amtrak,amtrak:299654,299654,amtrak:RNK,RNK,22:06:00,22:06:00,30,0,0,
amtrak,amtrak:299655,299655,amtrak:SPG,SPG,8:28:00,8:28:00,1,0,0,
amtrak,amtrak:299655,299655,amtrak:WNL,WNL,8:47:00,8:47:00,2,0,0,
amtrak,amtrak:299655,299655,amtrak:WND,WND,8:54:00,8:54:00,3,0,0,
amtrak,amtrak:299655,299655,amtrak:HFD,HFD,9:04:00,9:06:00,4,0,0,
amtrak,amtrak:299655,299655,amtrak:BER,BER,9:18:00,9:18:00,5,0,0,
amtrak,amtrak:299655,299655,amtrak:MDN,MDN,9:27:00,9:28:00,6,0,0,
amtrak,amtrak:299655,299655,amtrak:WFD,WFD,9:36:00,9:37:00,7,0,0,
amtrak,amtrak:299655,299655,amtrak:STS,STS,9:50:00,9:50:00,8,0,0,
amtrak,amtrak:299655,299655,amtrak:NHV,NHV,9:53:00,10:28:00,9,0,0,
amtrak,amtrak:299655,299655,amtrak:BRP,BRP,10:49:00,10:50:00,10,0,0,
amtrak,amtrak:299655,299655,amtrak:STM,STM,11:17:00,11:18:00,11,0,0,
amtrak,amtrak:299655,299655,amtrak:NRO,NRO,11:44:00,11:45:00,12,0,0,
amtrak,amtrak:299655,299655,amtrak:NYP,NYP,12:22:00,12:50:00,13,0,0,
amtrak,amtrak:299655,299655,amtrak:NWK,NWK,13:06:00,13:07:00,14,0,0,
amtrak,amtrak:299655,299655,amtrak:EWR,EWR,13:11:00,13:12:00,15,0,0,
amtrak,amtrak:299655,299655,amtrak:MET,MET,13:24:00,13:25:00,16,0,0,
amtrak,amtrak:299655,299655,amtrak:TRE,TRE,13:46:00,13:48:00,17,0,0,
amtrak,amtrak:299655,299655,amtrak:PHL,PHL,14:15:00,14:18:00,18,0,0,
amtrak,amtrak:299655,299655,amtrak:WIL,WIL,14:37:00,14:39:00,19,0,0,
amtrak,amtrak:299655,299655,amtrak:BAL,BAL,15:28:00,15:30:00,20,0,0,
amtrak,amtrak:299655,299655,amtrak:BWI,BWI,15:41:00,15:43:00,21,0,0,
amtrak,amtrak:299655,299655,amtrak:NCR,NCR,15:59:00,16:00:00,22,0,0,
amtrak,amtrak:299655,299655,amtrak:WAS,WAS,16:12:00,17:00:00,23,0,0,
amtrak,amtrak:299655,299655,amtrak:ALX,ALX,17:15:00,17:17:00,24,0,0,
amtrak,amtrak:299655,299655,amtrak:BCV,BCV,17:33:00,17:34:00,25,0,0,
amtrak,amtrak:299655,299655,amtrak:MSS,MSS,17:51:00,17:53:00,26,0,0,
amtrak,amtrak:299655,299655,amtrak:CLP,CLP,18:33:00,18:34:00,27,0,0,
amtrak,amtrak:299655,299655,amtrak:CVS,CVS,19:32:00,19:42:00,28,0,0,
amtrak,amtrak:299655,299655,amtrak:LYH,LYH,20:50:00,20:53:00,29,0,0,
amtrak,amtrak:299655,299655,amtrak:RNK,RNK,22:06:00,22:06:00,30,0,0,
amtrak,amtrak:299656,299656,amtrak:SPG,SPG,8:28:00,8:28:00,1,0,0,
amtrak,amtrak:299656,299656,amtrak:WNL,WNL,8:47:00,8:47:00,2,0,0,
amtrak,amtrak:299656,299656,amtrak:WND,WND,8:54:00,8:54:00,3,0,0,
amtrak,amtrak:299656,299656,amtrak:HFD,HFD,9:04:00,9:06:00,4,0,0,
amtrak,amtrak:299656,299656,amtrak:BER,BER,9:18:00,9:18:00,5,0,0,
amtrak,amtrak:299656,299656,amtrak:MDN,MDN,9:27:00,9:28:00,6,0,0,
amtrak,amtrak:299656,299656,amtrak:WFD,WFD,9:36:00,9:37:00,7,0,0,
amtrak,amtrak:299656,299656,amtrak:STS,STS,9:50:00,9:50:00,8,0,0,
amtrak,amtrak:299656,299656,amtrak:NHV,NHV,9:53:00,10:28:00,9,0,0,
amtrak,amtrak:299656,299656,amtrak:BRP,BRP,10:49:00,10:50:00,10,0,0,
amtrak,amtrak:299656,299656,amtrak:STM,STM,11:17:00,11:18:00,11,0,0,
amtrak,amtrak:299656,299656,amtrak:NRO,NRO,11:44:00,11:45:00,12,0,0,
amtrak,amtrak:299656,299656,amtrak:NYP,NYP,12:22:00,12:50:00,13,0,0,
amtrak,amtrak:299656,299656,amtrak:NWK,NWK,13:06:00,13:07:00,14,0,0,
amtrak,amtrak:299656,299656,amtrak:EWR,EWR,13:11:00,13:12:00,15,0,0,
amtrak,amtrak:299656,299656,amtrak:MET,MET,13:24:00,13:25:00,16,0,0,
amtrak,amtrak:299656,299656,amtrak:TRE,TRE,13:46:00,13:48:00,17,0,0,
amtrak,amtrak:299656,299656,amtrak:PHL,PHL,14:15:00,14:18:00,18,0,0,
amtrak,amtrak:299656,299656,amtrak:WIL,WIL,14:37:00,14:39:00,19,0,0,
amtrak,amtrak:299656,299656,amtrak:BAL,BAL,15:28:00,15:30:00,20,0,0,
amtrak,amtrak:299656,299656,amtrak:BWI,BWI,15:41:00,15:43:00,21,0,0,
amtrak,amtrak:299656,299656,amtrak:NCR,NCR,15:59:00,16:00:00,22,0,0,
amtrak,amtrak:299656,299656,amtrak:WAS,WAS,16:12:00,17:00:00,23,0,0,
amtrak,amtrak:299657,299657,amtrak:SPG,SPG,8:28:00,8:28:00,1,0,0,
amtrak,amtrak:299657,299657,amtrak:WNL,WNL,8:47:00,8:47:00,2,0,0,
amtrak,amtrak:299657,299657,amtrak:WND,WND,8:54:00,8:54:00,3,0,0,
amtrak,amtrak:299657,299657,amtrak:HFD,HFD,9:04:00,9:06:00,4,0,0,
amtrak,amtrak:299657,299657,amtrak:BER,BER,9:18:00,9:18:00,5,0,0,
amtrak,amtrak:299657,299657,amtrak:MDN,MDN,9:27:00,9:28:00,6,0,0,
amtrak,amtrak:299657,299657,amtrak:WFD,WFD,9:36:00,9:37:00,7,0,0,
amtrak,amtrak:299657,299657,amtrak:STS,STS,9:50:00,9:50:00,8,0,0,
amtrak,amtrak:299657,299657,amtrak:NHV,NHV,9:53:00,10:28:00,9,0,0,
amtrak,amtrak:299657,299657,amtrak:BRP,BRP,10:49:00,10:50:00,10,0,0,
amtrak,amtrak:299657,299657,amtrak:STM,STM,11:17:00,11:18:00,11,0,0,
amtrak,amtrak:299657,299657,amtrak:NRO,NRO,11:44:00,11:45:00,12,0,0,
amtrak,amtrak:299657,299657,amtrak:NYP,NYP,12:22:00,12:50:00,13,0,0,
amtrak,amtrak:299657,299657,amtrak:NWK,NWK,13:06:00,13:07:00,14,0,0,
amtrak,amtrak:299657,299657,amtrak:EWR,EWR,13:11:00,13:12:00,15,0,0,
amtrak,amtrak:299657,299657,amtrak:MET,MET,13:24:00,13:25:00,16,0,0,
amtrak,amtrak:299657,299657,amtrak:TRE,TRE,13:46:00,13:48:00,17,0,0,
amtrak,amtrak:299657,299657,amtrak:PHL,PHL,14:15:00,14:18:00,18,0,0,
amtrak,amtrak:299657,299657,amtrak:WIL,WIL,14:37:00,14:39:00,19,0,0,
amtrak,amtrak:299657,299657,amtrak:BAL,BAL,15:28:00,15:30:00,20,0,0,
amtrak,amtrak:299657,299657,amtrak:BWI,BWI,15:41:00,15:43:00,21,0,0,
amtrak,amtrak:299657,299657,amtrak:NCR,NCR,15:59:00,16:00:00,22,0,0,
amtrak,amtrak:299657,299657,amtrak:WAS,WAS,16:12:00,17:00:00,23,0,0,
amtrak,amtrak:299657,299657,amtrak:ALX,ALX,17:15:00,17:17:00,24,0,0,
amtrak,amtrak:299657,299657,amtrak:BCV,BCV,17:33:00,17:34:00,25,0,0,
amtrak,amtrak:299657,299657,amtrak:MSS,MSS,17:51:00,17:53:00,26,0,0,
amtrak,amtrak:299657,299657,amtrak:CLP,CLP,18:33:00,18:34:00,27,0,0,
amtrak,amtrak:299657,299657,amtrak:CVS,CVS,19:32:00,19:42:00,28,0,0,
amtrak,amtrak:299657,299657,amtrak:LYH,LYH,20:50:00,20:53:00,29,0,0,
amtrak,amtrak:299657,299657,amtrak:RNK,RNK,22:06:00,22:06:00,30,0,0,
amtrak,amtrak:299658,299658,amtrak:SPG,SPG,8:28:00,8:28:00,1,0,0,
amtrak,amtrak:299658,299658,amtrak:WNL,WNL,8:47:00,8:47:00,2,0,0,
amtrak,amtrak:299658,299658,amtrak:WND,WND,8:54:00,8:54:00,3,0,0,
amtrak,amtrak:299658,299658,amtrak:HFD,HFD,9:04:00,9:06:00,4,0,0,
amtrak,amtrak:299658,299658,amtrak:BER,BER,9:18:00,9:18:00,5,0,0,
amtrak,amtrak:299658,299658,amtrak:MDN,MDN,9:27:00,9:28:00,6,0,0,
amtrak,amtrak:299658,299658,amtrak:WFD,WFD,9:36:00,9:37:00,7,0,0,
amtrak,amtrak:299658,299658,amtrak:STS,STS,9:50:00,9:50:00,8,0,0,
amtrak,amtrak:299658,299658,amtrak:NHV,NHV,9:53:00,10:28:00,9,0,0,
amtrak,amtrak:299658,299658,amtrak:BRP,BRP,10:49:00,10:50:00,10,0,0,
amtrak,amtrak:299658,299658,amtrak:STM,STM,11:17:00,11:18:00,11,0,0,
amtrak,amtrak:299658,299658,amtrak:NRO,NRO,11:44:00,11:45:00,12,0,0,
amtrak,amtrak:299658,299658,amtrak:NYP,NYP,12:22:00,12:50:00,13,0,0,
amtrak,amtrak:299658,299658,amtrak:NWK,NWK,13:06:00,13:07:00,14,0,0,
amtrak,amtrak:299658,299658,amtrak:EWR,EWR,13:11:00,13:12:00,15,0,0,
amtrak,amtrak:299658,299658,amtrak:MET,MET,13:24:00,13:25:00,16,0,0,
amtrak,amtrak:299658,299658,amtrak:TRE,TRE,13:46:00,13:48:00,17,0,0,
amtrak,amtrak:299658,299658,amtrak:PHL,PHL,14:15:00,14:18:00,18,0,0,
amtrak,amtrak:299658,299658,amtrak:WIL,WIL,14:37:00,14:39:00,19,0,0,
amtrak,amtrak:299658,299658,amtrak:BAL,BAL,15:28:00,15:30:00,20,0,0,
amtrak,amtrak:299658,299658,amtrak:BWI,BWI,15:41:00,15:43:00,21,0,0,
amtrak,amtrak:299658,299658,amtrak:NCR,NCR,15:59:00,16:00:00,22,0,0,
amtrak,amtrak:299658,299658,amtrak:WAS,WAS,16:12:00,17:00:00,23,0,0,
amtrak,amtrak:299658,299658,amtrak:ALX,ALX,17:15:00,17:17:00,24,0,0,
amtrak,amtrak:299658,299658,amtrak:BCV,BCV,17:33:00,17:34:00,25,0,0,
amtrak,amtrak:299658,299658,amtrak:MSS,MSS,17:51:00,17:53:00,26,0,0,
amtrak,amtrak:299658,299658,amtrak:CLP,CLP,18:33:00,18:34:00,27,0,0,
amtrak,amtrak:299658,299658,amtrak:CVS,CVS,19:32:00,19:42:00,28,0,0,
amtrak,amtrak:299658,299658,amtrak:LYH,LYH,20:50:00,20:53:00,29,0,0,
amtrak,amtrak:299658,299658,amtrak:RNK,RNK,22:06:00,22:06:00,30,0,0,
amtrak,amtrak:299659,299659,amtrak:SPG,SPG,8:28:00,8:28:00,1,0,0,
amtrak,amtrak:299659,299659,amtrak:WNL,WNL,8:47:00,8:47:00,2,0,0,
amtrak,amtrak:299659,299659,amtrak:WND,WND,8:54:00,8:54:00,3,0,0,
amtrak,amtrak:299659,299659,amtrak:HFD,HFD,9:04:00,9:06:00,4,0,0,
amtrak,amtrak:299659,299659,amtrak:BER,BER,9:18:00,9:18:00,5,0,0,
amtrak,amtrak:299659,299659,amtrak:MDN,MDN,9:27:00,9:28:00,6,0,0,
amtrak,amtrak:299659,299659,amtrak:WFD,WFD,9:36:00,9:37:00,7,0,0,
amtrak,amtrak:299659,299659,amtrak:STS,STS,9:50:00,9:50:00,8,0,0,
amtrak,amtrak:299659,299659,amtrak:NHV,NHV,9:53:00,10:28:00,9,0,0,
amtrak,amtrak:299659,299659,amtrak:BRP,BRP,10:49:00,10:50:00,10,0,0,
amtrak,amtrak:299659,299659,amtrak:STM,STM,11:17:00,11:18:00,11,0,0,
amtrak,amtrak:299659,299659,amtrak:NRO,NRO,11:44:00,11:45:00,12,0,0,
amtrak,amtrak:299659,299659,amtrak:NYP,NYP,12:22:00,12:50:00,13,0,0,
amtrak,amtrak:299659,299659,amtrak:NWK,NWK,13:06:00,13:07:00,14,0,0,
amtrak,amtrak:299659,299659,amtrak:EWR,EWR,13:11:00,13:12:00,15,0,0,
amtrak,amtrak:299659,299659,amtrak:MET,MET,13:24:00,13:25:00,16,0,0,
amtrak,amtrak:299659,299659,amtrak:NBK,NBK,13:32:00,13:34:00,17,0,0,
amtrak,amtrak:299659,299659,amtrak:TRE,TRE,13:50:00,13:52:00,18,0,0,
amtrak,amtrak:299659,299659,amtrak:PHL,PHL,14:19:00,14:22:00,19,0,0,
amtrak,amtrak:299659,299659,amtrak:WIL,WIL,14:41:00,14:43:00,20,0,0,
amtrak,amtrak:299659,299659,amtrak:NRK,NRK,14:52:00,14:55:00,21,0,0,
amtrak,amtrak:299659,299659,amtrak:BAL,BAL,15:40:00,15:42:00,22,0,0,
amtrak,amtrak:299659,299659,amtrak:BWI,BWI,15:53:00,15:55:00,23,0,0,
amtrak,amtrak:299659,299659,amtrak:NCR,NCR,16:11:00,16:12:00,24,0,0,
amtrak,amtrak:299659,299659,amtrak:WAS,WAS,16:24:00,17:00:00,25,0,0,
amtrak,amtrak:299659,299659,amtrak:ALX,ALX,17:15:00,17:17:00,26,0,0,
amtrak,amtrak:299659,299659,amtrak:BCV,BCV,17:33:00,17:34:00,27,0,0,
amtrak,amtrak:299659,299659,amtrak:MSS,MSS,17:51:00,17:53:00,28,0,0,
amtrak,amtrak:299659,299659,amtrak:CLP,CLP,18:33:00,18:34:00,29,0,0,
amtrak,amtrak:299659,299659,amtrak:CVS,CVS,19:32:00,19:42:00,30,0,0,
amtrak,amtrak:299659,299659,amtrak:LYH,LYH,20:50:00,20:53:00,31,0,0,
amtrak,amtrak:299659,299659,amtrak:RNK,RNK,22:06:00,22:06:00,32,0,0,
amtrak,amtrak:299661,299661,amtrak:SPG,SPG,8:28:00,8:28:00,1,0,0,
amtrak,amtrak:299661,299661,amtrak:WNL,WNL,8:47:00,8:47:00,2,0,0,
amtrak,amtrak:299661,299661,amtrak:WND,WND,8:54:00,8:54:00,3,0,0,
amtrak,amtrak:299661,299661,amtrak:HFD,HFD,9:04:00,9:06:00,4,0,0,
amtrak,amtrak:299661,299661,amtrak:BER,BER,9:18:00,9:18:00,5,0,0,
amtrak,amtrak:299661,299661,amtrak:MDN,MDN,9:27:00,9:28:00,6,0,0,
amtrak,amtrak:299661,299661,amtrak:WFD,WFD,9:36:00,9:37:00,7,0,0,
amtrak,amtrak:299661,299661,amtrak:STS,STS,9:50:00,9:50:00,8,0,0,
amtrak,amtrak:299661,299661,amtrak:NHV,NHV,9:53:00,10:28:00,9,0,0,
amtrak,amtrak:299661,299661,amtrak:BRP,BRP,10:49:00,10:50:00,10,0,0,
amtrak,amtrak:299661,299661,amtrak:STM,STM,11:17:00,11:18:00,11,0,0,
amtrak,amtrak:299661,299661,amtrak:NRO,NRO,11:44:00,11:45:00,12,0,0,
amtrak,amtrak:299661,299661,amtrak:NYP,NYP,12:22:00,12:50:00,13,0,0,
amtrak,amtrak:299661,299661,amtrak:NWK,NWK,13:06:00,13:07:00,14,0,0,
amtrak,amtrak:299661,299661,amtrak:EWR,EWR,13:11:00,13:12:00,15,0,0,
amtrak,amtrak:299661,299661,amtrak:MET,MET,13:24:00,13:25:00,16,0,0,
amtrak,amtrak:299661,299661,amtrak:NBK,NBK,13:32:00,13:34:00,17,0,0,
amtrak,amtrak:299661,299661,amtrak:TRE,TRE,13:50:00,13:52:00,18,0,0,
amtrak,amtrak:299661,299661,amtrak:PHL,PHL,14:19:00,14:22:00,19,0,0,
amtrak,amtrak:299661,299661,amtrak:WIL,WIL,14:41:00,14:43:00,20,0,0,
amtrak,amtrak:299661,299661,amtrak:NRK,NRK,14:52:00,14:55:00,21,0,0,
amtrak,amtrak:299661,299661,amtrak:BAL,BAL,15:40:00,15:42:00,22,0,0,
amtrak,amtrak:299661,299661,amtrak:BWI,BWI,15:53:00,15:55:00,23,0,0,
amtrak,amtrak:299661,299661,amtrak:NCR,NCR,16:11:00,16:12:00,24,0,0,
amtrak,amtrak:299661,299661,amtrak:WAS,WAS,16:24:00,17:00:00,25,0,0,
amtrak,amtrak:299661,299661,amtrak:ALX,ALX,17:15:00,17:17:00,26,0,0,
amtrak,amtrak:299661,299661,amtrak:BCV,BCV,17:33:00,17:34:00,27,0,0,
amtrak,amtrak:299661,299661,amtrak:MSS,MSS,17:51:00,17:53:00,28,0,0,
amtrak,amtrak:299661,299661,amtrak:CLP,CLP,18:33:00,18:34:00,29,0,0,
amtrak,amtrak:299661,299661,amtrak:CVS,CVS,19:32:00,19:42:00,30,0,0,
amtrak,amtrak:299661,299661,amtrak:LYH,LYH,20:50:00,20:53:00,31,0,0,
amtrak,amtrak:299661,299661,amtrak:RNK,RNK,22:06:00,22:06:00,32,0,0,
amtrak,amtrak:299662,299662,amtrak:SPG,SPG,8:28:00,8:28:00,1,0,0,
amtrak,amtrak:299662,299662,amtrak:WNL,WNL,8:47:00,8:47:00,2,0,0,
amtrak,amtrak:299662,299662,amtrak:WND,WND,8:54:00,8:54:00,3,0,0,
amtrak,amtrak:299662,299662,amtrak:HFD,HFD,9:04:00,9:06:00,4,0,0,
amtrak,amtrak:299662,299662,amtrak:BER,BER,9:18:00,9:18:00,5,0,0,
amtrak,amtrak:299662,299662,amtrak:MDN,MDN,9:27:00,9:28:00,6,0,0,
amtrak,amtrak:299662,299662,amtrak:WFD,WFD,9:36:00,9:37:00,7,0,0,
amtrak,amtrak:299662,299662,amtrak:STS,STS,9:50:00,9:50:00,8,0,0,
amtrak,amtrak:299662,299662,amtrak:NHV,NHV,9:53:00,10:28:00,9,0,0,
amtrak,amtrak:299662,299662,amtrak:BRP,BRP,10:49:00,10:50:00,10,0,0,
amtrak,amtrak:299662,299662,amtrak:STM,STM,11:17:00,11:18:00,11,0,0,
amtrak,amtrak:299662,299662,amtrak:NRO,NRO,11:44:00,11:45:00,12,0,0,
amtrak,amtrak:299662,299662,amtrak:NYP,NYP,12:22:00,12:50:00,13,0,0,
amtrak,amtrak:299662,299662,amtrak:NWK,NWK,13:06:00,13:07:00,14,0,0,
amtrak,amtrak:299662,299662,amtrak:EWR,EWR,13:11:00,13:12:00,15,0,0,
amtrak,amtrak:299662,299662,amtrak:MET,MET,13:24:00,13:25:00,16,0,0,
amtrak,amtrak:299662,299662,amtrak:NBK,NBK,13:32:00,13:34:00,17,0,0,
amtrak,amtrak:299662,299662,amtrak:TRE,TRE,13:50:00,13:52:00,18,0,0,
amtrak,amtrak:299662,299662,amtrak:PHL,PHL,14:19:00,14:22:00,19,0,0,
amtrak,amtrak:299662,299662,amtrak:WIL,WIL,14:41:00,14:43:00,20,0,0,
amtrak,amtrak:299662,299662,amtrak:NRK,NRK,14:52:00,14:55:00,21,0,0,
amtrak,amtrak:299662,299662,amtrak:BAL,BAL,15:34:00,15:36:00,22,0,0,
amtrak,amtrak:299662,299662,amtrak:BWI,BWI,15:47:00,15:49:00,23,0,0,
amtrak,amtrak:299662,299662,amtrak:NCR,NCR,16:05:00,16:06:00,24,0,0,
amtrak,amtrak:299662,299662,amtrak:WAS,WAS,16:18:00,17:00:00,25,0,0,
amtrak,amtrak:299662,299662,amtrak:ALX,ALX,17:15:00,17:17:00,26,0,0,
amtrak,amtrak:299662,299662,amtrak:BCV,BCV,17:33:00,17:34:00,27,0,0,
amtrak,amtrak:299662,299662,amtrak:MSS,MSS,17:51:00,17:53:00,28,0,0,
amtrak,amtrak:299662,299662,amtrak:CLP,CLP,18:33:00,18:34:00,29,0,0,
amtrak,amtrak:299662,299662,amtrak:CVS,CVS,19:32:00,19:42:00,30,0,0,
amtrak,amtrak:299662,299662,amtrak:LYH,LYH,20:50:00,20:53:00,31,0,0,
amtrak,amtrak:299662,299662,amtrak:RNK,RNK,22:06:00,22:06:00,32,0,0,
amtrak,amtrak:299663,299663,amtrak:SPG,SPG,8:28:00,8:28:00,1,0,0,
amtrak,amtrak:299663,299663,amtrak:WNL,WNL,8:47:00,8:47:00,2,0,0,
amtrak,amtrak:299663,299663,amtrak:WND,WND,8:54:00,8:54:00,3,0,0,
amtrak,amtrak:299663,299663,amtrak:HFD,HFD,9:04:00,9:06:00,4,0,0,
amtrak,amtrak:299663,299663,amtrak:BER,BER,9:18:00,9:18:00,5,0,0,
amtrak,amtrak:299663,299663,amtrak:MDN,MDN,9:27:00,9:28:00,6,0,0,
amtrak,amtrak:299663,299663,amtrak:WFD,WFD,9:36:00,9:37:00,7,0,0,
amtrak,amtrak:299663,299663,amtrak:STS,STS,9:50:00,9:50:00,8,0,0,
amtrak,amtrak:299663,299663,amtrak:NHV,NHV,9:53:00,10:28:00,9,0,0,
amtrak,amtrak:299663,299663,amtrak:BRP,BRP,10:49:00,10:50:00,10,0,0,
amtrak,amtrak:299663,299663,amtrak:STM,STM,11:17:00,11:18:00,11,0,0,
amtrak,amtrak:299663,299663,amtrak:NRO,NRO,11:44:00,11:45:00,12,0,0,
amtrak,amtrak:299663,299663,amtrak:NYP,NYP,12:22:00,12:50:00,13,0,0,
amtrak,amtrak:299663,299663,amtrak:NWK,NWK,13:06:00,13:07:00,14,0,0,
amtrak,amtrak:299663,299663,amtrak:EWR,EWR,13:11:00,13:12:00,15,0,0,
amtrak,amtrak:299663,299663,amtrak:MET,MET,13:24:00,13:25:00,16,0,0,
amtrak,amtrak:299663,299663,amtrak:NBK,NBK,13:32:00,13:34:00,17,0,0,
amtrak,amtrak:299663,299663,amtrak:TRE,TRE,13:50:00,13:52:00,18,0,0,
amtrak,amtrak:299663,299663,amtrak:PHL,PHL,14:19:00,14:22:00,19,0,0,
amtrak,amtrak:299663,299663,amtrak:WIL,WIL,14:41:00,14:43:00,20,0,0,
amtrak,amtrak:299663,299663,amtrak:NRK,NRK,14:52:00,14:55:00,21,0,0,
amtrak,amtrak:299663,299663,amtrak:BAL,BAL,15:34:00,15:36:00,22,0,0,
amtrak,amtrak:299663,299663,amtrak:BWI,BWI,15:47:00,15:49:00,23,0,0,
amtrak,amtrak:299663,299663,amtrak:NCR,NCR,16:05:00,16:06:00,24,0,0,
amtrak,amtrak:299663,299663,amtrak:WAS,WAS,16:18:00,17:00:00,25,0,0,
amtrak,amtrak:299663,299663,amtrak:ALX,ALX,17:15:00,17:17:00,26,0,0,
amtrak,amtrak:299663,299663,amtrak:BCV,BCV,17:33:00,17:34:00,27,0,0,
amtrak,amtrak:299663,299663,amtrak:MSS,MSS,17:51:00,17:53:00,28,0,0,
amtrak,amtrak:299663,299663,amtrak:CLP,CLP,18:33:00,18:34:00,29,0,0,
amtrak,amtrak:299663,299663,amtrak:CVS,CVS,19:32:00,19:42:00,30,0,0,
amtrak,amtrak:299663,299663,amtrak:LYH,LYH,20:50:00,20:53:00,31,0,0,
amtrak,amtrak:299663,299663,amtrak:RNK,RNK,22:06:00,22:06:00,32,0,0,
amtrak,amtrak:299666,299666,amtrak:NPN,NPN,4:20:00,4:20:00,1,0,0,
amtrak,amtrak:299666,299666,amtrak:WBG,WBG,4:33:00,4:36:00,2,0,0,
amtrak,amtrak:299666,299666,amtrak:RVM,RVM,5:23:00,5:26:00,3,0,0,
amtrak,amtrak:299666,299666,amtrak:RVR,RVR,5:53:00,5:58:00,4,0,0,
amtrak,amtrak:299666,299666,amtrak:ASD,ASD,6:11:00,6:12:00,5,0,0,
amtrak,amtrak:299666,299666,amtrak:FBG,FBG,6:53:00,6:54:00,6,0,0,
amtrak,amtrak:299666,299666,amtrak:QAN,QAN,7:14:00,7:15:00,7,0,0,
amtrak,amtrak:299666,299666,amtrak:WDB,WDB,7:27:00,7:28:00,8,0,0,
amtrak,amtrak:299666,299666,amtrak:ALX,ALX,7:55:00,7:57:00,9,0,0,
amtrak,amtrak:299666,299666,amtrak:WAS,WAS,8:22:00,9:10:00,10,0,0,
amtrak,amtrak:299666,299666,amtrak:NCR,NCR,9:21:00,9:21:00,11,0,0,
amtrak,amtrak:299666,299666,amtrak:BWI,BWI,9:36:00,9:38:00,12,0,0,
amtrak,amtrak:299666,299666,amtrak:BAL,BAL,9:51:00,9:53:00,13,0,0,
amtrak,amtrak:299666,299666,amtrak:WIL,WIL,10:38:00,10:40:00,14,0,0,
amtrak,amtrak:299666,299666,amtrak:PHL,PHL,11:04:00,11:07:00,15,0,0,
amtrak,amtrak:299666,299666,amtrak:TRE,TRE,11:33:00,11:35:00,16,0,0,
amtrak,amtrak:299666,299666,amtrak:PJC,PJC,11:45:00,11:46:00,17,0,0,
amtrak,amtrak:299666,299666,amtrak:NBK,NBK,11:59:00,11:59:00,18,0,0,
amtrak,amtrak:299666,299666,amtrak:EWR,EWR,12:22:00,12:23:00,19,0,0,
amtrak,amtrak:299666,299666,amtrak:NWK,NWK,12:28:00,12:30:00,20,0,0,
amtrak,amtrak:299666,299666,amtrak:NYP,NYP,12:48:00,13:00:00,21,0,0,
amtrak,amtrak:299666,299666,amtrak:NRO,NRO,13:27:00,13:27:00,22,0,0,
amtrak,amtrak:299666,299666,amtrak:STM,STM,13:46:00,13:48:00,23,0,0,
amtrak,amtrak:299666,299666,amtrak:BRP,BRP,14:15:00,14:16:00,24,0,0,
amtrak,amtrak:299666,299666,amtrak:NHV,NHV,14:44:00,14:46:00,25,0,0,
amtrak,amtrak:299666,299666,amtrak:OSB,OSB,15:15:00,15:16:00,26,0,0,
amtrak,amtrak:299666,299666,amtrak:NLC,NLC,15:34:00,15:36:00,27,0,0,
amtrak,amtrak:299666,299666,amtrak:MYS,MYS,15:47:00,15:48:00,28,0,0,
amtrak,amtrak:299666,299666,amtrak:WLY,WLY,15:57:00,15:58:00,29,0,0,
amtrak,amtrak:299666,299666,amtrak:KIN,KIN,16:12:00,16:14:00,30,0,0,
amtrak,amtrak:299666,299666,amtrak:PVD,PVD,16:33:00,16:33:00,31,0,0,
amtrak,amtrak:299666,299666,amtrak:RTE,RTE,17:04:00,17:04:00,32,1,0,
amtrak,amtrak:299666,299666,amtrak:BBY,BBY,17:15:00,17:15:00,33,1,0,
amtrak,amtrak:299666,299666,amtrak:BOS,BOS,17:24:00,17:24:00,34,0,0,
amtrak,amtrak:299669,299669,amtrak:NPN,NPN,4:20:00,4:20:00,1,0,0,
amtrak,amtrak:299669,299669,amtrak:WBG,WBG,4:33:00,4:36:00,2,0,0,
amtrak,amtrak:299669,299669,amtrak:RVM,RVM,5:23:00,5:26:00,3,0,0,
amtrak,amtrak:299669,299669,amtrak:RVR,RVR,5:53:00,5:58:00,4,0,0,
amtrak,amtrak:299669,299669,amtrak:ASD,ASD,6:11:00,6:12:00,5,0,0,
amtrak,amtrak:299669,299669,amtrak:FBG,FBG,6:53:00,6:54:00,6,0,0,
amtrak,amtrak:299669,299669,amtrak:QAN,QAN,7:14:00,7:15:00,7,0,0,
amtrak,amtrak:299669,299669,amtrak:WDB,WDB,7:27:00,7:28:00,8,0,0,
amtrak,amtrak:299669,299669,amtrak:ALX,ALX,7:55:00,7:57:00,9,0,0,
amtrak,amtrak:299669,299669,amtrak:WAS,WAS,8:22:00,9:10:00,10,0,0,
amtrak,amtrak:299669,299669,amtrak:NCR,NCR,9:21:00,9:21:00,11,0,0,
amtrak,amtrak:299669,299669,amtrak:BWI,BWI,9:36:00,9:38:00,12,0,0,
amtrak,amtrak:299669,299669,amtrak:BAL,BAL,9:51:00,9:53:00,13,0,0,
amtrak,amtrak:299669,299669,amtrak:WIL,WIL,10:38:00,10:40:00,14,0,0,
amtrak,amtrak:299669,299669,amtrak:PHL,PHL,11:04:00,11:07:00,15,0,0,
amtrak,amtrak:299669,299669,amtrak:TRE,TRE,11:33:00,11:35:00,16,0,0,
amtrak,amtrak:299669,299669,amtrak:PJC,PJC,11:45:00,11:46:00,17,0,0,
amtrak,amtrak:299669,299669,amtrak:NBK,NBK,11:59:00,11:59:00,18,0,0,
amtrak,amtrak:299669,299669,amtrak:EWR,EWR,12:22:00,12:23:00,19,0,0,
amtrak,amtrak:299669,299669,amtrak:NWK,NWK,12:28:00,12:30:00,20,0,0,
amtrak,amtrak:299669,299669,amtrak:NYP,NYP,12:48:00,13:00:00,21,0,0,
amtrak,amtrak:299669,299669,amtrak:NRO,NRO,13:27:00,13:27:00,22,0,0,
amtrak,amtrak:299669,299669,amtrak:STM,STM,13:46:00,13:48:00,23,0,0,
amtrak,amtrak:299669,299669,amtrak:BRP,BRP,14:15:00,14:16:00,24,0,0,
amtrak,amtrak:299669,299669,amtrak:NHV,NHV,14:44:00,14:46:00,25,0,0,
amtrak,amtrak:299669,299669,amtrak:OSB,OSB,15:15:00,15:16:00,26,0,0,
amtrak,amtrak:299669,299669,amtrak:NLC,NLC,15:34:00,15:36:00,27,0,0,
amtrak,amtrak:299669,299669,amtrak:MYS,MYS,15:47:00,15:48:00,28,0,0,
amtrak,amtrak:299669,299669,amtrak:WLY,WLY,15:57:00,15:58:00,29,0,0,
amtrak,amtrak:299669,299669,amtrak:KIN,KIN,16:12:00,16:14:00,30,0,0,
amtrak,amtrak:299669,299669,amtrak:PVD,PVD,16:33:00,16:33:00,31,0,0,
amtrak,amtrak:299669,299669,amtrak:RTE,RTE,17:04:00,17:04:00,32,1,0,
amtrak,amtrak:299669,299669,amtrak:BBY,BBY,17:15:00,17:15:00,33,1,0,
amtrak,amtrak:299669,299669,amtrak:BOS,BOS,17:24:00,17:24:00,34,0,0,
amtrak,amtrak:299670,299670,amtrak:NPN,NPN,4:08:00,4:08:00,1,0,0,
amtrak,amtrak:299670,299670,amtrak:WBG,WBG,4:21:00,4:24:00,2,0,0,
amtrak,amtrak:299670,299670,amtrak:RVM,RVM,5:14:00,5:19:00,3,0,0,
amtrak,amtrak:299670,299670,amtrak:RVR,RVR,5:49:00,5:54:00,4,0,0,
amtrak,amtrak:299670,299670,amtrak:ASD,ASD,6:07:00,6:08:00,5,0,0,
amtrak,amtrak:299670,299670,amtrak:FBG,FBG,6:52:00,6:53:00,6,0,0,
amtrak,amtrak:299670,299670,amtrak:QAN,QAN,7:13:00,7:14:00,7,0,0,
amtrak,amtrak:299670,299670,amtrak:WDB,WDB,7:25:00,7:26:00,8,0,0,
amtrak,amtrak:299670,299670,amtrak:ALX,ALX,7:50:00,7:52:00,9,0,0,
amtrak,amtrak:299670,299670,amtrak:WAS,WAS,8:18:00,9:10:00,10,0,0,
amtrak,amtrak:299670,299670,amtrak:NCR,NCR,9:21:00,9:21:00,11,0,0,
amtrak,amtrak:299670,299670,amtrak:BWI,BWI,9:36:00,9:38:00,12,0,0,
amtrak,amtrak:299670,299670,amtrak:BAL,BAL,9:55:00,9:57:00,13,0,0,
amtrak,amtrak:299670,299670,amtrak:WIL,WIL,10:39:00,10:41:00,14,0,0,
amtrak,amtrak:299670,299670,amtrak:PHL,PHL,11:02:00,11:05:00,15,0,0,
amtrak,amtrak:299670,299670,amtrak:TRE,TRE,11:33:00,11:35:00,16,0,0,
amtrak,amtrak:299670,299670,amtrak:PJC,PJC,11:45:00,11:46:00,17,0,0,
amtrak,amtrak:299670,299670,amtrak:NBK,NBK,11:59:00,11:59:00,18,0,0,
amtrak,amtrak:299670,299670,amtrak:MET,MET,12:10:00,12:11:00,19,0,0,
amtrak,amtrak:299670,299670,amtrak:EWR,EWR,12:22:00,12:23:00,20,0,0,
amtrak,amtrak:299670,299670,amtrak:NWK,NWK,12:28:00,12:30:00,21,0,0,
amtrak,amtrak:299670,299670,amtrak:NYP,NYP,12:48:00,13:00:00,22,0,0,
amtrak,amtrak:299670,299670,amtrak:NRO,NRO,13:27:00,13:27:00,23,0,0,
amtrak,amtrak:299670,299670,amtrak:STM,STM,13:46:00,13:48:00,24,0,0,
amtrak,amtrak:299670,299670,amtrak:BRP,BRP,14:15:00,14:16:00,25,0,0,
amtrak,amtrak:299670,299670,amtrak:NHV,NHV,14:44:00,14:46:00,26,0,0,
amtrak,amtrak:299670,299670,amtrak:OSB,OSB,15:15:00,15:16:00,27,0,0,
amtrak,amtrak:299670,299670,amtrak:NLC,NLC,15:34:00,15:36:00,28,0,0,
amtrak,amtrak:299670,299670,amtrak:MYS,MYS,15:47:00,15:48:00,29,0,0,
amtrak,amtrak:299670,299670,amtrak:WLY,WLY,15:57:00,15:58:00,30,0,0,
amtrak,amtrak:299670,299670,amtrak:KIN,KIN,16:12:00,16:14:00,31,0,0,
amtrak,amtrak:299670,299670,amtrak:PVD,PVD,16:33:00,16:33:00,32,0,0,
amtrak,amtrak:299670,299670,amtrak:RTE,RTE,17:04:00,17:04:00,33,1,0,
amtrak,amtrak:299670,299670,amtrak:BBY,BBY,17:15:00,17:15:00,34,1,0,
amtrak,amtrak:299670,299670,amtrak:BOS,BOS,17:24:00,17:24:00,35,0,0,
amtrak,amtrak:299671,299671,amtrak:WAS,WAS,8:18:00,9:10:00,10,0,0,
amtrak,amtrak:299671,299671,amtrak:NCR,NCR,9:21:00,9:21:00,11,0,0,
amtrak,amtrak:299671,299671,amtrak:BWI,BWI,9:36:00,9:38:00,12,0,0,
amtrak,amtrak:299671,299671,amtrak:BAL,BAL,9:55:00,9:57:00,13,0,0,
amtrak,amtrak:299671,299671,amtrak:WIL,WIL,10:39:00,10:41:00,14,0,0,
amtrak,amtrak:299671,299671,amtrak:PHL,PHL,11:02:00,11:05:00,15,0,0,
amtrak,amtrak:299671,299671,amtrak:TRE,TRE,11:33:00,11:35:00,16,0,0,
amtrak,amtrak:299671,299671,amtrak:PJC,PJC,11:45:00,11:46:00,17,0,0,
amtrak,amtrak:299671,299671,amtrak:NBK,NBK,11:59:00,11:59:00,18,0,0,
amtrak,amtrak:299671,299671,amtrak:MET,MET,12:10:00,12:11:00,19,0,0,
amtrak,amtrak:299671,299671,amtrak:EWR,EWR,12:22:00,12:23:00,20,0,0,
amtrak,amtrak:299671,299671,amtrak:NWK,NWK,12:28:00,12:30:00,21,0,0,
amtrak,amtrak:299671,299671,amtrak:NYP,NYP,12:48:00,13:00:00,22,0,0,
amtrak,amtrak:299671,299671,amtrak:NRO,NRO,13:27:00,13:27:00,23,0,0,
amtrak,amtrak:299671,299671,amtrak:STM,STM,13:46:00,13:48:00,24,0,0,
amtrak,amtrak:299671,299671,amtrak:BRP,BRP,14:15:00,14:16:00,25,0,0,
amtrak,amtrak:299671,299671,amtrak:NHV,NHV,14:44:00,14:46:00,26,0,0,
amtrak,amtrak:299671,299671,amtrak:OSB,OSB,15:15:00,15:16:00,27,0,0,
amtrak,amtrak:299671,299671,amtrak:NLC,NLC,15:34:00,15:36:00,28,0,0,
amtrak,amtrak:299671,299671,amtrak:MYS,MYS,15:47:00,15:48:00,29,0,0,
amtrak,amtrak:299671,299671,amtrak:WLY,WLY,15:57:00,15:58:00,30,0,0,
amtrak,amtrak:299671,299671,amtrak:KIN,KIN,16:12:00,16:14:00,31,0,0,
amtrak,amtrak:299671,299671,amtrak:PVD,PVD,16:33:00,16:33:00,32,0,0,
amtrak,amtrak:299671,299671,amtrak:RTE,RTE,17:04:00,17:04:00,33,1,0,
amtrak,amtrak:299671,299671,amtrak:BBY,BBY,17:15:00,17:15:00,34,1,0,
amtrak,amtrak:299671,299671,amtrak:BOS,BOS,17:24:00,17:24:00,35,0,0,
amtrak,amtrak:299672,299672,amtrak:NPN,NPN,4:08:00,4:08:00,1,0,0,
amtrak,amtrak:299672,299672,amtrak:WBG,WBG,4:21:00,4:24:00,2,0,0,
amtrak,amtrak:299672,299672,amtrak:RVM,RVM,5:14:00,5:19:00,3,0,0,
amtrak,amtrak:299672,299672,amtrak:RVR,RVR,5:49:00,5:54:00,4,0,0,
amtrak,amtrak:299672,299672,amtrak:ASD,ASD,6:07:00,6:08:00,5,0,0,
amtrak,amtrak:299672,299672,amtrak:FBG,FBG,6:52:00,6:53:00,6,0,0,
amtrak,amtrak:299672,299672,amtrak:QAN,QAN,7:13:00,7:14:00,7,0,0,
amtrak,amtrak:299672,299672,amtrak:WDB,WDB,7:25:00,7:26:00,8,0,0,
amtrak,amtrak:299672,299672,amtrak:ALX,ALX,7:50:00,7:52:00,9,0,0,
amtrak,amtrak:299672,299672,amtrak:WAS,WAS,8:18:00,9:10:00,10,0,0,
amtrak,amtrak:299672,299672,amtrak:NCR,NCR,9:21:00,9:21:00,11,0,0,
amtrak,amtrak:299672,299672,amtrak:BWI,BWI,9:36:00,9:38:00,12,0,0,
amtrak,amtrak:299672,299672,amtrak:BAL,BAL,9:55:00,9:57:00,13,0,0,
amtrak,amtrak:299672,299672,amtrak:WIL,WIL,10:39:00,10:41:00,14,0,0,
amtrak,amtrak:299672,299672,amtrak:PHL,PHL,11:02:00,11:05:00,15,0,0,
amtrak,amtrak:299672,299672,amtrak:TRE,TRE,11:33:00,11:35:00,16,0,0,
amtrak,amtrak:299672,299672,amtrak:PJC,PJC,11:45:00,11:46:00,17,0,0,
amtrak,amtrak:299672,299672,amtrak:NBK,NBK,11:59:00,11:59:00,18,0,0,
amtrak,amtrak:299672,299672,amtrak:MET,MET,12:10:00,12:11:00,19,0,0,
amtrak,amtrak:299672,299672,amtrak:EWR,EWR,12:22:00,12:23:00,20,0,0,
amtrak,amtrak:299672,299672,amtrak:NWK,NWK,12:28:00,12:30:00,21,0,0,
amtrak,amtrak:299672,299672,amtrak:NYP,NYP,12:48:00,13:00:00,22,0,0,
amtrak,amtrak:299672,299672,amtrak:NRO,NRO,13:27:00,13:27:00,23,0,0,
amtrak,amtrak:299672,299672,amtrak:STM,STM,13:46:00,13:48:00,24,0,0,
amtrak,amtrak:299672,299672,amtrak:BRP,BRP,14:15:00,14:16:00,25,0,0,
amtrak,amtrak:299672,299672,amtrak:NHV,NHV,14:44:00,14:46:00,26,0,0,
amtrak,amtrak:299672,299672,amtrak:OSB,OSB,15:15:00,15:16:00,27,0,0,
amtrak,amtrak:299672,299672,amtrak:NLC,NLC,15:34:00,15:36:00,28,0,0,
amtrak,amtrak:299672,299672,amtrak:MYS,MYS,15:47:00,15:48:00,29,0,0,
amtrak,amtrak:299672,299672,amtrak:WLY,WLY,15:57:00,15:58:00,30,0,0,
amtrak,amtrak:299672,299672,amtrak:KIN,KIN,16:12:00,16:14:00,31,0,0,
amtrak,amtrak:299672,299672,amtrak:PVD,PVD,16:33:00,16:33:00,32,0,0,
amtrak,amtrak:299672,299672,amtrak:RTE,RTE,17:04:00,17:04:00,33,1,0,
amtrak,amtrak:299672,299672,amtrak:BBY,BBY,17:15:00,17:15:00,34,1,0,
amtrak,amtrak:299672,299672,amtrak:BOS,BOS,17:24:00,17:24:00,35,0,0,
amtrak,amtrak:299673,299673,amtrak:NPN,NPN,4:20:00,4:20:00,1,0,0,
amtrak,amtrak:299673,299673,amtrak:WBG,WBG,4:33:00,4:36:00,2,0,0,
amtrak,amtrak:299673,299673,amtrak:RVM,RVM,5:23:00,5:26:00,3,0,0,
amtrak,amtrak:299673,299673,amtrak:RVR,RVR,5:53:00,5:58:00,4,0,0,
amtrak,amtrak:299673,299673,amtrak:ASD,ASD,6:11:00,6:12:00,5,0,0,
amtrak,amtrak:299673,299673,amtrak:FBG,FBG,6:53:00,6:54:00,6,0,0,
amtrak,amtrak:299673,299673,amtrak:QAN,QAN,7:14:00,7:15:00,7,0,0,
amtrak,amtrak:299673,299673,amtrak:WDB,WDB,7:27:00,7:28:00,8,0,0,
amtrak,amtrak:299673,299673,amtrak:ALX,ALX,7:55:00,7:57:00,9,0,0,
amtrak,amtrak:299673,299673,amtrak:WAS,WAS,8:22:00,9:10:00,10,0,0,
amtrak,amtrak:299673,299673,amtrak:NCR,NCR,9:21:00,9:21:00,11,0,0,
amtrak,amtrak:299673,299673,amtrak:BWI,BWI,9:36:00,9:38:00,12,0,0,
amtrak,amtrak:299673,299673,amtrak:BAL,BAL,9:51:00,9:53:00,13,0,0,
amtrak,amtrak:299673,299673,amtrak:WIL,WIL,10:39:00,10:41:00,14,0,0,
amtrak,amtrak:299673,299673,amtrak:PHL,PHL,11:02:00,11:05:00,15,0,0,
amtrak,amtrak:299673,299673,amtrak:TRE,TRE,11:33:00,11:35:00,16,0,0,
amtrak,amtrak:299673,299673,amtrak:PJC,PJC,11:45:00,11:46:00,17,0,0,
amtrak,amtrak:299673,299673,amtrak:NBK,NBK,11:59:00,11:59:00,18,0,0,
amtrak,amtrak:299673,299673,amtrak:EWR,EWR,12:22:00,12:23:00,19,0,0,
amtrak,amtrak:299673,299673,amtrak:NWK,NWK,12:28:00,12:30:00,20,0,0,
amtrak,amtrak:299673,299673,amtrak:NYP,NYP,12:48:00,13:00:00,21,0,0,
amtrak,amtrak:299673,299673,amtrak:NRO,NRO,13:27:00,13:27:00,22,0,0,
amtrak,amtrak:299673,299673,amtrak:STM,STM,13:46:00,13:48:00,23,0,0,
amtrak,amtrak:299673,299673,amtrak:BRP,BRP,14:15:00,14:16:00,24,0,0,
amtrak,amtrak:299673,299673,amtrak:NHV,NHV,14:44:00,14:46:00,25,0,0,
amtrak,amtrak:299673,299673,amtrak:OSB,OSB,15:15:00,15:16:00,26,0,0,
amtrak,amtrak:299673,299673,amtrak:NLC,NLC,15:34:00,15:36:00,27,0,0,
amtrak,amtrak:299673,299673,amtrak:MYS,MYS,15:47:00,15:48:00,28,0,0,
amtrak,amtrak:299673,299673,amtrak:WLY,WLY,15:57:00,15:58:00,29,0,0,
amtrak,amtrak:299673,299673,amtrak:KIN,KIN,16:12:00,16:14:00,30,0,0,
amtrak,amtrak:299673,299673,amtrak:PVD,PVD,16:33:00,16:33:00,31,0,0,
amtrak,amtrak:299673,299673,amtrak:RTE,RTE,17:04:00,17:04:00,32,1,0,
amtrak,amtrak:299673,299673,amtrak:BBY,BBY,17:15:00,17:15:00,33,1,0,
amtrak,amtrak:299673,299673,amtrak:BOS,BOS,17:24:00,17:24:00,34,0,0,
amtrak,amtrak:299674,299674,amtrak:NPN,NPN,4:20:00,4:20:00,1,0,0,
amtrak,amtrak:299674,299674,amtrak:WBG,WBG,4:33:00,4:36:00,2,0,0,
amtrak,amtrak:299674,299674,amtrak:RVM,RVM,5:23:00,5:26:00,3,0,0,
amtrak,amtrak:299674,299674,amtrak:RVR,RVR,5:53:00,5:58:00,4,0,0,
amtrak,amtrak:299674,299674,amtrak:ASD,ASD,6:11:00,6:12:00,5,0,0,
amtrak,amtrak:299674,299674,amtrak:FBG,FBG,6:53:00,6:54:00,6,0,0,
amtrak,amtrak:299674,299674,amtrak:QAN,QAN,7:14:00,7:15:00,7,0,0,
amtrak,amtrak:299674,299674,amtrak:WDB,WDB,7:27:00,7:28:00,8,0,0,
amtrak,amtrak:299674,299674,amtrak:ALX,ALX,7:55:00,7:57:00,9,0,0,
amtrak,amtrak:299674,299674,amtrak:WAS,WAS,8:22:00,9:10:00,10,0,0,
amtrak,amtrak:299674,299674,amtrak:NCR,NCR,9:21:00,9:21:00,11,0,0,
amtrak,amtrak:299674,299674,amtrak:BWI,BWI,9:36:00,9:38:00,12,0,0,
amtrak,amtrak:299674,299674,amtrak:BAL,BAL,9:51:00,9:53:00,13,0,0,
amtrak,amtrak:299674,299674,amtrak:WIL,WIL,10:39:00,10:41:00,14,0,0,
amtrak,amtrak:299674,299674,amtrak:PHL,PHL,11:02:00,11:05:00,15,0,0,
amtrak,amtrak:299674,299674,amtrak:TRE,TRE,11:33:00,11:35:00,16,0,0,
amtrak,amtrak:299674,299674,amtrak:PJC,PJC,11:45:00,11:46:00,17,0,0,
amtrak,amtrak:299674,299674,amtrak:NBK,NBK,11:59:00,11:59:00,18,0,0,
amtrak,amtrak:299674,299674,amtrak:EWR,EWR,12:22:00,12:23:00,19,0,0,
amtrak,amtrak:299674,299674,amtrak:NWK,NWK,12:28:00,12:30:00,20,0,0,
amtrak,amtrak:299674,299674,amtrak:NYP,NYP,12:48:00,13:00:00,21,0,0,
amtrak,amtrak:299674,299674,amtrak:NRO,NRO,13:27:00,13:27:00,22,0,0,
amtrak,amtrak:299674,299674,amtrak:STM,STM,13:46:00,13:48:00,23,0,0,
amtrak,amtrak:299674,299674,amtrak:BRP,BRP,14:15:00,14:16:00,24,0,0,
amtrak,amtrak:299674,299674,amtrak:NHV,NHV,14:44:00,14:46:00,25,0,0,
amtrak,amtrak:299674,299674,amtrak:OSB,OSB,15:15:00,15:16:00,26,0,0,
amtrak,amtrak:299674,299674,amtrak:NLC,NLC,15:34:00,15:36:00,27,0,0,
amtrak,amtrak:299674,299674,amtrak:MYS,MYS,15:47:00,15:48:00,28,0,0,
amtrak,amtrak:299674,299674,amtrak:WLY,WLY,15:57:00,15:58:00,29,0,0,
amtrak,amtrak:299674,299674,amtrak:KIN,KIN,16:12:00,16:14:00,30,0,0,
amtrak,amtrak:299674,299674,amtrak:PVD,PVD,16:33:00,16:33:00,31,0,0,
amtrak,amtrak:299674,299674,amtrak:RTE,RTE,17:04:00,17:04:00,32,1,0,
amtrak,amtrak:299674,299674,amtrak:BBY,BBY,17:15:00,17:15:00,33,1,0,
amtrak,amtrak:299674,299674,amtrak:BOS,BOS,17:24:00,17:24:00,34,0,0,
amtrak,amtrak:299675,299675,amtrak:NPN,NPN,4:20:00,4:20:00,1,0,0,
amtrak,amtrak:299675,299675,amtrak:WBG,WBG,4:33:00,4:36:00,2,0,0,
amtrak,amtrak:299675,299675,amtrak:RVM,RVM,5:23:00,5:26:00,3,0,0,
amtrak,amtrak:299675,299675,amtrak:RVR,RVR,5:53:00,5:58:00,4,0,0,
amtrak,amtrak:299675,299675,amtrak:ASD,ASD,6:11:00,6:12:00,5,0,0,
amtrak,amtrak:299675,299675,amtrak:FBG,FBG,6:53:00,6:54:00,6,0,0,
amtrak,amtrak:299675,299675,amtrak:QAN,QAN,7:14:00,7:15:00,7,0,0,
amtrak,amtrak:299675,299675,amtrak:WDB,WDB,7:27:00,7:28:00,8,0,0,
amtrak,amtrak:299675,299675,amtrak:ALX,ALX,7:55:00,7:57:00,9,0,0,
amtrak,amtrak:299675,299675,amtrak:WAS,WAS,8:22:00,9:10:00,10,0,0,
amtrak,amtrak:299675,299675,amtrak:NCR,NCR,9:21:00,9:21:00,11,0,0,
amtrak,amtrak:299675,299675,amtrak:BWI,BWI,9:36:00,9:38:00,12,0,0,
amtrak,amtrak:299675,299675,amtrak:BAL,BAL,9:51:00,9:53:00,13,0,0,
amtrak,amtrak:299675,299675,amtrak:WIL,WIL,10:39:00,10:41:00,14,0,0,
amtrak,amtrak:299675,299675,amtrak:PHL,PHL,11:02:00,11:05:00,15,0,0,
amtrak,amtrak:299675,299675,amtrak:TRE,TRE,11:33:00,11:35:00,16,0,0,
amtrak,amtrak:299675,299675,amtrak:PJC,PJC,11:45:00,11:46:00,17,0,0,
amtrak,amtrak:299675,299675,amtrak:NBK,NBK,11:59:00,11:59:00,18,0,0,
amtrak,amtrak:299675,299675,amtrak:EWR,EWR,12:22:00,12:23:00,19,0,0,
amtrak,amtrak:299675,299675,amtrak:NWK,NWK,12:28:00,12:30:00,20,0,0,
amtrak,amtrak:299675,299675,amtrak:NYP,NYP,12:48:00,13:00:00,21,0,0,
amtrak,amtrak:299675,299675,amtrak:NRO,NRO,13:27:00,13:27:00,22,0,0,
amtrak,amtrak:299675,299675,amtrak:STM,STM,13:46:00,13:48:00,23,0,0,
amtrak,amtrak:299675,299675,amtrak:BRP,BRP,14:15:00,14:16:00,24,0,0,
amtrak,amtrak:299675,299675,amtrak:NHV,NHV,14:44:00,14:46:00,25,0,0,
amtrak,amtrak:299675,299675,amtrak:OSB,OSB,15:15:00,15:16:00,26,0,0,
amtrak,amtrak:299675,299675,amtrak:NLC,NLC,15:34:00,15:36:00,27,0,0,
amtrak,amtrak:299675,299675,amtrak:MYS,MYS,15:47:00,15:48:00,28,0,0,
amtrak,amtrak:299675,299675,amtrak:WLY,WLY,15:57:00,15:58:00,29,0,0,
amtrak,amtrak:299675,299675,amtrak:KIN,KIN,16:12:00,16:14:00,30,0,0,
amtrak,amtrak:299675,299675,amtrak:PVD,PVD,16:33:00,16:33:00,31,0,0,
amtrak,amtrak:299675,299675,amtrak:RTE,RTE,17:04:00,17:04:00,32,1,0,
amtrak,amtrak:299675,299675,amtrak:BBY,BBY,17:15:00,17:15:00,33,1,0,
amtrak,amtrak:299675,299675,amtrak:BOS,BOS,17:24:00,17:24:00,34,0,0,
amtrak,amtrak:299692,299692,amtrak:SPG,SPG,8:28:00,8:28:00,1,0,0,
amtrak,amtrak:299692,299692,amtrak:WNL,WNL,8:47:00,8:47:00,2,0,0,
amtrak,amtrak:299692,299692,amtrak:WND,WND,8:54:00,8:54:00,3,0,0,
amtrak,amtrak:299692,299692,amtrak:HFD,HFD,9:04:00,9:06:00,4,0,0,
amtrak,amtrak:299692,299692,amtrak:BER,BER,9:18:00,9:18:00,5,0,0,
amtrak,amtrak:299692,299692,amtrak:MDN,MDN,9:27:00,9:28:00,6,0,0,
amtrak,amtrak:299692,299692,amtrak:WFD,WFD,9:36:00,9:37:00,7,0,0,
amtrak,amtrak:299692,299692,amtrak:STS,STS,9:50:00,9:50:00,8,0,0,
amtrak,amtrak:299692,299692,amtrak:NHV,NHV,9:53:00,10:28:00,9,0,0,
amtrak,amtrak:299692,299692,amtrak:BRP,BRP,10:49:00,10:50:00,10,0,0,
amtrak,amtrak:299692,299692,amtrak:STM,STM,11:17:00,11:18:00,11,0,0,
amtrak,amtrak:299692,299692,amtrak:NRO,NRO,11:44:00,11:45:00,12,0,0,
amtrak,amtrak:299692,299692,amtrak:NYP,NYP,12:22:00,12:50:00,13,0,0,
amtrak,amtrak:299692,299692,amtrak:NWK,NWK,13:06:00,13:07:00,14,0,0,
amtrak,amtrak:299692,299692,amtrak:EWR,EWR,13:11:00,13:12:00,15,0,0,
amtrak,amtrak:299692,299692,amtrak:MET,MET,13:24:00,13:25:00,16,0,0,
amtrak,amtrak:299692,299692,amtrak:TRE,TRE,13:46:00,13:48:00,17,0,0,
amtrak,amtrak:299692,299692,amtrak:PHL,PHL,14:15:00,14:18:00,18,0,0,
amtrak,amtrak:299692,299692,amtrak:WIL,WIL,14:37:00,14:39:00,19,0,0,
amtrak,amtrak:299692,299692,amtrak:BAL,BAL,15:28:00,15:30:00,20,0,0,
amtrak,amtrak:299692,299692,amtrak:BWI,BWI,15:41:00,15:43:00,21,0,0,
amtrak,amtrak:299692,299692,amtrak:NCR,NCR,15:59:00,16:00:00,22,0,0,
amtrak,amtrak:299692,299692,amtrak:WAS,WAS,16:12:00,17:00:00,23,0,0,
amtrak,amtrak:299692,299692,amtrak:ALX,ALX,17:15:00,17:17:00,24,0,0,
amtrak,amtrak:299692,299692,amtrak:BCV,BCV,17:33:00,17:34:00,25,0,0,
amtrak,amtrak:299692,299692,amtrak:MSS,MSS,17:51:00,17:53:00,26,0,0,
amtrak,amtrak:299692,299692,amtrak:CLP,CLP,18:33:00,18:34:00,27,0,0,
amtrak,amtrak:299692,299692,amtrak:CVS,CVS,19:32:00,19:42:00,28,0,0,
amtrak,amtrak:299692,299692,amtrak:LYH,LYH,20:50:00,20:53:00,29,0,0,
amtrak,amtrak:299692,299692,amtrak:RNK,RNK,22:06:00,22:06:00,30,0,0,
amtrak,amtrak:299693,299693,amtrak:SPG,SPG,8:28:00,8:28:00,1,0,0,
amtrak,amtrak:299693,299693,amtrak:WNL,WNL,8:47:00,8:47:00,2,0,0,
amtrak,amtrak:299693,299693,amtrak:WND,WND,8:54:00,8:54:00,3,0,0,
amtrak,amtrak:299693,299693,amtrak:HFD,HFD,9:04:00,9:06:00,4,0,0,
amtrak,amtrak:299693,299693,amtrak:BER,BER,9:18:00,9:18:00,5,0,0,
amtrak,amtrak:299693,299693,amtrak:MDN,MDN,9:27:00,9:28:00,6,0,0,
amtrak,amtrak:299693,299693,amtrak:WFD,WFD,9:36:00,9:37:00,7,0,0,
amtrak,amtrak:299693,299693,amtrak:STS,STS,9:50:00,9:50:00,8,0,0,
amtrak,amtrak:299693,299693,amtrak:NHV,NHV,9:53:00,10:28:00,9,0,0,
amtrak,amtrak:299693,299693,amtrak:BRP,BRP,10:49:00,10:50:00,10,0,0,
amtrak,amtrak:299693,299693,amtrak:STM,STM,11:17:00,11:18:00,11,0,0,
amtrak,amtrak:299693,299693,amtrak:NRO,NRO,11:44:00,11:45:00,12,0,0,
amtrak,amtrak:299693,299693,amtrak:NYP,NYP,12:22:00,12:50:00,13,0,0,
amtrak,amtrak:299694,299694,amtrak:SPG,SPG,8:28:00,8:28:00,1,0,0,
amtrak,amtrak:299694,299694,amtrak:WNL,WNL,8:47:00,8:47:00,2,0,0,
amtrak,amtrak:299694,299694,amtrak:WND,WND,8:54:00,8:54:00,3,0,0,
amtrak,amtrak:299694,299694,amtrak:HFD,HFD,9:04:00,9:06:00,4,0,0,
amtrak,amtrak:299694,299694,amtrak:BER,BER,9:18:00,9:18:00,5,0,0,
amtrak,amtrak:299694,299694,amtrak:MDN,MDN,9:27:00,9:28:00,6,0,0,
amtrak,amtrak:299694,299694,amtrak:WFD,WFD,9:36:00,9:37:00,7,0,0,
amtrak,amtrak:299694,299694,amtrak:STS,STS,9:50:00,9:50:00,8,0,0,
amtrak,amtrak:299694,299694,amtrak:NHV,NHV,9:53:00,10:28:00,9,0,0,
amtrak,amtrak:299694,299694,amtrak:BRP,BRP,10:49:00,10:50:00,10,0,0,
amtrak,amtrak:299694,299694,amtrak:STM,STM,11:17:00,11:18:00,11,0,0,
amtrak,amtrak:299694,299694,amtrak:NRO,NRO,11:44:00,11:45:00,12,0,0,
amtrak,amtrak:299694,299694,amtrak:NYP,NYP,12:22:00,12:50:00,13,0,0,
amtrak,amtrak:299694,299694,amtrak:NWK,NWK,13:06:00,13:07:00,14,0,0,
amtrak,amtrak:299694,299694,amtrak:EWR,EWR,13:11:00,13:12:00,15,0,0,
amtrak,amtrak:299694,299694,amtrak:MET,MET,13:24:00,13:25:00,16,0,0,
amtrak,amtrak:299694,299694,amtrak:TRE,TRE,13:46:00,13:48:00,17,0,0,
amtrak,amtrak:299694,299694,amtrak:PHL,PHL,14:15:00,14:18:00,18,0,0,
amtrak,amtrak:299694,299694,amtrak:WIL,WIL,14:37:00,14:39:00,19,0,0,
amtrak,amtrak:299694,299694,amtrak:BAL,BAL,15:28:00,15:30:00,20,0,0,
amtrak,amtrak:299694,299694,amtrak:BWI,BWI,15:41:00,15:43:00,21,0,0,
amtrak,amtrak:299694,299694,amtrak:NCR,NCR,15:59:00,16:00:00,22,0,0,
amtrak,amtrak:299694,299694,amtrak:WAS,WAS,16:12:00,17:00:00,23,0,0,
amtrak,amtrak:299695,299695,amtrak:SPG,SPG,8:28:00,8:28:00,1,0,0,
amtrak,amtrak:299695,299695,amtrak:WNL,WNL,8:47:00,8:47:00,2,0,0,
amtrak,amtrak:299695,299695,amtrak:WND,WND,8:54:00,8:54:00,3,0,0,
amtrak,amtrak:299695,299695,amtrak:HFD,HFD,9:04:00,9:06:00,4,0,0,
amtrak,amtrak:299695,299695,amtrak:BER,BER,9:18:00,9:18:00,5,0,0,
amtrak,amtrak:299695,299695,amtrak:MDN,MDN,9:27:00,9:28:00,6,0,0,
amtrak,amtrak:299695,299695,amtrak:WFD,WFD,9:36:00,9:37:00,7,0,0,
amtrak,amtrak:299695,299695,amtrak:STS,STS,9:50:00,9:50:00,8,0,0,
amtrak,amtrak:299695,299695,amtrak:NHV,NHV,9:53:00,10:28:00,9,0,0,
amtrak,amtrak:299695,299695,amtrak:BRP,BRP,10:49:00,10:50:00,10,0,0,
amtrak,amtrak:299695,299695,amtrak:STM,STM,11:17:00,11:18:00,11,0,0,
amtrak,amtrak:299695,299695,amtrak:NRO,NRO,11:44:00,11:45:00,12,0,0,
amtrak,amtrak:299695,299695,amtrak:NYP,NYP,12:22:00,12:50:00,13,0,0,
amtrak,amtrak:299695,299695,amtrak:NWK,NWK,13:06:00,13:07:00,14,0,0,
amtrak,amtrak:299695,299695,amtrak:EWR,EWR,13:11:00,13:12:00,15,0,0,
amtrak,amtrak:299695,299695,amtrak:MET,MET,13:24:00,13:25:00,16,0,0,
amtrak,amtrak:299695,299695,amtrak:TRE,TRE,13:46:00,13:48:00,17,0,0,
amtrak,amtrak:299695,299695,amtrak:PHL,PHL,14:15:00,14:18:00,18,0,0,
amtrak,amtrak:299695,299695,amtrak:WIL,WIL,14:37:00,14:39:00,19,0,0,
amtrak,amtrak:299695,299695,amtrak:BAL,BAL,15:28:00,15:30:00,20,0,0,
amtrak,amtrak:299695,299695,amtrak:BWI,BWI,15:41:00,15:43:00,21,0,0,
amtrak,amtrak:299695,299695,amtrak:NCR,NCR,15:59:00,16:00:00,22,0,0,
amtrak,amtrak:299695,299695,amtrak:WAS,WAS,16:12:00,17:00:00,23,0,0,
amtrak,amtrak:299695,299695,amtrak:ALX,ALX,17:15:00,17:17:00,24,0,0,
amtrak,amtrak:299695,299695,amtrak:BCV,BCV,17:33:00,17:34:00,25,0,0,
amtrak,amtrak:299695,299695,amtrak:MSS,MSS,17:51:00,17:53:00,26,0,0,
amtrak,amtrak:299695,299695,amtrak:CLP,CLP,18:33:00,18:34:00,27,0,0,
amtrak,amtrak:299695,299695,amtrak:CVS,CVS,19:32:00,19:42:00,28,0,0,
amtrak,amtrak:299695,299695,amtrak:LYH,LYH,20:50:00,20:53:00,29,0,0,
amtrak,amtrak:299695,299695,amtrak:RNK,RNK,22:06:00,22:06:00,30,0,0,
amtrak,amtrak:299696,299696,amtrak:NPN,NPN,4:08:00,4:08:00,1,0,0,
amtrak,amtrak:299696,299696,amtrak:WBG,WBG,4:21:00,4:24:00,2,0,0,
amtrak,amtrak:299696,299696,amtrak:RVM,RVM,5:14:00,5:19:00,3,0,0,
amtrak,amtrak:299696,299696,amtrak:RVR,RVR,5:49:00,5:54:00,4,0,0,
amtrak,amtrak:299696,299696,amtrak:ASD,ASD,6:07:00,6:08:00,5,0,0,
amtrak,amtrak:299696,299696,amtrak:FBG,FBG,6:52:00,6:53:00,6,0,0,
amtrak,amtrak:299696,299696,amtrak:QAN,QAN,7:13:00,7:14:00,7,0,0,
amtrak,amtrak:299696,299696,amtrak:WDB,WDB,7:25:00,7:26:00,8,0,0,
amtrak,amtrak:299696,299696,amtrak:ALX,ALX,7:50:00,7:52:00,9,0,0,
amtrak,amtrak:299696,299696,amtrak:WAS,WAS,8:18:00,9:20:00,10,0,0,
amtrak,amtrak:299696,299696,amtrak:NCR,NCR,9:34:00,9:34:00,11,0,0,
amtrak,amtrak:299696,299696,amtrak:BWI,BWI,9:45:00,9:46:00,12,0,0,
amtrak,amtrak:299696,299696,amtrak:BAL,BAL,9:59:00,10:01:00,13,0,0,
amtrak,amtrak:299696,299696,amtrak:WIL,WIL,10:47:00,10:49:00,14,0,0,
amtrak,amtrak:299696,299696,amtrak:PHL,PHL,11:10:00,11:13:00,15,0,0,
amtrak,amtrak:299696,299696,amtrak:PJC,PJC,11:48:00,11:49:00,16,0,0,
amtrak,amtrak:299696,299696,amtrak:NBK,NBK,12:01:00,12:02:00,17,0,0,
amtrak,amtrak:299696,299696,amtrak:NWK,NWK,12:29:00,12:30:00,18,0,0,
amtrak,amtrak:299696,299696,amtrak:NYP,NYP,12:51:00,13:01:00,19,0,0,
amtrak,amtrak:299696,299696,amtrak:NRO,NRO,13:27:00,13:27:00,20,0,0,
amtrak,amtrak:299696,299696,amtrak:STM,STM,13:46:00,13:48:00,21,0,0,
amtrak,amtrak:299696,299696,amtrak:BRP,BRP,14:15:00,14:16:00,22,0,0,
amtrak,amtrak:299696,299696,amtrak:NHV,NHV,14:44:00,14:46:00,23,0,0,
amtrak,amtrak:299696,299696,amtrak:OSB,OSB,15:15:00,15:16:00,24,0,0,
amtrak,amtrak:299696,299696,amtrak:NLC,NLC,15:34:00,15:36:00,25,0,0,
amtrak,amtrak:299696,299696,amtrak:MYS,MYS,15:47:00,15:48:00,26,0,0,
amtrak,amtrak:299696,299696,amtrak:WLY,WLY,15:57:00,15:58:00,27,0,0,
amtrak,amtrak:299696,299696,amtrak:KIN,KIN,16:12:00,16:14:00,28,0,0,
amtrak,amtrak:299696,299696,amtrak:PVD,PVD,16:33:00,16:33:00,29,0,0,
amtrak,amtrak:299696,299696,amtrak:RTE,RTE,17:04:00,17:06:00,30,1,0,
amtrak,amtrak:299696,299696,amtrak:BBY,BBY,17:15:00,17:17:00,31,1,0,
amtrak,amtrak:299696,299696,amtrak:BOS,BOS,17:29:00,17:29:00,32,0,0,
amtrak,amtrak:299697,299697,amtrak:WAS,WAS,8:18:00,9:20:00,10,0,0,
amtrak,amtrak:299697,299697,amtrak:NCR,NCR,9:34:00,9:34:00,11,0,0,
amtrak,amtrak:299697,299697,amtrak:BWI,BWI,9:45:00,9:46:00,12,0,0,
amtrak,amtrak:299697,299697,amtrak:BAL,BAL,9:59:00,10:01:00,13,0,0,
amtrak,amtrak:299697,299697,amtrak:WIL,WIL,10:47:00,10:49:00,14,0,0,
amtrak,amtrak:299697,299697,amtrak:PHL,PHL,11:10:00,11:13:00,15,0,0,
amtrak,amtrak:299697,299697,amtrak:PJC,PJC,11:48:00,11:49:00,16,0,0,
amtrak,amtrak:299697,299697,amtrak:NBK,NBK,12:01:00,12:02:00,17,0,0,
amtrak,amtrak:299697,299697,amtrak:NWK,NWK,12:29:00,12:30:00,18,0,0,
amtrak,amtrak:299697,299697,amtrak:NYP,NYP,12:51:00,13:01:00,19,0,0,
amtrak,amtrak:299697,299697,amtrak:NRO,NRO,13:27:00,13:27:00,20,0,0,
amtrak,amtrak:299697,299697,amtrak:STM,STM,13:46:00,13:48:00,21,0,0,
amtrak,amtrak:299697,299697,amtrak:BRP,BRP,14:15:00,14:16:00,22,0,0,
amtrak,amtrak:299697,299697,amtrak:NHV,NHV,14:44:00,14:46:00,23,0,0,
amtrak,amtrak:299697,299697,amtrak:OSB,OSB,15:15:00,15:16:00,24,0,0,
amtrak,amtrak:299697,299697,amtrak:NLC,NLC,15:34:00,15:36:00,25,0,0,
amtrak,amtrak:299697,299697,amtrak:MYS,MYS,15:47:00,15:48:00,26,0,0,
amtrak,amtrak:299697,299697,amtrak:WLY,WLY,15:57:00,15:58:00,27,0,0,
amtrak,amtrak:299697,299697,amtrak:KIN,KIN,16:12:00,16:14:00,28,0,0,
amtrak,amtrak:299697,299697,amtrak:PVD,PVD,16:33:00,16:33:00,29,0,0,
amtrak,amtrak:299697,299697,amtrak:RTE,RTE,17:04:00,17:06:00,30,1,0,
amtrak,amtrak:299697,299697,amtrak:BBY,BBY,17:15:00,17:17:00,31,1,0,
amtrak,amtrak:299697,299697,amtrak:BOS,BOS,17:29:00,17:29:00,32,0,0,
amtrak,amtrak:299698,299698,amtrak:NPN,NPN,4:08:00,4:08:00,1,0,0,
amtrak,amtrak:299698,299698,amtrak:WBG,WBG,4:21:00,4:24:00,2,0,0,
amtrak,amtrak:299698,299698,amtrak:RVM,RVM,5:14:00,5:19:00,3,0,0,
amtrak,amtrak:299698,299698,amtrak:RVR,RVR,5:49:00,5:54:00,4,0,0,
amtrak,amtrak:299698,299698,amtrak:ASD,ASD,6:07:00,6:08:00,5,0,0,
amtrak,amtrak:299698,299698,amtrak:FBG,FBG,6:52:00,6:53:00,6,0,0,
amtrak,amtrak:299698,299698,amtrak:QAN,QAN,7:13:00,7:14:00,7,0,0,
amtrak,amtrak:299698,299698,amtrak:WDB,WDB,7:25:00,7:26:00,8,0,0,
amtrak,amtrak:299698,299698,amtrak:ALX,ALX,7:50:00,7:52:00,9,0,0,
amtrak,amtrak:299698,299698,amtrak:WAS,WAS,8:18:00,9:20:00,10,0,0,
amtrak,amtrak:299698,299698,amtrak:NCR,NCR,9:34:00,9:34:00,11,0,0,
amtrak,amtrak:299698,299698,amtrak:BWI,BWI,9:45:00,9:46:00,12,0,0,
amtrak,amtrak:299698,299698,amtrak:BAL,BAL,9:59:00,10:01:00,13,0,0,
amtrak,amtrak:299698,299698,amtrak:WIL,WIL,10:47:00,10:49:00,14,0,0,
amtrak,amtrak:299698,299698,amtrak:PHL,PHL,11:10:00,11:13:00,15,0,0,
amtrak,amtrak:299698,299698,amtrak:PJC,PJC,11:48:00,11:49:00,16,0,0,
amtrak,amtrak:299698,299698,amtrak:NBK,NBK,12:01:00,12:02:00,17,0,0,
amtrak,amtrak:299698,299698,amtrak:NWK,NWK,12:29:00,12:30:00,18,0,0,
amtrak,amtrak:299698,299698,amtrak:NYP,NYP,12:51:00,13:01:00,19,0,0,
amtrak,amtrak:299698,299698,amtrak:NRO,NRO,13:27:00,13:27:00,20,0,0,
amtrak,amtrak:299698,299698,amtrak:STM,STM,13:46:00,13:48:00,21,0,0,
amtrak,amtrak:299698,299698,amtrak:BRP,BRP,14:15:00,14:16:00,22,0,0,
amtrak,amtrak:299698,299698,amtrak:NHV,NHV,14:44:00,14:46:00,23,0,0,
amtrak,amtrak:299698,299698,amtrak:OSB,OSB,15:15:00,15:16:00,24,0,0,
amtrak,amtrak:299698,299698,amtrak:NLC,NLC,15:34:00,15:36:00,25,0,0,
amtrak,amtrak:299698,299698,amtrak:MYS,MYS,15:47:00,15:48:00,26,0,0,
amtrak,amtrak:299698,299698,amtrak:WLY,WLY,15:57:00,15:58:00,27,0,0,
amtrak,amtrak:299698,299698,amtrak:KIN,KIN,16:12:00,16:14:00,28,0,0,
amtrak,amtrak:299698,299698,amtrak:PVD,PVD,16:33:00,16:33:00,29,0,0,
amtrak,amtrak:299698,299698,amtrak:RTE,RTE,17:04:00,17:06:00,30,1,0,
amtrak,amtrak:299698,299698,amtrak:BBY,BBY,17:15:00,17:17:00,31,1,0,
amtrak,amtrak:299698,299698,amtrak:BOS,BOS,17:29:00,17:29:00,32,0,0,
amtrak,amtrak:299735,299735,amtrak:WAS,WAS,8:08:00,8:08:00,1,0,0,
amtrak,amtrak:299735,299735,amtrak:NCR,NCR,8:17:00,8:18:00,2,0,0,
amtrak,amtrak:299735,299735,amtrak:BWI,BWI,8:31:00,8:33:00,3,0,0,
amtrak,amtrak:299735,299735,amtrak:BAL,BAL,8:46:00,8:48:00,4,0,0,
amtrak,amtrak:299735,299735,amtrak:WIL,WIL,9:30:00,9:32:00,5,0,0,
amtrak,amtrak:299735,299735,amtrak:PHL,PHL,9:58:00,10:01:00,6,0,0,
amtrak,amtrak:299735,299735,amtrak:TRE,TRE,10:26:00,10:28:00,7,0,0,
amtrak,amtrak:299735,299735,amtrak:NWK,NWK,11:01:00,11:03:00,8,0,0,
amtrak,amtrak:299735,299735,amtrak:NYP,NYP,11:21:00,11:33:00,9,0,0,
amtrak,amtrak:299735,299735,amtrak:STM,STM,12:16:00,12:18:00,10,0,0,
amtrak,amtrak:299735,299735,amtrak:BRP,BRP,12:45:00,12:46:00,11,0,0,
amtrak,amtrak:299735,299735,amtrak:NHV,NHV,13:11:00,13:36:00,12,0,0,
amtrak,amtrak:299735,299735,amtrak:MDN,MDN,13:56:00,13:56:00,13,0,0,
amtrak,amtrak:299735,299735,amtrak:HFD,HFD,14:14:00,14:17:00,14,0,0,
amtrak,amtrak:299735,299735,amtrak:WNL,WNL,14:28:00,14:28:00,15,0,0,
amtrak,amtrak:299735,299735,amtrak:SPG,SPG,15:01:00,15:15:00,16,0,0,
amtrak,amtrak:299735,299735,amtrak:HLK,HLK,15:41:00,15:41:00,17,0,0,
amtrak,amtrak:299735,299735,amtrak:NHT,NHT,15:57:00,15:57:00,18,0,0,
amtrak,amtrak:299735,299735,amtrak:GFD,GFD,16:22:00,16:22:00,19,0,0,
amtrak,amtrak:299735,299735,amtrak:BRA,BRA,16:56:00,16:56:00,20,0,0,
amtrak,amtrak:299735,299735,amtrak:BLF,BLF,17:26:00,17:26:00,21,0,0,
amtrak,amtrak:299735,299735,amtrak:CLA,CLA,17:47:00,17:47:00,22,0,0,
amtrak,amtrak:299735,299735,amtrak:WNM,WNM,17:56:00,17:56:00,23,0,0,
amtrak,amtrak:299735,299735,amtrak:WRJ,WRJ,18:15:00,18:18:00,24,0,0,
amtrak,amtrak:299735,299735,amtrak:RPH,RPH,18:56:00,18:56:00,25,0,0,
amtrak,amtrak:299735,299735,amtrak:MPR,MPR,19:34:00,19:34:00,26,0,0,
amtrak,amtrak:299735,299735,amtrak:WAB,WAB,19:50:00,19:50:00,27,0,0,
amtrak,amtrak:299735,299735,amtrak:ESX,ESX,20:18:00,20:18:00,28,0,0,
amtrak,amtrak:299735,299735,amtrak:SAB,SAB,20:50:00,20:50:00,29,0,0,
amtrak,amtrak:299736,299736,amtrak:WAS,WAS,8:08:00,8:08:00,1,0,0,
amtrak,amtrak:299736,299736,amtrak:NCR,NCR,8:17:00,8:18:00,2,0,0,
amtrak,amtrak:299736,299736,amtrak:BWI,BWI,8:31:00,8:33:00,3,0,0,
amtrak,amtrak:299736,299736,amtrak:BAL,BAL,8:46:00,8:48:00,4,0,0,
amtrak,amtrak:299736,299736,amtrak:WIL,WIL,9:30:00,9:32:00,5,0,0,
amtrak,amtrak:299736,299736,amtrak:PHL,PHL,9:58:00,10:01:00,6,0,0,
amtrak,amtrak:299736,299736,amtrak:TRE,TRE,10:26:00,10:28:00,7,0,0,
amtrak,amtrak:299736,299736,amtrak:NWK,NWK,11:01:00,11:03:00,8,0,0,
amtrak,amtrak:299736,299736,amtrak:NYP,NYP,11:21:00,11:33:00,9,0,0,
amtrak,amtrak:299736,299736,amtrak:STM,STM,12:16:00,12:18:00,10,0,0,
amtrak,amtrak:299736,299736,amtrak:BRP,BRP,12:45:00,12:46:00,11,0,0,
amtrak,amtrak:299736,299736,amtrak:NHV,NHV,13:11:00,13:11:00,12,0,0,
amtrak,amtrak:299737,299737,amtrak:WAS,WAS,8:08:00,8:08:00,1,0,0,
amtrak,amtrak:299737,299737,amtrak:NCR,NCR,8:17:00,8:18:00,2,0,0,
amtrak,amtrak:299737,299737,amtrak:BWI,BWI,8:31:00,8:33:00,3,0,0,
amtrak,amtrak:299737,299737,amtrak:BAL,BAL,8:46:00,8:48:00,4,0,0,
amtrak,amtrak:299737,299737,amtrak:WIL,WIL,9:30:00,9:32:00,5,0,0,
amtrak,amtrak:299737,299737,amtrak:PHL,PHL,9:58:00,10:01:00,6,0,0,
amtrak,amtrak:299737,299737,amtrak:TRE,TRE,10:26:00,10:28:00,7,0,0,
amtrak,amtrak:299737,299737,amtrak:NWK,NWK,11:01:00,11:03:00,8,0,0,
amtrak,amtrak:299737,299737,amtrak:NYP,NYP,11:21:00,11:33:00,9,0,0,
amtrak,amtrak:299737,299737,amtrak:STM,STM,12:16:00,12:18:00,10,0,0,
amtrak,amtrak:299737,299737,amtrak:BRP,BRP,12:45:00,12:46:00,11,0,0,
amtrak,amtrak:299737,299737,amtrak:NHV,NHV,13:11:00,13:36:00,12,0,0,
amtrak,amtrak:299737,299737,amtrak:MDN,MDN,13:56:00,13:56:00,13,0,0,
amtrak,amtrak:299737,299737,amtrak:HFD,HFD,14:14:00,14:17:00,14,0,0,
amtrak,amtrak:299737,299737,amtrak:WNL,WNL,14:28:00,14:28:00,15,0,0,
amtrak,amtrak:299737,299737,amtrak:SPG,SPG,15:01:00,15:15:00,16,0,0,
amtrak,amtrak:299737,299737,amtrak:HLK,HLK,15:41:00,15:41:00,17,0,0,
amtrak,amtrak:299737,299737,amtrak:NHT,NHT,15:57:00,15:57:00,18,0,0,
amtrak,amtrak:299737,299737,amtrak:GFD,GFD,16:22:00,16:22:00,19,0,0,
amtrak,amtrak:299737,299737,amtrak:BRA,BRA,16:56:00,16:56:00,20,0,0,
amtrak,amtrak:299737,299737,amtrak:BLF,BLF,17:26:00,17:26:00,21,0,0,
amtrak,amtrak:299737,299737,amtrak:CLA,CLA,17:47:00,17:47:00,22,0,0,
amtrak,amtrak:299737,299737,amtrak:WNM,WNM,17:56:00,17:56:00,23,0,0,
amtrak,amtrak:299737,299737,amtrak:WRJ,WRJ,18:15:00,18:18:00,24,0,0,
amtrak,amtrak:299737,299737,amtrak:RPH,RPH,18:56:00,18:56:00,25,0,0,
amtrak,amtrak:299737,299737,amtrak:MPR,MPR,19:34:00,19:34:00,26,0,0,
amtrak,amtrak:299737,299737,amtrak:WAB,WAB,19:50:00,19:50:00,27,0,0,
amtrak,amtrak:299737,299737,amtrak:ESX,ESX,20:18:00,20:18:00,28,0,0,
amtrak,amtrak:299737,299737,amtrak:SAB,SAB,20:50:00,20:50:00,29,0,0,
amtrak,amtrak:299738,299738,amtrak:WAS,WAS,7:30:00,7:30:00,1,0,0,
amtrak,amtrak:299738,299738,amtrak:NCR,NCR,7:43:00,7:44:00,2,0,0,
amtrak,amtrak:299738,299738,amtrak:BWI,BWI,7:58:00,8:00:00,3,0,0,
amtrak,amtrak:299738,299738,amtrak:BAL,BAL,8:13:00,8:15:00,4,0,0,
amtrak,amtrak:299738,299738,amtrak:WIL,WIL,8:59:00,9:01:00,5,0,0,
amtrak,amtrak:299738,299738,amtrak:PHL,PHL,9:20:00,9:23:00,6,0,0,
amtrak,amtrak:299738,299738,amtrak:TRE,TRE,9:51:00,9:53:00,7,0,0,
amtrak,amtrak:299738,299738,amtrak:MET,MET,10:12:00,10:14:00,8,0,0,
amtrak,amtrak:299738,299738,amtrak:NWK,NWK,10:28:00,10:30:00,9,0,0,
amtrak,amtrak:299738,299738,amtrak:NYP,NYP,10:48:00,11:24:00,10,0,0,
amtrak,amtrak:299738,299738,amtrak:STM,STM,12:19:00,12:20:00,11,0,0,
amtrak,amtrak:299738,299738,amtrak:BRP,BRP,12:44:00,12:45:00,12,0,0,
amtrak,amtrak:299738,299738,amtrak:NHV,NHV,13:15:00,13:30:00,13,0,0,
amtrak,amtrak:299738,299738,amtrak:MDN,MDN,13:56:00,13:56:00,14,0,0,
amtrak,amtrak:299738,299738,amtrak:HFD,HFD,14:14:00,14:17:00,15,0,0,
amtrak,amtrak:299738,299738,amtrak:WNL,WNL,14:28:00,14:28:00,16,0,0,
amtrak,amtrak:299738,299738,amtrak:SPG,SPG,15:01:00,15:15:00,17,0,0,
amtrak,amtrak:299738,299738,amtrak:HLK,HLK,15:41:00,15:41:00,18,0,0,
amtrak,amtrak:299738,299738,amtrak:NHT,NHT,15:57:00,15:57:00,19,0,0,
amtrak,amtrak:299738,299738,amtrak:GFD,GFD,16:22:00,16:22:00,20,0,0,
amtrak,amtrak:299738,299738,amtrak:BRA,BRA,16:56:00,16:56:00,21,0,0,
amtrak,amtrak:299738,299738,amtrak:BLF,BLF,17:26:00,17:26:00,22,0,0,
amtrak,amtrak:299738,299738,amtrak:CLA,CLA,17:47:00,17:47:00,23,0,0,
amtrak,amtrak:299738,299738,amtrak:WNM,WNM,17:56:00,17:56:00,24,0,0,
amtrak,amtrak:299738,299738,amtrak:WRJ,WRJ,18:15:00,18:18:00,25,0,0,
amtrak,amtrak:299738,299738,amtrak:RPH,RPH,18:56:00,18:56:00,26,0,0,
amtrak,amtrak:299738,299738,amtrak:MPR,MPR,19:34:00,19:34:00,27,0,0,
amtrak,amtrak:299738,299738,amtrak:WAB,WAB,19:50:00,19:50:00,28,0,0,
amtrak,amtrak:299738,299738,amtrak:ESX,ESX,20:18:00,20:18:00,29,0,0,
amtrak,amtrak:299738,299738,amtrak:SAB,SAB,20:50:00,20:50:00,30,0,0,
amtrak,amtrak:299739,299739,amtrak:WAS,WAS,8:08:00,8:08:00,1,0,0,
amtrak,amtrak:299739,299739,amtrak:NCR,NCR,8:17:00,8:18:00,2,0,0,
amtrak,amtrak:299739,299739,amtrak:BWI,BWI,8:31:00,8:33:00,3,0,0,
amtrak,amtrak:299739,299739,amtrak:BAL,BAL,8:46:00,8:48:00,4,0,0,
amtrak,amtrak:299739,299739,amtrak:WIL,WIL,9:30:00,9:32:00,5,0,0,
amtrak,amtrak:299739,299739,amtrak:PHL,PHL,9:58:00,10:01:00,6,0,0,
amtrak,amtrak:299739,299739,amtrak:TRE,TRE,10:26:00,10:28:00,7,0,0,
amtrak,amtrak:299739,299739,amtrak:NWK,NWK,11:01:00,11:03:00,8,0,0,
amtrak,amtrak:299739,299739,amtrak:NYP,NYP,11:21:00,11:33:00,9,0,0,
amtrak,amtrak:299739,299739,amtrak:STM,STM,12:16:00,12:18:00,10,0,0,
amtrak,amtrak:299739,299739,amtrak:BRP,BRP,12:45:00,12:46:00,11,0,0,
amtrak,amtrak:299739,299739,amtrak:NHV,NHV,13:11:00,13:36:00,12,0,0,
amtrak,amtrak:299739,299739,amtrak:MDN,MDN,13:56:00,13:56:00,13,0,0,
amtrak,amtrak:299739,299739,amtrak:HFD,HFD,14:14:00,14:17:00,14,0,0,
amtrak,amtrak:299739,299739,amtrak:WNL,WNL,14:28:00,14:28:00,15,0,0,
amtrak,amtrak:299739,299739,amtrak:SPG,SPG,15:01:00,15:15:00,16,0,0,
amtrak,amtrak:299739,299739,amtrak:HLK,HLK,15:41:00,15:41:00,17,0,0,
amtrak,amtrak:299739,299739,amtrak:NHT,NHT,15:57:00,15:57:00,18,0,0,
amtrak,amtrak:299739,299739,amtrak:GFD,GFD,16:22:00,16:22:00,19,0,0,
amtrak,amtrak:299739,299739,amtrak:BRA,BRA,16:56:00,16:56:00,20,0,0,
amtrak,amtrak:299739,299739,amtrak:BLF,BLF,17:26:00,17:26:00,21,0,0,
amtrak,amtrak:299739,299739,amtrak:CLA,CLA,17:47:00,17:47:00,22,0,0,
amtrak,amtrak:299739,299739,amtrak:WNM,WNM,17:56:00,17:56:00,23,0,0,
amtrak,amtrak:299739,299739,amtrak:WRJ,WRJ,18:15:00,18:18:00,24,0,0,
amtrak,amtrak:299739,299739,amtrak:RPH,RPH,18:56:00,18:56:00,25,0,0,
amtrak,amtrak:299739,299739,amtrak:MPR,MPR,19:34:00,19:34:00,26,0,0,
amtrak,amtrak:299739,299739,amtrak:WAB,WAB,19:50:00,19:50:00,27,0,0,
amtrak,amtrak:299739,299739,amtrak:ESX,ESX,20:18:00,20:18:00,28,0,0,
amtrak,amtrak:299739,299739,amtrak:SAB,SAB,20:50:00,20:50:00,29,0,0,
amtrak,amtrak:299741,299741,amtrak:WAS,WAS,8:08:00,8:08:00,1,0,0,
amtrak,amtrak:299741,299741,amtrak:NCR,NCR,8:17:00,8:18:00,2,0,0,
amtrak,amtrak:299741,299741,amtrak:BWI,BWI,8:31:00,8:33:00,3,0,0,
amtrak,amtrak:299741,299741,amtrak:BAL,BAL,8:46:00,8:48:00,4,0,0,
amtrak,amtrak:299741,299741,amtrak:WIL,WIL,9:30:00,9:32:00,5,0,0,
amtrak,amtrak:299741,299741,amtrak:PHL,PHL,9:58:00,10:01:00,6,0,0,
amtrak,amtrak:299741,299741,amtrak:TRE,TRE,10:26:00,10:28:00,7,0,0,
amtrak,amtrak:299741,299741,amtrak:NWK,NWK,11:01:00,11:03:00,8,0,0,
amtrak,amtrak:299741,299741,amtrak:NYP,NYP,11:21:00,11:33:00,9,0,0,
amtrak,amtrak:299741,299741,amtrak:STM,STM,12:16:00,12:18:00,10,0,0,
amtrak,amtrak:299741,299741,amtrak:BRP,BRP,12:45:00,12:46:00,11,0,0,
amtrak,amtrak:299741,299741,amtrak:NHV,NHV,13:11:00,13:36:00,12,0,0,
amtrak,amtrak:299741,299741,amtrak:MDN,MDN,13:56:00,13:56:00,13,0,0,
amtrak,amtrak:299741,299741,amtrak:HFD,HFD,14:14:00,14:17:00,14,0,0,
amtrak,amtrak:299741,299741,amtrak:WNL,WNL,14:28:00,14:28:00,15,0,0,
amtrak,amtrak:299741,299741,amtrak:SPG,SPG,15:01:00,15:15:00,16,0,0,
amtrak,amtrak:299741,299741,amtrak:HLK,HLK,15:41:00,15:41:00,17,0,0,
amtrak,amtrak:299741,299741,amtrak:NHT,NHT,15:57:00,15:57:00,18,0,0,
amtrak,amtrak:299741,299741,amtrak:GFD,GFD,16:22:00,16:22:00,19,0,0,
amtrak,amtrak:299741,299741,amtrak:BRA,BRA,16:56:00,16:56:00,20,0,0,
amtrak,amtrak:299741,299741,amtrak:BLF,BLF,17:26:00,17:26:00,21,0,0,
amtrak,amtrak:299741,299741,amtrak:CLA,CLA,17:47:00,17:47:00,22,0,0,
amtrak,amtrak:299741,299741,amtrak:WNM,WNM,17:56:00,17:56:00,23,0,0,
amtrak,amtrak:299741,299741,amtrak:WRJ,WRJ,18:15:00,18:18:00,24,0,0,
amtrak,amtrak:299741,299741,amtrak:RPH,RPH,18:56:00,18:56:00,25,0,0,
amtrak,amtrak:299741,299741,amtrak:MPR,MPR,19:34:00,19:34:00,26,0,0,
amtrak,amtrak:299741,299741,amtrak:WAB,WAB,19:50:00,19:50:00,27,0,0,
amtrak,amtrak:299741,299741,amtrak:ESX,ESX,20:18:00,20:18:00,28,0,0,
amtrak,amtrak:299741,299741,amtrak:SAB,SAB,20:50:00,20:50:00,29,0,0,
amtrak,amtrak:299742,299742,amtrak:WAS,WAS,8:10:00,8:10:00,1,0,0,
amtrak,amtrak:299742,299742,amtrak:NCR,NCR,8:19:00,8:20:00,2,0,0,
amtrak,amtrak:299742,299742,amtrak:BWI,BWI,8:33:00,8:35:00,3,0,0,
amtrak,amtrak:299742,299742,amtrak:BAL,BAL,8:50:00,8:52:00,4,0,0,
amtrak,amtrak:299742,299742,amtrak:WIL,WIL,9:34:00,9:36:00,5,0,0,
amtrak,amtrak:299742,299742,amtrak:PHL,PHL,9:58:00,10:01:00,6,0,0,
amtrak,amtrak:299742,299742,amtrak:TRE,TRE,10:26:00,10:28:00,7,0,0,
amtrak,amtrak:299742,299742,amtrak:NWK,NWK,11:01:00,11:03:00,8,0,0,
amtrak,amtrak:299742,299742,amtrak:NYP,NYP,11:21:00,11:33:00,9,0,0,
amtrak,amtrak:299742,299742,amtrak:STM,STM,12:16:00,12:18:00,10,0,0,
amtrak,amtrak:299742,299742,amtrak:BRP,BRP,12:45:00,12:46:00,11,0,0,
amtrak,amtrak:299742,299742,amtrak:NHV,NHV,13:11:00,13:36:00,12,0,0,
amtrak,amtrak:299742,299742,amtrak:MDN,MDN,13:56:00,13:56:00,13,0,0,
amtrak,amtrak:299742,299742,amtrak:HFD,HFD,14:14:00,14:17:00,14,0,0,
amtrak,amtrak:299742,299742,amtrak:WNL,WNL,14:28:00,14:28:00,15,0,0,
amtrak,amtrak:299742,299742,amtrak:SPG,SPG,15:01:00,15:15:00,16,0,0,
amtrak,amtrak:299742,299742,amtrak:HLK,HLK,15:41:00,15:41:00,17,0,0,
amtrak,amtrak:299742,299742,amtrak:NHT,NHT,15:57:00,15:57:00,18,0,0,
amtrak,amtrak:299742,299742,amtrak:GFD,GFD,16:22:00,16:22:00,19,0,0,
amtrak,amtrak:299742,299742,amtrak:BRA,BRA,16:56:00,16:56:00,20,0,0,
amtrak,amtrak:299742,299742,amtrak:BLF,BLF,17:26:00,17:26:00,21,0,0,
amtrak,amtrak:299742,299742,amtrak:CLA,CLA,17:47:00,17:47:00,22,0,0,
amtrak,amtrak:299742,299742,amtrak:WNM,WNM,17:56:00,17:56:00,23,0,0,
amtrak,amtrak:299742,299742,amtrak:WRJ,WRJ,18:15:00,18:18:00,24,0,0,
amtrak,amtrak:299742,299742,amtrak:RPH,RPH,18:56:00,18:56:00,25,0,0,
amtrak,amtrak:299742,299742,amtrak:MPR,MPR,19:34:00,19:34:00,26,0,0,
amtrak,amtrak:299742,299742,amtrak:WAB,WAB,19:50:00,19:50:00,27,0,0,
amtrak,amtrak:299742,299742,amtrak:ESX,ESX,20:18:00,20:18:00,28,0,0,
amtrak,amtrak:299742,299742,amtrak:SAB,SAB,20:50:00,20:50:00,29,0,0,
amtrak,amtrak:299744,299744,amtrak:WAS,WAS,8:10:00,8:10:00,1,0,0,
amtrak,amtrak:299744,299744,amtrak:NCR,NCR,8:19:00,8:20:00,2,0,0,
amtrak,amtrak:299744,299744,amtrak:BWI,BWI,8:33:00,8:35:00,3,0,0,
amtrak,amtrak:299744,299744,amtrak:BAL,BAL,8:50:00,8:52:00,4,0,0,
amtrak,amtrak:299744,299744,amtrak:WIL,WIL,9:34:00,9:36:00,5,0,0,
amtrak,amtrak:299744,299744,amtrak:PHL,PHL,9:58:00,10:01:00,6,0,0,
amtrak,amtrak:299744,299744,amtrak:TRE,TRE,10:26:00,10:28:00,7,0,0,
amtrak,amtrak:299744,299744,amtrak:NWK,NWK,11:01:00,11:03:00,8,0,0,
amtrak,amtrak:299744,299744,amtrak:NYP,NYP,11:21:00,11:33:00,9,0,0,
amtrak,amtrak:299744,299744,amtrak:STM,STM,12:16:00,12:18:00,10,0,0,
amtrak,amtrak:299744,299744,amtrak:BRP,BRP,12:45:00,12:46:00,11,0,0,
amtrak,amtrak:299744,299744,amtrak:NHV,NHV,13:11:00,13:36:00,12,0,0,
amtrak,amtrak:299744,299744,amtrak:MDN,MDN,13:56:00,13:56:00,13,0,0,
amtrak,amtrak:299744,299744,amtrak:HFD,HFD,14:14:00,14:17:00,14,0,0,
amtrak,amtrak:299744,299744,amtrak:WNL,WNL,14:28:00,14:28:00,15,0,0,
amtrak,amtrak:299744,299744,amtrak:SPG,SPG,15:01:00,15:15:00,16,0,0,
amtrak,amtrak:299744,299744,amtrak:HLK,HLK,15:41:00,15:41:00,17,0,0,
amtrak,amtrak:299744,299744,amtrak:NHT,NHT,15:57:00,15:57:00,18,0,0,
amtrak,amtrak:299744,299744,amtrak:GFD,GFD,16:22:00,16:22:00,19,0,0,
amtrak,amtrak:299744,299744,amtrak:BRA,BRA,16:56:00,16:56:00,20,0,0,
amtrak,amtrak:299744,299744,amtrak:BLF,BLF,17:26:00,17:26:00,21,0,0,
amtrak,amtrak:299744,299744,amtrak:CLA,CLA,17:47:00,17:47:00,22,0,0,
amtrak,amtrak:299744,299744,amtrak:WNM,WNM,17:56:00,17:56:00,23,0,0,
amtrak,amtrak:299744,299744,amtrak:WRJ,WRJ,18:15:00,18:18:00,24,0,0,
amtrak,amtrak:299744,299744,amtrak:RPH,RPH,18:56:00,18:56:00,25,0,0,
amtrak,amtrak:299744,299744,amtrak:MPR,MPR,19:34:00,19:34:00,26,0,0,
amtrak,amtrak:299744,299744,amtrak:WAB,WAB,19:50:00,19:50:00,27,0,0,
amtrak,amtrak:299744,299744,amtrak:ESX,ESX,20:18:00,20:18:00,28,0,0,
amtrak,amtrak:299744,299744,amtrak:SAB,SAB,20:50:00,20:50:00,29,0,0,
amtrak,amtrak:299780,299780,amtrak:SAB,SAB,9:15:00,9:15:00,1,0,0,
amtrak,amtrak:299780,299780,amtrak:ESX,ESX,9:44:00,9:44:00,2,0,0,
amtrak,amtrak:299780,299780,amtrak:WAB,WAB,10:10:00,10:10:00,3,0,0,
amtrak,amtrak:299780,299780,amtrak:MPR,MPR,10:25:00,10:25:00,4,0,0,
amtrak,amtrak:299780,299780,amtrak:RPH,RPH,10:59:00,10:59:00,5,0,0,
amtrak,amtrak:299780,299780,amtrak:WRJ,WRJ,11:35:00,11:37:00,6,0,0,
amtrak,amtrak:299780,299780,amtrak:WNM,WNM,11:56:00,11:56:00,7,0,0,
amtrak,amtrak:299780,299780,amtrak:CLA,CLA,12:06:00,12:06:00,8,0,0,
amtrak,amtrak:299780,299780,amtrak:BLF,BLF,12:30:00,12:30:00,9,0,0,
amtrak,amtrak:299780,299780,amtrak:BRA,BRA,13:02:00,13:02:00,10,0,0,
amtrak,amtrak:299780,299780,amtrak:GFD,GFD,13:36:00,13:36:00,11,0,0,
amtrak,amtrak:299780,299780,amtrak:NHT,NHT,14:01:00,14:01:00,12,0,0,
amtrak,amtrak:299780,299780,amtrak:HLK,HLK,14:16:00,14:16:00,13,0,0,
amtrak,amtrak:299780,299780,amtrak:SPG,SPG,14:35:00,14:45:00,14,0,0,
amtrak,amtrak:299780,299780,amtrak:WNL,WNL,15:07:00,15:07:00,15,0,0,
amtrak,amtrak:299780,299780,amtrak:HFD,HFD,15:19:00,15:22:00,16,0,0,
amtrak,amtrak:299780,299780,amtrak:MDN,MDN,15:43:00,15:43:00,17,0,0,
amtrak,amtrak:299780,299780,amtrak:NHV,NHV,16:09:00,16:34:00,18,0,0,
amtrak,amtrak:299780,299780,amtrak:BRP,BRP,16:55:00,16:57:00,19,0,0,
amtrak,amtrak:299780,299780,amtrak:STM,STM,17:23:00,17:25:00,20,0,0,
amtrak,amtrak:299780,299780,amtrak:NYP,NYP,18:25:00,19:01:00,21,0,0,
amtrak,amtrak:299780,299780,amtrak:NWK,NWK,19:17:00,19:18:00,22,0,0,
amtrak,amtrak:299780,299780,amtrak:MET,MET,19:33:00,19:33:00,23,0,0,
amtrak,amtrak:299780,299780,amtrak:TRE,TRE,19:55:00,19:57:00,24,0,0,
amtrak,amtrak:299780,299780,amtrak:PHL,PHL,20:23:00,20:26:00,25,0,0,
amtrak,amtrak:299780,299780,amtrak:WIL,WIL,20:46:00,20:47:00,26,0,0,
amtrak,amtrak:299780,299780,amtrak:BAL,BAL,21:45:00,21:47:00,27,0,0,
amtrak,amtrak:299780,299780,amtrak:BWI,BWI,21:59:00,22:00:00,28,0,0,
amtrak,amtrak:299780,299780,amtrak:NCR,NCR,22:13:00,22:14:00,29,0,0,
amtrak,amtrak:299780,299780,amtrak:WAS,WAS,22:34:00,22:34:00,30,0,0,
amtrak,amtrak:299784,299784,amtrak:SAB,SAB,9:15:00,9:15:00,1,0,0,
amtrak,amtrak:299784,299784,amtrak:ESX,ESX,9:44:00,9:44:00,2,0,0,
amtrak,amtrak:299784,299784,amtrak:WAB,WAB,10:10:00,10:10:00,3,0,0,
amtrak,amtrak:299784,299784,amtrak:MPR,MPR,10:25:00,10:25:00,4,0,0,
amtrak,amtrak:299784,299784,amtrak:RPH,RPH,10:59:00,10:59:00,5,0,0,
amtrak,amtrak:299784,299784,amtrak:WRJ,WRJ,11:35:00,11:37:00,6,0,0,
amtrak,amtrak:299784,299784,amtrak:WNM,WNM,11:56:00,11:56:00,7,0,0,
amtrak,amtrak:299784,299784,amtrak:CLA,CLA,12:06:00,12:06:00,8,0,0,
amtrak,amtrak:299784,299784,amtrak:BLF,BLF,12:30:00,12:30:00,9,0,0,
amtrak,amtrak:299784,299784,amtrak:BRA,BRA,13:02:00,13:02:00,10,0,0,
amtrak,amtrak:299784,299784,amtrak:GFD,GFD,13:36:00,13:36:00,11,0,0,
amtrak,amtrak:299784,299784,amtrak:NHT,NHT,14:01:00,14:01:00,12,0,0,
amtrak,amtrak:299784,299784,amtrak:HLK,HLK,14:16:00,14:16:00,13,0,0,
amtrak,amtrak:299784,299784,amtrak:SPG,SPG,14:35:00,14:45:00,14,0,0,
amtrak,amtrak:299784,299784,amtrak:WNL,WNL,15:07:00,15:07:00,15,0,0,
amtrak,amtrak:299784,299784,amtrak:HFD,HFD,15:19:00,15:22:00,16,0,0,
amtrak,amtrak:299784,299784,amtrak:MDN,MDN,15:43:00,15:43:00,17,0,0,
amtrak,amtrak:299784,299784,amtrak:NHV,NHV,16:09:00,16:34:00,18,0,0,
amtrak,amtrak:299784,299784,amtrak:BRP,BRP,16:55:00,16:57:00,19,0,0,
amtrak,amtrak:299784,299784,amtrak:STM,STM,17:23:00,17:25:00,20,0,0,
amtrak,amtrak:299784,299784,amtrak:NYP,NYP,18:25:00,19:01:00,21,0,0,
amtrak,amtrak:299784,299784,amtrak:NWK,NWK,19:17:00,19:18:00,22,0,0,
amtrak,amtrak:299784,299784,amtrak:MET,MET,19:33:00,19:33:00,23,0,0,
amtrak,amtrak:299784,299784,amtrak:TRE,TRE,19:55:00,19:57:00,24,0,0,
amtrak,amtrak:299784,299784,amtrak:PHL,PHL,20:23:00,20:26:00,25,0,0,
amtrak,amtrak:299784,299784,amtrak:WIL,WIL,20:46:00,20:47:00,26,0,0,
amtrak,amtrak:299784,299784,amtrak:BAL,BAL,21:45:00,21:47:00,27,0,0,
amtrak,amtrak:299784,299784,amtrak:BWI,BWI,21:59:00,22:00:00,28,0,0,
amtrak,amtrak:299784,299784,amtrak:NCR,NCR,22:13:00,22:14:00,29,0,0,
amtrak,amtrak:299784,299784,amtrak:WAS,WAS,22:34:00,22:34:00,30,0,0,
amtrak,amtrak:299785,299785,amtrak:SAB,SAB,9:15:00,9:15:00,1,0,0,
amtrak,amtrak:299785,299785,amtrak:ESX,ESX,9:44:00,9:44:00,2,0,0,
amtrak,amtrak:299785,299785,amtrak:WAB,WAB,10:10:00,10:10:00,3,0,0,
amtrak,amtrak:299785,299785,amtrak:MPR,MPR,10:25:00,10:25:00,4,0,0,
amtrak,amtrak:299785,299785,amtrak:RPH,RPH,10:59:00,10:59:00,5,0,0,
amtrak,amtrak:299785,299785,amtrak:WRJ,WRJ,11:35:00,11:37:00,6,0,0,
amtrak,amtrak:299785,299785,amtrak:WNM,WNM,11:56:00,11:56:00,7,0,0,
amtrak,amtrak:299785,299785,amtrak:CLA,CLA,12:06:00,12:06:00,8,0,0,
amtrak,amtrak:299785,299785,amtrak:BLF,BLF,12:30:00,12:30:00,9,0,0,
amtrak,amtrak:299785,299785,amtrak:BRA,BRA,13:02:00,13:02:00,10,0,0,
amtrak,amtrak:299785,299785,amtrak:GFD,GFD,13:36:00,13:36:00,11,0,0,
amtrak,amtrak:299785,299785,amtrak:NHT,NHT,14:01:00,14:01:00,12,0,0,
amtrak,amtrak:299785,299785,amtrak:HLK,HLK,14:16:00,14:16:00,13,0,0,
amtrak,amtrak:299785,299785,amtrak:SPG,SPG,14:35:00,14:45:00,14,0,0,
amtrak,amtrak:299785,299785,amtrak:WNL,WNL,15:07:00,15:07:00,15,0,0,
amtrak,amtrak:299785,299785,amtrak:HFD,HFD,15:19:00,15:22:00,16,0,0,
amtrak,amtrak:299785,299785,amtrak:MDN,MDN,15:43:00,15:43:00,17,0,0,
amtrak,amtrak:299785,299785,amtrak:NHV,NHV,16:09:00,16:34:00,18,0,0,
amtrak,amtrak:299785,299785,amtrak:BRP,BRP,16:55:00,16:57:00,19,0,0,
amtrak,amtrak:299785,299785,amtrak:STM,STM,17:23:00,17:25:00,20,0,0,
amtrak,amtrak:299785,299785,amtrak:NYP,NYP,18:25:00,19:01:00,21,0,0,
amtrak,amtrak:299785,299785,amtrak:NWK,NWK,19:17:00,19:18:00,22,0,0,
amtrak,amtrak:299785,299785,amtrak:MET,MET,19:33:00,19:33:00,23,0,0,
amtrak,amtrak:299785,299785,amtrak:TRE,TRE,19:55:00,19:57:00,24,0,0,
amtrak,amtrak:299785,299785,amtrak:PHL,PHL,20:23:00,20:26:00,25,0,0,
amtrak,amtrak:299785,299785,amtrak:WIL,WIL,20:46:00,20:47:00,26,0,0,
amtrak,amtrak:299785,299785,amtrak:BAL,BAL,21:45:00,21:47:00,27,0,0,
amtrak,amtrak:299785,299785,amtrak:BWI,BWI,21:59:00,22:00:00,28,0,0,
amtrak,amtrak:299785,299785,amtrak:NCR,NCR,22:16:00,22:17:00,29,0,0,
amtrak,amtrak:299785,299785,amtrak:WAS,WAS,22:34:00,22:34:00,30,0,0,
amtrak,amtrak:299786,299786,amtrak:SAB,SAB,9:15:00,9:15:00,1,0,0,
amtrak,amtrak:299786,299786,amtrak:ESX,ESX,9:44:00,9:44:00,2,0,0,
amtrak,amtrak:299786,299786,amtrak:WAB,WAB,10:10:00,10:10:00,3,0,0,
amtrak,amtrak:299786,299786,amtrak:MPR,MPR,10:25:00,10:25:00,4,0,0,
amtrak,amtrak:299786,299786,amtrak:RPH,RPH,10:59:00,10:59:00,5,0,0,
amtrak,amtrak:299786,299786,amtrak:WRJ,WRJ,11:35:00,11:37:00,6,0,0,
amtrak,amtrak:299786,299786,amtrak:WNM,WNM,11:56:00,11:56:00,7,0,0,
amtrak,amtrak:299786,299786,amtrak:CLA,CLA,12:06:00,12:06:00,8,0,0,
amtrak,amtrak:299786,299786,amtrak:BLF,BLF,12:30:00,12:30:00,9,0,0,
amtrak,amtrak:299786,299786,amtrak:BRA,BRA,13:02:00,13:02:00,10,0,0,
amtrak,amtrak:299786,299786,amtrak:GFD,GFD,13:36:00,13:36:00,11,0,0,
amtrak,amtrak:299786,299786,amtrak:NHT,NHT,14:01:00,14:01:00,12,0,0,
amtrak,amtrak:299786,299786,amtrak:HLK,HLK,14:16:00,14:16:00,13,0,0,
amtrak,amtrak:299786,299786,amtrak:SPG,SPG,14:35:00,14:45:00,14,0,0,
amtrak,amtrak:299786,299786,amtrak:WNL,WNL,15:07:00,15:07:00,15,0,0,
amtrak,amtrak:299786,299786,amtrak:HFD,HFD,15:19:00,15:22:00,16,0,0,
amtrak,amtrak:299786,299786,amtrak:MDN,MDN,15:43:00,15:43:00,17,0,0,
amtrak,amtrak:299786,299786,amtrak:NHV,NHV,16:09:00,16:34:00,18,0,0,
amtrak,amtrak:299786,299786,amtrak:BRP,BRP,16:55:00,16:57:00,19,0,0,
amtrak,amtrak:299786,299786,amtrak:STM,STM,17:23:00,17:25:00,20,0,0,
amtrak,amtrak:299786,299786,amtrak:NYP,NYP,18:25:00,19:01:00,21,0,0,
amtrak,amtrak:299786,299786,amtrak:NWK,NWK,19:17:00,19:18:00,22,0,0,
amtrak,amtrak:299786,299786,amtrak:MET,MET,19:33:00,19:33:00,23,0,0,
amtrak,amtrak:299786,299786,amtrak:TRE,TRE,19:55:00,19:57:00,24,0,0,
amtrak,amtrak:299786,299786,amtrak:PHL,PHL,20:23:00,20:26:00,25,0,0,
amtrak,amtrak:299786,299786,amtrak:WIL,WIL,20:46:00,20:47:00,26,0,0,
amtrak,amtrak:299786,299786,amtrak:BAL,BAL,21:45:00,21:47:00,27,0,0,
amtrak,amtrak:299786,299786,amtrak:BWI,BWI,21:59:00,22:00:00,28,0,0,
amtrak,amtrak:299786,299786,amtrak:NCR,NCR,22:13:00,22:14:00,29,0,0,
amtrak,amtrak:299786,299786,amtrak:WAS,WAS,22:34:00,22:34:00,30,0,0,
amtrak,amtrak:299787,299787,amtrak:SAB,SAB,9:15:00,9:15:00,1,0,0,
amtrak,amtrak:299787,299787,amtrak:ESX,ESX,9:44:00,9:44:00,2,0,0,
amtrak,amtrak:299787,299787,amtrak:WAB,WAB,10:10:00,10:10:00,3,0,0,
amtrak,amtrak:299787,299787,amtrak:MPR,MPR,10:25:00,10:25:00,4,0,0,
amtrak,amtrak:299787,299787,amtrak:RPH,RPH,10:59:00,10:59:00,5,0,0,
amtrak,amtrak:299787,299787,amtrak:WRJ,WRJ,11:35:00,11:37:00,6,0,0,
amtrak,amtrak:299787,299787,amtrak:WNM,WNM,11:56:00,11:56:00,7,0,0,
amtrak,amtrak:299787,299787,amtrak:CLA,CLA,12:06:00,12:06:00,8,0,0,
amtrak,amtrak:299787,299787,amtrak:BLF,BLF,12:30:00,12:30:00,9,0,0,
amtrak,amtrak:299787,299787,amtrak:BRA,BRA,13:02:00,13:02:00,10,0,0,
amtrak,amtrak:299787,299787,amtrak:GFD,GFD,13:36:00,13:36:00,11,0,0,
amtrak,amtrak:299787,299787,amtrak:NHT,NHT,14:01:00,14:01:00,12,0,0,
amtrak,amtrak:299787,299787,amtrak:HLK,HLK,14:16:00,14:16:00,13,0,0,
amtrak,amtrak:299787,299787,amtrak:SPG,SPG,14:35:00,14:45:00,14,0,0,
amtrak,amtrak:299787,299787,amtrak:WNL,WNL,15:07:00,15:07:00,15,0,0,
amtrak,amtrak:299787,299787,amtrak:HFD,HFD,15:19:00,15:22:00,16,0,0,
amtrak,amtrak:299787,299787,amtrak:MDN,MDN,15:43:00,15:43:00,17,0,0,
amtrak,amtrak:299787,299787,amtrak:NHV,NHV,16:09:00,16:34:00,18,0,0,
amtrak,amtrak:299787,299787,amtrak:BRP,BRP,16:55:00,16:57:00,19,0,0,
amtrak,amtrak:299787,299787,amtrak:STM,STM,17:23:00,17:25:00,20,0,0,
amtrak,amtrak:299787,299787,amtrak:NYP,NYP,18:25:00,19:01:00,21,0,0,
amtrak,amtrak:299787,299787,amtrak:NWK,NWK,19:17:00,19:18:00,22,0,0,
amtrak,amtrak:299787,299787,amtrak:MET,MET,19:33:00,19:33:00,23,0,0,
amtrak,amtrak:299787,299787,amtrak:TRE,TRE,19:55:00,19:57:00,24,0,0,
amtrak,amtrak:299787,299787,amtrak:PHL,PHL,20:23:00,20:26:00,25,0,0,
amtrak,amtrak:299787,299787,amtrak:WIL,WIL,20:46:00,20:47:00,26,0,0,
amtrak,amtrak:299787,299787,amtrak:BAL,BAL,21:45:00,21:47:00,27,0,0,
amtrak,amtrak:299787,299787,amtrak:BWI,BWI,21:59:00,22:00:00,28,0,0,
amtrak,amtrak:299787,299787,amtrak:NCR,NCR,22:13:00,22:14:00,29,0,0,
amtrak,amtrak:299787,299787,amtrak:WAS,WAS,22:34:00,22:34:00,30,0,0,
amtrak,amtrak:299788,299788,amtrak:SAB,SAB,9:15:00,9:15:00,1,0,0,
amtrak,amtrak:299788,299788,amtrak:ESX,ESX,9:44:00,9:44:00,2,0,0,
amtrak,amtrak:299788,299788,amtrak:WAB,WAB,10:10:00,10:10:00,3,0,0,
amtrak,amtrak:299788,299788,amtrak:MPR,MPR,10:25:00,10:25:00,4,0,0,
amtrak,amtrak:299788,299788,amtrak:RPH,RPH,10:59:00,10:59:00,5,0,0,
amtrak,amtrak:299788,299788,amtrak:WRJ,WRJ,11:35:00,11:37:00,6,0,0,
amtrak,amtrak:299788,299788,amtrak:WNM,WNM,11:56:00,11:56:00,7,0,0,
amtrak,amtrak:299788,299788,amtrak:CLA,CLA,12:06:00,12:06:00,8,0,0,
amtrak,amtrak:299788,299788,amtrak:BLF,BLF,12:30:00,12:30:00,9,0,0,
amtrak,amtrak:299788,299788,amtrak:BRA,BRA,13:02:00,13:02:00,10,0,0,
amtrak,amtrak:299788,299788,amtrak:GFD,GFD,13:36:00,13:36:00,11,0,0,
amtrak,amtrak:299788,299788,amtrak:NHT,NHT,14:01:00,14:01:00,12,0,0,
amtrak,amtrak:299788,299788,amtrak:HLK,HLK,14:16:00,14:16:00,13,0,0,
amtrak,amtrak:299788,299788,amtrak:SPG,SPG,14:35:00,14:45:00,14,0,0,
amtrak,amtrak:299788,299788,amtrak:WNL,WNL,15:07:00,15:07:00,15,0,0,
amtrak,amtrak:299788,299788,amtrak:HFD,HFD,15:19:00,15:22:00,16,0,0,
amtrak,amtrak:299788,299788,amtrak:MDN,MDN,15:43:00,15:43:00,17,0,0,
amtrak,amtrak:299788,299788,amtrak:NHV,NHV,16:09:00,16:34:00,18,0,0,
amtrak,amtrak:299788,299788,amtrak:BRP,BRP,16:55:00,16:57:00,19,0,0,
amtrak,amtrak:299788,299788,amtrak:STM,STM,17:23:00,17:25:00,20,0,0,
amtrak,amtrak:299788,299788,amtrak:NYP,NYP,18:25:00,19:01:00,21,0,0,
amtrak,amtrak:299788,299788,amtrak:NWK,NWK,19:17:00,19:18:00,22,0,0,
amtrak,amtrak:299788,299788,amtrak:MET,MET,19:33:00,19:33:00,23,0,0,
amtrak,amtrak:299788,299788,amtrak:TRE,TRE,19:55:00,19:57:00,24,0,0,
amtrak,amtrak:299788,299788,amtrak:PHL,PHL,20:23:00,20:26:00,25,0,0,
amtrak,amtrak:299788,299788,amtrak:WIL,WIL,20:46:00,20:47:00,26,0,0,
amtrak,amtrak:299788,299788,amtrak:BAL,BAL,21:39:00,21:41:00,27,0,0,
amtrak,amtrak:299788,299788,amtrak:BWI,BWI,21:53:00,21:54:00,28,0,0,
amtrak,amtrak:299788,299788,amtrak:NCR,NCR,22:07:00,22:08:00,29,0,0,
amtrak,amtrak:299788,299788,amtrak:WAS,WAS,22:28:00,22:28:00,30,0,0,
amtrak,amtrak:299789,299789,amtrak:SAB,SAB,9:15:00,9:15:00,1,0,0,
amtrak,amtrak:299789,299789,amtrak:ESX,ESX,9:44:00,9:44:00,2,0,0,
amtrak,amtrak:299789,299789,amtrak:WAB,WAB,10:10:00,10:10:00,3,0,0,
amtrak,amtrak:299789,299789,amtrak:MPR,MPR,10:25:00,10:25:00,4,0,0,
amtrak,amtrak:299789,299789,amtrak:RPH,RPH,10:59:00,10:59:00,5,0,0,
amtrak,amtrak:299789,299789,amtrak:WRJ,WRJ,11:35:00,11:37:00,6,0,0,
amtrak,amtrak:299789,299789,amtrak:WNM,WNM,11:56:00,11:56:00,7,0,0,
amtrak,amtrak:299789,299789,amtrak:CLA,CLA,12:06:00,12:06:00,8,0,0,
amtrak,amtrak:299789,299789,amtrak:BLF,BLF,12:30:00,12:30:00,9,0,0,
amtrak,amtrak:299789,299789,amtrak:BRA,BRA,13:02:00,13:02:00,10,0,0,
amtrak,amtrak:299789,299789,amtrak:GFD,GFD,13:36:00,13:36:00,11,0,0,
amtrak,amtrak:299789,299789,amtrak:NHT,NHT,14:01:00,14:01:00,12,0,0,
amtrak,amtrak:299789,299789,amtrak:HLK,HLK,14:16:00,14:16:00,13,0,0,
amtrak,amtrak:299789,299789,amtrak:SPG,SPG,14:35:00,14:45:00,14,0,0,
amtrak,amtrak:299789,299789,amtrak:WNL,WNL,15:07:00,15:07:00,15,0,0,
amtrak,amtrak:299789,299789,amtrak:HFD,HFD,15:19:00,15:22:00,16,0,0,
amtrak,amtrak:299789,299789,amtrak:MDN,MDN,15:43:00,15:43:00,17,0,0,
amtrak,amtrak:299789,299789,amtrak:NHV,NHV,16:09:00,16:34:00,18,0,0,
amtrak,amtrak:299789,299789,amtrak:BRP,BRP,16:55:00,16:57:00,19,0,0,
amtrak,amtrak:299789,299789,amtrak:STM,STM,17:23:00,17:25:00,20,0,0,
amtrak,amtrak:299789,299789,amtrak:NYP,NYP,18:25:00,19:01:00,21,0,0,
amtrak,amtrak:299789,299789,amtrak:NWK,NWK,19:17:00,19:18:00,22,0,0,
amtrak,amtrak:299789,299789,amtrak:MET,MET,19:33:00,19:33:00,23,0,0,
amtrak,amtrak:299789,299789,amtrak:TRE,TRE,19:55:00,19:57:00,24,0,0,
amtrak,amtrak:299789,299789,amtrak:PHL,PHL,20:23:00,20:26:00,25,0,0,
amtrak,amtrak:299789,299789,amtrak:WIL,WIL,20:46:00,20:47:00,26,0,0,
amtrak,amtrak:299789,299789,amtrak:BAL,BAL,21:39:00,21:41:00,27,0,0,
amtrak,amtrak:299789,299789,amtrak:BWI,BWI,21:53:00,21:54:00,28,0,0,
amtrak,amtrak:299789,299789,amtrak:NCR,NCR,22:07:00,22:08:00,29,0,0,
amtrak,amtrak:299789,299789,amtrak:WAS,WAS,22:28:00,22:28:00,30,0,0,
amtrak,amtrak:299790,299790,amtrak:WAS,WAS,7:28:00,7:28:00,1,0,0,
amtrak,amtrak:299790,299790,amtrak:NCR,NCR,7:38:00,7:39:00,2,0,0,
amtrak,amtrak:299790,299790,amtrak:BWI,BWI,7:53:00,7:55:00,3,0,0,
amtrak,amtrak:299790,299790,amtrak:BAL,BAL,8:08:00,8:10:00,4,0,0,
amtrak,amtrak:299790,299790,amtrak:WIL,WIL,8:56:00,8:58:00,5,0,0,
amtrak,amtrak:299790,299790,amtrak:PHL,PHL,9:22:00,9:30:00,6,0,0,
amtrak,amtrak:299790,299790,amtrak:TRE,TRE,9:57:00,9:59:00,7,0,0,
amtrak,amtrak:299790,299790,amtrak:MET,MET,10:19:00,10:21:00,8,0,0,
amtrak,amtrak:299790,299790,amtrak:NWK,NWK,10:35:00,10:37:00,9,0,0,
amtrak,amtrak:299790,299790,amtrak:NYP,NYP,10:55:00,11:20:00,10,0,0,
amtrak,amtrak:299790,299790,amtrak:STM,STM,12:19:00,12:20:00,11,0,0,
amtrak,amtrak:299790,299790,amtrak:BRP,BRP,12:49:00,12:50:00,12,0,0,
amtrak,amtrak:299790,299790,amtrak:NHV,NHV,13:15:00,13:30:00,13,0,0,
amtrak,amtrak:299790,299790,amtrak:MDN,MDN,13:50:00,13:50:00,14,0,0,
amtrak,amtrak:299790,299790,amtrak:HFD,HFD,14:08:00,14:11:00,15,0,0,
amtrak,amtrak:299790,299790,amtrak:WNL,WNL,14:22:00,14:22:00,16,0,0,
amtrak,amtrak:299790,299790,amtrak:SPG,SPG,14:55:00,15:15:00,17,0,0,
amtrak,amtrak:299790,299790,amtrak:HLK,HLK,15:41:00,15:41:00,18,0,0,
amtrak,amtrak:299790,299790,amtrak:NHT,NHT,15:57:00,15:57:00,19,0,0,
amtrak,amtrak:299790,299790,amtrak:GFD,GFD,16:22:00,16:22:00,20,0,0,
amtrak,amtrak:299790,299790,amtrak:BRA,BRA,16:53:00,16:56:00,21,0,0,
amtrak,amtrak:299790,299790,amtrak:BLF,BLF,17:26:00,17:26:00,22,0,0,
amtrak,amtrak:299790,299790,amtrak:CLA,CLA,17:47:00,17:47:00,23,0,0,
amtrak,amtrak:299790,299790,amtrak:WNM,WNM,17:56:00,17:56:00,24,0,0,
amtrak,amtrak:299790,299790,amtrak:WRJ,WRJ,18:15:00,18:18:00,25,0,0,
amtrak,amtrak:299790,299790,amtrak:RPH,RPH,18:56:00,18:56:00,26,0,0,
amtrak,amtrak:299790,299790,amtrak:MPR,MPR,19:34:00,19:34:00,27,0,0,
amtrak,amtrak:299790,299790,amtrak:WAB,WAB,19:50:00,19:50:00,28,0,0,
amtrak,amtrak:299790,299790,amtrak:ESX,ESX,20:18:00,20:18:00,29,0,0,
amtrak,amtrak:299790,299790,amtrak:SAB,SAB,20:50:00,20:50:00,30,0,0,
amtrak,amtrak:299791,299791,amtrak:WAS,WAS,7:28:00,7:28:00,1,0,0,
amtrak,amtrak:299791,299791,amtrak:NCR,NCR,7:38:00,7:39:00,2,0,0,
amtrak,amtrak:299791,299791,amtrak:BWI,BWI,7:53:00,7:55:00,3,0,0,
amtrak,amtrak:299791,299791,amtrak:BAL,BAL,8:08:00,8:10:00,4,0,0,
amtrak,amtrak:299791,299791,amtrak:WIL,WIL,8:56:00,8:58:00,5,0,0,
amtrak,amtrak:299791,299791,amtrak:PHL,PHL,9:22:00,9:30:00,6,0,0,
amtrak,amtrak:299791,299791,amtrak:TRE,TRE,9:57:00,9:59:00,7,0,0,
amtrak,amtrak:299791,299791,amtrak:MET,MET,10:19:00,10:21:00,8,0,0,
amtrak,amtrak:299791,299791,amtrak:NWK,NWK,10:35:00,10:37:00,9,0,0,
amtrak,amtrak:299791,299791,amtrak:NYP,NYP,10:55:00,11:20:00,10,0,0,
amtrak,amtrak:299791,299791,amtrak:STM,STM,12:19:00,12:20:00,11,0,0,
amtrak,amtrak:299791,299791,amtrak:BRP,BRP,12:49:00,12:50:00,12,0,0,
amtrak,amtrak:299791,299791,amtrak:NHV,NHV,13:15:00,13:30:00,13,0,0,
amtrak,amtrak:299791,299791,amtrak:MDN,MDN,13:50:00,13:50:00,14,0,0,
amtrak,amtrak:299791,299791,amtrak:HFD,HFD,14:08:00,14:11:00,15,0,0,
amtrak,amtrak:299791,299791,amtrak:WNL,WNL,14:22:00,14:22:00,16,0,0,
amtrak,amtrak:299791,299791,amtrak:SPG,SPG,14:55:00,15:15:00,17,0,0,
amtrak,amtrak:299791,299791,amtrak:HLK,HLK,15:41:00,15:41:00,18,0,0,
amtrak,amtrak:299791,299791,amtrak:NHT,NHT,15:57:00,15:57:00,19,0,0,
amtrak,amtrak:299791,299791,amtrak:GFD,GFD,16:22:00,16:22:00,20,0,0,
amtrak,amtrak:299791,299791,amtrak:BRA,BRA,16:53:00,16:56:00,21,0,0,
amtrak,amtrak:299791,299791,amtrak:BLF,BLF,17:26:00,17:26:00,22,0,0,
amtrak,amtrak:299791,299791,amtrak:CLA,CLA,17:47:00,17:47:00,23,0,0,
amtrak,amtrak:299791,299791,amtrak:WNM,WNM,17:56:00,17:56:00,24,0,0,
amtrak,amtrak:299791,299791,amtrak:WRJ,WRJ,18:15:00,18:18:00,25,0,0,
amtrak,amtrak:299791,299791,amtrak:RPH,RPH,18:56:00,18:56:00,26,0,0,
amtrak,amtrak:299791,299791,amtrak:MPR,MPR,19:34:00,19:34:00,27,0,0,
amtrak,amtrak:299791,299791,amtrak:WAB,WAB,19:50:00,19:50:00,28,0,0,
amtrak,amtrak:299791,299791,amtrak:ESX,ESX,20:18:00,20:18:00,29,0,0,
amtrak,amtrak:299791,299791,amtrak:SAB,SAB,20:50:00,20:50:00,30,0,0,
amtrak,amtrak:299793,299793,amtrak:NHV,NHV,13:15:00,13:30:00,13,0,0,
amtrak,amtrak:299793,299793,amtrak:MDN,MDN,13:50:00,13:50:00,14,0,0,
amtrak,amtrak:299793,299793,amtrak:HFD,HFD,14:08:00,14:11:00,15,0,0,
amtrak,amtrak:299793,299793,amtrak:WNL,WNL,14:22:00,14:22:00,16,0,0,
amtrak,amtrak:299793,299793,amtrak:SPG,SPG,14:55:00,15:15:00,17,0,0,
amtrak,amtrak:299793,299793,amtrak:HLK,HLK,15:41:00,15:41:00,18,0,0,
amtrak,amtrak:299793,299793,amtrak:NHT,NHT,15:57:00,15:57:00,19,0,0,
amtrak,amtrak:299793,299793,amtrak:GFD,GFD,16:22:00,16:22:00,20,0,0,
amtrak,amtrak:299793,299793,amtrak:BRA,BRA,16:53:00,16:56:00,21,0,0,
amtrak,amtrak:299793,299793,amtrak:BLF,BLF,17:26:00,17:26:00,22,0,0,
amtrak,amtrak:299793,299793,amtrak:CLA,CLA,17:47:00,17:47:00,23,0,0,
amtrak,amtrak:299793,299793,amtrak:WNM,WNM,17:56:00,17:56:00,24,0,0,
amtrak,amtrak:299793,299793,amtrak:WRJ,WRJ,18:15:00,18:18:00,25,0,0,
amtrak,amtrak:299793,299793,amtrak:RPH,RPH,18:56:00,18:56:00,26,0,0,
amtrak,amtrak:299793,299793,amtrak:MPR,MPR,19:34:00,19:34:00,27,0,0,
amtrak,amtrak:299793,299793,amtrak:WAB,WAB,19:50:00,19:50:00,28,0,0,
amtrak,amtrak:299793,299793,amtrak:ESX,ESX,20:18:00,20:18:00,29,0,0,
amtrak,amtrak:299793,299793,amtrak:SAB,SAB,20:50:00,20:50:00,30,0,0,
amtrak,amtrak:299798,299798,amtrak:WAS,WAS,7:28:00,7:28:00,1,0,0,
amtrak,amtrak:299798,299798,amtrak:NCR,NCR,7:38:00,7:39:00,2,0,0,
amtrak,amtrak:299798,299798,amtrak:BWI,BWI,7:53:00,7:55:00,3,0,0,
amtrak,amtrak:299798,299798,amtrak:BAL,BAL,8:08:00,8:10:00,4,0,0,
amtrak,amtrak:299798,299798,amtrak:WIL,WIL,8:56:00,8:58:00,5,0,0,
amtrak,amtrak:299798,299798,amtrak:PHL,PHL,9:22:00,9:30:00,6,0,0,
amtrak,amtrak:299798,299798,amtrak:TRE,TRE,9:57:00,9:59:00,7,0,0,
amtrak,amtrak:299798,299798,amtrak:MET,MET,10:19:00,10:21:00,8,0,0,
amtrak,amtrak:299798,299798,amtrak:NWK,NWK,10:35:00,10:37:00,9,0,0,
amtrak,amtrak:299798,299798,amtrak:NYP,NYP,10:55:00,11:20:00,10,0,0,
amtrak,amtrak:299798,299798,amtrak:STM,STM,12:19:00,12:20:00,11,0,0,
amtrak,amtrak:299798,299798,amtrak:BRP,BRP,12:49:00,12:50:00,12,0,0,
amtrak,amtrak:299798,299798,amtrak:NHV,NHV,13:15:00,13:30:00,13,0,0,
amtrak,amtrak:299798,299798,amtrak:MDN,MDN,13:50:00,13:50:00,14,0,0,
amtrak,amtrak:299798,299798,amtrak:HFD,HFD,14:08:00,14:11:00,15,0,0,
amtrak,amtrak:299798,299798,amtrak:WNL,WNL,14:22:00,14:22:00,16,0,0,
amtrak,amtrak:299798,299798,amtrak:SPG,SPG,14:55:00,15:15:00,17,0,0,
amtrak,amtrak:299798,299798,amtrak:HLK,HLK,15:41:00,15:41:00,18,0,0,
amtrak,amtrak:299798,299798,amtrak:NHT,NHT,15:57:00,15:57:00,19,0,0,
amtrak,amtrak:299798,299798,amtrak:GFD,GFD,16:22:00,16:22:00,20,0,0,
amtrak,amtrak:299798,299798,amtrak:BRA,BRA,16:53:00,16:56:00,21,0,0,
amtrak,amtrak:299798,299798,amtrak:BLF,BLF,17:26:00,17:26:00,22,0,0,
amtrak,amtrak:299798,299798,amtrak:CLA,CLA,17:47:00,17:47:00,23,0,0,
amtrak,amtrak:299798,299798,amtrak:WNM,WNM,17:56:00,17:56:00,24,0,0,
amtrak,amtrak:299798,299798,amtrak:WRJ,WRJ,18:15:00,18:18:00,25,0,0,
amtrak,amtrak:299798,299798,amtrak:RPH,RPH,18:56:00,18:56:00,26,0,0,
amtrak,amtrak:299798,299798,amtrak:MPR,MPR,19:34:00,19:34:00,27,0,0,
amtrak,amtrak:299798,299798,amtrak:WAB,WAB,19:50:00,19:50:00,28,0,0,
amtrak,amtrak:299798,299798,amtrak:ESX,ESX,20:18:00,20:18:00,29,0,0,
amtrak,amtrak:299798,299798,amtrak:SAB,SAB,20:50:00,20:50:00,30,0,0,
amtrak,amtrak:299799,299799,amtrak:WAS,WAS,7:30:00,7:30:00,1,0,0,
amtrak,amtrak:299799,299799,amtrak:NCR,NCR,7:40:00,7:41:00,2,0,0,
amtrak,amtrak:299799,299799,amtrak:BWI,BWI,7:55:00,7:57:00,3,0,0,
amtrak,amtrak:299799,299799,amtrak:BAL,BAL,8:10:00,8:12:00,4,0,0,
amtrak,amtrak:299799,299799,amtrak:WIL,WIL,8:56:00,8:58:00,5,0,0,
amtrak,amtrak:299799,299799,amtrak:PHL,PHL,9:18:00,9:21:00,6,0,0,
amtrak,amtrak:299799,299799,amtrak:TRE,TRE,9:48:00,9:50:00,7,0,0,
amtrak,amtrak:299799,299799,amtrak:MET,MET,10:09:00,10:11:00,8,0,0,
amtrak,amtrak:299799,299799,amtrak:NWK,NWK,10:25:00,10:27:00,9,0,0,
amtrak,amtrak:299799,299799,amtrak:NYP,NYP,10:45:00,11:20:00,10,0,0,
amtrak,amtrak:299799,299799,amtrak:STM,STM,12:19:00,12:20:00,11,0,0,
amtrak,amtrak:299799,299799,amtrak:BRP,BRP,12:49:00,12:50:00,12,0,0,
amtrak,amtrak:299799,299799,amtrak:NHV,NHV,13:15:00,13:30:00,13,0,0,
amtrak,amtrak:299799,299799,amtrak:MDN,MDN,13:50:00,13:50:00,14,0,0,
amtrak,amtrak:299799,299799,amtrak:HFD,HFD,14:08:00,14:11:00,15,0,0,
amtrak,amtrak:299799,299799,amtrak:WNL,WNL,14:22:00,14:22:00,16,0,0,
amtrak,amtrak:299799,299799,amtrak:SPG,SPG,14:55:00,15:15:00,17,0,0,
amtrak,amtrak:299799,299799,amtrak:HLK,HLK,15:41:00,15:41:00,18,0,0,
amtrak,amtrak:299799,299799,amtrak:NHT,NHT,15:57:00,15:57:00,19,0,0,
amtrak,amtrak:299799,299799,amtrak:GFD,GFD,16:22:00,16:22:00,20,0,0,
amtrak,amtrak:299799,299799,amtrak:BRA,BRA,16:53:00,16:56:00,21,0,0,
amtrak,amtrak:299799,299799,amtrak:BLF,BLF,17:26:00,17:26:00,22,0,0,
amtrak,amtrak:299799,299799,amtrak:CLA,CLA,17:47:00,17:47:00,23,0,0,
amtrak,amtrak:299799,299799,amtrak:WNM,WNM,17:56:00,17:56:00,24,0,0,
amtrak,amtrak:299799,299799,amtrak:WRJ,WRJ,18:15:00,18:18:00,25,0,0,
amtrak,amtrak:299799,299799,amtrak:RPH,RPH,18:56:00,18:56:00,26,0,0,
amtrak,amtrak:299799,299799,amtrak:MPR,MPR,19:34:00,19:34:00,27,0,0,
amtrak,amtrak:299799,299799,amtrak:WAB,WAB,19:50:00,19:50:00,28,0,0,
amtrak,amtrak:299799,299799,amtrak:ESX,ESX,20:18:00,20:18:00,29,0,0,
amtrak,amtrak:299799,299799,amtrak:SAB,SAB,20:50:00,20:50:00,30,0,0,
amtrak,amtrak:299800,299800,amtrak:WAS,WAS,7:30:00,7:30:00,1,0,0,
amtrak,amtrak:299800,299800,amtrak:NCR,NCR,7:40:00,7:41:00,2,0,0,
amtrak,amtrak:299800,299800,amtrak:BWI,BWI,7:55:00,7:57:00,3,0,0,
amtrak,amtrak:299800,299800,amtrak:BAL,BAL,8:10:00,8:12:00,4,0,0,
amtrak,amtrak:299800,299800,amtrak:WIL,WIL,8:56:00,8:58:00,5,0,0,
amtrak,amtrak:299800,299800,amtrak:PHL,PHL,9:17:00,9:20:00,6,0,0,
amtrak,amtrak:299800,299800,amtrak:TRE,TRE,9:48:00,9:50:00,7,0,0,
amtrak,amtrak:299800,299800,amtrak:MET,MET,10:09:00,10:11:00,8,0,0,
amtrak,amtrak:299800,299800,amtrak:NWK,NWK,10:25:00,10:27:00,9,0,0,
amtrak,amtrak:299800,299800,amtrak:NYP,NYP,10:45:00,11:20:00,10,0,0,
amtrak,amtrak:299800,299800,amtrak:STM,STM,12:19:00,12:20:00,11,0,0,
amtrak,amtrak:299800,299800,amtrak:BRP,BRP,12:49:00,12:50:00,12,0,0,
amtrak,amtrak:299800,299800,amtrak:NHV,NHV,13:15:00,13:30:00,13,0,0,
amtrak,amtrak:299800,299800,amtrak:MDN,MDN,13:50:00,13:50:00,14,0,0,
amtrak,amtrak:299800,299800,amtrak:HFD,HFD,14:08:00,14:11:00,15,0,0,
amtrak,amtrak:299800,299800,amtrak:WNL,WNL,14:22:00,14:22:00,16,0,0,
amtrak,amtrak:299800,299800,amtrak:SPG,SPG,14:55:00,15:15:00,17,0,0,
amtrak,amtrak:299800,299800,amtrak:HLK,HLK,15:41:00,15:41:00,18,0,0,
amtrak,amtrak:299800,299800,amtrak:NHT,NHT,15:57:00,15:57:00,19,0,0,
amtrak,amtrak:299800,299800,amtrak:GFD,GFD,16:22:00,16:22:00,20,0,0,
amtrak,amtrak:299800,299800,amtrak:BRA,BRA,16:53:00,16:56:00,21,0,0,
amtrak,amtrak:299800,299800,amtrak:BLF,BLF,17:26:00,17:26:00,22,0,0,
amtrak,amtrak:299800,299800,amtrak:CLA,CLA,17:47:00,17:47:00,23,0,0,
amtrak,amtrak:299800,299800,amtrak:WNM,WNM,17:56:00,17:56:00,24,0,0,
amtrak,amtrak:299800,299800,amtrak:WRJ,WRJ,18:15:00,18:18:00,25,0,0,
amtrak,amtrak:299800,299800,amtrak:RPH,RPH,18:56:00,18:56:00,26,0,0,
amtrak,amtrak:299800,299800,amtrak:MPR,MPR,19:34:00,19:34:00,27,0,0,
amtrak,amtrak:299800,299800,amtrak:WAB,WAB,19:50:00,19:50:00,28,0,0,
amtrak,amtrak:299800,299800,amtrak:ESX,ESX,20:18:00,20:18:00,29,0,0,
amtrak,amtrak:299800,299800,amtrak:SAB,SAB,20:50:00,20:50:00,30,0,0,
amtrak,amtrak:299801,299801,amtrak:WAS,WAS,7:30:00,7:30:00,1,0,0,
amtrak,amtrak:299801,299801,amtrak:NCR,NCR,7:40:00,7:41:00,2,0,0,
amtrak,amtrak:299801,299801,amtrak:BWI,BWI,7:55:00,7:57:00,3,0,0,
amtrak,amtrak:299801,299801,amtrak:BAL,BAL,8:10:00,8:12:00,4,0,0,
amtrak,amtrak:299801,299801,amtrak:WIL,WIL,8:56:00,8:58:00,5,0,0,
amtrak,amtrak:299801,299801,amtrak:PHL,PHL,9:17:00,9:20:00,6,0,0,
amtrak,amtrak:299801,299801,amtrak:TRE,TRE,9:48:00,9:50:00,7,0,0,
amtrak,amtrak:299801,299801,amtrak:MET,MET,10:09:00,10:11:00,8,0,0,
amtrak,amtrak:299801,299801,amtrak:NWK,NWK,10:25:00,10:27:00,9,0,0,
amtrak,amtrak:299801,299801,amtrak:NYP,NYP,10:45:00,11:20:00,10,0,0,
amtrak,amtrak:299801,299801,amtrak:STM,STM,12:19:00,12:20:00,11,0,0,
amtrak,amtrak:299801,299801,amtrak:BRP,BRP,12:49:00,12:50:00,12,0,0,
amtrak,amtrak:299801,299801,amtrak:NHV,NHV,13:15:00,13:30:00,13,0,0,
amtrak,amtrak:299801,299801,amtrak:MDN,MDN,13:50:00,13:50:00,14,0,0,
amtrak,amtrak:299801,299801,amtrak:HFD,HFD,14:08:00,14:11:00,15,0,0,
amtrak,amtrak:299801,299801,amtrak:WNL,WNL,14:22:00,14:22:00,16,0,0,
amtrak,amtrak:299801,299801,amtrak:SPG,SPG,14:55:00,15:15:00,17,0,0,
amtrak,amtrak:299801,299801,amtrak:HLK,HLK,15:41:00,15:41:00,18,0,0,
amtrak,amtrak:299801,299801,amtrak:NHT,NHT,15:57:00,15:57:00,19,0,0,
amtrak,amtrak:299801,299801,amtrak:GFD,GFD,16:22:00,16:22:00,20,0,0,
amtrak,amtrak:299801,299801,amtrak:BRA,BRA,16:53:00,16:56:00,21,0,0,
amtrak,amtrak:299801,299801,amtrak:BLF,BLF,17:26:00,17:26:00,22,0,0,
amtrak,amtrak:299801,299801,amtrak:CLA,CLA,17:47:00,17:47:00,23,0,0,
amtrak,amtrak:299801,299801,amtrak:WNM,WNM,17:56:00,17:56:00,24,0,0,
amtrak,amtrak:299801,299801,amtrak:WRJ,WRJ,18:15:00,18:18:00,25,0,0,
amtrak,amtrak:299801,299801,amtrak:RPH,RPH,18:56:00,18:56:00,26,0,0,
amtrak,amtrak:299801,299801,amtrak:MPR,MPR,19:34:00,19:34:00,27,0,0,
amtrak,amtrak:299801,299801,amtrak:WAB,WAB,19:50:00,19:50:00,28,0,0,
amtrak,amtrak:299801,299801,amtrak:ESX,ESX,20:18:00,20:18:00,29,0,0,
amtrak,amtrak:299801,299801,amtrak:SAB,SAB,20:50:00,20:50:00,30,0,0,
amtrak,amtrak:299802,299802,amtrak:WAS,WAS,7:30:00,7:30:00,1,0,0,
amtrak,amtrak:299802,299802,amtrak:NCR,NCR,7:40:00,7:41:00,2,0,0,
amtrak,amtrak:299802,299802,amtrak:BWI,BWI,7:55:00,7:57:00,3,0,0,
amtrak,amtrak:299802,299802,amtrak:BAL,BAL,8:10:00,8:12:00,4,0,0,
amtrak,amtrak:299802,299802,amtrak:WIL,WIL,8:56:00,8:58:00,5,0,0,
amtrak,amtrak:299802,299802,amtrak:PHL,PHL,9:17:00,9:20:00,6,0,0,
amtrak,amtrak:299802,299802,amtrak:TRE,TRE,9:48:00,9:50:00,7,0,0,
amtrak,amtrak:299802,299802,amtrak:MET,MET,10:09:00,10:11:00,8,0,0,
amtrak,amtrak:299802,299802,amtrak:NWK,NWK,10:25:00,10:27:00,9,0,0,
amtrak,amtrak:299802,299802,amtrak:NYP,NYP,10:45:00,11:20:00,10,0,0,
amtrak,amtrak:299802,299802,amtrak:STM,STM,12:19:00,12:20:00,11,0,0,
amtrak,amtrak:299802,299802,amtrak:BRP,BRP,12:49:00,12:50:00,12,0,0,
amtrak,amtrak:299802,299802,amtrak:NHV,NHV,13:15:00,13:30:00,13,0,0,
amtrak,amtrak:299802,299802,amtrak:MDN,MDN,13:50:00,13:50:00,14,0,0,
amtrak,amtrak:299802,299802,amtrak:HFD,HFD,14:08:00,14:11:00,15,0,0,
amtrak,amtrak:299802,299802,amtrak:WNL,WNL,14:22:00,14:22:00,16,0,0,
amtrak,amtrak:299802,299802,amtrak:SPG,SPG,14:55:00,15:15:00,17,0,0,
amtrak,amtrak:299802,299802,amtrak:HLK,HLK,15:41:00,15:41:00,18,0,0,
amtrak,amtrak:299802,299802,amtrak:NHT,NHT,15:57:00,15:57:00,19,0,0,
amtrak,amtrak:299802,299802,amtrak:GFD,GFD,16:22:00,16:22:00,20,0,0,
amtrak,amtrak:299802,299802,amtrak:BRA,BRA,16:53:00,16:56:00,21,0,0,
amtrak,amtrak:299802,299802,amtrak:BLF,BLF,17:26:00,17:26:00,22,0,0,
amtrak,amtrak:299802,299802,amtrak:CLA,CLA,17:47:00,17:47:00,23,0,0,
amtrak,amtrak:299802,299802,amtrak:WNM,WNM,17:56:00,17:56:00,24,0,0,
amtrak,amtrak:299802,299802,amtrak:WRJ,WRJ,18:15:00,18:18:00,25,0,0,
amtrak,amtrak:299802,299802,amtrak:RPH,RPH,18:56:00,18:56:00,26,0,0,
amtrak,amtrak:299802,299802,amtrak:MPR,MPR,19:34:00,19:34:00,27,0,0,
amtrak,amtrak:299802,299802,amtrak:WAB,WAB,19:50:00,19:50:00,28,0,0,
amtrak,amtrak:299802,299802,amtrak:ESX,ESX,20:18:00,20:18:00,29,0,0,
amtrak,amtrak:299802,299802,amtrak:SAB,SAB,20:50:00,20:50:00,30,0,0,
amtrak,amtrak:299837,299837,amtrak:WAS,WAS,10:55:00,10:55:00,1,0,0,
amtrak,amtrak:299837,299837,amtrak:BAL,BAL,11:25:00,11:26:00,2,0,0,
amtrak,amtrak:299837,299837,amtrak:WIL,WIL,12:09:00,12:10:00,3,0,0,
amtrak,amtrak:299837,299837,amtrak:PHL,PHL,12:31:00,12:33:00,4,0,0,
amtrak,amtrak:299837,299837,amtrak:NWK,NWK,13:32:00,13:33:00,5,0,0,
amtrak,amtrak:299837,299837,amtrak:NYP,NYP,13:52:00,14:02:00,6,0,0,
amtrak,amtrak:299837,299837,amtrak:NHV,NHV,15:39:00,15:41:00,7,0,0,
amtrak,amtrak:299837,299837,amtrak:PVD,PVD,17:08:00,17:08:00,8,0,0,
amtrak,amtrak:299837,299837,amtrak:RTE,RTE,17:39:00,17:40:00,9,1,0,
amtrak,amtrak:299837,299837,amtrak:BBY,BBY,17:53:00,17:54:00,10,1,0,
amtrak,amtrak:299837,299837,amtrak:BOS,BOS,18:00:00,18:00:00,11,0,0,
amtrak,amtrak:299839,299839,amtrak:WAS,WAS,10:55:00,10:55:00,1,0,0,
amtrak,amtrak:299839,299839,amtrak:BAL,BAL,11:25:00,11:26:00,2,0,0,
amtrak,amtrak:299839,299839,amtrak:WIL,WIL,12:09:00,12:10:00,3,0,0,
amtrak,amtrak:299839,299839,amtrak:PHL,PHL,12:31:00,12:33:00,4,0,0,
amtrak,amtrak:299839,299839,amtrak:NWK,NWK,13:32:00,13:33:00,5,0,0,
amtrak,amtrak:299839,299839,amtrak:NYP,NYP,13:52:00,14:02:00,6,0,0,
amtrak,amtrak:299839,299839,amtrak:NHV,NHV,15:39:00,15:41:00,7,0,0,
amtrak,amtrak:299839,299839,amtrak:PVD,PVD,17:08:00,17:08:00,8,0,0,
amtrak,amtrak:299839,299839,amtrak:RTE,RTE,17:39:00,17:40:00,9,1,0,
amtrak,amtrak:299839,299839,amtrak:BBY,BBY,17:53:00,17:54:00,10,1,0,
amtrak,amtrak:299839,299839,amtrak:BOS,BOS,18:00:00,18:00:00,11,0,0,
amtrak,amtrak:299841,299841,amtrak:WAS,WAS,10:55:00,10:55:00,1,0,0,
amtrak,amtrak:299841,299841,amtrak:BAL,BAL,11:25:00,11:26:00,2,0,0,
amtrak,amtrak:299841,299841,amtrak:WIL,WIL,12:09:00,12:10:00,3,0,0,
amtrak,amtrak:299841,299841,amtrak:PHL,PHL,12:31:00,12:33:00,4,0,0,
amtrak,amtrak:299841,299841,amtrak:NWK,NWK,13:32:00,13:33:00,5,0,0,
amtrak,amtrak:299841,299841,amtrak:NYP,NYP,13:52:00,14:02:00,6,0,0,
amtrak,amtrak:299841,299841,amtrak:NHV,NHV,15:39:00,15:41:00,7,0,0,
amtrak,amtrak:299841,299841,amtrak:PVD,PVD,17:08:00,17:08:00,8,0,0,
amtrak,amtrak:299841,299841,amtrak:RTE,RTE,17:39:00,17:40:00,9,1,0,
amtrak,amtrak:299841,299841,amtrak:BBY,BBY,17:53:00,17:54:00,10,1,0,
amtrak,amtrak:299841,299841,amtrak:BOS,BOS,18:00:00,18:00:00,11,0,0,
amtrak,amtrak:299842,299842,amtrak:WAS,WAS,10:55:00,10:55:00,1,0,0,
amtrak,amtrak:299842,299842,amtrak:BAL,BAL,11:25:00,11:26:00,2,0,0,
amtrak,amtrak:299842,299842,amtrak:WIL,WIL,12:09:00,12:10:00,3,0,0,
amtrak,amtrak:299842,299842,amtrak:PHL,PHL,12:31:00,12:33:00,4,0,0,
amtrak,amtrak:299842,299842,amtrak:NWK,NWK,13:32:00,13:33:00,5,0,0,
amtrak,amtrak:299842,299842,amtrak:NYP,NYP,13:52:00,14:02:00,6,0,0,
amtrak,amtrak:299842,299842,amtrak:NHV,NHV,15:39:00,15:41:00,7,0,0,
amtrak,amtrak:299842,299842,amtrak:PVD,PVD,17:08:00,17:08:00,8,0,0,
amtrak,amtrak:299842,299842,amtrak:RTE,RTE,17:39:00,17:40:00,9,1,0,
amtrak,amtrak:299842,299842,amtrak:BBY,BBY,17:53:00,17:54:00,10,1,0,
amtrak,amtrak:299842,299842,amtrak:BOS,BOS,18:00:00,18:00:00,11,0,0,
amtrak,amtrak:299843,299843,amtrak:WAS,WAS,10:55:00,10:55:00,1,0,0,
amtrak,amtrak:299843,299843,amtrak:BAL,BAL,11:25:00,11:26:00,2,0,0,
amtrak,amtrak:299843,299843,amtrak:WIL,WIL,12:09:00,12:10:00,3,0,0,
amtrak,amtrak:299843,299843,amtrak:PHL,PHL,12:31:00,12:33:00,4,0,0,
amtrak,amtrak:299843,299843,amtrak:NWK,NWK,13:32:00,13:33:00,5,0,0,
amtrak,amtrak:299843,299843,amtrak:NYP,NYP,13:52:00,14:02:00,6,0,0,
amtrak,amtrak:299843,299843,amtrak:NHV,NHV,15:39:00,15:41:00,7,0,0,
amtrak,amtrak:299843,299843,amtrak:PVD,PVD,17:08:00,17:08:00,8,0,0,
amtrak,amtrak:299843,299843,amtrak:RTE,RTE,17:39:00,17:40:00,9,1,0,
amtrak,amtrak:299843,299843,amtrak:BBY,BBY,17:53:00,17:54:00,10,1,0,
amtrak,amtrak:299843,299843,amtrak:BOS,BOS,18:00:00,18:00:00,11,0,0,
amtrak,amtrak:299844,299844,amtrak:BOS,BOS,10:17:00,10:17:00,1,0,0,
amtrak,amtrak:299844,299844,amtrak:BBY,BBY,10:21:00,10:23:00,2,0,0,
amtrak,amtrak:299844,299844,amtrak:RTE,RTE,10:31:00,10:32:00,3,0,0,
amtrak,amtrak:299844,299844,amtrak:PVD,PVD,10:54:00,10:56:00,4,0,0,
amtrak,amtrak:299844,299844,amtrak:NHV,NHV,12:24:00,12:27:00,5,0,0,
amtrak,amtrak:299844,299844,amtrak:STM,STM,13:11:00,13:13:00,6,0,0,
amtrak,amtrak:299844,299844,amtrak:NYP,NYP,14:09:00,14:35:00,7,0,0,
amtrak,amtrak:299844,299844,amtrak:NWK,NWK,14:51:00,14:52:00,8,0,0,
amtrak,amtrak:299844,299844,amtrak:PHL,PHL,15:45:00,15:47:00,9,0,0,
amtrak,amtrak:299844,299844,amtrak:WIL,WIL,16:09:00,16:11:00,10,0,0,
amtrak,amtrak:299844,299844,amtrak:BWI,BWI,17:12:00,17:13:00,11,0,0,
amtrak,amtrak:299844,299844,amtrak:WAS,WAS,17:40:00,17:40:00,12,0,0,
amtrak,amtrak:299849,299849,amtrak:BOS,BOS,10:17:00,10:17:00,1,0,0,
amtrak,amtrak:299849,299849,amtrak:BBY,BBY,10:21:00,10:23:00,2,0,0,
amtrak,amtrak:299849,299849,amtrak:RTE,RTE,10:31:00,10:32:00,3,0,0,
amtrak,amtrak:299849,299849,amtrak:PVD,PVD,10:54:00,10:56:00,4,0,0,
amtrak,amtrak:299849,299849,amtrak:NHV,NHV,12:24:00,12:27:00,5,0,0,
amtrak,amtrak:299849,299849,amtrak:STM,STM,13:11:00,13:13:00,6,0,0,
amtrak,amtrak:299849,299849,amtrak:NYP,NYP,14:09:00,14:35:00,7,0,0,
amtrak,amtrak:299849,299849,amtrak:NWK,NWK,14:51:00,14:52:00,8,0,0,
amtrak,amtrak:299849,299849,amtrak:PHL,PHL,15:45:00,15:47:00,9,0,0,
amtrak,amtrak:299849,299849,amtrak:WIL,WIL,16:09:00,16:11:00,10,0,0,
amtrak,amtrak:299849,299849,amtrak:BWI,BWI,17:12:00,17:13:00,11,0,0,
amtrak,amtrak:299849,299849,amtrak:WAS,WAS,17:40:00,17:40:00,12,0,0,
amtrak,amtrak:299851,299851,amtrak:BOS,BOS,10:17:00,10:17:00,1,0,0,
amtrak,amtrak:299851,299851,amtrak:BBY,BBY,10:21:00,10:23:00,2,0,0,
amtrak,amtrak:299851,299851,amtrak:RTE,RTE,10:31:00,10:32:00,3,0,0,
amtrak,amtrak:299851,299851,amtrak:PVD,PVD,10:54:00,10:56:00,4,0,0,
amtrak,amtrak:299851,299851,amtrak:NHV,NHV,12:24:00,12:27:00,5,0,0,
amtrak,amtrak:299851,299851,amtrak:STM,STM,13:11:00,13:13:00,6,0,0,
amtrak,amtrak:299851,299851,amtrak:NYP,NYP,14:09:00,14:35:00,7,0,0,
amtrak,amtrak:299851,299851,amtrak:NWK,NWK,14:51:00,14:52:00,8,0,0,
amtrak,amtrak:299851,299851,amtrak:PHL,PHL,15:45:00,15:47:00,9,0,0,
amtrak,amtrak:299851,299851,amtrak:WIL,WIL,16:09:00,16:11:00,10,0,0,
amtrak,amtrak:299851,299851,amtrak:BWI,BWI,17:12:00,17:13:00,11,0,0,
amtrak,amtrak:299851,299851,amtrak:WAS,WAS,17:40:00,17:40:00,12,0,0,
amtrak,amtrak:299853,299853,amtrak:BOS,BOS,10:17:00,10:17:00,1,0,0,
amtrak,amtrak:299853,299853,amtrak:BBY,BBY,10:21:00,10:23:00,2,0,0,
amtrak,amtrak:299853,299853,amtrak:RTE,RTE,10:31:00,10:32:00,3,0,0,
amtrak,amtrak:299853,299853,amtrak:PVD,PVD,10:54:00,10:56:00,4,0,0,
amtrak,amtrak:299853,299853,amtrak:NHV,NHV,12:24:00,12:27:00,5,0,0,
amtrak,amtrak:299853,299853,amtrak:STM,STM,13:11:00,13:13:00,6,0,0,
amtrak,amtrak:299853,299853,amtrak:NYP,NYP,14:09:00,14:35:00,7,0,0,
amtrak,amtrak:299853,299853,amtrak:NWK,NWK,14:51:00,14:52:00,8,0,0,
amtrak,amtrak:299853,299853,amtrak:PHL,PHL,15:45:00,15:47:00,9,0,0,
amtrak,amtrak:299853,299853,amtrak:WIL,WIL,16:09:00,16:11:00,10,0,0,
amtrak,amtrak:299853,299853,amtrak:BWI,BWI,17:12:00,17:13:00,11,0,0,
amtrak,amtrak:299853,299853,amtrak:WAS,WAS,17:40:00,17:40:00,12,0,0,
amtrak,amtrak:299854,299854,amtrak:BOS,BOS,10:17:00,10:17:00,1,0,0,
amtrak,amtrak:299854,299854,amtrak:BBY,BBY,10:21:00,10:23:00,2,0,0,
amtrak,amtrak:299854,299854,amtrak:RTE,RTE,10:31:00,10:32:00,3,0,0,
amtrak,amtrak:299854,299854,amtrak:PVD,PVD,10:54:00,10:56:00,4,0,0,
amtrak,amtrak:299854,299854,amtrak:NHV,NHV,12:24:00,12:27:00,5,0,0,
amtrak,amtrak:299854,299854,amtrak:STM,STM,13:11:00,13:13:00,6,0,0,
amtrak,amtrak:299854,299854,amtrak:NYP,NYP,14:09:00,14:35:00,7,0,0,
amtrak,amtrak:299854,299854,amtrak:NWK,NWK,14:51:00,14:52:00,8,0,0,
amtrak,amtrak:299854,299854,amtrak:PHL,PHL,15:45:00,15:47:00,9,0,0,
amtrak,amtrak:299854,299854,amtrak:WIL,WIL,16:09:00,16:11:00,10,0,0,
amtrak,amtrak:299854,299854,amtrak:BWI,BWI,17:12:00,17:13:00,11,0,0,
amtrak,amtrak:299854,299854,amtrak:WAS,WAS,17:40:00,17:40:00,12,0,0,
amtrak,amtrak:299855,299855,amtrak:BOS,BOS,10:17:00,10:17:00,1,0,0,
amtrak,amtrak:299855,299855,amtrak:BBY,BBY,10:21:00,10:23:00,2,0,0,
amtrak,amtrak:299855,299855,amtrak:RTE,RTE,10:31:00,10:32:00,3,0,0,
amtrak,amtrak:299855,299855,amtrak:PVD,PVD,10:54:00,10:56:00,4,0,0,
amtrak,amtrak:299855,299855,amtrak:NHV,NHV,12:24:00,12:27:00,5,0,0,
amtrak,amtrak:299855,299855,amtrak:STM,STM,13:11:00,13:13:00,6,0,0,
amtrak,amtrak:299855,299855,amtrak:NYP,NYP,14:09:00,14:35:00,7,0,0,
amtrak,amtrak:299855,299855,amtrak:NWK,NWK,14:51:00,14:52:00,8,0,0,
amtrak,amtrak:299855,299855,amtrak:PHL,PHL,15:45:00,15:47:00,9,0,0,
amtrak,amtrak:299855,299855,amtrak:WIL,WIL,16:09:00,16:11:00,10,0,0,
amtrak,amtrak:299855,299855,amtrak:BWI,BWI,17:12:00,17:13:00,11,0,0,
amtrak,amtrak:299855,299855,amtrak:WAS,WAS,17:40:00,17:40:00,12,0,0,
amtrak,amtrak:299993,299993,amtrak:NPN,NPN,4:08:00,4:08:00,1,0,0,
amtrak,amtrak:299993,299993,amtrak:WBG,WBG,4:21:00,4:24:00,2,0,0,
amtrak,amtrak:299993,299993,amtrak:RVM,RVM,5:14:00,5:19:00,3,0,0,
amtrak,amtrak:299993,299993,amtrak:RVR,RVR,5:49:00,5:54:00,4,0,0,
amtrak,amtrak:299993,299993,amtrak:ASD,ASD,6:07:00,6:08:00,5,0,0,
amtrak,amtrak:299993,299993,amtrak:FBG,FBG,6:51:00,6:53:00,6,0,0,
amtrak,amtrak:299993,299993,amtrak:QAN,QAN,7:12:00,7:14:00,7,0,0,
amtrak,amtrak:299993,299993,amtrak:WDB,WDB,7:25:00,7:26:00,8,0,0,
amtrak,amtrak:299993,299993,amtrak:ALX,ALX,7:50:00,7:52:00,9,0,0,
amtrak,amtrak:299993,299993,amtrak:WAS,WAS,8:18:00,8:50:00,10,0,0,
amtrak,amtrak:299993,299993,amtrak:NCR,NCR,9:00:00,9:01:00,11,0,0,
amtrak,amtrak:299993,299993,amtrak:BWI,BWI,9:19:00,9:20:00,12,0,0,
amtrak,amtrak:299993,299993,amtrak:BAL,BAL,9:35:00,9:37:00,13,0,0,
amtrak,amtrak:299993,299993,amtrak:NRK,NRK,10:12:00,10:13:00,14,0,0,
amtrak,amtrak:299993,299993,amtrak:WIL,WIL,10:23:00,10:25:00,15,0,0,
amtrak,amtrak:299993,299993,amtrak:PHL,PHL,10:47:00,10:51:00,16,0,0,
amtrak,amtrak:299993,299993,amtrak:TRE,TRE,11:17:00,11:18:00,17,0,0,
amtrak,amtrak:299993,299993,amtrak:MET,MET,11:40:00,11:41:00,18,0,0,
amtrak,amtrak:299993,299993,amtrak:NWK,NWK,11:54:00,11:56:00,19,0,0,
amtrak,amtrak:299993,299993,amtrak:NYP,NYP,12:15:00,12:37:00,20,0,0,
amtrak,amtrak:299993,299993,amtrak:STM,STM,13:26:00,13:27:00,21,0,0,
amtrak,amtrak:299993,299993,amtrak:BRP,BRP,13:54:00,13:55:00,22,0,0,
amtrak,amtrak:299993,299993,amtrak:NHV,NHV,14:19:00,14:22:00,23,0,0,
amtrak,amtrak:299993,299993,amtrak:NLC,NLC,15:06:00,15:06:00,24,0,0,
amtrak,amtrak:299993,299993,amtrak:KIN,KIN,15:38:00,15:40:00,25,0,0,
amtrak,amtrak:299993,299993,amtrak:PVD,PVD,16:01:00,16:01:00,26,0,0,
amtrak,amtrak:299993,299993,amtrak:RTE,RTE,16:31:00,16:31:00,27,1,0,
amtrak,amtrak:299993,299993,amtrak:BBY,BBY,16:45:00,16:45:00,28,1,0,
amtrak,amtrak:299993,299993,amtrak:BOS,BOS,16:52:00,16:52:00,29,0,0,
amtrak,amtrak:299995,299995,amtrak:NPN,NPN,4:08:00,4:08:00,1,0,0,
amtrak,amtrak:299995,299995,amtrak:WBG,WBG,4:21:00,4:24:00,2,0,0,
amtrak,amtrak:299995,299995,amtrak:RVM,RVM,5:14:00,5:19:00,3,0,0,
amtrak,amtrak:299995,299995,amtrak:RVR,RVR,5:49:00,5:54:00,4,0,0,
amtrak,amtrak:299995,299995,amtrak:ASD,ASD,6:07:00,6:08:00,5,0,0,
amtrak,amtrak:299995,299995,amtrak:FBG,FBG,6:51:00,6:53:00,6,0,0,
amtrak,amtrak:299995,299995,amtrak:QAN,QAN,7:12:00,7:14:00,7,0,0,
amtrak,amtrak:299995,299995,amtrak:WDB,WDB,7:25:00,7:26:00,8,0,0,
amtrak,amtrak:299995,299995,amtrak:ALX,ALX,7:50:00,7:52:00,9,0,0,
amtrak,amtrak:299995,299995,amtrak:WAS,WAS,8:18:00,8:50:00,10,0,0,
amtrak,amtrak:299995,299995,amtrak:NCR,NCR,9:00:00,9:01:00,11,0,0,
amtrak,amtrak:299995,299995,amtrak:BWI,BWI,9:19:00,9:20:00,12,0,0,
amtrak,amtrak:299995,299995,amtrak:BAL,BAL,9:35:00,9:37:00,13,0,0,
amtrak,amtrak:299995,299995,amtrak:NRK,NRK,10:12:00,10:13:00,14,0,0,
amtrak,amtrak:299995,299995,amtrak:WIL,WIL,10:23:00,10:25:00,15,0,0,
amtrak,amtrak:299995,299995,amtrak:PHL,PHL,10:47:00,10:51:00,16,0,0,
amtrak,amtrak:299995,299995,amtrak:TRE,TRE,11:17:00,11:18:00,17,0,0,
amtrak,amtrak:299995,299995,amtrak:MET,MET,11:40:00,11:41:00,18,0,0,
amtrak,amtrak:299995,299995,amtrak:NWK,NWK,11:54:00,11:56:00,19,0,0,
amtrak,amtrak:299995,299995,amtrak:NYP,NYP,12:15:00,12:37:00,20,0,0,
amtrak,amtrak:299995,299995,amtrak:STM,STM,13:26:00,13:27:00,21,0,0,
amtrak,amtrak:299995,299995,amtrak:BRP,BRP,13:54:00,13:55:00,22,0,0,
amtrak,amtrak:299995,299995,amtrak:NHV,NHV,14:19:00,14:22:00,23,0,0,
amtrak,amtrak:299995,299995,amtrak:NLC,NLC,15:06:00,15:06:00,24,0,0,
amtrak,amtrak:299995,299995,amtrak:KIN,KIN,15:38:00,15:40:00,25,0,0,
amtrak,amtrak:299995,299995,amtrak:PVD,PVD,16:01:00,16:01:00,26,0,0,
amtrak,amtrak:299995,299995,amtrak:RTE,RTE,16:31:00,16:31:00,27,1,0,
amtrak,amtrak:299995,299995,amtrak:BBY,BBY,16:45:00,16:45:00,28,1,0,
amtrak,amtrak:299995,299995,amtrak:BOS,BOS,16:52:00,16:52:00,29,0,0,
amtrak,amtrak:299997,299997,amtrak:NPN,NPN,4:08:00,4:08:00,1,0,0,
amtrak,amtrak:299997,299997,amtrak:WBG,WBG,4:21:00,4:24:00,2,0,0,
amtrak,amtrak:299997,299997,amtrak:RVM,RVM,5:14:00,5:19:00,3,0,0,
amtrak,amtrak:299997,299997,amtrak:RVR,RVR,5:49:00,5:54:00,4,0,0,
amtrak,amtrak:299997,299997,amtrak:ASD,ASD,6:07:00,6:08:00,5,0,0,
amtrak,amtrak:299997,299997,amtrak:FBG,FBG,6:51:00,6:53:00,6,0,0,
amtrak,amtrak:299997,299997,amtrak:QAN,QAN,7:12:00,7:14:00,7,0,0,
amtrak,amtrak:299997,299997,amtrak:WDB,WDB,7:25:00,7:26:00,8,0,0,
amtrak,amtrak:299997,299997,amtrak:ALX,ALX,7:50:00,7:52:00,9,0,0,
amtrak,amtrak:299997,299997,amtrak:WAS,WAS,8:18:00,8:50:00,10,0,0,
amtrak,amtrak:299997,299997,amtrak:NCR,NCR,9:00:00,9:01:00,11,0,0,
amtrak,amtrak:299997,299997,amtrak:BWI,BWI,9:19:00,9:20:00,12,0,0,
amtrak,amtrak:299997,299997,amtrak:BAL,BAL,9:35:00,9:37:00,13,0,0,
amtrak,amtrak:299997,299997,amtrak:NRK,NRK,10:12:00,10:13:00,14,0,0,
amtrak,amtrak:299997,299997,amtrak:WIL,WIL,10:23:00,10:25:00,15,0,0,
amtrak,amtrak:299997,299997,amtrak:PHL,PHL,10:47:00,10:51:00,16,0,0,
amtrak,amtrak:299997,299997,amtrak:TRE,TRE,11:17:00,11:18:00,17,0,0,
amtrak,amtrak:299997,299997,amtrak:MET,MET,11:40:00,11:41:00,18,0,0,
amtrak,amtrak:299997,299997,amtrak:NWK,NWK,11:54:00,11:56:00,19,0,0,
amtrak,amtrak:299997,299997,amtrak:NYP,NYP,12:15:00,12:37:00,20,0,0,
amtrak,amtrak:299997,299997,amtrak:STM,STM,13:26:00,13:27:00,21,0,0,
amtrak,amtrak:299997,299997,amtrak:BRP,BRP,13:54:00,13:55:00,22,0,0,
amtrak,amtrak:299997,299997,amtrak:NHV,NHV,14:19:00,14:22:00,23,0,0,
amtrak,amtrak:299997,299997,amtrak:NLC,NLC,15:06:00,15:06:00,24,0,0,
amtrak,amtrak:299997,299997,amtrak:KIN,KIN,15:38:00,15:40:00,25,0,0,
amtrak,amtrak:299997,299997,amtrak:PVD,PVD,16:01:00,16:01:00,26,0,0,
amtrak,amtrak:299997,299997,amtrak:RTE,RTE,16:31:00,16:31:00,27,1,0,
amtrak,amtrak:299997,299997,amtrak:BBY,BBY,16:45:00,16:45:00,28,1,0,
amtrak,amtrak:299997,299997,amtrak:BOS,BOS,16:52:00,16:52:00,29,0,0,
amtrak,amtrak:299998,299998,amtrak:NPN,NPN,4:08:00,4:08:00,1,0,0,
amtrak,amtrak:299998,299998,amtrak:WBG,WBG,4:21:00,4:24:00,2,0,0,
amtrak,amtrak:299998,299998,amtrak:RVM,RVM,5:14:00,5:19:00,3,0,0,
amtrak,amtrak:299998,299998,amtrak:RVR,RVR,5:49:00,5:54:00,4,0,0,
amtrak,amtrak:299998,299998,amtrak:ASD,ASD,6:07:00,6:08:00,5,0,0,
amtrak,amtrak:299998,299998,amtrak:FBG,FBG,6:51:00,6:53:00,6,0,0,
amtrak,amtrak:299998,299998,amtrak:QAN,QAN,7:12:00,7:14:00,7,0,0,
amtrak,amtrak:299998,299998,amtrak:WDB,WDB,7:25:00,7:26:00,8,0,0,
amtrak,amtrak:299998,299998,amtrak:ALX,ALX,7:50:00,7:52:00,9,0,0,
amtrak,amtrak:299998,299998,amtrak:WAS,WAS,8:18:00,8:50:00,10,0,0,
amtrak,amtrak:299998,299998,amtrak:NCR,NCR,9:00:00,9:01:00,11,0,0,
amtrak,amtrak:299998,299998,amtrak:BWI,BWI,9:19:00,9:20:00,12,0,0,
amtrak,amtrak:299998,299998,amtrak:BAL,BAL,9:35:00,9:37:00,13,0,0,
amtrak,amtrak:299998,299998,amtrak:NRK,NRK,10:12:00,10:13:00,14,0,0,
amtrak,amtrak:299998,299998,amtrak:WIL,WIL,10:23:00,10:25:00,15,0,0,
amtrak,amtrak:299998,299998,amtrak:PHL,PHL,10:47:00,10:51:00,16,0,0,
amtrak,amtrak:299998,299998,amtrak:TRE,TRE,11:17:00,11:18:00,17,0,0,
amtrak,amtrak:299998,299998,amtrak:MET,MET,11:40:00,11:41:00,18,0,0,
amtrak,amtrak:299998,299998,amtrak:NWK,NWK,11:54:00,11:56:00,19,0,0,
amtrak,amtrak:299998,299998,amtrak:NYP,NYP,12:15:00,12:37:00,20,0,0,
amtrak,amtrak:299998,299998,amtrak:STM,STM,13:26:00,13:27:00,21,0,0,
amtrak,amtrak:299998,299998,amtrak:BRP,BRP,13:54:00,13:55:00,22,0,0,
amtrak,amtrak:299998,299998,amtrak:NHV,NHV,14:19:00,14:22:00,23,0,0,
amtrak,amtrak:299998,299998,amtrak:NLC,NLC,15:06:00,15:06:00,24,0,0,
amtrak,amtrak:299998,299998,amtrak:KIN,KIN,15:38:00,15:40:00,25,0,0,
amtrak,amtrak:299998,299998,amtrak:PVD,PVD,16:01:00,16:01:00,26,0,0,
amtrak,amtrak:299998,299998,amtrak:RTE,RTE,16:31:00,16:31:00,27,1,0,
amtrak,amtrak:299998,299998,amtrak:BBY,BBY,16:45:00,16:45:00,28,1,0,
amtrak,amtrak:299998,299998,amtrak:BOS,BOS,16:52:00,16:52:00,29,0,0,
amtrak,amtrak:300115,300115,amtrak:NFK,NFK,8:59:00,8:59:00,1,0,0,
amtrak,amtrak:300115,300115,amtrak:PTB,PTB,10:23:00,10:25:00,2,0,0,
amtrak,amtrak:300115,300115,amtrak:RVR,RVR,11:01:00,11:06:00,3,0,0,
amtrak,amtrak:300115,300115,amtrak:ASD,ASD,11:20:00,11:21:00,4,0,0,
amtrak,amtrak:300115,300115,amtrak:FBG,FBG,12:05:00,12:07:00,5,0,0,
amtrak,amtrak:300115,300115,amtrak:QAN,QAN,12:26:00,12:27:00,6,0,0,
amtrak,amtrak:300115,300115,amtrak:ALX,ALX,13:00:00,13:02:00,7,0,0,
amtrak,amtrak:300115,300115,amtrak:WAS,WAS,13:23:00,14:00:00,8,0,0,
amtrak,amtrak:300115,300115,amtrak:NCR,NCR,14:11:00,14:12:00,9,0,0,
amtrak,amtrak:300115,300115,amtrak:BWI,BWI,14:26:00,14:28:00,10,0,0,
amtrak,amtrak:300115,300115,amtrak:BAL,BAL,14:41:00,14:43:00,11,0,0,
amtrak,amtrak:300115,300115,amtrak:WIL,WIL,15:33:00,15:35:00,12,0,0,
amtrak,amtrak:300115,300115,amtrak:PHL,PHL,15:58:00,16:01:00,13,0,0,
amtrak,amtrak:300115,300115,amtrak:TRE,TRE,16:26:00,16:28:00,14,0,0,
amtrak,amtrak:300115,300115,amtrak:EWR,EWR,16:57:00,16:59:00,15,0,0,
amtrak,amtrak:300115,300115,amtrak:NWK,NWK,17:03:00,17:05:00,16,0,0,
amtrak,amtrak:300115,300115,amtrak:NYP,NYP,17:24:00,17:38:00,17,0,0,
amtrak,amtrak:300115,300115,amtrak:NRO,NRO,18:06:00,18:07:00,18,0,0,
amtrak,amtrak:300115,300115,amtrak:STM,STM,18:28:00,18:30:00,19,0,0,
amtrak,amtrak:300115,300115,amtrak:BRP,BRP,18:59:00,19:00:00,20,0,0,
amtrak,amtrak:300115,300115,amtrak:NHV,NHV,19:25:00,19:27:00,21,0,0,
amtrak,amtrak:300115,300115,amtrak:OSB,OSB,19:55:00,19:56:00,22,0,0,
amtrak,amtrak:300115,300115,amtrak:NLC,NLC,20:13:00,20:14:00,23,0,0,
amtrak,amtrak:300115,300115,amtrak:KIN,KIN,20:45:00,20:47:00,24,0,0,
amtrak,amtrak:300115,300115,amtrak:PVD,PVD,21:12:00,21:12:00,25,0,0,
amtrak,amtrak:300115,300115,amtrak:RTE,RTE,21:48:00,21:48:00,26,1,0,
amtrak,amtrak:300115,300115,amtrak:BBY,BBY,22:00:00,22:00:00,27,1,0,
amtrak,amtrak:300115,300115,amtrak:BOS,BOS,22:06:00,22:06:00,28,0,0,
amtrak,amtrak:300120,300120,amtrak:NFK,NFK,8:59:00,8:59:00,1,0,0,
amtrak,amtrak:300120,300120,amtrak:PTB,PTB,10:23:00,10:25:00,2,0,0,
amtrak,amtrak:300120,300120,amtrak:RVR,RVR,11:01:00,11:06:00,3,0,0,
amtrak,amtrak:300120,300120,amtrak:ASD,ASD,11:20:00,11:21:00,4,0,0,
amtrak,amtrak:300120,300120,amtrak:FBG,FBG,12:05:00,12:07:00,5,0,0,
amtrak,amtrak:300120,300120,amtrak:QAN,QAN,12:26:00,12:27:00,6,0,0,
amtrak,amtrak:300120,300120,amtrak:ALX,ALX,13:00:00,13:02:00,7,0,0,
amtrak,amtrak:300120,300120,amtrak:WAS,WAS,13:28:00,14:05:00,8,0,0,
amtrak,amtrak:300120,300120,amtrak:NCR,NCR,14:16:00,14:17:00,9,0,0,
amtrak,amtrak:300120,300120,amtrak:BWI,BWI,14:31:00,14:33:00,10,0,0,
amtrak,amtrak:300120,300120,amtrak:BAL,BAL,14:46:00,14:48:00,11,0,0,
amtrak,amtrak:300120,300120,amtrak:WIL,WIL,15:33:00,15:35:00,12,0,0,
amtrak,amtrak:300120,300120,amtrak:PHL,PHL,15:56:00,15:59:00,13,0,0,
amtrak,amtrak:300120,300120,amtrak:TRE,TRE,16:26:00,16:28:00,14,0,0,
amtrak,amtrak:300120,300120,amtrak:EWR,EWR,16:57:00,16:59:00,15,0,0,
amtrak,amtrak:300120,300120,amtrak:NWK,NWK,17:03:00,17:05:00,16,0,0,
amtrak,amtrak:300120,300120,amtrak:NYP,NYP,17:24:00,17:38:00,17,0,0,
amtrak,amtrak:300120,300120,amtrak:NRO,NRO,18:06:00,18:07:00,18,0,0,
amtrak,amtrak:300120,300120,amtrak:STM,STM,18:28:00,18:30:00,19,0,0,
amtrak,amtrak:300120,300120,amtrak:BRP,BRP,18:59:00,19:00:00,20,0,0,
amtrak,amtrak:300120,300120,amtrak:NHV,NHV,19:25:00,19:27:00,21,0,0,
amtrak,amtrak:300120,300120,amtrak:OSB,OSB,19:55:00,19:56:00,22,0,0,
amtrak,amtrak:300120,300120,amtrak:NLC,NLC,20:13:00,20:14:00,23,0,0,
amtrak,amtrak:300120,300120,amtrak:KIN,KIN,20:45:00,20:47:00,24,0,0,
amtrak,amtrak:300120,300120,amtrak:PVD,PVD,21:12:00,21:12:00,25,0,0,
amtrak,amtrak:300120,300120,amtrak:RTE,RTE,21:48:00,21:48:00,26,1,0,
amtrak,amtrak:300120,300120,amtrak:BBY,BBY,22:00:00,22:00:00,27,1,0,
amtrak,amtrak:300120,300120,amtrak:BOS,BOS,22:06:00,22:06:00,28,0,0,
amtrak,amtrak:300122,300122,amtrak:NFK,NFK,8:59:00,8:59:00,1,0,0,
amtrak,amtrak:300122,300122,amtrak:PTB,PTB,10:23:00,10:25:00,2,0,0,
amtrak,amtrak:300122,300122,amtrak:RVR,RVR,11:01:00,11:06:00,3,0,0,
amtrak,amtrak:300122,300122,amtrak:ASD,ASD,11:20:00,11:21:00,4,0,0,
amtrak,amtrak:300122,300122,amtrak:FBG,FBG,12:05:00,12:07:00,5,0,0,
amtrak,amtrak:300122,300122,amtrak:QAN,QAN,12:26:00,12:27:00,6,0,0,
amtrak,amtrak:300122,300122,amtrak:ALX,ALX,13:00:00,13:02:00,7,0,0,
amtrak,amtrak:300122,300122,amtrak:WAS,WAS,13:28:00,14:05:00,8,0,0,
amtrak,amtrak:300122,300122,amtrak:NCR,NCR,14:16:00,14:17:00,9,0,0,
amtrak,amtrak:300122,300122,amtrak:BWI,BWI,14:31:00,14:33:00,10,0,0,
amtrak,amtrak:300122,300122,amtrak:BAL,BAL,14:46:00,14:48:00,11,0,0,
amtrak,amtrak:300122,300122,amtrak:WIL,WIL,15:33:00,15:35:00,12,0,0,
amtrak,amtrak:300122,300122,amtrak:PHL,PHL,15:56:00,15:59:00,13,0,0,
amtrak,amtrak:300122,300122,amtrak:TRE,TRE,16:26:00,16:28:00,14,0,0,
amtrak,amtrak:300122,300122,amtrak:EWR,EWR,16:57:00,16:59:00,15,0,0,
amtrak,amtrak:300122,300122,amtrak:NWK,NWK,17:03:00,17:05:00,16,0,0,
amtrak,amtrak:300122,300122,amtrak:NYP,NYP,17:24:00,17:38:00,17,0,0,
amtrak,amtrak:300122,300122,amtrak:NRO,NRO,18:06:00,18:07:00,18,0,0,
amtrak,amtrak:300122,300122,amtrak:STM,STM,18:28:00,18:30:00,19,0,0,
amtrak,amtrak:300122,300122,amtrak:BRP,BRP,18:59:00,19:00:00,20,0,0,
amtrak,amtrak:300122,300122,amtrak:NHV,NHV,19:25:00,19:27:00,21,0,0,
amtrak,amtrak:300122,300122,amtrak:OSB,OSB,19:55:00,19:56:00,22,0,0,
amtrak,amtrak:300122,300122,amtrak:NLC,NLC,20:13:00,20:14:00,23,0,0,
amtrak,amtrak:300122,300122,amtrak:KIN,KIN,20:45:00,20:47:00,24,0,0,
amtrak,amtrak:300122,300122,amtrak:PVD,PVD,21:12:00,21:12:00,25,0,0,
amtrak,amtrak:300122,300122,amtrak:RTE,RTE,21:48:00,21:48:00,26,1,0,
amtrak,amtrak:300122,300122,amtrak:BBY,BBY,22:00:00,22:00:00,27,1,0,
amtrak,amtrak:300122,300122,amtrak:BOS,BOS,22:06:00,22:06:00,28,0,0,
amtrak,amtrak:300124,300124,amtrak:NFK,NFK,8:59:00,8:59:00,1,0,0,
amtrak,amtrak:300124,300124,amtrak:PTB,PTB,10:23:00,10:25:00,2,0,0,
amtrak,amtrak:300124,300124,amtrak:RVR,RVR,11:01:00,11:06:00,3,0,0,
amtrak,amtrak:300124,300124,amtrak:ASD,ASD,11:20:00,11:21:00,4,0,0,
amtrak,amtrak:300124,300124,amtrak:FBG,FBG,12:05:00,12:07:00,5,0,0,
amtrak,amtrak:300124,300124,amtrak:QAN,QAN,12:26:00,12:27:00,6,0,0,
amtrak,amtrak:300124,300124,amtrak:ALX,ALX,13:00:00,13:02:00,7,0,0,
amtrak,amtrak:300124,300124,amtrak:WAS,WAS,13:28:00,14:05:00,8,0,0,
amtrak,amtrak:300124,300124,amtrak:NCR,NCR,14:16:00,14:17:00,9,0,0,
amtrak,amtrak:300124,300124,amtrak:BWI,BWI,14:31:00,14:33:00,10,0,0,
amtrak,amtrak:300124,300124,amtrak:BAL,BAL,14:46:00,14:48:00,11,0,0,
amtrak,amtrak:300124,300124,amtrak:WIL,WIL,15:33:00,15:35:00,12,0,0,
amtrak,amtrak:300124,300124,amtrak:PHL,PHL,15:56:00,15:59:00,13,0,0,
amtrak,amtrak:300124,300124,amtrak:TRE,TRE,16:26:00,16:28:00,14,0,0,
amtrak,amtrak:300124,300124,amtrak:EWR,EWR,16:57:00,16:59:00,15,0,0,
amtrak,amtrak:300124,300124,amtrak:NWK,NWK,17:03:00,17:05:00,16,0,0,
amtrak,amtrak:300124,300124,amtrak:NYP,NYP,17:24:00,17:38:00,17,0,0,
amtrak,amtrak:300124,300124,amtrak:NRO,NRO,18:06:00,18:07:00,18,0,0,
amtrak,amtrak:300124,300124,amtrak:STM,STM,18:28:00,18:30:00,19,0,0,
amtrak,amtrak:300124,300124,amtrak:BRP,BRP,18:59:00,19:00:00,20,0,0,
amtrak,amtrak:300124,300124,amtrak:NHV,NHV,19:25:00,19:27:00,21,0,0,
amtrak,amtrak:300124,300124,amtrak:OSB,OSB,19:55:00,19:56:00,22,0,0,
amtrak,amtrak:300124,300124,amtrak:NLC,NLC,20:13:00,20:14:00,23,0,0,
amtrak,amtrak:300124,300124,amtrak:KIN,KIN,20:45:00,20:47:00,24,0,0,
amtrak,amtrak:300124,300124,amtrak:PVD,PVD,21:12:00,21:12:00,25,0,0,
amtrak,amtrak:300124,300124,amtrak:RTE,RTE,21:48:00,21:48:00,26,1,0,
amtrak,amtrak:300124,300124,amtrak:BBY,BBY,22:00:00,22:00:00,27,1,0,
amtrak,amtrak:300124,300124,amtrak:BOS,BOS,22:06:00,22:06:00,28,0,0,
amtrak,amtrak:300125,300125,amtrak:NFK,NFK,8:59:00,8:59:00,1,0,0,
amtrak,amtrak:300125,300125,amtrak:PTB,PTB,10:23:00,10:25:00,2,0,0,
amtrak,amtrak:300125,300125,amtrak:RVR,RVR,11:01:00,11:06:00,3,0,0,
amtrak,amtrak:300125,300125,amtrak:ASD,ASD,11:20:00,11:21:00,4,0,0,
amtrak,amtrak:300125,300125,amtrak:FBG,FBG,12:05:00,12:07:00,5,0,0,
amtrak,amtrak:300125,300125,amtrak:QAN,QAN,12:26:00,12:27:00,6,0,0,
amtrak,amtrak:300125,300125,amtrak:ALX,ALX,13:00:00,13:02:00,7,0,0,
amtrak,amtrak:300125,300125,amtrak:WAS,WAS,13:28:00,14:05:00,8,0,0,
amtrak,amtrak:300125,300125,amtrak:NCR,NCR,14:16:00,14:17:00,9,0,0,
amtrak,amtrak:300125,300125,amtrak:BWI,BWI,14:31:00,14:33:00,10,0,0,
amtrak,amtrak:300125,300125,amtrak:BAL,BAL,14:46:00,14:48:00,11,0,0,
amtrak,amtrak:300125,300125,amtrak:WIL,WIL,15:33:00,15:35:00,12,0,0,
amtrak,amtrak:300125,300125,amtrak:PHL,PHL,15:56:00,15:59:00,13,0,0,
amtrak,amtrak:300125,300125,amtrak:TRE,TRE,16:26:00,16:28:00,14,0,0,
amtrak,amtrak:300125,300125,amtrak:EWR,EWR,16:57:00,16:59:00,15,0,0,
amtrak,amtrak:300125,300125,amtrak:NWK,NWK,17:03:00,17:05:00,16,0,0,
amtrak,amtrak:300125,300125,amtrak:NYP,NYP,17:24:00,17:38:00,17,0,0,
amtrak,amtrak:300125,300125,amtrak:NRO,NRO,18:06:00,18:07:00,18,0,0,
amtrak,amtrak:300125,300125,amtrak:STM,STM,18:28:00,18:30:00,19,0,0,
amtrak,amtrak:300125,300125,amtrak:BRP,BRP,18:59:00,19:00:00,20,0,0,
amtrak,amtrak:300125,300125,amtrak:NHV,NHV,19:25:00,19:27:00,21,0,0,
amtrak,amtrak:300125,300125,amtrak:OSB,OSB,19:55:00,19:56:00,22,0,0,
amtrak,amtrak:300125,300125,amtrak:NLC,NLC,20:13:00,20:14:00,23,0,0,
amtrak,amtrak:300125,300125,amtrak:KIN,KIN,20:45:00,20:47:00,24,0,0,
amtrak,amtrak:300125,300125,amtrak:PVD,PVD,21:12:00,21:12:00,25,0,0,
amtrak,amtrak:300125,300125,amtrak:RTE,RTE,21:48:00,21:48:00,26,1,0,
amtrak,amtrak:300125,300125,amtrak:BBY,BBY,22:00:00,22:00:00,27,1,0,
amtrak,amtrak:300125,300125,amtrak:BOS,BOS,22:06:00,22:06:00,28,0,0,
amtrak,amtrak:300139,300139,amtrak:NHV,NHV,8:55:00,8:55:00,1,0,0,
amtrak,amtrak:300139,300139,amtrak:STS,STS,8:57:00,8:57:00,2,0,0,
amtrak,amtrak:300139,300139,amtrak:WFD,WFD,9:09:00,9:09:00,3,0,0,
amtrak,amtrak:300139,300139,amtrak:MDN,MDN,9:17:00,9:17:00,4,0,0,
amtrak,amtrak:300139,300139,amtrak:BER,BER,9:25:00,9:25:00,5,0,0,
amtrak,amtrak:300139,300139,amtrak:HFD,HFD,9:38:00,9:40:00,6,0,0,
amtrak,amtrak:300139,300139,amtrak:WND,WND,9:47:00,9:47:00,7,0,0,
amtrak,amtrak:300139,300139,amtrak:WNL,WNL,9:53:00,9:53:00,8,0,0,
amtrak,amtrak:300139,300139,amtrak:SPG,SPG,10:18:00,10:18:00,9,0,0,
amtrak,amtrak:300140,300140,amtrak:NHV,NHV,8:55:00,8:55:00,1,0,0,
amtrak,amtrak:300140,300140,amtrak:STS,STS,8:57:00,8:57:00,2,0,0,
amtrak,amtrak:300140,300140,amtrak:WFD,WFD,9:09:00,9:09:00,3,0,0,
amtrak,amtrak:300140,300140,amtrak:MDN,MDN,9:17:00,9:17:00,4,0,0,
amtrak,amtrak:300140,300140,amtrak:BER,BER,9:25:00,9:25:00,5,0,0,
amtrak,amtrak:300140,300140,amtrak:HFD,HFD,9:38:00,9:40:00,6,0,0,
amtrak,amtrak:300140,300140,amtrak:WND,WND,9:47:00,9:47:00,7,0,0,
amtrak,amtrak:300140,300140,amtrak:WNL,WNL,9:53:00,9:53:00,8,0,0,
amtrak,amtrak:300140,300140,amtrak:SPG,SPG,10:18:00,10:18:00,9,0,0,
amtrak,amtrak:300141,300141,amtrak:NHV,NHV,8:53:00,8:53:00,1,0,0,
amtrak,amtrak:300141,300141,amtrak:STS,STS,8:54:00,8:54:00,2,0,0,
amtrak,amtrak:300141,300141,amtrak:WFD,WFD,9:06:00,9:06:00,3,0,0,
amtrak,amtrak:300141,300141,amtrak:MDN,MDN,9:13:00,9:13:00,4,0,0,
amtrak,amtrak:300141,300141,amtrak:BER,BER,9:21:00,9:21:00,5,0,0,
amtrak,amtrak:300141,300141,amtrak:HFD,HFD,9:35:00,9:36:00,6,0,0,
amtrak,amtrak:300141,300141,amtrak:WND,WND,9:44:00,9:44:00,7,0,0,
amtrak,amtrak:300141,300141,amtrak:WNL,WNL,9:50:00,9:50:00,8,0,0,
amtrak,amtrak:300141,300141,amtrak:SPG,SPG,10:16:00,10:16:00,9,0,0,
amtrak,amtrak:300142,300142,amtrak:NHV,NHV,8:55:00,8:55:00,1,0,0,
amtrak,amtrak:300142,300142,amtrak:STS,STS,8:57:00,8:57:00,2,0,0,
amtrak,amtrak:300142,300142,amtrak:WFD,WFD,9:09:00,9:09:00,3,0,0,
amtrak,amtrak:300142,300142,amtrak:MDN,MDN,9:17:00,9:17:00,4,0,0,
amtrak,amtrak:300142,300142,amtrak:BER,BER,9:25:00,9:25:00,5,0,0,
amtrak,amtrak:300142,300142,amtrak:HFD,HFD,9:38:00,9:40:00,6,0,0,
amtrak,amtrak:300142,300142,amtrak:WND,WND,9:47:00,9:47:00,7,0,0,
amtrak,amtrak:300142,300142,amtrak:WNL,WNL,9:53:00,9:53:00,8,0,0,
amtrak,amtrak:300142,300142,amtrak:SPG,SPG,10:18:00,10:18:00,9,0,0,
amtrak,amtrak:300143,300143,amtrak:NHV,NHV,8:55:00,8:55:00,1,0,0,
amtrak,amtrak:300143,300143,amtrak:STS,STS,8:57:00,8:57:00,2,0,0,
amtrak,amtrak:300143,300143,amtrak:WFD,WFD,9:09:00,9:09:00,3,0,0,
amtrak,amtrak:300143,300143,amtrak:MDN,MDN,9:17:00,9:17:00,4,0,0,
amtrak,amtrak:300143,300143,amtrak:BER,BER,9:25:00,9:25:00,5,0,0,
amtrak,amtrak:300143,300143,amtrak:HFD,HFD,9:38:00,9:40:00,6,0,0,
amtrak,amtrak:300143,300143,amtrak:WND,WND,9:47:00,9:47:00,7,0,0,
amtrak,amtrak:300143,300143,amtrak:WNL,WNL,9:53:00,9:53:00,8,0,0,
amtrak,amtrak:300143,300143,amtrak:SPG,SPG,10:18:00,10:18:00,9,0,0,
amtrak,amtrak:300144,300144,amtrak:NHV,NHV,8:55:00,8:55:00,1,0,0,
amtrak,amtrak:300144,300144,amtrak:STS,STS,8:57:00,8:57:00,2,0,0,
amtrak,amtrak:300144,300144,amtrak:WFD,WFD,9:09:00,9:09:00,3,0,0,
amtrak,amtrak:300144,300144,amtrak:MDN,MDN,9:17:00,9:17:00,4,0,0,
amtrak,amtrak:300144,300144,amtrak:BER,BER,9:25:00,9:25:00,5,0,0,
amtrak,amtrak:300144,300144,amtrak:HFD,HFD,9:38:00,9:40:00,6,0,0,
amtrak,amtrak:300144,300144,amtrak:WND,WND,9:47:00,9:47:00,7,0,0,
amtrak,amtrak:300144,300144,amtrak:WNL,WNL,9:53:00,9:53:00,8,0,0,
amtrak,amtrak:300144,300144,amtrak:SPG,SPG,10:18:00,10:18:00,9,0,0,
amtrak,amtrak:300145,300145,amtrak:GFD,GFD,9:15:00,9:15:00,1,0,0,
amtrak,amtrak:300145,300145,amtrak:NHT,NHT,9:40:00,9:40:00,2,0,0,
amtrak,amtrak:300145,300145,amtrak:HLK,HLK,9:55:00,9:55:00,3,0,0,
amtrak,amtrak:300145,300145,amtrak:SPG,SPG,10:23:00,10:34:00,4,0,0,
amtrak,amtrak:300145,300145,amtrak:WNL,WNL,10:53:00,10:53:00,5,0,0,
amtrak,amtrak:300145,300145,amtrak:WND,WND,10:59:00,10:59:00,6,0,0,
amtrak,amtrak:300145,300145,amtrak:HFD,HFD,11:05:00,11:08:00,7,0,0,
amtrak,amtrak:300145,300145,amtrak:BER,BER,11:19:00,11:19:00,8,0,0,
amtrak,amtrak:300145,300145,amtrak:MDN,MDN,11:29:00,11:29:00,9,0,0,
amtrak,amtrak:300145,300145,amtrak:WFD,WFD,11:36:00,11:36:00,10,0,0,
amtrak,amtrak:300145,300145,amtrak:STS,STS,11:49:00,11:49:00,11,0,0,
amtrak,amtrak:300145,300145,amtrak:NHV,NHV,11:56:00,11:56:00,12,0,0,
amtrak,amtrak:300146,300146,amtrak:GFD,GFD,9:15:00,9:15:00,1,0,0,
amtrak,amtrak:300146,300146,amtrak:NHT,NHT,9:40:00,9:40:00,2,0,0,
amtrak,amtrak:300146,300146,amtrak:HLK,HLK,9:55:00,9:55:00,3,0,0,
amtrak,amtrak:300146,300146,amtrak:SPG,SPG,10:23:00,10:34:00,4,0,0,
amtrak,amtrak:300146,300146,amtrak:WNL,WNL,10:53:00,10:53:00,5,0,0,
amtrak,amtrak:300146,300146,amtrak:WND,WND,10:59:00,10:59:00,6,0,0,
amtrak,amtrak:300146,300146,amtrak:HFD,HFD,11:05:00,11:08:00,7,0,0,
amtrak,amtrak:300146,300146,amtrak:BER,BER,11:19:00,11:19:00,8,0,0,
amtrak,amtrak:300146,300146,amtrak:MDN,MDN,11:29:00,11:29:00,9,0,0,
amtrak,amtrak:300146,300146,amtrak:WFD,WFD,11:36:00,11:36:00,10,0,0,
amtrak,amtrak:300146,300146,amtrak:STS,STS,11:49:00,11:49:00,11,0,0,
amtrak,amtrak:300146,300146,amtrak:NHV,NHV,11:56:00,11:56:00,12,0,0,
amtrak,amtrak:300147,300147,amtrak:GFD,GFD,9:15:00,9:15:00,1,0,0,
amtrak,amtrak:300147,300147,amtrak:NHT,NHT,9:40:00,9:40:00,2,0,0,
amtrak,amtrak:300147,300147,amtrak:HLK,HLK,9:55:00,9:55:00,3,0,0,
amtrak,amtrak:300147,300147,amtrak:SPG,SPG,10:23:00,10:40:00,4,0,0,
amtrak,amtrak:300147,300147,amtrak:WNL,WNL,10:59:00,10:59:00,5,0,0,
amtrak,amtrak:300147,300147,amtrak:WND,WND,11:05:00,11:05:00,6,0,0,
amtrak,amtrak:300147,300147,amtrak:HFD,HFD,11:11:00,11:14:00,7,0,0,
amtrak,amtrak:300147,300147,amtrak:BER,BER,11:25:00,11:25:00,8,0,0,
amtrak,amtrak:300147,300147,amtrak:MDN,MDN,11:35:00,11:35:00,9,0,0,
amtrak,amtrak:300147,300147,amtrak:WFD,WFD,11:42:00,11:42:00,10,0,0,
amtrak,amtrak:300147,300147,amtrak:STS,STS,11:55:00,11:55:00,11,0,0,
amtrak,amtrak:300147,300147,amtrak:NHV,NHV,12:02:00,12:02:00,12,0,0,
amtrak,amtrak:300148,300148,amtrak:GFD,GFD,9:15:00,9:15:00,1,0,0,
amtrak,amtrak:300148,300148,amtrak:NHT,NHT,9:40:00,9:40:00,2,0,0,
amtrak,amtrak:300148,300148,amtrak:HLK,HLK,9:55:00,9:55:00,3,0,0,
amtrak,amtrak:300148,300148,amtrak:SPG,SPG,10:23:00,10:34:00,4,0,0,
amtrak,amtrak:300148,300148,amtrak:WNL,WNL,10:53:00,10:53:00,5,0,0,
amtrak,amtrak:300148,300148,amtrak:WND,WND,10:59:00,10:59:00,6,0,0,
amtrak,amtrak:300148,300148,amtrak:HFD,HFD,11:05:00,11:08:00,7,0,0,
amtrak,amtrak:300148,300148,amtrak:BER,BER,11:19:00,11:19:00,8,0,0,
amtrak,amtrak:300148,300148,amtrak:MDN,MDN,11:29:00,11:29:00,9,0,0,
amtrak,amtrak:300148,300148,amtrak:WFD,WFD,11:36:00,11:36:00,10,0,0,
amtrak,amtrak:300148,300148,amtrak:STS,STS,11:49:00,11:49:00,11,0,0,
amtrak,amtrak:300148,300148,amtrak:NHV,NHV,11:56:00,11:56:00,12,0,0,
amtrak,amtrak:300149,300149,amtrak:GFD,GFD,9:15:00,9:15:00,1,0,0,
amtrak,amtrak:300149,300149,amtrak:NHT,NHT,9:40:00,9:40:00,2,0,0,
amtrak,amtrak:300149,300149,amtrak:HLK,HLK,9:55:00,9:55:00,3,0,0,
amtrak,amtrak:300149,300149,amtrak:SPG,SPG,10:23:00,10:34:00,4,0,0,
amtrak,amtrak:300149,300149,amtrak:WNL,WNL,10:53:00,10:53:00,5,0,0,
amtrak,amtrak:300149,300149,amtrak:WND,WND,10:59:00,10:59:00,6,0,0,
amtrak,amtrak:300149,300149,amtrak:HFD,HFD,11:05:00,11:08:00,7,0,0,
amtrak,amtrak:300149,300149,amtrak:BER,BER,11:19:00,11:19:00,8,0,0,
amtrak,amtrak:300149,300149,amtrak:MDN,MDN,11:29:00,11:29:00,9,0,0,
amtrak,amtrak:300149,300149,amtrak:WFD,WFD,11:36:00,11:36:00,10,0,0,
amtrak,amtrak:300149,300149,amtrak:STS,STS,11:49:00,11:49:00,11,0,0,
amtrak,amtrak:300149,300149,amtrak:NHV,NHV,11:56:00,11:56:00,12,0,0,
amtrak,amtrak:300150,300150,amtrak:GFD,GFD,9:15:00,9:15:00,1,0,0,
amtrak,amtrak:300150,300150,amtrak:NHT,NHT,9:40:00,9:40:00,2,0,0,
amtrak,amtrak:300150,300150,amtrak:HLK,HLK,9:55:00,9:55:00,3,0,0,
amtrak,amtrak:300150,300150,amtrak:SPG,SPG,10:23:00,10:34:00,4,0,0,
amtrak,amtrak:300150,300150,amtrak:WNL,WNL,10:53:00,10:53:00,5,0,0,
amtrak,amtrak:300150,300150,amtrak:WND,WND,10:59:00,10:59:00,6,0,0,
amtrak,amtrak:300150,300150,amtrak:HFD,HFD,11:05:00,11:08:00,7,0,0,
amtrak,amtrak:300150,300150,amtrak:BER,BER,11:19:00,11:19:00,8,0,0,
amtrak,amtrak:300150,300150,amtrak:MDN,MDN,11:29:00,11:29:00,9,0,0,
amtrak,amtrak:300150,300150,amtrak:WFD,WFD,11:36:00,11:36:00,10,0,0,
amtrak,amtrak:300150,300150,amtrak:STS,STS,11:49:00,11:49:00,11,0,0,
amtrak,amtrak:300150,300150,amtrak:NHV,NHV,11:56:00,11:56:00,12,0,0,
amtrak,amtrak:300151,300151,amtrak:NHV,NHV,15:00:00,15:00:00,1,0,0,
amtrak,amtrak:300151,300151,amtrak:STS,STS,15:02:00,15:02:00,2,0,0,
amtrak,amtrak:300151,300151,amtrak:WFD,WFD,15:14:00,15:14:00,3,0,0,
amtrak,amtrak:300151,300151,amtrak:MDN,MDN,15:23:00,15:23:00,4,0,0,
amtrak,amtrak:300151,300151,amtrak:BER,BER,15:32:00,15:32:00,5,0,0,
amtrak,amtrak:300151,300151,amtrak:HFD,HFD,15:44:00,15:47:00,6,0,0,
amtrak,amtrak:300151,300151,amtrak:WND,WND,15:53:00,15:53:00,7,0,0,
amtrak,amtrak:300151,300151,amtrak:WNL,WNL,15:59:00,15:59:00,8,0,0,
amtrak,amtrak:300151,300151,amtrak:SPG,SPG,16:24:00,16:24:00,9,0,0,
amtrak,amtrak:300152,300152,amtrak:NHV,NHV,15:00:00,15:00:00,1,0,0,
amtrak,amtrak:300152,300152,amtrak:STS,STS,15:02:00,15:02:00,2,0,0,
amtrak,amtrak:300152,300152,amtrak:WFD,WFD,15:14:00,15:14:00,3,0,0,
amtrak,amtrak:300152,300152,amtrak:MDN,MDN,15:23:00,15:23:00,4,0,0,
amtrak,amtrak:300152,300152,amtrak:BER,BER,15:32:00,15:32:00,5,0,0,
amtrak,amtrak:300152,300152,amtrak:HFD,HFD,15:44:00,15:47:00,6,0,0,
amtrak,amtrak:300152,300152,amtrak:WND,WND,15:53:00,15:53:00,7,0,0,
amtrak,amtrak:300152,300152,amtrak:WNL,WNL,15:59:00,15:59:00,8,0,0,
amtrak,amtrak:300152,300152,amtrak:SPG,SPG,16:24:00,16:24:00,9,0,0,
amtrak,amtrak:300153,300153,amtrak:NHV,NHV,15:23:00,15:23:00,1,0,0,
amtrak,amtrak:300153,300153,amtrak:STS,STS,15:25:00,15:25:00,2,0,0,
amtrak,amtrak:300153,300153,amtrak:WFD,WFD,15:37:00,15:37:00,3,0,0,
amtrak,amtrak:300153,300153,amtrak:MDN,MDN,15:46:00,15:46:00,4,0,0,
amtrak,amtrak:300153,300153,amtrak:BER,BER,15:55:00,15:55:00,5,0,0,
amtrak,amtrak:300153,300153,amtrak:HFD,HFD,16:07:00,16:10:00,6,0,0,
amtrak,amtrak:300153,300153,amtrak:WND,WND,16:16:00,16:16:00,7,0,0,
amtrak,amtrak:300153,300153,amtrak:WNL,WNL,16:22:00,16:22:00,8,0,0,
amtrak,amtrak:300153,300153,amtrak:SPG,SPG,16:47:00,16:47:00,9,0,0,
amtrak,amtrak:300154,300154,amtrak:NHV,NHV,15:00:00,15:00:00,1,0,0,
amtrak,amtrak:300154,300154,amtrak:STS,STS,15:02:00,15:02:00,2,0,0,
amtrak,amtrak:300154,300154,amtrak:WFD,WFD,15:14:00,15:14:00,3,0,0,
amtrak,amtrak:300154,300154,amtrak:MDN,MDN,15:23:00,15:23:00,4,0,0,
amtrak,amtrak:300154,300154,amtrak:BER,BER,15:32:00,15:32:00,5,0,0,
amtrak,amtrak:300154,300154,amtrak:HFD,HFD,15:44:00,15:47:00,6,0,0,
amtrak,amtrak:300154,300154,amtrak:WND,WND,15:53:00,15:53:00,7,0,0,
amtrak,amtrak:300154,300154,amtrak:WNL,WNL,15:59:00,15:59:00,8,0,0,
amtrak,amtrak:300154,300154,amtrak:SPG,SPG,16:24:00,16:24:00,9,0,0,
amtrak,amtrak:300155,300155,amtrak:NHV,NHV,15:00:00,15:00:00,1,0,0,
amtrak,amtrak:300155,300155,amtrak:STS,STS,15:02:00,15:02:00,2,0,0,
amtrak,amtrak:300155,300155,amtrak:WFD,WFD,15:14:00,15:14:00,3,0,0,
amtrak,amtrak:300155,300155,amtrak:MDN,MDN,15:23:00,15:23:00,4,0,0,
amtrak,amtrak:300155,300155,amtrak:BER,BER,15:32:00,15:32:00,5,0,0,
amtrak,amtrak:300155,300155,amtrak:HFD,HFD,15:44:00,15:47:00,6,0,0,
amtrak,amtrak:300155,300155,amtrak:WND,WND,15:53:00,15:53:00,7,0,0,
amtrak,amtrak:300155,300155,amtrak:WNL,WNL,15:59:00,15:59:00,8,0,0,
amtrak,amtrak:300155,300155,amtrak:SPG,SPG,16:24:00,16:24:00,9,0,0,
amtrak,amtrak:300156,300156,amtrak:NHV,NHV,15:00:00,15:00:00,1,0,0,
amtrak,amtrak:300156,300156,amtrak:STS,STS,15:02:00,15:02:00,2,0,0,
amtrak,amtrak:300156,300156,amtrak:WFD,WFD,15:14:00,15:14:00,3,0,0,
amtrak,amtrak:300156,300156,amtrak:MDN,MDN,15:23:00,15:23:00,4,0,0,
amtrak,amtrak:300156,300156,amtrak:BER,BER,15:32:00,15:32:00,5,0,0,
amtrak,amtrak:300156,300156,amtrak:HFD,HFD,15:44:00,15:47:00,6,0,0,
amtrak,amtrak:300156,300156,amtrak:WND,WND,15:53:00,15:53:00,7,0,0,
amtrak,amtrak:300156,300156,amtrak:WNL,WNL,15:59:00,15:59:00,8,0,0,
amtrak,amtrak:300156,300156,amtrak:SPG,SPG,16:24:00,16:24:00,9,0,0,
amtrak,amtrak:300159,300159,amtrak:SPG,SPG,16:00:00,16:00:00,1,0,0,
amtrak,amtrak:300159,300159,amtrak:WNL,WNL,16:19:00,16:19:00,2,0,0,
amtrak,amtrak:300159,300159,amtrak:WND,WND,16:25:00,16:25:00,3,0,0,
amtrak,amtrak:300159,300159,amtrak:HFD,HFD,16:31:00,16:34:00,4,0,0,
amtrak,amtrak:300159,300159,amtrak:BER,BER,16:44:00,16:44:00,5,0,0,
amtrak,amtrak:300159,300159,amtrak:MDN,MDN,16:54:00,16:54:00,6,0,0,
amtrak,amtrak:300159,300159,amtrak:WFD,WFD,17:03:00,17:03:00,7,0,0,
amtrak,amtrak:300159,300159,amtrak:STS,STS,17:16:00,17:16:00,8,0,0,
amtrak,amtrak:300159,300159,amtrak:NHV,NHV,17:23:00,17:23:00,9,0,0,
amtrak,amtrak:300160,300160,amtrak:SPG,SPG,15:55:00,15:55:00,1,0,0,
amtrak,amtrak:300160,300160,amtrak:WNL,WNL,16:14:00,16:14:00,2,0,0,
amtrak,amtrak:300160,300160,amtrak:WND,WND,16:20:00,16:20:00,3,0,0,
amtrak,amtrak:300160,300160,amtrak:HFD,HFD,16:26:00,16:29:00,4,0,0,
amtrak,amtrak:300160,300160,amtrak:BER,BER,16:39:00,16:39:00,5,0,0,
amtrak,amtrak:300160,300160,amtrak:MDN,MDN,16:49:00,16:49:00,6,0,0,
amtrak,amtrak:300160,300160,amtrak:WFD,WFD,16:58:00,16:58:00,7,0,0,
amtrak,amtrak:300160,300160,amtrak:STS,STS,17:11:00,17:11:00,8,0,0,
amtrak,amtrak:300160,300160,amtrak:NHV,NHV,17:18:00,17:18:00,9,0,0,
amtrak,amtrak:300161,300161,amtrak:SPG,SPG,16:00:00,16:00:00,1,0,0,
amtrak,amtrak:300161,300161,amtrak:WNL,WNL,16:19:00,16:19:00,2,0,0,
amtrak,amtrak:300161,300161,amtrak:WND,WND,16:25:00,16:25:00,3,0,0,
amtrak,amtrak:300161,300161,amtrak:HFD,HFD,16:31:00,16:34:00,4,0,0,
amtrak,amtrak:300161,300161,amtrak:BER,BER,16:44:00,16:44:00,5,0,0,
amtrak,amtrak:300161,300161,amtrak:MDN,MDN,16:54:00,16:54:00,6,0,0,
amtrak,amtrak:300161,300161,amtrak:WFD,WFD,17:03:00,17:03:00,7,0,0,
amtrak,amtrak:300161,300161,amtrak:STS,STS,17:16:00,17:16:00,8,0,0,
amtrak,amtrak:300161,300161,amtrak:NHV,NHV,17:23:00,17:23:00,9,0,0,
amtrak,amtrak:300162,300162,amtrak:SPG,SPG,16:00:00,16:00:00,1,0,0,
amtrak,amtrak:300162,300162,amtrak:WNL,WNL,16:19:00,16:19:00,2,0,0,
amtrak,amtrak:300162,300162,amtrak:WND,WND,16:25:00,16:25:00,3,0,0,
amtrak,amtrak:300162,300162,amtrak:HFD,HFD,16:31:00,16:34:00,4,0,0,
amtrak,amtrak:300162,300162,amtrak:BER,BER,16:44:00,16:44:00,5,0,0,
amtrak,amtrak:300162,300162,amtrak:MDN,MDN,16:54:00,16:54:00,6,0,0,
amtrak,amtrak:300162,300162,amtrak:WFD,WFD,17:03:00,17:03:00,7,0,0,
amtrak,amtrak:300162,300162,amtrak:STS,STS,17:16:00,17:16:00,8,0,0,
amtrak,amtrak:300162,300162,amtrak:NHV,NHV,17:23:00,17:23:00,9,0,0,
amtrak,amtrak:300165,300165,amtrak:SPG,SPG,19:30:00,19:30:00,1,0,0,
amtrak,amtrak:300165,300165,amtrak:WNL,WNL,19:50:00,19:50:00,2,0,0,
amtrak,amtrak:300165,300165,amtrak:WND,WND,19:56:00,19:56:00,3,0,0,
amtrak,amtrak:300165,300165,amtrak:HFD,HFD,20:04:00,20:07:00,4,0,0,
amtrak,amtrak:300165,300165,amtrak:BER,BER,20:17:00,20:17:00,5,0,0,
amtrak,amtrak:300165,300165,amtrak:MDN,MDN,20:26:00,20:26:00,6,0,0,
amtrak,amtrak:300165,300165,amtrak:WFD,WFD,20:34:00,20:34:00,7,0,0,
amtrak,amtrak:300165,300165,amtrak:STS,STS,20:47:00,20:47:00,8,0,0,
amtrak,amtrak:300165,300165,amtrak:NHV,NHV,20:54:00,20:54:00,9,0,0,
amtrak,amtrak:300166,300166,amtrak:SPG,SPG,19:20:00,19:20:00,1,0,0,
amtrak,amtrak:300166,300166,amtrak:WNL,WNL,19:40:00,19:40:00,2,0,0,
amtrak,amtrak:300166,300166,amtrak:WND,WND,19:46:00,19:46:00,3,0,0,
amtrak,amtrak:300166,300166,amtrak:HFD,HFD,19:54:00,19:54:00,4,0,0,
amtrak,amtrak:300166,300166,amtrak:BER,BER,20:07:00,20:07:00,5,0,0,
amtrak,amtrak:300166,300166,amtrak:MDN,MDN,20:16:00,20:16:00,6,0,0,
amtrak,amtrak:300166,300166,amtrak:WFD,WFD,20:24:00,20:24:00,7,0,0,
amtrak,amtrak:300166,300166,amtrak:STS,STS,20:37:00,20:37:00,8,0,0,
amtrak,amtrak:300166,300166,amtrak:NHV,NHV,20:44:00,20:44:00,9,0,0,
amtrak,amtrak:300167,300167,amtrak:SPG,SPG,19:30:00,19:30:00,1,0,0,
amtrak,amtrak:300167,300167,amtrak:WNL,WNL,19:50:00,19:50:00,2,0,0,
amtrak,amtrak:300167,300167,amtrak:WND,WND,19:56:00,19:56:00,3,0,0,
amtrak,amtrak:300167,300167,amtrak:HFD,HFD,20:04:00,20:07:00,4,0,0,
amtrak,amtrak:300167,300167,amtrak:BER,BER,20:17:00,20:17:00,5,0,0,
amtrak,amtrak:300167,300167,amtrak:MDN,MDN,20:26:00,20:26:00,6,0,0,
amtrak,amtrak:300167,300167,amtrak:WFD,WFD,20:34:00,20:34:00,7,0,0,
amtrak,amtrak:300167,300167,amtrak:STS,STS,20:47:00,20:47:00,8,0,0,
amtrak,amtrak:300167,300167,amtrak:NHV,NHV,20:54:00,20:54:00,9,0,0,
amtrak,amtrak:300168,300168,amtrak:SPG,SPG,19:30:00,19:30:00,1,0,0,
amtrak,amtrak:300168,300168,amtrak:WNL,WNL,19:50:00,19:50:00,2,0,0,
amtrak,amtrak:300168,300168,amtrak:WND,WND,19:56:00,19:56:00,3,0,0,
amtrak,amtrak:300168,300168,amtrak:HFD,HFD,20:04:00,20:07:00,4,0,0,
amtrak,amtrak:300168,300168,amtrak:BER,BER,20:17:00,20:17:00,5,0,0,
amtrak,amtrak:300168,300168,amtrak:MDN,MDN,20:26:00,20:26:00,6,0,0,
amtrak,amtrak:300168,300168,amtrak:WFD,WFD,20:34:00,20:34:00,7,0,0,
amtrak,amtrak:300168,300168,amtrak:STS,STS,20:47:00,20:47:00,8,0,0,
amtrak,amtrak:300168,300168,amtrak:NHV,NHV,20:54:00,20:54:00,9,0,0,
amtrak,amtrak:300763,300763,amtrak:SPG,SPG,13:00:00,13:00:00,1,0,0,
amtrak,amtrak:300763,300763,amtrak:WNL,WNL,13:19:00,13:19:00,2,0,0,
amtrak,amtrak:300763,300763,amtrak:WND,WND,13:24:00,13:24:00,3,0,0,
amtrak,amtrak:300763,300763,amtrak:HFD,HFD,13:31:00,13:34:00,4,0,0,
amtrak,amtrak:300763,300763,amtrak:BER,BER,13:44:00,13:44:00,5,0,0,
amtrak,amtrak:300763,300763,amtrak:MDN,MDN,13:52:00,13:52:00,6,0,0,
amtrak,amtrak:300763,300763,amtrak:WFD,WFD,14:00:00,14:00:00,7,0,0,
amtrak,amtrak:300763,300763,amtrak:STS,STS,14:15:00,14:15:00,8,0,0,
amtrak,amtrak:300763,300763,amtrak:NHV,NHV,14:19:00,14:19:00,9,0,0,
amtrak,amtrak:300764,300764,amtrak:SPG,SPG,13:05:00,13:05:00,1,0,0,
amtrak,amtrak:300764,300764,amtrak:WNL,WNL,13:24:00,13:24:00,2,0,0,
amtrak,amtrak:300764,300764,amtrak:WND,WND,13:29:00,13:29:00,3,0,0,
amtrak,amtrak:300764,300764,amtrak:HFD,HFD,13:37:00,13:40:00,4,0,0,
amtrak,amtrak:300764,300764,amtrak:BER,BER,13:52:00,13:52:00,5,0,0,
amtrak,amtrak:300764,300764,amtrak:MDN,MDN,14:00:00,14:00:00,6,0,0,
amtrak,amtrak:300764,300764,amtrak:WFD,WFD,14:08:00,14:08:00,7,0,0,
amtrak,amtrak:300764,300764,amtrak:STS,STS,14:23:00,14:23:00,8,0,0,
amtrak,amtrak:300764,300764,amtrak:NHV,NHV,14:24:00,14:24:00,9,0,0,
amtrak,amtrak:300765,300765,amtrak:SPG,SPG,13:00:00,13:00:00,1,0,0,
amtrak,amtrak:300765,300765,amtrak:WNL,WNL,13:19:00,13:19:00,2,0,0,
amtrak,amtrak:300765,300765,amtrak:WND,WND,13:24:00,13:24:00,3,0,0,
amtrak,amtrak:300765,300765,amtrak:HFD,HFD,13:31:00,13:34:00,4,0,0,
amtrak,amtrak:300765,300765,amtrak:BER,BER,13:44:00,13:44:00,5,0,0,
amtrak,amtrak:300765,300765,amtrak:MDN,MDN,13:52:00,13:52:00,6,0,0,
amtrak,amtrak:300765,300765,amtrak:WFD,WFD,14:00:00,14:00:00,7,0,0,
amtrak,amtrak:300765,300765,amtrak:STS,STS,14:15:00,14:15:00,8,0,0,
amtrak,amtrak:300765,300765,amtrak:NHV,NHV,14:19:00,14:19:00,9,0,0,
amtrak,amtrak:300766,300766,amtrak:SPG,SPG,13:00:00,13:00:00,1,0,0,
amtrak,amtrak:300766,300766,amtrak:WNL,WNL,13:19:00,13:19:00,2,0,0,
amtrak,amtrak:300766,300766,amtrak:WND,WND,13:24:00,13:24:00,3,0,0,
amtrak,amtrak:300766,300766,amtrak:HFD,HFD,13:31:00,13:34:00,4,0,0,
amtrak,amtrak:300766,300766,amtrak:BER,BER,13:44:00,13:44:00,5,0,0,
amtrak,amtrak:300766,300766,amtrak:MDN,MDN,13:52:00,13:52:00,6,0,0,
amtrak,amtrak:300766,300766,amtrak:WFD,WFD,14:00:00,14:00:00,7,0,0,
amtrak,amtrak:300766,300766,amtrak:STS,STS,14:15:00,14:15:00,8,0,0,
amtrak,amtrak:300766,300766,amtrak:NHV,NHV,14:19:00,14:19:00,9,0,0,
amtrak,amtrak:300779,300779,amtrak:WAS,WAS,8:30:00,8:30:00,1,0,0,
amtrak,amtrak:300779,300779,amtrak:BWI,BWI,8:51:00,8:53:00,2,0,0,
amtrak,amtrak:300779,300779,amtrak:BAL,BAL,9:04:00,9:06:00,3,0,0,
amtrak,amtrak:300779,300779,amtrak:PHL,PHL,10:12:00,10:13:00,4,0,0,
amtrak,amtrak:300779,300779,amtrak:NWK,NWK,11:09:00,11:09:00,5,0,0,
amtrak,amtrak:300779,300779,amtrak:NYP,NYP,11:27:00,11:40:00,6,0,0,
amtrak,amtrak:300779,300779,amtrak:STM,STM,12:23:00,12:25:00,7,0,0,
amtrak,amtrak:300779,300779,amtrak:NHV,NHV,13:17:00,13:19:00,8,0,0,
amtrak,amtrak:300779,300779,amtrak:PVD,PVD,14:48:00,14:48:00,9,0,0,
amtrak,amtrak:300779,300779,amtrak:RTE,RTE,15:13:00,15:15:00,10,1,0,
amtrak,amtrak:300779,300779,amtrak:BBY,BBY,15:27:00,15:28:00,11,1,0,
amtrak,amtrak:300779,300779,amtrak:BOS,BOS,15:34:00,15:34:00,12,0,0,
amtrak,amtrak:300781,300781,amtrak:WAS,WAS,8:30:00,8:30:00,1,0,0,
amtrak,amtrak:300781,300781,amtrak:BWI,BWI,8:51:00,8:53:00,2,0,0,
amtrak,amtrak:300781,300781,amtrak:BAL,BAL,9:04:00,9:06:00,3,0,0,
amtrak,amtrak:300781,300781,amtrak:PHL,PHL,10:12:00,10:13:00,4,0,0,
amtrak,amtrak:300781,300781,amtrak:NWK,NWK,11:09:00,11:09:00,5,0,0,
amtrak,amtrak:300781,300781,amtrak:NYP,NYP,11:27:00,11:40:00,6,0,0,
amtrak,amtrak:300781,300781,amtrak:STM,STM,12:23:00,12:25:00,7,0,0,
amtrak,amtrak:300781,300781,amtrak:NHV,NHV,13:17:00,13:19:00,8,0,0,
amtrak,amtrak:300781,300781,amtrak:PVD,PVD,14:48:00,14:48:00,9,0,0,
amtrak,amtrak:300781,300781,amtrak:RTE,RTE,15:13:00,15:15:00,10,1,0,
amtrak,amtrak:300781,300781,amtrak:BBY,BBY,15:27:00,15:28:00,11,1,0,
amtrak,amtrak:300781,300781,amtrak:BOS,BOS,15:34:00,15:34:00,12,0,0,
amtrak,amtrak:300783,300783,amtrak:WAS,WAS,8:30:00,8:30:00,1,0,0,
amtrak,amtrak:300783,300783,amtrak:BWI,BWI,8:51:00,8:53:00,2,0,0,
amtrak,amtrak:300783,300783,amtrak:BAL,BAL,9:04:00,9:06:00,3,0,0,
amtrak,amtrak:300783,300783,amtrak:PHL,PHL,10:12:00,10:13:00,4,0,0,
amtrak,amtrak:300783,300783,amtrak:NWK,NWK,11:09:00,11:09:00,5,0,0,
amtrak,amtrak:300783,300783,amtrak:NYP,NYP,11:27:00,11:40:00,6,0,0,
amtrak,amtrak:300783,300783,amtrak:STM,STM,12:23:00,12:25:00,7,0,0,
amtrak,amtrak:300783,300783,amtrak:NHV,NHV,13:17:00,13:19:00,8,0,0,
amtrak,amtrak:300783,300783,amtrak:PVD,PVD,14:48:00,14:48:00,9,0,0,
amtrak,amtrak:300783,300783,amtrak:RTE,RTE,15:13:00,15:15:00,10,1,0,
amtrak,amtrak:300783,300783,amtrak:BBY,BBY,15:27:00,15:28:00,11,1,0,
amtrak,amtrak:300783,300783,amtrak:BOS,BOS,15:34:00,15:34:00,12,0,0,
amtrak,amtrak:300785,300785,amtrak:WAS,WAS,8:30:00,8:30:00,1,0,0,
amtrak,amtrak:300785,300785,amtrak:BWI,BWI,8:51:00,8:53:00,2,0,0,
amtrak,amtrak:300785,300785,amtrak:BAL,BAL,9:04:00,9:06:00,3,0,0,
amtrak,amtrak:300785,300785,amtrak:PHL,PHL,10:12:00,10:13:00,4,0,0,
amtrak,amtrak:300785,300785,amtrak:NWK,NWK,11:09:00,11:09:00,5,0,0,
amtrak,amtrak:300785,300785,amtrak:NYP,NYP,11:27:00,11:40:00,6,0,0,
amtrak,amtrak:300785,300785,amtrak:STM,STM,12:23:00,12:25:00,7,0,0,
amtrak,amtrak:300785,300785,amtrak:NHV,NHV,13:17:00,13:19:00,8,0,0,
amtrak,amtrak:300785,300785,amtrak:PVD,PVD,14:48:00,14:48:00,9,0,0,
amtrak,amtrak:300785,300785,amtrak:RTE,RTE,15:13:00,15:15:00,10,1,0,
amtrak,amtrak:300785,300785,amtrak:BBY,BBY,15:27:00,15:28:00,11,1,0,
amtrak,amtrak:300785,300785,amtrak:BOS,BOS,15:34:00,15:34:00,12,0,0,
amtrak,amtrak:300786,300786,amtrak:WAS,WAS,8:30:00,8:30:00,1,0,0,
amtrak,amtrak:300786,300786,amtrak:BWI,BWI,8:51:00,8:53:00,2,0,0,
amtrak,amtrak:300786,300786,amtrak:BAL,BAL,9:04:00,9:06:00,3,0,0,
amtrak,amtrak:300786,300786,amtrak:PHL,PHL,10:12:00,10:13:00,4,0,0,
amtrak,amtrak:300786,300786,amtrak:NWK,NWK,11:09:00,11:09:00,5,0,0,
amtrak,amtrak:300786,300786,amtrak:NYP,NYP,11:27:00,11:40:00,6,0,0,
amtrak,amtrak:300786,300786,amtrak:STM,STM,12:23:00,12:25:00,7,0,0,
amtrak,amtrak:300786,300786,amtrak:NHV,NHV,13:17:00,13:19:00,8,0,0,
amtrak,amtrak:300786,300786,amtrak:PVD,PVD,14:48:00,14:48:00,9,0,0,
amtrak,amtrak:300786,300786,amtrak:RTE,RTE,15:13:00,15:15:00,10,1,0,
amtrak,amtrak:300786,300786,amtrak:BBY,BBY,15:27:00,15:28:00,11,1,0,
amtrak,amtrak:300786,300786,amtrak:BOS,BOS,15:34:00,15:34:00,12,0,0,
amtrak,amtrak:300791,300791,amtrak:BOS,BOS,18:05:00,18:05:00,1,0,0,
amtrak,amtrak:300791,300791,amtrak:BBY,BBY,18:10:00,18:11:00,2,0,0,
amtrak,amtrak:300791,300791,amtrak:RTE,RTE,18:19:00,18:20:00,3,0,0,
amtrak,amtrak:300791,300791,amtrak:PVD,PVD,18:39:00,18:40:00,4,0,0,
amtrak,amtrak:300791,300791,amtrak:STM,STM,20:49:00,20:51:00,5,0,0,
amtrak,amtrak:300791,300791,amtrak:NYP,NYP,21:46:00,21:46:00,6,0,0,
amtrak,amtrak:300793,300793,amtrak:BOS,BOS,18:05:00,18:05:00,1,0,0,
amtrak,amtrak:300793,300793,amtrak:BBY,BBY,18:10:00,18:11:00,2,0,0,
amtrak,amtrak:300793,300793,amtrak:RTE,RTE,18:19:00,18:20:00,3,0,0,
amtrak,amtrak:300793,300793,amtrak:PVD,PVD,18:39:00,18:40:00,4,0,0,
amtrak,amtrak:300793,300793,amtrak:STM,STM,20:49:00,20:51:00,5,0,0,
amtrak,amtrak:300793,300793,amtrak:NYP,NYP,21:46:00,21:46:00,6,0,0,
amtrak,amtrak:300795,300795,amtrak:BOS,BOS,18:05:00,18:05:00,1,0,0,
amtrak,amtrak:300795,300795,amtrak:BBY,BBY,18:10:00,18:11:00,2,0,0,
amtrak,amtrak:300795,300795,amtrak:RTE,RTE,18:19:00,18:20:00,3,0,0,
amtrak,amtrak:300795,300795,amtrak:PVD,PVD,18:39:00,18:40:00,4,0,0,
amtrak,amtrak:300795,300795,amtrak:STM,STM,20:49:00,20:51:00,5,0,0,
amtrak,amtrak:300795,300795,amtrak:NYP,NYP,21:46:00,21:46:00,6,0,0,
amtrak,amtrak:300797,300797,amtrak:BOS,BOS,18:05:00,18:05:00,1,0,0,
amtrak,amtrak:300797,300797,amtrak:BBY,BBY,18:10:00,18:11:00,2,0,0,
amtrak,amtrak:300797,300797,amtrak:RTE,RTE,18:19:00,18:20:00,3,0,0,
amtrak,amtrak:300797,300797,amtrak:PVD,PVD,18:39:00,18:40:00,4,0,0,
amtrak,amtrak:300797,300797,amtrak:STM,STM,20:49:00,20:51:00,5,0,0,
amtrak,amtrak:300797,300797,amtrak:NYP,NYP,21:46:00,21:46:00,6,0,0,
amtrak,amtrak:300798,300798,amtrak:BOS,BOS,18:05:00,18:05:00,1,0,0,
amtrak,amtrak:300798,300798,amtrak:BBY,BBY,18:10:00,18:11:00,2,0,0,
amtrak,amtrak:300798,300798,amtrak:RTE,RTE,18:19:00,18:20:00,3,0,0,
amtrak,amtrak:300798,300798,amtrak:PVD,PVD,18:39:00,18:40:00,4,0,0,
amtrak,amtrak:300798,300798,amtrak:STM,STM,20:49:00,20:51:00,5,0,0,
amtrak,amtrak:300798,300798,amtrak:NYP,NYP,21:46:00,21:46:00,6,0,0,
amtrak,amtrak:301035,301035,amtrak:SPG,SPG,4:10:00,4:10:00,1,0,0,
amtrak,amtrak:301035,301035,amtrak:WNL,WNL,4:35:00,4:35:00,2,0,0,
amtrak,amtrak:301035,301035,amtrak:WND,WND,4:41:00,4:41:00,3,0,0,
amtrak,amtrak:301035,301035,amtrak:HFD,HFD,4:48:00,4:51:00,4,0,0,
amtrak,amtrak:301035,301035,amtrak:BER,BER,5:02:00,5:02:00,5,0,0,
amtrak,amtrak:301035,301035,amtrak:MDN,MDN,5:13:00,5:13:00,6,0,0,
amtrak,amtrak:301035,301035,amtrak:WFD,WFD,5:21:00,5:21:00,7,0,0,
amtrak,amtrak:301035,301035,amtrak:STS,STS,5:34:00,5:34:00,8,0,0,
amtrak,amtrak:301035,301035,amtrak:NHV,NHV,5:42:00,6:12:00,9,0,0,
amtrak,amtrak:301035,301035,amtrak:BRP,BRP,6:31:00,6:32:00,10,0,0,
amtrak,amtrak:301035,301035,amtrak:STM,STM,7:03:00,7:04:00,11,0,0,
amtrak,amtrak:301035,301035,amtrak:NRO,NRO,7:25:00,7:26:00,12,0,0,
amtrak,amtrak:301035,301035,amtrak:NYP,NYP,7:55:00,8:23:00,13,0,0,
amtrak,amtrak:301035,301035,amtrak:NWK,NWK,8:39:00,8:39:00,14,0,0,
amtrak,amtrak:301035,301035,amtrak:EWR,EWR,8:43:00,8:44:00,15,0,0,
amtrak,amtrak:301035,301035,amtrak:MET,MET,8:55:00,8:56:00,16,0,0,
amtrak,amtrak:301035,301035,amtrak:TRE,TRE,9:18:00,9:20:00,17,0,0,
amtrak,amtrak:301035,301035,amtrak:PHL,PHL,9:47:00,9:50:00,18,0,0,
amtrak,amtrak:301035,301035,amtrak:WIL,WIL,10:10:00,10:12:00,19,0,0,
amtrak,amtrak:301035,301035,amtrak:BAL,BAL,11:04:00,11:06:00,20,0,0,
amtrak,amtrak:301035,301035,amtrak:BWI,BWI,11:17:00,11:19:00,21,0,0,
amtrak,amtrak:301035,301035,amtrak:NCR,NCR,11:32:00,11:33:00,22,0,0,
amtrak,amtrak:301035,301035,amtrak:WAS,WAS,11:47:00,11:47:00,23,0,0,
amtrak,amtrak:301037,301037,amtrak:SPG,SPG,4:10:00,4:10:00,1,0,0,
amtrak,amtrak:301037,301037,amtrak:WNL,WNL,4:35:00,4:35:00,2,0,0,
amtrak,amtrak:301037,301037,amtrak:WND,WND,4:41:00,4:41:00,3,0,0,
amtrak,amtrak:301037,301037,amtrak:HFD,HFD,4:48:00,4:51:00,4,0,0,
amtrak,amtrak:301037,301037,amtrak:BER,BER,5:02:00,5:02:00,5,0,0,
amtrak,amtrak:301037,301037,amtrak:MDN,MDN,5:13:00,5:13:00,6,0,0,
amtrak,amtrak:301037,301037,amtrak:WFD,WFD,5:21:00,5:21:00,7,0,0,
amtrak,amtrak:301037,301037,amtrak:STS,STS,5:34:00,5:34:00,8,0,0,
amtrak,amtrak:301037,301037,amtrak:NHV,NHV,5:42:00,6:12:00,9,0,0,
amtrak,amtrak:301037,301037,amtrak:BRP,BRP,6:31:00,6:32:00,10,0,0,
amtrak,amtrak:301037,301037,amtrak:STM,STM,7:03:00,7:04:00,11,0,0,
amtrak,amtrak:301037,301037,amtrak:NRO,NRO,7:25:00,7:26:00,12,0,0,
amtrak,amtrak:301037,301037,amtrak:NYP,NYP,7:55:00,8:23:00,13,0,0,
amtrak,amtrak:301037,301037,amtrak:NWK,NWK,8:39:00,8:39:00,14,0,0,
amtrak,amtrak:301037,301037,amtrak:EWR,EWR,8:43:00,8:44:00,15,0,0,
amtrak,amtrak:301037,301037,amtrak:MET,MET,8:55:00,8:56:00,16,0,0,
amtrak,amtrak:301037,301037,amtrak:TRE,TRE,9:18:00,9:20:00,17,0,0,
amtrak,amtrak:301037,301037,amtrak:PHL,PHL,9:47:00,9:50:00,18,0,0,
amtrak,amtrak:301037,301037,amtrak:WIL,WIL,10:10:00,10:12:00,19,0,0,
amtrak,amtrak:301037,301037,amtrak:BAL,BAL,11:04:00,11:06:00,20,0,0,
amtrak,amtrak:301037,301037,amtrak:BWI,BWI,11:17:00,11:19:00,21,0,0,
amtrak,amtrak:301037,301037,amtrak:NCR,NCR,11:32:00,11:33:00,22,0,0,
amtrak,amtrak:301037,301037,amtrak:WAS,WAS,11:47:00,11:47:00,23,0,0,
amtrak,amtrak:301039,301039,amtrak:SPG,SPG,4:10:00,4:10:00,1,0,0,
amtrak,amtrak:301039,301039,amtrak:WNL,WNL,4:35:00,4:35:00,2,0,0,
amtrak,amtrak:301039,301039,amtrak:WND,WND,4:41:00,4:41:00,3,0,0,
amtrak,amtrak:301039,301039,amtrak:HFD,HFD,4:48:00,4:51:00,4,0,0,
amtrak,amtrak:301039,301039,amtrak:BER,BER,5:02:00,5:02:00,5,0,0,
amtrak,amtrak:301039,301039,amtrak:MDN,MDN,5:13:00,5:13:00,6,0,0,
amtrak,amtrak:301039,301039,amtrak:WFD,WFD,5:21:00,5:21:00,7,0,0,
amtrak,amtrak:301039,301039,amtrak:STS,STS,5:34:00,5:34:00,8,0,0,
amtrak,amtrak:301039,301039,amtrak:NHV,NHV,5:42:00,6:12:00,9,0,0,
amtrak,amtrak:301039,301039,amtrak:BRP,BRP,6:31:00,6:32:00,10,0,0,
amtrak,amtrak:301039,301039,amtrak:STM,STM,7:03:00,7:04:00,11,0,0,
amtrak,amtrak:301039,301039,amtrak:NRO,NRO,7:25:00,7:26:00,12,0,0,
amtrak,amtrak:301039,301039,amtrak:NYP,NYP,7:55:00,8:23:00,13,0,0,
amtrak,amtrak:301039,301039,amtrak:NWK,NWK,8:39:00,8:39:00,14,0,0,
amtrak,amtrak:301039,301039,amtrak:EWR,EWR,8:43:00,8:44:00,15,0,0,
amtrak,amtrak:301039,301039,amtrak:MET,MET,8:55:00,8:56:00,16,0,0,
amtrak,amtrak:301039,301039,amtrak:TRE,TRE,9:18:00,9:20:00,17,0,0,
amtrak,amtrak:301039,301039,amtrak:PHL,PHL,9:47:00,9:50:00,18,0,0,
amtrak,amtrak:301039,301039,amtrak:WIL,WIL,10:10:00,10:12:00,19,0,0,
amtrak,amtrak:301039,301039,amtrak:BAL,BAL,11:04:00,11:06:00,20,0,0,
amtrak,amtrak:301039,301039,amtrak:BWI,BWI,11:17:00,11:19:00,21,0,0,
amtrak,amtrak:301039,301039,amtrak:NCR,NCR,11:32:00,11:33:00,22,0,0,
amtrak,amtrak:301039,301039,amtrak:WAS,WAS,11:47:00,11:47:00,23,0,0,
amtrak,amtrak:301040,301040,amtrak:SPG,SPG,4:10:00,4:10:00,1,0,0,
amtrak,amtrak:301040,301040,amtrak:WNL,WNL,4:35:00,4:35:00,2,0,0,
amtrak,amtrak:301040,301040,amtrak:WND,WND,4:41:00,4:41:00,3,0,0,
amtrak,amtrak:301040,301040,amtrak:HFD,HFD,4:48:00,4:51:00,4,0,0,
amtrak,amtrak:301040,301040,amtrak:BER,BER,5:02:00,5:02:00,5,0,0,
amtrak,amtrak:301040,301040,amtrak:MDN,MDN,5:13:00,5:13:00,6,0,0,
amtrak,amtrak:301040,301040,amtrak:WFD,WFD,5:21:00,5:21:00,7,0,0,
amtrak,amtrak:301040,301040,amtrak:STS,STS,5:34:00,5:34:00,8,0,0,
amtrak,amtrak:301040,301040,amtrak:NHV,NHV,5:42:00,6:12:00,9,0,0,
amtrak,amtrak:301040,301040,amtrak:BRP,BRP,6:31:00,6:32:00,10,0,0,
amtrak,amtrak:301040,301040,amtrak:STM,STM,7:03:00,7:04:00,11,0,0,
amtrak,amtrak:301040,301040,amtrak:NRO,NRO,7:25:00,7:26:00,12,0,0,
amtrak,amtrak:301040,301040,amtrak:NYP,NYP,7:55:00,8:23:00,13,0,0,
amtrak,amtrak:301040,301040,amtrak:NWK,NWK,8:39:00,8:39:00,14,0,0,
amtrak,amtrak:301040,301040,amtrak:EWR,EWR,8:43:00,8:44:00,15,0,0,
amtrak,amtrak:301040,301040,amtrak:MET,MET,8:55:00,8:56:00,16,0,0,
amtrak,amtrak:301040,301040,amtrak:TRE,TRE,9:18:00,9:20:00,17,0,0,
amtrak,amtrak:301040,301040,amtrak:PHL,PHL,9:47:00,9:50:00,18,0,0,
amtrak,amtrak:301040,301040,amtrak:WIL,WIL,10:10:00,10:12:00,19,0,0,
amtrak,amtrak:301040,301040,amtrak:BAL,BAL,10:58:00,11:00:00,20,0,0,
amtrak,amtrak:301040,301040,amtrak:BWI,BWI,11:11:00,11:13:00,21,0,0,
amtrak,amtrak:301040,301040,amtrak:NCR,NCR,11:26:00,11:27:00,22,0,0,
amtrak,amtrak:301040,301040,amtrak:WAS,WAS,11:41:00,11:41:00,23,0,0,
amtrak,amtrak:301042,301042,amtrak:SPG,SPG,4:10:00,4:10:00,1,0,0,
amtrak,amtrak:301042,301042,amtrak:WNL,WNL,4:35:00,4:35:00,2,0,0,
amtrak,amtrak:301042,301042,amtrak:WND,WND,4:41:00,4:41:00,3,0,0,
amtrak,amtrak:301042,301042,amtrak:HFD,HFD,4:48:00,4:51:00,4,0,0,
amtrak,amtrak:301042,301042,amtrak:BER,BER,5:02:00,5:02:00,5,0,0,
amtrak,amtrak:301042,301042,amtrak:MDN,MDN,5:13:00,5:13:00,6,0,0,
amtrak,amtrak:301042,301042,amtrak:WFD,WFD,5:21:00,5:21:00,7,0,0,
amtrak,amtrak:301042,301042,amtrak:STS,STS,5:34:00,5:34:00,8,0,0,
amtrak,amtrak:301042,301042,amtrak:NHV,NHV,5:42:00,6:12:00,9,0,0,
amtrak,amtrak:301042,301042,amtrak:BRP,BRP,6:31:00,6:32:00,10,0,0,
amtrak,amtrak:301042,301042,amtrak:STM,STM,7:03:00,7:04:00,11,0,0,
amtrak,amtrak:301042,301042,amtrak:NRO,NRO,7:25:00,7:26:00,12,0,0,
amtrak,amtrak:301042,301042,amtrak:NYP,NYP,7:55:00,8:23:00,13,0,0,
amtrak,amtrak:301042,301042,amtrak:NWK,NWK,8:39:00,8:39:00,14,0,0,
amtrak,amtrak:301042,301042,amtrak:EWR,EWR,8:43:00,8:44:00,15,0,0,
amtrak,amtrak:301042,301042,amtrak:MET,MET,8:55:00,8:56:00,16,0,0,
amtrak,amtrak:301042,301042,amtrak:TRE,TRE,9:18:00,9:20:00,17,0,0,
amtrak,amtrak:301042,301042,amtrak:PHL,PHL,9:47:00,9:50:00,18,0,0,
amtrak,amtrak:301042,301042,amtrak:WIL,WIL,10:10:00,10:12:00,19,0,0,
amtrak,amtrak:301042,301042,amtrak:BAL,BAL,10:58:00,11:00:00,20,0,0,
amtrak,amtrak:301042,301042,amtrak:BWI,BWI,11:11:00,11:13:00,21,0,0,
amtrak,amtrak:301042,301042,amtrak:NCR,NCR,11:26:00,11:27:00,22,0,0,
amtrak,amtrak:301042,301042,amtrak:WAS,WAS,11:41:00,11:41:00,23,0,0,
amtrak,amtrak:301045,301045,amtrak:SPG,SPG,7:45:00,7:45:00,1,0,0,
amtrak,amtrak:301045,301045,amtrak:WNL,WNL,8:04:00,8:04:00,2,0,0,
amtrak,amtrak:301045,301045,amtrak:WND,WND,8:10:00,8:10:00,3,0,0,
amtrak,amtrak:301045,301045,amtrak:HFD,HFD,8:17:00,8:20:00,4,0,0,
amtrak,amtrak:301045,301045,amtrak:BER,BER,8:31:00,8:31:00,5,0,0,
amtrak,amtrak:301045,301045,amtrak:MDN,MDN,8:41:00,8:41:00,6,0,0,
amtrak,amtrak:301045,301045,amtrak:WFD,WFD,8:50:00,8:50:00,7,0,0,
amtrak,amtrak:301045,301045,amtrak:STS,STS,9:03:00,9:03:00,8,0,0,
amtrak,amtrak:301045,301045,amtrak:NHV,NHV,9:07:00,9:34:00,9,0,0,
amtrak,amtrak:301045,301045,amtrak:BRP,BRP,9:55:00,9:56:00,10,0,0,
amtrak,amtrak:301045,301045,amtrak:STM,STM,10:24:00,10:25:00,11,0,0,
amtrak,amtrak:301045,301045,amtrak:NRO,NRO,10:46:00,10:47:00,12,0,0,
amtrak,amtrak:301045,301045,amtrak:NYP,NYP,11:24:00,12:05:00,13,0,0,
amtrak,amtrak:301045,301045,amtrak:NWK,NWK,12:21:00,12:22:00,14,0,0,
amtrak,amtrak:301045,301045,amtrak:EWR,EWR,12:26:00,12:27:00,15,0,0,
amtrak,amtrak:301045,301045,amtrak:MET,MET,12:39:00,12:40:00,16,0,0,
amtrak,amtrak:301045,301045,amtrak:TRE,TRE,13:02:00,13:03:00,17,0,0,
amtrak,amtrak:301045,301045,amtrak:PHL,PHL,13:30:00,13:33:00,18,0,0,
amtrak,amtrak:301045,301045,amtrak:WIL,WIL,13:53:00,13:55:00,19,0,0,
amtrak,amtrak:301045,301045,amtrak:NRK,NRK,14:04:00,14:07:00,20,0,0,
amtrak,amtrak:301045,301045,amtrak:BAL,BAL,14:48:00,14:50:00,21,0,0,
amtrak,amtrak:301045,301045,amtrak:BWI,BWI,15:01:00,15:03:00,22,0,0,
amtrak,amtrak:301045,301045,amtrak:NCR,NCR,15:17:00,15:18:00,23,0,0,
amtrak,amtrak:301045,301045,amtrak:WAS,WAS,15:35:00,15:35:00,24,0,0,
amtrak,amtrak:301047,301047,amtrak:SPG,SPG,7:45:00,7:45:00,1,0,0,
amtrak,amtrak:301047,301047,amtrak:WNL,WNL,8:04:00,8:04:00,2,0,0,
amtrak,amtrak:301047,301047,amtrak:WND,WND,8:10:00,8:10:00,3,0,0,
amtrak,amtrak:301047,301047,amtrak:HFD,HFD,8:17:00,8:20:00,4,0,0,
amtrak,amtrak:301047,301047,amtrak:BER,BER,8:31:00,8:31:00,5,0,0,
amtrak,amtrak:301047,301047,amtrak:MDN,MDN,8:41:00,8:41:00,6,0,0,
amtrak,amtrak:301047,301047,amtrak:WFD,WFD,8:50:00,8:50:00,7,0,0,
amtrak,amtrak:301047,301047,amtrak:STS,STS,9:03:00,9:03:00,8,0,0,
amtrak,amtrak:301047,301047,amtrak:NHV,NHV,9:07:00,9:34:00,9,0,0,
amtrak,amtrak:301047,301047,amtrak:BRP,BRP,9:55:00,9:56:00,10,0,0,
amtrak,amtrak:301047,301047,amtrak:STM,STM,10:24:00,10:25:00,11,0,0,
amtrak,amtrak:301047,301047,amtrak:NRO,NRO,10:46:00,10:47:00,12,0,0,
amtrak,amtrak:301047,301047,amtrak:NYP,NYP,11:24:00,12:05:00,13,0,0,
amtrak,amtrak:301047,301047,amtrak:NWK,NWK,12:21:00,12:22:00,14,0,0,
amtrak,amtrak:301047,301047,amtrak:EWR,EWR,12:26:00,12:27:00,15,0,0,
amtrak,amtrak:301047,301047,amtrak:MET,MET,12:39:00,12:40:00,16,0,0,
amtrak,amtrak:301047,301047,amtrak:TRE,TRE,13:02:00,13:03:00,17,0,0,
amtrak,amtrak:301047,301047,amtrak:PHL,PHL,13:30:00,13:33:00,18,0,0,
amtrak,amtrak:301047,301047,amtrak:WIL,WIL,13:53:00,13:55:00,19,0,0,
amtrak,amtrak:301047,301047,amtrak:NRK,NRK,14:04:00,14:07:00,20,0,0,
amtrak,amtrak:301047,301047,amtrak:BAL,BAL,14:48:00,14:50:00,21,0,0,
amtrak,amtrak:301047,301047,amtrak:BWI,BWI,15:01:00,15:03:00,22,0,0,
amtrak,amtrak:301047,301047,amtrak:NCR,NCR,15:17:00,15:18:00,23,0,0,
amtrak,amtrak:301047,301047,amtrak:WAS,WAS,15:35:00,15:35:00,24,0,0,
amtrak,amtrak:301049,301049,amtrak:SPG,SPG,7:45:00,7:45:00,1,0,0,
amtrak,amtrak:301049,301049,amtrak:WNL,WNL,8:04:00,8:04:00,2,0,0,
amtrak,amtrak:301049,301049,amtrak:WND,WND,8:10:00,8:10:00,3,0,0,
amtrak,amtrak:301049,301049,amtrak:HFD,HFD,8:17:00,8:20:00,4,0,0,
amtrak,amtrak:301049,301049,amtrak:BER,BER,8:31:00,8:31:00,5,0,0,
amtrak,amtrak:301049,301049,amtrak:MDN,MDN,8:41:00,8:41:00,6,0,0,
amtrak,amtrak:301049,301049,amtrak:WFD,WFD,8:50:00,8:50:00,7,0,0,
amtrak,amtrak:301049,301049,amtrak:STS,STS,9:03:00,9:03:00,8,0,0,
amtrak,amtrak:301049,301049,amtrak:NHV,NHV,9:07:00,9:34:00,9,0,0,
amtrak,amtrak:301049,301049,amtrak:BRP,BRP,9:55:00,9:56:00,10,0,0,
amtrak,amtrak:301049,301049,amtrak:STM,STM,10:24:00,10:25:00,11,0,0,
amtrak,amtrak:301049,301049,amtrak:NRO,NRO,10:46:00,10:47:00,12,0,0,
amtrak,amtrak:301049,301049,amtrak:NYP,NYP,11:24:00,12:05:00,13,0,0,
amtrak,amtrak:301049,301049,amtrak:NWK,NWK,12:21:00,12:22:00,14,0,0,
amtrak,amtrak:301049,301049,amtrak:EWR,EWR,12:26:00,12:27:00,15,0,0,
amtrak,amtrak:301049,301049,amtrak:MET,MET,12:39:00,12:40:00,16,0,0,
amtrak,amtrak:301049,301049,amtrak:TRE,TRE,13:02:00,13:03:00,17,0,0,
amtrak,amtrak:301049,301049,amtrak:PHL,PHL,13:30:00,13:33:00,18,0,0,
amtrak,amtrak:301049,301049,amtrak:WIL,WIL,13:53:00,13:55:00,19,0,0,
amtrak,amtrak:301049,301049,amtrak:NRK,NRK,14:04:00,14:07:00,20,0,0,
amtrak,amtrak:301049,301049,amtrak:BAL,BAL,14:48:00,14:50:00,21,0,0,
amtrak,amtrak:301049,301049,amtrak:BWI,BWI,15:01:00,15:03:00,22,0,0,
amtrak,amtrak:301049,301049,amtrak:NCR,NCR,15:17:00,15:18:00,23,0,0,
amtrak,amtrak:301049,301049,amtrak:WAS,WAS,15:35:00,15:35:00,24,0,0,
amtrak,amtrak:301050,301050,amtrak:SPG,SPG,7:45:00,7:45:00,1,0,0,
amtrak,amtrak:301050,301050,amtrak:WNL,WNL,8:04:00,8:04:00,2,0,0,
amtrak,amtrak:301050,301050,amtrak:WND,WND,8:10:00,8:10:00,3,0,0,
amtrak,amtrak:301050,301050,amtrak:HFD,HFD,8:17:00,8:20:00,4,0,0,
amtrak,amtrak:301050,301050,amtrak:BER,BER,8:31:00,8:31:00,5,0,0,
amtrak,amtrak:301050,301050,amtrak:MDN,MDN,8:41:00,8:41:00,6,0,0,
amtrak,amtrak:301050,301050,amtrak:WFD,WFD,8:50:00,8:50:00,7,0,0,
amtrak,amtrak:301050,301050,amtrak:STS,STS,9:03:00,9:03:00,8,0,0,
amtrak,amtrak:301050,301050,amtrak:NHV,NHV,9:07:00,9:34:00,9,0,0,
amtrak,amtrak:301050,301050,amtrak:BRP,BRP,9:55:00,9:56:00,10,0,0,
amtrak,amtrak:301050,301050,amtrak:STM,STM,10:24:00,10:25:00,11,0,0,
amtrak,amtrak:301050,301050,amtrak:NRO,NRO,10:46:00,10:47:00,12,0,0,
amtrak,amtrak:301050,301050,amtrak:NYP,NYP,11:24:00,12:05:00,13,0,0,
amtrak,amtrak:301050,301050,amtrak:NWK,NWK,12:21:00,12:22:00,14,0,0,
amtrak,amtrak:301050,301050,amtrak:EWR,EWR,12:26:00,12:27:00,15,0,0,
amtrak,amtrak:301050,301050,amtrak:MET,MET,12:39:00,12:40:00,16,0,0,
amtrak,amtrak:301050,301050,amtrak:TRE,TRE,13:02:00,13:03:00,17,0,0,
amtrak,amtrak:301050,301050,amtrak:PHL,PHL,13:30:00,13:33:00,18,0,0,
amtrak,amtrak:301050,301050,amtrak:WIL,WIL,13:53:00,13:55:00,19,0,0,
amtrak,amtrak:301050,301050,amtrak:NRK,NRK,14:04:00,14:07:00,20,0,0,
amtrak,amtrak:301050,301050,amtrak:BAL,BAL,14:48:00,14:50:00,21,0,0,
amtrak,amtrak:301050,301050,amtrak:BWI,BWI,15:01:00,15:03:00,22,0,0,
amtrak,amtrak:301050,301050,amtrak:NCR,NCR,15:17:00,15:18:00,23,0,0,
amtrak,amtrak:301050,301050,amtrak:WAS,WAS,15:35:00,15:35:00,24,0,0,
amtrak,amtrak:301052,301052,amtrak:WAS,WAS,13:01:00,13:01:00,1,0,0,
amtrak,amtrak:301052,301052,amtrak:NCR,NCR,13:12:00,13:13:00,2,0,0,
amtrak,amtrak:301052,301052,amtrak:BWI,BWI,13:27:00,13:28:00,3,0,0,
amtrak,amtrak:301052,301052,amtrak:BAL,BAL,13:45:00,13:47:00,4,0,0,
amtrak,amtrak:301052,301052,amtrak:WIL,WIL,14:35:00,14:37:00,5,0,0,
amtrak,amtrak:301052,301052,amtrak:PHL,PHL,15:03:00,15:08:00,6,0,0,
amtrak,amtrak:301052,301052,amtrak:TRE,TRE,15:33:00,15:35:00,7,0,0,
amtrak,amtrak:301052,301052,amtrak:MET,MET,15:56:00,15:57:00,8,0,0,
amtrak,amtrak:301052,301052,amtrak:EWR,EWR,16:07:00,16:08:00,9,0,0,
amtrak,amtrak:301052,301052,amtrak:NWK,NWK,16:13:00,16:15:00,10,0,0,
amtrak,amtrak:301052,301052,amtrak:NYP,NYP,16:36:00,17:00:00,11,0,0,
amtrak,amtrak:301052,301052,amtrak:NRO,NRO,17:28:00,17:29:00,12,0,0,
amtrak,amtrak:301052,301052,amtrak:STM,STM,17:47:00,17:49:00,13,0,0,
amtrak,amtrak:301052,301052,amtrak:BRP,BRP,18:17:00,18:18:00,14,0,0,
amtrak,amtrak:301052,301052,amtrak:NHV,NHV,18:44:00,18:46:00,15,0,0,
amtrak,amtrak:301052,301052,amtrak:OSB,OSB,19:15:00,19:17:00,16,0,0,
amtrak,amtrak:301052,301052,amtrak:NLC,NLC,19:36:00,19:38:00,17,0,0,
amtrak,amtrak:301052,301052,amtrak:WLY,WLY,19:57:00,19:57:00,18,0,0,
amtrak,amtrak:301052,301052,amtrak:KIN,KIN,20:11:00,20:12:00,19,0,0,
amtrak,amtrak:301052,301052,amtrak:PVD,PVD,20:31:00,20:31:00,20,0,0,
amtrak,amtrak:301052,301052,amtrak:RTE,RTE,21:03:00,21:03:00,21,1,0,
amtrak,amtrak:301052,301052,amtrak:BBY,BBY,21:13:00,21:13:00,22,1,0,
amtrak,amtrak:301052,301052,amtrak:BOS,BOS,21:18:00,21:18:00,23,0,0,
amtrak,amtrak:301053,301053,amtrak:WAS,WAS,13:01:00,13:01:00,1,0,0,
amtrak,amtrak:301053,301053,amtrak:NCR,NCR,13:12:00,13:13:00,2,0,0,
amtrak,amtrak:301053,301053,amtrak:BWI,BWI,13:27:00,13:28:00,3,0,0,
amtrak,amtrak:301053,301053,amtrak:BAL,BAL,13:45:00,13:47:00,4,0,0,
amtrak,amtrak:301053,301053,amtrak:WIL,WIL,14:35:00,14:37:00,5,0,0,
amtrak,amtrak:301053,301053,amtrak:PHL,PHL,15:03:00,15:08:00,6,0,0,
amtrak,amtrak:301053,301053,amtrak:TRE,TRE,15:33:00,15:35:00,7,0,0,
amtrak,amtrak:301053,301053,amtrak:MET,MET,15:56:00,15:57:00,8,0,0,
amtrak,amtrak:301053,301053,amtrak:EWR,EWR,16:07:00,16:08:00,9,0,0,
amtrak,amtrak:301053,301053,amtrak:NWK,NWK,16:13:00,16:15:00,10,0,0,
amtrak,amtrak:301053,301053,amtrak:NYP,NYP,16:36:00,17:01:00,11,0,0,
amtrak,amtrak:301053,301053,amtrak:NRO,NRO,17:28:00,17:29:00,12,0,0,
amtrak,amtrak:301053,301053,amtrak:STM,STM,17:47:00,17:49:00,13,0,0,
amtrak,amtrak:301053,301053,amtrak:BRP,BRP,18:17:00,18:18:00,14,0,0,
amtrak,amtrak:301053,301053,amtrak:NHV,NHV,18:44:00,18:46:00,15,0,0,
amtrak,amtrak:301053,301053,amtrak:OSB,OSB,19:15:00,19:17:00,16,0,0,
amtrak,amtrak:301053,301053,amtrak:NLC,NLC,19:36:00,19:38:00,17,0,0,
amtrak,amtrak:301053,301053,amtrak:WLY,WLY,19:57:00,19:57:00,18,0,0,
amtrak,amtrak:301053,301053,amtrak:KIN,KIN,20:11:00,20:12:00,19,0,0,
amtrak,amtrak:301053,301053,amtrak:PVD,PVD,20:31:00,20:31:00,20,0,0,
amtrak,amtrak:301053,301053,amtrak:RTE,RTE,21:03:00,21:03:00,21,1,0,
amtrak,amtrak:301053,301053,amtrak:BBY,BBY,21:13:00,21:13:00,22,1,0,
amtrak,amtrak:301053,301053,amtrak:BOS,BOS,21:18:00,21:18:00,23,0,0,
amtrak,amtrak:301056,301056,amtrak:WAS,WAS,13:10:00,13:10:00,1,0,0,
amtrak,amtrak:301056,301056,amtrak:NCR,NCR,13:21:00,13:22:00,2,0,0,
amtrak,amtrak:301056,301056,amtrak:BWI,BWI,13:36:00,13:37:00,3,0,0,
amtrak,amtrak:301056,301056,amtrak:BAL,BAL,13:54:00,13:56:00,4,0,0,
amtrak,amtrak:301056,301056,amtrak:WIL,WIL,14:40:00,14:42:00,5,0,0,
amtrak,amtrak:301056,301056,amtrak:PHL,PHL,15:05:00,15:10:00,6,0,0,
amtrak,amtrak:301056,301056,amtrak:TRE,TRE,15:35:00,15:37:00,7,0,0,
amtrak,amtrak:301056,301056,amtrak:MET,MET,15:59:00,16:00:00,8,0,0,
amtrak,amtrak:301056,301056,amtrak:EWR,EWR,16:12:00,16:13:00,9,0,0,
amtrak,amtrak:301056,301056,amtrak:NWK,NWK,16:18:00,16:20:00,10,0,0,
amtrak,amtrak:301056,301056,amtrak:NYP,NYP,16:43:00,16:57:00,11,0,0,
amtrak,amtrak:301056,301056,amtrak:NRO,NRO,17:28:00,17:29:00,12,0,0,
amtrak,amtrak:301056,301056,amtrak:STM,STM,17:47:00,17:49:00,13,0,0,
amtrak,amtrak:301056,301056,amtrak:BRP,BRP,18:17:00,18:18:00,14,0,0,
amtrak,amtrak:301056,301056,amtrak:NHV,NHV,18:44:00,18:46:00,15,0,0,
amtrak,amtrak:301056,301056,amtrak:OSB,OSB,19:15:00,19:17:00,16,0,0,
amtrak,amtrak:301056,301056,amtrak:NLC,NLC,19:36:00,19:38:00,17,0,0,
amtrak,amtrak:301056,301056,amtrak:WLY,WLY,19:57:00,19:57:00,18,0,0,
amtrak,amtrak:301056,301056,amtrak:KIN,KIN,20:11:00,20:12:00,19,0,0,
amtrak,amtrak:301056,301056,amtrak:PVD,PVD,20:31:00,20:31:00,20,0,0,
amtrak,amtrak:301056,301056,amtrak:RTE,RTE,21:03:00,21:03:00,21,1,0,
amtrak,amtrak:301056,301056,amtrak:BBY,BBY,21:13:00,21:13:00,22,1,0,
amtrak,amtrak:301056,301056,amtrak:BOS,BOS,21:18:00,21:18:00,23,0,0,
amtrak,amtrak:301057,301057,amtrak:WAS,WAS,13:05:00,13:05:00,1,0,0,
amtrak,amtrak:301057,301057,amtrak:NCR,NCR,13:16:00,13:17:00,2,0,0,
amtrak,amtrak:301057,301057,amtrak:BWI,BWI,13:31:00,13:32:00,3,0,0,
amtrak,amtrak:301057,301057,amtrak:BAL,BAL,13:49:00,13:51:00,4,0,0,
amtrak,amtrak:301057,301057,amtrak:WIL,WIL,14:35:00,14:37:00,5,0,0,
amtrak,amtrak:301057,301057,amtrak:PHL,PHL,15:00:00,15:05:00,6,0,0,
amtrak,amtrak:301057,301057,amtrak:TRE,TRE,15:30:00,15:32:00,7,0,0,
amtrak,amtrak:301057,301057,amtrak:MET,MET,15:54:00,15:55:00,8,0,0,
amtrak,amtrak:301057,301057,amtrak:EWR,EWR,16:07:00,16:08:00,9,0,0,
amtrak,amtrak:301057,301057,amtrak:NWK,NWK,16:13:00,16:15:00,10,0,0,
amtrak,amtrak:301057,301057,amtrak:NYP,NYP,16:36:00,17:00:00,11,0,0,
amtrak,amtrak:301057,301057,amtrak:NRO,NRO,17:28:00,17:29:00,12,0,0,
amtrak,amtrak:301057,301057,amtrak:STM,STM,17:47:00,17:49:00,13,0,0,
amtrak,amtrak:301057,301057,amtrak:BRP,BRP,18:17:00,18:18:00,14,0,0,
amtrak,amtrak:301057,301057,amtrak:NHV,NHV,18:44:00,18:46:00,15,0,0,
amtrak,amtrak:301057,301057,amtrak:OSB,OSB,19:15:00,19:17:00,16,0,0,
amtrak,amtrak:301057,301057,amtrak:NLC,NLC,19:36:00,19:38:00,17,0,0,
amtrak,amtrak:301057,301057,amtrak:WLY,WLY,19:57:00,19:57:00,18,0,0,
amtrak,amtrak:301057,301057,amtrak:KIN,KIN,20:11:00,20:12:00,19,0,0,
amtrak,amtrak:301057,301057,amtrak:PVD,PVD,20:31:00,20:31:00,20,0,0,
amtrak,amtrak:301057,301057,amtrak:RTE,RTE,21:03:00,21:03:00,21,1,0,
amtrak,amtrak:301057,301057,amtrak:BBY,BBY,21:13:00,21:13:00,22,1,0,
amtrak,amtrak:301057,301057,amtrak:BOS,BOS,21:18:00,21:18:00,23,0,0,
amtrak,amtrak:301059,301059,amtrak:WAS,WAS,13:05:00,13:05:00,1,0,0,
amtrak,amtrak:301059,301059,amtrak:NCR,NCR,13:16:00,13:17:00,2,0,0,
amtrak,amtrak:301059,301059,amtrak:BWI,BWI,13:31:00,13:32:00,3,0,0,
amtrak,amtrak:301059,301059,amtrak:BAL,BAL,13:49:00,13:51:00,4,0,0,
amtrak,amtrak:301059,301059,amtrak:WIL,WIL,14:35:00,14:37:00,5,0,0,
amtrak,amtrak:301059,301059,amtrak:PHL,PHL,15:00:00,15:05:00,6,0,0,
amtrak,amtrak:301059,301059,amtrak:TRE,TRE,15:30:00,15:32:00,7,0,0,
amtrak,amtrak:301059,301059,amtrak:MET,MET,15:54:00,15:55:00,8,0,0,
amtrak,amtrak:301059,301059,amtrak:EWR,EWR,16:07:00,16:08:00,9,0,0,
amtrak,amtrak:301059,301059,amtrak:NWK,NWK,16:13:00,16:15:00,10,0,0,
amtrak,amtrak:301059,301059,amtrak:NYP,NYP,16:36:00,17:00:00,11,0,0,
amtrak,amtrak:301059,301059,amtrak:NRO,NRO,17:28:00,17:29:00,12,0,0,
amtrak,amtrak:301059,301059,amtrak:STM,STM,17:47:00,17:49:00,13,0,0,
amtrak,amtrak:301059,301059,amtrak:BRP,BRP,18:17:00,18:18:00,14,0,0,
amtrak,amtrak:301059,301059,amtrak:NHV,NHV,18:44:00,18:46:00,15,0,0,
amtrak,amtrak:301059,301059,amtrak:OSB,OSB,19:15:00,19:17:00,16,0,0,
amtrak,amtrak:301059,301059,amtrak:NLC,NLC,19:36:00,19:38:00,17,0,0,
amtrak,amtrak:301059,301059,amtrak:WLY,WLY,19:57:00,19:57:00,18,0,0,
amtrak,amtrak:301059,301059,amtrak:KIN,KIN,20:11:00,20:12:00,19,0,0,
amtrak,amtrak:301059,301059,amtrak:PVD,PVD,20:31:00,20:31:00,20,0,0,
amtrak,amtrak:301059,301059,amtrak:RTE,RTE,21:03:00,21:03:00,21,1,0,
amtrak,amtrak:301059,301059,amtrak:BBY,BBY,21:13:00,21:13:00,22,1,0,
amtrak,amtrak:301059,301059,amtrak:BOS,BOS,21:18:00,21:18:00,23,0,0,
amtrak,amtrak:301060,301060,amtrak:WAS,WAS,13:05:00,13:05:00,1,0,0,
amtrak,amtrak:301060,301060,amtrak:NCR,NCR,13:16:00,13:17:00,2,0,0,
amtrak,amtrak:301060,301060,amtrak:BWI,BWI,13:31:00,13:32:00,3,0,0,
amtrak,amtrak:301060,301060,amtrak:BAL,BAL,13:49:00,13:51:00,4,0,0,
amtrak,amtrak:301060,301060,amtrak:WIL,WIL,14:35:00,14:37:00,5,0,0,
amtrak,amtrak:301060,301060,amtrak:PHL,PHL,15:00:00,15:05:00,6,0,0,
amtrak,amtrak:301060,301060,amtrak:TRE,TRE,15:30:00,15:32:00,7,0,0,
amtrak,amtrak:301060,301060,amtrak:MET,MET,15:54:00,15:55:00,8,0,0,
amtrak,amtrak:301060,301060,amtrak:EWR,EWR,16:07:00,16:08:00,9,0,0,
amtrak,amtrak:301060,301060,amtrak:NWK,NWK,16:13:00,16:15:00,10,0,0,
amtrak,amtrak:301060,301060,amtrak:NYP,NYP,16:36:00,17:00:00,11,0,0,
amtrak,amtrak:301060,301060,amtrak:NRO,NRO,17:28:00,17:29:00,12,0,0,
amtrak,amtrak:301060,301060,amtrak:STM,STM,17:47:00,17:49:00,13,0,0,
amtrak,amtrak:301060,301060,amtrak:BRP,BRP,18:17:00,18:18:00,14,0,0,
amtrak,amtrak:301060,301060,amtrak:NHV,NHV,18:44:00,18:46:00,15,0,0,
amtrak,amtrak:301060,301060,amtrak:OSB,OSB,19:15:00,19:17:00,16,0,0,
amtrak,amtrak:301060,301060,amtrak:NLC,NLC,19:36:00,19:38:00,17,0,0,
amtrak,amtrak:301060,301060,amtrak:WLY,WLY,19:57:00,19:57:00,18,0,0,
amtrak,amtrak:301060,301060,amtrak:KIN,KIN,20:11:00,20:12:00,19,0,0,
amtrak,amtrak:301060,301060,amtrak:PVD,PVD,20:31:00,20:31:00,20,0,0,
amtrak,amtrak:301060,301060,amtrak:RTE,RTE,21:03:00,21:03:00,21,1,0,
amtrak,amtrak:301060,301060,amtrak:BBY,BBY,21:13:00,21:13:00,22,1,0,
amtrak,amtrak:301060,301060,amtrak:BOS,BOS,21:18:00,21:18:00,23,0,0,
amtrak,amtrak:301074,301074,amtrak:WAS,WAS,13:16:00,13:16:00,1,0,0,
amtrak,amtrak:301074,301074,amtrak:NCR,NCR,13:27:00,13:28:00,2,0,0,
amtrak,amtrak:301074,301074,amtrak:BWI,BWI,13:42:00,13:43:00,3,0,0,
amtrak,amtrak:301074,301074,amtrak:BAL,BAL,13:57:00,13:59:00,4,0,0,
amtrak,amtrak:301074,301074,amtrak:WIL,WIL,14:46:00,14:48:00,5,0,0,
amtrak,amtrak:301074,301074,amtrak:PHL,PHL,15:14:00,15:17:00,6,0,0,
amtrak,amtrak:301074,301074,amtrak:TRE,TRE,15:44:00,15:46:00,7,0,0,
amtrak,amtrak:301074,301074,amtrak:MET,MET,16:09:00,16:10:00,8,0,0,
amtrak,amtrak:301074,301074,amtrak:EWR,EWR,16:21:00,16:22:00,9,0,0,
amtrak,amtrak:301074,301074,amtrak:NWK,NWK,16:27:00,16:29:00,10,0,0,
amtrak,amtrak:301074,301074,amtrak:NYP,NYP,16:48:00,17:01:00,11,0,0,
amtrak,amtrak:301074,301074,amtrak:NRO,NRO,17:25:00,17:26:00,12,0,0,
amtrak,amtrak:301074,301074,amtrak:STM,STM,17:47:00,17:49:00,13,0,0,
amtrak,amtrak:301074,301074,amtrak:BRP,BRP,18:13:00,18:14:00,14,0,0,
amtrak,amtrak:301074,301074,amtrak:NHV,NHV,18:39:00,18:41:00,15,0,0,
amtrak,amtrak:301074,301074,amtrak:OSB,OSB,19:09:00,19:11:00,16,0,0,
amtrak,amtrak:301074,301074,amtrak:NLC,NLC,19:29:00,19:31:00,17,0,0,
amtrak,amtrak:301074,301074,amtrak:KIN,KIN,20:04:00,20:05:00,18,0,0,
amtrak,amtrak:301074,301074,amtrak:PVD,PVD,20:24:00,20:24:00,19,0,0,
amtrak,amtrak:301074,301074,amtrak:RTE,RTE,20:59:00,20:59:00,20,1,0,
amtrak,amtrak:301074,301074,amtrak:BBY,BBY,21:14:00,21:14:00,21,1,0,
amtrak,amtrak:301074,301074,amtrak:BOS,BOS,21:20:00,21:20:00,22,0,0,
amtrak,amtrak:301075,301075,amtrak:WAS,WAS,13:16:00,13:16:00,1,0,0,
amtrak,amtrak:301075,301075,amtrak:NCR,NCR,13:27:00,13:28:00,2,0,0,
amtrak,amtrak:301075,301075,amtrak:BWI,BWI,13:42:00,13:43:00,3,0,0,
amtrak,amtrak:301075,301075,amtrak:BAL,BAL,13:57:00,13:59:00,4,0,0,
amtrak,amtrak:301075,301075,amtrak:WIL,WIL,14:46:00,14:48:00,5,0,0,
amtrak,amtrak:301075,301075,amtrak:PHL,PHL,15:14:00,15:17:00,6,0,0,
amtrak,amtrak:301075,301075,amtrak:TRE,TRE,15:44:00,15:46:00,7,0,0,
amtrak,amtrak:301075,301075,amtrak:MET,MET,16:09:00,16:10:00,8,0,0,
amtrak,amtrak:301075,301075,amtrak:EWR,EWR,16:21:00,16:22:00,9,0,0,
amtrak,amtrak:301075,301075,amtrak:NWK,NWK,16:27:00,16:29:00,10,0,0,
amtrak,amtrak:301075,301075,amtrak:NYP,NYP,16:48:00,17:01:00,11,0,0,
amtrak,amtrak:301075,301075,amtrak:NRO,NRO,17:25:00,17:26:00,12,0,0,
amtrak,amtrak:301075,301075,amtrak:STM,STM,17:47:00,17:49:00,13,0,0,
amtrak,amtrak:301075,301075,amtrak:BRP,BRP,18:13:00,18:14:00,14,0,0,
amtrak,amtrak:301075,301075,amtrak:NHV,NHV,18:39:00,18:41:00,15,0,0,
amtrak,amtrak:301075,301075,amtrak:OSB,OSB,19:09:00,19:11:00,16,0,0,
amtrak,amtrak:301075,301075,amtrak:NLC,NLC,19:29:00,19:31:00,17,0,0,
amtrak,amtrak:301075,301075,amtrak:KIN,KIN,20:04:00,20:05:00,18,0,0,
amtrak,amtrak:301075,301075,amtrak:PVD,PVD,20:24:00,20:24:00,19,0,0,
amtrak,amtrak:301075,301075,amtrak:RTE,RTE,20:59:00,20:59:00,20,1,0,
amtrak,amtrak:301075,301075,amtrak:BBY,BBY,21:14:00,21:14:00,21,1,0,
amtrak,amtrak:301075,301075,amtrak:BOS,BOS,21:20:00,21:20:00,22,0,0,
amtrak,amtrak:301078,301078,amtrak:WAS,WAS,13:20:00,13:20:00,1,0,0,
amtrak,amtrak:301078,301078,amtrak:NCR,NCR,13:31:00,13:32:00,2,0,0,
amtrak,amtrak:301078,301078,amtrak:BWI,BWI,13:46:00,13:47:00,3,0,0,
amtrak,amtrak:301078,301078,amtrak:BAL,BAL,14:01:00,14:03:00,4,0,0,
amtrak,amtrak:301078,301078,amtrak:WIL,WIL,14:49:00,14:51:00,5,0,0,
amtrak,amtrak:301078,301078,amtrak:PHL,PHL,15:14:00,15:17:00,6,0,0,
amtrak,amtrak:301078,301078,amtrak:TRE,TRE,15:44:00,15:46:00,7,0,0,
amtrak,amtrak:301078,301078,amtrak:MET,MET,16:09:00,16:10:00,8,0,0,
amtrak,amtrak:301078,301078,amtrak:EWR,EWR,16:21:00,16:22:00,9,0,0,
amtrak,amtrak:301078,301078,amtrak:NWK,NWK,16:27:00,16:29:00,10,0,0,
amtrak,amtrak:301078,301078,amtrak:NYP,NYP,16:48:00,17:01:00,11,0,0,
amtrak,amtrak:301078,301078,amtrak:NRO,NRO,17:25:00,17:26:00,12,0,0,
amtrak,amtrak:301078,301078,amtrak:STM,STM,17:47:00,17:49:00,13,0,0,
amtrak,amtrak:301078,301078,amtrak:BRP,BRP,18:13:00,18:14:00,14,0,0,
amtrak,amtrak:301078,301078,amtrak:NHV,NHV,18:39:00,18:41:00,15,0,0,
amtrak,amtrak:301078,301078,amtrak:OSB,OSB,19:09:00,19:11:00,16,0,0,
amtrak,amtrak:301078,301078,amtrak:NLC,NLC,19:29:00,19:31:00,17,0,0,
amtrak,amtrak:301078,301078,amtrak:KIN,KIN,20:04:00,20:05:00,18,0,0,
amtrak,amtrak:301078,301078,amtrak:PVD,PVD,20:24:00,20:24:00,19,0,0,
amtrak,amtrak:301078,301078,amtrak:RTE,RTE,20:59:00,20:59:00,20,1,0,
amtrak,amtrak:301078,301078,amtrak:BBY,BBY,21:14:00,21:14:00,21,1,0,
amtrak,amtrak:301078,301078,amtrak:BOS,BOS,21:20:00,21:20:00,22,0,0,
amtrak,amtrak:301079,301079,amtrak:WAS,WAS,13:20:00,13:20:00,1,0,0,
amtrak,amtrak:301079,301079,amtrak:NCR,NCR,13:31:00,13:32:00,2,0,0,
amtrak,amtrak:301079,301079,amtrak:BWI,BWI,13:46:00,13:47:00,3,0,0,
amtrak,amtrak:301079,301079,amtrak:BAL,BAL,14:01:00,14:03:00,4,0,0,
amtrak,amtrak:301079,301079,amtrak:WIL,WIL,14:49:00,14:51:00,5,0,0,
amtrak,amtrak:301079,301079,amtrak:PHL,PHL,15:14:00,15:17:00,6,0,0,
amtrak,amtrak:301079,301079,amtrak:TRE,TRE,15:44:00,15:46:00,7,0,0,
amtrak,amtrak:301079,301079,amtrak:MET,MET,16:09:00,16:10:00,8,0,0,
amtrak,amtrak:301079,301079,amtrak:EWR,EWR,16:21:00,16:22:00,9,0,0,
amtrak,amtrak:301079,301079,amtrak:NWK,NWK,16:27:00,16:29:00,10,0,0,
amtrak,amtrak:301079,301079,amtrak:NYP,NYP,16:48:00,17:01:00,11,0,0,
amtrak,amtrak:301079,301079,amtrak:NRO,NRO,17:25:00,17:26:00,12,0,0,
amtrak,amtrak:301079,301079,amtrak:STM,STM,17:47:00,17:49:00,13,0,0,
amtrak,amtrak:301079,301079,amtrak:BRP,BRP,18:13:00,18:14:00,14,0,0,
amtrak,amtrak:301079,301079,amtrak:NHV,NHV,18:39:00,18:41:00,15,0,0,
amtrak,amtrak:301079,301079,amtrak:OSB,OSB,19:09:00,19:11:00,16,0,0,
amtrak,amtrak:301079,301079,amtrak:NLC,NLC,19:29:00,19:31:00,17,0,0,
amtrak,amtrak:301079,301079,amtrak:KIN,KIN,20:04:00,20:05:00,18,0,0,
amtrak,amtrak:301079,301079,amtrak:PVD,PVD,20:24:00,20:24:00,19,0,0,
amtrak,amtrak:301079,301079,amtrak:RTE,RTE,20:59:00,20:59:00,20,1,0,
amtrak,amtrak:301079,301079,amtrak:BBY,BBY,21:14:00,21:14:00,21,1,0,
amtrak,amtrak:301079,301079,amtrak:BOS,BOS,21:20:00,21:20:00,22,0,0,
amtrak,amtrak:301084,301084,amtrak:WAS,WAS,16:20:00,16:20:00,1,0,0,
amtrak,amtrak:301084,301084,amtrak:BWI,BWI,16:42:00,16:43:00,2,0,0,
amtrak,amtrak:301084,301084,amtrak:BAL,BAL,16:54:00,16:56:00,3,0,0,
amtrak,amtrak:301084,301084,amtrak:PHL,PHL,18:01:00,18:02:00,4,0,0,
amtrak,amtrak:301084,301084,amtrak:NWK,NWK,19:00:00,19:00:00,5,0,0,
amtrak,amtrak:301084,301084,amtrak:NYP,NYP,19:20:00,19:37:00,6,0,0,
amtrak,amtrak:301084,301084,amtrak:STM,STM,20:23:00,20:24:00,7,0,0,
amtrak,amtrak:301084,301084,amtrak:PVD,PVD,22:47:00,22:47:00,8,0,0,
amtrak,amtrak:301084,301084,amtrak:RTE,RTE,23:17:00,23:18:00,9,1,0,
amtrak,amtrak:301084,301084,amtrak:BBY,BBY,23:30:00,23:31:00,10,1,0,
amtrak,amtrak:301084,301084,amtrak:BOS,BOS,23:37:00,23:37:00,11,0,0,
amtrak,amtrak:301086,301086,amtrak:WAS,WAS,16:20:00,16:20:00,1,0,0,
amtrak,amtrak:301086,301086,amtrak:BWI,BWI,16:42:00,16:43:00,2,0,0,
amtrak,amtrak:301086,301086,amtrak:BAL,BAL,16:54:00,16:56:00,3,0,0,
amtrak,amtrak:301086,301086,amtrak:PHL,PHL,18:01:00,18:02:00,4,0,0,
amtrak,amtrak:301086,301086,amtrak:NWK,NWK,19:00:00,19:00:00,5,0,0,
amtrak,amtrak:301086,301086,amtrak:NYP,NYP,19:20:00,19:37:00,6,0,0,
amtrak,amtrak:301086,301086,amtrak:STM,STM,20:23:00,20:24:00,7,0,0,
amtrak,amtrak:301086,301086,amtrak:PVD,PVD,22:47:00,22:47:00,8,0,0,
amtrak,amtrak:301086,301086,amtrak:RTE,RTE,23:17:00,23:18:00,9,1,0,
amtrak,amtrak:301086,301086,amtrak:BBY,BBY,23:30:00,23:31:00,10,1,0,
amtrak,amtrak:301086,301086,amtrak:BOS,BOS,23:37:00,23:37:00,11,0,0,
amtrak,amtrak:301088,301088,amtrak:WAS,WAS,16:20:00,16:20:00,1,0,0,
amtrak,amtrak:301088,301088,amtrak:BWI,BWI,16:42:00,16:43:00,2,0,0,
amtrak,amtrak:301088,301088,amtrak:BAL,BAL,16:54:00,16:56:00,3,0,0,
amtrak,amtrak:301088,301088,amtrak:PHL,PHL,18:01:00,18:02:00,4,0,0,
amtrak,amtrak:301088,301088,amtrak:NWK,NWK,19:00:00,19:00:00,5,0,0,
amtrak,amtrak:301088,301088,amtrak:NYP,NYP,19:20:00,19:37:00,6,0,0,
amtrak,amtrak:301088,301088,amtrak:STM,STM,20:23:00,20:24:00,7,0,0,
amtrak,amtrak:301088,301088,amtrak:PVD,PVD,22:47:00,22:47:00,8,0,0,
amtrak,amtrak:301088,301088,amtrak:RTE,RTE,23:17:00,23:18:00,9,1,0,
amtrak,amtrak:301088,301088,amtrak:BBY,BBY,23:30:00,23:31:00,10,1,0,
amtrak,amtrak:301088,301088,amtrak:BOS,BOS,23:37:00,23:37:00,11,0,0,
amtrak,amtrak:301090,301090,amtrak:WAS,WAS,16:20:00,16:20:00,1,0,0,
amtrak,amtrak:301090,301090,amtrak:BWI,BWI,16:42:00,16:43:00,2,0,0,
amtrak,amtrak:301090,301090,amtrak:BAL,BAL,16:54:00,16:56:00,3,0,0,
amtrak,amtrak:301090,301090,amtrak:PHL,PHL,18:01:00,18:02:00,4,0,0,
amtrak,amtrak:301090,301090,amtrak:NWK,NWK,19:00:00,19:00:00,5,0,0,
amtrak,amtrak:301090,301090,amtrak:NYP,NYP,19:20:00,19:37:00,6,0,0,
amtrak,amtrak:301090,301090,amtrak:STM,STM,20:23:00,20:24:00,7,0,0,
amtrak,amtrak:301090,301090,amtrak:PVD,PVD,22:47:00,22:47:00,8,0,0,
amtrak,amtrak:301090,301090,amtrak:RTE,RTE,23:17:00,23:18:00,9,1,0,
amtrak,amtrak:301090,301090,amtrak:BBY,BBY,23:30:00,23:31:00,10,1,0,
amtrak,amtrak:301090,301090,amtrak:BOS,BOS,23:37:00,23:37:00,11,0,0,
amtrak,amtrak:301091,301091,amtrak:WAS,WAS,16:20:00,16:20:00,1,0,0,
amtrak,amtrak:301091,301091,amtrak:BWI,BWI,16:42:00,16:43:00,2,0,0,
amtrak,amtrak:301091,301091,amtrak:BAL,BAL,16:54:00,16:56:00,3,0,0,
amtrak,amtrak:301091,301091,amtrak:PHL,PHL,18:01:00,18:02:00,4,0,0,
amtrak,amtrak:301091,301091,amtrak:NWK,NWK,19:00:00,19:00:00,5,0,0,
amtrak,amtrak:301091,301091,amtrak:NYP,NYP,19:20:00,19:37:00,6,0,0,
amtrak,amtrak:301091,301091,amtrak:STM,STM,20:23:00,20:24:00,7,0,0,
amtrak,amtrak:301091,301091,amtrak:PVD,PVD,22:47:00,22:47:00,8,0,0,
amtrak,amtrak:301091,301091,amtrak:RTE,RTE,23:17:00,23:18:00,9,1,0,
amtrak,amtrak:301091,301091,amtrak:BBY,BBY,23:30:00,23:31:00,10,1,0,
amtrak,amtrak:301091,301091,amtrak:BOS,BOS,23:37:00,23:37:00,11,0,0,
amtrak,amtrak:301430,301430,amtrak:RNK,RNK,16:23:00,16:23:00,1,0,0,
amtrak,amtrak:301430,301430,amtrak:LYH,LYH,17:37:00,17:40:00,2,0,0,
amtrak,amtrak:301430,301430,amtrak:CVS,CVS,18:51:00,19:01:00,3,0,0,
amtrak,amtrak:301430,301430,amtrak:CLP,CLP,19:52:00,19:53:00,4,0,0,
amtrak,amtrak:301430,301430,amtrak:MSS,MSS,20:28:00,20:30:00,5,0,0,
amtrak,amtrak:301430,301430,amtrak:ALX,ALX,21:10:00,21:12:00,6,0,0,
amtrak,amtrak:301430,301430,amtrak:WAS,WAS,21:28:00,22:00:00,7,0,0,
amtrak,amtrak:301430,301430,amtrak:BWI,BWI,22:33:00,22:35:00,8,0,0,
amtrak,amtrak:301430,301430,amtrak:BAL,BAL,22:49:00,23:01:00,9,0,0,
amtrak,amtrak:301430,301430,amtrak:WIL,WIL,23:57:00,23:59:00,10,0,0,
amtrak,amtrak:301430,301430,amtrak:PHL,PHL,24:22:00,27:25:00,11,0,0,
amtrak,amtrak:301430,301430,amtrak:NWK,NWK,28:45:00,28:48:00,12,0,0,
amtrak,amtrak:301430,301430,amtrak:NYP,NYP,29:11:00,29:44:00,13,0,0,
amtrak,amtrak:301430,301430,amtrak:NRO,NRO,30:13:00,30:13:00,14,0,0,
amtrak,amtrak:301430,301430,amtrak:STM,STM,30:33:00,30:34:00,15,0,0,
amtrak,amtrak:301430,301430,amtrak:BRP,BRP,31:04:00,31:05:00,16,0,0,
amtrak,amtrak:301430,301430,amtrak:NHV,NHV,31:24:00,31:26:00,17,0,0,
amtrak,amtrak:301430,301430,amtrak:OSB,OSB,31:54:00,31:54:00,18,0,0,
amtrak,amtrak:301430,301430,amtrak:NLC,NLC,32:14:00,32:15:00,19,0,0,
amtrak,amtrak:301430,301430,amtrak:MYS,MYS,32:27:00,32:28:00,20,0,0,
amtrak,amtrak:301430,301430,amtrak:WLY,WLY,32:37:00,32:39:00,21,0,0,
amtrak,amtrak:301430,301430,amtrak:KIN,KIN,32:53:00,32:55:00,22,0,0,
amtrak,amtrak:301430,301430,amtrak:PVD,PVD,33:15:00,33:17:00,23,0,0,
amtrak,amtrak:301430,301430,amtrak:RTE,RTE,33:42:00,33:42:00,24,1,0,
amtrak,amtrak:301430,301430,amtrak:BBY,BBY,33:58:00,33:58:00,25,1,0,
amtrak,amtrak:301430,301430,amtrak:BOS,BOS,34:05:00,34:05:00,26,0,0,
amtrak,amtrak:301431,301431,amtrak:RNK,RNK,16:23:00,16:23:00,1,0,0,
amtrak,amtrak:301431,301431,amtrak:LYH,LYH,17:37:00,17:40:00,2,0,0,
amtrak,amtrak:301431,301431,amtrak:CVS,CVS,18:51:00,19:01:00,3,0,0,
amtrak,amtrak:301431,301431,amtrak:CLP,CLP,19:52:00,19:53:00,4,0,0,
amtrak,amtrak:301431,301431,amtrak:MSS,MSS,20:28:00,20:30:00,5,0,0,
amtrak,amtrak:301431,301431,amtrak:ALX,ALX,21:10:00,21:12:00,6,0,0,
amtrak,amtrak:301431,301431,amtrak:WAS,WAS,21:28:00,22:00:00,7,0,0,
amtrak,amtrak:301431,301431,amtrak:BWI,BWI,22:33:00,22:35:00,8,0,0,
amtrak,amtrak:301431,301431,amtrak:BAL,BAL,22:49:00,23:01:00,9,0,0,
amtrak,amtrak:301431,301431,amtrak:WIL,WIL,23:57:00,23:59:00,10,0,0,
amtrak,amtrak:301431,301431,amtrak:PHL,PHL,24:22:00,25:22:00,11,0,0,
amtrak,amtrak:301431,301431,amtrak:NWK,NWK,26:42:00,26:45:00,12,0,0,
amtrak,amtrak:301431,301431,amtrak:NYP,NYP,27:08:00,27:41:00,13,0,0,
amtrak,amtrak:301431,301431,amtrak:NRO,NRO,28:10:00,28:10:00,14,0,0,
amtrak,amtrak:301431,301431,amtrak:STM,STM,28:30:00,28:31:00,15,0,0,
amtrak,amtrak:301431,301431,amtrak:BRP,BRP,29:01:00,29:02:00,16,0,0,
amtrak,amtrak:301431,301431,amtrak:NHV,NHV,29:21:00,31:26:00,17,0,0,
amtrak,amtrak:301431,301431,amtrak:OSB,OSB,31:54:00,31:54:00,18,0,0,
amtrak,amtrak:301431,301431,amtrak:NLC,NLC,32:14:00,32:15:00,19,0,0,
amtrak,amtrak:301431,301431,amtrak:MYS,MYS,32:27:00,32:28:00,20,0,0,
amtrak,amtrak:301431,301431,amtrak:WLY,WLY,32:37:00,32:39:00,21,0,0,
amtrak,amtrak:301431,301431,amtrak:KIN,KIN,32:53:00,32:55:00,22,0,0,
amtrak,amtrak:301431,301431,amtrak:PVD,PVD,33:15:00,33:17:00,23,0,0,
amtrak,amtrak:301431,301431,amtrak:RTE,RTE,33:42:00,33:42:00,24,1,0,
amtrak,amtrak:301431,301431,amtrak:BBY,BBY,33:58:00,33:58:00,25,1,0,
amtrak,amtrak:301431,301431,amtrak:BOS,BOS,34:05:00,34:05:00,26,0,0,
amtrak,amtrak:301432,301432,amtrak:RNK,RNK,16:23:00,16:23:00,1,0,0,
amtrak,amtrak:301432,301432,amtrak:LYH,LYH,17:37:00,17:40:00,2,0,0,
amtrak,amtrak:301432,301432,amtrak:CVS,CVS,18:51:00,19:01:00,3,0,0,
amtrak,amtrak:301432,301432,amtrak:CLP,CLP,19:52:00,19:53:00,4,0,0,
amtrak,amtrak:301432,301432,amtrak:MSS,MSS,20:28:00,20:30:00,5,0,0,
amtrak,amtrak:301432,301432,amtrak:ALX,ALX,21:10:00,21:12:00,6,0,0,
amtrak,amtrak:301432,301432,amtrak:WAS,WAS,21:28:00,22:00:00,7,0,0,
amtrak,amtrak:301432,301432,amtrak:BWI,BWI,22:33:00,22:35:00,8,0,0,
amtrak,amtrak:301432,301432,amtrak:BAL,BAL,22:49:00,23:01:00,9,0,0,
amtrak,amtrak:301432,301432,amtrak:WIL,WIL,23:57:00,23:59:00,10,0,0,
amtrak,amtrak:301432,301432,amtrak:PHL,PHL,24:22:00,27:25:00,11,0,0,
amtrak,amtrak:301432,301432,amtrak:NWK,NWK,28:45:00,28:48:00,12,0,0,
amtrak,amtrak:301432,301432,amtrak:NYP,NYP,29:11:00,29:44:00,13,0,0,
amtrak,amtrak:301432,301432,amtrak:NRO,NRO,30:13:00,30:13:00,14,0,0,
amtrak,amtrak:301432,301432,amtrak:STM,STM,30:33:00,30:34:00,15,0,0,
amtrak,amtrak:301432,301432,amtrak:BRP,BRP,31:04:00,31:05:00,16,0,0,
amtrak,amtrak:301432,301432,amtrak:NHV,NHV,31:24:00,31:26:00,17,0,0,
amtrak,amtrak:301432,301432,amtrak:OSB,OSB,31:54:00,31:54:00,18,0,0,
amtrak,amtrak:301432,301432,amtrak:NLC,NLC,32:14:00,32:15:00,19,0,0,
amtrak,amtrak:301432,301432,amtrak:MYS,MYS,32:27:00,32:28:00,20,0,0,
amtrak,amtrak:301432,301432,amtrak:WLY,WLY,32:37:00,32:39:00,21,0,0,
amtrak,amtrak:301432,301432,amtrak:KIN,KIN,32:53:00,32:55:00,22,0,0,
amtrak,amtrak:301432,301432,amtrak:PVD,PVD,33:15:00,33:17:00,23,0,0,
amtrak,amtrak:301432,301432,amtrak:RTE,RTE,33:42:00,33:42:00,24,1,0,
amtrak,amtrak:301432,301432,amtrak:BBY,BBY,33:58:00,33:58:00,25,1,0,
amtrak,amtrak:301432,301432,amtrak:BOS,BOS,34:05:00,34:05:00,26,0,0,
amtrak,amtrak:301433,301433,amtrak:RNK,RNK,16:23:00,16:23:00,1,0,0,
amtrak,amtrak:301433,301433,amtrak:LYH,LYH,17:37:00,17:40:00,2,0,0,
amtrak,amtrak:301433,301433,amtrak:CVS,CVS,18:51:00,19:01:00,3,0,0,
amtrak,amtrak:301433,301433,amtrak:CLP,CLP,19:52:00,19:53:00,4,0,0,
amtrak,amtrak:301433,301433,amtrak:MSS,MSS,20:28:00,20:30:00,5,0,0,
amtrak,amtrak:301433,301433,amtrak:ALX,ALX,21:10:00,21:12:00,6,0,0,
amtrak,amtrak:301433,301433,amtrak:WAS,WAS,21:28:00,22:00:00,7,0,0,
amtrak,amtrak:301433,301433,amtrak:BWI,BWI,22:33:00,22:35:00,8,0,0,
amtrak,amtrak:301433,301433,amtrak:BAL,BAL,22:49:00,23:01:00,9,0,0,
amtrak,amtrak:301433,301433,amtrak:WIL,WIL,23:57:00,23:59:00,10,0,0,
amtrak,amtrak:301433,301433,amtrak:PHL,PHL,24:22:00,27:25:00,11,0,0,
amtrak,amtrak:301433,301433,amtrak:NWK,NWK,28:45:00,28:48:00,12,0,0,
amtrak,amtrak:301433,301433,amtrak:NYP,NYP,29:11:00,29:44:00,13,0,0,
amtrak,amtrak:301433,301433,amtrak:NRO,NRO,30:13:00,30:13:00,14,0,0,
amtrak,amtrak:301433,301433,amtrak:STM,STM,30:33:00,30:34:00,15,0,0,
amtrak,amtrak:301433,301433,amtrak:BRP,BRP,31:04:00,31:05:00,16,0,0,
amtrak,amtrak:301433,301433,amtrak:NHV,NHV,31:24:00,31:26:00,17,0,0,
amtrak,amtrak:301433,301433,amtrak:OSB,OSB,31:54:00,31:54:00,18,0,0,
amtrak,amtrak:301433,301433,amtrak:NLC,NLC,32:14:00,32:15:00,19,0,0,
amtrak,amtrak:301433,301433,amtrak:MYS,MYS,32:27:00,32:28:00,20,0,0,
amtrak,amtrak:301433,301433,amtrak:WLY,WLY,32:37:00,32:39:00,21,0,0,
amtrak,amtrak:301433,301433,amtrak:KIN,KIN,32:53:00,32:55:00,22,0,0,
amtrak,amtrak:301433,301433,amtrak:PVD,PVD,33:15:00,33:17:00,23,0,0,
amtrak,amtrak:301433,301433,amtrak:RTE,RTE,33:42:00,33:42:00,24,1,0,
amtrak,amtrak:301433,301433,amtrak:BBY,BBY,33:58:00,33:58:00,25,1,0,
amtrak,amtrak:301433,301433,amtrak:BOS,BOS,34:05:00,34:05:00,26,0,0,
amtrak,amtrak:301434,301434,amtrak:RNK,RNK,16:23:00,16:23:00,1,0,0,
amtrak,amtrak:301434,301434,amtrak:LYH,LYH,17:37:00,17:40:00,2,0,0,
amtrak,amtrak:301434,301434,amtrak:CVS,CVS,18:51:00,19:01:00,3,0,0,
amtrak,amtrak:301434,301434,amtrak:CLP,CLP,19:52:00,19:53:00,4,0,0,
amtrak,amtrak:301434,301434,amtrak:MSS,MSS,20:28:00,20:30:00,5,0,0,
amtrak,amtrak:301434,301434,amtrak:ALX,ALX,21:10:00,21:12:00,6,0,0,
amtrak,amtrak:301434,301434,amtrak:WAS,WAS,21:28:00,22:00:00,7,0,0,
amtrak,amtrak:301434,301434,amtrak:BWI,BWI,22:33:00,22:35:00,8,0,0,
amtrak,amtrak:301434,301434,amtrak:BAL,BAL,22:49:00,23:01:00,9,0,0,
amtrak,amtrak:301434,301434,amtrak:WIL,WIL,23:57:00,23:59:00,10,0,0,
amtrak,amtrak:301434,301434,amtrak:PHL,PHL,24:22:00,25:22:00,11,0,0,
amtrak,amtrak:301434,301434,amtrak:NWK,NWK,26:42:00,26:45:00,12,0,0,
amtrak,amtrak:301434,301434,amtrak:NYP,NYP,27:08:00,27:41:00,13,0,0,
amtrak,amtrak:301434,301434,amtrak:NRO,NRO,28:10:00,28:10:00,14,0,0,
amtrak,amtrak:301434,301434,amtrak:STM,STM,28:30:00,28:31:00,15,0,0,
amtrak,amtrak:301434,301434,amtrak:BRP,BRP,29:01:00,29:02:00,16,0,0,
amtrak,amtrak:301434,301434,amtrak:NHV,NHV,29:21:00,31:26:00,17,0,0,
amtrak,amtrak:301434,301434,amtrak:OSB,OSB,31:54:00,31:54:00,18,0,0,
amtrak,amtrak:301434,301434,amtrak:NLC,NLC,32:14:00,32:15:00,19,0,0,
amtrak,amtrak:301434,301434,amtrak:MYS,MYS,32:27:00,32:28:00,20,0,0,
amtrak,amtrak:301434,301434,amtrak:WLY,WLY,32:37:00,32:39:00,21,0,0,
amtrak,amtrak:301434,301434,amtrak:KIN,KIN,32:53:00,32:55:00,22,0,0,
amtrak,amtrak:301434,301434,amtrak:PVD,PVD,33:15:00,33:17:00,23,0,0,
amtrak,amtrak:301434,301434,amtrak:RTE,RTE,33:42:00,33:42:00,24,1,0,
amtrak,amtrak:301434,301434,amtrak:BBY,BBY,33:58:00,33:58:00,25,1,0,
amtrak,amtrak:301434,301434,amtrak:BOS,BOS,34:05:00,34:05:00,26,0,0,
amtrak,amtrak:301435,301435,amtrak:RNK,RNK,16:23:00,16:23:00,1,0,0,
amtrak,amtrak:301435,301435,amtrak:LYH,LYH,17:37:00,17:40:00,2,0,0,
amtrak,amtrak:301435,301435,amtrak:CVS,CVS,18:51:00,19:01:00,3,0,0,
amtrak,amtrak:301435,301435,amtrak:CLP,CLP,19:52:00,19:53:00,4,0,0,
amtrak,amtrak:301435,301435,amtrak:MSS,MSS,20:28:00,20:30:00,5,0,0,
amtrak,amtrak:301435,301435,amtrak:ALX,ALX,21:10:00,21:12:00,6,0,0,
amtrak,amtrak:301435,301435,amtrak:WAS,WAS,21:28:00,22:00:00,7,0,0,
amtrak,amtrak:301435,301435,amtrak:BWI,BWI,22:33:00,22:35:00,8,0,0,
amtrak,amtrak:301435,301435,amtrak:BAL,BAL,22:49:00,23:01:00,9,0,0,
amtrak,amtrak:301435,301435,amtrak:WIL,WIL,23:57:00,23:59:00,10,0,0,
amtrak,amtrak:301435,301435,amtrak:PHL,PHL,24:22:00,27:25:00,11,0,0,
amtrak,amtrak:301435,301435,amtrak:NWK,NWK,28:45:00,28:48:00,12,0,0,
amtrak,amtrak:301435,301435,amtrak:NYP,NYP,29:11:00,29:44:00,13,0,0,
amtrak,amtrak:301435,301435,amtrak:NRO,NRO,30:13:00,30:13:00,14,0,0,
amtrak,amtrak:301435,301435,amtrak:STM,STM,30:33:00,30:34:00,15,0,0,
amtrak,amtrak:301435,301435,amtrak:BRP,BRP,31:04:00,31:05:00,16,0,0,
amtrak,amtrak:301435,301435,amtrak:NHV,NHV,31:24:00,31:26:00,17,0,0,
amtrak,amtrak:301435,301435,amtrak:OSB,OSB,31:54:00,31:54:00,18,0,0,
amtrak,amtrak:301435,301435,amtrak:NLC,NLC,32:14:00,32:15:00,19,0,0,
amtrak,amtrak:301435,301435,amtrak:MYS,MYS,32:27:00,32:28:00,20,0,0,
amtrak,amtrak:301435,301435,amtrak:WLY,WLY,32:37:00,32:39:00,21,0,0,
amtrak,amtrak:301435,301435,amtrak:KIN,KIN,32:53:00,32:55:00,22,0,0,
amtrak,amtrak:301435,301435,amtrak:PVD,PVD,33:15:00,33:17:00,23,0,0,
amtrak,amtrak:301435,301435,amtrak:RTE,RTE,33:42:00,33:42:00,24,1,0,
amtrak,amtrak:301435,301435,amtrak:BBY,BBY,33:58:00,33:58:00,25,1,0,
amtrak,amtrak:301435,301435,amtrak:BOS,BOS,34:05:00,34:05:00,26,0,0,
amtrak,amtrak:301436,301436,amtrak:RNK,RNK,16:23:00,16:23:00,1,0,0,
amtrak,amtrak:301436,301436,amtrak:LYH,LYH,17:37:00,17:40:00,2,0,0,
amtrak,amtrak:301436,301436,amtrak:CVS,CVS,18:51:00,19:01:00,3,0,0,
amtrak,amtrak:301436,301436,amtrak:CLP,CLP,19:52:00,19:53:00,4,0,0,
amtrak,amtrak:301436,301436,amtrak:MSS,MSS,20:28:00,20:30:00,5,0,0,
amtrak,amtrak:301436,301436,amtrak:ALX,ALX,21:10:00,21:12:00,6,0,0,
amtrak,amtrak:301436,301436,amtrak:WAS,WAS,21:28:00,22:00:00,7,0,0,
amtrak,amtrak:301436,301436,amtrak:BWI,BWI,22:33:00,22:35:00,8,0,0,
amtrak,amtrak:301436,301436,amtrak:BAL,BAL,22:49:00,22:51:00,9,0,0,
amtrak,amtrak:301436,301436,amtrak:WIL,WIL,23:38:00,23:40:00,10,0,0,
amtrak,amtrak:301436,301436,amtrak:PHL,PHL,24:06:00,27:25:00,11,0,0,
amtrak,amtrak:301436,301436,amtrak:NWK,NWK,28:45:00,28:48:00,12,0,0,
amtrak,amtrak:301436,301436,amtrak:NYP,NYP,29:11:00,29:44:00,13,0,0,
amtrak,amtrak:301436,301436,amtrak:NRO,NRO,30:13:00,30:13:00,14,0,0,
amtrak,amtrak:301436,301436,amtrak:STM,STM,30:33:00,30:34:00,15,0,0,
amtrak,amtrak:301436,301436,amtrak:BRP,BRP,31:04:00,31:05:00,16,0,0,
amtrak,amtrak:301436,301436,amtrak:NHV,NHV,31:24:00,31:26:00,17,0,0,
amtrak,amtrak:301436,301436,amtrak:OSB,OSB,31:54:00,31:54:00,18,0,0,
amtrak,amtrak:301436,301436,amtrak:NLC,NLC,32:14:00,32:15:00,19,0,0,
amtrak,amtrak:301436,301436,amtrak:MYS,MYS,32:27:00,32:28:00,20,0,0,
amtrak,amtrak:301436,301436,amtrak:WLY,WLY,32:37:00,32:39:00,21,0,0,
amtrak,amtrak:301436,301436,amtrak:KIN,KIN,32:53:00,32:55:00,22,0,0,
amtrak,amtrak:301436,301436,amtrak:PVD,PVD,33:15:00,33:17:00,23,0,0,
amtrak,amtrak:301436,301436,amtrak:RTE,RTE,33:42:00,33:42:00,24,1,0,
amtrak,amtrak:301436,301436,amtrak:BBY,BBY,33:58:00,33:58:00,25,1,0,
amtrak,amtrak:301436,301436,amtrak:BOS,BOS,34:05:00,34:05:00,26,0,0,
amtrak,amtrak:301438,301438,amtrak:WAS,WAS,21:28:00,22:00:00,7,0,0,
amtrak,amtrak:301438,301438,amtrak:BWI,BWI,22:33:00,22:35:00,8,0,0,
amtrak,amtrak:301438,301438,amtrak:BAL,BAL,22:49:00,22:51:00,9,0,0,
amtrak,amtrak:301438,301438,amtrak:WIL,WIL,23:38:00,23:40:00,10,0,0,
amtrak,amtrak:301438,301438,amtrak:PHL,PHL,24:06:00,27:25:00,11,0,0,
amtrak,amtrak:301438,301438,amtrak:NWK,NWK,28:45:00,28:48:00,12,0,0,
amtrak,amtrak:301438,301438,amtrak:NYP,NYP,29:11:00,29:44:00,13,0,0,
amtrak,amtrak:301438,301438,amtrak:NRO,NRO,30:13:00,30:13:00,14,0,0,
amtrak,amtrak:301438,301438,amtrak:STM,STM,30:33:00,30:34:00,15,0,0,
amtrak,amtrak:301438,301438,amtrak:BRP,BRP,31:04:00,31:05:00,16,0,0,
amtrak,amtrak:301438,301438,amtrak:NHV,NHV,31:24:00,31:26:00,17,0,0,
amtrak,amtrak:301438,301438,amtrak:OSB,OSB,31:54:00,31:54:00,18,0,0,
amtrak,amtrak:301438,301438,amtrak:NLC,NLC,32:14:00,32:15:00,19,0,0,
amtrak,amtrak:301438,301438,amtrak:MYS,MYS,32:27:00,32:28:00,20,0,0,
amtrak,amtrak:301438,301438,amtrak:WLY,WLY,32:37:00,32:39:00,21,0,0,
amtrak,amtrak:301438,301438,amtrak:KIN,KIN,32:53:00,32:55:00,22,0,0,
amtrak,amtrak:301438,301438,amtrak:PVD,PVD,33:15:00,33:17:00,23,0,0,
amtrak,amtrak:301438,301438,amtrak:RTE,RTE,33:42:00,33:42:00,24,1,0,
amtrak,amtrak:301438,301438,amtrak:BBY,BBY,33:58:00,33:58:00,25,1,0,
amtrak,amtrak:301438,301438,amtrak:BOS,BOS,34:05:00,34:05:00,26,0,0,
amtrak,amtrak:301439,301439,amtrak:RNK,RNK,16:23:00,16:23:00,1,0,0,
amtrak,amtrak:301439,301439,amtrak:LYH,LYH,17:37:00,17:40:00,2,0,0,
amtrak,amtrak:301439,301439,amtrak:CVS,CVS,18:51:00,19:01:00,3,0,0,
amtrak,amtrak:301439,301439,amtrak:CLP,CLP,19:52:00,19:53:00,4,0,0,
amtrak,amtrak:301439,301439,amtrak:MSS,MSS,20:28:00,20:30:00,5,0,0,
amtrak,amtrak:301439,301439,amtrak:ALX,ALX,21:10:00,21:12:00,6,0,0,
amtrak,amtrak:301439,301439,amtrak:WAS,WAS,21:28:00,22:00:00,7,0,0,
amtrak,amtrak:301439,301439,amtrak:BWI,BWI,22:33:00,22:35:00,8,0,0,
amtrak,amtrak:301439,301439,amtrak:BAL,BAL,22:49:00,22:51:00,9,0,0,
amtrak,amtrak:301439,301439,amtrak:WIL,WIL,23:38:00,23:40:00,10,0,0,
amtrak,amtrak:301439,301439,amtrak:PHL,PHL,24:06:00,27:25:00,11,0,0,
amtrak,amtrak:301439,301439,amtrak:NWK,NWK,28:45:00,28:48:00,12,0,0,
amtrak,amtrak:301439,301439,amtrak:NYP,NYP,29:11:00,29:44:00,13,0,0,
amtrak,amtrak:301439,301439,amtrak:NRO,NRO,30:13:00,30:13:00,14,0,0,
amtrak,amtrak:301439,301439,amtrak:STM,STM,30:33:00,30:34:00,15,0,0,
amtrak,amtrak:301439,301439,amtrak:BRP,BRP,31:04:00,31:05:00,16,0,0,
amtrak,amtrak:301439,301439,amtrak:NHV,NHV,31:24:00,31:26:00,17,0,0,
amtrak,amtrak:301439,301439,amtrak:OSB,OSB,31:54:00,31:54:00,18,0,0,
amtrak,amtrak:301439,301439,amtrak:NLC,NLC,32:14:00,32:15:00,19,0,0,
amtrak,amtrak:301439,301439,amtrak:MYS,MYS,32:27:00,32:28:00,20,0,0,
amtrak,amtrak:301439,301439,amtrak:WLY,WLY,32:37:00,32:39:00,21,0,0,
amtrak,amtrak:301439,301439,amtrak:KIN,KIN,32:53:00,32:55:00,22,0,0,
amtrak,amtrak:301439,301439,amtrak:PVD,PVD,33:15:00,33:17:00,23,0,0,
amtrak,amtrak:301439,301439,amtrak:RTE,RTE,33:42:00,33:42:00,24,1,0,
amtrak,amtrak:301439,301439,amtrak:BBY,BBY,33:58:00,33:58:00,25,1,0,
amtrak,amtrak:301439,301439,amtrak:BOS,BOS,34:05:00,34:05:00,26,0,0,
amtrak,amtrak:301440,301440,amtrak:RNK,RNK,16:23:00,16:23:00,1,0,0,
amtrak,amtrak:301440,301440,amtrak:LYH,LYH,17:37:00,17:40:00,2,0,0,
amtrak,amtrak:301440,301440,amtrak:CVS,CVS,18:51:00,19:01:00,3,0,0,
amtrak,amtrak:301440,301440,amtrak:CLP,CLP,19:52:00,19:53:00,4,0,0,
amtrak,amtrak:301440,301440,amtrak:MSS,MSS,20:28:00,20:30:00,5,0,0,
amtrak,amtrak:301440,301440,amtrak:ALX,ALX,21:10:00,21:12:00,6,0,0,
amtrak,amtrak:301440,301440,amtrak:WAS,WAS,21:28:00,22:00:00,7,0,0,
amtrak,amtrak:301440,301440,amtrak:BWI,BWI,22:33:00,22:35:00,8,0,0,
amtrak,amtrak:301440,301440,amtrak:BAL,BAL,22:49:00,23:01:00,9,0,0,
amtrak,amtrak:301440,301440,amtrak:WIL,WIL,23:57:00,23:59:00,10,0,0,
amtrak,amtrak:301440,301440,amtrak:PHL,PHL,24:22:00,27:25:00,11,0,0,
amtrak,amtrak:301440,301440,amtrak:NWK,NWK,28:45:00,28:48:00,12,0,0,
amtrak,amtrak:301440,301440,amtrak:NYP,NYP,29:11:00,29:44:00,13,0,0,
amtrak,amtrak:301440,301440,amtrak:NRO,NRO,30:13:00,30:13:00,14,0,0,
amtrak,amtrak:301440,301440,amtrak:STM,STM,30:33:00,30:34:00,15,0,0,
amtrak,amtrak:301440,301440,amtrak:BRP,BRP,31:04:00,31:05:00,16,0,0,
amtrak,amtrak:301440,301440,amtrak:NHV,NHV,31:24:00,31:26:00,17,0,0,
amtrak,amtrak:301440,301440,amtrak:OSB,OSB,31:54:00,31:54:00,18,0,0,
amtrak,amtrak:301440,301440,amtrak:NLC,NLC,32:14:00,32:15:00,19,0,0,
amtrak,amtrak:301440,301440,amtrak:MYS,MYS,32:27:00,32:28:00,20,0,0,
amtrak,amtrak:301440,301440,amtrak:WLY,WLY,32:37:00,32:39:00,21,0,0,
amtrak,amtrak:301440,301440,amtrak:KIN,KIN,32:53:00,32:55:00,22,0,0,
amtrak,amtrak:301440,301440,amtrak:PVD,PVD,33:15:00,33:17:00,23,0,0,
amtrak,amtrak:301440,301440,amtrak:RTE,RTE,33:42:00,33:42:00,24,1,0,
amtrak,amtrak:301440,301440,amtrak:BBY,BBY,33:58:00,33:58:00,25,1,0,
amtrak,amtrak:301440,301440,amtrak:BOS,BOS,34:05:00,34:05:00,26,0,0,
amtrak,amtrak:301441,301441,amtrak:RNK,RNK,16:23:00,16:23:00,1,0,0,
amtrak,amtrak:301441,301441,amtrak:LYH,LYH,17:37:00,17:40:00,2,0,0,
amtrak,amtrak:301441,301441,amtrak:CVS,CVS,18:51:00,19:01:00,3,0,0,
amtrak,amtrak:301441,301441,amtrak:CLP,CLP,19:52:00,19:53:00,4,0,0,
amtrak,amtrak:301441,301441,amtrak:MSS,MSS,20:28:00,20:30:00,5,0,0,
amtrak,amtrak:301441,301441,amtrak:ALX,ALX,21:10:00,21:12:00,6,0,0,
amtrak,amtrak:301441,301441,amtrak:WAS,WAS,21:28:00,22:00:00,7,0,0,
amtrak,amtrak:301441,301441,amtrak:BWI,BWI,22:33:00,22:35:00,8,0,0,
amtrak,amtrak:301441,301441,amtrak:BAL,BAL,22:49:00,22:51:00,9,0,0,
amtrak,amtrak:301441,301441,amtrak:WIL,WIL,23:38:00,23:40:00,10,0,0,
amtrak,amtrak:301441,301441,amtrak:PHL,PHL,24:06:00,27:25:00,11,0,0,
amtrak,amtrak:301441,301441,amtrak:NWK,NWK,28:45:00,28:48:00,12,0,0,
amtrak,amtrak:301441,301441,amtrak:NYP,NYP,29:11:00,29:44:00,13,0,0,
amtrak,amtrak:301441,301441,amtrak:NRO,NRO,30:13:00,30:13:00,14,0,0,
amtrak,amtrak:301441,301441,amtrak:STM,STM,30:33:00,30:34:00,15,0,0,
amtrak,amtrak:301441,301441,amtrak:BRP,BRP,31:04:00,31:05:00,16,0,0,
amtrak,amtrak:301441,301441,amtrak:NHV,NHV,31:24:00,31:26:00,17,0,0,
amtrak,amtrak:301441,301441,amtrak:OSB,OSB,31:54:00,31:54:00,18,0,0,
amtrak,amtrak:301441,301441,amtrak:NLC,NLC,32:14:00,32:15:00,19,0,0,
amtrak,amtrak:301441,301441,amtrak:MYS,MYS,32:27:00,32:28:00,20,0,0,
amtrak,amtrak:301441,301441,amtrak:WLY,WLY,32:37:00,32:39:00,21,0,0,
amtrak,amtrak:301441,301441,amtrak:KIN,KIN,32:53:00,32:55:00,22,0,0,
amtrak,amtrak:301441,301441,amtrak:PVD,PVD,33:15:00,33:17:00,23,0,0,
amtrak,amtrak:301441,301441,amtrak:RTE,RTE,33:42:00,33:42:00,24,1,0,
amtrak,amtrak:301441,301441,amtrak:BBY,BBY,33:58:00,33:58:00,25,1,0,
amtrak,amtrak:301441,301441,amtrak:BOS,BOS,34:05:00,34:05:00,26,0,0,
