route_id,service_id,trip_id,trip_short_name,direction_id,shape_id,trip_headsign
36921,112763067242,289170,283,0,279,Niagara Falls
36949,312762427242,289173,291,0,371,Burlington
64,312762427242,289263,43,0,105,Pittsburgh
81,112770737242,289635,49,0,128,Chicago
81,212762427071,289633,49,0,128,Chicago
81,100170727072,289634,49,0,128,Chicago
36921,112762577242,289694,239,0,248,Rensselaer
36921,106562486255,289063,233,0,248,Rensselaer
36921,102862516253,289065,233,0,248,Rensselaer
36921,206562426256,289085,240,1,245,New York
36921,206262426303,289086,240,1,245,New York
36921,106562626298,289087,240,1,245,New York
36921,212762426305,289092,280,1,280,New York
69,212762426287,289109,89,1,103,Savannah
69,112762996352,289111,89,1,103,Savannah
69,112763536365,289112,89,1,103,Savannah
36921,112762557242,289229,238,1,245,New York
36921,112763067242,289239,281,0,279,Niagara Falls
36921,112763067242,289249,284,1,280,New York
68,112763067242,289258,64,1,198,New York
54,312762427242,290050,341,0,19,Milwaukee
36921,206262426250,289165,283,0,279,Niagara Falls
36921,206562426249,289166,283,0,279,Niagara Falls
36921,106262516303,289167,283,0,279,Niagara Falls
36921,106562556256,289168,283,0,279,Niagara Falls
36921,106562626305,289169,283,0,279,Niagara Falls
64,312762427242,289587,42,1,106,New York
36921,112762577242,289066,233,0,248,Rensselaer
36921,312762427242,289069,234,1,245,New York
36921,206562426249,289226,238,1,245,New York
36921,206262426254,289228,238,1,245,New York
36921,206262426250,289235,281,0,279,Niagara Falls
36921,206562426249,289236,281,0,279,Niagara Falls
36921,106262516303,289237,281,0,279,Niagara Falls
36921,106562556305,289238,281,0,279,Niagara Falls
36921,206262426250,289245,284,1,280,New York
36921,206562426249,289246,284,1,280,New York
36921,103062516254,289247,284,1,280,New York
36921,112762556305,289248,284,1,280,New York
36923,112770737242,289381,19,1,242,New Orleans
36921,312762427242,289072,236,1,245,New York
36921,112763047242,289088,240,1,245,New York
36921,112763067242,289093,280,1,280,New York
69,112770017242,289113,89,1,103,Savannah
88,106563326333,289930,199,1,267,Washington
78,212762426254,289961,580,1,101,San Diego
78,212762426254,289966,591,0,102,Los Angeles
42954,312762427242,289903,6091,1,,Fort Myers
42954,312762427242,289909,6092,0,,Tampa
42954,312762427242,289912,6097,1,,Fort Myers
42947,112762906298,289861,1097,1,,Washington
78,112762577242,289963,580,1,101,San Diego
78,112762577242,289968,591,0,102,Los Angeles
69,112762906298,289937,1089,1,,Washington
84,106270047242,290274,524,1,64,Sacramento
84,106270047242,290284,537,0,61,Oakland
42951,312762427242,182346,307,1,256,St. Louis
54,312762427242,182362,342,1,20,Chicago
56,312762427242,182412,392,0,121,Chicago
56,312762427242,182413,393,1,122,Carbondale
42954,312762427242,184033,5885,0,,Fresno
54,312762427242,218881,339,0,19,Milwaukee
54,312762427242,218898,337,0,19,Milwaukee
42951,312762427242,218961,302,0,254,Chicago
36926,312762427242,218964,319,1,376,Kansas City
42951,312762427242,220046,306,0,254,Chicago
42954,312762427242,222141,5713,0,,Bakersfield
42954,312762427242,222143,5715,0,,Bakersfield
42954,312762427242,222145,5815,0,,Bakersfield
42954,312762427242,222147,5813,0,,Bakersfield
42954,312762427242,222163,5817,0,,Bakersfield
42954,312762427242,222172,5811,0,,Bakersfield
42954,312762427242,222248,3865,0,,Stockton
42985,300162427242,222461,9675,1,,Washington
42985,300162427242,222468,9685,1,,Washington
42985,300162427242,222474,9494,0,,Baltimore
42985,306562427242,222476,9491,1,,Washington
42985,306562427242,222490,9495,1,,Washington
42985,300162427242,222492,9497,1,,Washington
42985,300162427242,222514,9696,0,,Martin Airport
42985,300162427242,222516,9698,0,,Martin Airport
42985,300162427242,222534,9688,0,,Martin Airport
42985,306562427242,222568,9487,1,,Washington
42985,306562427242,222570,9490,0,,Baltimore
42985,300162427242,222572,9476,0,,Baltimore
42985,300162427242,222574,9480,0,,Baltimore
42985,306562427242,222576,9482,0,,Baltimore
42985,300162427242,222578,9492,0,,Baltimore
42985,300162427242,222580,9499,1,,Washington
42985,300162427242,222582,9689,1,,Washington
42985,300162427242,222590,9481,1,,Washington
42954,312762427242,222798,3801,0,,Stockton
42954,312762427242,223317,3716,1,,Stockton
42954,312762427242,223413,6014,0,,San Francisco
54,312762427242,224561,338,1,20,Chicago
63,312762427242,225626,391,1,110,Carbondale
42954,312762427242,228161,4101,0,,San Jose
42954,312762427242,228162,4102,1,,Merced
42954,312762427242,228270,5717,0,,Bakersfield
42985,306462427242,185787,9484,0,,Baltimore
42985,306462427242,185795,9488,0,,Baltimore
42985,306462427242,185804,9493,1,,Washington
42985,306262427242,185852,9534,0,,Perryville
42948,306262427242,185910,9633,0,,Stamford
42985,306262427242,185917,9638,1,,Old Saybrook
42985,306462427242,185933,9677,1,,Washington
42985,306462427242,185935,9681,1,,Washington
42985,306462427242,185936,9683,1,,Washington
42948,306262427242,185952,9700,1,,Old Saybrook
42948,306262427242,185953,9704,1,,Old Saybrook
42948,306262427242,185954,9706,1,,Old Saybrook
42948,306262427242,185955,9755,0,,New Haven
42948,306262427242,185956,9757,0,,New Haven
42948,306262427242,185957,9759,0,,New Haven
42948,306562427242,185958,9790,1,,Old Saybrook
23565,312762427242,189776,7104,1,,Lamy
23565,312762427242,189782,7204,0,,Los Alamos
42954,312762427242,194956,5014,1,,Emeryville
42951,312762427242,195509,301,1,256,St. Louis
42954,312762427242,207656,5874,1,,Los Angeles
42985,306462427242,211069,9478,0,,Baltimore
42985,306462427242,211073,9485,1,,Washington
42985,306462427242,211074,9486,0,,Baltimore
42985,306462427242,211078,9692,0,,Martin Airport
42985,306462427242,211081,9694,0,,Martin Airport
68,206262426250,289254,64,1,198,New York
68,206562426249,289255,64,1,198,New York
68,103062516254,289256,64,1,198,New York
68,112762556305,289257,64,1,198,New York
36923,212762426249,289371,19,1,242,New Orleans
36923,103262506250,289372,19,1,242,New Orleans
36923,112762516288,289373,19,1,242,New Orleans
36923,112762896298,289374,19,1,,New Orleans
36923,112762996329,289375,19,1,242,New Orleans
36923,100463306330,289376,19,1,242,New Orleans
36923,112763316352,289377,19,1,242,New Orleans
36923,112763536365,289378,19,1,242,New Orleans
36923,112770017071,289379,19,1,242,New Orleans
36923,100170727072,289380,19,1,242,New Orleans
36921,206562426256,289691,239,0,248,Rensselaer
36921,206262426254,289693,239,0,248,Rensselaer
36921,112762577242,289640,230,1,245,New York
36921,312762427242,289643,232,1,245,New York
36921,112762577242,289651,244,1,245,New York
36921,312762427242,289654,245,0,248,Rensselaer
36921,312762427242,289657,243,0,248,Rensselaer
36921,312762427242,289660,235,0,248,Rensselaer
36921,312762427242,289663,237,0,248,Rensselaer
36921,312762427242,289666,241,0,248,Rensselaer
42954,212762426282,242221,3910,1,,Stockton
42954,100162836283,242222,3910,1,,Stockton
42954,212762426282,242243,3710,1,,Stockton
42954,100162836283,242244,3710,1,,Stockton
42954,212762426282,242250,3810,1,,Stockton
42954,100162836283,242251,3810,1,,Stockton
42951,312762427242,242714,305,1,256,St. Louis
42954,312762427242,243164,5702,1,,Los Angeles
42954,312762427242,243170,5802,1,,Los Angeles
42954,112762847242,243182,5810,1,,Los Angeles
42954,112762847242,243197,5710,1,,Los Angeles
42954,312762427242,243203,5712,1,,Los Angeles
42954,312762427242,243218,5912,1,,Santa Monica
42954,112762847242,243227,5910,1,,Santa Monica
42954,312762427242,243238,5812,1,,Los Angeles
42954,212762426282,243180,5810,1,,Los Angeles
42954,100162836283,243181,5810,1,,Los Angeles
42954,212762426282,243195,5710,1,,Los Angeles
42954,100162836283,243196,5710,1,,Los Angeles
42954,212762426282,243225,5910,1,,Santa Monica
42954,100162836283,243226,5910,1,,Santa Monica
42985,300262427242,243505,9453,1,,Washington
42985,300262427242,243599,9452,0,,Baltimore
42954,306562427242,243928,6065,1,,Virginia Beach
42954,306562427242,243986,6128,0,,Norfolk
42954,312762427242,244256,6121,1,,Shreveport
42954,312762427242,244265,6122,0,,Longview
42954,312762427242,244296,6421,0,,Longview
42954,312762427242,244305,6422,1,,Shreveport
42954,312762427242,245361,3524,1,,Reno
63,312762427242,245627,390,0,109,Chicago
42954,306262427242,245824,6067,1,,Virginia Beach
42954,306262427242,233011,6627,0,,San Francisco
42954,312762427242,237851,6048,1,,Toledo
42954,312762427242,237861,6049,0,,East Lansing
36948,312762427242,238271,316,1,257,St. Louis
43,312762427242,238576,8821,1,,Temple
43,312762427242,238581,8822,1,,Temple
43,312762427242,238587,8722,0,,Fort Cavazos
86,312762427242,239376,821,1,17,Fort Worth
42954,312762427242,241106,4104,1,,Merced
42954,312762427242,241110,4119,0,,San Jose
42954,112762847242,242223,3910,1,,Stockton
42954,112762847242,242245,3710,1,,Stockton
42954,112762847242,242252,3810,1,,Stockton
43,312762427242,247911,8721,0,,Fort Cavazos
42954,312762427242,249420,5917,0,,Bakersfield
42954,312762427242,250081,6021,1,,Houston
42954,312762427242,250090,6022,0,,Longview
42954,106262517242,255293,3642,1,,Auburn
42954,106262517242,255301,3536,1,,Auburn
42954,106262517242,255306,3646,1,,Auburn
42954,106262517242,255324,3623,0,,Sacramento
42954,306562427242,255457,6691,0,,San Francisco
42954,306562427242,255460,6653,0,,San Francisco
42954,306562427242,255463,6695,0,,San Francisco
42954,306562427242,255466,6687,0,,San Francisco
42954,306562427242,255469,6697,0,,San Francisco
42954,306562427242,255472,6699,0,,San Francisco
42954,306562427242,255475,6693,0,,San Francisco
42954,103262506250,255459,6691,0,,San Francisco
42954,103262506250,255462,6653,0,,San Francisco
42954,103262506250,255465,6695,0,,San Francisco
42954,103262506250,255468,6687,0,,San Francisco
42954,103262506250,255471,6697,0,,San Francisco
42954,103262506250,255474,6699,0,,San Francisco
42954,103262506250,255477,6693,0,,San Francisco
42954,106262517242,255482,6631,0,,San Francisco
42954,106262517242,255487,6625,0,,San Francisco
42954,106262517242,255492,6651,0,,San Francisco
42954,106262517242,255497,6639,0,,San Francisco
42954,106262517242,255502,6623,0,,San Francisco
42954,106262517242,255512,6649,0,,San Francisco
42954,106262517242,255517,6647,0,,San Francisco
42954,106262517242,255522,6641,0,,San Francisco
42954,106262517242,255527,6645,0,,San Francisco
42954,106262517242,255532,6621,0,,San Francisco
42954,106262517242,255537,6629,0,,San Francisco
42954,106262517242,255542,6643,0,,San Francisco
42954,106262517242,255547,6637,0,,San Francisco
42954,306562427242,255551,6668,1,,Emeryville
42954,103262506250,255553,6668,1,,Emeryville
42954,306562427242,255557,6692,1,,Emeryville
42954,306562427242,255566,6686,1,,Emeryville
42954,306562427242,255572,6688,1,,Emeryville
42954,306562427242,255575,6684,1,,Emeryville
42954,103262506250,255559,6692,1,,Emeryville
42954,103262506250,255568,6686,1,,Emeryville
42954,103262506250,255574,6688,1,,Emeryville
42954,103262506250,255577,6684,1,,Emeryville
42954,106262517242,255582,6628,1,,Emeryville
42954,106262517242,255587,6624,1,,Emeryville
42954,306562427242,255588,6696,1,,Emeryville
42954,106262517242,255595,6636,1,,Emeryville
42954,106262517242,255600,6640,1,,Emeryville
42954,106262517242,255605,6634,1,,Emeryville
42954,306562427242,255606,6698,1,,Emeryville
42954,106262517242,255613,6630,1,,Emeryville
42954,106262517242,255618,6642,1,,Emeryville
42954,106262517242,255623,6626,1,,Emeryville
42954,106262517242,255628,6638,1,,Emeryville
42954,106262517242,255633,6632,1,,Emeryville
42954,103262506250,255590,6696,1,,Emeryville
42954,103262506250,255608,6698,1,,Emeryville
42954,106262517242,255643,6644,1,,Emeryville
42954,106262517242,255648,6650,1,,Emeryville
18650,312762427242,257368,5521,1,,Springfield
18650,312762427242,257377,5522,0,,Galesburg
61,106562907242,257664,697,0,152,Brunswick
61,206562426284,257663,697,0,152,Brunswick
42954,306562427242,259390,3584,1,,Sparks
42954,312762427242,259395,3549,0,,Sacramento
42954,103262506250,259392,3584,1,,Sparks
42954,106262517242,260162,6635,0,,San Francisco
42954,312762427242,260353,3816,1,,Stockton
42954,306562427242,260538,6673,0,,San Francisco
42954,312762427242,260543,5011,0,,San Francisco
42954,306562427242,260546,6677,0,,San Francisco
42954,103262506250,260540,6673,0,,San Francisco
42954,103262506250,260548,6677,0,,San Francisco
42954,112762847242,260555,6610,1,,Emeryville
42954,306562427242,260563,6678,1,,Emeryville
42954,306562427242,260568,6682,1,,Emeryville
42954,306562427242,260573,6679,0,,San Francisco
42954,306562427242,260578,6683,0,,San Francisco
42954,306562427242,260583,6674,1,,Emeryville
42954,306562427242,260594,6670,1,,Emeryville
42954,212762426282,260553,6610,1,,Emeryville
42954,100162836283,260554,6610,1,,Emeryville
42954,103262506250,260565,6678,1,,Emeryville
42954,103262506250,260570,6682,1,,Emeryville
42954,103262506250,260575,6679,0,,San Francisco
42954,103262506250,260580,6683,0,,San Francisco
42954,103262506250,260585,6674,1,,Emeryville
42954,103262506250,260596,6670,1,,Emeryville
23565,312762427242,263481,7103,0,,Los Alamos
23565,312762427242,263484,7203,1,,Lamy
54,300262427242,263534,343,0,19,Milwaukee
42920,312762427242,263556,8903,1,,Oklahoma City
42920,312762427242,263559,8904,0,,Newton
41080,306262427242,263630,4085,1,,Richmond
42954,312762427242,263753,3768,1,,Stockton
41080,306262427242,263770,4141,1,,Richmond
41080,306562427242,263773,4195,1,,Richmond
41080,312762427242,263774,4174,0,,Washington
41080,306562427242,263775,4143,1,,Richmond
41080,312762427242,263776,4274,0,,Washington
54,206562426305,264199,331,0,19,Milwaukee
54,206262426303,264200,331,0,19,Milwaukee
54,206562426305,264211,335,0,19,Milwaukee
54,206262426303,264212,335,0,19,Milwaukee
54,206562426305,264215,336,1,20,Chicago
54,206262426303,264216,336,1,20,Chicago
54,112763067242,264201,331,0,19,Milwaukee
54,112763067242,264213,335,0,19,Milwaukee
54,112763067242,264217,336,1,20,Chicago
42954,106262517242,281525,6093,0,,Newport News
42954,106262517242,281529,6094,0,,Norfolk
42954,106262517242,281533,6095,1,,Virginia Beach
42954,106262517242,281537,6125,1,,Virginia Beach
42954,106262517242,281541,6186,0,,Newport News
42954,106262517242,281545,6193,1,,Virginia Beach
41044,106270047242,282201,478,0,,Springfield
41042,106262516303,282060,475,1,318,New Haven
41042,106263066329,282061,475,1,318,New Haven
41042,106263316358,282063,475,1,318,New Haven
41042,106063626365,282065,475,1,318,New Haven
69,112770017242,283282,90,0,104,New York
41042,106263066329,277200,490,0,319,Springfield
41042,106263316358,277202,490,0,319,Springfield
41042,106063626365,277204,490,0,319,Springfield
41042,106262516303,277118,470,0,,Hartford
41042,106263066329,277119,470,0,319,Springfield
41042,106263316358,277121,470,0,319,Springfield
41042,106063626365,277123,470,0,319,Springfield
41042,106262516303,277140,473,1,,New Haven
41042,106263066329,277141,473,1,318,New Haven
41042,106263316358,277143,473,1,318,New Haven
41042,106063626365,277145,473,1,318,New Haven
41042,106262516329,277153,474,0,319,Springfield
41042,106263316358,277155,474,0,319,Springfield
41042,106063626365,277157,474,0,319,Springfield
41042,106270047242,277205,490,0,319,Springfield
55,312762427242,272686,371,0,28,Chicago
41042,106270047242,277124,470,0,319,Springfield
41042,106270047242,277146,473,1,318,New Haven
41042,106270047242,277158,474,0,319,Springfield
42985,300262427242,272824,9589,1,,Washington
84,306562427242,273243,728,1,64,Sacramento
84,306562427242,273247,729,0,357,San Jose
84,103262506250,273259,733,0,230,San Jose
84,100663306331,273260,733,0,230,San Jose
84,100263597001,273261,733,0,230,San Jose
84,103262506250,273263,734,1,64,Sacramento
84,100663306331,273264,734,1,64,Sacramento
84,100263597001,273265,734,1,64,Sacramento
84,103262506250,273267,736,1,59,Sacramento
84,100663306331,273268,736,1,59,Sacramento
84,100263597001,273269,736,1,59,Sacramento
84,106270047242,273477,538,1,63,Auburn
84,106270047242,273495,539,0,230,San Jose
84,306562427242,273239,727,0,230,San Jose
84,103262506250,273274,737,0,61,Oakland
84,100663306331,273275,737,0,61,Oakland
84,100263597001,273276,737,0,61,Oakland
84,103262506250,273282,741,0,230,San Jose
84,100663306331,273283,741,0,230,San Jose
84,100263597001,273284,741,0,230,San Jose
84,103262506250,273309,747,0,230,San Jose
84,100663306331,273310,747,0,230,San Jose
84,100263597001,273311,747,0,230,San Jose
84,106270047242,273355,522,1,59,Sacramento
84,106270047242,273363,523,0,230,San Jose
84,106270047242,273445,534,1,59,Sacramento
84,106270047242,273552,547,0,230,San Jose
84,103262506250,273228,720,1,59,Sacramento
84,100663306331,273229,720,1,59,Sacramento
84,100263597001,273230,720,1,59,Sacramento
84,103262506250,273232,723,0,230,San Jose
84,100663306331,273233,723,0,230,San Jose
84,100263597001,273234,723,0,230,San Jose
84,306562427242,273304,746,1,64,Sacramento
84,106262516329,273580,550,1,64,Sacramento
84,106263346358,273582,550,1,64,Sacramento
84,106063626365,273584,550,1,64,Sacramento
84,106262516329,273588,551,0,61,Oakland
84,106263346358,273590,551,0,61,Oakland
84,106063626365,273592,551,0,61,Oakland
84,103262506250,273297,744,1,63,Auburn
84,100663306331,273298,744,1,63,Auburn
84,100263597001,273299,744,1,63,Auburn
84,103262506250,273305,746,1,64,Sacramento
84,100663306331,273306,746,1,64,Sacramento
84,100263597001,273307,746,1,64,Sacramento
84,106262516329,273350,522,1,59,Sacramento
84,106263346358,273352,522,1,59,Sacramento
84,106063626365,273354,522,1,59,Sacramento
84,106262516329,273358,523,0,230,San Jose
84,106263346358,273360,523,0,230,San Jose
84,106063626365,273362,523,0,230,San Jose
84,106262516329,273424,531,0,61,Oakland
84,106263346358,273426,531,0,61,Oakland
84,106063626365,273428,531,0,61,Oakland
84,106262516329,273400,528,1,64,Sacramento
84,106263346358,273402,528,1,64,Sacramento
84,106063626365,273404,528,1,64,Sacramento
84,106262516329,273408,529,0,357,San Jose
84,106263346358,273410,529,0,357,San Jose
84,106063626365,273412,529,0,357,San Jose
84,106270047242,273507,541,0,61,Oakland
84,106270047242,273523,543,0,230,San Jose
84,103262506250,273240,727,0,230,San Jose
84,100663306331,273241,727,0,230,San Jose
84,100263597001,273242,727,0,230,San Jose
84,306562427242,273273,737,0,61,Oakland
84,306562427242,273281,741,0,230,San Jose
84,306562427242,273308,747,0,230,San Jose
84,106270047242,273405,528,1,64,Sacramento
84,106270047242,273413,529,0,357,San Jose
84,106270047242,273429,531,0,61,Oakland
84,106262516329,273472,538,1,63,Auburn
84,106263346358,273474,538,1,63,Auburn
84,106063626365,273476,538,1,63,Auburn
84,106262516329,273490,539,0,230,San Jose
84,106263346358,273492,539,0,230,San Jose
84,106063626365,273494,539,0,230,San Jose
84,106262516329,273502,541,0,61,Oakland
84,106263346358,273504,541,0,61,Oakland
84,106063626365,273506,541,0,61,Oakland
84,106262516329,273518,543,0,230,San Jose
84,106263346358,273520,543,0,230,San Jose
84,106063626365,273522,543,0,230,San Jose
84,106270047242,273585,550,1,64,Sacramento
84,106270047242,273593,551,0,61,Oakland
84,306562427242,273227,720,1,59,Sacramento
84,306562427242,273231,723,0,230,San Jose
84,103262506250,273244,728,1,64,Sacramento
84,100663306331,273245,728,1,64,Sacramento
84,100263597001,273246,728,1,64,Sacramento
84,103262506250,273248,729,0,357,San Jose
84,100663306331,273249,729,0,357,San Jose
84,100263597001,273250,729,0,357,San Jose
84,306562427242,273258,733,0,230,San Jose
84,306562427242,273262,734,1,64,Sacramento
84,306562427242,273266,736,1,59,Sacramento
84,306562427242,273296,744,1,63,Auburn
84,106262516329,273440,534,1,59,Sacramento
84,106263346358,273442,534,1,59,Sacramento
84,106063626365,273444,534,1,59,Sacramento
84,106262516329,273547,547,0,230,San Jose
84,106263346358,273549,547,0,230,San Jose
84,106063626365,273551,547,0,230,San Jose
81,112770737242,286833,48,1,127,New York
84,306562427242,287168,732,1,59,Sacramento
84,103262506250,287169,732,1,59,Sacramento
84,100663306331,287170,732,1,59,Sacramento
84,100263597001,287171,732,1,59,Sacramento
42996,112762577242,287515,23,0,387,New Orleans
42996,212762426256,287580,24,1,386,Mobile Amtrak Sta
18650,112762757242,287789,8358,0,,St. Louis
42996,112762577242,287819,26,1,386,Mobile Amtrak Sta
42996,112762577242,287823,25,0,387,New Orleans
84,106270047242,288005,542,1,64,Sacramento
42996,212762426256,287514,23,0,387,New Orleans
42996,112762577242,287581,24,1,386,Mobile Amtrak Sta
84,106262516329,288000,542,1,64,Sacramento
84,106263346358,288002,542,1,64,Sacramento
84,106063626365,288004,542,1,64,Sacramento
41042,103262506250,277699,405,1,318,New Haven
41042,100463306330,277700,405,1,318,New Haven
41042,100263597001,277701,405,1,318,New Haven
41042,103262506250,277735,460,0,319,Springfield
41042,100463306330,277736,460,0,319,Springfield
41042,100263597001,277737,460,0,319,Springfield
41042,200162426325,277743,463,1,318,New Haven
41042,106462496249,277744,463,1,318,New Haven
41042,100463306330,277745,463,1,318,New Haven
41042,100263597001,277748,463,1,318,New Haven
41042,200162426325,277772,467,1,318,New Haven
41042,106462496249,277773,467,1,318,New Haven
41042,100463306330,277774,467,1,318,New Haven
41042,100263597001,277777,467,1,318,New Haven
41044,106262516329,277840,425,1,320,Springfield
41044,106263316358,277842,425,1,320,Springfield
41044,106063626365,277844,425,1,320,Springfield
41044,103262506250,277850,499,1,320,Springfield
41044,100463306330,277851,499,1,320,Springfield
41044,100263597001,277852,499,1,320,Springfield
41044,103262506250,277945,400,0,317,Greenfield
41044,100463306330,277946,400,0,317,Greenfield
41044,100263597001,277947,400,0,317,Greenfield
41044,306562427242,277944,400,0,317,Greenfield
69,112762906297,278125,1090,0,,New York
41042,306562427242,277698,405,1,318,New Haven
41042,306562427242,277734,460,0,319,Springfield
41042,100163397242,277747,463,1,318,New Haven
41042,100163397242,277776,467,1,318,New Haven
41044,306562427242,277849,499,1,320,Springfield
41044,106270047242,277845,425,1,320,Springfield
41044,103262506250,277908,488,0,316,Greenfield
41044,100463306330,277909,488,0,316,Greenfield
41044,100263597001,277910,488,0,316,Greenfield
36923,112762906298,278261,1019,1,,Washington
36923,112762906298,278266,1020,0,,New York
42947,112762906298,278276,1098,0,,New York
94,106270047242,280359,601,0,25,Harrisburg
94,106262516329,280354,601,0,25,Harrisburg
94,106263316358,280356,601,0,25,Harrisburg
94,106063626365,280358,601,0,25,Harrisburg
78,212762426254,299258,579,0,102,Los Angeles
41042,106462567242,299276,416,0,319,Springfield
41044,106262516329,299282,495,1,,New Haven
41044,106263316358,299284,495,1,,New Haven
41044,106063626365,299286,495,1,,New Haven
78,112762577242,299260,579,0,102,Los Angeles
41042,103262506250,299275,416,0,319,Springfield
41042,100163326332,299277,416,0,319,Springfield
41044,106270047242,299287,495,1,,New Haven
42994,112770737242,299295,40,0,385,Chicago
42994,112770737242,299303,41,1,384,Miami
58,101663006300,299308,1051,0,,Washington
75,112770977242,299492,28,1,243,Chicago
75,112770977242,299504,8,1,186,Chicago
88,106563257242,299559,155,1,158,Norfolk
88,100163537242,299662,147,1,391,Roanoke
88,106563257242,299673,164,0,90,Boston
42896,112762517242,298642,5612,1,,Santa Barbara
42896,112762517242,298646,5619,0,,Las Vegas
42954,112762987242,298652,5419,0,,Bakersfield
61,106562907242,298698,690,1,153,Boston
61,106562907242,298701,692,1,153,Boston
61,106562907242,298704,693,0,152,Brunswick
61,106562907242,298707,694,1,153,Boston
61,106562907242,298710,695,0,152,Brunswick
61,106562907242,298713,696,1,153,Boston
61,106562907242,298716,698,1,153,Boston
42954,203462426250,298738,5703,0,,Bakersfield
42954,106562486249,298739,5703,0,,Bakersfield
42954,312762427242,299017,5716,1,,Los Angeles
90,106563537242,299788,57,1,190,Washington
90,106563257242,299800,54,0,191,St Albans
40751,103262506250,299868,2228,0,328,New York
40751,106462566277,299869,2228,0,328,New York
40751,100163326332,299872,2228,0,328,New York
75,212762426279,299487,28,1,243,Chicago
75,112762807070,299488,28,1,243,Chicago
75,100270717071,299489,28,1,243,Chicago
75,112770737096,299491,28,1,243,Chicago
75,212762426279,299499,8,1,186,Chicago
75,112762807070,299500,8,1,186,Chicago
75,100270717071,299501,8,1,186,Chicago
75,112770737096,299503,8,1,186,Chicago
75,112770977242,299510,27,0,241,Portland
75,112770977242,299516,7,0,184,Seattle
42948,106262516275,299532,1602,1,,New London
42948,106262516275,299536,1632,1,,New London
42948,106262516275,299542,1681,0,,New Haven
42948,106262516275,299546,1691,0,,New Haven
42948,106262516275,299550,1640,1,,New London
88,106563537242,299577,87,1,342,Norfolk
88,100163257242,299599,99,1,84,Newport News
88,106463267242,299600,99,1,84,Newport News
88,109762486250,299704,124,0,393,Philadelphia
88,106562556277,299705,124,0,393,Philadelphia
88,106562836284,299707,124,0,393,Philadelphia
88,106562906298,299708,124,0,,Philadelphia
88,106563046319,299709,124,0,393,Philadelphia
88,100463306330,299711,124,0,393,Philadelphia
88,100263597001,299712,124,0,393,Philadelphia
88,106562486277,299714,156,0,339,New York
88,103262506250,299715,156,0,339,New York
88,106562836284,299717,156,0,339,New York
88,106562906298,299718,156,0,237,New York
88,106563046319,299719,156,0,339,New York
88,100463306330,299721,156,0,339,New York
88,100263597001,299722,156,0,339,New York
88,109762486250,299724,158,0,349,New York
88,106562556277,299725,158,0,349,New York
88,106562836284,299727,158,0,349,New York
88,106562906298,299728,158,0,237,New York
88,106563046319,299729,158,0,349,New York
88,100463306330,299731,158,0,349,New York
88,100263597001,299732,158,0,349,New York
90,102862516253,299735,56,0,191,St Albans
90,100262546254,299736,56,0,379,New Haven
90,106262576282,299737,56,0,191,St Albans
90,106262856317,299738,56,0,191,St Albans
90,106263206329,299739,56,0,191,St Albans
90,106263316352,299741,56,0,191,St Albans
90,106063556365,299742,56,0,191,St Albans
88,105662856287,299755,1124,0,393,Philadelphia
88,100462886288,299756,1124,0,,Washington
88,106262926300,299758,1124,0,,Philadelphia
88,106263016317,299759,1124,0,393,Philadelphia
88,106262856289,299760,1156,0,339,New York
88,106262926300,299761,1156,0,237,New York
88,106263016317,299762,1156,0,339,New York
40751,106562486269,299812,2203,1,326,Washington
40751,103262506250,299813,2203,1,326,Washington
40751,106562706277,299814,2203,1,326,Washington
40751,106562836319,299816,2203,1,326,Washington
40751,100463306330,299818,2203,1,326,Washington
40751,100263597001,299819,2203,1,326,Washington
40751,206462426249,299856,2226,0,328,New York
40751,100162486325,299857,2226,0,328,New York
40751,103262506250,299858,2226,0,328,New York
40751,106462776277,299860,2226,0,328,New York
40751,100563306332,299864,2226,0,328,New York
40751,100263597001,299866,2226,0,328,New York
84,106262516329,299885,540,1,59,Sacramento
84,106263346358,299887,540,1,59,Sacramento
84,106063626365,299889,540,1,59,Sacramento
85,112762906298,299364,1080,0,,New York
88,112762906298,299365,1071,1,,Roanoke
85,112762906298,299366,1180,0,,Alexandria
88,112762906298,299367,1095,1,,Norfolk
42994,212762426288,299290,40,0,385,Chicago
42994,112762896297,299291,40,0,,Chicago
42994,112762987070,299292,40,0,385,Chicago
42994,100270717071,299293,40,0,385,Chicago
42994,212762426288,299298,41,1,384,Miami
42994,112762896297,299299,41,1,,Pittsburgh
42994,112762987070,299300,41,1,384,Miami
42994,100270717071,299301,41,1,384,Miami
88,112762906298,299368,1078,0,,Alexandria
88,112762906298,299369,1094,0,,Alexandria
85,112762906298,299316,1079,1,,Washington
85,112762906298,299320,1179,1,,Raleigh
75,212762426279,299505,27,0,241,Portland
75,112762807070,299506,27,0,241,Portland
75,100270717071,299507,27,0,241,Portland
75,112770737096,299509,27,0,241,Portland
75,212762426279,299511,7,0,184,Seattle
75,112762807070,299512,7,0,184,Seattle
75,100270717071,299513,7,0,184,Seattle
75,112770737096,299515,7,0,184,Seattle
88,206562426249,299567,87,1,342,Norfolk
88,103262506250,299568,87,1,342,Norfolk
88,106562556270,299569,87,1,158,Norfolk
88,106562766277,299571,87,1,342,Norfolk
88,106562836284,299572,87,1,342,Norfolk
88,106562906298,299573,87,1,260,Washington
88,106563046319,299574,87,1,342,Norfolk
88,106563256347,299575,87,1,342,Norfolk
88,100463306330,299576,87,1,342,Norfolk
88,100263597001,299578,87,1,342,Norfolk
88,206562426249,299591,99,1,84,Newport News
88,103262506250,299592,99,1,84,Newport News
88,106562556270,299593,99,1,380,Newport News
88,106562766277,299595,99,1,84,Newport News
88,106562836284,299596,99,1,84,Newport News
88,106562906298,299597,99,1,260,Washington
88,106563046319,299598,99,1,84,Newport News
88,100463306330,299601,99,1,84,Newport News
88,100263597001,299602,99,1,84,Newport News
88,106062856288,299603,1099,1,84,Newport News
88,106262896296,299604,1099,1,260,Washington
88,106262996317,299605,1099,1,84,Newport News
88,106062856288,299606,1087,1,342,Norfolk
88,100262896289,299607,1087,1,282,New York
88,106262926299,299608,1087,1,260,Washington
88,106263006317,299609,1087,1,342,Norfolk
88,112763537242,299616,151,1,392,Roanoke
88,100363527242,299627,65,1,84,Newport News
88,112470037242,299641,67,1,84,Newport News
40751,106563257242,299841,2256,0,327,Boston
40751,106563257242,299853,2263,1,324,Washington
88,109762486250,299553,155,1,158,Norfolk
88,106562556277,299554,155,1,158,Norfolk
88,106562836284,299556,155,1,158,Norfolk
88,106562906298,299557,155,1,267,Washington
88,106563046319,299558,155,1,158,Norfolk
88,100463306330,299560,155,1,158,Norfolk
88,100263597001,299561,155,1,158,Norfolk
88,106062856288,299562,1155,1,158,Norfolk
88,106563257242,299720,156,0,339,New York
88,106563257242,299730,158,0,349,New York
90,106270047242,299744,56,0,191,St Albans
88,212762426282,299610,151,1,392,Roanoke
88,106562836284,299611,151,1,392,Roanoke
88,106562906298,299613,151,1,390,Washington
88,106563046319,299614,151,1,392,Roanoke
88,112763206352,299615,151,1,392,Roanoke
88,200362426282,299619,65,1,84,Newport News
88,106462496249,299620,65,1,84,Newport News
88,100162836283,299621,65,1,84,Newport News
88,100262896289,299622,65,1,355,Philadelphia
88,100362906297,299623,65,1,260,Washington
88,100363036318,299624,65,1,84,Newport News
88,100363246346,299625,65,1,84,Newport News
88,100863296329,299626,65,1,84,Newport News
88,100463586365,299628,65,1,84,Newport News
88,112462506281,299631,67,1,84,Newport News
88,112062846287,299632,67,1,84,Newport News
88,100462886288,299633,67,1,86,Richmond
88,112462916299,299634,67,1,260,Washington
88,112463006319,299635,67,1,84,Newport News
88,112463206328,299636,67,1,84,Newport News
88,112463306357,299638,67,1,84,Newport News
88,112063616364,299640,67,1,84,Newport News
88,106262856289,299642,1151,1,392,Roanoke
88,106262926299,299643,1151,1,390,Washington
88,106263006317,299644,1151,1,392,Roanoke
88,105662856287,299645,1165,1,260,Washington
88,100462886288,299646,1165,1,355,Philadelphia
88,106262896317,299647,1165,1,260,Washington
90,109762486250,299780,57,1,190,Washington
90,106562626270,299782,57,1,,Springfield
90,106562766277,299784,57,1,190,Washington
90,106562836319,299785,57,1,190,Washington
90,106563256347,299786,57,1,190,Washington
90,100463306330,299787,57,1,190,Washington
90,100263597001,299789,57,1,190,Washington
90,206562426249,299790,54,0,191,St Albans
90,103262506250,299791,54,0,191,St Albans
90,106462566256,299793,54,0,,St Albans
90,100162626269,299794,54,0,,St Albans
90,106462636263,299795,54,0,,St Albans
90,106462706270,299796,54,0,,St Albans
90,106562766277,299798,54,0,191,St Albans
90,106562836319,299799,54,0,191,St Albans
90,100463306330,299801,54,0,191,St Albans
90,100263597001,299802,54,0,191,St Albans
40751,106463267242,299863,2226,0,328,New York
40751,100163397242,299865,2226,0,328,New York
40751,106463267242,299871,2228,0,328,New York
84,106270047242,299890,540,1,59,Sacramento
42948,106262787242,299533,1602,1,,New London
42948,106262787242,299543,1681,0,,New Haven
42948,106262787242,299547,1691,0,,New Haven
42948,106262787242,299551,1640,1,,New London
40751,106563257242,299817,2203,1,326,Washington
40751,109762486250,299837,2256,0,327,Boston
40751,106562556270,299838,2256,0,328,New York
40751,106562766277,299839,2256,0,327,Boston
40751,100463306330,299842,2256,0,327,Boston
40751,100263597001,299843,2256,0,327,Boston
88,106063626365,299997,86,0,90,Boston
42958,112763007242,300109,6090,0,,Wilson
42958,112763007242,300112,6190,0,,Wilson
88,106270047242,300125,94,0,341,Boston
88,106262516282,300115,94,0,341,Boston
88,106562836284,300116,94,0,,Washington
88,106262856289,300117,94,0,,Washington
88,112763016319,300119,94,0,,Washington
88,106263206329,300120,94,0,341,Boston
88,106263316358,300122,94,0,341,Boston
88,106063626365,300124,94,0,341,Boston
42946,112770737242,300138,59,1,73,New Orleans
78,212762426254,300184,572,1,101,San Diego
78,212762426254,300189,587,0,102,Los Angeles
78,112762577242,300229,581,0,102,Los Angeles
79,112762827242,300134,73,0,108,Charlotte
78,112762577242,300186,572,1,101,San Diego
78,112762577242,300191,587,0,102,Los Angeles
79,209962426256,300130,73,0,108,Charlotte
79,106762616277,300133,73,0,108,Charlotte
42946,212762426272,300135,59,1,73,New Orleans
42946,112762737071,300136,59,1,73,New Orleans
42946,100170727072,300137,59,1,73,New Orleans
41042,106562627242,300142,450,0,319,Springfield
41044,106562627242,300148,461,1,315,New Haven
41042,106562627242,300154,464,0,319,Springfield
41042,106462637242,300161,465,1,318,New Haven
41042,106462637242,300167,497,1,318,New Haven
78,212762426254,300227,581,0,102,Los Angeles
88,106262926299,299564,1155,1,267,Washington
88,106263006317,299565,1155,1,158,Norfolk
88,106562486249,299649,147,1,391,Roanoke
88,100162556269,299650,147,1,392,Roanoke
88,100162766276,299653,147,1,391,Roanoke
88,100162836283,299654,147,1,391,Roanoke
88,106462846284,299655,147,1,391,Roanoke
88,106562906298,299656,147,1,259,Washington
88,100163046318,299657,147,1,391,Roanoke
88,106463056319,299658,147,1,391,Roanoke
88,100563256330,299659,147,1,391,Roanoke
88,100163396346,299661,147,1,391,Roanoke
88,100263597001,299663,147,1,391,Roanoke
88,109762486250,299666,164,0,90,Boston
88,106562556270,299667,164,0,381,New York
88,106562766277,299669,164,0,90,Boston
88,106562836284,299670,164,0,90,Boston
88,106562906298,299671,164,0,264,Boston
88,106563046319,299672,164,0,90,Boston
88,100463306330,299674,164,0,90,Boston
88,100263597001,299675,164,0,90,Boston
88,106062856288,299692,1147,1,391,Roanoke
88,100262896289,299693,1147,1,,New York
88,106262926299,299694,1147,1,259,Washington
88,106263006317,299695,1147,1,391,Roanoke
88,106262856289,299696,1164,0,90,Boston
88,106262926299,299697,1164,0,264,Boston
88,106263006317,299698,1164,0,90,Boston
88,106262856289,299699,1138,0,349,New York
88,106262926299,299700,1138,0,237,New York
88,106263016317,299702,1138,0,349,New York
88,106563257242,299710,124,0,393,Philadelphia
61,100462746274,299907,1689,0,152,Brunswick
61,102662756282,299908,1689,0,152,Brunswick
61,108062866291,299912,1689,0,152,Brunswick
61,100562886290,299914,1689,0,152,Brunswick
61,106462986298,299917,1689,0,152,Brunswick
61,102863016307,299919,1689,0,152,Brunswick
61,101763116314,299922,1689,0,152,Brunswick
61,104463226327,299927,1689,0,152,Brunswick
61,100463446344,299930,1689,0,152,Brunswick
61,206462426249,299933,699,0,152,Brunswick
61,106462566263,299937,699,0,152,Brunswick
61,106562776284,299942,699,0,152,Brunswick
61,100162976297,299945,699,0,152,Brunswick
61,106563046305,299947,699,0,152,Brunswick
61,106563126318,299949,699,0,152,Brunswick
61,106463196319,299950,699,0,152,Brunswick
88,106270047242,299998,86,0,90,Boston
79,209962426256,300059,76,1,107,Raleigh
79,102862516253,300060,76,1,107,Raleigh
79,106062576281,300061,76,1,107,Raleigh
79,106762616277,300062,76,1,107,Raleigh
79,209962426256,300068,77,0,108,Charlotte
79,102862516253,300069,77,0,108,Charlotte
79,106062576281,300070,77,0,108,Charlotte
79,106762616277,300071,77,0,108,Charlotte
85,209962426256,300086,79,1,178,Charlotte
85,102862516253,300087,79,1,178,Charlotte
85,106062576281,300088,79,1,178,Charlotte
85,106762616277,300089,79,1,178,Charlotte
85,112762826289,300090,79,1,178,Charlotte
85,112762906298,300091,79,1,,Charlotte
85,112762996352,300092,79,1,178,Charlotte
85,112763536365,300093,79,1,178,Charlotte
42948,106262787242,299952,1646,1,,New London
42948,106262787242,299953,1693,0,,New Haven
42948,106262787242,299954,1683,0,,New Haven
42948,106262787242,299955,1624,1,,New London
42948,106262787242,299956,1628,1,,New London
40751,106262516282,299970,2120,0,328,New York
40751,106262856317,299971,2120,0,328,New York
40751,106263206329,299972,2120,0,328,New York
40751,106263316358,299974,2120,0,328,New York
40751,106063626365,299976,2120,0,328,New York
40751,106270047242,299987,2118,0,328,New York
79,112762827242,300063,76,1,107,Raleigh
79,112762827242,300072,77,0,108,Charlotte
85,112770017242,300094,79,1,178,Charlotte
42958,112762997242,300097,6089,1,,Swansboro
42958,112762997242,300100,6189,1,,Jacksonville
42954,107463017242,300103,4050,1,,Richmond
42954,107463017242,300106,4051,0,,Charlottesville
40751,106262516282,299980,2118,0,328,New York
40751,106262856317,299981,2118,0,328,New York
40751,106263206329,299982,2118,0,328,New York
40751,106263316358,299984,2118,0,328,New York
40751,106063626365,299986,2118,0,328,New York
79,112762827242,300017,71,0,108,Charlotte
79,112762827242,300026,72,1,107,Raleigh
79,112762827242,300045,74,1,107,Raleigh
79,112762827242,300054,75,0,108,Charlotte
42958,212762426288,300107,6090,0,,Wilson
42958,212762426288,300110,6190,0,,Wilson
40751,106270047242,299977,2120,0,328,New York
88,106262516282,299990,86,0,381,New York
88,106263206329,299993,86,0,90,Boston
88,106263316358,299995,86,0,90,Boston
40751,109762486250,299844,2263,1,324,Washington
40751,100162556255,299845,2263,1,326,Washington
40751,100162626269,299849,2263,1,324,Washington
40751,106562766277,299851,2263,1,324,Washington
40751,100463306330,299854,2263,1,324,Washington
40751,100263597001,299855,2263,1,324,Washington
61,106563257242,299951,699,0,152,Brunswick
79,209962426256,300013,71,0,108,Charlotte
79,102862516253,300014,71,0,108,Charlotte
79,106062576281,300015,71,0,108,Charlotte
79,106762616277,300016,71,0,108,Charlotte
79,209962426256,300022,72,1,107,Raleigh
79,102862516253,300023,72,1,374,Greensboro
79,106062576281,300024,72,1,374,Greensboro
79,106762616277,300025,72,1,107,Raleigh
79,209962426256,300041,74,1,107,Raleigh
79,106762616277,300044,74,1,107,Raleigh
79,209962426256,300050,75,0,108,Charlotte
79,102862516253,300051,75,0,373,Charlotte
79,106062576281,300052,75,0,373,Charlotte
79,106762616277,300053,75,0,108,Charlotte
42958,212762426287,300095,6089,1,,Swansboro
42958,212762426287,300098,6189,1,,Jacksonville
42954,207462426289,300101,4050,1,,Richmond
42954,207462426289,300104,4051,0,,Charlottesville
61,204962426248,299895,1689,0,152,Brunswick
61,105862516257,299898,1689,0,152,Brunswick
61,100162556262,299900,1689,0,152,Brunswick
61,103062656268,299904,1689,0,152,Brunswick
61,106562696276,299905,1689,0,152,Brunswick
41042,206562426249,300139,450,0,319,Springfield
41042,103262506250,300140,450,0,319,Springfield
41042,106562556256,300141,450,0,319,Springfield
41042,100463306330,300143,450,0,319,Springfield
41042,100263597001,300144,450,0,319,Springfield
41044,206562426249,300145,461,1,315,New Haven
41044,103262506250,300146,461,1,315,New Haven
41044,106562556256,300147,461,1,315,New Haven
41044,100463306330,300149,461,1,315,New Haven
41044,100263597001,300150,461,1,315,New Haven
41042,206562426249,300151,464,0,319,Springfield
41042,103262506250,300152,464,0,319,Springfield
41042,106562556256,300153,464,0,319,Springfield
41042,100463306330,300155,464,0,319,Springfield
41042,100263597001,300156,464,0,319,Springfield
41042,103262506250,300159,465,1,318,New Haven
41042,106462566256,300160,465,1,318,New Haven
41042,100163326332,300162,465,1,318,New Haven
41042,103262506250,300165,497,1,318,New Haven
41042,106462566256,300166,497,1,318,New Haven
41042,100163326332,300168,497,1,318,New Haven
94,106262516282,300351,644,1,21,New York
94,106262856317,300352,644,1,21,New York
94,106263206324,300353,644,1,21,New York
94,105663276329,300354,644,1,21,New York
94,106263316358,300356,644,1,21,New York
94,106063626365,300358,644,1,21,New York
94,106262516282,300362,652,1,21,New York
94,106562836319,300363,652,1,22,Philadelphia
94,106262856317,300364,652,1,22,Philadelphia
94,106263206324,300365,652,1,21,New York
94,105663276329,300366,652,1,21,New York
94,106263316358,300368,652,1,21,New York
94,106063626365,300370,652,1,21,New York
94,106262516282,300374,658,1,21,New York
94,106562836319,300375,658,1,22,Philadelphia
94,106262856317,300376,658,1,22,Philadelphia
94,106263206324,300377,658,1,21,New York
94,105663276329,300378,658,1,21,New York
94,106263316358,300380,658,1,21,New York
94,106063626365,300382,658,1,21,New York
94,100163397242,300411,662,1,21,New York
94,106563327242,300419,666,1,21,New York
80,106563057242,300275,350,1,52,Pontiac
80,106263067242,300276,350,1,52,Pontiac
80,106563057242,300280,354,1,52,Pontiac
80,106263067242,300281,354,1,52,Pontiac
80,206262426303,300284,351,0,53,Chicago
80,106562486304,300285,351,0,53,Chicago
80,206262426254,300290,353,0,53,Chicago
80,106562486304,300291,353,0,53,Chicago
80,100262616261,300294,353,0,53,Chicago
80,106262686303,300295,353,0,53,Chicago
80,106563057242,300304,355,0,53,Chicago
80,106263067242,300305,355,0,53,Chicago
94,200162426248,300403,662,1,21,New York
94,106462496249,300404,662,1,21,New York
94,100162556276,300405,662,1,21,New York
94,100162836318,300406,662,1,21,New York
94,106462846319,300407,662,1,21,New York
94,100163256325,300408,662,1,21,New York
94,100463306330,300409,662,1,21,New York
94,100263597001,300412,662,1,21,New York
94,109762486250,300414,666,1,21,New York
94,106562556277,300415,666,1,21,New York
94,106563256326,300417,666,1,21,New York
94,100463306330,300418,666,1,21,New York
94,100263597001,300420,666,1,21,New York
80,206262426303,300302,355,0,53,Chicago
80,206562426304,300303,355,0,53,Chicago
94,106270047242,300326,600,1,21,New York
94,106270047242,300337,640,1,21,New York
94,106270047242,300359,644,1,21,New York
94,106270047242,300371,652,1,21,New York
94,106270047242,300383,658,1,21,New York
94,106062516281,300386,622,1,22,Philadelphia
94,106262856317,300387,622,1,22,Philadelphia
94,106063206323,300388,622,1,22,Philadelphia
94,104863276328,300389,622,1,22,Philadelphia
94,100262546282,300394,624,1,21,New York
94,106562836319,300395,624,1,21,New York
94,106062856316,300396,624,1,21,New York
94,100262896317,300397,624,1,21,New York
94,100263246324,300398,624,1,21,New York
94,100863296329,300399,624,1,21,New York
94,100263316352,300400,624,1,21,New York
80,106563057242,300286,351,0,53,Chicago
80,106263067242,300287,351,0,53,Chicago
80,106563057242,300300,352,1,52,Pontiac
80,106263067242,300301,352,1,52,Pontiac
94,106262516282,300318,600,1,21,New York
94,112762836319,300319,600,1,22,Philadelphia
94,106263206324,300320,600,1,21,New York
94,105663276329,300321,600,1,21,New York
94,106263316358,300323,600,1,21,New York
94,106063626365,300325,600,1,21,New York
94,106262516282,300329,640,1,21,New York
94,106262856317,300330,640,1,22,Philadelphia
94,106263206324,300331,640,1,21,New York
94,105663276329,300332,640,1,21,New York
94,106263316358,300334,640,1,21,New York
94,106063626365,300336,640,1,21,New York
80,206262426254,300268,350,1,52,Pontiac
80,106562486304,300269,350,1,52,Pontiac
80,100262616261,300272,350,1,52,Pontiac
80,106262686303,300274,350,1,52,Pontiac
80,206562426304,300278,354,1,52,Pontiac
80,206262426303,300279,354,1,52,Pontiac
94,106063347242,300392,622,1,22,Philadelphia
94,100270087242,300402,624,1,21,New York
94,106463337242,300427,612,1,22,Philadelphia
94,106563327242,300434,672,1,21,New York
94,100163327242,300444,674,1,21,New York
94,106463337242,300445,674,1,21,New York
80,106563057242,300296,353,0,53,Chicago
80,106263067242,300297,353,0,53,Chicago
80,206262426303,300298,352,1,52,Pontiac
80,206562426304,300299,352,1,52,Pontiac
94,103262506250,300423,612,1,22,Philadelphia
94,106462566277,300424,612,1,22,Philadelphia
94,106463266326,300426,612,1,22,Philadelphia
94,206562426249,300428,672,1,21,New York
94,103262506250,300429,672,1,21,New York
94,106562556277,300430,672,1,21,New York
94,106563256326,300432,672,1,21,New York
94,100463306330,300433,672,1,21,New York
94,100263597001,300435,672,1,21,New York
94,200162426248,300436,674,1,21,New York
94,106462496277,300438,674,1,21,New York
94,103262506250,300439,674,1,21,New York
94,100162556276,300440,674,1,21,New York
94,106563256326,300442,674,1,21,New York
94,100463306330,300443,674,1,21,New York
94,100263597001,300446,674,1,21,New York
78,112762647242,300550,774,1,146,San Diego
78,106562626263,300565,1590,1,,Van Nuys
78,212762426254,300576,790,1,151,San Diego
78,106262576261,300578,790,1,151,San Diego
78,106562626263,300579,790,1,101,San Diego
78,112762647242,300612,761,0,149,Goleta
78,112762647242,300624,769,0,149,Goleta
78,112762647242,300635,777,0,148,San Luis Obispo
36924,212762426253,300647,11,1,314,Los Angeles
36924,100362546262,300648,11,1,,Emeryville
36924,112462566260,300649,11,1,314,Los Angeles
36924,112762637071,300650,11,1,314,Los Angeles
36924,100170727072,300651,11,1,314,Los Angeles
36924,212762426254,300653,14,0,313,Seattle
36924,106562556263,300654,14,0,,Seattle
36924,106262576261,300655,14,0,313,Seattle
36924,112762647071,300656,14,0,313,Seattle
36924,100170727072,300657,14,0,313,Seattle
78,212762426254,300661,588,1,101,San Diego
78,106062576260,300663,588,1,101,San Diego
78,212762426254,300673,757,0,150,San Luis Obispo
78,106262576261,300675,757,0,150,San Luis Obispo
78,112762647242,300564,782,1,151,San Diego
78,112762647242,300580,790,1,151,San Diego
78,212762426254,300590,786,1,146,San Diego
78,106262576261,300592,786,1,146,San Diego
42954,106262517242,263983,3532,1,,Sparks
42954,106262517242,263989,3539,0,,Sacramento
42954,306562427242,263990,3591,0,,Sacramento
78,106562626263,300593,786,1,101,San Diego
78,106562626263,300604,1565,0,,San Luis Obispo
78,212762426254,300608,761,0,149,Goleta
78,106262576261,300610,761,0,149,Goleta
78,106562626263,300611,761,0,102,Los Angeles
78,212762426254,300560,782,1,151,San Diego
78,106262576261,300562,782,1,151,San Diego
78,106562626263,300563,782,1,101,San Diego
78,106562626263,300595,1561,0,,Goleta
78,212762426254,300620,769,0,149,Goleta
78,106262576261,300622,769,0,149,Goleta
78,106562626263,300623,769,0,102,Los Angeles
78,106562626263,300626,1569,0,,Goleta
78,106562626263,300630,1577,0,,San Luis Obispo
78,212762426254,300631,777,0,148,San Luis Obispo
78,106262576261,300633,777,0,148,San Luis Obispo
78,106562626263,300634,777,0,102,Los Angeles
36924,112770737242,300652,11,1,314,Los Angeles
36924,112770737242,300658,14,0,313,Seattle
78,112762627242,300665,588,1,101,San Diego
78,112762647242,300677,757,0,150,San Luis Obispo
42954,103262506250,263992,3591,0,,Sacramento
31849,312762427242,264268,7097,1,,Canadian Border
31849,312762427242,264273,7098,0,,Toronto
86,312762427242,264558,822,0,18,Oklahoma City
42933,112763207242,266456,6005,1,,Fraser
42933,112763207242,266463,6006,1,,Fraser
42933,112763207242,266470,6205,1,,Winter Park
42933,112763207242,266477,6206,1,,Winter Park
42985,306262427242,266691,9654,0,,Perryville
42954,206562426249,267432,6087,0,,Newport News
42954,206562426249,267441,6099,1,,Virginia Beach
42954,206562426249,267447,6187,1,,Virginia Beach
42954,206562426249,267456,6124,0,,Newport News
42954,206562426249,267459,6158,0,,Norfolk
42954,206562426249,267476,6155,1,,Newport News
42954,206562426249,267479,6156,1,,Virginia Beach
41044,306562427242,277907,488,0,316,Greenfield
42954,312762427242,279298,5005,0,,San Francisco
42954,103262506250,279295,5006,1,,Emeryville
42954,306562427242,279294,5006,1,,Emeryville
42954,106562557242,267457,6124,0,,Newport News
42954,106562557242,267460,6158,0,,Norfolk
42954,106562557242,267477,6155,1,,Newport News
42954,106562557242,267480,6156,1,,Virginia Beach
42954,106562557242,267433,6087,0,,Newport News
42954,106562557242,267442,6099,1,,Virginia Beach
42954,106562557242,267448,6187,1,,Virginia Beach
88,106463547242,297248,149,1,260,Washington
40751,106563537242,297320,2259,1,324,Washington
40751,100163537242,297338,2265,1,324,Washington
40751,106463547242,297339,2265,1,324,Washington
40751,206562426249,297388,2267,1,324,Washington
40751,103262506250,297389,2267,1,324,Washington
40751,106562766277,297393,2267,1,324,Washington
40751,106563256347,297396,2267,1,324,Washington
40751,100463306330,297397,2267,1,324,Washington
40751,100263597001,297399,2267,1,324,Washington
84,106262516329,297414,521,0,230,San Jose
84,106263346358,297416,521,0,230,San Jose
84,106063626365,297418,521,0,230,San Jose
40751,109762486250,297821,2258,0,327,Boston
40751,100162556269,297822,2258,0,328,New York
40751,106562766277,297825,2258,0,327,Boston
40751,100463306330,297829,2258,0,327,Boston
40751,100263597001,297830,2258,0,327,Boston
84,106270047242,297419,521,0,230,San Jose
60,312762427242,297461,504,0,289,Seattle
88,206562426249,297494,150,0,356,Boston
40751,106262516282,297954,2102,0,328,New York
40751,106263206329,297957,2102,0,328,New York
40751,106263316358,297959,2102,0,328,New York
40751,106063626365,297961,2102,0,328,New York
40751,106270047242,297974,2103,1,326,Washington
40751,106270047242,297987,2105,1,326,Washington
88,106563537242,298206,135,1,260,Washington
88,100163537242,298219,159,1,267,Washington
88,100163537242,298236,161,1,260,Washington
88,106463547242,298237,161,1,260,Washington
88,100163397242,298249,163,1,260,Washington
40751,100163537242,298261,2255,1,324,Washington
40751,106463547242,298262,2255,1,324,Washington
88,106562486277,298299,165,1,260,Washington
88,103262506250,298300,165,1,260,Washington
88,106562836319,298302,165,1,260,Washington
88,106563256347,298303,165,1,260,Washington
88,100463306330,298304,165,1,260,Washington
88,100263597001,298306,165,1,260,Washington
90,106262516282,298026,55,1,190,Washington
90,106262856303,298027,55,1,190,Washington
90,106263066317,298028,55,1,190,Washington
90,106263206329,298029,55,1,190,Washington
90,106263316352,298031,55,1,190,Washington
90,106063556365,298032,55,1,190,Washington
40751,106262516282,298038,2155,1,324,Washington
40751,106262856317,298039,2155,1,324,Washington
40751,106263206329,298040,2155,1,324,Washington
40751,106263316352,298042,2155,1,324,Washington
40751,106063556365,298043,2155,1,324,Washington
88,106262856317,298046,1161,1,260,Washington
88,106563326333,298048,1161,1,267,Washington
40751,106262516282,298052,2115,1,326,Washington
40751,106262856317,298053,2115,1,326,Washington
40751,106263206329,298054,2115,1,326,Washington
40751,106263316352,298056,2115,1,326,Washington
40751,106063556365,298057,2115,1,326,Washington
40751,106262516282,298063,2123,1,326,Washington
40751,106262856317,298064,2123,1,326,Washington
40751,106263206329,298065,2123,1,326,Washington
40751,106263316352,298067,2123,1,326,Washington
40751,106063556365,298068,2123,1,326,Washington
88,106262856317,298071,1135,1,260,Washington
88,106262856317,298073,1163,1,260,Washington
88,106262856317,298074,1129,1,267,Washington
88,100163537242,298140,127,1,267,Washington
88,106563537242,298151,143,1,259,Washington
88,106563537242,298183,195,1,260,Washington
88,109762486250,298197,135,1,260,Washington
88,100162556269,298198,135,1,,New Haven
88,106462566263,298199,135,1,,New London
88,106462706270,298200,135,1,,New London
88,106562766277,298202,135,1,260,Washington
88,106562836319,298203,135,1,260,Washington
88,106563256347,298204,135,1,260,Washington
88,100463306330,298205,135,1,260,Washington
88,100263597001,298207,135,1,260,Washington
88,100162486276,298209,159,1,267,Washington
88,106462496249,298210,159,1,267,Washington
88,100162836318,298212,159,1,267,Washington
88,106462846319,298213,159,1,267,Washington
88,100563256330,298216,159,1,267,Washington
88,100163396346,298218,159,1,267,Washington
88,100263597001,298220,159,1,267,Washington
88,206462426249,298224,161,1,260,Washington
88,100162486248,298225,161,1,260,Washington
88,103262506250,298226,161,1,260,Washington
88,100162556269,298227,161,1,267,Washington
88,106462566270,298228,161,1,267,Washington
88,100162766276,298230,161,1,260,Washington
88,106462776277,298231,161,1,260,Washington
88,106562836319,298232,161,1,260,Washington
88,100163256346,298233,161,1,260,Washington
88,106463266347,298234,161,1,260,Washington
88,100463306330,298235,161,1,260,Washington
88,100263597001,298238,161,1,260,Washington
88,106562486249,298240,163,1,260,Washington
88,100162556269,298241,163,1,267,Washington
88,100162766276,298244,163,1,260,Washington
88,100162836318,298245,163,1,260,Washington
88,106462846319,298246,163,1,260,Washington
88,100563256330,298247,163,1,260,Washington
88,100263597001,298250,163,1,260,Washington
40751,206562426249,298252,2255,1,324,Washington
40751,103262506250,298253,2255,1,324,Washington
40751,106562556270,298254,2255,1,326,Washington
40751,106562766277,298256,2255,1,324,Washington
40751,106562836319,298257,2255,1,324,Washington
40751,100163256346,298258,2255,1,324,Washington
40751,106463266347,298259,2255,1,324,Washington
40751,100463306330,298260,2255,1,324,Washington
40751,100263597001,298263,2255,1,324,Washington
88,106563537242,298305,165,1,260,Washington
40751,106270047242,298019,2151,1,324,Washington
90,106270047242,298034,55,1,190,Washington
40751,106270047242,298045,2155,1,324,Washington
40751,106270047242,298059,2115,1,326,Washington
40751,106270047242,298070,2123,1,326,Washington
94,106262516282,298522,655,0,23,Harrisburg
94,106562836319,298523,655,0,23,Harrisburg
94,106262856317,298524,655,0,23,Harrisburg
94,106263206329,298525,655,0,23,Harrisburg
94,106263316358,298527,655,0,23,Harrisburg
94,106063626365,298529,655,0,23,Harrisburg
94,106270047242,298375,639,0,24,Philadelphia
94,106270047242,298411,654,1,21,New York
94,106270047242,298435,656,1,21,New York
94,106262516329,298465,626,1,21,New York
94,106263316358,298467,626,1,21,New York
94,106063626365,298469,626,1,21,New York
94,106262516282,298487,651,0,23,Harrisburg
94,106262856317,298488,651,0,23,Harrisburg
94,106263206329,298489,651,0,23,Harrisburg
94,106263316358,298491,651,0,23,Harrisburg
94,106063626365,298493,651,0,23,Harrisburg
94,106262516282,298499,653,0,23,Harrisburg
94,106262856317,298500,653,0,25,Harrisburg
94,106263206329,298501,653,0,23,Harrisburg
94,106263316358,298503,653,0,23,Harrisburg
94,106063626365,298505,653,0,23,Harrisburg
94,106270047242,298482,657,0,23,Harrisburg
94,106270047242,298494,651,0,23,Harrisburg
94,106270047242,298506,653,0,23,Harrisburg
94,106270047242,298530,655,0,23,Harrisburg
94,106262516282,298367,639,0,24,Philadelphia
94,106263206329,298370,639,0,24,Philadelphia
94,106263316357,298372,639,0,24,Philadelphia
94,105663626364,298374,639,0,24,Philadelphia
94,106262516282,298404,654,1,21,New York
94,106262856317,298405,654,1,22,Philadelphia
94,106263206329,298406,654,1,21,New York
94,106263316358,298408,654,1,21,New York
94,106063626365,298410,654,1,21,New York
40751,106262516282,297967,2103,1,326,Washington
40751,106262856317,297968,2103,1,326,Washington
40751,106263206329,297969,2103,1,326,Washington
40751,106263316352,297971,2103,1,326,Washington
40751,106063556365,297972,2103,1,326,Washington
88,106262856317,297975,1109,1,267,Washington
88,106262856317,297977,1111,1,267,Washington
40751,106262516282,297980,2105,1,326,Washington
40751,106262856317,297981,2105,1,326,Washington
40751,106263206329,297982,2105,1,326,Washington
40751,106263316358,297984,2105,1,326,Washington
40751,106063626365,297986,2105,1,326,Washington
88,106262856317,297988,1153,1,267,Washington
40751,106262856317,297989,2101,1,326,Washington
88,106262856317,297995,1103,1,267,Washington
88,106262856317,297996,1143,1,259,Washington
40751,106262856317,297998,2149,1,324,Washington
40751,106562836319,298129,2249,1,324,Washington
40751,106562836319,298130,2251,1,324,Washington
88,200162426276,298131,127,1,267,Washington
88,106462496249,298132,127,1,267,Washington
88,100162836318,298135,127,1,267,Washington
88,106462846319,298136,127,1,267,Washington
88,100563256330,298137,127,1,267,Washington
88,100163396346,298139,127,1,267,Washington
88,100263597001,298141,127,1,267,Washington
88,106562486249,298143,143,1,259,Washington
88,103262506250,298144,143,1,259,Washington
88,106562556270,298145,143,1,,New Haven
88,106562766277,298147,143,1,259,Washington
88,106562836319,298148,143,1,259,Washington
88,106563256347,298149,143,1,259,Washington
88,100463306330,298150,143,1,259,Washington
88,100263597001,298152,143,1,259,Washington
88,109762486250,298176,195,1,260,Washington
88,106562556270,298177,195,1,,New Haven
88,106562766277,298179,195,1,260,Washington
88,106562836319,298180,195,1,260,Washington
88,106563256347,298181,195,1,260,Washington
88,100463306330,298182,195,1,260,Washington
88,100263597001,298184,195,1,260,Washington
40751,106270047242,297962,2102,0,328,New York
88,106462566270,297963,1154,0,237,New York
88,106262856317,298007,1195,1,260,Washington
88,102463286329,298008,1195,1,267,Washington
40751,106262516282,298012,2151,1,324,Washington
40751,106262856317,298013,2151,1,324,Washington
40751,106263206329,298014,2151,1,324,Washington
40751,106263316352,298016,2151,1,324,Washington
40751,106063556365,298017,2151,1,324,Washington
40751,106262856317,298021,2133,1,326,Washington
88,106262856317,298126,1107,1,267,Washington
94,106262516329,298429,656,1,21,New York
94,106562836319,298430,656,1,21,New York
94,106263316358,298432,656,1,21,New York
94,106063626365,298434,656,1,21,New York
94,106270047242,298470,626,1,21,New York
94,106262516282,298475,657,0,23,Harrisburg
94,106262856317,298476,657,0,25,Harrisburg
94,106263206329,298477,657,0,23,Harrisburg
94,106263316358,298479,657,0,23,Harrisburg
94,106063626365,298481,657,0,23,Harrisburg
42954,112762577242,298630,4794,1,,San Luis Obispo
42954,112762517242,298634,5719,0,,Bakersfield
42954,112762517242,298638,5919,0,,Bakersfield
88,106262856317,298022,1127,1,267,Washington
88,100163537242,298097,101,1,267,Washington
88,106563537242,298106,103,1,267,Washington
88,100163537242,298119,109,1,267,Washington
40751,106562836319,298087,2205,1,326,Washington
88,100162486276,298089,101,1,267,Washington
88,106462496249,298090,101,1,267,Washington
88,106562836319,298093,101,1,267,Washington
88,100563256330,298094,101,1,267,Washington
88,100163396346,298096,101,1,267,Washington
88,100263597001,298098,101,1,267,Washington
88,106562486277,298100,103,1,267,Washington
88,103262506250,298101,103,1,267,Washington
88,106562836319,298103,103,1,267,Washington
88,106563256347,298104,103,1,267,Washington
88,100463306330,298105,103,1,267,Washington
88,100263597001,298107,103,1,267,Washington
88,100162486276,298109,109,1,267,Washington
88,106462496249,298110,109,1,267,Washington
88,100162836318,298112,109,1,267,Washington
88,106462846319,298113,109,1,267,Washington
88,100563256330,298116,109,1,267,Washington
88,100163396346,298118,109,1,267,Washington
88,100263597001,298120,109,1,267,Washington
40751,100162836318,298122,2201,1,326,Washington
40751,106462846319,298123,2201,1,326,Washington
42896,203462426250,298640,5612,1,,Santa Barbara
42896,106562486249,298641,5612,1,,Santa Barbara
42896,203462426250,298644,5619,0,,Las Vegas
42896,106562486249,298645,5619,0,,Las Vegas
42954,203462426250,298648,5419,0,,Bakersfield
42954,106562486249,298649,5419,0,,Bakersfield
42954,112762516296,298650,5419,0,,Bakersfield
42954,100162976297,298651,5419,0,,Bakersfield
42954,212762426304,298992,5818,1,,San Diego
61,206562426249,298696,690,1,153,Boston
61,106562556284,298697,690,1,153,Boston
61,206562426249,298699,692,1,153,Boston
61,106562556284,298700,692,1,153,Boston
61,206562426249,298702,693,0,152,Brunswick
61,106562556284,298703,693,0,152,Brunswick
61,206562426249,298705,694,1,153,Boston
61,106562556284,298706,694,1,153,Boston
61,206562426249,298708,695,0,152,Brunswick
61,106562556284,298709,695,0,152,Brunswick
61,206562426249,298711,696,1,153,Boston
61,106562556284,298712,696,1,153,Boston
61,206562426249,298714,698,1,153,Boston
61,106562556284,298715,698,1,153,Boston
42954,112762517242,298740,5703,0,,Bakersfield
42954,112763057242,298993,5818,1,,San Diego
42954,203462426250,298627,4794,1,,San Luis Obispo
42954,109562486254,298628,4794,1,,San Luis Obispo
42954,106562556256,298629,4794,1,,San Luis Obispo
42954,203462426250,298632,5719,0,,Bakersfield
42954,106562486249,298633,5719,0,,Bakersfield
42954,203462426250,298636,5919,0,,Bakersfield
42954,106562486249,298637,5919,0,,Bakersfield
42994,112762916298,281300,1041,1,,Miami
42994,100170727072,281302,1041,1,384,Miami
42994,112762906297,281285,1040,0,,Jacksonville
42994,100170727072,281287,1040,0,385,Chicago
87,212762427071,281383,22,1,274,Chicago
87,100170727072,281384,22,1,274,Chicago
87,212762427071,281386,21,0,272,San Antonio
87,100170727072,281387,21,0,272,San Antonio
87,112770737242,281385,22,1,274,Chicago
87,112770737242,281388,21,0,272,San Antonio
41042,106270047242,282066,475,1,318,New Haven
41042,106270047242,282078,417,1,318,New Haven
42954,206262426250,281524,6093,0,,Newport News
42954,206262426250,281528,6094,0,,Norfolk
42954,206262426250,281532,6095,1,,Virginia Beach
42954,206262426250,281536,6125,1,,Virginia Beach
42954,206262426250,281540,6186,0,,Newport News
42954,206262426250,281544,6193,1,,Virginia Beach
42954,306262427242,281556,6394,0,,Norfolk
42954,306262427242,281559,6438,0,,Norfolk
41044,106262516303,282038,471,1,359,New Haven
41044,106263066329,282039,471,1,,New Haven
41044,106263316358,282041,471,1,,New Haven
41044,106063626365,282043,471,1,,New Haven
41044,106270047242,282044,471,1,,New Haven
41042,106262516303,282072,417,1,318,New Haven
41042,106263066329,282073,417,1,318,New Haven
41042,106263316358,282075,417,1,318,New Haven
41042,106063626365,282077,417,1,318,New Haven
41044,106262516303,282195,478,0,,Springfield
41044,106263066329,282196,478,0,,Springfield
41044,106263316358,282198,478,0,,Springfield
41044,106063626365,282200,478,0,,Springfield
41044,106270047242,291326,479,1,315,New Haven
41044,106270047242,291342,486,0,316,Greenfield
41044,106270047242,291378,494,0,316,Greenfield
84,106262516329,291498,549,0,61,Oakland
84,106263346358,291500,549,0,61,Oakland
84,106063626365,291502,549,0,61,Oakland
41044,106262516303,291320,479,1,315,New Haven
41044,106263066329,291321,479,1,315,New Haven
41044,106263316358,291323,479,1,315,New Haven
41044,106063626365,291325,479,1,315,New Haven
41044,106262516303,291336,486,0,316,Greenfield
41044,106263066329,291337,486,0,316,Greenfield
41044,106263316358,291339,486,0,316,Greenfield
41044,106063626365,291341,486,0,316,Greenfield
84,106270047242,291503,549,0,61,Oakland
84,106262516329,291623,520,1,59,Sacramento
84,106263346358,291625,520,1,59,Sacramento
84,106063626365,291627,520,1,59,Sacramento
84,106270047242,291647,535,0,61,Oakland
84,106262516329,291642,535,0,61,Oakland
84,106263346358,291644,535,0,61,Oakland
84,106063626365,291646,535,0,61,Oakland
51,212762426280,291753,4,1,118,Chicago
51,112762816303,291754,4,1,118,Chicago
51,112763047070,291755,4,1,118,Chicago
51,100270717071,291756,4,1,118,Chicago
84,106270047242,291816,545,0,61,Oakland
84,306562427242,292052,745,0,230,San Jose
88,200162426325,291964,144,0,388,New York
88,106462496249,291965,144,0,388,New York
51,112770737242,291758,4,1,118,Chicago
51,112770737242,291774,3,0,270,Los Angeles
84,103262506250,292075,742,1,59,Sacramento
84,100663306331,292076,742,1,59,Sacramento
84,100263597001,292077,742,1,59,Sacramento
88,106462846319,291968,144,0,388,New York
88,100463306330,291969,144,0,388,New York
88,100263597001,291972,144,0,388,New York
42954,212762426296,292235,5402,1,,San Bernardino
42954,100162976297,292236,5402,1,,San Bernardino
42954,212762426296,292238,5412,1,,San Bernardino
42954,100162976297,292239,5412,1,,San Bernardino
42954,212762426296,292241,5415,0,,Bakersfield
42954,100162976297,292242,5415,0,,Bakersfield
96,100170727072,292347,1006,1,174,Chicago
55,312762427242,292181,370,1,27,Grand Rapids
84,106262516329,292190,548,1,59,Sacramento
84,106263346358,292192,548,1,59,Sacramento
84,106063626365,292194,548,1,59,Sacramento
51,212762426280,291769,3,0,270,Los Angeles
51,112762816303,291770,3,0,270,Los Angeles
51,112763047070,291771,3,0,270,Los Angeles
51,100270717071,291772,3,0,270,Los Angeles
84,106262516329,291811,545,0,61,Oakland
84,106263346358,291813,545,0,61,Oakland
84,106063626365,291815,545,0,61,Oakland
88,100163397242,291971,144,0,388,New York
84,306562427242,292060,743,0,61,Oakland
84,306562427242,292066,748,1,64,Sacramento
42946,112770737242,292161,58,0,74,Chicago
84,106270047242,292195,548,1,59,Sacramento
84,103262506250,292053,745,0,230,San Jose
84,100663306331,292054,745,0,230,San Jose
84,100263597001,292055,745,0,230,San Jose
84,103262506250,292061,743,0,61,Oakland
84,100663306331,292062,743,0,61,Oakland
84,100263597001,292063,743,0,61,Oakland
84,103262506250,292067,748,1,64,Sacramento
84,100663306331,292068,748,1,64,Sacramento
84,100263597001,292069,748,1,64,Sacramento
84,306562427242,292074,742,1,59,Sacramento
42946,212762426273,292158,58,0,74,Chicago
42946,112762747071,292159,58,0,74,Chicago
42946,100170727072,292160,58,0,74,Chicago
96,100170727072,292314,1005,0,173,Emeryville
84,106262516329,292528,532,1,59,Sacramento
84,106263346358,292530,532,1,59,Sacramento
84,106063626365,292532,532,1,59,Sacramento
84,106270047242,292533,532,1,59,Sacramento
42954,312762427242,292466,6291,1,,Lakeland
42954,312762427242,292469,6292,0,,Jacksonville
42954,112762987242,292237,5402,1,,San Bernardino
42954,112762987242,292240,5412,1,,San Bernardino
42954,112762987242,292243,5415,0,,Bakersfield
42954,312762427242,292253,6615,0,,San Francisco
42954,106262517242,292260,6648,1,,Emeryville
42954,312762427242,292489,6098,0,,Orlando
88,106270047242,293353,181,1,267,Washington
88,106270047242,293364,183,1,267,Washington
88,106270047242,293375,185,1,267,Washington
88,106270047242,293387,193,1,267,Washington
88,106270047242,293398,197,1,267,Washington
88,106262516282,293525,171,1,344,Roanoke
88,106263206329,293527,171,1,344,Roanoke
88,106263316352,293529,171,1,344,Roanoke
88,106063556365,293530,171,1,344,Roanoke
88,106262516282,293536,173,1,260,Washington
88,106263206329,293538,173,1,260,Washington
88,106263316352,293540,173,1,260,Washington
88,106063556365,293541,173,1,260,Washington
88,106262516282,293547,175,1,260,Washington
88,106263206329,293549,175,1,260,Washington
88,106263316352,293551,175,1,260,Washington
88,106063556365,293552,175,1,260,Washington
94,106270047242,293706,641,0,23,Harrisburg
94,106270047242,293776,609,0,23,Harrisburg
94,106270047242,293787,643,0,23,Harrisburg
94,106270047242,293798,645,0,23,Harrisburg
94,106270047242,293809,647,0,23,Harrisburg
40751,106262516282,293899,2150,0,327,Boston
40751,106262856289,293900,2150,0,327,Boston
40751,106262926317,293901,2150,0,327,Boston
40751,106263206329,293902,2150,0,327,Boston
40751,106263316358,293904,2150,0,327,Boston
40751,106063626365,293906,2150,0,327,Boston
94,106262516282,293911,648,1,21,New York
94,106262856289,293912,648,1,21,New York
94,106262926329,293913,648,1,21,New York
94,106263316358,293915,648,1,21,New York
94,106063626365,293917,648,1,21,New York
40751,106270047242,294223,2104,0,328,New York
88,106270047242,294240,198,1,237,New York
88,106262516282,294561,148,0,258,Springfield
88,106263206329,294565,148,0,258,Springfield
88,106263316358,294567,148,0,258,Springfield
88,106063626365,294569,148,0,258,Springfield
58,202162426288,294573,50,1,187,New York
58,102162906297,294574,50,1,,Indianapolis
58,102163006318,294575,50,1,187,New York
58,102163217070,294576,50,1,187,New York
94,306562427242,283579,661,0,23,Harrisburg
94,103262506250,283580,661,0,23,Harrisburg
94,100463306330,283581,661,0,23,Harrisburg
94,100263597001,283582,661,0,23,Harrisburg
54,206262426329,283616,329,0,19,Milwaukee
54,106263316358,283618,329,0,19,Milwaukee
54,206262426303,283621,330,1,20,Chicago
54,200162426304,283622,330,1,20,Chicago
54,106363066329,283623,330,1,20,Chicago
54,106363316358,283625,330,1,20,Chicago
69,212762426288,283279,90,0,104,New York
69,112763006365,283281,90,0,104,New York
36926,312762427242,283741,318,0,377,Chicago
54,106263627242,283620,329,0,19,Milwaukee
54,106363607242,283627,330,1,20,Chicago
88,106563326333,283790,102,0,237,New York
88,102463286329,283792,1172,0,237,New York
88,102463286329,283797,1175,1,267,Washington
42947,112670017242,284328,98,0,113,New York
42947,100170797242,284331,98,0,113,New York
42947,100162486283,284318,98,0,113,New York
42947,106462496249,284319,98,0,113,New York
42947,112662506288,284320,98,0,113,New York
42947,112662896298,284321,98,0,,Jacksonville
42947,100162906297,284322,98,0,,Jacksonville
42947,112662996330,284323,98,0,113,New York
42947,100163046318,284324,98,0,113,New York
42947,100163256360,284325,98,0,113,New York
42947,100263316331,284326,98,0,113,New York
42947,112663336365,284327,98,0,113,New York
42947,100170027065,284329,98,0,113,New York
42947,100170727072,284330,98,0,113,New York
75,100170727072,284144,1007,0,184,Seattle
75,100170727072,284149,1008,1,186,Chicago
84,106270047242,284961,536,1,59,Sacramento
88,106270047242,293532,171,1,344,Roanoke
88,106270047242,293543,173,1,260,Washington
88,106270047242,293554,175,1,260,Washington
88,106262516282,293558,111,1,267,Washington
88,106263206329,293560,111,1,267,Washington
88,106263316352,293562,111,1,267,Washington
88,106063556365,293563,111,1,267,Washington
88,106262516282,293570,125,1,346,Newport News
88,106263206329,293573,125,1,346,Newport News
88,106263316352,293575,125,1,346,Newport News
88,106063556365,293576,125,1,346,Newport News
88,106262516282,293582,129,1,267,Washington
88,106263206329,293584,129,1,267,Washington
88,106263316352,293586,129,1,267,Washington
88,106063556365,293587,129,1,267,Washington
88,106262516282,293594,131,1,267,Washington
88,106263206329,293596,131,1,267,Washington
88,106263316352,293598,131,1,267,Washington
88,106063556365,293599,131,1,267,Washington
88,106262516282,293605,137,1,260,Washington
88,106263206329,293607,137,1,260,Washington
88,106263316352,293609,137,1,260,Washington
88,106063556365,293610,137,1,260,Washington
88,106262516282,293616,113,1,267,Washington
88,106263206329,293618,113,1,267,Washington
88,106263316352,293620,113,1,267,Washington
88,106063556365,293621,113,1,267,Washington
88,106262516282,293627,119,1,267,Washington
88,106263206329,293629,119,1,267,Washington
88,106263316352,293631,119,1,267,Washington
88,106063556365,293632,119,1,267,Washington
94,106262516282,293699,641,0,23,Harrisburg
94,106262856317,293700,641,0,23,Harrisburg
94,106263206329,293701,641,0,23,Harrisburg
94,106263316358,293703,641,0,23,Harrisburg
94,106063626365,293705,641,0,23,Harrisburg
88,106270047242,293453,177,1,355,Philadelphia
88,106270047242,293463,179,1,355,Philadelphia
40751,106262516282,294011,2158,0,327,Boston
40751,106263206329,294014,2158,0,327,Boston
40751,106263316358,294016,2158,0,327,Boston
40751,106063626365,294018,2158,0,327,Boston
40751,106262516282,294022,2160,0,327,Boston
40751,106263206329,294025,2160,0,327,Boston
40751,106263316358,294027,2160,0,327,Boston
40751,106063626365,294029,2160,0,327,Boston
40751,106262516282,294034,2190,0,325,Boston
40751,106263206329,294036,2190,0,325,Boston
40751,106263316358,294038,2190,0,325,Boston
40751,106063626365,294040,2190,0,325,Boston
40751,106262516282,294140,2112,0,328,New York
40751,106263316358,294144,2112,0,328,New York
40751,106063626365,294146,2112,0,328,New York
40751,106262516282,294150,2108,0,328,New York
40751,106263206329,294153,2108,0,328,New York
40751,106263316358,294155,2108,0,328,New York
40751,106063626365,294157,2108,0,328,New York
88,106270047242,294348,186,0,393,Philadelphia
88,106270047242,294359,190,0,356,Boston
88,106270047242,294370,192,0,237,New York
88,106270047242,294381,196,0,237,New York
88,106270047242,294570,148,0,258,Springfield
58,102170757242,294578,50,1,187,New York
58,107463547242,294586,51,0,188,Chicago
88,106270047242,294608,110,0,388,New York
88,106262516282,293446,177,1,355,Philadelphia
88,106263206329,293448,177,1,355,Philadelphia
88,106263316358,293450,177,1,355,Philadelphia
88,106063626365,293452,177,1,355,Philadelphia
88,106262516282,293456,179,1,355,Philadelphia
88,106263206329,293458,179,1,355,Philadelphia
88,106263316358,293460,179,1,355,Philadelphia
88,106063626365,293462,179,1,355,Philadelphia
88,106270047242,293565,111,1,267,Washington
88,106270047242,293578,125,1,346,Newport News
88,106270047242,293589,129,1,267,Washington
88,106270047242,293601,131,1,267,Washington
88,106270047242,293612,137,1,260,Washington
88,106270047242,293623,113,1,267,Washington
88,106270047242,293634,119,1,267,Washington
94,106262516282,293657,649,0,23,Harrisburg
94,106562836319,293658,649,0,23,Harrisburg
94,106262856317,293659,649,0,23,Harrisburg
94,106263206329,293660,649,0,23,Harrisburg
94,106263316358,293662,649,0,23,Harrisburg
94,106063626365,293664,649,0,23,Harrisburg
94,106262516282,293769,609,0,23,Harrisburg
94,106262856317,293770,609,0,25,Harrisburg
94,106563257242,295142,667,0,23,Harrisburg
40751,106262516282,293083,2159,1,324,Washington
40751,106263206329,293085,2159,1,324,Washington
40751,106263316352,293087,2159,1,324,Washington
40751,106063556365,293088,2159,1,324,Washington
40751,106262516282,293093,2163,1,324,Washington
40751,106263206329,293095,2163,1,324,Washington
40751,106263316358,293097,2163,1,324,Washington
40751,106063626365,293099,2163,1,324,Washington
40751,106262516282,293104,2165,1,324,Washington
40751,106263206329,293106,2165,1,324,Washington
94,106263206329,293771,609,0,23,Harrisburg
94,106263316358,293773,609,0,23,Harrisburg
94,106063626365,293775,609,0,23,Harrisburg
94,106262516282,293779,643,0,23,Harrisburg
94,106562836319,293780,643,0,25,Harrisburg
94,106262856317,293781,643,0,25,Harrisburg
94,106263206329,293782,643,0,23,Harrisburg
94,106263316358,293784,643,0,23,Harrisburg
94,106063626365,293786,643,0,23,Harrisburg
94,106262516282,293790,645,0,23,Harrisburg
94,106562836319,293791,645,0,25,Harrisburg
94,106262856317,293792,645,0,25,Harrisburg
94,106263206329,293793,645,0,23,Harrisburg
94,106263316358,293795,645,0,23,Harrisburg
94,106063626365,293797,645,0,23,Harrisburg
94,106262516282,293801,647,0,23,Harrisburg
94,106562836319,293802,647,0,25,Harrisburg
94,106262856317,293803,647,0,25,Harrisburg
94,106263206329,293804,647,0,23,Harrisburg
94,106263316358,293806,647,0,23,Harrisburg
94,106063626365,293808,647,0,23,Harrisburg
40751,106262856317,293857,2106,0,328,New York
40751,106262856317,293859,2122,0,328,New York
40751,106263316352,293108,2165,1,324,Washington
40751,106063556365,293109,2165,1,324,Washington
40751,106262516282,293115,2167,1,324,Washington
40751,106263206329,293117,2167,1,324,Washington
40751,106263316352,293119,2167,1,324,Washington
40751,106063556365,293120,2167,1,324,Washington
40751,106262516282,293126,2171,1,324,Washington
40751,106263206329,293128,2171,1,324,Washington
40751,106263316352,293130,2171,1,324,Washington
40751,106063556365,293131,2171,1,324,Washington
88,106262516282,293147,85,1,260,Washington
88,106263206329,293150,85,1,260,Washington
88,106263316352,293152,85,1,260,Washington
88,106063556365,293153,85,1,260,Washington
88,106262516282,293159,95,1,342,Norfolk
88,106263206329,293161,95,1,342,Norfolk
88,106263316352,293163,95,1,342,Norfolk
88,106063556365,293164,95,1,342,Norfolk
88,106262516282,293170,93,1,342,Norfolk
88,106263206329,293172,93,1,342,Norfolk
88,106263316352,293174,93,1,342,Norfolk
88,106063556365,293175,93,1,342,Norfolk
88,106263316352,293384,193,1,267,Washington
88,106063556365,293385,193,1,267,Washington
88,106262516282,293391,197,1,267,Washington
88,106263206329,293393,197,1,267,Washington
88,106263316352,293395,197,1,267,Washington
88,106063556365,293396,197,1,267,Washington
42954,312762427242,294933,5714,1,,Los Angeles
94,106563257242,295344,664,1,21,New York
94,200162426276,295594,611,0,25,Harrisburg
94,106462496249,295595,611,0,25,Harrisburg
94,100563256330,295597,611,0,25,Harrisburg
94,100263597001,295600,611,0,25,Harrisburg
94,103262506250,295609,615,0,25,Harrisburg
94,106462566277,295610,615,0,25,Harrisburg
94,100163326332,295613,615,0,25,Harrisburg
94,206562426277,295617,637,0,24,Philadelphia
94,103262506250,295618,637,0,24,Philadelphia
94,100463306330,295623,637,0,24,Philadelphia
94,100263597001,295624,637,0,24,Philadelphia
94,106562486277,295626,663,0,23,Harrisburg
94,103262506250,295627,663,0,23,Harrisburg
94,100463306330,295630,663,0,23,Harrisburg
94,100263597001,295631,663,0,23,Harrisburg
40751,106563257242,295750,2260,0,327,Boston
40751,100163397242,295759,2262,0,327,Boston
40751,106463267242,295766,2264,0,327,Boston
40751,106463547242,295779,2233,1,326,Washington
61,206562426284,270663,691,0,152,Brunswick
61,106562907242,270664,691,0,152,Brunswick
40751,106262516282,293237,2109,1,326,Washington
40751,106263206329,293239,2109,1,326,Washington
40751,106263316352,293241,2109,1,326,Washington
40751,106063556365,293242,2109,1,326,Washington
40751,106262516282,293249,2119,1,326,Washington
40751,106263206329,293251,2119,1,326,Washington
40751,106263316358,293253,2119,1,326,Washington
40751,106063626365,293255,2119,1,326,Washington
40751,106262516282,293271,2113,1,326,Washington
40751,106263206329,293273,2113,1,326,Washington
40751,106263316352,293275,2113,1,326,Washington
40751,106063556365,293276,2113,1,326,Washington
40751,106262516282,293282,2127,1,326,Washington
40751,106263206329,293284,2127,1,326,Washington
40751,106263316352,293286,2127,1,326,Washington
40751,106063556365,293287,2127,1,326,Washington
40751,106262516282,293293,2131,1,326,Washington
40751,106263206329,293295,2131,1,326,Washington
40751,106263316352,293297,2131,1,326,Washington
40751,106063556365,293298,2131,1,326,Washington
88,106262516282,293346,181,1,267,Washington
88,106263206329,293348,181,1,267,Washington
88,106263316352,293350,181,1,267,Washington
88,106063556365,293351,181,1,267,Washington
88,106262516282,293357,183,1,267,Washington
88,106263206329,293359,183,1,267,Washington
88,106263316352,293361,183,1,267,Washington
88,106063556365,293362,183,1,267,Washington
88,106262516282,293368,185,1,267,Washington
88,106263206329,293370,185,1,267,Washington
88,106263316352,293372,185,1,267,Washington
88,106063556365,293373,185,1,267,Washington
88,106262516282,293380,193,1,267,Washington
88,106263206329,293382,193,1,267,Washington
40751,200162426276,295818,2224,0,328,New York
40751,106462496249,295821,2224,0,328,New York
40751,103262506250,295822,2224,0,328,New York
40751,106462566277,295823,2224,0,328,New York
40751,100563256330,295828,2224,0,328,New York
40751,100163326332,295830,2224,0,328,New York
40751,100263597001,295832,2224,0,328,New York
40751,103262506250,295846,2223,1,326,Washington
40751,106462566277,295847,2223,1,326,Washington
40751,106463266347,295849,2223,1,326,Washington
40751,100163326332,295850,2223,1,326,Washington
40751,103262506250,296226,2227,1,326,Washington
40751,106462566277,296227,2227,1,326,Washington
40751,106463266347,296229,2227,1,326,Washington
40751,100163326332,296230,2227,1,326,Washington
42912,212762426303,271304,8004,1,,Kingman
42912,112763047072,271305,8004,1,,Kingman
33820,208462426302,271307,8601,1,,Maricopa
33820,108463057073,271308,8601,1,,Maricopa
33820,203762426304,271310,8602,1,,Maricopa
33820,103763067072,271311,8602,1,,Maricopa
42891,212762426304,271316,8854,1,,Flagstaff
42891,112763057073,271317,8854,1,,Flagstaff
33820,208462426302,271319,8901,0,,Phoenix
33820,108463057073,271320,8901,0,,Phoenix
33820,203762426304,271322,8902,0,,Phoenix
33820,103763067072,271323,8902,0,,Phoenix
42891,212762426304,271325,8953,0,,Williams
42891,112763057073,271326,8953,0,,Williams
42891,212762426304,271328,8954,0,,Williams
42891,112763057073,271329,8954,0,,Williams
42954,312762427242,271834,5605,1,,Seattle
42954,312762427242,271842,5677,1,,Seattle
42954,312762427242,271927,5604,0,,Bellingham
42954,312762427242,271935,5622,0,,Bellingham
42991,212762426263,271941,1340,1,337,Chicago
42991,212762426263,271947,1333,0,338,St. Paul
94,100463306330,284082,610,1,22,Philadelphia
94,100163326332,284083,676,1,21,New York
75,100170727072,284160,1027,0,241,Portland
75,100170727072,284165,1028,1,243,Chicago
84,106262516329,284956,536,1,59,Sacramento
36948,312762427242,284863,311,0,255,Kansas City
84,106263346358,284958,536,1,59,Sacramento
84,106063626365,284960,536,1,59,Sacramento
42954,212762426282,285083,6510,1,,Martinez
42954,100162836283,285084,6510,1,,Martinez
42954,312762427242,285091,3814,1,,Stockton
42954,312762427242,284969,3711,0,,Chico
42954,312762427242,284972,3712,1,,Stockton
42954,312762427242,284975,3713,0,,Chico
42954,312762427242,284978,3715,0,,Sacramento
42954,312762427242,284984,3811,0,,Davis
42954,312762427242,284987,3812,1,,Stockton
42954,312762427242,284990,3813,0,,Davis
42954,312762427242,284993,3815,0,,Davis
42954,312762427242,284996,3602,0,,Sacramento
42954,312762427242,285045,3916,1,,Stockton
42954,312762427242,285048,6611,0,,San Francisco
42954,312762427242,285051,6612,1,,Emeryville
42954,312762427242,285054,6613,0,,San Francisco
42954,312762427242,285057,6614,1,,Emeryville
42954,312762427242,285063,6616,1,,Emeryville
42954,312762427242,285066,6617,0,,San Francisco
42954,312762427242,285069,6619,0,,San Francisco
42954,312762427242,285072,3704,1,,Sacramento
42954,312762427242,285075,3802,1,,Sacramento
42954,112762847242,285085,6510,1,,Martinez
42954,312762427242,285088,6517,0,,Santa Rosa
42954,312762427242,284999,3817,0,,Davis
42954,312762427242,285002,3819,0,,Davis
42954,312762427242,285005,3701,0,,Chico
42954,312762427242,285008,3717,0,,Chico
42954,312762427242,285011,3718,1,,Stockton
42912,212762426304,270867,8003,0,,Las Vegas
42912,112763067074,270869,8003,0,,Las Vegas
42954,312762427242,285020,6311,0,,Arcata
42954,312762427242,285023,6316,1,,Martinez
42954,312762427242,285026,6318,1,,Martinez
42954,312762427242,285029,6514,1,,Martinez
42954,312762427242,285032,6313,0,,Arcata
42954,306262427242,285033,3911,0,,San Jose
42954,306562427242,285036,3911,0,,San Jose
42954,312762427242,285039,3915,0,,San Jose
42954,312762427242,285042,6515,0,,Santa Rosa
36930,204162426301,270812,1,0,269,Los Angeles
36930,104163047069,270813,1,0,269,Los Angeles
87,208262426300,270816,421,0,193,Los Angeles
87,108263037068,270817,421,0,193,Los Angeles
36930,107470737242,270823,2,1,271,New Orleans
87,107470737242,270834,422,1,195,Chicago
42912,112770757242,270870,8003,0,,Las Vegas
36930,207462426303,270821,2,1,271,New Orleans
36930,107463057071,270822,2,1,271,New Orleans
87,207462426303,270832,422,1,195,Chicago
87,107463057071,270833,422,1,195,Chicago
42891,312762427242,271511,8853,1,,Flagstaff
42912,112770737242,271306,8004,1,,Kingman
33820,108470757242,271309,8601,1,,Maricopa
33820,103770747242,271312,8602,1,,Maricopa
42891,112770747242,271318,8854,1,,Flagstaff
33820,108470757242,271321,8901,0,,Phoenix
33820,103770747242,271324,8902,0,,Phoenix
42891,112770747242,271327,8953,0,,Williams
42891,112770747242,271330,8954,0,,Williams
40751,106270047242,293090,2159,1,324,Washington
40751,106270047242,293100,2163,1,324,Washington
36930,104170727242,270814,1,0,269,Los Angeles
87,108270717242,270818,421,0,193,Los Angeles
42991,112762647242,271942,1340,1,337,Chicago
42991,112762647242,271948,1333,0,338,St. Paul
40751,106270047242,293111,2165,1,324,Washington
40751,106270047242,293122,2167,1,324,Washington
40751,106270047242,293133,2171,1,324,Washington
88,106270047242,293155,85,1,260,Washington
88,106270047242,293166,95,1,342,Norfolk
88,106270047242,293177,93,1,342,Norfolk
40751,106270047242,293244,2109,1,326,Washington
40751,106270047242,293256,2119,1,326,Washington
40751,106270047242,293278,2113,1,326,Washington
40751,106270047242,293289,2127,1,326,Washington
40751,106270047242,293300,2131,1,326,Washington
94,106270047242,293665,649,0,23,Harrisburg
40751,106270047242,293929,2152,0,327,Boston
94,106270047242,293941,650,1,21,New York
40751,106262516282,293965,2116,0,328,New York
40751,106262856289,293966,2116,0,328,New York
40751,106262926329,293967,2116,0,328,New York
40751,106263316358,293969,2116,0,328,New York
40751,106063626365,293971,2116,0,328,New York
40751,106262516282,294065,2124,0,328,New York
40751,106263206329,294068,2124,0,328,New York
40751,106263316358,294070,2124,0,328,New York
40751,106063626365,294072,2124,0,328,New York
40751,106262516282,294077,2126,0,328,New York
40751,106263206329,294079,2126,0,328,New York
40751,106263316358,294081,2126,0,328,New York
40751,106063626365,294083,2126,0,328,New York
40751,106262516282,294088,2128,0,328,New York
40751,106263206329,294091,2128,0,328,New York
40751,106263316358,294093,2128,0,328,New York
40751,106063626365,294095,2128,0,328,New York
40751,106262516282,294109,2156,0,327,Boston
40751,106263206329,294111,2156,0,327,Boston
40751,106263316358,294113,2156,0,327,Boston
40751,106063626365,294115,2156,0,327,Boston
94,106262516282,294785,646,1,21,New York
94,106262856317,294786,646,1,22,Philadelphia
94,106263206329,294787,646,1,21,New York
94,106263316358,294789,646,1,21,New York
94,106063626365,294791,646,1,21,New York
88,106262856317,293847,1162,0,264,Boston
88,106563326333,293848,1162,0,237,New York
88,106262856317,293849,1150,0,356,Boston
88,106262856317,293850,1144,0,388,New York
88,106262856317,293851,1160,0,264,Boston
88,106262856317,293852,1152,0,264,Boston
88,106262856317,293855,1118,0,237,New York
40751,106270047242,293907,2150,0,327,Boston
94,106270047242,293918,648,1,21,New York
40751,106270047242,293972,2116,0,328,New York
88,106262856317,293882,1194,0,264,Boston
88,102463286329,293883,1194,0,237,New York
88,106262856317,293884,1168,0,264,Boston
88,106262856317,293886,1128,0,237,New York
40751,106262856317,293887,2148,0,327,Boston
88,106262856317,293888,1126,0,237,New York
88,106262856317,293890,1140,0,258,Springfield
88,106262856317,293891,1116,0,237,New York
88,106262856317,293893,1146,0,258,Springfield
88,106262856317,293895,1142,0,237,New York
40751,106262856317,293896,2114,0,328,New York
40751,106262516282,293921,2152,0,327,Boston
40751,106262856289,293922,2152,0,327,Boston
40751,106262926317,293923,2152,0,327,Boston
40751,106263206329,293924,2152,0,327,Boston
40751,106263316358,293926,2152,0,327,Boston
40751,106063626365,293928,2152,0,327,Boston
94,106262516282,293933,650,1,21,New York
94,106562836319,293934,650,1,21,New York
94,106262856289,293935,650,1,21,New York
94,106262926329,293936,650,1,21,New York
94,106263316358,293938,650,1,21,New York
94,106063626365,293940,650,1,21,New York
40751,106562836319,293985,2220,0,328,New York
40751,106270047242,294019,2158,0,327,Boston
40751,106270047242,294030,2160,0,327,Boston
40751,106270047242,294041,2190,0,325,Boston
40751,106270047242,294073,2124,0,328,New York
40751,106270047242,294084,2126,0,328,New York
40751,106270047242,294096,2128,0,328,New York
40751,106270047242,294116,2156,0,327,Boston
40751,106270047242,294147,2112,0,328,New York
40751,106270047242,294158,2108,0,328,New York
88,106263206329,294365,192,0,237,New York
88,106263316358,294367,192,0,237,New York
88,106063626365,294369,192,0,237,New York
88,106262516282,294373,196,0,237,New York
88,106263206329,294376,196,0,237,New York
88,106263316358,294378,196,0,237,New York
88,106063626365,294380,196,0,237,New York
88,106270047242,294441,170,0,264,Boston
88,106270047242,294452,172,0,264,Boston
88,106270047242,294463,174,0,264,Boston
88,106270047242,294485,178,0,343,Boston
88,106270047242,294496,182,0,237,New York
88,106270047242,294507,184,0,264,Boston
88,106270047242,294619,130,0,237,New York
88,106270047242,294630,134,0,237,New York
88,106270047242,294641,136,0,258,Springfield
88,106271677242,294655,138,0,349,New York
88,106270047242,294733,112,0,237,New York
94,106270047242,294792,646,1,21,New York
88,100162486276,295453,126,0,237,New York
88,106462496249,295454,126,0,237,New York
88,100162836318,295456,126,0,237,New York
88,106462846319,295457,126,0,237,New York
88,100563256330,295459,126,0,237,New York
88,100263597001,295462,126,0,237,New York
88,100162486276,295480,168,0,264,Boston
88,106462496249,295481,168,0,264,Boston
88,100162836283,295484,168,0,264,Boston
88,106562846319,295485,168,0,264,Boston
88,100563256330,295486,168,0,264,Boston
88,100263597001,295489,168,0,264,Boston
88,106563537242,295497,128,0,349,New York
88,100162907242,295509,146,0,258,Springfield
88,106463267242,295511,146,0,258,Springfield
88,100163397242,295522,142,0,237,New York
88,103262506250,296044,121,1,267,Washington
88,106462566277,296045,121,1,267,Washington
88,106463266347,296047,121,1,267,Washington
88,100163326332,296048,121,1,267,Washington
88,103262506250,296053,123,1,389,Philadelphia
88,106462566277,296054,123,1,389,Philadelphia
40751,106262516282,294215,2104,0,328,New York
40751,106263206329,294218,2104,0,328,New York
40751,106263316358,294220,2104,0,328,New York
40751,106063626365,294222,2104,0,328,New York
88,106262516282,294232,198,1,237,New York
88,106263206329,294235,198,1,237,New York
88,106263316352,294237,198,1,237,New York
88,106063556365,294238,198,1,237,New York
88,100163326332,296057,123,1,389,Philadelphia
88,103262506250,296062,139,1,260,Washington
88,106462566277,296063,139,1,260,Washington
88,106463266347,296065,139,1,260,Washington
88,100163326332,296066,139,1,260,Washington
88,103262506250,296071,145,1,340,Roanoke
88,106462566277,296072,145,1,340,Roanoke
88,106463266347,296074,145,1,340,Roanoke
88,100163326332,296075,145,1,340,Roanoke
88,103262506250,296103,117,1,390,Washington
88,106462566277,296104,117,1,390,Washington
88,106463266347,296107,117,1,390,Washington
88,100163326332,296108,117,1,390,Washington
88,103262506250,296113,105,1,267,Washington
88,106462566277,296114,105,1,267,Washington
88,106463266347,296116,105,1,267,Washington
88,100163326332,296117,105,1,267,Washington
88,106263316358,294730,112,0,237,New York
88,106063626365,294732,112,0,237,New York
58,100170727072,294577,50,1,187,New York
58,207462426289,294583,51,0,188,Chicago
58,107462916298,294584,51,0,,Chicago
58,107463016352,294585,51,0,188,Chicago
88,106262516282,294600,110,0,388,New York
88,106263206329,294603,110,0,388,New York
88,106263316358,294605,110,0,388,New York
88,106063626365,294607,110,0,388,New York
88,106262516282,294611,130,0,237,New York
88,106263206329,294614,130,0,237,New York
88,106263316358,294616,130,0,237,New York
88,106063626365,294618,130,0,237,New York
88,106262516282,294622,134,0,237,New York
88,106263206329,294625,134,0,237,New York
88,106263316358,294627,134,0,237,New York
88,106063626365,294629,134,0,237,New York
88,106262516282,294633,136,0,258,Springfield
88,106262516282,294433,170,0,264,Boston
88,106263206329,294436,170,0,264,Boston
88,106263316358,294438,170,0,264,Boston
88,106063626365,294440,170,0,264,Boston
88,106262516282,294444,172,0,264,Boston
88,106263206329,294447,172,0,264,Boston
88,106263316358,294449,172,0,264,Boston
88,106063626365,294451,172,0,264,Boston
88,106262516282,294455,174,0,264,Boston
88,106263206329,294458,174,0,264,Boston
88,106263316358,294460,174,0,264,Boston
88,106063626365,294462,174,0,264,Boston
88,106262516282,294477,178,0,343,Boston
88,106263206329,294480,178,0,343,Boston
88,106263316358,294482,178,0,343,Boston
88,106063626365,294484,178,0,343,Boston
88,106262516282,294488,182,0,264,Boston
88,106263206329,294491,182,0,237,New York
88,106263316358,294493,182,0,237,New York
88,106063626365,294495,182,0,237,New York
88,106262516282,294499,184,0,264,Boston
88,106263206329,294502,184,0,264,Boston
88,106263316358,294504,184,0,264,Boston
88,106063626365,294506,184,0,264,Boston
40751,106463267242,295294,2216,0,328,New York
40751,106463267242,295358,2218,0,328,New York
88,106563257242,295374,118,0,237,New York
36923,200362426282,295402,20,0,244,New York
36923,106462496249,295403,20,0,244,New York
36923,112462506288,295404,20,0,244,New York
36923,100162836283,295405,20,0,244,New York
36923,100362896297,295406,20,0,,Atlanta
36923,112462916298,295407,20,0,,Atlanta
36923,112462996328,295408,20,0,244,New York
36923,100363036360,295409,20,0,244,New York
36923,100863296329,295410,20,0,244,New York
36923,112463306357,295411,20,0,244,New York
36923,100463586365,295412,20,0,244,New York
36923,112063616364,295413,20,0,244,New York
36923,100370017071,295414,20,0,244,New York
36923,100170727072,295416,20,0,244,New York
88,106263206329,294636,136,0,258,Springfield
88,106263316358,294638,136,0,258,Springfield
88,106063626365,294640,136,0,258,Springfield
88,106262516282,294645,138,0,349,New York
88,106263206329,294648,138,0,349,New York
88,106263316358,294650,138,0,349,New York
88,106063626365,294652,138,0,349,New York
88,106270047165,294653,138,0,349,New York
88,101671667166,294654,138,0,349,New York
88,106262516282,294725,112,0,237,New York
88,106263206329,294728,112,0,237,New York
88,106262856317,292915,1169,1,355,Philadelphia
88,106262856317,292924,1167,1,355,Philadelphia
42947,112770737242,285485,97,1,114,Miami
42947,212762426288,285479,97,1,114,Miami
42947,112762896298,285480,97,1,,Miami
42947,112762996352,285481,97,1,114,Miami
42947,112763536365,285482,97,1,114,Miami
42947,112770017071,285483,97,1,114,Miami
42947,100170727072,285484,97,1,114,Miami
60,312762427242,286762,519,1,297,Seattle
81,206562426249,286829,48,1,127,New York
81,206262426254,286830,48,1,127,New York
81,112762557071,286831,48,1,127,New York
81,100170727072,286832,48,1,127,New York
88,106262516282,294340,186,0,393,Philadelphia
88,106263206329,294343,186,0,393,Philadelphia
88,106263316358,294345,186,0,393,Philadelphia
88,106063626365,294347,186,0,393,Philadelphia
88,106262516282,294351,190,0,356,Boston
88,106263206329,294354,190,0,356,Boston
88,106263316358,294356,190,0,356,Boston
88,106063626365,294358,190,0,356,Boston
88,106262516282,294362,192,0,237,New York
40751,103262506250,295351,2218,0,328,New York
40751,106462566263,295352,2218,0,328,New York
40751,106462706277,295353,2218,0,328,New York
40751,100162836318,295355,2218,0,328,New York
40751,106462846291,295356,2218,0,328,New York
40751,106462986319,295357,2218,0,328,New York
40751,100163326332,295359,2218,0,328,New York
88,106562486277,295370,118,0,237,New York
88,103262506250,295371,118,0,237,New York
88,106562836319,295373,118,0,237,New York
88,100463306330,295375,118,0,237,New York
88,100263597001,295376,118,0,237,New York
88,100163397242,295461,126,0,237,New York
88,100163397242,295488,168,0,264,Boston
94,206562426277,295539,660,1,21,New York
94,103262506250,295540,660,1,21,New York
94,100463306330,295543,660,1,21,New York
94,100263597001,295544,660,1,21,New York
94,106562486277,295553,665,0,23,Harrisburg
94,103262506250,295554,665,0,23,Harrisburg
94,100463306330,295557,665,0,23,Harrisburg
94,100263597001,295558,665,0,23,Harrisburg
94,106562486277,295567,669,0,23,Harrisburg
94,103262506250,295568,669,0,23,Harrisburg
94,100463306330,295571,669,0,23,Harrisburg
94,100263597001,295572,669,0,23,Harrisburg
94,106562486277,295575,670,1,21,New York
94,103262506250,295576,670,1,21,New York
40751,100163537242,295643,2271,1,324,Washington
40751,106463547242,295644,2271,1,324,Washington
40751,100162486276,295913,2208,0,328,New York
40751,106462496249,295914,2208,0,328,New York
40751,103262506250,295915,2208,0,328,New York
40751,106462566277,295916,2208,0,328,New York
40751,100563256330,295919,2208,0,328,New York
40751,100163326332,295921,2208,0,328,New York
40751,100263597001,295923,2208,0,328,New York
40751,200162426276,295934,2207,1,326,Washington
40751,106462496249,295935,2207,1,326,Washington
40751,100563256330,295937,2207,1,326,Washington
40751,100163396346,295939,2207,1,326,Washington
40751,100263597001,295941,2207,1,326,Washington
40751,103262506250,295945,2209,1,326,Washington
40751,106462566277,295946,2209,1,326,Washington
40751,106463266347,295948,2209,1,326,Washington
40751,100163326332,295949,2209,1,326,Washington
40751,200162426276,295952,2211,1,326,Washington
40751,106462496249,295953,2211,1,326,Washington
40751,100563256330,295955,2211,1,326,Washington
40751,100163396346,295957,2211,1,326,Washington
40751,100263597001,295959,2211,1,326,Washington
94,106562486277,295139,667,0,23,Harrisburg
94,103262506250,295140,667,0,23,Harrisburg
94,106562836319,295141,667,0,23,Harrisburg
94,100463306330,295143,667,0,23,Harrisburg
94,100263597001,295144,667,0,23,Harrisburg
88,100463306330,295512,146,0,258,Springfield
88,100263597001,295513,146,0,258,Springfield
88,100162486283,295515,142,0,237,New York
88,106462496249,295516,142,0,237,New York
88,106562846319,295519,142,0,237,New York
88,100563256330,295520,142,0,237,New York
88,100263597001,295523,142,0,237,New York
40751,206562426277,295746,2260,0,327,Boston
40751,103262506250,295747,2260,0,327,Boston
40751,100463306330,295751,2260,0,327,Boston
40751,100263597001,295752,2260,0,327,Boston
40751,200162426276,295753,2262,0,327,Boston
40751,106462496249,295754,2262,0,327,Boston
40751,100563256330,295757,2262,0,327,Boston
40751,100263597001,295760,2262,0,327,Boston
40751,103262506250,295763,2264,0,327,Boston
40751,106462566277,295764,2264,0,327,Boston
40751,100163326332,295767,2264,0,327,Boston
40751,103262506250,295774,2233,1,326,Washington
40751,106462566277,295775,2233,1,326,Washington
40751,106463266347,295777,2233,1,326,Washington
40751,100163326332,295778,2233,1,326,Washington
40751,106562836284,295785,2248,0,327,Boston
40751,106562906319,295786,2248,0,327,Boston
40751,106463547242,295860,2213,1,326,Washington
40751,106463547242,295869,2215,1,326,Washington
40751,106463267242,295877,2222,0,328,New York
40751,106463267242,295898,2219,1,326,Washington
40751,100163397242,295900,2219,1,326,Washington
94,100263597001,295580,670,1,21,New York
94,106562486277,295582,671,0,23,Harrisburg
94,103262506250,295583,671,0,23,Harrisburg
94,100463306330,295586,671,0,23,Harrisburg
94,100263597001,295587,671,0,23,Harrisburg
94,100163397242,295599,611,0,25,Harrisburg
94,106463267242,295612,615,0,25,Harrisburg
94,106563257242,295622,637,0,24,Philadelphia
94,106563257242,295629,663,0,23,Harrisburg
40751,200162426276,295634,2271,1,324,Washington
40751,206462426277,295635,2271,1,324,Washington
40751,103262506250,295636,2271,1,324,Washington
40751,100163256346,295640,2271,1,324,Washington
40751,106463266347,295641,2271,1,324,Washington
40751,100463306330,295642,2271,1,324,Washington
40751,100263597001,295645,2271,1,324,Washington
88,106562486277,295492,128,0,349,New York
88,103262506250,295493,128,0,349,New York
88,106562836319,295494,128,0,349,New York
88,106563256347,295495,128,0,349,New York
88,100463306330,295496,128,0,349,New York
88,100263597001,295498,128,0,349,New York
40751,103262506250,295288,2216,0,328,New York
40751,106462566263,295289,2216,0,328,New York
40751,106462706277,295290,2216,0,328,New York
40751,100162836318,295292,2216,0,328,New York
40751,106462846319,295293,2216,0,328,New York
40751,100163326332,295295,2216,0,328,New York
94,106562486277,295341,664,1,21,New York
94,103262506250,295342,664,1,21,New York
94,106562836319,295343,664,1,21,New York
94,100463306330,295345,664,1,21,New York
94,100263597001,295346,664,1,21,New York
36923,112470037242,295415,20,0,244,New York
36923,100370787242,295417,20,0,244,New York
94,106563257242,295542,660,1,21,New York
94,106563257242,295556,665,0,23,Harrisburg
94,106563257242,295570,669,0,23,Harrisburg
94,106563257242,295578,670,1,21,New York
94,106563257242,295585,671,0,23,Harrisburg
88,106463547242,296021,189,1,267,Washington
88,100162486276,295503,146,0,258,Springfield
88,106462496249,295504,146,0,258,Springfield
88,103262506250,295505,146,0,258,Springfield
88,106462566277,295506,146,0,258,Springfield
88,106562836284,295508,146,0,258,Springfield
88,106462916319,295510,146,0,258,Springfield
40751,106463267242,295909,2212,0,328,New York
88,103262506250,296016,189,1,267,Washington
88,106462566277,296017,189,1,267,Washington
88,106463266347,296019,189,1,267,Washington
88,100163326332,296020,189,1,267,Washington
88,106463547242,296049,121,1,267,Washington
88,106463267242,296056,123,1,389,Philadelphia
88,106463547242,296067,139,1,260,Washington
88,106463547242,296076,145,1,340,Roanoke
88,106463547242,296109,117,1,390,Washington
88,106463547242,296118,105,1,267,Washington
88,106463267242,296181,120,0,237,New York
88,106463267242,296189,122,0,237,New York
88,106463267242,296197,132,0,264,Boston
88,106463267242,296205,166,0,264,Boston
88,106463267242,296213,104,0,237,New York
88,106463267242,296221,100,0,237,New York
40751,106463547242,296231,2227,1,326,Washington
40751,106463267242,295829,2224,0,328,New York
40751,100163397242,295831,2224,0,328,New York
40751,106463547242,295851,2223,1,326,Washington
40751,103262506250,295855,2213,1,326,Washington
40751,106462566277,295856,2213,1,326,Washington
40751,106463266347,295858,2213,1,326,Washington
40751,100163326332,295859,2213,1,326,Washington
40751,103262506250,295864,2215,1,326,Washington
40751,106462566277,295865,2215,1,326,Washington
40751,106463266347,295867,2215,1,326,Washington
40751,100163326332,295868,2215,1,326,Washington
40751,103262506250,295872,2222,0,328,New York
40751,106462566277,295873,2222,0,328,New York
40751,100163326332,295878,2222,0,328,New York
40751,106562486249,295891,2219,1,326,Washington
40751,103262506250,295892,2219,1,326,Washington
40751,100162556276,295893,2219,1,326,Washington
40751,106462566277,295894,2219,1,326,Washington
40751,100563256330,295897,2219,1,326,Washington
40751,100163326332,295899,2219,1,326,Washington
40751,100263597001,295901,2219,1,326,Washington
40751,103262506250,295905,2212,0,328,New York
40751,106462566277,295906,2212,0,328,New York
40751,100163326332,295910,2212,0,328,New York
40751,106463267242,295920,2208,0,328,New York
40751,100163397242,295922,2208,0,328,New York
40751,100163537242,295940,2207,1,326,Washington
40751,106463547242,295950,2209,1,326,Washington
40751,100163537242,295958,2211,1,326,Washington
94,106262516282,290410,607,0,23,Harrisburg
94,106562836319,290411,607,0,23,Harrisburg
94,106262856317,290412,607,0,23,Harrisburg
94,106263206329,290413,607,0,23,Harrisburg
94,106263316358,290415,607,0,23,Harrisburg
94,106063626365,290417,607,0,23,Harrisburg
84,106262516329,290747,544,1,64,Sacramento
84,106263346358,290749,544,1,64,Sacramento
84,106063626365,290751,544,1,64,Sacramento
84,106270047242,290752,544,1,64,Sacramento
84,106262516329,290269,524,1,64,Sacramento
84,106263346358,290271,524,1,64,Sacramento
84,106063626365,290273,524,1,64,Sacramento
84,106262516329,290279,537,0,61,Oakland
84,106263346358,290281,537,0,61,Oakland
84,106063626365,290283,537,0,61,Oakland
94,106270047242,290418,607,0,23,Harrisburg
84,103262506250,291532,724,1,64,Sacramento
84,100663306331,291533,724,1,64,Sacramento
84,100263597001,291534,724,1,64,Sacramento
84,306562427242,291578,738,1,64,Sacramento
84,306562427242,291531,724,1,64,Sacramento
84,103262506250,291579,738,1,64,Sacramento
84,100663306331,291580,738,1,64,Sacramento
84,100263597001,291581,738,1,64,Sacramento
84,106270047242,291628,520,1,59,Sacramento
78,112762647242,300594,786,1,146,San Diego
78,112762647242,300617,765,0,148,San Luis Obispo
78,106562626263,300636,1585,0,,Goleta
78,212762426254,300642,785,0,149,Goleta
78,106262576261,300644,785,0,149,Goleta
78,106562626263,300645,785,0,102,Los Angeles
78,212762426254,300680,593,0,102,Los Angeles
78,106062576260,300682,593,0,102,Los Angeles
78,212762426254,300687,584,1,101,San Diego
78,112762577242,300733,562,1,101,San Diego
41044,106262516303,291372,494,0,316,Greenfield
41044,106263066329,291373,494,0,316,Greenfield
41044,106263316358,291375,494,0,316,Greenfield
41044,106063626365,291377,494,0,316,Greenfield
85,107070017242,300843,80,0,177,New York
85,105770027242,300844,80,0,177,New York
61,204662426250,300874,689,0,152,Brunswick
61,100462536253,300876,689,0,152,Brunswick
61,106262586264,300878,689,0,152,Brunswick
61,105662716278,300880,689,0,152,Brunswick
61,103662816285,300885,689,0,152,Brunswick
61,101062876289,300888,689,0,152,Brunswick
61,106262926300,300890,689,0,152,Brunswick
61,103463036306,300892,689,0,152,Brunswick
61,104663086313,300893,689,0,152,Brunswick
61,106263156321,300895,689,0,152,Brunswick
61,100263246324,300897,689,0,152,Brunswick
61,106263286343,300899,689,0,152,Brunswick
61,206262426285,300913,684,1,153,Boston
61,103062866289,300914,684,1,153,Boston
61,206262426285,300916,686,1,153,Boston
61,103062866289,300917,686,1,153,Boston
61,106262927242,300921,688,1,153,Boston
42954,112762647242,300926,3511,1,,Salinas
42954,112762647242,300931,3514,1,,Salinas
42954,112762647242,300936,3611,0,,Carmel
42954,112762647242,300941,3614,0,,Carmel
41042,103262506250,300763,409,1,318,New Haven
41042,106462566256,300764,409,1,318,New Haven
41042,100163326332,300766,409,1,318,New Haven
61,106262927242,300861,681,0,152,Brunswick
61,106262927242,300864,683,0,152,Brunswick
61,106262927242,300867,685,0,152,Brunswick
61,106262927242,300870,687,0,152,Brunswick
40751,106270047242,300975,2107,1,326,Washington
40751,106262516282,300779,2154,0,327,Boston
40751,106263206329,300781,2154,0,327,Boston
40751,106263316358,300783,2154,0,327,Boston
40751,106063626365,300785,2154,0,327,Boston
61,206262426285,300910,682,1,153,Boston
61,103062866289,300911,682,1,153,Boston
60,312762427242,301294,516,0,375,Vancouver
60,312762427242,301296,518,0,291,Vancouver
78,106562626263,301245,1594,1,,Van Nuys
78,112762777242,301264,794,1,146,San Diego
81,112770737242,301283,448,1,126,Boston
81,112770737242,301292,449,0,125,Chicago
42954,212762426254,301328,4761,0,,Oakland
42954,106562556256,301329,4761,0,,Oakland
42954,106262576261,301330,4761,0,,Oakland
42954,106562626263,301331,4761,0,,Oakland
42954,212762426254,301333,4770,1,,Santa Barbara
42954,106562556256,301334,4770,1,,Santa Barbara
42954,106062576260,301335,4770,1,,Santa Barbara
42954,100362616262,301336,4770,1,,Santa Barbara
42954,212762426254,301338,4782,1,,Santa Barbara
42954,106562556256,301339,4782,1,,Santa Barbara
42954,106262576261,301340,4782,1,,Santa Barbara
42954,106562626263,301341,4782,1,,Santa Barbara
42954,112762647242,301366,4765,0,,Oakland
42954,112762647242,301372,4769,0,,Oakland
88,100163397242,301399,106,0,237,New York
88,100163537242,301412,107,1,267,Washington
79,209962426256,300701,78,1,107,Raleigh
79,102862516253,300702,78,1,107,Raleigh
79,106062576281,300703,78,1,107,Raleigh
79,106762616277,300704,78,1,107,Raleigh
79,112762827242,300705,78,1,107,Raleigh
78,212762426254,300731,562,1,101,San Diego
78,212762426254,300736,573,0,102,Los Angeles
84,106262516329,300743,527,0,230,San Jose
84,106263346358,300745,527,0,230,San Jose
94,106270047242,301032,642,1,21,New York
84,106270047242,301154,526,1,59,Sacramento
78,112762777242,301191,595,0,102,Los Angeles
40751,106270047242,301091,2162,0,327,Boston
94,106262516329,301014,605,0,25,Harrisburg
94,106263316358,301016,605,0,25,Harrisburg
94,106063626365,301018,605,0,25,Harrisburg
84,106270047242,301131,525,0,61,Oakland
94,106262516282,301024,642,1,21,New York
94,106262856317,301025,642,1,22,Philadelphia
94,106263206324,301026,642,1,21,New York
94,105663276329,301027,642,1,21,New York
94,106263316358,301029,642,1,21,New York
94,106063626365,301031,642,1,21,New York
84,106262516329,301126,525,0,61,Oakland
84,106263346358,301128,525,0,61,Oakland
84,106063626365,301130,525,0,61,Oakland
84,106262516329,301149,526,1,59,Sacramento
84,106263346358,301151,526,1,59,Sacramento
84,106063626365,301153,526,1,59,Sacramento
78,106562626263,300503,1570,1,,Van Nuys
78,106562626263,300554,1582,1,,Van Nuys
78,112762647242,300646,785,0,149,Goleta
78,112762627242,300684,593,0,102,Los Angeles
78,112762577242,300689,584,1,101,San Diego
78,106562626263,300523,1574,1,,Van Nuys
78,212762426254,300546,774,1,146,San Diego
78,106262576261,300548,774,1,146,San Diego
78,106562626263,300549,774,1,101,San Diego
78,212762426254,300613,765,0,148,San Luis Obispo
78,106262576261,300615,765,0,148,San Luis Obispo
78,106562626263,300616,765,0,102,Los Angeles
84,106063626365,300747,527,0,230,San Jose
78,112762577242,300738,573,0,102,Los Angeles
84,106270047242,300748,527,0,230,San Jose
77,312762427242,300753,52,0,6,Lorton
77,312762427242,300755,53,1,5,Sanford
40751,106270047242,300798,2193,1,,New York
61,206262426289,300908,680,1,153,Boston
61,106262927242,300912,682,1,153,Boston
61,106262927242,300915,684,1,153,Boston
61,106262927242,300918,686,1,153,Boston
42954,212762426254,300922,3511,1,,Salinas
42954,106262576261,300924,3511,1,,Salinas
42954,212762426254,300927,3514,1,,Salinas
42954,106262576261,300929,3514,1,,Salinas
42954,212762426254,300932,3611,0,,Carmel
42954,106262576261,300934,3611,0,,Carmel
42954,212762426254,300937,3614,0,,Carmel
42954,106262576261,300939,3614,0,,Carmel
61,206262426285,300859,681,0,152,Brunswick
61,103062866289,300860,681,0,152,Brunswick
61,206262426285,300862,683,0,152,Brunswick
61,103062866289,300863,683,0,152,Brunswick
61,206262426285,300865,685,0,152,Brunswick
61,103062866289,300866,685,0,152,Brunswick
61,206262426285,300868,687,0,152,Brunswick
61,103062866289,300869,687,0,152,Brunswick
40751,106262516282,300968,2107,1,326,Washington
40751,106263206329,300970,2107,1,326,Washington
40751,106263316352,300972,2107,1,326,Washington
40751,106063556365,300973,2107,1,326,Washington
40751,106270047242,300786,2154,0,327,Boston
85,200462426281,300832,80,0,177,New York
85,206662426277,300833,80,0,177,New York
85,100162486276,300834,80,0,177,New York
85,103262506250,300835,80,0,177,New York
85,105662516280,300836,80,0,177,New York
85,107062826289,300837,80,0,177,New York
85,105762836287,300838,80,0,177,New York
85,105762906297,300839,80,0,,Raleigh
85,107062916298,300840,80,0,,Raleigh
85,105762996364,300841,80,0,177,New York
85,107063026365,300842,80,0,177,New York
61,106263457242,300901,689,0,152,Brunswick
61,106262927242,300909,680,1,153,Boston
61,206262426285,300919,688,1,153,Boston
61,103062866289,300920,688,1,153,Boston
41042,106462637242,300765,409,1,318,New Haven
40751,106262516282,300791,2193,1,,New York
40751,106263206329,300793,2193,1,,New York
40751,106263316358,300795,2193,1,,New York
40751,106063626365,300797,2193,1,,New York
18650,212762426274,287788,8358,0,,St. Louis
42996,212762426256,287818,26,1,386,Mobile Amtrak Sta
42996,212762426256,287822,25,0,387,New Orleans
41080,112762577242,301449,8504,1,,Sacramento
78,112762486254,301416,770,1,151,San Diego
78,106262576261,301418,770,1,151,San Diego
78,106562626263,301419,770,1,101,San Diego
88,112763537242,301441,66,0,343,Boston
42954,212762426256,301442,8501,0,,Redding
41080,212762426256,301444,8514,1,,Sacramento
41080,212762426256,301446,8517,0,,Redding
41080,212762426256,301448,8504,1,,Sacramento
95,206262426254,301476,68,1,3,New York
95,206562426249,301477,68,1,3,New York
95,112762556268,301478,68,1,3,New York
95,109762696271,301479,68,1,,New York
95,206262426254,301481,69,0,4,Montreal
95,206562426249,301482,69,0,4,Montreal
95,112762556267,301483,69,0,4,Montreal
95,106762686270,301484,69,0,,Saratoga Springs
42951,112762487242,301423,300,0,254,Chicago
88,212762426253,301430,66,0,343,Boston
88,100362546255,301431,66,0,343,Boston
88,106462566270,301432,66,0,343,Boston
88,106062576267,301433,66,0,343,Boston
88,100362616269,301434,66,0,343,Boston
88,112762716282,301435,66,0,343,Boston
88,112562836288,301436,66,0,343,Boston
88,112762906299,301438,66,0,264,Boston
88,112763006319,301439,66,0,343,Boston
88,112763206352,301440,66,0,343,Boston
84,106270047242,301498,530,1,64,Sacramento
41080,112762906298,301428,4156,0,,Washington
95,112762727242,301480,68,1,3,New York
95,112762717242,301485,69,0,4,Montreal
84,106262516329,301493,530,1,64,Sacramento
84,106263346358,301495,530,1,64,Sacramento
84,106063626365,301497,530,1,64,Sacramento
94,106270047242,301019,605,0,25,Harrisburg
88,106262516282,301035,141,1,259,Washington
88,106263206329,301037,141,1,259,Washington
88,106263316352,301039,141,1,259,Washington
88,106063556365,301040,141,1,259,Washington
88,103262506250,301045,157,1,259,Washington
88,106462566270,301046,157,1,390,Washington
88,106462776277,301047,157,1,259,Washington
88,100163326332,301050,157,1,259,Washington
88,100162486276,301052,194,0,264,Boston
88,106462496249,301053,194,0,264,Boston
88,106562836319,301056,194,0,264,Boston
88,100563256330,301057,194,0,264,Boston
88,100263597001,301060,194,0,264,Boston
88,106262516282,301063,84,0,237,New York
88,106263206329,301066,84,0,237,New York
88,106263316358,301068,84,0,237,New York
88,106063626365,301070,84,0,237,New York
88,103262506250,301074,96,0,264,Boston
88,106462566277,301075,96,0,264,Boston
88,100163326332,301079,96,0,264,Boston
40751,106262516282,301084,2162,0,327,Boston
40751,106263206329,301086,2162,0,327,Boston
40751,106263316358,301088,2162,0,327,Boston
40751,106063626365,301090,2162,0,327,Boston
78,212762426253,301187,595,0,102,Los Angeles
78,112762576274,301189,595,0,102,Los Angeles
88,106270047242,301042,141,1,259,Washington
88,106463267242,301049,157,1,259,Washington
88,100163397242,301059,194,0,264,Boston
88,106270047242,301071,84,0,237,New York
88,106463267242,301078,96,0,264,Boston
78,212762426253,301257,794,1,146,San Diego
78,100262546254,301258,794,1,147,Los Angeles
78,106262576261,301260,794,1,146,San Diego
78,106562626263,301261,794,1,101,San Diego
78,112762646274,301262,794,1,146,San Diego
78,100362756276,301263,794,1,147,Los Angeles
81,212762426287,301279,448,1,126,Boston
81,100762886290,301280,448,1,,Rensselaer
81,112762917071,301281,448,1,126,Boston
81,100170727072,301282,448,1,126,Boston
81,212762426254,301284,449,0,125,Chicago
81,109762556257,301285,449,0,125,Chicago
81,103062586261,301286,449,0,125,Chicago
81,109762626264,301287,449,0,125,Chicago
81,112762656289,301288,449,0,125,Chicago
81,109762906292,301289,449,0,,Chicago
81,112762937071,301290,449,0,125,Chicago
81,100170727072,301291,449,0,125,Chicago
42954,212762426254,301355,4785,0,,Oakland
42954,106562556256,301356,4785,0,,Oakland
42954,106262576261,301357,4785,0,,Oakland
42954,106562626263,301358,4785,0,,Oakland
42954,106562486249,301362,4765,0,,Oakland
42954,106262506261,301363,4765,0,,Oakland
42954,106562556256,301364,4765,0,,Oakland
42954,106562626263,301365,4765,0,,Oakland
42954,106562486249,301368,4769,0,,Oakland
42954,106262506261,301369,4769,0,,Oakland
42954,106562556256,301370,4769,0,,Oakland
42954,106562626263,301371,4769,0,,Oakland
42954,112762647242,301332,4761,0,,Oakland
42954,112762637242,301337,4770,1,,Santa Barbara
42954,112762647242,301342,4782,1,,Santa Barbara
42954,112762647242,301359,4785,0,,Oakland
88,200162426248,301390,106,0,237,New York
88,106462496249,301391,106,0,237,New York
88,100162626276,301393,106,0,237,New York
88,106562836319,301396,106,0,237,New York
88,100563256330,301397,106,0,237,New York
88,100263597001,301400,106,0,237,New York
88,106562486249,301402,107,1,267,Washington
88,100162626276,301404,107,1,267,Washington
88,100162836318,301406,107,1,267,Washington
88,106462846319,301407,107,1,267,Washington
88,100563256330,301409,107,1,267,Washington
88,100163396346,301411,107,1,267,Washington
88,100263597001,301413,107,1,267,Washington
78,112762647242,301420,770,1,151,San Diego
42954,112762577242,301443,8501,0,,Redding
41080,112762577242,301445,8514,1,,Sacramento
41080,112762577242,301447,8517,0,,Redding
68,112763067242,288440,63,0,350,Toronto
68,206262426250,288435,63,0,350,Toronto
68,206562426249,288436,63,0,350,Toronto
68,103062516254,288437,63,0,350,Toronto
68,106562556256,288438,63,0,350,Toronto
68,112762576305,288439,63,0,350,Toronto
18650,112762737242,288466,8359,1,,Carbondale
18650,212762426272,288465,8359,1,,Carbondale
84,306562427242,288487,749,0,61,Oakland
84,103262506250,288488,749,0,61,Oakland
84,100663306331,288489,749,0,61,Oakland
84,100263597001,288490,749,0,61,Oakland
41080,102062606267,288130,3353,0,,Chicago
42954,212762426254,288659,4790,1,,Santa Barbara
42954,106562556256,288660,4790,1,,Santa Barbara
42954,212762426254,288667,4985,0,,Fullerton
42954,106562556256,288668,4985,0,,Fullerton
42954,212762426254,288670,4970,1,,Palm Springs
42954,106562556256,288671,4970,1,,Palm Springs
42954,212762426254,288673,4982,1,,Indio
42954,106562556256,288674,4982,1,,Indio
42954,212762426254,288676,4969,0,,Fullerton
42954,106562556256,288677,4969,0,,Fullerton
78,112762577242,288696,564,1,101,San Diego
78,112762577242,288699,567,0,102,Los Angeles
78,112762577242,288771,566,1,101,San Diego
78,212762426254,288694,564,1,101,San Diego
78,212762426254,288697,567,0,102,Los Angeles
42954,112762577242,288661,4790,1,,Santa Barbara
42954,112762577242,288669,4985,0,,Fullerton
42954,112762577242,288672,4970,1,,Palm Springs
42954,112762577242,288675,4982,1,,Indio
42954,112762577242,288678,4969,0,,Fullerton
51,100170727072,288953,1004,1,118,Chicago
84,103262506250,288532,751,0,61,Oakland
84,100663306331,288533,751,0,61,Oakland
84,100263597001,288534,751,0,61,Oakland
84,306562427242,288531,751,0,61,Oakland
78,212762426254,288769,566,1,101,San Diego
51,100170727072,288918,1003,0,270,Los Angeles
36921,206262426254,289638,230,1,245,New York
36921,206562426256,289639,230,1,245,New York
36921,106562486249,289648,244,1,245,New York
36921,102962516255,289650,244,1,245,New York
42985,106262517242,296325,9422,0,,Baltimore
42985,106262517242,296328,9424,0,,Baltimore
42985,106262517242,296332,9426,0,,Baltimore
42985,106262517242,296335,9428,0,,Baltimore
42985,106262517242,296338,9430,0,,Baltimore
42985,106262517242,296341,9438,0,,Baltimore
42985,106262517242,296344,9440,0,,Baltimore
42985,106262517242,296347,9445,1,,Washington
42985,106262517242,296350,9447,1,,Washington
42985,106262517242,296353,9448,0,,Baltimore
42985,106262517242,296356,9449,1,,Washington
42985,106262517242,296359,9502,0,,Perryville
42985,106262517242,296362,9520,0,,Perryville
42985,106262517242,296365,9532,0,,Perryville
42985,106262517242,296368,9536,0,,Perryville
42985,106262517242,296371,9548,0,,Perryville
42985,106262517242,296374,9550,0,,Perryville
42985,106262517242,296377,9554,0,,Perryville
42985,106262517242,296380,9579,1,,Baltimore
42985,106262517242,296383,9610,0,,Martin Airport
42985,106262517242,296386,9612,0,,Martin Airport
42985,106262517242,296390,9634,0,,Martin Airport
42985,106262517242,296393,9652,0,,Perryville
42985,106262517242,296396,9400,0,,Baltimore
42985,106262517242,296399,9404,0,,Baltimore
42985,106262517242,296402,9408,0,,Baltimore
42985,106262517242,296405,9410,0,,Baltimore
42985,106262517242,296408,9412,0,,Baltimore
42985,106262517242,296267,9431,1,,Washington
42985,106262517242,296270,9433,1,,Washington
42985,106262517242,296273,9435,1,,Washington
42985,106262517242,296276,9439,1,,Washington
42985,106262517242,296279,9443,1,,Washington
42985,106262517242,296282,9451,1,,Washington
42985,106262517242,296285,9505,1,,Washington
42985,106262517242,296288,9511,1,,Washington
42985,106262517242,296291,9517,1,,Washington
42985,106262517242,296294,9525,1,,Washington
42985,106262517242,296297,9537,1,,Washington
42985,106262517242,296300,9583,1,,Baltimore
42985,106262517242,296303,9585,1,,Baltimore
42985,106262517242,296306,9587,1,,Baltimore
42985,106262517242,296309,9613,1,,Baltimore
42985,106262517242,296312,9641,0,,Washington
42985,106262517242,296315,9679,1,,Washington
42985,106062517242,296318,9455,1,,Washington
88,106562486277,296509,169,1,355,Philadelphia
88,103262506250,296510,169,1,355,Philadelphia
88,106562836319,296512,169,1,355,Philadelphia
88,100463306330,296514,169,1,355,Philadelphia
88,100263597001,296515,169,1,355,Philadelphia
54,112763067242,296475,332,1,20,Chicago
54,112763067242,296480,334,1,20,Chicago
88,100163397242,296490,167,1,355,Philadelphia
40751,106463267242,296503,2293,1,,New York
40751,100163397242,296505,2293,1,,New York
88,103262506250,296177,120,0,237,New York
88,106462566277,296178,120,0,237,New York
88,100163326332,296182,120,0,237,New York
88,103262506250,296185,122,0,237,New York
88,106462566277,296186,122,0,237,New York
88,100163326332,296190,122,0,237,New York
88,103262506250,296193,132,0,264,Boston
88,106462566277,296194,132,0,264,Boston
88,100163326332,296198,132,0,264,Boston
88,103262506250,296201,166,0,264,Boston
88,106462566277,296202,166,0,264,Boston
88,100163326332,296206,166,0,264,Boston
88,103262506250,296209,104,0,237,New York
88,106462566277,296210,104,0,237,New York
88,100163326332,296214,104,0,237,New York
88,103262506250,296217,100,0,237,New York
88,106462566277,296218,100,0,237,New York
88,100163326332,296222,100,0,237,New York
42985,106262517242,296234,9401,1,,Washington
42985,106262517242,296237,9403,1,,Washington
42985,106262517242,296240,9407,1,,Washington
42985,106262517242,296243,9409,1,,Washington
42985,106262517242,296246,9413,1,,Washington
42985,106262517242,296249,9415,1,,Washington
42985,106262517242,296252,9419,1,,Washington
42985,106262517242,296255,9421,1,,Washington
42985,106262517242,296258,9423,1,,Washington
42985,106262517242,296261,9427,1,,Washington
42985,106262517242,296264,9429,1,,Washington
42985,106262517242,296414,9414,0,,Baltimore
42985,106262517242,296417,9416,0,,Baltimore
42985,106262517242,296420,9418,0,,Baltimore
42985,106262517242,296423,9446,0,,Baltimore
42985,106262517242,296426,9544,0,,Perryville
42985,106262517242,296429,9642,0,,Martin Airport
42948,103262506250,296640,3604,1,,New London
42948,103262506250,296644,3610,1,,New London
42948,103262506250,296648,3613,0,,New Haven
42948,103262506250,296652,3618,1,,New London
42948,103262506250,296656,3621,0,,New Haven
42948,103262506250,296660,3629,0,,New Haven
42948,103262506250,296664,3637,0,,New Haven
42948,103262506250,296668,3645,0,,New Haven
42948,103262506250,296670,3652,1,,New London
42948,103262506250,296672,3690,1,,New London
42948,103262506250,296676,3692,1,,New London
42948,103262506250,296678,3699,0,,New Haven
42948,103262506250,296680,3034,1,,New London
42948,103262506250,296702,3655,0,,New Haven
42948,103262506250,296706,3663,0,,New Haven
42948,103262506250,296708,3644,1,,New London
42957,312762427242,296759,380,1,,Chicago
72,312762427242,296762,381,0,69,Quincy
42948,106262517242,296719,1600,1,,New London
42948,106262517242,296725,1604,1,,New London
42948,106262517242,296728,1606,1,,New London
42948,106262517242,296731,1610,1,,New London
42948,106262517242,296737,1634,1,,New London
42948,106262517242,296740,1638,1,,New London
42948,106262517242,296743,1652,1,,New London
42948,106262517242,296746,1699,0,,New Haven
42948,106262517242,296754,1695,0,,New Haven
54,206262426303,296473,332,1,20,Chicago
54,206562426305,296474,332,1,20,Chicago
54,206562426305,296477,334,1,20,Chicago
54,206262426303,296479,334,1,20,Chicago
88,100162486276,296483,167,1,355,Philadelphia
88,106462496249,296484,167,1,355,Philadelphia
88,106562836319,296487,167,1,355,Philadelphia
88,100563256330,296488,167,1,355,Philadelphia
88,100263597001,296491,167,1,355,Philadelphia
40751,100162486276,296496,2293,1,,New York
40751,106462496249,296497,2293,1,,New York
40751,103262506250,296498,2293,1,,New York
40751,106462566277,296499,2293,1,,New York
40751,100563256330,296502,2293,1,,New York
40751,100163326332,296504,2293,1,,New York
40751,100263597001,296506,2293,1,,New York
88,106563257242,296513,169,1,355,Philadelphia
42948,306562427242,296639,3604,1,,New London
42948,306562427242,296643,3610,1,,New London
42948,306562427242,296647,3613,0,,New Haven
42948,306562427242,296651,3618,1,,New London
42948,306562427242,296655,3621,0,,New Haven
42948,306562427242,296659,3629,0,,New Haven
42948,306562427242,296663,3637,0,,New Haven
42948,306562427242,296667,3645,0,,New Haven
42948,306562427242,296669,3652,1,,New London
42948,306562427242,296671,3690,1,,New London
42948,306562427242,296675,3692,1,,New London
42948,306562427242,296677,3699,0,,New Haven
42948,306562427242,296679,3034,1,,New London
42948,106262517242,296683,1637,0,,New Haven
42948,106262517242,296686,1645,0,,New Haven
42948,106262517242,296689,1659,0,,New Haven
42948,106262517242,296692,1667,0,,New Haven
42948,106262517242,296695,1687,0,,New Haven
42948,106262517242,296698,1633,0,,New Haven
42948,106562487242,296701,3655,0,,New Haven
42948,306562427242,296705,3663,0,,New Haven
42948,306562427242,296707,3644,1,,New London
42992,200262426254,296782,1233,0,,Pittsfield
42992,109662506256,296784,1233,0,,Pittsfield
42992,109862506256,296789,1246,1,,New York
42954,312762427242,296792,5801,0,,Bakersfield
36949,206262426254,296896,290,1,370,New York
36949,206562426256,296898,290,1,370,New York
88,106262856317,296975,1088,0,264,Boston
88,106563537242,296985,153,1,267,Washington
88,103262506250,297242,149,1,260,Washington
88,106462566270,297243,149,1,267,Washington
88,106462776277,297244,149,1,260,Washington
88,106463266347,297246,149,1,260,Washington
88,100163326332,297247,149,1,260,Washington
40751,109762486250,297314,2259,1,324,Washington
40751,106562556270,297315,2259,1,326,Washington
40751,106562766277,297316,2259,1,324,Washington
40751,106563256347,297318,2259,1,324,Washington
40751,100463306330,297319,2259,1,324,Washington
40751,100263597001,297321,2259,1,324,Washington
40751,109762486250,297331,2265,1,324,Washington
40751,106562556270,297332,2265,1,326,Washington
40751,106562766277,297333,2265,1,324,Washington
40751,100163256346,297335,2265,1,324,Washington
40751,106463266347,297336,2265,1,324,Washington
40751,100463306330,297337,2265,1,324,Washington
40751,100263597001,297340,2265,1,324,Washington
40751,106563537242,297398,2267,1,324,Washington
60,312762427242,297773,507,1,292,Eugene
60,312762427242,297775,517,1,372,Portland
88,106270047242,297788,176,0,264,Boston
88,106262856317,296974,1082,0,264,Boston
88,106562767242,297498,150,0,356,Boston
88,100163397242,297511,152,0,264,Boston
40751,100163397242,297557,2250,0,327,Boston
40751,106463267242,297613,2290,0,325,Boston
60,312762427242,297617,508,0,289,Seattle
88,100163397242,297627,82,0,264,Boston
60,312762427242,297644,511,1,293,Portland
60,312762427242,297647,506,0,290,Seattle
88,103062516268,297778,176,0,264,Boston
88,106262726282,297780,176,0,264,Boston
88,106263206329,297783,176,0,264,Boston
88,106263316358,297785,176,0,264,Boston
88,106063626365,297787,176,0,264,Boston
40751,106563257242,297828,2258,0,327,Boston
40751,100163257242,297666,2252,0,327,Boston
40751,106463267242,297667,2252,0,327,Boston
40751,106463267242,297685,2254,0,327,Boston
40751,100163397242,297687,2254,0,327,Boston
88,106563257242,297703,140,0,258,Springfield
88,106463267242,297714,154,0,264,Boston
88,106563257242,297723,160,0,264,Boston
88,106562907242,297733,162,0,264,Boston
60,312762427242,297755,503,1,292,Eugene
60,312762427242,297757,505,1,293,Portland
88,106562907242,297765,88,0,264,Boston
88,100163326332,297715,154,0,264,Boston
88,109762486250,297718,160,0,264,Boston
88,106562556270,297719,160,0,,Boston
88,106562766277,297721,160,0,264,Boston
88,106562836319,297722,160,0,264,Boston
88,100463306330,297724,160,0,264,Boston
88,100263597001,297725,160,0,264,Boston
88,109762486250,297728,162,0,264,Boston
88,106562556270,297729,162,0,237,New York
88,106562766277,297731,162,0,264,Boston
88,106562836284,297732,162,0,264,Boston
88,100463306330,297734,162,0,264,Boston
88,100263597001,297735,162,0,264,Boston
88,206562426249,297759,88,0,264,Boston
88,103262506250,297760,88,0,264,Boston
88,106562556270,297761,88,0,,Boston
88,106562766277,297763,88,0,264,Boston
88,106562836284,297764,88,0,264,Boston
88,100463306330,297766,88,0,264,Boston
88,100263597001,297767,88,0,264,Boston
60,312762427242,297804,502,0,290,Seattle
60,312762427242,297808,509,1,293,Portland
36949,112762577242,296899,290,1,370,New York
96,112770747242,296924,6,1,174,Chicago
96,112770747242,296932,5,0,173,Emeryville
42956,106562697242,296943,365,0,172,Chicago
42956,106262717242,296944,365,0,172,Chicago
96,212762426340,296919,6,1,174,Chicago
96,112763417070,296920,6,1,174,Chicago
96,100270717071,296921,6,1,174,Chicago
96,106470737073,296923,6,1,174,Chicago
96,212762426340,296927,5,0,173,Emeryville
96,112763417070,296928,5,0,173,Emeryville
96,100270717071,296929,5,0,173,Emeryville
96,106470737073,296931,5,0,173,Emeryville
42956,206562426263,296941,365,0,172,Chicago
42956,206262426268,296942,365,0,172,Chicago
42957,312762427242,296992,383,0,,Quincy
72,312762427242,296998,382,1,70,Chicago
60,312762427242,297072,500,0,290,Seattle
42956,106562697242,296938,364,1,171,Port Huron
42956,106262717242,296939,364,1,171,Port Huron
88,106562486277,296979,153,1,267,Washington
88,103262506250,296980,153,1,267,Washington
88,106562836319,296982,153,1,267,Washington
88,106563256347,296983,153,1,267,Washington
88,100463306330,296984,153,1,267,Washington
88,100263597001,296986,153,1,267,Washington
42956,206562426263,296936,364,1,171,Port Huron
42956,206262426268,296937,364,1,171,Port Huron
88,103262506250,297495,150,0,356,Boston
88,106562556270,297496,150,0,,Boston
88,100463306330,297499,150,0,356,Boston
88,100263597001,297500,150,0,356,Boston
88,106562486249,297502,152,0,264,Boston
88,100162556269,297503,152,0,237,New York
88,100162766276,297506,152,0,264,Boston
88,100162836318,297507,152,0,264,Boston
88,106462846319,297508,152,0,264,Boston
88,100563256330,297509,152,0,264,Boston
88,100263597001,297512,152,0,264,Boston
40751,106562486249,297548,2250,0,327,Boston
40751,100162766276,297553,2250,0,327,Boston
40751,106562836319,297554,2250,0,327,Boston
40751,100563256330,297555,2250,0,327,Boston
40751,100263597001,297558,2250,0,327,Boston
40751,103262506250,297609,2290,0,325,Boston
40751,106462776277,297611,2290,0,325,Boston
40751,100163326332,297614,2290,0,325,Boston
88,200162426248,297619,82,0,264,Boston
88,106462496249,297620,82,0,264,Boston
88,100162556269,297621,82,0,237,New York
88,100162766276,297623,82,0,264,Boston
88,106562836319,297624,82,0,264,Boston
88,100563256330,297625,82,0,264,Boston
88,100263597001,297628,82,0,264,Boston
40751,109762486250,297661,2252,0,327,Boston
40751,106562556270,297662,2252,0,328,New York
40751,106562766277,297664,2252,0,327,Boston
40751,106562836319,297665,2252,0,327,Boston
40751,100463306330,297668,2252,0,327,Boston
40751,100263597001,297669,2252,0,327,Boston
40751,200162426248,297672,2254,0,327,Boston
40751,106462496249,297674,2254,0,327,Boston
40751,103262506250,297675,2254,0,327,Boston
40751,100162556269,297676,2254,0,328,New York
40751,106462566270,297677,2254,0,328,New York
40751,100162766276,297678,2254,0,327,Boston
40751,106462776277,297679,2254,0,327,Boston
40751,100563256330,297684,2254,0,327,Boston
40751,100163326332,297686,2254,0,327,Boston
40751,100263597001,297688,2254,0,327,Boston
88,206562426249,297695,140,0,258,Springfield
88,103262506250,297696,140,0,258,Springfield
88,106562766277,297701,140,0,258,Springfield
88,106562836319,297702,140,0,258,Springfield
88,100463306330,297704,140,0,258,Springfield
88,100263597001,297705,140,0,258,Springfield
88,103262506250,297709,154,0,264,Boston
88,106462566270,297710,154,0,237,New York
88,106462776277,297711,154,0,264,Boston
