agency,service_name,route_name,train_number,direction,station_id,station_name,station_sequence,arrival_time,departure_time,service_start_date,service_end_date,service_dates,service_days,timetable_effective_date,timetable_last_updated_date,timetable_revision_date,source_original_filename,source_pdf,source_page,raw_notes
Metro-North,Waterbury Branch,New Haven Line - Waterbury Branch,1402~1,From Grand Central,STM,Stamford,1,06:01,06:01,2026-03-29,,,weekday,2026-03-29,2026-03-16,,03-29-26_NHL-WB-Sched_v2.pdf,metro_north_waterbury_branch_effective_2026-03-29_updated_2026-03-16.pdf,2,From Grand Central
Metro-North,Waterbury Branch,New Haven Line - Waterbury Branch,1402~2,From Grand Central,STM,Stamford,1,06:01,06:01,2026-03-29,,,weekday,2026-03-29,2026-03-16,,03-29-26_NHL-WB-Sched_v2.pdf,metro_north_waterbury_branch_effective_2026-03-29_updated_2026-03-16.pdf,2,From Grand Central
Metro-North,Waterbury Branch,New Haven Line - Waterbury Branch,1402~1,From Grand Central,BRP,Bridgeport,2,06:43,,2026-03-29,,,weekday,2026-03-29,2026-03-16,,03-29-26_NHL-WB-Sched_v2.pdf,metro_north_waterbury_branch_effective_2026-03-29_updated_2026-03-16.pdf,2,From Grand Central
Metro-North,Waterbury Branch,New Haven Line - Waterbury Branch,1402~2,From Grand Central,BRP,Bridgeport,2,06:43,,2026-03-29,,,weekday,2026-03-29,2026-03-16,,03-29-26_NHL-WB-Sched_v2.pdf,metro_north_waterbury_branch_effective_2026-03-29_updated_2026-03-16.pdf,2,From Grand Central
Metro-North,Waterbury Branch,New Haven Line - Waterbury Branch,1402~1,From Grand Central,BRP,Bridgeport,3,,06:54,2026-03-29,,,weekday,2026-03-29,2026-03-16,,03-29-26_NHL-WB-Sched_v2.pdf,metro_north_waterbury_branch_effective_2026-03-29_updated_2026-03-16.pdf,2,From Grand Central
Metro-North,Waterbury Branch,New Haven Line - Waterbury Branch,1402~2,From Grand Central,BRP,Bridgeport,3,,06:54,2026-03-29,,,weekday,2026-03-29,2026-03-16,,03-29-26_NHL-WB-Sched_v2.pdf,metro_north_waterbury_branch_effective_2026-03-29_updated_2026-03-16.pdf,2,From Grand Central
Metro-North,Waterbury Branch,New Haven Line - Waterbury Branch,1402~1,From Grand Central,SFD,Stratford,4,07:01,07:01,2026-03-29,,,weekday,2026-03-29,2026-03-16,,03-29-26_NHL-WB-Sched_v2.pdf,metro_north_waterbury_branch_effective_2026-03-29_updated_2026-03-16.pdf,2,From Grand Central
Metro-North,Waterbury Branch,New Haven Line - Waterbury Branch,1402~2,From Grand Central,SFD,Stratford,4,07:01,07:01,2026-03-29,,,weekday,2026-03-29,2026-03-16,,03-29-26_NHL-WB-Sched_v2.pdf,metro_north_waterbury_branch_effective_2026-03-29_updated_2026-03-16.pdf,2,From Grand Central
Metro-North,Waterbury Branch,New Haven Line - Waterbury Branch,1402~1,From Grand Central,DBY,Derby-Shelton,5,07:30,07:30,2026-03-29,,,weekday,2026-03-29,2026-03-16,,03-29-26_NHL-WB-Sched_v2.pdf,metro_north_waterbury_branch_effective_2026-03-29_updated_2026-03-16.pdf,2,From Grand Central
Metro-North,Waterbury Branch,New Haven Line - Waterbury Branch,1402~2,From Grand Central,DBY,Derby-Shelton,5,07:30,07:30,2026-03-29,,,weekday,2026-03-29,2026-03-16,,03-29-26_NHL-WB-Sched_v2.pdf,metro_north_waterbury_branch_effective_2026-03-29_updated_2026-03-16.pdf,2,From Grand Central
Metro-North,Waterbury Branch,New Haven Line - Waterbury Branch,1402~1,From Grand Central,ANS,Ansonia,6,07:34,07:34,2026-03-29,,,weekday,2026-03-29,2026-03-16,,03-29-26_NHL-WB-Sched_v2.pdf,metro_north_waterbury_branch_effective_2026-03-29_updated_2026-03-16.pdf,2,From Grand Central
Metro-North,Waterbury Branch,New Haven Line - Waterbury Branch,1402~2,From Grand Central,ANS,Ansonia,6,07:34,07:34,2026-03-29,,,weekday,2026-03-29,2026-03-16,,03-29-26_NHL-WB-Sched_v2.pdf,metro_north_waterbury_branch_effective_2026-03-29_updated_2026-03-16.pdf,2,From Grand Central
Metro-North,Waterbury Branch,New Haven Line - Waterbury Branch,1402~1,From Grand Central,SEY,Seymour,7,07:41,07:41,2026-03-29,,,weekday,2026-03-29,2026-03-16,,03-29-26_NHL-WB-Sched_v2.pdf,metro_north_waterbury_branch_effective_2026-03-29_updated_2026-03-16.pdf,2,From Grand Central
Metro-North,Waterbury Branch,New Haven Line - Waterbury Branch,1402~2,From Grand Central,SEY,Seymour,7,07:41,07:41,2026-03-29,,,weekday,2026-03-29,2026-03-16,,03-29-26_NHL-WB-Sched_v2.pdf,metro_north_waterbury_branch_effective_2026-03-29_updated_2026-03-16.pdf,2,From Grand Central
Metro-North,Waterbury Branch,New Haven Line - Waterbury Branch,1402~1,From Grand Central,BCF,Beacon Falls,8,07:47,07:47,2026-03-29,,,weekday,2026-03-29,2026-03-16,,03-29-26_NHL-WB-Sched_v2.pdf,metro_north_waterbury_branch_effective_2026-03-29_updated_2026-03-16.pdf,2,From Grand Central
Metro-North,Waterbury Branch,New Haven Line - Waterbury Branch,1402~2,From Grand Central,BCF,Beacon Falls,8,07:47,07:47,2026-03-29,,,weekday,2026-03-29,2026-03-16,,03-29-26_NHL-WB-Sched_v2.pdf,metro_north_waterbury_branch_effective_2026-03-29_updated_2026-03-16.pdf,2,From Grand Central
Metro-North,Waterbury Branch,New Haven Line - Waterbury Branch,1402~1,From Grand Central,NAU,Naugatuck,9,07:54,07:54,2026-03-29,,,weekday,2026-03-29,2026-03-16,,03-29-26_NHL-WB-Sched_v2.pdf,metro_north_waterbury_branch_effective_2026-03-29_updated_2026-03-16.pdf,2,From Grand Central
Metro-North,Waterbury Branch,New Haven Line - Waterbury Branch,1402~2,From Grand Central,NAU,Naugatuck,9,07:54,07:54,2026-03-29,,,weekday,2026-03-29,2026-03-16,,03-29-26_NHL-WB-Sched_v2.pdf,metro_north_waterbury_branch_effective_2026-03-29_updated_2026-03-16.pdf,2,From Grand Central
Metro-North,Waterbury Branch,New Haven Line - Waterbury Branch,1402~1,From Grand Central,WBY,Waterbury,10,08:08,08:08,2026-03-29,,,weekday,2026-03-29,2026-03-16,,03-29-26_NHL-WB-Sched_v2.pdf,metro_north_waterbury_branch_effective_2026-03-29_updated_2026-03-16.pdf,2,From Grand Central
Metro-North,Waterbury Branch,New Haven Line - Waterbury Branch,1402~2,From Grand Central,WBY,Waterbury,10,08:08,08:08,2026-03-29,,,weekday,2026-03-29,2026-03-16,,03-29-26_NHL-WB-Sched_v2.pdf,metro_north_waterbury_branch_effective_2026-03-29_updated_2026-03-16.pdf,2,From Grand Central
Metro-North,Waterbury Branch,New Haven Line - Waterbury Branch,1456~1,From Grand Central,STM,Stamford,1,06:13,06:13,2026-03-29,,,weekday,2026-03-29,2026-03-16,,03-29-26_NHL-WB-Sched_v2.pdf,metro_north_waterbury_branch_effective_2026-03-29_updated_2026-03-16.pdf,2,From Grand Central
Metro-North,Waterbury Branch,New Haven Line - Waterbury Branch,1456~2,From Grand Central,STM,Stamford,1,18:13,18:13,2026-03-29,,,weekday,2026-03-29,2026-03-16,,03-29-26_NHL-WB-Sched_v2.pdf,metro_north_waterbury_branch_effective_2026-03-29_updated_2026-03-16.pdf,2,From Grand Central
Metro-North,Waterbury Branch,New Haven Line - Waterbury Branch,1456~3,From Grand Central,STM,Stamford,1,18:13,18:13,2026-03-29,,,weekday,2026-03-29,2026-03-16,,03-29-26_NHL-WB-Sched_v2.pdf,metro_north_waterbury_branch_effective_2026-03-29_updated_2026-03-16.pdf,2,From Grand Central
Metro-North,Waterbury Branch,New Haven Line - Waterbury Branch,1456~1,From Grand Central,BRP,Bridgeport,2,06:55,,2026-03-29,,,weekday,2026-03-29,2026-03-16,,03-29-26_NHL-WB-Sched_v2.pdf,metro_north_waterbury_branch_effective_2026-03-29_updated_2026-03-16.pdf,2,From Grand Central
Metro-North,Waterbury Branch,New Haven Line - Waterbury Branch,1456~2,From Grand Central,BRP,Bridgeport,2,18:55,,2026-03-29,,,weekday,2026-03-29,2026-03-16,,03-29-26_NHL-WB-Sched_v2.pdf,metro_north_waterbury_branch_effective_2026-03-29_updated_2026-03-16.pdf,2,From Grand Central
Metro-North,Waterbury Branch,New Haven Line - Waterbury Branch,1456~3,From Grand Central,BRP,Bridgeport,2,18:55,,2026-03-29,,,weekday,2026-03-29,2026-03-16,,03-29-26_NHL-WB-Sched_v2.pdf,metro_north_waterbury_branch_effective_2026-03-29_updated_2026-03-16.pdf,2,From Grand Central
Metro-North,Waterbury Branch,New Haven Line - Waterbury Branch,1456~1,From Grand Central,BRP,Bridgeport,3,,07:13,2026-03-29,,,weekday,2026-03-29,2026-03-16,,03-29-26_NHL-WB-Sched_v2.pdf,metro_north_waterbury_branch_effective_2026-03-29_updated_2026-03-16.pdf,2,From Grand Central
Metro-North,Waterbury Branch,New Haven Line - Waterbury Branch,1456~2,From Grand Central,BRP,Bridgeport,3,,19:13,2026-03-29,,,weekday,2026-03-29,2026-03-16,,03-29-26_NHL-WB-Sched_v2.pdf,metro_north_waterbury_branch_effective_2026-03-29_updated_2026-03-16.pdf,2,From Grand Central
Metro-North,Waterbury Branch,New Haven Line - Waterbury Branch,1456~3,From Grand Central,BRP,Bridgeport,3,,19:13,2026-03-29,,,weekday,2026-03-29,2026-03-16,,03-29-26_NHL-WB-Sched_v2.pdf,metro_north_waterbury_branch_effective_2026-03-29_updated_2026-03-16.pdf,2,From Grand Central
Metro-North,Waterbury Branch,New Haven Line - Waterbury Branch,1456~1,From Grand Central,DBY,Derby-Shelton,4,07:33,07:33,2026-03-29,,,weekday,2026-03-29,2026-03-16,,03-29-26_NHL-WB-Sched_v2.pdf,metro_north_waterbury_branch_effective_2026-03-29_updated_2026-03-16.pdf,2,From Grand Central
Metro-North,Waterbury Branch,New Haven Line - Waterbury Branch,1456~2,From Grand Central,DBY,Derby-Shelton,4,19:33,19:33,2026-03-29,,,weekday,2026-03-29,2026-03-16,,03-29-26_NHL-WB-Sched_v2.pdf,metro_north_waterbury_branch_effective_2026-03-29_updated_2026-03-16.pdf,2,From Grand Central
Metro-North,Waterbury Branch,New Haven Line - Waterbury Branch,1456~3,From Grand Central,DBY,Derby-Shelton,4,19:33,19:33,2026-03-29,,,weekday,2026-03-29,2026-03-16,,03-29-26_NHL-WB-Sched_v2.pdf,metro_north_waterbury_branch_effective_2026-03-29_updated_2026-03-16.pdf,2,From Grand Central
Metro-North,Waterbury Branch,New Haven Line - Waterbury Branch,1456~1,From Grand Central,ANS,Ansonia,5,07:44,07:44,2026-03-29,,,weekday,2026-03-29,2026-03-16,,03-29-26_NHL-WB-Sched_v2.pdf,metro_north_waterbury_branch_effective_2026-03-29_updated_2026-03-16.pdf,2,From Grand Central
Metro-North,Waterbury Branch,New Haven Line - Waterbury Branch,1456~2,From Grand Central,ANS,Ansonia,5,19:44,19:44,2026-03-29,,,weekday,2026-03-29,2026-03-16,,03-29-26_NHL-WB-Sched_v2.pdf,metro_north_waterbury_branch_effective_2026-03-29_updated_2026-03-16.pdf,2,From Grand Central
Metro-North,Waterbury Branch,New Haven Line - Waterbury Branch,1456~3,From Grand Central,ANS,Ansonia,5,19:44,19:44,2026-03-29,,,weekday,2026-03-29,2026-03-16,,03-29-26_NHL-WB-Sched_v2.pdf,metro_north_waterbury_branch_effective_2026-03-29_updated_2026-03-16.pdf,2,From Grand Central
Metro-North,Waterbury Branch,New Haven Line - Waterbury Branch,1456~1,From Grand Central,SEY,Seymour,6,07:55,07:55,2026-03-29,,,weekday,2026-03-29,2026-03-16,,03-29-26_NHL-WB-Sched_v2.pdf,metro_north_waterbury_branch_effective_2026-03-29_updated_2026-03-16.pdf,2,From Grand Central
Metro-North,Waterbury Branch,New Haven Line - Waterbury Branch,1456~2,From Grand Central,SEY,Seymour,6,19:55,19:55,2026-03-29,,,weekday,2026-03-29,2026-03-16,,03-29-26_NHL-WB-Sched_v2.pdf,metro_north_waterbury_branch_effective_2026-03-29_updated_2026-03-16.pdf,2,From Grand Central
Metro-North,Waterbury Branch,New Haven Line - Waterbury Branch,1456~3,From Grand Central,SEY,Seymour,6,19:55,19:55,2026-03-29,,,weekday,2026-03-29,2026-03-16,,03-29-26_NHL-WB-Sched_v2.pdf,metro_north_waterbury_branch_effective_2026-03-29_updated_2026-03-16.pdf,2,From Grand Central
Metro-North,Waterbury Branch,New Haven Line - Waterbury Branch,1456~1,From Grand Central,BCF,Beacon Falls,7,08:06,08:06,2026-03-29,,,weekday,2026-03-29,2026-03-16,,03-29-26_NHL-WB-Sched_v2.pdf,metro_north_waterbury_branch_effective_2026-03-29_updated_2026-03-16.pdf,2,From Grand Central
Metro-North,Waterbury Branch,New Haven Line - Waterbury Branch,1456~2,From Grand Central,BCF,Beacon Falls,7,20:06,20:06,2026-03-29,,,weekday,2026-03-29,2026-03-16,,03-29-26_NHL-WB-Sched_v2.pdf,metro_north_waterbury_branch_effective_2026-03-29_updated_2026-03-16.pdf,2,From Grand Central
Metro-North,Waterbury Branch,New Haven Line - Waterbury Branch,1456~3,From Grand Central,BCF,Beacon Falls,7,20:06,20:06,2026-03-29,,,weekday,2026-03-29,2026-03-16,,03-29-26_NHL-WB-Sched_v2.pdf,metro_north_waterbury_branch_effective_2026-03-29_updated_2026-03-16.pdf,2,From Grand Central
Metro-North,Waterbury Branch,New Haven Line - Waterbury Branch,1456~1,From Grand Central,NAU,Naugatuck,8,08:18,08:18,2026-03-29,,,weekday,2026-03-29,2026-03-16,,03-29-26_NHL-WB-Sched_v2.pdf,metro_north_waterbury_branch_effective_2026-03-29_updated_2026-03-16.pdf,2,From Grand Central
Metro-North,Waterbury Branch,New Haven Line - Waterbury Branch,1456~2,From Grand Central,NAU,Naugatuck,8,20:18,20:18,2026-03-29,,,weekday,2026-03-29,2026-03-16,,03-29-26_NHL-WB-Sched_v2.pdf,metro_north_waterbury_branch_effective_2026-03-29_updated_2026-03-16.pdf,2,From Grand Central
Metro-North,Waterbury Branch,New Haven Line - Waterbury Branch,1456~3,From Grand Central,NAU,Naugatuck,8,20:18,20:18,2026-03-29,,,weekday,2026-03-29,2026-03-16,,03-29-26_NHL-WB-Sched_v2.pdf,metro_north_waterbury_branch_effective_2026-03-29_updated_2026-03-16.pdf,2,From Grand Central
Metro-North,Waterbury Branch,New Haven Line - Waterbury Branch,1456~1,From Grand Central,WBY,Waterbury,9,08:30,08:30,2026-03-29,,,weekday,2026-03-29,2026-03-16,,03-29-26_NHL-WB-Sched_v2.pdf,metro_north_waterbury_branch_effective_2026-03-29_updated_2026-03-16.pdf,2,From Grand Central
Metro-North,Waterbury Branch,New Haven Line - Waterbury Branch,1456~2,From Grand Central,WBY,Waterbury,9,20:30,20:30,2026-03-29,,,weekday,2026-03-29,2026-03-16,,03-29-26_NHL-WB-Sched_v2.pdf,metro_north_waterbury_branch_effective_2026-03-29_updated_2026-03-16.pdf,2,From Grand Central
Metro-North,Waterbury Branch,New Haven Line - Waterbury Branch,1456~3,From Grand Central,WBY,Waterbury,9,20:30,20:30,2026-03-29,,,weekday,2026-03-29,2026-03-16,,03-29-26_NHL-WB-Sched_v2.pdf,metro_north_waterbury_branch_effective_2026-03-29_updated_2026-03-16.pdf,2,From Grand Central
Metro-North,Waterbury Branch,New Haven Line - Waterbury Branch,1497,To Grand Central,WBY,Waterbury,1,22:00,22:00,2026-03-29,,,weekday,2026-03-29,2026-03-16,,03-29-26_NHL-WB-Sched_v2.pdf,metro_north_waterbury_branch_effective_2026-03-29_updated_2026-03-16.pdf,2,To Grand Central
Metro-North,Waterbury Branch,New Haven Line - Waterbury Branch,1497,To Grand Central,NAU,Naugatuck,2,22:09,22:09,2026-03-29,,,weekday,2026-03-29,2026-03-16,,03-29-26_NHL-WB-Sched_v2.pdf,metro_north_waterbury_branch_effective_2026-03-29_updated_2026-03-16.pdf,2,To Grand Central
Metro-North,Waterbury Branch,New Haven Line - Waterbury Branch,1497,To Grand Central,DBY,Derby-Shelton,3,22:31,22:31,2026-03-29,,,weekday,2026-03-29,2026-03-16,,03-29-26_NHL-WB-Sched_v2.pdf,metro_north_waterbury_branch_effective_2026-03-29_updated_2026-03-16.pdf,2,To Grand Central
Metro-North,Waterbury Branch,New Haven Line - Waterbury Branch,1497,To Grand Central,BRP,Bridgeport,4,22:57,,2026-03-29,,,weekday,2026-03-29,2026-03-16,,03-29-26_NHL-WB-Sched_v2.pdf,metro_north_waterbury_branch_effective_2026-03-29_updated_2026-03-16.pdf,2,To Grand Central
Metro-North,Waterbury Branch,New Haven Line - Waterbury Branch,1497,To Grand Central,BRP,Bridgeport,5,,23:10,2026-03-29,,,weekday,2026-03-29,2026-03-16,,03-29-26_NHL-WB-Sched_v2.pdf,metro_north_waterbury_branch_effective_2026-03-29_updated_2026-03-16.pdf,2,To Grand Central
Metro-North,Waterbury Branch,New Haven Line - Waterbury Branch,1508~1,From Grand Central,STM,Stamford,1,07:48,07:48,2026-03-29,,,weekday,2026-03-29,2026-03-16,,03-29-26_NHL-WB-Sched_v2.pdf,metro_north_waterbury_branch_effective_2026-03-29_updated_2026-03-16.pdf,2,From Grand Central
Metro-North,Waterbury Branch,New Haven Line - Waterbury Branch,1508~2,From Grand Central,STM,Stamford,1,07:48,07:48,2026-03-29,,,weekday,2026-03-29,2026-03-16,,03-29-26_NHL-WB-Sched_v2.pdf,metro_north_waterbury_branch_effective_2026-03-29_updated_2026-03-16.pdf,2,From Grand Central
Metro-North,Waterbury Branch,New Haven Line - Waterbury Branch,1508~1,From Grand Central,BRP,Bridgeport,2,08:34,,2026-03-29,,,weekday,2026-03-29,2026-03-16,,03-29-26_NHL-WB-Sched_v2.pdf,metro_north_waterbury_branch_effective_2026-03-29_updated_2026-03-16.pdf,2,From Grand Central
Metro-North,Waterbury Branch,New Haven Line - Waterbury Branch,1508~2,From Grand Central,BRP,Bridgeport,2,08:34,,2026-03-29,,,weekday,2026-03-29,2026-03-16,,03-29-26_NHL-WB-Sched_v2.pdf,metro_north_waterbury_branch_effective_2026-03-29_updated_2026-03-16.pdf,2,From Grand Central
Metro-North,Waterbury Branch,New Haven Line - Waterbury Branch,1508~1,From Grand Central,BRP,Bridgeport,3,,08:39,2026-03-29,,,weekday,2026-03-29,2026-03-16,,03-29-26_NHL-WB-Sched_v2.pdf,metro_north_waterbury_branch_effective_2026-03-29_updated_2026-03-16.pdf,2,From Grand Central
Metro-North,Waterbury Branch,New Haven Line - Waterbury Branch,1508~2,From Grand Central,BRP,Bridgeport,3,,08:39,2026-03-29,,,weekday,2026-03-29,2026-03-16,,03-29-26_NHL-WB-Sched_v2.pdf,metro_north_waterbury_branch_effective_2026-03-29_updated_2026-03-16.pdf,2,From Grand Central
Metro-North,Waterbury Branch,New Haven Line - Waterbury Branch,1508~1,From Grand Central,SFD,Stratford,4,08:46,08:46,2026-03-29,,,weekday,2026-03-29,2026-03-16,,03-29-26_NHL-WB-Sched_v2.pdf,metro_north_waterbury_branch_effective_2026-03-29_updated_2026-03-16.pdf,2,From Grand Central
Metro-North,Waterbury Branch,New Haven Line - Waterbury Branch,1508~2,From Grand Central,SFD,Stratford,4,08:46,08:46,2026-03-29,,,weekday,2026-03-29,2026-03-16,,03-29-26_NHL-WB-Sched_v2.pdf,metro_north_waterbury_branch_effective_2026-03-29_updated_2026-03-16.pdf,2,From Grand Central
Metro-North,Waterbury Branch,New Haven Line - Waterbury Branch,1508~1,From Grand Central,DBY,Derby-Shelton,5,09:04,09:04,2026-03-29,,,weekday,2026-03-29,2026-03-16,,03-29-26_NHL-WB-Sched_v2.pdf,metro_north_waterbury_branch_effective_2026-03-29_updated_2026-03-16.pdf,2,From Grand Central
Metro-North,Waterbury Branch,New Haven Line - Waterbury Branch,1508~2,From Grand Central,DBY,Derby-Shelton,5,09:04,09:04,2026-03-29,,,weekday,2026-03-29,2026-03-16,,03-29-26_NHL-WB-Sched_v2.pdf,metro_north_waterbury_branch_effective_2026-03-29_updated_2026-03-16.pdf,2,From Grand Central
Metro-North,Waterbury Branch,New Haven Line - Waterbury Branch,1508~1,From Grand Central,ANS,Ansonia,6,09:20,09:20,2026-03-29,,,weekday,2026-03-29,2026-03-16,,03-29-26_NHL-WB-Sched_v2.pdf,metro_north_waterbury_branch_effective_2026-03-29_updated_2026-03-16.pdf,2,From Grand Central
Metro-North,Waterbury Branch,New Haven Line - Waterbury Branch,1508~2,From Grand Central,ANS,Ansonia,6,09:20,09:20,2026-03-29,,,weekday,2026-03-29,2026-03-16,,03-29-26_NHL-WB-Sched_v2.pdf,metro_north_waterbury_branch_effective_2026-03-29_updated_2026-03-16.pdf,2,From Grand Central
Metro-North,Waterbury Branch,New Haven Line - Waterbury Branch,1508~1,From Grand Central,SEY,Seymour,7,09:27,09:27,2026-03-29,,,weekday,2026-03-29,2026-03-16,,03-29-26_NHL-WB-Sched_v2.pdf,metro_north_waterbury_branch_effective_2026-03-29_updated_2026-03-16.pdf,2,From Grand Central
Metro-North,Waterbury Branch,New Haven Line - Waterbury Branch,1508~2,From Grand Central,SEY,Seymour,7,09:27,09:27,2026-03-29,,,weekday,2026-03-29,2026-03-16,,03-29-26_NHL-WB-Sched_v2.pdf,metro_north_waterbury_branch_effective_2026-03-29_updated_2026-03-16.pdf,2,From Grand Central
Metro-North,Waterbury Branch,New Haven Line - Waterbury Branch,1508~1,From Grand Central,BCF,Beacon Falls,8,09:33,09:33,2026-03-29,,,weekday,2026-03-29,2026-03-16,,03-29-26_NHL-WB-Sched_v2.pdf,metro_north_waterbury_branch_effective_2026-03-29_updated_2026-03-16.pdf,2,From Grand Central
Metro-North,Waterbury Branch,New Haven Line - Waterbury Branch,1508~2,From Grand Central,BCF,Beacon Falls,8,09:33,09:33,2026-03-29,,,weekday,2026-03-29,2026-03-16,,03-29-26_NHL-WB-Sched_v2.pdf,metro_north_waterbury_branch_effective_2026-03-29_updated_2026-03-16.pdf,2,From Grand Central
Metro-North,Waterbury Branch,New Haven Line - Waterbury Branch,1508~1,From Grand Central,NAU,Naugatuck,9,09:40,09:40,2026-03-29,,,weekday,2026-03-29,2026-03-16,,03-29-26_NHL-WB-Sched_v2.pdf,metro_north_waterbury_branch_effective_2026-03-29_updated_2026-03-16.pdf,2,From Grand Central
Metro-North,Waterbury Branch,New Haven Line - Waterbury Branch,1508~2,From Grand Central,NAU,Naugatuck,9,09:40,09:40,2026-03-29,,,weekday,2026-03-29,2026-03-16,,03-29-26_NHL-WB-Sched_v2.pdf,metro_north_waterbury_branch_effective_2026-03-29_updated_2026-03-16.pdf,2,From Grand Central
Metro-North,Waterbury Branch,New Haven Line - Waterbury Branch,1508~1,From Grand Central,WBY,Waterbury,10,09:54,09:54,2026-03-29,,,weekday,2026-03-29,2026-03-16,,03-29-26_NHL-WB-Sched_v2.pdf,metro_north_waterbury_branch_effective_2026-03-29_updated_2026-03-16.pdf,2,From Grand Central
Metro-North,Waterbury Branch,New Haven Line - Waterbury Branch,1508~2,From Grand Central,WBY,Waterbury,10,09:54,09:54,2026-03-29,,,weekday,2026-03-29,2026-03-16,,03-29-26_NHL-WB-Sched_v2.pdf,metro_north_waterbury_branch_effective_2026-03-29_updated_2026-03-16.pdf,2,From Grand Central
Metro-North,Waterbury Branch,New Haven Line - Waterbury Branch,1511,To Grand Central,WBY,Waterbury,1,04:45,04:45,2026-03-29,,,weekday,2026-03-29,2026-03-16,,03-29-26_NHL-WB-Sched_v2.pdf,metro_north_waterbury_branch_effective_2026-03-29_updated_2026-03-16.pdf,2,Metro-North
Metro-North,Waterbury Branch,New Haven Line - Waterbury Branch,1511,To Grand Central,NAU,Naugatuck,2,04:54,04:54,2026-03-29,,,weekday,2026-03-29,2026-03-16,,03-29-26_NHL-WB-Sched_v2.pdf,metro_north_waterbury_branch_effective_2026-03-29_updated_2026-03-16.pdf,2,To Grand Central
Metro-North,Waterbury Branch,New Haven Line - Waterbury Branch,1511,To Grand Central,DBY,Derby-Shelton,3,05:16,05:16,2026-03-29,,,weekday,2026-03-29,2026-03-16,,03-29-26_NHL-WB-Sched_v2.pdf,metro_north_waterbury_branch_effective_2026-03-29_updated_2026-03-16.pdf,2,To Grand Central
Metro-North,Waterbury Branch,New Haven Line - Waterbury Branch,1511,To Grand Central,BRP,Bridgeport,4,05:44,,2026-03-29,,,weekday,2026-03-29,2026-03-16,,03-29-26_NHL-WB-Sched_v2.pdf,metro_north_waterbury_branch_effective_2026-03-29_updated_2026-03-16.pdf,2,To Grand Central
Metro-North,Waterbury Branch,New Haven Line - Waterbury Branch,1511,To Grand Central,BRP,Bridgeport,5,,05:59,2026-03-29,,,weekday,2026-03-29,2026-03-16,,03-29-26_NHL-WB-Sched_v2.pdf,metro_north_waterbury_branch_effective_2026-03-29_updated_2026-03-16.pdf,2,To Grand Central
Metro-North,Waterbury Branch,New Haven Line - Waterbury Branch,1516~1,From Grand Central,STM,Stamford,1,09:56,09:56,2026-03-29,,,weekday,2026-03-29,2026-03-16,,03-29-26_NHL-WB-Sched_v2.pdf,metro_north_waterbury_branch_effective_2026-03-29_updated_2026-03-16.pdf,2,From Grand Central
Metro-North,Waterbury Branch,New Haven Line - Waterbury Branch,1516~2,From Grand Central,STM,Stamford,1,09:56,09:56,2026-03-29,,,weekday,2026-03-29,2026-03-16,,03-29-26_NHL-WB-Sched_v2.pdf,metro_north_waterbury_branch_effective_2026-03-29_updated_2026-03-16.pdf,2,From Grand Central
Metro-North,Waterbury Branch,New Haven Line - Waterbury Branch,1516~1,From Grand Central,BRP,Bridgeport,2,10:38,,2026-03-29,,,weekday,2026-03-29,2026-03-16,,03-29-26_NHL-WB-Sched_v2.pdf,metro_north_waterbury_branch_effective_2026-03-29_updated_2026-03-16.pdf,2,From Grand Central
Metro-North,Waterbury Branch,New Haven Line - Waterbury Branch,1516~2,From Grand Central,BRP,Bridgeport,2,10:38,,2026-03-29,,,weekday,2026-03-29,2026-03-16,,03-29-26_NHL-WB-Sched_v2.pdf,metro_north_waterbury_branch_effective_2026-03-29_updated_2026-03-16.pdf,2,From Grand Central
Metro-North,Waterbury Branch,New Haven Line - Waterbury Branch,1516~1,From Grand Central,BRP,Bridgeport,3,,10:43,2026-03-29,,,weekday,2026-03-29,2026-03-16,,03-29-26_NHL-WB-Sched_v2.pdf,metro_north_waterbury_branch_effective_2026-03-29_updated_2026-03-16.pdf,2,From Grand Central
Metro-North,Waterbury Branch,New Haven Line - Waterbury Branch,1516~2,From Grand Central,BRP,Bridgeport,3,,10:43,2026-03-29,,,weekday,2026-03-29,2026-03-16,,03-29-26_NHL-WB-Sched_v2.pdf,metro_north_waterbury_branch_effective_2026-03-29_updated_2026-03-16.pdf,2,From Grand Central
Metro-North,Waterbury Branch,New Haven Line - Waterbury Branch,1516~1,From Grand Central,SFD,Stratford,4,10:50,10:50,2026-03-29,,,weekday,2026-03-29,2026-03-16,,03-29-26_NHL-WB-Sched_v2.pdf,metro_north_waterbury_branch_effective_2026-03-29_updated_2026-03-16.pdf,2,From Grand Central
Metro-North,Waterbury Branch,New Haven Line - Waterbury Branch,1516~2,From Grand Central,SFD,Stratford,4,10:50,10:50,2026-03-29,,,weekday,2026-03-29,2026-03-16,,03-29-26_NHL-WB-Sched_v2.pdf,metro_north_waterbury_branch_effective_2026-03-29_updated_2026-03-16.pdf,2,From Grand Central
Metro-North,Waterbury Branch,New Haven Line - Waterbury Branch,1516~1,From Grand Central,DBY,Derby-Shelton,5,11:09,11:09,2026-03-29,,,weekday,2026-03-29,2026-03-16,,03-29-26_NHL-WB-Sched_v2.pdf,metro_north_waterbury_branch_effective_2026-03-29_updated_2026-03-16.pdf,2,From Grand Central
Metro-North,Waterbury Branch,New Haven Line - Waterbury Branch,1516~2,From Grand Central,DBY,Derby-Shelton,5,11:09,11:09,2026-03-29,,,weekday,2026-03-29,2026-03-16,,03-29-26_NHL-WB-Sched_v2.pdf,metro_north_waterbury_branch_effective_2026-03-29_updated_2026-03-16.pdf,2,From Grand Central
Metro-North,Waterbury Branch,New Haven Line - Waterbury Branch,1516~1,From Grand Central,ANS,Ansonia,6,11:20,11:20,2026-03-29,,,weekday,2026-03-29,2026-03-16,,03-29-26_NHL-WB-Sched_v2.pdf,metro_north_waterbury_branch_effective_2026-03-29_updated_2026-03-16.pdf,2,From Grand Central
Metro-North,Waterbury Branch,New Haven Line - Waterbury Branch,1516~2,From Grand Central,ANS,Ansonia,6,11:20,11:20,2026-03-29,,,weekday,2026-03-29,2026-03-16,,03-29-26_NHL-WB-Sched_v2.pdf,metro_north_waterbury_branch_effective_2026-03-29_updated_2026-03-16.pdf,2,From Grand Central
Metro-North,Waterbury Branch,New Haven Line - Waterbury Branch,1516~1,From Grand Central,SEY,Seymour,7,11:27,11:27,2026-03-29,,,weekday,2026-03-29,2026-03-16,,03-29-26_NHL-WB-Sched_v2.pdf,metro_north_waterbury_branch_effective_2026-03-29_updated_2026-03-16.pdf,2,From Grand Central
Metro-North,Waterbury Branch,New Haven Line - Waterbury Branch,1516~2,From Grand Central,SEY,Seymour,7,11:27,11:27,2026-03-29,,,weekday,2026-03-29,2026-03-16,,03-29-26_NHL-WB-Sched_v2.pdf,metro_north_waterbury_branch_effective_2026-03-29_updated_2026-03-16.pdf,2,From Grand Central
Metro-North,Waterbury Branch,New Haven Line - Waterbury Branch,1516~1,From Grand Central,BCF,Beacon Falls,8,11:33,11:33,2026-03-29,,,weekday,2026-03-29,2026-03-16,,03-29-26_NHL-WB-Sched_v2.pdf,metro_north_waterbury_branch_effective_2026-03-29_updated_2026-03-16.pdf,2,From Grand Central
Metro-North,Waterbury Branch,New Haven Line - Waterbury Branch,1516~2,From Grand Central,BCF,Beacon Falls,8,11:33,11:33,2026-03-29,,,weekday,2026-03-29,2026-03-16,,03-29-26_NHL-WB-Sched_v2.pdf,metro_north_waterbury_branch_effective_2026-03-29_updated_2026-03-16.pdf,2,From Grand Central
Metro-North,Waterbury Branch,New Haven Line - Waterbury Branch,1516~1,From Grand Central,NAU,Naugatuck,9,11:40,11:40,2026-03-29,,,weekday,2026-03-29,2026-03-16,,03-29-26_NHL-WB-Sched_v2.pdf,metro_north_waterbury_branch_effective_2026-03-29_updated_2026-03-16.pdf,2,From Grand Central
Metro-North,Waterbury Branch,New Haven Line - Waterbury Branch,1516~2,From Grand Central,NAU,Naugatuck,9,11:40,11:40,2026-03-29,,,weekday,2026-03-29,2026-03-16,,03-29-26_NHL-WB-Sched_v2.pdf,metro_north_waterbury_branch_effective_2026-03-29_updated_2026-03-16.pdf,2,From Grand Central
Metro-North,Waterbury Branch,New Haven Line - Waterbury Branch,1516~1,From Grand Central,WBY,Waterbury,10,11:54,11:54,2026-03-29,,,weekday,2026-03-29,2026-03-16,,03-29-26_NHL-WB-Sched_v2.pdf,metro_north_waterbury_branch_effective_2026-03-29_updated_2026-03-16.pdf,2,From Grand Central
Metro-North,Waterbury Branch,New Haven Line - Waterbury Branch,1516~2,From Grand Central,WBY,Waterbury,10,11:54,11:54,2026-03-29,,,weekday,2026-03-29,2026-03-16,,03-29-26_NHL-WB-Sched_v2.pdf,metro_north_waterbury_branch_effective_2026-03-29_updated_2026-03-16.pdf,2,From Grand Central
Metro-North,Waterbury Branch,New Haven Line - Waterbury Branch,1522~1,From Grand Central,STM,Stamford,1,11:55,11:55,2026-03-29,,,weekday,2026-03-29,2026-03-16,,03-29-26_NHL-WB-Sched_v2.pdf,metro_north_waterbury_branch_effective_2026-03-29_updated_2026-03-16.pdf,2,From Grand Central
Metro-North,Waterbury Branch,New Haven Line - Waterbury Branch,1522~2,From Grand Central,STM,Stamford,1,11:55,11:55,2026-03-29,,,weekday,2026-03-29,2026-03-16,,03-29-26_NHL-WB-Sched_v2.pdf,metro_north_waterbury_branch_effective_2026-03-29_updated_2026-03-16.pdf,2,From Grand Central
Metro-North,Waterbury Branch,New Haven Line - Waterbury Branch,1522~1,From Grand Central,BRP,Bridgeport,2,00:40,,2026-03-29,,,weekday,2026-03-29,2026-03-16,,03-29-26_NHL-WB-Sched_v2.pdf,metro_north_waterbury_branch_effective_2026-03-29_updated_2026-03-16.pdf,2,From Grand Central
Metro-North,Waterbury Branch,New Haven Line - Waterbury Branch,1522~2,From Grand Central,BRP,Bridgeport,2,00:40,,2026-03-29,,,weekday,2026-03-29,2026-03-16,,03-29-26_NHL-WB-Sched_v2.pdf,metro_north_waterbury_branch_effective_2026-03-29_updated_2026-03-16.pdf,2,From Grand Central
Metro-North,Waterbury Branch,New Haven Line - Waterbury Branch,1522~1,From Grand Central,BRP,Bridgeport,3,,00:50,2026-03-29,,,weekday,2026-03-29,2026-03-16,,03-29-26_NHL-WB-Sched_v2.pdf,metro_north_waterbury_branch_effective_2026-03-29_updated_2026-03-16.pdf,2,From Grand Central
Metro-North,Waterbury Branch,New Haven Line - Waterbury Branch,1522~2,From Grand Central,BRP,Bridgeport,3,,00:50,2026-03-29,,,weekday,2026-03-29,2026-03-16,,03-29-26_NHL-WB-Sched_v2.pdf,metro_north_waterbury_branch_effective_2026-03-29_updated_2026-03-16.pdf,2,From Grand Central
Metro-North,Waterbury Branch,New Haven Line - Waterbury Branch,1522~1,From Grand Central,SFD,Stratford,4,00:57,00:57,2026-03-29,,,weekday,2026-03-29,2026-03-16,,03-29-26_NHL-WB-Sched_v2.pdf,metro_north_waterbury_branch_effective_2026-03-29_updated_2026-03-16.pdf,2,From Grand Central
Metro-North,Waterbury Branch,New Haven Line - Waterbury Branch,1522~2,From Grand Central,SFD,Stratford,4,00:57,00:57,2026-03-29,,,weekday,2026-03-29,2026-03-16,,03-29-26_NHL-WB-Sched_v2.pdf,metro_north_waterbury_branch_effective_2026-03-29_updated_2026-03-16.pdf,2,From Grand Central
Metro-North,Waterbury Branch,New Haven Line - Waterbury Branch,1522~1,From Grand Central,DBY,Derby-Shelton,5,01:14,01:14,2026-03-29,,,weekday,2026-03-29,2026-03-16,,03-29-26_NHL-WB-Sched_v2.pdf,metro_north_waterbury_branch_effective_2026-03-29_updated_2026-03-16.pdf,2,From Grand Central
Metro-North,Waterbury Branch,New Haven Line - Waterbury Branch,1522~2,From Grand Central,DBY,Derby-Shelton,5,01:14,01:14,2026-03-29,,,weekday,2026-03-29,2026-03-16,,03-29-26_NHL-WB-Sched_v2.pdf,metro_north_waterbury_branch_effective_2026-03-29_updated_2026-03-16.pdf,2,From Grand Central
Metro-North,Waterbury Branch,New Haven Line - Waterbury Branch,1522~1,From Grand Central,ANS,Ansonia,6,01:18,01:18,2026-03-29,,,weekday,2026-03-29,2026-03-16,,03-29-26_NHL-WB-Sched_v2.pdf,metro_north_waterbury_branch_effective_2026-03-29_updated_2026-03-16.pdf,2,From Grand Central
Metro-North,Waterbury Branch,New Haven Line - Waterbury Branch,1522~2,From Grand Central,ANS,Ansonia,6,01:18,01:18,2026-03-29,,,weekday,2026-03-29,2026-03-16,,03-29-26_NHL-WB-Sched_v2.pdf,metro_north_waterbury_branch_effective_2026-03-29_updated_2026-03-16.pdf,2,From Grand Central
Metro-North,Waterbury Branch,New Haven Line - Waterbury Branch,1522~1,From Grand Central,SEY,Seymour,7,01:25,01:25,2026-03-29,,,weekday,2026-03-29,2026-03-16,,03-29-26_NHL-WB-Sched_v2.pdf,metro_north_waterbury_branch_effective_2026-03-29_updated_2026-03-16.pdf,2,From Grand Central
Metro-North,Waterbury Branch,New Haven Line - Waterbury Branch,1522~2,From Grand Central,SEY,Seymour,7,01:25,01:25,2026-03-29,,,weekday,2026-03-29,2026-03-16,,03-29-26_NHL-WB-Sched_v2.pdf,metro_north_waterbury_branch_effective_2026-03-29_updated_2026-03-16.pdf,2,From Grand Central
Metro-North,Waterbury Branch,New Haven Line - Waterbury Branch,1522~1,From Grand Central,BCF,Beacon Falls,8,01:31,01:31,2026-03-29,,,weekday,2026-03-29,2026-03-16,,03-29-26_NHL-WB-Sched_v2.pdf,metro_north_waterbury_branch_effective_2026-03-29_updated_2026-03-16.pdf,2,From Grand Central
Metro-North,Waterbury Branch,New Haven Line - Waterbury Branch,1522~2,From Grand Central,BCF,Beacon Falls,8,01:31,01:31,2026-03-29,,,weekday,2026-03-29,2026-03-16,,03-29-26_NHL-WB-Sched_v2.pdf,metro_north_waterbury_branch_effective_2026-03-29_updated_2026-03-16.pdf,2,From Grand Central
Metro-North,Waterbury Branch,New Haven Line - Waterbury Branch,1522~1,From Grand Central,NAU,Naugatuck,9,01:38,01:38,2026-03-29,,,weekday,2026-03-29,2026-03-16,,03-29-26_NHL-WB-Sched_v2.pdf,metro_north_waterbury_branch_effective_2026-03-29_updated_2026-03-16.pdf,2,From Grand Central
Metro-North,Waterbury Branch,New Haven Line - Waterbury Branch,1522~2,From Grand Central,NAU,Naugatuck,9,01:38,01:38,2026-03-29,,,weekday,2026-03-29,2026-03-16,,03-29-26_NHL-WB-Sched_v2.pdf,metro_north_waterbury_branch_effective_2026-03-29_updated_2026-03-16.pdf,2,From Grand Central
Metro-North,Waterbury Branch,New Haven Line - Waterbury Branch,1522~1,From Grand Central,WBY,Waterbury,10,01:52,01:52,2026-03-29,,,weekday,2026-03-29,2026-03-16,,03-29-26_NHL-WB-Sched_v2.pdf,metro_north_waterbury_branch_effective_2026-03-29_updated_2026-03-16.pdf,2,From Grand Central
Metro-North,Waterbury Branch,New Haven Line - Waterbury Branch,1522~2,From Grand Central,WBY,Waterbury,10,01:52,01:52,2026-03-29,,,weekday,2026-03-29,2026-03-16,,03-29-26_NHL-WB-Sched_v2.pdf,metro_north_waterbury_branch_effective_2026-03-29_updated_2026-03-16.pdf,2,From Grand Central
Metro-North,Waterbury Branch,New Haven Line - Waterbury Branch,1525,To Grand Central,WBY,Waterbury,1,05:38,05:38,2026-03-29,,,weekday,2026-03-29,2026-03-16,,03-29-26_NHL-WB-Sched_v2.pdf,metro_north_waterbury_branch_effective_2026-03-29_updated_2026-03-16.pdf,2,To Grand Central
Metro-North,Waterbury Branch,New Haven Line - Waterbury Branch,1525,To Grand Central,NAU,Naugatuck,2,05:47,05:47,2026-03-29,,,weekday,2026-03-29,2026-03-16,,03-29-26_NHL-WB-Sched_v2.pdf,metro_north_waterbury_branch_effective_2026-03-29_updated_2026-03-16.pdf,2,To Grand Central
Metro-North,Waterbury Branch,New Haven Line - Waterbury Branch,1525,To Grand Central,DBY,Derby-Shelton,3,06:09,06:09,2026-03-29,,,weekday,2026-03-29,2026-03-16,,03-29-26_NHL-WB-Sched_v2.pdf,metro_north_waterbury_branch_effective_2026-03-29_updated_2026-03-16.pdf,2,To Grand Central
Metro-North,Waterbury Branch,New Haven Line - Waterbury Branch,1525,To Grand Central,BRP,Bridgeport,4,06:37,,2026-03-29,,,weekday,2026-03-29,2026-03-16,,03-29-26_NHL-WB-Sched_v2.pdf,metro_north_waterbury_branch_effective_2026-03-29_updated_2026-03-16.pdf,2,To Grand Central
Metro-North,Waterbury Branch,New Haven Line - Waterbury Branch,1525,To Grand Central,BRP,Bridgeport,5,,06:43,2026-03-29,,,weekday,2026-03-29,2026-03-16,,03-29-26_NHL-WB-Sched_v2.pdf,metro_north_waterbury_branch_effective_2026-03-29_updated_2026-03-16.pdf,2,To Grand Central
Metro-North,Waterbury Branch,New Haven Line - Waterbury Branch,1528~1,From Grand Central,STM,Stamford,1,01:25,01:25,2026-03-29,,,weekday,2026-03-29,2026-03-16,,03-29-26_NHL-WB-Sched_v2.pdf,metro_north_waterbury_branch_effective_2026-03-29_updated_2026-03-16.pdf,2,From Grand Central
Metro-North,Waterbury Branch,New Haven Line - Waterbury Branch,1528~2,From Grand Central,STM,Stamford,1,01:25,01:25,2026-03-29,,,weekday,2026-03-29,2026-03-16,,03-29-26_NHL-WB-Sched_v2.pdf,metro_north_waterbury_branch_effective_2026-03-29_updated_2026-03-16.pdf,2,From Grand Central
Metro-North,Waterbury Branch,New Haven Line - Waterbury Branch,1528~1,From Grand Central,BRP,Bridgeport,2,02:01,,2026-03-29,,,weekday,2026-03-29,2026-03-16,,03-29-26_NHL-WB-Sched_v2.pdf,metro_north_waterbury_branch_effective_2026-03-29_updated_2026-03-16.pdf,2,From Grand Central
Metro-North,Waterbury Branch,New Haven Line - Waterbury Branch,1528~2,From Grand Central,BRP,Bridgeport,2,02:01,,2026-03-29,,,weekday,2026-03-29,2026-03-16,,03-29-26_NHL-WB-Sched_v2.pdf,metro_north_waterbury_branch_effective_2026-03-29_updated_2026-03-16.pdf,2,From Grand Central
Metro-North,Waterbury Branch,New Haven Line - Waterbury Branch,1528~1,From Grand Central,BRP,Bridgeport,3,,02:06,2026-03-29,,,weekday,2026-03-29,2026-03-16,,03-29-26_NHL-WB-Sched_v2.pdf,metro_north_waterbury_branch_effective_2026-03-29_updated_2026-03-16.pdf,2,From Grand Central
Metro-North,Waterbury Branch,New Haven Line - Waterbury Branch,1528~2,From Grand Central,BRP,Bridgeport,3,,02:06,2026-03-29,,,weekday,2026-03-29,2026-03-16,,03-29-26_NHL-WB-Sched_v2.pdf,metro_north_waterbury_branch_effective_2026-03-29_updated_2026-03-16.pdf,2,From Grand Central
Metro-North,Waterbury Branch,New Haven Line - Waterbury Branch,1528~1,From Grand Central,SFD,Stratford,4,02:13,02:13,2026-03-29,,,weekday,2026-03-29,2026-03-16,,03-29-26_NHL-WB-Sched_v2.pdf,metro_north_waterbury_branch_effective_2026-03-29_updated_2026-03-16.pdf,2,From Grand Central
Metro-North,Waterbury Branch,New Haven Line - Waterbury Branch,1528~2,From Grand Central,SFD,Stratford,4,02:13,02:13,2026-03-29,,,weekday,2026-03-29,2026-03-16,,03-29-26_NHL-WB-Sched_v2.pdf,metro_north_waterbury_branch_effective_2026-03-29_updated_2026-03-16.pdf,2,From Grand Central
Metro-North,Waterbury Branch,New Haven Line - Waterbury Branch,1528~1,From Grand Central,DBY,Derby-Shelton,5,02:30,02:30,2026-03-29,,,weekday,2026-03-29,2026-03-16,,03-29-26_NHL-WB-Sched_v2.pdf,metro_north_waterbury_branch_effective_2026-03-29_updated_2026-03-16.pdf,2,From Grand Central
Metro-North,Waterbury Branch,New Haven Line - Waterbury Branch,1528~2,From Grand Central,DBY,Derby-Shelton,5,02:30,02:30,2026-03-29,,,weekday,2026-03-29,2026-03-16,,03-29-26_NHL-WB-Sched_v2.pdf,metro_north_waterbury_branch_effective_2026-03-29_updated_2026-03-16.pdf,2,From Grand Central
Metro-North,Waterbury Branch,New Haven Line - Waterbury Branch,1528~1,From Grand Central,ANS,Ansonia,6,02:34,02:34,2026-03-29,,,weekday,2026-03-29,2026-03-16,,03-29-26_NHL-WB-Sched_v2.pdf,metro_north_waterbury_branch_effective_2026-03-29_updated_2026-03-16.pdf,2,From Grand Central
Metro-North,Waterbury Branch,New Haven Line - Waterbury Branch,1528~2,From Grand Central,ANS,Ansonia,6,02:34,02:34,2026-03-29,,,weekday,2026-03-29,2026-03-16,,03-29-26_NHL-WB-Sched_v2.pdf,metro_north_waterbury_branch_effective_2026-03-29_updated_2026-03-16.pdf,2,From Grand Central
Metro-North,Waterbury Branch,New Haven Line - Waterbury Branch,1528~1,From Grand Central,SEY,Seymour,7,02:41,02:41,2026-03-29,,,weekday,2026-03-29,2026-03-16,,03-29-26_NHL-WB-Sched_v2.pdf,metro_north_waterbury_branch_effective_2026-03-29_updated_2026-03-16.pdf,2,From Grand Central
Metro-North,Waterbury Branch,New Haven Line - Waterbury Branch,1528~2,From Grand Central,SEY,Seymour,7,02:41,02:41,2026-03-29,,,weekday,2026-03-29,2026-03-16,,03-29-26_NHL-WB-Sched_v2.pdf,metro_north_waterbury_branch_effective_2026-03-29_updated_2026-03-16.pdf,2,From Grand Central
Metro-North,Waterbury Branch,New Haven Line - Waterbury Branch,1528~1,From Grand Central,BCF,Beacon Falls,8,02:51,02:51,2026-03-29,,,weekday,2026-03-29,2026-03-16,,03-29-26_NHL-WB-Sched_v2.pdf,metro_north_waterbury_branch_effective_2026-03-29_updated_2026-03-16.pdf,2,From Grand Central
Metro-North,Waterbury Branch,New Haven Line - Waterbury Branch,1528~2,From Grand Central,BCF,Beacon Falls,8,02:51,02:51,2026-03-29,,,weekday,2026-03-29,2026-03-16,,03-29-26_NHL-WB-Sched_v2.pdf,metro_north_waterbury_branch_effective_2026-03-29_updated_2026-03-16.pdf,2,From Grand Central
Metro-North,Waterbury Branch,New Haven Line - Waterbury Branch,1528~1,From Grand Central,NAU,Naugatuck,9,02:58,02:58,2026-03-29,,,weekday,2026-03-29,2026-03-16,,03-29-26_NHL-WB-Sched_v2.pdf,metro_north_waterbury_branch_effective_2026-03-29_updated_2026-03-16.pdf,2,From Grand Central
Metro-North,Waterbury Branch,New Haven Line - Waterbury Branch,1528~2,From Grand Central,NAU,Naugatuck,9,02:58,02:58,2026-03-29,,,weekday,2026-03-29,2026-03-16,,03-29-26_NHL-WB-Sched_v2.pdf,metro_north_waterbury_branch_effective_2026-03-29_updated_2026-03-16.pdf,2,From Grand Central
Metro-North,Waterbury Branch,New Haven Line - Waterbury Branch,1528~1,From Grand Central,WBY,Waterbury,10,03:12,03:12,2026-03-29,,,weekday,2026-03-29,2026-03-16,,03-29-26_NHL-WB-Sched_v2.pdf,metro_north_waterbury_branch_effective_2026-03-29_updated_2026-03-16.pdf,2,From Grand Central
Metro-North,Waterbury Branch,New Haven Line - Waterbury Branch,1528~2,From Grand Central,WBY,Waterbury,10,03:12,03:12,2026-03-29,,,weekday,2026-03-29,2026-03-16,,03-29-26_NHL-WB-Sched_v2.pdf,metro_north_waterbury_branch_effective_2026-03-29_updated_2026-03-16.pdf,2,From Grand Central
Metro-North,Waterbury Branch,New Haven Line - Waterbury Branch,1535,To Grand Central,WBY,Waterbury,1,06:36,06:36,2026-03-29,,,weekday,2026-03-29,2026-03-16,,03-29-26_NHL-WB-Sched_v2.pdf,metro_north_waterbury_branch_effective_2026-03-29_updated_2026-03-16.pdf,2,To Grand Central
Metro-North,Waterbury Branch,New Haven Line - Waterbury Branch,1535,To Grand Central,NAU,Naugatuck,2,06:45,06:45,2026-03-29,,,weekday,2026-03-29,2026-03-16,,03-29-26_NHL-WB-Sched_v2.pdf,metro_north_waterbury_branch_effective_2026-03-29_updated_2026-03-16.pdf,2,To Grand Central
Metro-North,Waterbury Branch,New Haven Line - Waterbury Branch,1535,To Grand Central,DBY,Derby-Shelton,3,07:07,07:07,2026-03-29,,,weekday,2026-03-29,2026-03-16,,03-29-26_NHL-WB-Sched_v2.pdf,metro_north_waterbury_branch_effective_2026-03-29_updated_2026-03-16.pdf,2,To Grand Central
Metro-North,Waterbury Branch,New Haven Line - Waterbury Branch,1535,To Grand Central,BRP,Bridgeport,4,07:35,,2026-03-29,,,weekday,2026-03-29,2026-03-16,,03-29-26_NHL-WB-Sched_v2.pdf,metro_north_waterbury_branch_effective_2026-03-29_updated_2026-03-16.pdf,2,To Grand Central
Metro-North,Waterbury Branch,New Haven Line - Waterbury Branch,1535,To Grand Central,BRP,Bridgeport,5,,07:41,2026-03-29,,,weekday,2026-03-29,2026-03-16,,03-29-26_NHL-WB-Sched_v2.pdf,metro_north_waterbury_branch_effective_2026-03-29_updated_2026-03-16.pdf,2,To Grand Central
Metro-North,Waterbury Branch,New Haven Line - Waterbury Branch,1536~1,From Grand Central,STM,Stamford,1,03:25,03:25,2026-03-29,,,weekday,2026-03-29,2026-03-16,,03-29-26_NHL-WB-Sched_v2.pdf,metro_north_waterbury_branch_effective_2026-03-29_updated_2026-03-16.pdf,2,From Grand Central
Metro-North,Waterbury Branch,New Haven Line - Waterbury Branch,1536~2,From Grand Central,STM,Stamford,1,15:25,15:25,2026-03-29,,,weekday,2026-03-29,2026-03-16,,03-29-26_NHL-WB-Sched_v2.pdf,metro_north_waterbury_branch_effective_2026-03-29_updated_2026-03-16.pdf,2,From Grand Central
Metro-North,Waterbury Branch,New Haven Line - Waterbury Branch,1536~1,From Grand Central,BRP,Bridgeport,2,04:01,,2026-03-29,,,weekday,2026-03-29,2026-03-16,,03-29-26_NHL-WB-Sched_v2.pdf,metro_north_waterbury_branch_effective_2026-03-29_updated_2026-03-16.pdf,2,From Grand Central
Metro-North,Waterbury Branch,New Haven Line - Waterbury Branch,1536~2,From Grand Central,BRP,Bridgeport,2,16:01,,2026-03-29,,,weekday,2026-03-29,2026-03-16,,03-29-26_NHL-WB-Sched_v2.pdf,metro_north_waterbury_branch_effective_2026-03-29_updated_2026-03-16.pdf,2,From Grand Central
Metro-North,Waterbury Branch,New Haven Line - Waterbury Branch,1536~1,From Grand Central,BRP,Bridgeport,3,,04:05,2026-03-29,,,weekday,2026-03-29,2026-03-16,,03-29-26_NHL-WB-Sched_v2.pdf,metro_north_waterbury_branch_effective_2026-03-29_updated_2026-03-16.pdf,2,From Grand Central
Metro-North,Waterbury Branch,New Haven Line - Waterbury Branch,1536~2,From Grand Central,BRP,Bridgeport,3,,16:05,2026-03-29,,,weekday,2026-03-29,2026-03-16,,03-29-26_NHL-WB-Sched_v2.pdf,metro_north_waterbury_branch_effective_2026-03-29_updated_2026-03-16.pdf,2,From Grand Central
Metro-North,Waterbury Branch,New Haven Line - Waterbury Branch,1536~1,From Grand Central,SFD,Stratford,4,04:12,04:12,2026-03-29,,,weekday,2026-03-29,2026-03-16,,03-29-26_NHL-WB-Sched_v2.pdf,metro_north_waterbury_branch_effective_2026-03-29_updated_2026-03-16.pdf,2,From Grand Central
Metro-North,Waterbury Branch,New Haven Line - Waterbury Branch,1536~2,From Grand Central,SFD,Stratford,4,16:12,16:12,2026-03-29,,,weekday,2026-03-29,2026-03-16,,03-29-26_NHL-WB-Sched_v2.pdf,metro_north_waterbury_branch_effective_2026-03-29_updated_2026-03-16.pdf,2,From Grand Central
Metro-North,Waterbury Branch,New Haven Line - Waterbury Branch,1536~1,From Grand Central,DBY,Derby-Shelton,5,04:29,04:29,2026-03-29,,,weekday,2026-03-29,2026-03-16,,03-29-26_NHL-WB-Sched_v2.pdf,metro_north_waterbury_branch_effective_2026-03-29_updated_2026-03-16.pdf,2,From Grand Central
Metro-North,Waterbury Branch,New Haven Line - Waterbury Branch,1536~2,From Grand Central,DBY,Derby-Shelton,5,16:29,16:29,2026-03-29,,,weekday,2026-03-29,2026-03-16,,03-29-26_NHL-WB-Sched_v2.pdf,metro_north_waterbury_branch_effective_2026-03-29_updated_2026-03-16.pdf,2,From Grand Central
Metro-North,Waterbury Branch,New Haven Line - Waterbury Branch,1536~1,From Grand Central,ANS,Ansonia,6,04:33,04:33,2026-03-29,,,weekday,2026-03-29,2026-03-16,,03-29-26_NHL-WB-Sched_v2.pdf,metro_north_waterbury_branch_effective_2026-03-29_updated_2026-03-16.pdf,2,From Grand Central
Metro-North,Waterbury Branch,New Haven Line - Waterbury Branch,1536~2,From Grand Central,ANS,Ansonia,6,16:33,16:33,2026-03-29,,,weekday,2026-03-29,2026-03-16,,03-29-26_NHL-WB-Sched_v2.pdf,metro_north_waterbury_branch_effective_2026-03-29_updated_2026-03-16.pdf,2,From Grand Central
Metro-North,Waterbury Branch,New Haven Line - Waterbury Branch,1536~1,From Grand Central,SEY,Seymour,7,04:40,04:40,2026-03-29,,,weekday,2026-03-29,2026-03-16,,03-29-26_NHL-WB-Sched_v2.pdf,metro_north_waterbury_branch_effective_2026-03-29_updated_2026-03-16.pdf,2,From Grand Central
Metro-North,Waterbury Branch,New Haven Line - Waterbury Branch,1536~2,From Grand Central,SEY,Seymour,7,16:40,16:40,2026-03-29,,,weekday,2026-03-29,2026-03-16,,03-29-26_NHL-WB-Sched_v2.pdf,metro_north_waterbury_branch_effective_2026-03-29_updated_2026-03-16.pdf,2,From Grand Central
Metro-North,Waterbury Branch,New Haven Line - Waterbury Branch,1536~1,From Grand Central,BCF,Beacon Falls,8,04:46,04:46,2026-03-29,,,weekday,2026-03-29,2026-03-16,,03-29-26_NHL-WB-Sched_v2.pdf,metro_north_waterbury_branch_effective_2026-03-29_updated_2026-03-16.pdf,2,From Grand Central
Metro-North,Waterbury Branch,New Haven Line - Waterbury Branch,1536~2,From Grand Central,BCF,Beacon Falls,8,16:46,16:46,2026-03-29,,,weekday,2026-03-29,2026-03-16,,03-29-26_NHL-WB-Sched_v2.pdf,metro_north_waterbury_branch_effective_2026-03-29_updated_2026-03-16.pdf,2,From Grand Central
Metro-North,Waterbury Branch,New Haven Line - Waterbury Branch,1536~1,From Grand Central,NAU,Naugatuck,9,04:53,04:53,2026-03-29,,,weekday,2026-03-29,2026-03-16,,03-29-26_NHL-WB-Sched_v2.pdf,metro_north_waterbury_branch_effective_2026-03-29_updated_2026-03-16.pdf,2,From Grand Central
Metro-North,Waterbury Branch,New Haven Line - Waterbury Branch,1536~2,From Grand Central,NAU,Naugatuck,9,16:53,16:53,2026-03-29,,,weekday,2026-03-29,2026-03-16,,03-29-26_NHL-WB-Sched_v2.pdf,metro_north_waterbury_branch_effective_2026-03-29_updated_2026-03-16.pdf,2,From Grand Central
Metro-North,Waterbury Branch,New Haven Line - Waterbury Branch,1536~1,From Grand Central,WBY,Waterbury,10,05:07,05:07,2026-03-29,,,weekday,2026-03-29,2026-03-16,,03-29-26_NHL-WB-Sched_v2.pdf,metro_north_waterbury_branch_effective_2026-03-29_updated_2026-03-16.pdf,2,From Grand Central
Metro-North,Waterbury Branch,New Haven Line - Waterbury Branch,1536~2,From Grand Central,WBY,Waterbury,10,17:07,17:07,2026-03-29,,,weekday,2026-03-29,2026-03-16,,03-29-26_NHL-WB-Sched_v2.pdf,metro_north_waterbury_branch_effective_2026-03-29_updated_2026-03-16.pdf,2,From Grand Central
Metro-North,Waterbury Branch,New Haven Line - Waterbury Branch,1538~1,From Grand Central,STM,Stamford,1,03:54,03:54,2026-03-29,,,weekday,2026-03-29,2026-03-16,,03-29-26_NHL-WB-Sched_v2.pdf,metro_north_waterbury_branch_effective_2026-03-29_updated_2026-03-16.pdf,2,From Grand Central
Metro-North,Waterbury Branch,New Haven Line - Waterbury Branch,1538~2,From Grand Central,STM,Stamford,1,15:54,15:54,2026-03-29,,,weekday,2026-03-29,2026-03-16,,03-29-26_NHL-WB-Sched_v2.pdf,metro_north_waterbury_branch_effective_2026-03-29_updated_2026-03-16.pdf,2,From Grand Central
Metro-North,Waterbury Branch,New Haven Line - Waterbury Branch,1538~3,From Grand Central,STM,Stamford,1,15:54,15:54,2026-03-29,,,weekday,2026-03-29,2026-03-16,,03-29-26_NHL-WB-Sched_v2.pdf,metro_north_waterbury_branch_effective_2026-03-29_updated_2026-03-16.pdf,2,From Grand Central
Metro-North,Waterbury Branch,New Haven Line - Waterbury Branch,1538~1,From Grand Central,BRP,Bridgeport,2,04:35,,2026-03-29,,,weekday,2026-03-29,2026-03-16,,03-29-26_NHL-WB-Sched_v2.pdf,metro_north_waterbury_branch_effective_2026-03-29_updated_2026-03-16.pdf,2,From Grand Central
Metro-North,Waterbury Branch,New Haven Line - Waterbury Branch,1538~2,From Grand Central,BRP,Bridgeport,2,16:35,,2026-03-29,,,weekday,2026-03-29,2026-03-16,,03-29-26_NHL-WB-Sched_v2.pdf,metro_north_waterbury_branch_effective_2026-03-29_updated_2026-03-16.pdf,2,From Grand Central
Metro-North,Waterbury Branch,New Haven Line - Waterbury Branch,1538~3,From Grand Central,BRP,Bridgeport,2,16:35,,2026-03-29,,,weekday,2026-03-29,2026-03-16,,03-29-26_NHL-WB-Sched_v2.pdf,metro_north_waterbury_branch_effective_2026-03-29_updated_2026-03-16.pdf,2,From Grand Central
Metro-North,Waterbury Branch,New Haven Line - Waterbury Branch,1538~1,From Grand Central,BRP,Bridgeport,3,,04:46,2026-03-29,,,weekday,2026-03-29,2026-03-16,,03-29-26_NHL-WB-Sched_v2.pdf,metro_north_waterbury_branch_effective_2026-03-29_updated_2026-03-16.pdf,2,From Grand Central
Metro-North,Waterbury Branch,New Haven Line - Waterbury Branch,1538~2,From Grand Central,BRP,Bridgeport,3,,16:46,2026-03-29,,,weekday,2026-03-29,2026-03-16,,03-29-26_NHL-WB-Sched_v2.pdf,metro_north_waterbury_branch_effective_2026-03-29_updated_2026-03-16.pdf,2,From Grand Central
Metro-North,Waterbury Branch,New Haven Line - Waterbury Branch,1538~3,From Grand Central,BRP,Bridgeport,3,,16:46,2026-03-29,,,weekday,2026-03-29,2026-03-16,,03-29-26_NHL-WB-Sched_v2.pdf,metro_north_waterbury_branch_effective_2026-03-29_updated_2026-03-16.pdf,2,From Grand Central
Metro-North,Waterbury Branch,New Haven Line - Waterbury Branch,1538~1,From Grand Central,DBY,Derby-Shelton,4,05:06,05:06,2026-03-29,,,weekday,2026-03-29,2026-03-16,,03-29-26_NHL-WB-Sched_v2.pdf,metro_north_waterbury_branch_effective_2026-03-29_updated_2026-03-16.pdf,2,From Grand Central
Metro-North,Waterbury Branch,New Haven Line - Waterbury Branch,1538~2,From Grand Central,DBY,Derby-Shelton,4,17:06,17:06,2026-03-29,,,weekday,2026-03-29,2026-03-16,,03-29-26_NHL-WB-Sched_v2.pdf,metro_north_waterbury_branch_effective_2026-03-29_updated_2026-03-16.pdf,2,From Grand Central
Metro-North,Waterbury Branch,New Haven Line - Waterbury Branch,1538~3,From Grand Central,DBY,Derby-Shelton,4,17:06,17:06,2026-03-29,,,weekday,2026-03-29,2026-03-16,,03-29-26_NHL-WB-Sched_v2.pdf,metro_north_waterbury_branch_effective_2026-03-29_updated_2026-03-16.pdf,2,From Grand Central
Metro-North,Waterbury Branch,New Haven Line - Waterbury Branch,1538~1,From Grand Central,ANS,Ansonia,5,05:17,05:17,2026-03-29,,,weekday,2026-03-29,2026-03-16,,03-29-26_NHL-WB-Sched_v2.pdf,metro_north_waterbury_branch_effective_2026-03-29_updated_2026-03-16.pdf,2,From Grand Central
Metro-North,Waterbury Branch,New Haven Line - Waterbury Branch,1538~2,From Grand Central,ANS,Ansonia,5,17:17,17:17,2026-03-29,,,weekday,2026-03-29,2026-03-16,,03-29-26_NHL-WB-Sched_v2.pdf,metro_north_waterbury_branch_effective_2026-03-29_updated_2026-03-16.pdf,2,From Grand Central
Metro-North,Waterbury Branch,New Haven Line - Waterbury Branch,1538~3,From Grand Central,ANS,Ansonia,5,17:17,17:17,2026-03-29,,,weekday,2026-03-29,2026-03-16,,03-29-26_NHL-WB-Sched_v2.pdf,metro_north_waterbury_branch_effective_2026-03-29_updated_2026-03-16.pdf,2,From Grand Central
Metro-North,Waterbury Branch,New Haven Line - Waterbury Branch,1538~1,From Grand Central,SEY,Seymour,6,05:28,05:28,2026-03-29,,,weekday,2026-03-29,2026-03-16,,03-29-26_NHL-WB-Sched_v2.pdf,metro_north_waterbury_branch_effective_2026-03-29_updated_2026-03-16.pdf,2,From Grand Central
Metro-North,Waterbury Branch,New Haven Line - Waterbury Branch,1538~2,From Grand Central,SEY,Seymour,6,17:28,17:28,2026-03-29,,,weekday,2026-03-29,2026-03-16,,03-29-26_NHL-WB-Sched_v2.pdf,metro_north_waterbury_branch_effective_2026-03-29_updated_2026-03-16.pdf,2,From Grand Central
Metro-North,Waterbury Branch,New Haven Line - Waterbury Branch,1538~3,From Grand Central,SEY,Seymour,6,17:28,17:28,2026-03-29,,,weekday,2026-03-29,2026-03-16,,03-29-26_NHL-WB-Sched_v2.pdf,metro_north_waterbury_branch_effective_2026-03-29_updated_2026-03-16.pdf,2,From Grand Central
Metro-North,Waterbury Branch,New Haven Line - Waterbury Branch,1538~1,From Grand Central,BCF,Beacon Falls,7,05:39,05:39,2026-03-29,,,weekday,2026-03-29,2026-03-16,,03-29-26_NHL-WB-Sched_v2.pdf,metro_north_waterbury_branch_effective_2026-03-29_updated_2026-03-16.pdf,2,From Grand Central
Metro-North,Waterbury Branch,New Haven Line - Waterbury Branch,1538~2,From Grand Central,BCF,Beacon Falls,7,17:39,17:39,2026-03-29,,,weekday,2026-03-29,2026-03-16,,03-29-26_NHL-WB-Sched_v2.pdf,metro_north_waterbury_branch_effective_2026-03-29_updated_2026-03-16.pdf,2,From Grand Central
Metro-North,Waterbury Branch,New Haven Line - Waterbury Branch,1538~3,From Grand Central,BCF,Beacon Falls,7,17:39,17:39,2026-03-29,,,weekday,2026-03-29,2026-03-16,,03-29-26_NHL-WB-Sched_v2.pdf,metro_north_waterbury_branch_effective_2026-03-29_updated_2026-03-16.pdf,2,From Grand Central
Metro-North,Waterbury Branch,New Haven Line - Waterbury Branch,1538~1,From Grand Central,NAU,Naugatuck,8,05:51,05:51,2026-03-29,,,weekday,2026-03-29,2026-03-16,,03-29-26_NHL-WB-Sched_v2.pdf,metro_north_waterbury_branch_effective_2026-03-29_updated_2026-03-16.pdf,2,From Grand Central
Metro-North,Waterbury Branch,New Haven Line - Waterbury Branch,1538~2,From Grand Central,NAU,Naugatuck,8,17:51,17:51,2026-03-29,,,weekday,2026-03-29,2026-03-16,,03-29-26_NHL-WB-Sched_v2.pdf,metro_north_waterbury_branch_effective_2026-03-29_updated_2026-03-16.pdf,2,From Grand Central
Metro-North,Waterbury Branch,New Haven Line - Waterbury Branch,1538~3,From Grand Central,NAU,Naugatuck,8,17:51,17:51,2026-03-29,,,weekday,2026-03-29,2026-03-16,,03-29-26_NHL-WB-Sched_v2.pdf,metro_north_waterbury_branch_effective_2026-03-29_updated_2026-03-16.pdf,2,From Grand Central
Metro-North,Waterbury Branch,New Haven Line - Waterbury Branch,1538~1,From Grand Central,WBY,Waterbury,9,06:03,06:03,2026-03-29,,,weekday,2026-03-29,2026-03-16,,03-29-26_NHL-WB-Sched_v2.pdf,metro_north_waterbury_branch_effective_2026-03-29_updated_2026-03-16.pdf,2,From Grand Central
Metro-North,Waterbury Branch,New Haven Line - Waterbury Branch,1538~2,From Grand Central,WBY,Waterbury,9,18:03,18:03,2026-03-29,,,weekday,2026-03-29,2026-03-16,,03-29-26_NHL-WB-Sched_v2.pdf,metro_north_waterbury_branch_effective_2026-03-29_updated_2026-03-16.pdf,2,From Grand Central
Metro-North,Waterbury Branch,New Haven Line - Waterbury Branch,1538~3,From Grand Central,WBY,Waterbury,9,18:03,18:03,2026-03-29,,,weekday,2026-03-29,2026-03-16,,03-29-26_NHL-WB-Sched_v2.pdf,metro_north_waterbury_branch_effective_2026-03-29_updated_2026-03-16.pdf,2,From Grand Central
Metro-North,Waterbury Branch,New Haven Line - Waterbury Branch,1542~1,From Grand Central,STM,Stamford,1,16:51,16:51,2026-03-29,,,weekday,2026-03-29,2026-03-16,,03-29-26_NHL-WB-Sched_v2.pdf,metro_north_waterbury_branch_effective_2026-03-29_updated_2026-03-16.pdf,2,From Grand Central
Metro-North,Waterbury Branch,New Haven Line - Waterbury Branch,1542~2,From Grand Central,STM,Stamford,1,16:51,16:51,2026-03-29,,,weekday,2026-03-29,2026-03-16,,03-29-26_NHL-WB-Sched_v2.pdf,metro_north_waterbury_branch_effective_2026-03-29_updated_2026-03-16.pdf,2,From Grand Central
Metro-North,Waterbury Branch,New Haven Line - Waterbury Branch,1542~1,From Grand Central,BRP,Bridgeport,2,17:32,,2026-03-29,,,weekday,2026-03-29,2026-03-16,,03-29-26_NHL-WB-Sched_v2.pdf,metro_north_waterbury_branch_effective_2026-03-29_updated_2026-03-16.pdf,2,From Grand Central
Metro-North,Waterbury Branch,New Haven Line - Waterbury Branch,1542~2,From Grand Central,BRP,Bridgeport,2,17:32,,2026-03-29,,,weekday,2026-03-29,2026-03-16,,03-29-26_NHL-WB-Sched_v2.pdf,metro_north_waterbury_branch_effective_2026-03-29_updated_2026-03-16.pdf,2,From Grand Central
Metro-North,Waterbury Branch,New Haven Line - Waterbury Branch,1542~1,From Grand Central,BRP,Bridgeport,3,,17:37,2026-03-29,,,weekday,2026-03-29,2026-03-16,,03-29-26_NHL-WB-Sched_v2.pdf,metro_north_waterbury_branch_effective_2026-03-29_updated_2026-03-16.pdf,2,From Grand Central
Metro-North,Waterbury Branch,New Haven Line - Waterbury Branch,1542~2,From Grand Central,BRP,Bridgeport,3,,17:37,2026-03-29,,,weekday,2026-03-29,2026-03-16,,03-29-26_NHL-WB-Sched_v2.pdf,metro_north_waterbury_branch_effective_2026-03-29_updated_2026-03-16.pdf,2,From Grand Central
Metro-North,Waterbury Branch,New Haven Line - Waterbury Branch,1542~1,From Grand Central,SFD,Stratford,4,17:44,17:44,2026-03-29,,,weekday,2026-03-29,2026-03-16,,03-29-26_NHL-WB-Sched_v2.pdf,metro_north_waterbury_branch_effective_2026-03-29_updated_2026-03-16.pdf,2,From Grand Central
Metro-North,Waterbury Branch,New Haven Line - Waterbury Branch,1542~2,From Grand Central,SFD,Stratford,4,17:44,17:44,2026-03-29,,,weekday,2026-03-29,2026-03-16,,03-29-26_NHL-WB-Sched_v2.pdf,metro_north_waterbury_branch_effective_2026-03-29_updated_2026-03-16.pdf,2,From Grand Central
Metro-North,Waterbury Branch,New Haven Line - Waterbury Branch,1542~1,From Grand Central,DBY,Derby-Shelton,5,18:03,18:03,2026-03-29,,,weekday,2026-03-29,2026-03-16,,03-29-26_NHL-WB-Sched_v2.pdf,metro_north_waterbury_branch_effective_2026-03-29_updated_2026-03-16.pdf,2,From Grand Central
Metro-North,Waterbury Branch,New Haven Line - Waterbury Branch,1542~2,From Grand Central,DBY,Derby-Shelton,5,18:03,18:03,2026-03-29,,,weekday,2026-03-29,2026-03-16,,03-29-26_NHL-WB-Sched_v2.pdf,metro_north_waterbury_branch_effective_2026-03-29_updated_2026-03-16.pdf,2,From Grand Central
Metro-North,Waterbury Branch,New Haven Line - Waterbury Branch,1542~1,From Grand Central,ANS,Ansonia,6,18:07,18:07,2026-03-29,,,weekday,2026-03-29,2026-03-16,,03-29-26_NHL-WB-Sched_v2.pdf,metro_north_waterbury_branch_effective_2026-03-29_updated_2026-03-16.pdf,2,From Grand Central
Metro-North,Waterbury Branch,New Haven Line - Waterbury Branch,1542~2,From Grand Central,ANS,Ansonia,6,18:07,18:07,2026-03-29,,,weekday,2026-03-29,2026-03-16,,03-29-26_NHL-WB-Sched_v2.pdf,metro_north_waterbury_branch_effective_2026-03-29_updated_2026-03-16.pdf,2,From Grand Central
Metro-North,Waterbury Branch,New Haven Line - Waterbury Branch,1542~1,From Grand Central,SEY,Seymour,7,18:14,18:14,2026-03-29,,,weekday,2026-03-29,2026-03-16,,03-29-26_NHL-WB-Sched_v2.pdf,metro_north_waterbury_branch_effective_2026-03-29_updated_2026-03-16.pdf,2,From Grand Central
Metro-North,Waterbury Branch,New Haven Line - Waterbury Branch,1542~2,From Grand Central,SEY,Seymour,7,18:14,18:14,2026-03-29,,,weekday,2026-03-29,2026-03-16,,03-29-26_NHL-WB-Sched_v2.pdf,metro_north_waterbury_branch_effective_2026-03-29_updated_2026-03-16.pdf,2,From Grand Central
Metro-North,Waterbury Branch,New Haven Line - Waterbury Branch,1542~1,From Grand Central,BCF,Beacon Falls,8,18:20,18:20,2026-03-29,,,weekday,2026-03-29,2026-03-16,,03-29-26_NHL-WB-Sched_v2.pdf,metro_north_waterbury_branch_effective_2026-03-29_updated_2026-03-16.pdf,2,From Grand Central
Metro-North,Waterbury Branch,New Haven Line - Waterbury Branch,1542~2,From Grand Central,BCF,Beacon Falls,8,18:20,18:20,2026-03-29,,,weekday,2026-03-29,2026-03-16,,03-29-26_NHL-WB-Sched_v2.pdf,metro_north_waterbury_branch_effective_2026-03-29_updated_2026-03-16.pdf,2,From Grand Central
Metro-North,Waterbury Branch,New Haven Line - Waterbury Branch,1542~1,From Grand Central,NAU,Naugatuck,9,18:27,18:27,2026-03-29,,,weekday,2026-03-29,2026-03-16,,03-29-26_NHL-WB-Sched_v2.pdf,metro_north_waterbury_branch_effective_2026-03-29_updated_2026-03-16.pdf,2,From Grand Central
Metro-North,Waterbury Branch,New Haven Line - Waterbury Branch,1542~2,From Grand Central,NAU,Naugatuck,9,18:27,18:27,2026-03-29,,,weekday,2026-03-29,2026-03-16,,03-29-26_NHL-WB-Sched_v2.pdf,metro_north_waterbury_branch_effective_2026-03-29_updated_2026-03-16.pdf,2,From Grand Central
Metro-North,Waterbury Branch,New Haven Line - Waterbury Branch,1542~1,From Grand Central,WBY,Waterbury,10,18:41,18:41,2026-03-29,,,weekday,2026-03-29,2026-03-16,,03-29-26_NHL-WB-Sched_v2.pdf,metro_north_waterbury_branch_effective_2026-03-29_updated_2026-03-16.pdf,2,From Grand Central
Metro-North,Waterbury Branch,New Haven Line - Waterbury Branch,1542~2,From Grand Central,WBY,Waterbury,10,18:41,18:41,2026-03-29,,,weekday,2026-03-29,2026-03-16,,03-29-26_NHL-WB-Sched_v2.pdf,metro_north_waterbury_branch_effective_2026-03-29_updated_2026-03-16.pdf,2,From Grand Central
Metro-North,Waterbury Branch,New Haven Line - Waterbury Branch,1549,To Grand Central,WBY,Waterbury,1,08:45,08:45,2026-03-29,,,weekday,2026-03-29,2026-03-16,,03-29-26_NHL-WB-Sched_v2.pdf,metro_north_waterbury_branch_effective_2026-03-29_updated_2026-03-16.pdf,2,To Grand Central
Metro-North,Waterbury Branch,New Haven Line - Waterbury Branch,1549,To Grand Central,NAU,Naugatuck,2,08:54,08:54,2026-03-29,,,weekday,2026-03-29,2026-03-16,,03-29-26_NHL-WB-Sched_v2.pdf,metro_north_waterbury_branch_effective_2026-03-29_updated_2026-03-16.pdf,2,To Grand Central
Metro-North,Waterbury Branch,New Haven Line - Waterbury Branch,1549,To Grand Central,DBY,Derby-Shelton,3,09:16,09:16,2026-03-29,,,weekday,2026-03-29,2026-03-16,,03-29-26_NHL-WB-Sched_v2.pdf,metro_north_waterbury_branch_effective_2026-03-29_updated_2026-03-16.pdf,2,To Grand Central
Metro-North,Waterbury Branch,New Haven Line - Waterbury Branch,1549,To Grand Central,BRP,Bridgeport,4,09:44,,2026-03-29,,,weekday,2026-03-29,2026-03-16,,03-29-26_NHL-WB-Sched_v2.pdf,metro_north_waterbury_branch_effective_2026-03-29_updated_2026-03-16.pdf,2,To Grand Central
Metro-North,Waterbury Branch,New Haven Line - Waterbury Branch,1549,To Grand Central,BRP,Bridgeport,5,,09:47,2026-03-29,,,weekday,2026-03-29,2026-03-16,,03-29-26_NHL-WB-Sched_v2.pdf,metro_north_waterbury_branch_effective_2026-03-29_updated_2026-03-16.pdf,2,To Grand Central
Metro-North,Waterbury Branch,New Haven Line - Waterbury Branch,1556~1,From Grand Central,STM,Stamford,1,06:09,06:09,2026-03-29,,,weekday,2026-03-29,2026-03-16,,03-29-26_NHL-WB-Sched_v2.pdf,metro_north_waterbury_branch_effective_2026-03-29_updated_2026-03-16.pdf,2,From Grand Central
Metro-North,Waterbury Branch,New Haven Line - Waterbury Branch,1556~2,From Grand Central,STM,Stamford,1,18:09,18:09,2026-03-29,,,weekday,2026-03-29,2026-03-16,,03-29-26_NHL-WB-Sched_v2.pdf,metro_north_waterbury_branch_effective_2026-03-29_updated_2026-03-16.pdf,2,From Grand Central
Metro-North,Waterbury Branch,New Haven Line - Waterbury Branch,1556~1,From Grand Central,BRP,Bridgeport,2,06:41,,2026-03-29,,,weekday,2026-03-29,2026-03-16,,03-29-26_NHL-WB-Sched_v2.pdf,metro_north_waterbury_branch_effective_2026-03-29_updated_2026-03-16.pdf,2,From Grand Central
Metro-North,Waterbury Branch,New Haven Line - Waterbury Branch,1556~2,From Grand Central,BRP,Bridgeport,2,18:41,,2026-03-29,,,weekday,2026-03-29,2026-03-16,,03-29-26_NHL-WB-Sched_v2.pdf,metro_north_waterbury_branch_effective_2026-03-29_updated_2026-03-16.pdf,2,From Grand Central
Metro-North,Waterbury Branch,New Haven Line - Waterbury Branch,1556~1,From Grand Central,BRP,Bridgeport,3,,06:47,2026-03-29,,,weekday,2026-03-29,2026-03-16,,03-29-26_NHL-WB-Sched_v2.pdf,metro_north_waterbury_branch_effective_2026-03-29_updated_2026-03-16.pdf,2,From Grand Central
Metro-North,Waterbury Branch,New Haven Line - Waterbury Branch,1556~2,From Grand Central,BRP,Bridgeport,3,,18:47,2026-03-29,,,weekday,2026-03-29,2026-03-16,,03-29-26_NHL-WB-Sched_v2.pdf,metro_north_waterbury_branch_effective_2026-03-29_updated_2026-03-16.pdf,2,From Grand Central
Metro-North,Waterbury Branch,New Haven Line - Waterbury Branch,1556~1,From Grand Central,SFD,Stratford,4,06:54,06:54,2026-03-29,,,weekday,2026-03-29,2026-03-16,,03-29-26_NHL-WB-Sched_v2.pdf,metro_north_waterbury_branch_effective_2026-03-29_updated_2026-03-16.pdf,2,From Grand Central
Metro-North,Waterbury Branch,New Haven Line - Waterbury Branch,1556~2,From Grand Central,SFD,Stratford,4,18:54,18:54,2026-03-29,,,weekday,2026-03-29,2026-03-16,,03-29-26_NHL-WB-Sched_v2.pdf,metro_north_waterbury_branch_effective_2026-03-29_updated_2026-03-16.pdf,2,From Grand Central
Metro-North,Waterbury Branch,New Haven Line - Waterbury Branch,1556~1,From Grand Central,DBY,Derby-Shelton,5,07:11,07:11,2026-03-29,,,weekday,2026-03-29,2026-03-16,,03-29-26_NHL-WB-Sched_v2.pdf,metro_north_waterbury_branch_effective_2026-03-29_updated_2026-03-16.pdf,2,From Grand Central
Metro-North,Waterbury Branch,New Haven Line - Waterbury Branch,1556~2,From Grand Central,DBY,Derby-Shelton,5,19:11,19:11,2026-03-29,,,weekday,2026-03-29,2026-03-16,,03-29-26_NHL-WB-Sched_v2.pdf,metro_north_waterbury_branch_effective_2026-03-29_updated_2026-03-16.pdf,2,From Grand Central
Metro-North,Waterbury Branch,New Haven Line - Waterbury Branch,1556~1,From Grand Central,ANS,Ansonia,6,07:15,07:15,2026-03-29,,,weekday,2026-03-29,2026-03-16,,03-29-26_NHL-WB-Sched_v2.pdf,metro_north_waterbury_branch_effective_2026-03-29_updated_2026-03-16.pdf,2,From Grand Central
Metro-North,Waterbury Branch,New Haven Line - Waterbury Branch,1556~2,From Grand Central,ANS,Ansonia,6,19:15,19:15,2026-03-29,,,weekday,2026-03-29,2026-03-16,,03-29-26_NHL-WB-Sched_v2.pdf,metro_north_waterbury_branch_effective_2026-03-29_updated_2026-03-16.pdf,2,From Grand Central
Metro-North,Waterbury Branch,New Haven Line - Waterbury Branch,1556~1,From Grand Central,SEY,Seymour,7,07:22,07:22,2026-03-29,,,weekday,2026-03-29,2026-03-16,,03-29-26_NHL-WB-Sched_v2.pdf,metro_north_waterbury_branch_effective_2026-03-29_updated_2026-03-16.pdf,2,From Grand Central
Metro-North,Waterbury Branch,New Haven Line - Waterbury Branch,1556~2,From Grand Central,SEY,Seymour,7,19:22,19:22,2026-03-29,,,weekday,2026-03-29,2026-03-16,,03-29-26_NHL-WB-Sched_v2.pdf,metro_north_waterbury_branch_effective_2026-03-29_updated_2026-03-16.pdf,2,From Grand Central
Metro-North,Waterbury Branch,New Haven Line - Waterbury Branch,1556~1,From Grand Central,BCF,Beacon Falls,8,07:28,07:28,2026-03-29,,,weekday,2026-03-29,2026-03-16,,03-29-26_NHL-WB-Sched_v2.pdf,metro_north_waterbury_branch_effective_2026-03-29_updated_2026-03-16.pdf,2,From Grand Central
Metro-North,Waterbury Branch,New Haven Line - Waterbury Branch,1556~2,From Grand Central,BCF,Beacon Falls,8,19:28,19:28,2026-03-29,,,weekday,2026-03-29,2026-03-16,,03-29-26_NHL-WB-Sched_v2.pdf,metro_north_waterbury_branch_effective_2026-03-29_updated_2026-03-16.pdf,2,From Grand Central
Metro-North,Waterbury Branch,New Haven Line - Waterbury Branch,1556~1,From Grand Central,NAU,Naugatuck,9,07:35,07:35,2026-03-29,,,weekday,2026-03-29,2026-03-16,,03-29-26_NHL-WB-Sched_v2.pdf,metro_north_waterbury_branch_effective_2026-03-29_updated_2026-03-16.pdf,2,From Grand Central
Metro-North,Waterbury Branch,New Haven Line - Waterbury Branch,1556~2,From Grand Central,NAU,Naugatuck,9,19:35,19:35,2026-03-29,,,weekday,2026-03-29,2026-03-16,,03-29-26_NHL-WB-Sched_v2.pdf,metro_north_waterbury_branch_effective_2026-03-29_updated_2026-03-16.pdf,2,From Grand Central
Metro-North,Waterbury Branch,New Haven Line - Waterbury Branch,1556~1,From Grand Central,WBY,Waterbury,10,07:48,07:48,2026-03-29,,,weekday,2026-03-29,2026-03-16,,03-29-26_NHL-WB-Sched_v2.pdf,metro_north_waterbury_branch_effective_2026-03-29_updated_2026-03-16.pdf,2,From Grand Central
Metro-North,Waterbury Branch,New Haven Line - Waterbury Branch,1556~2,From Grand Central,WBY,Waterbury,10,19:48,19:48,2026-03-29,,,weekday,2026-03-29,2026-03-16,,03-29-26_NHL-WB-Sched_v2.pdf,metro_north_waterbury_branch_effective_2026-03-29_updated_2026-03-16.pdf,2,From Grand Central
Metro-North,Waterbury Branch,New Haven Line - Waterbury Branch,1557,To Grand Central,WBY,Waterbury,1,10:45,10:45,2026-03-29,,,weekday,2026-03-29,2026-03-16,,03-29-26_NHL-WB-Sched_v2.pdf,metro_north_waterbury_branch_effective_2026-03-29_updated_2026-03-16.pdf,2,To Grand Central
Metro-North,Waterbury Branch,New Haven Line - Waterbury Branch,1557,To Grand Central,NAU,Naugatuck,2,10:54,10:54,2026-03-29,,,weekday,2026-03-29,2026-03-16,,03-29-26_NHL-WB-Sched_v2.pdf,metro_north_waterbury_branch_effective_2026-03-29_updated_2026-03-16.pdf,2,To Grand Central
Metro-North,Waterbury Branch,New Haven Line - Waterbury Branch,1557,To Grand Central,DBY,Derby-Shelton,3,11:16,11:16,2026-03-29,,,weekday,2026-03-29,2026-03-16,,03-29-26_NHL-WB-Sched_v2.pdf,metro_north_waterbury_branch_effective_2026-03-29_updated_2026-03-16.pdf,2,To Grand Central
Metro-North,Waterbury Branch,New Haven Line - Waterbury Branch,1557,To Grand Central,BRP,Bridgeport,4,11:43,,2026-03-29,,,weekday,2026-03-29,2026-03-16,,03-29-26_NHL-WB-Sched_v2.pdf,metro_north_waterbury_branch_effective_2026-03-29_updated_2026-03-16.pdf,2,To Grand Central
Metro-North,Waterbury Branch,New Haven Line - Waterbury Branch,1557,To Grand Central,BRP,Bridgeport,5,,11:45,2026-03-29,,,weekday,2026-03-29,2026-03-16,,03-29-26_NHL-WB-Sched_v2.pdf,metro_north_waterbury_branch_effective_2026-03-29_updated_2026-03-16.pdf,2,To Grand Central
Metro-North,Waterbury Branch,New Haven Line - Waterbury Branch,1565,To Grand Central,WBY,Waterbury,1,12:40,12:40,2026-03-29,,,weekday,2026-03-29,2026-03-16,,03-29-26_NHL-WB-Sched_v2.pdf,metro_north_waterbury_branch_effective_2026-03-29_updated_2026-03-16.pdf,2,To Grand Central
Metro-North,Waterbury Branch,New Haven Line - Waterbury Branch,1565,To Grand Central,NAU,Naugatuck,2,12:49,12:49,2026-03-29,,,weekday,2026-03-29,2026-03-16,,03-29-26_NHL-WB-Sched_v2.pdf,metro_north_waterbury_branch_effective_2026-03-29_updated_2026-03-16.pdf,2,To Grand Central
Metro-North,Waterbury Branch,New Haven Line - Waterbury Branch,1565,To Grand Central,DBY,Derby-Shelton,3,13:17,13:17,2026-03-29,,,weekday,2026-03-29,2026-03-16,,03-29-26_NHL-WB-Sched_v2.pdf,metro_north_waterbury_branch_effective_2026-03-29_updated_2026-03-16.pdf,2,To Grand Central
Metro-North,Waterbury Branch,New Haven Line - Waterbury Branch,1565,To Grand Central,BRP,Bridgeport,4,13:42,,2026-03-29,,,weekday,2026-03-29,2026-03-16,,03-29-26_NHL-WB-Sched_v2.pdf,metro_north_waterbury_branch_effective_2026-03-29_updated_2026-03-16.pdf,2,To Grand Central
Metro-North,Waterbury Branch,New Haven Line - Waterbury Branch,1565,To Grand Central,BRP,Bridgeport,5,,13:46,2026-03-29,,,weekday,2026-03-29,2026-03-16,,03-29-26_NHL-WB-Sched_v2.pdf,metro_north_waterbury_branch_effective_2026-03-29_updated_2026-03-16.pdf,2,To Grand Central
Metro-North,Waterbury Branch,New Haven Line - Waterbury Branch,1573,To Grand Central,WBY,Waterbury,1,14:29,14:29,2026-03-29,,,weekday,2026-03-29,2026-03-16,,03-29-26_NHL-WB-Sched_v2.pdf,metro_north_waterbury_branch_effective_2026-03-29_updated_2026-03-16.pdf,2,To Grand Central
Metro-North,Waterbury Branch,New Haven Line - Waterbury Branch,1573,To Grand Central,NAU,Naugatuck,2,14:38,14:38,2026-03-29,,,weekday,2026-03-29,2026-03-16,,03-29-26_NHL-WB-Sched_v2.pdf,metro_north_waterbury_branch_effective_2026-03-29_updated_2026-03-16.pdf,2,To Grand Central
Metro-North,Waterbury Branch,New Haven Line - Waterbury Branch,1573,To Grand Central,DBY,Derby-Shelton,3,15:06,15:06,2026-03-29,,,weekday,2026-03-29,2026-03-16,,03-29-26_NHL-WB-Sched_v2.pdf,metro_north_waterbury_branch_effective_2026-03-29_updated_2026-03-16.pdf,2,To Grand Central
Metro-North,Waterbury Branch,New Haven Line - Waterbury Branch,1573,To Grand Central,BRP,Bridgeport,4,15:34,,2026-03-29,,,weekday,2026-03-29,2026-03-16,,03-29-26_NHL-WB-Sched_v2.pdf,metro_north_waterbury_branch_effective_2026-03-29_updated_2026-03-16.pdf,2,To Grand Central
Metro-North,Waterbury Branch,New Haven Line - Waterbury Branch,1573,To Grand Central,BRP,Bridgeport,5,,15:45,2026-03-29,,,weekday,2026-03-29,2026-03-16,,03-29-26_NHL-WB-Sched_v2.pdf,metro_north_waterbury_branch_effective_2026-03-29_updated_2026-03-16.pdf,2,To Grand Central
Metro-North,Waterbury Branch,New Haven Line - Waterbury Branch,1574~1,From Grand Central,STM,Stamford,1,07:44,07:44,2026-03-29,,,weekday,2026-03-29,2026-03-16,,03-29-26_NHL-WB-Sched_v2.pdf,metro_north_waterbury_branch_effective_2026-03-29_updated_2026-03-16.pdf,2,From Grand Central
Metro-North,Waterbury Branch,New Haven Line - Waterbury Branch,1574~2,From Grand Central,STM,Stamford,1,19:44,19:44,2026-03-29,,,weekday,2026-03-29,2026-03-16,,03-29-26_NHL-WB-Sched_v2.pdf,metro_north_waterbury_branch_effective_2026-03-29_updated_2026-03-16.pdf,2,From Grand Central
Metro-North,Waterbury Branch,New Haven Line - Waterbury Branch,1574~1,From Grand Central,BRP,Bridgeport,2,08:26,,2026-03-29,,,weekday,2026-03-29,2026-03-16,,03-29-26_NHL-WB-Sched_v2.pdf,metro_north_waterbury_branch_effective_2026-03-29_updated_2026-03-16.pdf,2,From Grand Central
Metro-North,Waterbury Branch,New Haven Line - Waterbury Branch,1574~2,From Grand Central,BRP,Bridgeport,2,20:26,,2026-03-29,,,weekday,2026-03-29,2026-03-16,,03-29-26_NHL-WB-Sched_v2.pdf,metro_north_waterbury_branch_effective_2026-03-29_updated_2026-03-16.pdf,2,From Grand Central
Metro-North,Waterbury Branch,New Haven Line - Waterbury Branch,1574~1,From Grand Central,BRP,Bridgeport,3,,08:31,2026-03-29,,,weekday,2026-03-29,2026-03-16,,03-29-26_NHL-WB-Sched_v2.pdf,metro_north_waterbury_branch_effective_2026-03-29_updated_2026-03-16.pdf,2,From Grand Central
Metro-North,Waterbury Branch,New Haven Line - Waterbury Branch,1574~2,From Grand Central,BRP,Bridgeport,3,,20:31,2026-03-29,,,weekday,2026-03-29,2026-03-16,,03-29-26_NHL-WB-Sched_v2.pdf,metro_north_waterbury_branch_effective_2026-03-29_updated_2026-03-16.pdf,2,From Grand Central
Metro-North,Waterbury Branch,New Haven Line - Waterbury Branch,1574~1,From Grand Central,SFD,Stratford,4,08:38,08:38,2026-03-29,,,weekday,2026-03-29,2026-03-16,,03-29-26_NHL-WB-Sched_v2.pdf,metro_north_waterbury_branch_effective_2026-03-29_updated_2026-03-16.pdf,2,From Grand Central
Metro-North,Waterbury Branch,New Haven Line - Waterbury Branch,1574~2,From Grand Central,SFD,Stratford,4,20:38,20:38,2026-03-29,,,weekday,2026-03-29,2026-03-16,,03-29-26_NHL-WB-Sched_v2.pdf,metro_north_waterbury_branch_effective_2026-03-29_updated_2026-03-16.pdf,2,From Grand Central
Metro-North,Waterbury Branch,New Haven Line - Waterbury Branch,1574~1,From Grand Central,DBY,Derby-Shelton,5,08:59,08:59,2026-03-29,,,weekday,2026-03-29,2026-03-16,,03-29-26_NHL-WB-Sched_v2.pdf,metro_north_waterbury_branch_effective_2026-03-29_updated_2026-03-16.pdf,2,From Grand Central
Metro-North,Waterbury Branch,New Haven Line - Waterbury Branch,1574~2,From Grand Central,DBY,Derby-Shelton,5,20:59,20:59,2026-03-29,,,weekday,2026-03-29,2026-03-16,,03-29-26_NHL-WB-Sched_v2.pdf,metro_north_waterbury_branch_effective_2026-03-29_updated_2026-03-16.pdf,2,From Grand Central
Metro-North,Waterbury Branch,New Haven Line - Waterbury Branch,1574~1,From Grand Central,ANS,Ansonia,6,09:03,09:03,2026-03-29,,,weekday,2026-03-29,2026-03-16,,03-29-26_NHL-WB-Sched_v2.pdf,metro_north_waterbury_branch_effective_2026-03-29_updated_2026-03-16.pdf,2,From Grand Central
Metro-North,Waterbury Branch,New Haven Line - Waterbury Branch,1574~2,From Grand Central,ANS,Ansonia,6,21:03,21:03,2026-03-29,,,weekday,2026-03-29,2026-03-16,,03-29-26_NHL-WB-Sched_v2.pdf,metro_north_waterbury_branch_effective_2026-03-29_updated_2026-03-16.pdf,2,From Grand Central
Metro-North,Waterbury Branch,New Haven Line - Waterbury Branch,1574~1,From Grand Central,SEY,Seymour,7,09:10,09:10,2026-03-29,,,weekday,2026-03-29,2026-03-16,,03-29-26_NHL-WB-Sched_v2.pdf,metro_north_waterbury_branch_effective_2026-03-29_updated_2026-03-16.pdf,2,From Grand Central
Metro-North,Waterbury Branch,New Haven Line - Waterbury Branch,1574~2,From Grand Central,SEY,Seymour,7,21:10,21:10,2026-03-29,,,weekday,2026-03-29,2026-03-16,,03-29-26_NHL-WB-Sched_v2.pdf,metro_north_waterbury_branch_effective_2026-03-29_updated_2026-03-16.pdf,2,From Grand Central
Metro-North,Waterbury Branch,New Haven Line - Waterbury Branch,1574~1,From Grand Central,BCF,Beacon Falls,8,09:16,09:16,2026-03-29,,,weekday,2026-03-29,2026-03-16,,03-29-26_NHL-WB-Sched_v2.pdf,metro_north_waterbury_branch_effective_2026-03-29_updated_2026-03-16.pdf,2,From Grand Central
Metro-North,Waterbury Branch,New Haven Line - Waterbury Branch,1574~2,From Grand Central,BCF,Beacon Falls,8,21:16,21:16,2026-03-29,,,weekday,2026-03-29,2026-03-16,,03-29-26_NHL-WB-Sched_v2.pdf,metro_north_waterbury_branch_effective_2026-03-29_updated_2026-03-16.pdf,2,From Grand Central
Metro-North,Waterbury Branch,New Haven Line - Waterbury Branch,1574~1,From Grand Central,NAU,Naugatuck,9,09:23,09:23,2026-03-29,,,weekday,2026-03-29,2026-03-16,,03-29-26_NHL-WB-Sched_v2.pdf,metro_north_waterbury_branch_effective_2026-03-29_updated_2026-03-16.pdf,2,From Grand Central
Metro-North,Waterbury Branch,New Haven Line - Waterbury Branch,1574~2,From Grand Central,NAU,Naugatuck,9,21:23,21:23,2026-03-29,,,weekday,2026-03-29,2026-03-16,,03-29-26_NHL-WB-Sched_v2.pdf,metro_north_waterbury_branch_effective_2026-03-29_updated_2026-03-16.pdf,2,From Grand Central
Metro-North,Waterbury Branch,New Haven Line - Waterbury Branch,1574~1,From Grand Central,WBY,Waterbury,10,09:37,09:37,2026-03-29,,,weekday,2026-03-29,2026-03-16,,03-29-26_NHL-WB-Sched_v2.pdf,metro_north_waterbury_branch_effective_2026-03-29_updated_2026-03-16.pdf,2,From Grand Central
Metro-North,Waterbury Branch,New Haven Line - Waterbury Branch,1574~2,From Grand Central,WBY,Waterbury,10,21:37,21:37,2026-03-29,,,weekday,2026-03-29,2026-03-16,,03-29-26_NHL-WB-Sched_v2.pdf,metro_north_waterbury_branch_effective_2026-03-29_updated_2026-03-16.pdf,2,From Grand Central
Metro-North,Waterbury Branch,New Haven Line - Waterbury Branch,1579,To Grand Central,WBY,Waterbury,1,15:57,15:57,2026-03-29,,,weekday,2026-03-29,2026-03-16,,03-29-26_NHL-WB-Sched_v2.pdf,metro_north_waterbury_branch_effective_2026-03-29_updated_2026-03-16.pdf,2,To Grand Central
Metro-North,Waterbury Branch,New Haven Line - Waterbury Branch,1579,To Grand Central,NAU,Naugatuck,2,16:06,16:06,2026-03-29,,,weekday,2026-03-29,2026-03-16,,03-29-26_NHL-WB-Sched_v2.pdf,metro_north_waterbury_branch_effective_2026-03-29_updated_2026-03-16.pdf,2,To Grand Central
Metro-North,Waterbury Branch,New Haven Line - Waterbury Branch,1579,To Grand Central,DBY,Derby-Shelton,3,16:33,16:33,2026-03-29,,,weekday,2026-03-29,2026-03-16,,03-29-26_NHL-WB-Sched_v2.pdf,metro_north_waterbury_branch_effective_2026-03-29_updated_2026-03-16.pdf,2,To Grand Central
Metro-North,Waterbury Branch,New Haven Line - Waterbury Branch,1579,To Grand Central,BRP,Bridgeport,4,17:00,,2026-03-29,,,weekday,2026-03-29,2026-03-16,,03-29-26_NHL-WB-Sched_v2.pdf,metro_north_waterbury_branch_effective_2026-03-29_updated_2026-03-16.pdf,2,To Grand Central
Metro-North,Waterbury Branch,New Haven Line - Waterbury Branch,1579,To Grand Central,BRP,Bridgeport,5,,17:08,2026-03-29,,,weekday,2026-03-29,2026-03-16,,03-29-26_NHL-WB-Sched_v2.pdf,metro_north_waterbury_branch_effective_2026-03-29_updated_2026-03-16.pdf,2,To Grand Central
Metro-North,Waterbury Branch,New Haven Line - Waterbury Branch,1587,To Grand Central,WBY,Waterbury,1,17:30,17:30,2026-03-29,,,weekday,2026-03-29,2026-03-16,,03-29-26_NHL-WB-Sched_v2.pdf,metro_north_waterbury_branch_effective_2026-03-29_updated_2026-03-16.pdf,2,To Grand Central
Metro-North,Waterbury Branch,New Haven Line - Waterbury Branch,1587,To Grand Central,NAU,Naugatuck,2,17:39,17:39,2026-03-29,,,weekday,2026-03-29,2026-03-16,,03-29-26_NHL-WB-Sched_v2.pdf,metro_north_waterbury_branch_effective_2026-03-29_updated_2026-03-16.pdf,2,To Grand Central
Metro-North,Waterbury Branch,New Haven Line - Waterbury Branch,1587,To Grand Central,DBY,Derby-Shelton,3,18:07,18:07,2026-03-29,,,weekday,2026-03-29,2026-03-16,,03-29-26_NHL-WB-Sched_v2.pdf,metro_north_waterbury_branch_effective_2026-03-29_updated_2026-03-16.pdf,2,To Grand Central
Metro-North,Waterbury Branch,New Haven Line - Waterbury Branch,1587,To Grand Central,BRP,Bridgeport,4,18:32,,2026-03-29,,,weekday,2026-03-29,2026-03-16,,03-29-26_NHL-WB-Sched_v2.pdf,metro_north_waterbury_branch_effective_2026-03-29_updated_2026-03-16.pdf,2,To Grand Central
Metro-North,Waterbury Branch,New Haven Line - Waterbury Branch,1587,To Grand Central,BRP,Bridgeport,5,,19:18,2026-03-29,,,weekday,2026-03-29,2026-03-16,,03-29-26_NHL-WB-Sched_v2.pdf,metro_north_waterbury_branch_effective_2026-03-29_updated_2026-03-16.pdf,2,To Grand Central
Metro-North,Waterbury Branch,New Haven Line - Waterbury Branch,1590~1,From Grand Central,STM,Stamford,1,10:55,10:55,2026-03-29,,,weekday,2026-03-29,2026-03-16,,03-29-26_NHL-WB-Sched_v2.pdf,metro_north_waterbury_branch_effective_2026-03-29_updated_2026-03-16.pdf,2,From Grand Central
Metro-North,Waterbury Branch,New Haven Line - Waterbury Branch,1590~2,From Grand Central,STM,Stamford,1,22:55,22:55,2026-03-29,,,weekday,2026-03-29,2026-03-16,,03-29-26_NHL-WB-Sched_v2.pdf,metro_north_waterbury_branch_effective_2026-03-29_updated_2026-03-16.pdf,2,From Grand Central
Metro-North,Waterbury Branch,New Haven Line - Waterbury Branch,1590~1,From Grand Central,BRP,Bridgeport,2,11:37,,2026-03-29,,,weekday,2026-03-29,2026-03-16,,03-29-26_NHL-WB-Sched_v2.pdf,metro_north_waterbury_branch_effective_2026-03-29_updated_2026-03-16.pdf,2,From Grand Central
Metro-North,Waterbury Branch,New Haven Line - Waterbury Branch,1590~2,From Grand Central,BRP,Bridgeport,2,23:37,,2026-03-29,,,weekday,2026-03-29,2026-03-16,,03-29-26_NHL-WB-Sched_v2.pdf,metro_north_waterbury_branch_effective_2026-03-29_updated_2026-03-16.pdf,2,From Grand Central
Metro-North,Waterbury Branch,New Haven Line - Waterbury Branch,1590~1,From Grand Central,BRP,Bridgeport,3,,11:43,2026-03-29,,,weekday,2026-03-29,2026-03-16,,03-29-26_NHL-WB-Sched_v2.pdf,metro_north_waterbury_branch_effective_2026-03-29_updated_2026-03-16.pdf,2,From Grand Central
Metro-North,Waterbury Branch,New Haven Line - Waterbury Branch,1590~2,From Grand Central,BRP,Bridgeport,3,,23:43,2026-03-29,,,weekday,2026-03-29,2026-03-16,,03-29-26_NHL-WB-Sched_v2.pdf,metro_north_waterbury_branch_effective_2026-03-29_updated_2026-03-16.pdf,2,From Grand Central
Metro-North,Waterbury Branch,New Haven Line - Waterbury Branch,1590~1,From Grand Central,SFD,Stratford,4,11:50,11:50,2026-03-29,,,weekday,2026-03-29,2026-03-16,,03-29-26_NHL-WB-Sched_v2.pdf,metro_north_waterbury_branch_effective_2026-03-29_updated_2026-03-16.pdf,2,From Grand Central
Metro-North,Waterbury Branch,New Haven Line - Waterbury Branch,1590~2,From Grand Central,SFD,Stratford,4,23:50,23:50,2026-03-29,,,weekday,2026-03-29,2026-03-16,,03-29-26_NHL-WB-Sched_v2.pdf,metro_north_waterbury_branch_effective_2026-03-29_updated_2026-03-16.pdf,2,From Grand Central
Metro-North,Waterbury Branch,New Haven Line - Waterbury Branch,1590~1,From Grand Central,DBY,Derby-Shelton,5,00:09,00:09,2026-03-29,,,weekday,2026-03-29,2026-03-16,,03-29-26_NHL-WB-Sched_v2.pdf,metro_north_waterbury_branch_effective_2026-03-29_updated_2026-03-16.pdf,2,From Grand Central
Metro-North,Waterbury Branch,New Haven Line - Waterbury Branch,1590~2,From Grand Central,DBY,Derby-Shelton,5,12:09,12:09,2026-03-29,,,weekday,2026-03-29,2026-03-16,,03-29-26_NHL-WB-Sched_v2.pdf,metro_north_waterbury_branch_effective_2026-03-29_updated_2026-03-16.pdf,2,From Grand Central
Metro-North,Waterbury Branch,New Haven Line - Waterbury Branch,1590~1,From Grand Central,ANS,Ansonia,6,00:13,00:13,2026-03-29,,,weekday,2026-03-29,2026-03-16,,03-29-26_NHL-WB-Sched_v2.pdf,metro_north_waterbury_branch_effective_2026-03-29_updated_2026-03-16.pdf,2,From Grand Central
Metro-North,Waterbury Branch,New Haven Line - Waterbury Branch,1590~2,From Grand Central,ANS,Ansonia,6,12:13,12:13,2026-03-29,,,weekday,2026-03-29,2026-03-16,,03-29-26_NHL-WB-Sched_v2.pdf,metro_north_waterbury_branch_effective_2026-03-29_updated_2026-03-16.pdf,2,From Grand Central
Metro-North,Waterbury Branch,New Haven Line - Waterbury Branch,1590~1,From Grand Central,SEY,Seymour,7,00:20,00:20,2026-03-29,,,weekday,2026-03-29,2026-03-16,,03-29-26_NHL-WB-Sched_v2.pdf,metro_north_waterbury_branch_effective_2026-03-29_updated_2026-03-16.pdf,2,From Grand Central
Metro-North,Waterbury Branch,New Haven Line - Waterbury Branch,1590~2,From Grand Central,SEY,Seymour,7,12:20,12:20,2026-03-29,,,weekday,2026-03-29,2026-03-16,,03-29-26_NHL-WB-Sched_v2.pdf,metro_north_waterbury_branch_effective_2026-03-29_updated_2026-03-16.pdf,2,From Grand Central
Metro-North,Waterbury Branch,New Haven Line - Waterbury Branch,1590~1,From Grand Central,BCF,Beacon Falls,8,00:26,00:26,2026-03-29,,,weekday,2026-03-29,2026-03-16,,03-29-26_NHL-WB-Sched_v2.pdf,metro_north_waterbury_branch_effective_2026-03-29_updated_2026-03-16.pdf,2,From Grand Central
Metro-North,Waterbury Branch,New Haven Line - Waterbury Branch,1590~2,From Grand Central,BCF,Beacon Falls,8,12:26,12:26,2026-03-29,,,weekday,2026-03-29,2026-03-16,,03-29-26_NHL-WB-Sched_v2.pdf,metro_north_waterbury_branch_effective_2026-03-29_updated_2026-03-16.pdf,2,From Grand Central
Metro-North,Waterbury Branch,New Haven Line - Waterbury Branch,1590~1,From Grand Central,NAU,Naugatuck,9,00:33,00:33,2026-03-29,,,weekday,2026-03-29,2026-03-16,,03-29-26_NHL-WB-Sched_v2.pdf,metro_north_waterbury_branch_effective_2026-03-29_updated_2026-03-16.pdf,2,From Grand Central
Metro-North,Waterbury Branch,New Haven Line - Waterbury Branch,1590~2,From Grand Central,NAU,Naugatuck,9,12:33,12:33,2026-03-29,,,weekday,2026-03-29,2026-03-16,,03-29-26_NHL-WB-Sched_v2.pdf,metro_north_waterbury_branch_effective_2026-03-29_updated_2026-03-16.pdf,2,From Grand Central
Metro-North,Waterbury Branch,New Haven Line - Waterbury Branch,1590~1,From Grand Central,WBY,Waterbury,10,00:52,00:52,2026-03-29,,,weekday,2026-03-29,2026-03-16,,03-29-26_NHL-WB-Sched_v2.pdf,metro_north_waterbury_branch_effective_2026-03-29_updated_2026-03-16.pdf,2,From Grand Central
Metro-North,Waterbury Branch,New Haven Line - Waterbury Branch,1590~2,From Grand Central,WBY,Waterbury,10,12:52,12:52,2026-03-29,,,weekday,2026-03-29,2026-03-16,,03-29-26_NHL-WB-Sched_v2.pdf,metro_north_waterbury_branch_effective_2026-03-29_updated_2026-03-16.pdf,2,From Grand Central
Metro-North,Waterbury Branch,New Haven Line - Waterbury Branch,1591,To Grand Central,WBY,Waterbury,1,19:04,19:04,2026-03-29,,,weekday,2026-03-29,2026-03-16,,03-29-26_NHL-WB-Sched_v2.pdf,metro_north_waterbury_branch_effective_2026-03-29_updated_2026-03-16.pdf,2,To Grand Central
Metro-North,Waterbury Branch,New Haven Line - Waterbury Branch,1591,To Grand Central,NAU,Naugatuck,2,19:13,19:13,2026-03-29,,,weekday,2026-03-29,2026-03-16,,03-29-26_NHL-WB-Sched_v2.pdf,metro_north_waterbury_branch_effective_2026-03-29_updated_2026-03-16.pdf,2,To Grand Central
Metro-North,Waterbury Branch,New Haven Line - Waterbury Branch,1591,To Grand Central,DBY,Derby-Shelton,3,19:43,19:43,2026-03-29,,,weekday,2026-03-29,2026-03-16,,03-29-26_NHL-WB-Sched_v2.pdf,metro_north_waterbury_branch_effective_2026-03-29_updated_2026-03-16.pdf,2,To Grand Central
Metro-North,Waterbury Branch,New Haven Line - Waterbury Branch,1591,To Grand Central,BRP,Bridgeport,4,20:08,,2026-03-29,,,weekday,2026-03-29,2026-03-16,,03-29-26_NHL-WB-Sched_v2.pdf,metro_north_waterbury_branch_effective_2026-03-29_updated_2026-03-16.pdf,2,To Grand Central
Metro-North,Waterbury Branch,New Haven Line - Waterbury Branch,1591,To Grand Central,BRP,Bridgeport,5,,20:12,2026-03-29,,,weekday,2026-03-29,2026-03-16,,03-29-26_NHL-WB-Sched_v2.pdf,metro_north_waterbury_branch_effective_2026-03-29_updated_2026-03-16.pdf,2,To Grand Central
Metro-North,Waterbury Branch,New Haven Line - Waterbury Branch,1595,To Grand Central,WBY,Waterbury,1,20:01,20:01,2026-03-29,,,weekday,2026-03-29,2026-03-16,,03-29-26_NHL-WB-Sched_v2.pdf,metro_north_waterbury_branch_effective_2026-03-29_updated_2026-03-16.pdf,2,To Grand Central
Metro-North,Waterbury Branch,New Haven Line - Waterbury Branch,1595,To Grand Central,NAU,Naugatuck,2,20:10,20:10,2026-03-29,,,weekday,2026-03-29,2026-03-16,,03-29-26_NHL-WB-Sched_v2.pdf,metro_north_waterbury_branch_effective_2026-03-29_updated_2026-03-16.pdf,2,To Grand Central
Metro-North,Waterbury Branch,New Haven Line - Waterbury Branch,1595,To Grand Central,DBY,Derby-Shelton,3,20:32,20:32,2026-03-29,,,weekday,2026-03-29,2026-03-16,,03-29-26_NHL-WB-Sched_v2.pdf,metro_north_waterbury_branch_effective_2026-03-29_updated_2026-03-16.pdf,2,To Grand Central
Metro-North,Waterbury Branch,New Haven Line - Waterbury Branch,1595,To Grand Central,BRP,Bridgeport,4,21:01,,2026-03-29,,,weekday,2026-03-29,2026-03-16,,03-29-26_NHL-WB-Sched_v2.pdf,metro_north_waterbury_branch_effective_2026-03-29_updated_2026-03-16.pdf,2,To Grand Central
Metro-North,Waterbury Branch,New Haven Line - Waterbury Branch,1595,To Grand Central,BRP,Bridgeport,5,,21:09,2026-03-29,,,weekday,2026-03-29,2026-03-16,,03-29-26_NHL-WB-Sched_v2.pdf,metro_north_waterbury_branch_effective_2026-03-29_updated_2026-03-16.pdf,2,To Grand Central
Metro-North,Waterbury Branch,New Haven Line - Waterbury Branch,1902,From Grand Central,STM,Stamford,1,06:01,06:01,2026-03-29,,,weekday,2026-03-29,2026-03-16,,03-29-26_NHL-WB-Sched_v2.pdf,metro_north_waterbury_branch_effective_2026-03-29_updated_2026-03-16.pdf,2,From Grand Central
Metro-North,Waterbury Branch,New Haven Line - Waterbury Branch,1902,From Grand Central,BRP,Bridgeport,2,06:43,,2026-03-29,,,weekday,2026-03-29,2026-03-16,,03-29-26_NHL-WB-Sched_v2.pdf,metro_north_waterbury_branch_effective_2026-03-29_updated_2026-03-16.pdf,2,From Grand Central
Metro-North,Waterbury Branch,New Haven Line - Waterbury Branch,1902,From Grand Central,BRP,Bridgeport,3,,06:54,2026-03-29,,,weekday,2026-03-29,2026-03-16,,03-29-26_NHL-WB-Sched_v2.pdf,metro_north_waterbury_branch_effective_2026-03-29_updated_2026-03-16.pdf,2,From Grand Central
Metro-North,Waterbury Branch,New Haven Line - Waterbury Branch,1902,From Grand Central,SFD,Stratford,4,07:01,07:01,2026-03-29,,,weekday,2026-03-29,2026-03-16,,03-29-26_NHL-WB-Sched_v2.pdf,metro_north_waterbury_branch_effective_2026-03-29_updated_2026-03-16.pdf,2,From Grand Central
Metro-North,Waterbury Branch,New Haven Line - Waterbury Branch,1902,From Grand Central,DBY,Derby-Shelton,5,07:30,07:30,2026-03-29,,,weekday,2026-03-29,2026-03-16,,03-29-26_NHL-WB-Sched_v2.pdf,metro_north_waterbury_branch_effective_2026-03-29_updated_2026-03-16.pdf,2,From Grand Central
Metro-North,Waterbury Branch,New Haven Line - Waterbury Branch,1902,From Grand Central,ANS,Ansonia,6,07:34,07:34,2026-03-29,,,weekday,2026-03-29,2026-03-16,,03-29-26_NHL-WB-Sched_v2.pdf,metro_north_waterbury_branch_effective_2026-03-29_updated_2026-03-16.pdf,2,From Grand Central
Metro-North,Waterbury Branch,New Haven Line - Waterbury Branch,1902,From Grand Central,SEY,Seymour,7,07:41,07:41,2026-03-29,,,weekday,2026-03-29,2026-03-16,,03-29-26_NHL-WB-Sched_v2.pdf,metro_north_waterbury_branch_effective_2026-03-29_updated_2026-03-16.pdf,2,From Grand Central
Metro-North,Waterbury Branch,New Haven Line - Waterbury Branch,1902,From Grand Central,BCF,Beacon Falls,8,07:47,07:47,2026-03-29,,,weekday,2026-03-29,2026-03-16,,03-29-26_NHL-WB-Sched_v2.pdf,metro_north_waterbury_branch_effective_2026-03-29_updated_2026-03-16.pdf,2,From Grand Central
Metro-North,Waterbury Branch,New Haven Line - Waterbury Branch,1902,From Grand Central,NAU,Naugatuck,9,07:54,07:54,2026-03-29,,,weekday,2026-03-29,2026-03-16,,03-29-26_NHL-WB-Sched_v2.pdf,metro_north_waterbury_branch_effective_2026-03-29_updated_2026-03-16.pdf,2,From Grand Central
Metro-North,Waterbury Branch,New Haven Line - Waterbury Branch,1902,From Grand Central,WBY,Waterbury,10,08:08,08:08,2026-03-29,,,weekday,2026-03-29,2026-03-16,,03-29-26_NHL-WB-Sched_v2.pdf,metro_north_waterbury_branch_effective_2026-03-29_updated_2026-03-16.pdf,2,From Grand Central
Metro-North,Waterbury Branch,New Haven Line - Waterbury Branch,1908,From Grand Central,STM,Stamford,1,07:48,07:48,2026-03-29,,,weekday,2026-03-29,2026-03-16,,03-29-26_NHL-WB-Sched_v2.pdf,metro_north_waterbury_branch_effective_2026-03-29_updated_2026-03-16.pdf,2,From Grand Central
Metro-North,Waterbury Branch,New Haven Line - Waterbury Branch,1908,From Grand Central,BRP,Bridgeport,2,08:34,,2026-03-29,,,weekday,2026-03-29,2026-03-16,,03-29-26_NHL-WB-Sched_v2.pdf,metro_north_waterbury_branch_effective_2026-03-29_updated_2026-03-16.pdf,2,From Grand Central
Metro-North,Waterbury Branch,New Haven Line - Waterbury Branch,1908,From Grand Central,BRP,Bridgeport,3,,08:39,2026-03-29,,,weekday,2026-03-29,2026-03-16,,03-29-26_NHL-WB-Sched_v2.pdf,metro_north_waterbury_branch_effective_2026-03-29_updated_2026-03-16.pdf,2,From Grand Central
Metro-North,Waterbury Branch,New Haven Line - Waterbury Branch,1908,From Grand Central,SFD,Stratford,4,08:46,08:46,2026-03-29,,,weekday,2026-03-29,2026-03-16,,03-29-26_NHL-WB-Sched_v2.pdf,metro_north_waterbury_branch_effective_2026-03-29_updated_2026-03-16.pdf,2,From Grand Central
Metro-North,Waterbury Branch,New Haven Line - Waterbury Branch,1908,From Grand Central,DBY,Derby-Shelton,5,09:04,09:04,2026-03-29,,,weekday,2026-03-29,2026-03-16,,03-29-26_NHL-WB-Sched_v2.pdf,metro_north_waterbury_branch_effective_2026-03-29_updated_2026-03-16.pdf,2,From Grand Central
Metro-North,Waterbury Branch,New Haven Line - Waterbury Branch,1908,From Grand Central,ANS,Ansonia,6,09:20,09:20,2026-03-29,,,weekday,2026-03-29,2026-03-16,,03-29-26_NHL-WB-Sched_v2.pdf,metro_north_waterbury_branch_effective_2026-03-29_updated_2026-03-16.pdf,2,From Grand Central
Metro-North,Waterbury Branch,New Haven Line - Waterbury Branch,1908,From Grand Central,SEY,Seymour,7,09:27,09:27,2026-03-29,,,weekday,2026-03-29,2026-03-16,,03-29-26_NHL-WB-Sched_v2.pdf,metro_north_waterbury_branch_effective_2026-03-29_updated_2026-03-16.pdf,2,From Grand Central
Metro-North,Waterbury Branch,New Haven Line - Waterbury Branch,1908,From Grand Central,BCF,Beacon Falls,8,09:33,09:33,2026-03-29,,,weekday,2026-03-29,2026-03-16,,03-29-26_NHL-WB-Sched_v2.pdf,metro_north_waterbury_branch_effective_2026-03-29_updated_2026-03-16.pdf,2,From Grand Central
Metro-North,Waterbury Branch,New Haven Line - Waterbury Branch,1908,From Grand Central,NAU,Naugatuck,9,09:40,09:40,2026-03-29,,,weekday,2026-03-29,2026-03-16,,03-29-26_NHL-WB-Sched_v2.pdf,metro_north_waterbury_branch_effective_2026-03-29_updated_2026-03-16.pdf,2,From Grand Central
Metro-North,Waterbury Branch,New Haven Line - Waterbury Branch,1908,From Grand Central,WBY,Waterbury,10,09:54,09:54,2026-03-29,,,weekday,2026-03-29,2026-03-16,,03-29-26_NHL-WB-Sched_v2.pdf,metro_north_waterbury_branch_effective_2026-03-29_updated_2026-03-16.pdf,2,From Grand Central
Metro-North,Waterbury Branch,New Haven Line - Waterbury Branch,1911,To Grand Central,WBY,Waterbury,1,04:45,04:45,2026-03-29,,,weekday,2026-03-29,2026-03-16,,03-29-26_NHL-WB-Sched_v2.pdf,metro_north_waterbury_branch_effective_2026-03-29_updated_2026-03-16.pdf,2,Metro-North
Metro-North,Waterbury Branch,New Haven Line - Waterbury Branch,1911,To Grand Central,NAU,Naugatuck,2,04:54,04:54,2026-03-29,,,weekday,2026-03-29,2026-03-16,,03-29-26_NHL-WB-Sched_v2.pdf,metro_north_waterbury_branch_effective_2026-03-29_updated_2026-03-16.pdf,2,To Grand Central
Metro-North,Waterbury Branch,New Haven Line - Waterbury Branch,1911,To Grand Central,DBY,Derby-Shelton,3,05:16,05:16,2026-03-29,,,weekday,2026-03-29,2026-03-16,,03-29-26_NHL-WB-Sched_v2.pdf,metro_north_waterbury_branch_effective_2026-03-29_updated_2026-03-16.pdf,2,To Grand Central
Metro-North,Waterbury Branch,New Haven Line - Waterbury Branch,1911,To Grand Central,BRP,Bridgeport,4,05:44,,2026-03-29,,,weekday,2026-03-29,2026-03-16,,03-29-26_NHL-WB-Sched_v2.pdf,metro_north_waterbury_branch_effective_2026-03-29_updated_2026-03-16.pdf,2,To Grand Central
Metro-North,Waterbury Branch,New Haven Line - Waterbury Branch,1911,To Grand Central,BRP,Bridgeport,5,,05:59,2026-03-29,,,weekday,2026-03-29,2026-03-16,,03-29-26_NHL-WB-Sched_v2.pdf,metro_north_waterbury_branch_effective_2026-03-29_updated_2026-03-16.pdf,2,To Grand Central
Metro-North,Waterbury Branch,New Haven Line - Waterbury Branch,1916,From Grand Central,STM,Stamford,1,09:56,09:56,2026-03-29,,,weekday,2026-03-29,2026-03-16,,03-29-26_NHL-WB-Sched_v2.pdf,metro_north_waterbury_branch_effective_2026-03-29_updated_2026-03-16.pdf,2,From Grand Central
Metro-North,Waterbury Branch,New Haven Line - Waterbury Branch,1916,From Grand Central,BRP,Bridgeport,2,10:38,,2026-03-29,,,weekday,2026-03-29,2026-03-16,,03-29-26_NHL-WB-Sched_v2.pdf,metro_north_waterbury_branch_effective_2026-03-29_updated_2026-03-16.pdf,2,From Grand Central
Metro-North,Waterbury Branch,New Haven Line - Waterbury Branch,1916,From Grand Central,BRP,Bridgeport,3,,10:43,2026-03-29,,,weekday,2026-03-29,2026-03-16,,03-29-26_NHL-WB-Sched_v2.pdf,metro_north_waterbury_branch_effective_2026-03-29_updated_2026-03-16.pdf,2,From Grand Central
Metro-North,Waterbury Branch,New Haven Line - Waterbury Branch,1916,From Grand Central,SFD,Stratford,4,10:50,10:50,2026-03-29,,,weekday,2026-03-29,2026-03-16,,03-29-26_NHL-WB-Sched_v2.pdf,metro_north_waterbury_branch_effective_2026-03-29_updated_2026-03-16.pdf,2,From Grand Central
Metro-North,Waterbury Branch,New Haven Line - Waterbury Branch,1916,From Grand Central,DBY,Derby-Shelton,5,11:09,11:09,2026-03-29,,,weekday,2026-03-29,2026-03-16,,03-29-26_NHL-WB-Sched_v2.pdf,metro_north_waterbury_branch_effective_2026-03-29_updated_2026-03-16.pdf,2,From Grand Central
Metro-North,Waterbury Branch,New Haven Line - Waterbury Branch,1916,From Grand Central,ANS,Ansonia,6,11:20,11:20,2026-03-29,,,weekday,2026-03-29,2026-03-16,,03-29-26_NHL-WB-Sched_v2.pdf,metro_north_waterbury_branch_effective_2026-03-29_updated_2026-03-16.pdf,2,From Grand Central
Metro-North,Waterbury Branch,New Haven Line - Waterbury Branch,1916,From Grand Central,SEY,Seymour,7,11:27,11:27,2026-03-29,,,weekday,2026-03-29,2026-03-16,,03-29-26_NHL-WB-Sched_v2.pdf,metro_north_waterbury_branch_effective_2026-03-29_updated_2026-03-16.pdf,2,From Grand Central
Metro-North,Waterbury Branch,New Haven Line - Waterbury Branch,1916,From Grand Central,BCF,Beacon Falls,8,11:33,11:33,2026-03-29,,,weekday,2026-03-29,2026-03-16,,03-29-26_NHL-WB-Sched_v2.pdf,metro_north_waterbury_branch_effective_2026-03-29_updated_2026-03-16.pdf,2,From Grand Central
Metro-North,Waterbury Branch,New Haven Line - Waterbury Branch,1916,From Grand Central,NAU,Naugatuck,9,11:40,11:40,2026-03-29,,,weekday,2026-03-29,2026-03-16,,03-29-26_NHL-WB-Sched_v2.pdf,metro_north_waterbury_branch_effective_2026-03-29_updated_2026-03-16.pdf,2,From Grand Central
Metro-North,Waterbury Branch,New Haven Line - Waterbury Branch,1916,From Grand Central,WBY,Waterbury,10,11:54,11:54,2026-03-29,,,weekday,2026-03-29,2026-03-16,,03-29-26_NHL-WB-Sched_v2.pdf,metro_north_waterbury_branch_effective_2026-03-29_updated_2026-03-16.pdf,2,From Grand Central
Metro-North,Waterbury Branch,New Haven Line - Waterbury Branch,1922,From Grand Central,STM,Stamford,1,11:55,11:55,2026-03-29,,,weekday,2026-03-29,2026-03-16,,03-29-26_NHL-WB-Sched_v2.pdf,metro_north_waterbury_branch_effective_2026-03-29_updated_2026-03-16.pdf,2,From Grand Central
Metro-North,Waterbury Branch,New Haven Line - Waterbury Branch,1922,From Grand Central,BRP,Bridgeport,2,00:40,,2026-03-29,,,weekday,2026-03-29,2026-03-16,,03-29-26_NHL-WB-Sched_v2.pdf,metro_north_waterbury_branch_effective_2026-03-29_updated_2026-03-16.pdf,2,From Grand Central
Metro-North,Waterbury Branch,New Haven Line - Waterbury Branch,1922,From Grand Central,BRP,Bridgeport,3,,00:50,2026-03-29,,,weekday,2026-03-29,2026-03-16,,03-29-26_NHL-WB-Sched_v2.pdf,metro_north_waterbury_branch_effective_2026-03-29_updated_2026-03-16.pdf,2,From Grand Central
Metro-North,Waterbury Branch,New Haven Line - Waterbury Branch,1922,From Grand Central,SFD,Stratford,4,00:57,00:57,2026-03-29,,,weekday,2026-03-29,2026-03-16,,03-29-26_NHL-WB-Sched_v2.pdf,metro_north_waterbury_branch_effective_2026-03-29_updated_2026-03-16.pdf,2,From Grand Central
Metro-North,Waterbury Branch,New Haven Line - Waterbury Branch,1922,From Grand Central,DBY,Derby-Shelton,5,01:14,01:14,2026-03-29,,,weekday,2026-03-29,2026-03-16,,03-29-26_NHL-WB-Sched_v2.pdf,metro_north_waterbury_branch_effective_2026-03-29_updated_2026-03-16.pdf,2,From Grand Central
Metro-North,Waterbury Branch,New Haven Line - Waterbury Branch,1922,From Grand Central,ANS,Ansonia,6,01:18,01:18,2026-03-29,,,weekday,2026-03-29,2026-03-16,,03-29-26_NHL-WB-Sched_v2.pdf,metro_north_waterbury_branch_effective_2026-03-29_updated_2026-03-16.pdf,2,From Grand Central
Metro-North,Waterbury Branch,New Haven Line - Waterbury Branch,1922,From Grand Central,SEY,Seymour,7,01:25,01:25,2026-03-29,,,weekday,2026-03-29,2026-03-16,,03-29-26_NHL-WB-Sched_v2.pdf,metro_north_waterbury_branch_effective_2026-03-29_updated_2026-03-16.pdf,2,From Grand Central
Metro-North,Waterbury Branch,New Haven Line - Waterbury Branch,1922,From Grand Central,BCF,Beacon Falls,8,01:31,01:31,2026-03-29,,,weekday,2026-03-29,2026-03-16,,03-29-26_NHL-WB-Sched_v2.pdf,metro_north_waterbury_branch_effective_2026-03-29_updated_2026-03-16.pdf,2,From Grand Central
Metro-North,Waterbury Branch,New Haven Line - Waterbury Branch,1922,From Grand Central,NAU,Naugatuck,9,01:38,01:38,2026-03-29,,,weekday,2026-03-29,2026-03-16,,03-29-26_NHL-WB-Sched_v2.pdf,metro_north_waterbury_branch_effective_2026-03-29_updated_2026-03-16.pdf,2,From Grand Central
Metro-North,Waterbury Branch,New Haven Line - Waterbury Branch,1922,From Grand Central,WBY,Waterbury,10,01:52,01:52,2026-03-29,,,weekday,2026-03-29,2026-03-16,,03-29-26_NHL-WB-Sched_v2.pdf,metro_north_waterbury_branch_effective_2026-03-29_updated_2026-03-16.pdf,2,From Grand Central
Metro-North,Waterbury Branch,New Haven Line - Waterbury Branch,1925,To Grand Central,WBY,Waterbury,1,05:38,05:38,2026-03-29,,,weekday,2026-03-29,2026-03-16,,03-29-26_NHL-WB-Sched_v2.pdf,metro_north_waterbury_branch_effective_2026-03-29_updated_2026-03-16.pdf,2,To Grand Central
Metro-North,Waterbury Branch,New Haven Line - Waterbury Branch,1925,To Grand Central,NAU,Naugatuck,2,05:47,05:47,2026-03-29,,,weekday,2026-03-29,2026-03-16,,03-29-26_NHL-WB-Sched_v2.pdf,metro_north_waterbury_branch_effective_2026-03-29_updated_2026-03-16.pdf,2,To Grand Central
Metro-North,Waterbury Branch,New Haven Line - Waterbury Branch,1925,To Grand Central,DBY,Derby-Shelton,3,06:09,06:09,2026-03-29,,,weekday,2026-03-29,2026-03-16,,03-29-26_NHL-WB-Sched_v2.pdf,metro_north_waterbury_branch_effective_2026-03-29_updated_2026-03-16.pdf,2,To Grand Central
Metro-North,Waterbury Branch,New Haven Line - Waterbury Branch,1925,To Grand Central,BRP,Bridgeport,4,06:37,,2026-03-29,,,weekday,2026-03-29,2026-03-16,,03-29-26_NHL-WB-Sched_v2.pdf,metro_north_waterbury_branch_effective_2026-03-29_updated_2026-03-16.pdf,2,To Grand Central
Metro-North,Waterbury Branch,New Haven Line - Waterbury Branch,1925,To Grand Central,BRP,Bridgeport,5,,06:43,2026-03-29,,,weekday,2026-03-29,2026-03-16,,03-29-26_NHL-WB-Sched_v2.pdf,metro_north_waterbury_branch_effective_2026-03-29_updated_2026-03-16.pdf,2,To Grand Central
Metro-North,Waterbury Branch,New Haven Line - Waterbury Branch,1928,From Grand Central,STM,Stamford,1,13:25,13:25,2026-03-29,,,weekday,2026-03-29,2026-03-16,,03-29-26_NHL-WB-Sched_v2.pdf,metro_north_waterbury_branch_effective_2026-03-29_updated_2026-03-16.pdf,2,From Grand Central
Metro-North,Waterbury Branch,New Haven Line - Waterbury Branch,1928,From Grand Central,BRP,Bridgeport,2,14:01,,2026-03-29,,,weekday,2026-03-29,2026-03-16,,03-29-26_NHL-WB-Sched_v2.pdf,metro_north_waterbury_branch_effective_2026-03-29_updated_2026-03-16.pdf,2,From Grand Central
Metro-North,Waterbury Branch,New Haven Line - Waterbury Branch,1928,From Grand Central,BRP,Bridgeport,3,,14:06,2026-03-29,,,weekday,2026-03-29,2026-03-16,,03-29-26_NHL-WB-Sched_v2.pdf,metro_north_waterbury_branch_effective_2026-03-29_updated_2026-03-16.pdf,2,From Grand Central
Metro-North,Waterbury Branch,New Haven Line - Waterbury Branch,1928,From Grand Central,SFD,Stratford,4,14:13,14:13,2026-03-29,,,weekday,2026-03-29,2026-03-16,,03-29-26_NHL-WB-Sched_v2.pdf,metro_north_waterbury_branch_effective_2026-03-29_updated_2026-03-16.pdf,2,From Grand Central
Metro-North,Waterbury Branch,New Haven Line - Waterbury Branch,1928,From Grand Central,DBY,Derby-Shelton,5,14:30,14:30,2026-03-29,,,weekday,2026-03-29,2026-03-16,,03-29-26_NHL-WB-Sched_v2.pdf,metro_north_waterbury_branch_effective_2026-03-29_updated_2026-03-16.pdf,2,From Grand Central
Metro-North,Waterbury Branch,New Haven Line - Waterbury Branch,1928,From Grand Central,ANS,Ansonia,6,14:34,14:34,2026-03-29,,,weekday,2026-03-29,2026-03-16,,03-29-26_NHL-WB-Sched_v2.pdf,metro_north_waterbury_branch_effective_2026-03-29_updated_2026-03-16.pdf,2,From Grand Central
Metro-North,Waterbury Branch,New Haven Line - Waterbury Branch,1928,From Grand Central,SEY,Seymour,7,14:41,14:41,2026-03-29,,,weekday,2026-03-29,2026-03-16,,03-29-26_NHL-WB-Sched_v2.pdf,metro_north_waterbury_branch_effective_2026-03-29_updated_2026-03-16.pdf,2,From Grand Central
Metro-North,Waterbury Branch,New Haven Line - Waterbury Branch,1928,From Grand Central,BCF,Beacon Falls,8,14:51,14:51,2026-03-29,,,weekday,2026-03-29,2026-03-16,,03-29-26_NHL-WB-Sched_v2.pdf,metro_north_waterbury_branch_effective_2026-03-29_updated_2026-03-16.pdf,2,From Grand Central
Metro-North,Waterbury Branch,New Haven Line - Waterbury Branch,1928,From Grand Central,NAU,Naugatuck,9,14:58,14:58,2026-03-29,,,weekday,2026-03-29,2026-03-16,,03-29-26_NHL-WB-Sched_v2.pdf,metro_north_waterbury_branch_effective_2026-03-29_updated_2026-03-16.pdf,2,From Grand Central
Metro-North,Waterbury Branch,New Haven Line - Waterbury Branch,1928,From Grand Central,WBY,Waterbury,10,15:12,15:12,2026-03-29,,,weekday,2026-03-29,2026-03-16,,03-29-26_NHL-WB-Sched_v2.pdf,metro_north_waterbury_branch_effective_2026-03-29_updated_2026-03-16.pdf,2,From Grand Central
Metro-North,Waterbury Branch,New Haven Line - Waterbury Branch,1935,To Grand Central,WBY,Waterbury,1,06:36,06:36,2026-03-29,,,weekday,2026-03-29,2026-03-16,,03-29-26_NHL-WB-Sched_v2.pdf,metro_north_waterbury_branch_effective_2026-03-29_updated_2026-03-16.pdf,2,To Grand Central
Metro-North,Waterbury Branch,New Haven Line - Waterbury Branch,1935,To Grand Central,NAU,Naugatuck,2,06:45,06:45,2026-03-29,,,weekday,2026-03-29,2026-03-16,,03-29-26_NHL-WB-Sched_v2.pdf,metro_north_waterbury_branch_effective_2026-03-29_updated_2026-03-16.pdf,2,To Grand Central
Metro-North,Waterbury Branch,New Haven Line - Waterbury Branch,1935,To Grand Central,DBY,Derby-Shelton,3,07:07,07:07,2026-03-29,,,weekday,2026-03-29,2026-03-16,,03-29-26_NHL-WB-Sched_v2.pdf,metro_north_waterbury_branch_effective_2026-03-29_updated_2026-03-16.pdf,2,To Grand Central
Metro-North,Waterbury Branch,New Haven Line - Waterbury Branch,1935,To Grand Central,BRP,Bridgeport,4,07:35,,2026-03-29,,,weekday,2026-03-29,2026-03-16,,03-29-26_NHL-WB-Sched_v2.pdf,metro_north_waterbury_branch_effective_2026-03-29_updated_2026-03-16.pdf,2,To Grand Central
Metro-North,Waterbury Branch,New Haven Line - Waterbury Branch,1935,To Grand Central,BRP,Bridgeport,5,,07:41,2026-03-29,,,weekday,2026-03-29,2026-03-16,,03-29-26_NHL-WB-Sched_v2.pdf,metro_north_waterbury_branch_effective_2026-03-29_updated_2026-03-16.pdf,2,To Grand Central
Metro-North,Waterbury Branch,New Haven Line - Waterbury Branch,1936,From Grand Central,STM,Stamford,1,15:25,15:25,2026-03-29,,,weekday,2026-03-29,2026-03-16,,03-29-26_NHL-WB-Sched_v2.pdf,metro_north_waterbury_branch_effective_2026-03-29_updated_2026-03-16.pdf,2,From Grand Central
Metro-North,Waterbury Branch,New Haven Line - Waterbury Branch,1936,From Grand Central,BRP,Bridgeport,2,16:01,,2026-03-29,,,weekday,2026-03-29,2026-03-16,,03-29-26_NHL-WB-Sched_v2.pdf,metro_north_waterbury_branch_effective_2026-03-29_updated_2026-03-16.pdf,2,From Grand Central
Metro-North,Waterbury Branch,New Haven Line - Waterbury Branch,1936,From Grand Central,BRP,Bridgeport,3,,16:05,2026-03-29,,,weekday,2026-03-29,2026-03-16,,03-29-26_NHL-WB-Sched_v2.pdf,metro_north_waterbury_branch_effective_2026-03-29_updated_2026-03-16.pdf,2,From Grand Central
Metro-North,Waterbury Branch,New Haven Line - Waterbury Branch,1936,From Grand Central,SFD,Stratford,4,16:12,16:12,2026-03-29,,,weekday,2026-03-29,2026-03-16,,03-29-26_NHL-WB-Sched_v2.pdf,metro_north_waterbury_branch_effective_2026-03-29_updated_2026-03-16.pdf,2,From Grand Central
Metro-North,Waterbury Branch,New Haven Line - Waterbury Branch,1936,From Grand Central,DBY,Derby-Shelton,5,16:29,16:29,2026-03-29,,,weekday,2026-03-29,2026-03-16,,03-29-26_NHL-WB-Sched_v2.pdf,metro_north_waterbury_branch_effective_2026-03-29_updated_2026-03-16.pdf,2,From Grand Central
Metro-North,Waterbury Branch,New Haven Line - Waterbury Branch,1936,From Grand Central,ANS,Ansonia,6,16:33,16:33,2026-03-29,,,weekday,2026-03-29,2026-03-16,,03-29-26_NHL-WB-Sched_v2.pdf,metro_north_waterbury_branch_effective_2026-03-29_updated_2026-03-16.pdf,2,From Grand Central
Metro-North,Waterbury Branch,New Haven Line - Waterbury Branch,1936,From Grand Central,SEY,Seymour,7,16:40,16:40,2026-03-29,,,weekday,2026-03-29,2026-03-16,,03-29-26_NHL-WB-Sched_v2.pdf,metro_north_waterbury_branch_effective_2026-03-29_updated_2026-03-16.pdf,2,From Grand Central
Metro-North,Waterbury Branch,New Haven Line - Waterbury Branch,1936,From Grand Central,BCF,Beacon Falls,8,16:46,16:46,2026-03-29,,,weekday,2026-03-29,2026-03-16,,03-29-26_NHL-WB-Sched_v2.pdf,metro_north_waterbury_branch_effective_2026-03-29_updated_2026-03-16.pdf,2,From Grand Central
Metro-North,Waterbury Branch,New Haven Line - Waterbury Branch,1936,From Grand Central,NAU,Naugatuck,9,16:53,16:53,2026-03-29,,,weekday,2026-03-29,2026-03-16,,03-29-26_NHL-WB-Sched_v2.pdf,metro_north_waterbury_branch_effective_2026-03-29_updated_2026-03-16.pdf,2,From Grand Central
Metro-North,Waterbury Branch,New Haven Line - Waterbury Branch,1936,From Grand Central,WBY,Waterbury,10,17:07,17:07,2026-03-29,,,weekday,2026-03-29,2026-03-16,,03-29-26_NHL-WB-Sched_v2.pdf,metro_north_waterbury_branch_effective_2026-03-29_updated_2026-03-16.pdf,2,From Grand Central
Metro-North,Waterbury Branch,New Haven Line - Waterbury Branch,1942,From Grand Central,STM,Stamford,1,16:51,16:51,2026-03-29,,,weekday,2026-03-29,2026-03-16,,03-29-26_NHL-WB-Sched_v2.pdf,metro_north_waterbury_branch_effective_2026-03-29_updated_2026-03-16.pdf,2,From Grand Central
Metro-North,Waterbury Branch,New Haven Line - Waterbury Branch,1942,From Grand Central,BRP,Bridgeport,2,17:32,,2026-03-29,,,weekday,2026-03-29,2026-03-16,,03-29-26_NHL-WB-Sched_v2.pdf,metro_north_waterbury_branch_effective_2026-03-29_updated_2026-03-16.pdf,2,From Grand Central
Metro-North,Waterbury Branch,New Haven Line - Waterbury Branch,1942,From Grand Central,BRP,Bridgeport,3,,17:37,2026-03-29,,,weekday,2026-03-29,2026-03-16,,03-29-26_NHL-WB-Sched_v2.pdf,metro_north_waterbury_branch_effective_2026-03-29_updated_2026-03-16.pdf,2,From Grand Central
Metro-North,Waterbury Branch,New Haven Line - Waterbury Branch,1942,From Grand Central,SFD,Stratford,4,17:44,17:44,2026-03-29,,,weekday,2026-03-29,2026-03-16,,03-29-26_NHL-WB-Sched_v2.pdf,metro_north_waterbury_branch_effective_2026-03-29_updated_2026-03-16.pdf,2,From Grand Central
Metro-North,Waterbury Branch,New Haven Line - Waterbury Branch,1942,From Grand Central,DBY,Derby-Shelton,5,18:03,18:03,2026-03-29,,,weekday,2026-03-29,2026-03-16,,03-29-26_NHL-WB-Sched_v2.pdf,metro_north_waterbury_branch_effective_2026-03-29_updated_2026-03-16.pdf,2,From Grand Central
Metro-North,Waterbury Branch,New Haven Line - Waterbury Branch,1942,From Grand Central,ANS,Ansonia,6,18:07,18:07,2026-03-29,,,weekday,2026-03-29,2026-03-16,,03-29-26_NHL-WB-Sched_v2.pdf,metro_north_waterbury_branch_effective_2026-03-29_updated_2026-03-16.pdf,2,From Grand Central
Metro-North,Waterbury Branch,New Haven Line - Waterbury Branch,1942,From Grand Central,SEY,Seymour,7,18:14,18:14,2026-03-29,,,weekday,2026-03-29,2026-03-16,,03-29-26_NHL-WB-Sched_v2.pdf,metro_north_waterbury_branch_effective_2026-03-29_updated_2026-03-16.pdf,2,From Grand Central
Metro-North,Waterbury Branch,New Haven Line - Waterbury Branch,1942,From Grand Central,BCF,Beacon Falls,8,18:20,18:20,2026-03-29,,,weekday,2026-03-29,2026-03-16,,03-29-26_NHL-WB-Sched_v2.pdf,metro_north_waterbury_branch_effective_2026-03-29_updated_2026-03-16.pdf,2,From Grand Central
Metro-North,Waterbury Branch,New Haven Line - Waterbury Branch,1942,From Grand Central,NAU,Naugatuck,9,18:27,18:27,2026-03-29,,,weekday,2026-03-29,2026-03-16,,03-29-26_NHL-WB-Sched_v2.pdf,metro_north_waterbury_branch_effective_2026-03-29_updated_2026-03-16.pdf,2,From Grand Central
Metro-North,Waterbury Branch,New Haven Line - Waterbury Branch,1942,From Grand Central,WBY,Waterbury,10,18:41,18:41,2026-03-29,,,weekday,2026-03-29,2026-03-16,,03-29-26_NHL-WB-Sched_v2.pdf,metro_north_waterbury_branch_effective_2026-03-29_updated_2026-03-16.pdf,2,From Grand Central
Metro-North,Waterbury Branch,New Haven Line - Waterbury Branch,1949,To Grand Central,WBY,Waterbury,1,08:45,08:45,2026-03-29,,,weekday,2026-03-29,2026-03-16,,03-29-26_NHL-WB-Sched_v2.pdf,metro_north_waterbury_branch_effective_2026-03-29_updated_2026-03-16.pdf,2,To Grand Central
Metro-North,Waterbury Branch,New Haven Line - Waterbury Branch,1949,To Grand Central,NAU,Naugatuck,2,08:54,08:54,2026-03-29,,,weekday,2026-03-29,2026-03-16,,03-29-26_NHL-WB-Sched_v2.pdf,metro_north_waterbury_branch_effective_2026-03-29_updated_2026-03-16.pdf,2,To Grand Central
Metro-North,Waterbury Branch,New Haven Line - Waterbury Branch,1949,To Grand Central,DBY,Derby-Shelton,3,09:16,09:16,2026-03-29,,,weekday,2026-03-29,2026-03-16,,03-29-26_NHL-WB-Sched_v2.pdf,metro_north_waterbury_branch_effective_2026-03-29_updated_2026-03-16.pdf,2,To Grand Central
Metro-North,Waterbury Branch,New Haven Line - Waterbury Branch,1949,To Grand Central,BRP,Bridgeport,4,09:44,,2026-03-29,,,weekday,2026-03-29,2026-03-16,,03-29-26_NHL-WB-Sched_v2.pdf,metro_north_waterbury_branch_effective_2026-03-29_updated_2026-03-16.pdf,2,To Grand Central
Metro-North,Waterbury Branch,New Haven Line - Waterbury Branch,1949,To Grand Central,BRP,Bridgeport,5,,09:47,2026-03-29,,,weekday,2026-03-29,2026-03-16,,03-29-26_NHL-WB-Sched_v2.pdf,metro_north_waterbury_branch_effective_2026-03-29_updated_2026-03-16.pdf,2,To Grand Central
Metro-North,Waterbury Branch,New Haven Line - Waterbury Branch,1956,From Grand Central,STM,Stamford,1,18:09,18:09,2026-03-29,,,weekday,2026-03-29,2026-03-16,,03-29-26_NHL-WB-Sched_v2.pdf,metro_north_waterbury_branch_effective_2026-03-29_updated_2026-03-16.pdf,2,From Grand Central
Metro-North,Waterbury Branch,New Haven Line - Waterbury Branch,1956,From Grand Central,BRP,Bridgeport,2,18:41,,2026-03-29,,,weekday,2026-03-29,2026-03-16,,03-29-26_NHL-WB-Sched_v2.pdf,metro_north_waterbury_branch_effective_2026-03-29_updated_2026-03-16.pdf,2,From Grand Central
Metro-North,Waterbury Branch,New Haven Line - Waterbury Branch,1956,From Grand Central,BRP,Bridgeport,3,,18:47,2026-03-29,,,weekday,2026-03-29,2026-03-16,,03-29-26_NHL-WB-Sched_v2.pdf,metro_north_waterbury_branch_effective_2026-03-29_updated_2026-03-16.pdf,2,From Grand Central
Metro-North,Waterbury Branch,New Haven Line - Waterbury Branch,1956,From Grand Central,SFD,Stratford,4,18:54,18:54,2026-03-29,,,weekday,2026-03-29,2026-03-16,,03-29-26_NHL-WB-Sched_v2.pdf,metro_north_waterbury_branch_effective_2026-03-29_updated_2026-03-16.pdf,2,From Grand Central
Metro-North,Waterbury Branch,New Haven Line - Waterbury Branch,1956,From Grand Central,DBY,Derby-Shelton,5,19:11,19:11,2026-03-29,,,weekday,2026-03-29,2026-03-16,,03-29-26_NHL-WB-Sched_v2.pdf,metro_north_waterbury_branch_effective_2026-03-29_updated_2026-03-16.pdf,2,From Grand Central
Metro-North,Waterbury Branch,New Haven Line - Waterbury Branch,1956,From Grand Central,ANS,Ansonia,6,19:15,19:15,2026-03-29,,,weekday,2026-03-29,2026-03-16,,03-29-26_NHL-WB-Sched_v2.pdf,metro_north_waterbury_branch_effective_2026-03-29_updated_2026-03-16.pdf,2,From Grand Central
Metro-North,Waterbury Branch,New Haven Line - Waterbury Branch,1956,From Grand Central,SEY,Seymour,7,19:22,19:22,2026-03-29,,,weekday,2026-03-29,2026-03-16,,03-29-26_NHL-WB-Sched_v2.pdf,metro_north_waterbury_branch_effective_2026-03-29_updated_2026-03-16.pdf,2,From Grand Central
Metro-North,Waterbury Branch,New Haven Line - Waterbury Branch,1956,From Grand Central,BCF,Beacon Falls,8,19:28,19:28,2026-03-29,,,weekday,2026-03-29,2026-03-16,,03-29-26_NHL-WB-Sched_v2.pdf,metro_north_waterbury_branch_effective_2026-03-29_updated_2026-03-16.pdf,2,From Grand Central
Metro-North,Waterbury Branch,New Haven Line - Waterbury Branch,1956,From Grand Central,NAU,Naugatuck,9,19:35,19:35,2026-03-29,,,weekday,2026-03-29,2026-03-16,,03-29-26_NHL-WB-Sched_v2.pdf,metro_north_waterbury_branch_effective_2026-03-29_updated_2026-03-16.pdf,2,From Grand Central
Metro-North,Waterbury Branch,New Haven Line - Waterbury Branch,1956,From Grand Central,WBY,Waterbury,10,19:48,19:48,2026-03-29,,,weekday,2026-03-29,2026-03-16,,03-29-26_NHL-WB-Sched_v2.pdf,metro_north_waterbury_branch_effective_2026-03-29_updated_2026-03-16.pdf,2,From Grand Central
Metro-North,Waterbury Branch,New Haven Line - Waterbury Branch,1957,To Grand Central,WBY,Waterbury,1,10:45,10:45,2026-03-29,,,weekday,2026-03-29,2026-03-16,,03-29-26_NHL-WB-Sched_v2.pdf,metro_north_waterbury_branch_effective_2026-03-29_updated_2026-03-16.pdf,2,To Grand Central
Metro-North,Waterbury Branch,New Haven Line - Waterbury Branch,1957,To Grand Central,NAU,Naugatuck,2,10:54,10:54,2026-03-29,,,weekday,2026-03-29,2026-03-16,,03-29-26_NHL-WB-Sched_v2.pdf,metro_north_waterbury_branch_effective_2026-03-29_updated_2026-03-16.pdf,2,To Grand Central
Metro-North,Waterbury Branch,New Haven Line - Waterbury Branch,1957,To Grand Central,DBY,Derby-Shelton,3,11:16,11:16,2026-03-29,,,weekday,2026-03-29,2026-03-16,,03-29-26_NHL-WB-Sched_v2.pdf,metro_north_waterbury_branch_effective_2026-03-29_updated_2026-03-16.pdf,2,To Grand Central
Metro-North,Waterbury Branch,New Haven Line - Waterbury Branch,1957,To Grand Central,BRP,Bridgeport,4,11:43,,2026-03-29,,,weekday,2026-03-29,2026-03-16,,03-29-26_NHL-WB-Sched_v2.pdf,metro_north_waterbury_branch_effective_2026-03-29_updated_2026-03-16.pdf,2,To Grand Central
Metro-North,Waterbury Branch,New Haven Line - Waterbury Branch,1957,To Grand Central,BRP,Bridgeport,5,,11:45,2026-03-29,,,weekday,2026-03-29,2026-03-16,,03-29-26_NHL-WB-Sched_v2.pdf,metro_north_waterbury_branch_effective_2026-03-29_updated_2026-03-16.pdf,2,To Grand Central
Metro-North,Waterbury Branch,New Haven Line - Waterbury Branch,1965,To Grand Central,WBY,Waterbury,1,00:40,00:40,2026-03-29,,,weekday,2026-03-29,2026-03-16,,03-29-26_NHL-WB-Sched_v2.pdf,metro_north_waterbury_branch_effective_2026-03-29_updated_2026-03-16.pdf,2,To Grand Central
Metro-North,Waterbury Branch,New Haven Line - Waterbury Branch,1965,To Grand Central,NAU,Naugatuck,2,00:49,00:49,2026-03-29,,,weekday,2026-03-29,2026-03-16,,03-29-26_NHL-WB-Sched_v2.pdf,metro_north_waterbury_branch_effective_2026-03-29_updated_2026-03-16.pdf,2,To Grand Central
Metro-North,Waterbury Branch,New Haven Line - Waterbury Branch,1965,To Grand Central,DBY,Derby-Shelton,3,01:17,01:17,2026-03-29,,,weekday,2026-03-29,2026-03-16,,03-29-26_NHL-WB-Sched_v2.pdf,metro_north_waterbury_branch_effective_2026-03-29_updated_2026-03-16.pdf,2,To Grand Central
Metro-North,Waterbury Branch,New Haven Line - Waterbury Branch,1965,To Grand Central,BRP,Bridgeport,4,01:42,,2026-03-29,,,weekday,2026-03-29,2026-03-16,,03-29-26_NHL-WB-Sched_v2.pdf,metro_north_waterbury_branch_effective_2026-03-29_updated_2026-03-16.pdf,2,To Grand Central
Metro-North,Waterbury Branch,New Haven Line - Waterbury Branch,1965,To Grand Central,BRP,Bridgeport,5,,01:46,2026-03-29,,,weekday,2026-03-29,2026-03-16,,03-29-26_NHL-WB-Sched_v2.pdf,metro_north_waterbury_branch_effective_2026-03-29_updated_2026-03-16.pdf,2,To Grand Central
Metro-North,Waterbury Branch,New Haven Line - Waterbury Branch,1973,To Grand Central,WBY,Waterbury,1,14:29,14:29,2026-03-29,,,weekday,2026-03-29,2026-03-16,,03-29-26_NHL-WB-Sched_v2.pdf,metro_north_waterbury_branch_effective_2026-03-29_updated_2026-03-16.pdf,2,To Grand Central
Metro-North,Waterbury Branch,New Haven Line - Waterbury Branch,1973,To Grand Central,NAU,Naugatuck,2,14:38,14:38,2026-03-29,,,weekday,2026-03-29,2026-03-16,,03-29-26_NHL-WB-Sched_v2.pdf,metro_north_waterbury_branch_effective_2026-03-29_updated_2026-03-16.pdf,2,To Grand Central
Metro-North,Waterbury Branch,New Haven Line - Waterbury Branch,1973,To Grand Central,DBY,Derby-Shelton,3,15:06,15:06,2026-03-29,,,weekday,2026-03-29,2026-03-16,,03-29-26_NHL-WB-Sched_v2.pdf,metro_north_waterbury_branch_effective_2026-03-29_updated_2026-03-16.pdf,2,To Grand Central
Metro-North,Waterbury Branch,New Haven Line - Waterbury Branch,1973,To Grand Central,BRP,Bridgeport,4,15:34,,2026-03-29,,,weekday,2026-03-29,2026-03-16,,03-29-26_NHL-WB-Sched_v2.pdf,metro_north_waterbury_branch_effective_2026-03-29_updated_2026-03-16.pdf,2,To Grand Central
Metro-North,Waterbury Branch,New Haven Line - Waterbury Branch,1973,To Grand Central,BRP,Bridgeport,5,,15:45,2026-03-29,,,weekday,2026-03-29,2026-03-16,,03-29-26_NHL-WB-Sched_v2.pdf,metro_north_waterbury_branch_effective_2026-03-29_updated_2026-03-16.pdf,2,To Grand Central
Metro-North,Waterbury Branch,New Haven Line - Waterbury Branch,1974,From Grand Central,STM,Stamford,1,19:44,19:44,2026-03-29,,,weekday,2026-03-29,2026-03-16,,03-29-26_NHL-WB-Sched_v2.pdf,metro_north_waterbury_branch_effective_2026-03-29_updated_2026-03-16.pdf,2,From Grand Central
Metro-North,Waterbury Branch,New Haven Line - Waterbury Branch,1974,From Grand Central,BRP,Bridgeport,2,20:26,,2026-03-29,,,weekday,2026-03-29,2026-03-16,,03-29-26_NHL-WB-Sched_v2.pdf,metro_north_waterbury_branch_effective_2026-03-29_updated_2026-03-16.pdf,2,From Grand Central
Metro-North,Waterbury Branch,New Haven Line - Waterbury Branch,1974,From Grand Central,BRP,Bridgeport,3,,20:31,2026-03-29,,,weekday,2026-03-29,2026-03-16,,03-29-26_NHL-WB-Sched_v2.pdf,metro_north_waterbury_branch_effective_2026-03-29_updated_2026-03-16.pdf,2,From Grand Central
Metro-North,Waterbury Branch,New Haven Line - Waterbury Branch,1974,From Grand Central,SFD,Stratford,4,20:38,20:38,2026-03-29,,,weekday,2026-03-29,2026-03-16,,03-29-26_NHL-WB-Sched_v2.pdf,metro_north_waterbury_branch_effective_2026-03-29_updated_2026-03-16.pdf,2,From Grand Central
Metro-North,Waterbury Branch,New Haven Line - Waterbury Branch,1974,From Grand Central,DBY,Derby-Shelton,5,20:59,20:59,2026-03-29,,,weekday,2026-03-29,2026-03-16,,03-29-26_NHL-WB-Sched_v2.pdf,metro_north_waterbury_branch_effective_2026-03-29_updated_2026-03-16.pdf,2,From Grand Central
Metro-North,Waterbury Branch,New Haven Line - Waterbury Branch,1974,From Grand Central,ANS,Ansonia,6,21:03,21:03,2026-03-29,,,weekday,2026-03-29,2026-03-16,,03-29-26_NHL-WB-Sched_v2.pdf,metro_north_waterbury_branch_effective_2026-03-29_updated_2026-03-16.pdf,2,From Grand Central
Metro-North,Waterbury Branch,New Haven Line - Waterbury Branch,1974,From Grand Central,SEY,Seymour,7,21:10,21:10,2026-03-29,,,weekday,2026-03-29,2026-03-16,,03-29-26_NHL-WB-Sched_v2.pdf,metro_north_waterbury_branch_effective_2026-03-29_updated_2026-03-16.pdf,2,From Grand Central
Metro-North,Waterbury Branch,New Haven Line - Waterbury Branch,1974,From Grand Central,BCF,Beacon Falls,8,21:16,21:16,2026-03-29,,,weekday,2026-03-29,2026-03-16,,03-29-26_NHL-WB-Sched_v2.pdf,metro_north_waterbury_branch_effective_2026-03-29_updated_2026-03-16.pdf,2,From Grand Central
Metro-North,Waterbury Branch,New Haven Line - Waterbury Branch,1974,From Grand Central,NAU,Naugatuck,9,21:23,21:23,2026-03-29,,,weekday,2026-03-29,2026-03-16,,03-29-26_NHL-WB-Sched_v2.pdf,metro_north_waterbury_branch_effective_2026-03-29_updated_2026-03-16.pdf,2,From Grand Central
Metro-North,Waterbury Branch,New Haven Line - Waterbury Branch,1974,From Grand Central,WBY,Waterbury,10,21:37,21:37,2026-03-29,,,weekday,2026-03-29,2026-03-16,,03-29-26_NHL-WB-Sched_v2.pdf,metro_north_waterbury_branch_effective_2026-03-29_updated_2026-03-16.pdf,2,From Grand Central
Metro-North,Waterbury Branch,New Haven Line - Waterbury Branch,1979,To Grand Central,WBY,Waterbury,1,15:57,15:57,2026-03-29,,,weekday,2026-03-29,2026-03-16,,03-29-26_NHL-WB-Sched_v2.pdf,metro_north_waterbury_branch_effective_2026-03-29_updated_2026-03-16.pdf,2,To Grand Central
Metro-North,Waterbury Branch,New Haven Line - Waterbury Branch,1979,To Grand Central,NAU,Naugatuck,2,16:06,16:06,2026-03-29,,,weekday,2026-03-29,2026-03-16,,03-29-26_NHL-WB-Sched_v2.pdf,metro_north_waterbury_branch_effective_2026-03-29_updated_2026-03-16.pdf,2,To Grand Central
Metro-North,Waterbury Branch,New Haven Line - Waterbury Branch,1979,To Grand Central,DBY,Derby-Shelton,3,16:33,16:33,2026-03-29,,,weekday,2026-03-29,2026-03-16,,03-29-26_NHL-WB-Sched_v2.pdf,metro_north_waterbury_branch_effective_2026-03-29_updated_2026-03-16.pdf,2,To Grand Central
Metro-North,Waterbury Branch,New Haven Line - Waterbury Branch,1979,To Grand Central,BRP,Bridgeport,4,17:00,,2026-03-29,,,weekday,2026-03-29,2026-03-16,,03-29-26_NHL-WB-Sched_v2.pdf,metro_north_waterbury_branch_effective_2026-03-29_updated_2026-03-16.pdf,2,To Grand Central
Metro-North,Waterbury Branch,New Haven Line - Waterbury Branch,1979,To Grand Central,BRP,Bridgeport,5,,17:08,2026-03-29,,,weekday,2026-03-29,2026-03-16,,03-29-26_NHL-WB-Sched_v2.pdf,metro_north_waterbury_branch_effective_2026-03-29_updated_2026-03-16.pdf,2,To Grand Central
Metro-North,Waterbury Branch,New Haven Line - Waterbury Branch,1985,To Grand Central,WBY,Waterbury,1,17:30,17:30,2026-03-29,,,weekday,2026-03-29,2026-03-16,,03-29-26_NHL-WB-Sched_v2.pdf,metro_north_waterbury_branch_effective_2026-03-29_updated_2026-03-16.pdf,2,To Grand Central
Metro-North,Waterbury Branch,New Haven Line - Waterbury Branch,1985,To Grand Central,NAU,Naugatuck,2,17:39,17:39,2026-03-29,,,weekday,2026-03-29,2026-03-16,,03-29-26_NHL-WB-Sched_v2.pdf,metro_north_waterbury_branch_effective_2026-03-29_updated_2026-03-16.pdf,2,To Grand Central
Metro-North,Waterbury Branch,New Haven Line - Waterbury Branch,1985,To Grand Central,DBY,Derby-Shelton,3,18:07,18:07,2026-03-29,,,weekday,2026-03-29,2026-03-16,,03-29-26_NHL-WB-Sched_v2.pdf,metro_north_waterbury_branch_effective_2026-03-29_updated_2026-03-16.pdf,2,To Grand Central
Metro-North,Waterbury Branch,New Haven Line - Waterbury Branch,1985,To Grand Central,BRP,Bridgeport,4,18:32,,2026-03-29,,,weekday,2026-03-29,2026-03-16,,03-29-26_NHL-WB-Sched_v2.pdf,metro_north_waterbury_branch_effective_2026-03-29_updated_2026-03-16.pdf,2,To Grand Central
Metro-North,Waterbury Branch,New Haven Line - Waterbury Branch,1985,To Grand Central,BRP,Bridgeport,5,,19:18,2026-03-29,,,weekday,2026-03-29,2026-03-16,,03-29-26_NHL-WB-Sched_v2.pdf,metro_north_waterbury_branch_effective_2026-03-29_updated_2026-03-16.pdf,2,To Grand Central
Metro-North,Waterbury Branch,New Haven Line - Waterbury Branch,1990,From Grand Central,STM,Stamford,1,22:55,22:55,2026-03-29,,,weekday,2026-03-29,2026-03-16,,03-29-26_NHL-WB-Sched_v2.pdf,metro_north_waterbury_branch_effective_2026-03-29_updated_2026-03-16.pdf,2,From Grand Central
Metro-North,Waterbury Branch,New Haven Line - Waterbury Branch,1990,From Grand Central,BRP,Bridgeport,2,23:37,,2026-03-29,,,weekday,2026-03-29,2026-03-16,,03-29-26_NHL-WB-Sched_v2.pdf,metro_north_waterbury_branch_effective_2026-03-29_updated_2026-03-16.pdf,2,From Grand Central
Metro-North,Waterbury Branch,New Haven Line - Waterbury Branch,1990,From Grand Central,BRP,Bridgeport,3,,23:43,2026-03-29,,,weekday,2026-03-29,2026-03-16,,03-29-26_NHL-WB-Sched_v2.pdf,metro_north_waterbury_branch_effective_2026-03-29_updated_2026-03-16.pdf,2,From Grand Central
Metro-North,Waterbury Branch,New Haven Line - Waterbury Branch,1990,From Grand Central,SFD,Stratford,4,23:50,23:50,2026-03-29,,,weekday,2026-03-29,2026-03-16,,03-29-26_NHL-WB-Sched_v2.pdf,metro_north_waterbury_branch_effective_2026-03-29_updated_2026-03-16.pdf,2,From Grand Central
Metro-North,Waterbury Branch,New Haven Line - Waterbury Branch,1990,From Grand Central,DBY,Derby-Shelton,5,12:09,12:09,2026-03-29,,,weekday,2026-03-29,2026-03-16,,03-29-26_NHL-WB-Sched_v2.pdf,metro_north_waterbury_branch_effective_2026-03-29_updated_2026-03-16.pdf,2,From Grand Central
Metro-North,Waterbury Branch,New Haven Line - Waterbury Branch,1990,From Grand Central,ANS,Ansonia,6,12:13,12:13,2026-03-29,,,weekday,2026-03-29,2026-03-16,,03-29-26_NHL-WB-Sched_v2.pdf,metro_north_waterbury_branch_effective_2026-03-29_updated_2026-03-16.pdf,2,From Grand Central
Metro-North,Waterbury Branch,New Haven Line - Waterbury Branch,1990,From Grand Central,SEY,Seymour,7,12:20,12:20,2026-03-29,,,weekday,2026-03-29,2026-03-16,,03-29-26_NHL-WB-Sched_v2.pdf,metro_north_waterbury_branch_effective_2026-03-29_updated_2026-03-16.pdf,2,From Grand Central
Metro-North,Waterbury Branch,New Haven Line - Waterbury Branch,1990,From Grand Central,BCF,Beacon Falls,8,12:26,12:26,2026-03-29,,,weekday,2026-03-29,2026-03-16,,03-29-26_NHL-WB-Sched_v2.pdf,metro_north_waterbury_branch_effective_2026-03-29_updated_2026-03-16.pdf,2,From Grand Central
Metro-North,Waterbury Branch,New Haven Line - Waterbury Branch,1990,From Grand Central,NAU,Naugatuck,9,12:33,12:33,2026-03-29,,,weekday,2026-03-29,2026-03-16,,03-29-26_NHL-WB-Sched_v2.pdf,metro_north_waterbury_branch_effective_2026-03-29_updated_2026-03-16.pdf,2,From Grand Central
Metro-North,Waterbury Branch,New Haven Line - Waterbury Branch,1990,From Grand Central,WBY,Waterbury,10,12:52,12:52,2026-03-29,,,weekday,2026-03-29,2026-03-16,,03-29-26_NHL-WB-Sched_v2.pdf,metro_north_waterbury_branch_effective_2026-03-29_updated_2026-03-16.pdf,2,From Grand Central
Metro-North,Waterbury Branch,New Haven Line - Waterbury Branch,1991,To Grand Central,WBY,Waterbury,1,19:04,19:04,2026-03-29,,,weekday,2026-03-29,2026-03-16,,03-29-26_NHL-WB-Sched_v2.pdf,metro_north_waterbury_branch_effective_2026-03-29_updated_2026-03-16.pdf,2,To Grand Central
Metro-North,Waterbury Branch,New Haven Line - Waterbury Branch,1991,To Grand Central,NAU,Naugatuck,2,19:13,19:13,2026-03-29,,,weekday,2026-03-29,2026-03-16,,03-29-26_NHL-WB-Sched_v2.pdf,metro_north_waterbury_branch_effective_2026-03-29_updated_2026-03-16.pdf,2,To Grand Central
Metro-North,Waterbury Branch,New Haven Line - Waterbury Branch,1991,To Grand Central,DBY,Derby-Shelton,3,19:43,19:43,2026-03-29,,,weekday,2026-03-29,2026-03-16,,03-29-26_NHL-WB-Sched_v2.pdf,metro_north_waterbury_branch_effective_2026-03-29_updated_2026-03-16.pdf,2,To Grand Central
Metro-North,Waterbury Branch,New Haven Line - Waterbury Branch,1991,To Grand Central,BRP,Bridgeport,4,20:08,,2026-03-29,,,weekday,2026-03-29,2026-03-16,,03-29-26_NHL-WB-Sched_v2.pdf,metro_north_waterbury_branch_effective_2026-03-29_updated_2026-03-16.pdf,2,To Grand Central
Metro-North,Waterbury Branch,New Haven Line - Waterbury Branch,1991,To Grand Central,BRP,Bridgeport,5,,20:12,2026-03-29,,,weekday,2026-03-29,2026-03-16,,03-29-26_NHL-WB-Sched_v2.pdf,metro_north_waterbury_branch_effective_2026-03-29_updated_2026-03-16.pdf,2,To Grand Central
Metro-North,Waterbury Branch,New Haven Line - Waterbury Branch,1995,To Grand Central,WBY,Waterbury,1,20:01,20:01,2026-03-29,,,weekday,2026-03-29,2026-03-16,,03-29-26_NHL-WB-Sched_v2.pdf,metro_north_waterbury_branch_effective_2026-03-29_updated_2026-03-16.pdf,2,To Grand Central
Metro-North,Waterbury Branch,New Haven Line - Waterbury Branch,1995,To Grand Central,NAU,Naugatuck,2,20:10,20:10,2026-03-29,,,weekday,2026-03-29,2026-03-16,,03-29-26_NHL-WB-Sched_v2.pdf,metro_north_waterbury_branch_effective_2026-03-29_updated_2026-03-16.pdf,2,To Grand Central
Metro-North,Waterbury Branch,New Haven Line - Waterbury Branch,1995,To Grand Central,DBY,Derby-Shelton,3,20:32,20:32,2026-03-29,,,weekday,2026-03-29,2026-03-16,,03-29-26_NHL-WB-Sched_v2.pdf,metro_north_waterbury_branch_effective_2026-03-29_updated_2026-03-16.pdf,2,To Grand Central
Metro-North,Waterbury Branch,New Haven Line - Waterbury Branch,1995,To Grand Central,BRP,Bridgeport,4,21:01,,2026-03-29,,,weekday,2026-03-29,2026-03-16,,03-29-26_NHL-WB-Sched_v2.pdf,metro_north_waterbury_branch_effective_2026-03-29_updated_2026-03-16.pdf,2,To Grand Central
Metro-North,Waterbury Branch,New Haven Line - Waterbury Branch,1995,To Grand Central,BRP,Bridgeport,5,,21:09,2026-03-29,,,weekday,2026-03-29,2026-03-16,,03-29-26_NHL-WB-Sched_v2.pdf,metro_north_waterbury_branch_effective_2026-03-29_updated_2026-03-16.pdf,2,To Grand Central
Metro-North,Waterbury Branch,New Haven Line - Waterbury Branch,1997,To Grand Central,WBY,Waterbury,1,22:00,22:00,2026-03-29,,,weekday,2026-03-29,2026-03-16,,03-29-26_NHL-WB-Sched_v2.pdf,metro_north_waterbury_branch_effective_2026-03-29_updated_2026-03-16.pdf,2,To Grand Central
Metro-North,Waterbury Branch,New Haven Line - Waterbury Branch,1997,To Grand Central,NAU,Naugatuck,2,22:09,22:09,2026-03-29,,,weekday,2026-03-29,2026-03-16,,03-29-26_NHL-WB-Sched_v2.pdf,metro_north_waterbury_branch_effective_2026-03-29_updated_2026-03-16.pdf,2,To Grand Central
Metro-North,Waterbury Branch,New Haven Line - Waterbury Branch,1997,To Grand Central,DBY,Derby-Shelton,3,22:31,22:31,2026-03-29,,,weekday,2026-03-29,2026-03-16,,03-29-26_NHL-WB-Sched_v2.pdf,metro_north_waterbury_branch_effective_2026-03-29_updated_2026-03-16.pdf,2,To Grand Central
Metro-North,Waterbury Branch,New Haven Line - Waterbury Branch,1997,To Grand Central,BRP,Bridgeport,4,22:57,,2026-03-29,,,weekday,2026-03-29,2026-03-16,,03-29-26_NHL-WB-Sched_v2.pdf,metro_north_waterbury_branch_effective_2026-03-29_updated_2026-03-16.pdf,2,To Grand Central
Metro-North,Waterbury Branch,New Haven Line - Waterbury Branch,1997,To Grand Central,BRP,Bridgeport,5,,23:10,2026-03-29,,,weekday,2026-03-29,2026-03-16,,03-29-26_NHL-WB-Sched_v2.pdf,metro_north_waterbury_branch_effective_2026-03-29_updated_2026-03-16.pdf,2,To Grand Central
Metro-North,Waterbury Branch,New Haven Line - Waterbury Branch,6506,From Grand Central,GCT,Grand Central,1,07:02,07:02,2026-03-29,,,weekend,2026-03-29,2026-03-16,,03-29-26_NHL-WB-Sched_v2.pdf,metro_north_waterbury_branch_effective_2026-03-29_updated_2026-03-16.pdf,3,Metro-North
Metro-North,Waterbury Branch,New Haven Line - Waterbury Branch,6506,From Grand Central,STM,Stamford,2,07:55,07:55,2026-03-29,,,weekend,2026-03-29,2026-03-16,,03-29-26_NHL-WB-Sched_v2.pdf,metro_north_waterbury_branch_effective_2026-03-29_updated_2026-03-16.pdf,3,From Grand Central
Metro-North,Waterbury Branch,New Haven Line - Waterbury Branch,6506,From Grand Central,SONO,South Norwalk,3,08:12,08:12,2026-03-29,,,weekend,2026-03-29,2026-03-16,,03-29-26_NHL-WB-Sched_v2.pdf,metro_north_waterbury_branch_effective_2026-03-29_updated_2026-03-16.pdf,3,From Grand Central
Metro-North,Waterbury Branch,New Haven Line - Waterbury Branch,6506,From Grand Central,BRP,Bridgeport,4,,08:51,2026-03-29,,,weekend,2026-03-29,2026-03-16,,03-29-26_NHL-WB-Sched_v2.pdf,metro_north_waterbury_branch_effective_2026-03-29_updated_2026-03-16.pdf,3,From Grand Central
Metro-North,Waterbury Branch,New Haven Line - Waterbury Branch,6506,From Grand Central,BRP,Bridgeport,5,08:41,,2026-03-29,,,weekend,2026-03-29,2026-03-16,,03-29-26_NHL-WB-Sched_v2.pdf,metro_north_waterbury_branch_effective_2026-03-29_updated_2026-03-16.pdf,3,From Grand Central
Metro-North,Waterbury Branch,New Haven Line - Waterbury Branch,6506,From Grand Central,DBY,Derby-Shelton,6,09:12,09:12,2026-03-29,,,weekend,2026-03-29,2026-03-16,,03-29-26_NHL-WB-Sched_v2.pdf,metro_north_waterbury_branch_effective_2026-03-29_updated_2026-03-16.pdf,3,From Grand Central
Metro-North,Waterbury Branch,New Haven Line - Waterbury Branch,6506,From Grand Central,ANS,Ansonia,7,09:16,09:16,2026-03-29,,,weekend,2026-03-29,2026-03-16,,03-29-26_NHL-WB-Sched_v2.pdf,metro_north_waterbury_branch_effective_2026-03-29_updated_2026-03-16.pdf,3,From Grand Central
Metro-North,Waterbury Branch,New Haven Line - Waterbury Branch,6506,From Grand Central,SEY,Seymour,8,09:23,09:23,2026-03-29,,,weekend,2026-03-29,2026-03-16,,03-29-26_NHL-WB-Sched_v2.pdf,metro_north_waterbury_branch_effective_2026-03-29_updated_2026-03-16.pdf,3,From Grand Central
Metro-North,Waterbury Branch,New Haven Line - Waterbury Branch,6506,From Grand Central,BCF,Beacon Falls,9,09:29,09:29,2026-03-29,,,weekend,2026-03-29,2026-03-16,,03-29-26_NHL-WB-Sched_v2.pdf,metro_north_waterbury_branch_effective_2026-03-29_updated_2026-03-16.pdf,3,From Grand Central
Metro-North,Waterbury Branch,New Haven Line - Waterbury Branch,6506,From Grand Central,NAU,Naugatuck,10,09:36,09:36,2026-03-29,,,weekend,2026-03-29,2026-03-16,,03-29-26_NHL-WB-Sched_v2.pdf,metro_north_waterbury_branch_effective_2026-03-29_updated_2026-03-16.pdf,3,From Grand Central
Metro-North,Waterbury Branch,New Haven Line - Waterbury Branch,6506,From Grand Central,WBY,Waterbury,11,09:48,09:48,2026-03-29,,,weekend,2026-03-29,2026-03-16,,03-29-26_NHL-WB-Sched_v2.pdf,metro_north_waterbury_branch_effective_2026-03-29_updated_2026-03-16.pdf,3,From Grand Central
Metro-North,Waterbury Branch,New Haven Line - Waterbury Branch,6513,To Grand Central,WBY,Waterbury,1,07:03,07:03,2026-03-29,,,weekend,2026-03-29,2026-03-16,,03-29-26_NHL-WB-Sched_v2.pdf,metro_north_waterbury_branch_effective_2026-03-29_updated_2026-03-16.pdf,3,To Grand Central
Metro-North,Waterbury Branch,New Haven Line - Waterbury Branch,6513,To Grand Central,NAU,Naugatuck,2,07:12,07:12,2026-03-29,,,weekend,2026-03-29,2026-03-16,,03-29-26_NHL-WB-Sched_v2.pdf,metro_north_waterbury_branch_effective_2026-03-29_updated_2026-03-16.pdf,3,To Grand Central
Metro-North,Waterbury Branch,New Haven Line - Waterbury Branch,6513,To Grand Central,BCF,Beacon Falls,3,07:19,07:19,2026-03-29,,,weekend,2026-03-29,2026-03-16,,03-29-26_NHL-WB-Sched_v2.pdf,metro_north_waterbury_branch_effective_2026-03-29_updated_2026-03-16.pdf,3,To Grand Central
Metro-North,Waterbury Branch,New Haven Line - Waterbury Branch,6513,To Grand Central,SEY,Seymour,4,07:24,07:24,2026-03-29,,,weekend,2026-03-29,2026-03-16,,03-29-26_NHL-WB-Sched_v2.pdf,metro_north_waterbury_branch_effective_2026-03-29_updated_2026-03-16.pdf,3,To Grand Central
Metro-North,Waterbury Branch,New Haven Line - Waterbury Branch,6513,To Grand Central,ANS,Ansonia,5,07:31,07:31,2026-03-29,,,weekend,2026-03-29,2026-03-16,,03-29-26_NHL-WB-Sched_v2.pdf,metro_north_waterbury_branch_effective_2026-03-29_updated_2026-03-16.pdf,3,To Grand Central
Metro-North,Waterbury Branch,New Haven Line - Waterbury Branch,6513,To Grand Central,DBY,Derby-Shelton,6,07:35,07:35,2026-03-29,,,weekend,2026-03-29,2026-03-16,,03-29-26_NHL-WB-Sched_v2.pdf,metro_north_waterbury_branch_effective_2026-03-29_updated_2026-03-16.pdf,3,To Grand Central
Metro-North,Waterbury Branch,New Haven Line - Waterbury Branch,6513,To Grand Central,BRP,Bridgeport,7,08:00,,2026-03-29,,,weekend,2026-03-29,2026-03-16,,03-29-26_NHL-WB-Sched_v2.pdf,metro_north_waterbury_branch_effective_2026-03-29_updated_2026-03-16.pdf,3,To Grand Central
Metro-North,Waterbury Branch,New Haven Line - Waterbury Branch,6513,To Grand Central,BRP,Bridgeport,8,,08:05,2026-03-29,,,weekend,2026-03-29,2026-03-16,,03-29-26_NHL-WB-Sched_v2.pdf,metro_north_waterbury_branch_effective_2026-03-29_updated_2026-03-16.pdf,3,To Grand Central
Metro-North,Waterbury Branch,New Haven Line - Waterbury Branch,6513,To Grand Central,SONO,South Norwalk,9,08:33,08:33,2026-03-29,,,weekend,2026-03-29,2026-03-16,,03-29-26_NHL-WB-Sched_v2.pdf,metro_north_waterbury_branch_effective_2026-03-29_updated_2026-03-16.pdf,3,To Grand Central
Metro-North,Waterbury Branch,New Haven Line - Waterbury Branch,6513,To Grand Central,STM,Stamford,10,08:51,08:51,2026-03-29,,,weekend,2026-03-29,2026-03-16,,03-29-26_NHL-WB-Sched_v2.pdf,metro_north_waterbury_branch_effective_2026-03-29_updated_2026-03-16.pdf,3,To Grand Central
Metro-North,Waterbury Branch,New Haven Line - Waterbury Branch,6513,To Grand Central,GCT,Grand Central,11,09:48,09:48,2026-03-29,,,weekend,2026-03-29,2026-03-16,,03-29-26_NHL-WB-Sched_v2.pdf,metro_north_waterbury_branch_effective_2026-03-29_updated_2026-03-16.pdf,3,To Grand Central
Metro-North,Waterbury Branch,New Haven Line - Waterbury Branch,6518,From Grand Central,GCT,Grand Central,1,10:02,10:02,2026-03-29,,,weekend,2026-03-29,2026-03-16,,03-29-26_NHL-WB-Sched_v2.pdf,metro_north_waterbury_branch_effective_2026-03-29_updated_2026-03-16.pdf,3,From Grand Central
Metro-North,Waterbury Branch,New Haven Line - Waterbury Branch,6518,From Grand Central,STM,Stamford,2,10:54,10:54,2026-03-29,,,weekend,2026-03-29,2026-03-16,,03-29-26_NHL-WB-Sched_v2.pdf,metro_north_waterbury_branch_effective_2026-03-29_updated_2026-03-16.pdf,3,From Grand Central
Metro-North,Waterbury Branch,New Haven Line - Waterbury Branch,6518,From Grand Central,SONO,South Norwalk,3,11:11,11:11,2026-03-29,,,weekend,2026-03-29,2026-03-16,,03-29-26_NHL-WB-Sched_v2.pdf,metro_north_waterbury_branch_effective_2026-03-29_updated_2026-03-16.pdf,3,From Grand Central
Metro-North,Waterbury Branch,New Haven Line - Waterbury Branch,6518,From Grand Central,BRP,Bridgeport,4,,11:48,2026-03-29,,,weekend,2026-03-29,2026-03-16,,03-29-26_NHL-WB-Sched_v2.pdf,metro_north_waterbury_branch_effective_2026-03-29_updated_2026-03-16.pdf,3,From Grand Central
Metro-North,Waterbury Branch,New Haven Line - Waterbury Branch,6518,From Grand Central,BRP,Bridgeport,5,11:40,,2026-03-29,,,weekend,2026-03-29,2026-03-16,,03-29-26_NHL-WB-Sched_v2.pdf,metro_north_waterbury_branch_effective_2026-03-29_updated_2026-03-16.pdf,3,From Grand Central
Metro-North,Waterbury Branch,New Haven Line - Waterbury Branch,6518,From Grand Central,DBY,Derby-Shelton,6,00:12,00:12,2026-03-29,,,weekend,2026-03-29,2026-03-16,,03-29-26_NHL-WB-Sched_v2.pdf,metro_north_waterbury_branch_effective_2026-03-29_updated_2026-03-16.pdf,3,From Grand Central
Metro-North,Waterbury Branch,New Haven Line - Waterbury Branch,6518,From Grand Central,ANS,Ansonia,7,00:16,00:16,2026-03-29,,,weekend,2026-03-29,2026-03-16,,03-29-26_NHL-WB-Sched_v2.pdf,metro_north_waterbury_branch_effective_2026-03-29_updated_2026-03-16.pdf,3,From Grand Central
Metro-North,Waterbury Branch,New Haven Line - Waterbury Branch,6518,From Grand Central,SEY,Seymour,8,00:23,00:23,2026-03-29,,,weekend,2026-03-29,2026-03-16,,03-29-26_NHL-WB-Sched_v2.pdf,metro_north_waterbury_branch_effective_2026-03-29_updated_2026-03-16.pdf,3,From Grand Central
Metro-North,Waterbury Branch,New Haven Line - Waterbury Branch,6518,From Grand Central,BCF,Beacon Falls,9,00:29,00:29,2026-03-29,,,weekend,2026-03-29,2026-03-16,,03-29-26_NHL-WB-Sched_v2.pdf,metro_north_waterbury_branch_effective_2026-03-29_updated_2026-03-16.pdf,3,From Grand Central
Metro-North,Waterbury Branch,New Haven Line - Waterbury Branch,6518,From Grand Central,NAU,Naugatuck,10,00:36,00:36,2026-03-29,,,weekend,2026-03-29,2026-03-16,,03-29-26_NHL-WB-Sched_v2.pdf,metro_north_waterbury_branch_effective_2026-03-29_updated_2026-03-16.pdf,3,From Grand Central
Metro-North,Waterbury Branch,New Haven Line - Waterbury Branch,6518,From Grand Central,WBY,Waterbury,11,00:48,00:48,2026-03-29,,,weekend,2026-03-29,2026-03-16,,03-29-26_NHL-WB-Sched_v2.pdf,metro_north_waterbury_branch_effective_2026-03-29_updated_2026-03-16.pdf,3,From Grand Central
Metro-North,Waterbury Branch,New Haven Line - Waterbury Branch,6525,To Grand Central,WBY,Waterbury,1,10:03,10:03,2026-03-29,,,weekend,2026-03-29,2026-03-16,,03-29-26_NHL-WB-Sched_v2.pdf,metro_north_waterbury_branch_effective_2026-03-29_updated_2026-03-16.pdf,3,To Grand Central
Metro-North,Waterbury Branch,New Haven Line - Waterbury Branch,6525,To Grand Central,NAU,Naugatuck,2,10:12,10:12,2026-03-29,,,weekend,2026-03-29,2026-03-16,,03-29-26_NHL-WB-Sched_v2.pdf,metro_north_waterbury_branch_effective_2026-03-29_updated_2026-03-16.pdf,3,To Grand Central
Metro-North,Waterbury Branch,New Haven Line - Waterbury Branch,6525,To Grand Central,BCF,Beacon Falls,3,10:19,10:19,2026-03-29,,,weekend,2026-03-29,2026-03-16,,03-29-26_NHL-WB-Sched_v2.pdf,metro_north_waterbury_branch_effective_2026-03-29_updated_2026-03-16.pdf,3,To Grand Central
Metro-North,Waterbury Branch,New Haven Line - Waterbury Branch,6525,To Grand Central,SEY,Seymour,4,10:24,10:24,2026-03-29,,,weekend,2026-03-29,2026-03-16,,03-29-26_NHL-WB-Sched_v2.pdf,metro_north_waterbury_branch_effective_2026-03-29_updated_2026-03-16.pdf,3,To Grand Central
Metro-North,Waterbury Branch,New Haven Line - Waterbury Branch,6525,To Grand Central,ANS,Ansonia,5,10:31,10:31,2026-03-29,,,weekend,2026-03-29,2026-03-16,,03-29-26_NHL-WB-Sched_v2.pdf,metro_north_waterbury_branch_effective_2026-03-29_updated_2026-03-16.pdf,3,To Grand Central
Metro-North,Waterbury Branch,New Haven Line - Waterbury Branch,6525,To Grand Central,DBY,Derby-Shelton,6,10:35,10:35,2026-03-29,,,weekend,2026-03-29,2026-03-16,,03-29-26_NHL-WB-Sched_v2.pdf,metro_north_waterbury_branch_effective_2026-03-29_updated_2026-03-16.pdf,3,To Grand Central
Metro-North,Waterbury Branch,New Haven Line - Waterbury Branch,6525,To Grand Central,BRP,Bridgeport,7,11:00,,2026-03-29,,,weekend,2026-03-29,2026-03-16,,03-29-26_NHL-WB-Sched_v2.pdf,metro_north_waterbury_branch_effective_2026-03-29_updated_2026-03-16.pdf,3,To Grand Central
Metro-North,Waterbury Branch,New Haven Line - Waterbury Branch,6525,To Grand Central,BRP,Bridgeport,8,,11:05,2026-03-29,,,weekend,2026-03-29,2026-03-16,,03-29-26_NHL-WB-Sched_v2.pdf,metro_north_waterbury_branch_effective_2026-03-29_updated_2026-03-16.pdf,3,To Grand Central
Metro-North,Waterbury Branch,New Haven Line - Waterbury Branch,6525,To Grand Central,SONO,South Norwalk,9,11:33,11:33,2026-03-29,,,weekend,2026-03-29,2026-03-16,,03-29-26_NHL-WB-Sched_v2.pdf,metro_north_waterbury_branch_effective_2026-03-29_updated_2026-03-16.pdf,3,To Grand Central
Metro-North,Waterbury Branch,New Haven Line - Waterbury Branch,6525,To Grand Central,STM,Stamford,10,11:51,11:51,2026-03-29,,,weekend,2026-03-29,2026-03-16,,03-29-26_NHL-WB-Sched_v2.pdf,metro_north_waterbury_branch_effective_2026-03-29_updated_2026-03-16.pdf,3,To Grand Central
Metro-North,Waterbury Branch,New Haven Line - Waterbury Branch,6525,To Grand Central,GCT,Grand Central,11,00:46,00:46,2026-03-29,,,weekend,2026-03-29,2026-03-16,,03-29-26_NHL-WB-Sched_v2.pdf,metro_north_waterbury_branch_effective_2026-03-29_updated_2026-03-16.pdf,3,To Grand Central
Metro-North,Waterbury Branch,New Haven Line - Waterbury Branch,6530,From Grand Central,GCT,Grand Central,1,13:02,13:02,2026-03-29,,,weekend,2026-03-29,2026-03-16,,03-29-26_NHL-WB-Sched_v2.pdf,metro_north_waterbury_branch_effective_2026-03-29_updated_2026-03-16.pdf,3,From Grand Central
Metro-North,Waterbury Branch,New Haven Line - Waterbury Branch,6530,From Grand Central,STM,Stamford,2,13:54,13:54,2026-03-29,,,weekend,2026-03-29,2026-03-16,,03-29-26_NHL-WB-Sched_v2.pdf,metro_north_waterbury_branch_effective_2026-03-29_updated_2026-03-16.pdf,3,From Grand Central
Metro-North,Waterbury Branch,New Haven Line - Waterbury Branch,6530,From Grand Central,SONO,South Norwalk,3,14:11,14:11,2026-03-29,,,weekend,2026-03-29,2026-03-16,,03-29-26_NHL-WB-Sched_v2.pdf,metro_north_waterbury_branch_effective_2026-03-29_updated_2026-03-16.pdf,3,From Grand Central
Metro-North,Waterbury Branch,New Haven Line - Waterbury Branch,6530,From Grand Central,BRP,Bridgeport,4,,14:48,2026-03-29,,,weekend,2026-03-29,2026-03-16,,03-29-26_NHL-WB-Sched_v2.pdf,metro_north_waterbury_branch_effective_2026-03-29_updated_2026-03-16.pdf,3,From Grand Central
Metro-North,Waterbury Branch,New Haven Line - Waterbury Branch,6530,From Grand Central,BRP,Bridgeport,5,14:40,,2026-03-29,,,weekend,2026-03-29,2026-03-16,,03-29-26_NHL-WB-Sched_v2.pdf,metro_north_waterbury_branch_effective_2026-03-29_updated_2026-03-16.pdf,3,From Grand Central
Metro-North,Waterbury Branch,New Haven Line - Waterbury Branch,6530,From Grand Central,DBY,Derby-Shelton,6,15:12,15:12,2026-03-29,,,weekend,2026-03-29,2026-03-16,,03-29-26_NHL-WB-Sched_v2.pdf,metro_north_waterbury_branch_effective_2026-03-29_updated_2026-03-16.pdf,3,From Grand Central
Metro-North,Waterbury Branch,New Haven Line - Waterbury Branch,6530,From Grand Central,ANS,Ansonia,7,15:16,15:16,2026-03-29,,,weekend,2026-03-29,2026-03-16,,03-29-26_NHL-WB-Sched_v2.pdf,metro_north_waterbury_branch_effective_2026-03-29_updated_2026-03-16.pdf,3,From Grand Central
Metro-North,Waterbury Branch,New Haven Line - Waterbury Branch,6530,From Grand Central,SEY,Seymour,8,15:23,15:23,2026-03-29,,,weekend,2026-03-29,2026-03-16,,03-29-26_NHL-WB-Sched_v2.pdf,metro_north_waterbury_branch_effective_2026-03-29_updated_2026-03-16.pdf,3,From Grand Central
Metro-North,Waterbury Branch,New Haven Line - Waterbury Branch,6530,From Grand Central,BCF,Beacon Falls,9,15:29,15:29,2026-03-29,,,weekend,2026-03-29,2026-03-16,,03-29-26_NHL-WB-Sched_v2.pdf,metro_north_waterbury_branch_effective_2026-03-29_updated_2026-03-16.pdf,3,From Grand Central
Metro-North,Waterbury Branch,New Haven Line - Waterbury Branch,6530,From Grand Central,NAU,Naugatuck,10,15:36,15:36,2026-03-29,,,weekend,2026-03-29,2026-03-16,,03-29-26_NHL-WB-Sched_v2.pdf,metro_north_waterbury_branch_effective_2026-03-29_updated_2026-03-16.pdf,3,From Grand Central
Metro-North,Waterbury Branch,New Haven Line - Waterbury Branch,6530,From Grand Central,WBY,Waterbury,11,15:48,15:48,2026-03-29,,,weekend,2026-03-29,2026-03-16,,03-29-26_NHL-WB-Sched_v2.pdf,metro_north_waterbury_branch_effective_2026-03-29_updated_2026-03-16.pdf,3,From Grand Central
Metro-North,Waterbury Branch,New Haven Line - Waterbury Branch,6537,To Grand Central,WBY,Waterbury,1,13:03,13:03,2026-03-29,,,weekend,2026-03-29,2026-03-16,,03-29-26_NHL-WB-Sched_v2.pdf,metro_north_waterbury_branch_effective_2026-03-29_updated_2026-03-16.pdf,3,To Grand Central
Metro-North,Waterbury Branch,New Haven Line - Waterbury Branch,6537,To Grand Central,NAU,Naugatuck,2,13:12,13:12,2026-03-29,,,weekend,2026-03-29,2026-03-16,,03-29-26_NHL-WB-Sched_v2.pdf,metro_north_waterbury_branch_effective_2026-03-29_updated_2026-03-16.pdf,3,To Grand Central
Metro-North,Waterbury Branch,New Haven Line - Waterbury Branch,6537,To Grand Central,BCF,Beacon Falls,3,13:19,13:19,2026-03-29,,,weekend,2026-03-29,2026-03-16,,03-29-26_NHL-WB-Sched_v2.pdf,metro_north_waterbury_branch_effective_2026-03-29_updated_2026-03-16.pdf,3,To Grand Central
Metro-North,Waterbury Branch,New Haven Line - Waterbury Branch,6537,To Grand Central,SEY,Seymour,4,13:24,13:24,2026-03-29,,,weekend,2026-03-29,2026-03-16,,03-29-26_NHL-WB-Sched_v2.pdf,metro_north_waterbury_branch_effective_2026-03-29_updated_2026-03-16.pdf,3,To Grand Central
Metro-North,Waterbury Branch,New Haven Line - Waterbury Branch,6537,To Grand Central,ANS,Ansonia,5,13:31,13:31,2026-03-29,,,weekend,2026-03-29,2026-03-16,,03-29-26_NHL-WB-Sched_v2.pdf,metro_north_waterbury_branch_effective_2026-03-29_updated_2026-03-16.pdf,3,To Grand Central
Metro-North,Waterbury Branch,New Haven Line - Waterbury Branch,6537,To Grand Central,DBY,Derby-Shelton,6,13:35,13:35,2026-03-29,,,weekend,2026-03-29,2026-03-16,,03-29-26_NHL-WB-Sched_v2.pdf,metro_north_waterbury_branch_effective_2026-03-29_updated_2026-03-16.pdf,3,To Grand Central
Metro-North,Waterbury Branch,New Haven Line - Waterbury Branch,6537,To Grand Central,BRP,Bridgeport,7,14:00,,2026-03-29,,,weekend,2026-03-29,2026-03-16,,03-29-26_NHL-WB-Sched_v2.pdf,metro_north_waterbury_branch_effective_2026-03-29_updated_2026-03-16.pdf,3,To Grand Central
Metro-North,Waterbury Branch,New Haven Line - Waterbury Branch,6537,To Grand Central,BRP,Bridgeport,8,,14:05,2026-03-29,,,weekend,2026-03-29,2026-03-16,,03-29-26_NHL-WB-Sched_v2.pdf,metro_north_waterbury_branch_effective_2026-03-29_updated_2026-03-16.pdf,3,To Grand Central
Metro-North,Waterbury Branch,New Haven Line - Waterbury Branch,6537,To Grand Central,SONO,South Norwalk,9,14:33,14:33,2026-03-29,,,weekend,2026-03-29,2026-03-16,,03-29-26_NHL-WB-Sched_v2.pdf,metro_north_waterbury_branch_effective_2026-03-29_updated_2026-03-16.pdf,3,To Grand Central
Metro-North,Waterbury Branch,New Haven Line - Waterbury Branch,6537,To Grand Central,STM,Stamford,10,14:51,14:51,2026-03-29,,,weekend,2026-03-29,2026-03-16,,03-29-26_NHL-WB-Sched_v2.pdf,metro_north_waterbury_branch_effective_2026-03-29_updated_2026-03-16.pdf,3,To Grand Central
Metro-North,Waterbury Branch,New Haven Line - Waterbury Branch,6537,To Grand Central,GCT,Grand Central,11,15:46,15:46,2026-03-29,,,weekend,2026-03-29,2026-03-16,,03-29-26_NHL-WB-Sched_v2.pdf,metro_north_waterbury_branch_effective_2026-03-29_updated_2026-03-16.pdf,3,To Grand Central
Metro-North,Waterbury Branch,New Haven Line - Waterbury Branch,6542,From Grand Central,GCT,Grand Central,1,16:02,16:02,2026-03-29,,,weekend,2026-03-29,2026-03-16,,03-29-26_NHL-WB-Sched_v2.pdf,metro_north_waterbury_branch_effective_2026-03-29_updated_2026-03-16.pdf,3,From Grand Central
Metro-North,Waterbury Branch,New Haven Line - Waterbury Branch,6542,From Grand Central,STM,Stamford,2,16:54,16:54,2026-03-29,,,weekend,2026-03-29,2026-03-16,,03-29-26_NHL-WB-Sched_v2.pdf,metro_north_waterbury_branch_effective_2026-03-29_updated_2026-03-16.pdf,3,From Grand Central
Metro-North,Waterbury Branch,New Haven Line - Waterbury Branch,6542,From Grand Central,SONO,South Norwalk,3,17:11,17:11,2026-03-29,,,weekend,2026-03-29,2026-03-16,,03-29-26_NHL-WB-Sched_v2.pdf,metro_north_waterbury_branch_effective_2026-03-29_updated_2026-03-16.pdf,3,From Grand Central
Metro-North,Waterbury Branch,New Haven Line - Waterbury Branch,6542,From Grand Central,BRP,Bridgeport,4,,17:48,2026-03-29,,,weekend,2026-03-29,2026-03-16,,03-29-26_NHL-WB-Sched_v2.pdf,metro_north_waterbury_branch_effective_2026-03-29_updated_2026-03-16.pdf,3,From Grand Central
Metro-North,Waterbury Branch,New Haven Line - Waterbury Branch,6542,From Grand Central,BRP,Bridgeport,5,17:40,,2026-03-29,,,weekend,2026-03-29,2026-03-16,,03-29-26_NHL-WB-Sched_v2.pdf,metro_north_waterbury_branch_effective_2026-03-29_updated_2026-03-16.pdf,3,From Grand Central
Metro-North,Waterbury Branch,New Haven Line - Waterbury Branch,6542,From Grand Central,DBY,Derby-Shelton,6,18:12,18:12,2026-03-29,,,weekend,2026-03-29,2026-03-16,,03-29-26_NHL-WB-Sched_v2.pdf,metro_north_waterbury_branch_effective_2026-03-29_updated_2026-03-16.pdf,3,From Grand Central
Metro-North,Waterbury Branch,New Haven Line - Waterbury Branch,6542,From Grand Central,ANS,Ansonia,7,18:16,18:16,2026-03-29,,,weekend,2026-03-29,2026-03-16,,03-29-26_NHL-WB-Sched_v2.pdf,metro_north_waterbury_branch_effective_2026-03-29_updated_2026-03-16.pdf,3,From Grand Central
Metro-North,Waterbury Branch,New Haven Line - Waterbury Branch,6542,From Grand Central,SEY,Seymour,8,18:23,18:23,2026-03-29,,,weekend,2026-03-29,2026-03-16,,03-29-26_NHL-WB-Sched_v2.pdf,metro_north_waterbury_branch_effective_2026-03-29_updated_2026-03-16.pdf,3,From Grand Central
Metro-North,Waterbury Branch,New Haven Line - Waterbury Branch,6542,From Grand Central,BCF,Beacon Falls,9,18:29,18:29,2026-03-29,,,weekend,2026-03-29,2026-03-16,,03-29-26_NHL-WB-Sched_v2.pdf,metro_north_waterbury_branch_effective_2026-03-29_updated_2026-03-16.pdf,3,From Grand Central
Metro-North,Waterbury Branch,New Haven Line - Waterbury Branch,6542,From Grand Central,NAU,Naugatuck,10,18:36,18:36,2026-03-29,,,weekend,2026-03-29,2026-03-16,,03-29-26_NHL-WB-Sched_v2.pdf,metro_north_waterbury_branch_effective_2026-03-29_updated_2026-03-16.pdf,3,From Grand Central
Metro-North,Waterbury Branch,New Haven Line - Waterbury Branch,6542,From Grand Central,WBY,Waterbury,11,18:48,18:48,2026-03-29,,,weekend,2026-03-29,2026-03-16,,03-29-26_NHL-WB-Sched_v2.pdf,metro_north_waterbury_branch_effective_2026-03-29_updated_2026-03-16.pdf,3,From Grand Central
Metro-North,Waterbury Branch,New Haven Line - Waterbury Branch,6549,To Grand Central,WBY,Waterbury,1,16:03,16:03,2026-03-29,,,weekend,2026-03-29,2026-03-16,,03-29-26_NHL-WB-Sched_v2.pdf,metro_north_waterbury_branch_effective_2026-03-29_updated_2026-03-16.pdf,3,To Grand Central
Metro-North,Waterbury Branch,New Haven Line - Waterbury Branch,6549,To Grand Central,NAU,Naugatuck,2,16:12,16:12,2026-03-29,,,weekend,2026-03-29,2026-03-16,,03-29-26_NHL-WB-Sched_v2.pdf,metro_north_waterbury_branch_effective_2026-03-29_updated_2026-03-16.pdf,3,To Grand Central
Metro-North,Waterbury Branch,New Haven Line - Waterbury Branch,6549,To Grand Central,BCF,Beacon Falls,3,16:19,16:19,2026-03-29,,,weekend,2026-03-29,2026-03-16,,03-29-26_NHL-WB-Sched_v2.pdf,metro_north_waterbury_branch_effective_2026-03-29_updated_2026-03-16.pdf,3,To Grand Central
Metro-North,Waterbury Branch,New Haven Line - Waterbury Branch,6549,To Grand Central,SEY,Seymour,4,16:24,16:24,2026-03-29,,,weekend,2026-03-29,2026-03-16,,03-29-26_NHL-WB-Sched_v2.pdf,metro_north_waterbury_branch_effective_2026-03-29_updated_2026-03-16.pdf,3,To Grand Central
Metro-North,Waterbury Branch,New Haven Line - Waterbury Branch,6549,To Grand Central,ANS,Ansonia,5,16:31,16:31,2026-03-29,,,weekend,2026-03-29,2026-03-16,,03-29-26_NHL-WB-Sched_v2.pdf,metro_north_waterbury_branch_effective_2026-03-29_updated_2026-03-16.pdf,3,To Grand Central
Metro-North,Waterbury Branch,New Haven Line - Waterbury Branch,6549,To Grand Central,DBY,Derby-Shelton,6,16:35,16:35,2026-03-29,,,weekend,2026-03-29,2026-03-16,,03-29-26_NHL-WB-Sched_v2.pdf,metro_north_waterbury_branch_effective_2026-03-29_updated_2026-03-16.pdf,3,To Grand Central
Metro-North,Waterbury Branch,New Haven Line - Waterbury Branch,6549,To Grand Central,BRP,Bridgeport,7,17:00,,2026-03-29,,,weekend,2026-03-29,2026-03-16,,03-29-26_NHL-WB-Sched_v2.pdf,metro_north_waterbury_branch_effective_2026-03-29_updated_2026-03-16.pdf,3,To Grand Central
Metro-North,Waterbury Branch,New Haven Line - Waterbury Branch,6549,To Grand Central,BRP,Bridgeport,8,,17:05,2026-03-29,,,weekend,2026-03-29,2026-03-16,,03-29-26_NHL-WB-Sched_v2.pdf,metro_north_waterbury_branch_effective_2026-03-29_updated_2026-03-16.pdf,3,To Grand Central
Metro-North,Waterbury Branch,New Haven Line - Waterbury Branch,6549,To Grand Central,SONO,South Norwalk,9,17:33,17:33,2026-03-29,,,weekend,2026-03-29,2026-03-16,,03-29-26_NHL-WB-Sched_v2.pdf,metro_north_waterbury_branch_effective_2026-03-29_updated_2026-03-16.pdf,3,To Grand Central
Metro-North,Waterbury Branch,New Haven Line - Waterbury Branch,6549,To Grand Central,STM,Stamford,10,17:51,17:51,2026-03-29,,,weekend,2026-03-29,2026-03-16,,03-29-26_NHL-WB-Sched_v2.pdf,metro_north_waterbury_branch_effective_2026-03-29_updated_2026-03-16.pdf,3,To Grand Central
Metro-North,Waterbury Branch,New Haven Line - Waterbury Branch,6549,To Grand Central,GCT,Grand Central,11,18:47,18:47,2026-03-29,,,weekend,2026-03-29,2026-03-16,,03-29-26_NHL-WB-Sched_v2.pdf,metro_north_waterbury_branch_effective_2026-03-29_updated_2026-03-16.pdf,3,To Grand Central
Metro-North,Waterbury Branch,New Haven Line - Waterbury Branch,6554,From Grand Central,GCT,Grand Central,1,19:02,19:02,2026-03-29,,,weekend,2026-03-29,2026-03-16,,03-29-26_NHL-WB-Sched_v2.pdf,metro_north_waterbury_branch_effective_2026-03-29_updated_2026-03-16.pdf,3,From Grand Central
Metro-North,Waterbury Branch,New Haven Line - Waterbury Branch,6554,From Grand Central,STM,Stamford,2,19:54,19:54,2026-03-29,,,weekend,2026-03-29,2026-03-16,,03-29-26_NHL-WB-Sched_v2.pdf,metro_north_waterbury_branch_effective_2026-03-29_updated_2026-03-16.pdf,3,From Grand Central
Metro-North,Waterbury Branch,New Haven Line - Waterbury Branch,6554,From Grand Central,SONO,South Norwalk,3,20:11,20:11,2026-03-29,,,weekend,2026-03-29,2026-03-16,,03-29-26_NHL-WB-Sched_v2.pdf,metro_north_waterbury_branch_effective_2026-03-29_updated_2026-03-16.pdf,3,From Grand Central
Metro-North,Waterbury Branch,New Haven Line - Waterbury Branch,6554,From Grand Central,BRP,Bridgeport,4,,20:48,2026-03-29,,,weekend,2026-03-29,2026-03-16,,03-29-26_NHL-WB-Sched_v2.pdf,metro_north_waterbury_branch_effective_2026-03-29_updated_2026-03-16.pdf,3,From Grand Central
Metro-North,Waterbury Branch,New Haven Line - Waterbury Branch,6554,From Grand Central,BRP,Bridgeport,5,20:40,,2026-03-29,,,weekend,2026-03-29,2026-03-16,,03-29-26_NHL-WB-Sched_v2.pdf,metro_north_waterbury_branch_effective_2026-03-29_updated_2026-03-16.pdf,3,From Grand Central
Metro-North,Waterbury Branch,New Haven Line - Waterbury Branch,6554,From Grand Central,DBY,Derby-Shelton,6,21:12,21:12,2026-03-29,,,weekend,2026-03-29,2026-03-16,,03-29-26_NHL-WB-Sched_v2.pdf,metro_north_waterbury_branch_effective_2026-03-29_updated_2026-03-16.pdf,3,From Grand Central
Metro-North,Waterbury Branch,New Haven Line - Waterbury Branch,6554,From Grand Central,ANS,Ansonia,7,21:16,21:16,2026-03-29,,,weekend,2026-03-29,2026-03-16,,03-29-26_NHL-WB-Sched_v2.pdf,metro_north_waterbury_branch_effective_2026-03-29_updated_2026-03-16.pdf,3,From Grand Central
Metro-North,Waterbury Branch,New Haven Line - Waterbury Branch,6554,From Grand Central,SEY,Seymour,8,21:23,21:23,2026-03-29,,,weekend,2026-03-29,2026-03-16,,03-29-26_NHL-WB-Sched_v2.pdf,metro_north_waterbury_branch_effective_2026-03-29_updated_2026-03-16.pdf,3,From Grand Central
Metro-North,Waterbury Branch,New Haven Line - Waterbury Branch,6554,From Grand Central,BCF,Beacon Falls,9,21:29,21:29,2026-03-29,,,weekend,2026-03-29,2026-03-16,,03-29-26_NHL-WB-Sched_v2.pdf,metro_north_waterbury_branch_effective_2026-03-29_updated_2026-03-16.pdf,3,From Grand Central
Metro-North,Waterbury Branch,New Haven Line - Waterbury Branch,6554,From Grand Central,NAU,Naugatuck,10,21:36,21:36,2026-03-29,,,weekend,2026-03-29,2026-03-16,,03-29-26_NHL-WB-Sched_v2.pdf,metro_north_waterbury_branch_effective_2026-03-29_updated_2026-03-16.pdf,3,From Grand Central
Metro-North,Waterbury Branch,New Haven Line - Waterbury Branch,6554,From Grand Central,WBY,Waterbury,11,21:48,21:48,2026-03-29,,,weekend,2026-03-29,2026-03-16,,03-29-26_NHL-WB-Sched_v2.pdf,metro_north_waterbury_branch_effective_2026-03-29_updated_2026-03-16.pdf,3,From Grand Central
Metro-North,Waterbury Branch,New Haven Line - Waterbury Branch,6561,To Grand Central,WBY,Waterbury,1,19:03,19:03,2026-03-29,,,weekend,2026-03-29,2026-03-16,,03-29-26_NHL-WB-Sched_v2.pdf,metro_north_waterbury_branch_effective_2026-03-29_updated_2026-03-16.pdf,3,To Grand Central
Metro-North,Waterbury Branch,New Haven Line - Waterbury Branch,6561,To Grand Central,NAU,Naugatuck,2,19:12,19:12,2026-03-29,,,weekend,2026-03-29,2026-03-16,,03-29-26_NHL-WB-Sched_v2.pdf,metro_north_waterbury_branch_effective_2026-03-29_updated_2026-03-16.pdf,3,To Grand Central
Metro-North,Waterbury Branch,New Haven Line - Waterbury Branch,6561,To Grand Central,BCF,Beacon Falls,3,19:19,19:19,2026-03-29,,,weekend,2026-03-29,2026-03-16,,03-29-26_NHL-WB-Sched_v2.pdf,metro_north_waterbury_branch_effective_2026-03-29_updated_2026-03-16.pdf,3,To Grand Central
Metro-North,Waterbury Branch,New Haven Line - Waterbury Branch,6561,To Grand Central,SEY,Seymour,4,19:24,19:24,2026-03-29,,,weekend,2026-03-29,2026-03-16,,03-29-26_NHL-WB-Sched_v2.pdf,metro_north_waterbury_branch_effective_2026-03-29_updated_2026-03-16.pdf,3,To Grand Central
Metro-North,Waterbury Branch,New Haven Line - Waterbury Branch,6561,To Grand Central,ANS,Ansonia,5,19:31,19:31,2026-03-29,,,weekend,2026-03-29,2026-03-16,,03-29-26_NHL-WB-Sched_v2.pdf,metro_north_waterbury_branch_effective_2026-03-29_updated_2026-03-16.pdf,3,To Grand Central
Metro-North,Waterbury Branch,New Haven Line - Waterbury Branch,6561,To Grand Central,DBY,Derby-Shelton,6,19:35,19:35,2026-03-29,,,weekend,2026-03-29,2026-03-16,,03-29-26_NHL-WB-Sched_v2.pdf,metro_north_waterbury_branch_effective_2026-03-29_updated_2026-03-16.pdf,3,To Grand Central
Metro-North,Waterbury Branch,New Haven Line - Waterbury Branch,6561,To Grand Central,BRP,Bridgeport,7,20:00,,2026-03-29,,,weekend,2026-03-29,2026-03-16,,03-29-26_NHL-WB-Sched_v2.pdf,metro_north_waterbury_branch_effective_2026-03-29_updated_2026-03-16.pdf,3,To Grand Central
Metro-North,Waterbury Branch,New Haven Line - Waterbury Branch,6561,To Grand Central,BRP,Bridgeport,8,,20:05,2026-03-29,,,weekend,2026-03-29,2026-03-16,,03-29-26_NHL-WB-Sched_v2.pdf,metro_north_waterbury_branch_effective_2026-03-29_updated_2026-03-16.pdf,3,To Grand Central
Metro-North,Waterbury Branch,New Haven Line - Waterbury Branch,6561,To Grand Central,SONO,South Norwalk,9,20:33,20:33,2026-03-29,,,weekend,2026-03-29,2026-03-16,,03-29-26_NHL-WB-Sched_v2.pdf,metro_north_waterbury_branch_effective_2026-03-29_updated_2026-03-16.pdf,3,To Grand Central
Metro-North,Waterbury Branch,New Haven Line - Waterbury Branch,6561,To Grand Central,STM,Stamford,10,20:51,20:51,2026-03-29,,,weekend,2026-03-29,2026-03-16,,03-29-26_NHL-WB-Sched_v2.pdf,metro_north_waterbury_branch_effective_2026-03-29_updated_2026-03-16.pdf,3,To Grand Central
Metro-North,Waterbury Branch,New Haven Line - Waterbury Branch,6561,To Grand Central,GCT,Grand Central,11,21:46,21:46,2026-03-29,,,weekend,2026-03-29,2026-03-16,,03-29-26_NHL-WB-Sched_v2.pdf,metro_north_waterbury_branch_effective_2026-03-29_updated_2026-03-16.pdf,3,To Grand Central
Metro-North,Waterbury Branch,New Haven Line - Waterbury Branch,6566,From Grand Central,GCT,Grand Central,1,22:06,22:06,2026-03-29,,,weekend,2026-03-29,2026-03-16,,03-29-26_NHL-WB-Sched_v2.pdf,metro_north_waterbury_branch_effective_2026-03-29_updated_2026-03-16.pdf,3,From Grand Central
Metro-North,Waterbury Branch,New Haven Line - Waterbury Branch,6566,From Grand Central,STM,Stamford,2,22:58,22:58,2026-03-29,,,weekend,2026-03-29,2026-03-16,,03-29-26_NHL-WB-Sched_v2.pdf,metro_north_waterbury_branch_effective_2026-03-29_updated_2026-03-16.pdf,3,From Grand Central
Metro-North,Waterbury Branch,New Haven Line - Waterbury Branch,6566,From Grand Central,SONO,South Norwalk,3,23:15,23:15,2026-03-29,,,weekend,2026-03-29,2026-03-16,,03-29-26_NHL-WB-Sched_v2.pdf,metro_north_waterbury_branch_effective_2026-03-29_updated_2026-03-16.pdf,3,From Grand Central
Metro-North,Waterbury Branch,New Haven Line - Waterbury Branch,6566,From Grand Central,BRP,Bridgeport,4,,23:48,2026-03-29,,,weekend,2026-03-29,2026-03-16,,03-29-26_NHL-WB-Sched_v2.pdf,metro_north_waterbury_branch_effective_2026-03-29_updated_2026-03-16.pdf,3,From Grand Central
Metro-North,Waterbury Branch,New Haven Line - Waterbury Branch,6566,From Grand Central,BRP,Bridgeport,5,23:44,,2026-03-29,,,weekend,2026-03-29,2026-03-16,,03-29-26_NHL-WB-Sched_v2.pdf,metro_north_waterbury_branch_effective_2026-03-29_updated_2026-03-16.pdf,3,From Grand Central
Metro-North,Waterbury Branch,New Haven Line - Waterbury Branch,6566,From Grand Central,DBY,Derby-Shelton,6,12:12,12:12,2026-03-29,,,weekend,2026-03-29,2026-03-16,,03-29-26_NHL-WB-Sched_v2.pdf,metro_north_waterbury_branch_effective_2026-03-29_updated_2026-03-16.pdf,3,From Grand Central
Metro-North,Waterbury Branch,New Haven Line - Waterbury Branch,6566,From Grand Central,ANS,Ansonia,7,12:16,12:16,2026-03-29,,,weekend,2026-03-29,2026-03-16,,03-29-26_NHL-WB-Sched_v2.pdf,metro_north_waterbury_branch_effective_2026-03-29_updated_2026-03-16.pdf,3,From Grand Central
Metro-North,Waterbury Branch,New Haven Line - Waterbury Branch,6566,From Grand Central,SEY,Seymour,8,12:23,12:23,2026-03-29,,,weekend,2026-03-29,2026-03-16,,03-29-26_NHL-WB-Sched_v2.pdf,metro_north_waterbury_branch_effective_2026-03-29_updated_2026-03-16.pdf,3,From Grand Central
Metro-North,Waterbury Branch,New Haven Line - Waterbury Branch,6566,From Grand Central,BCF,Beacon Falls,9,12:29,12:29,2026-03-29,,,weekend,2026-03-29,2026-03-16,,03-29-26_NHL-WB-Sched_v2.pdf,metro_north_waterbury_branch_effective_2026-03-29_updated_2026-03-16.pdf,3,From Grand Central
Metro-North,Waterbury Branch,New Haven Line - Waterbury Branch,6566,From Grand Central,NAU,Naugatuck,10,12:36,12:36,2026-03-29,,,weekend,2026-03-29,2026-03-16,,03-29-26_NHL-WB-Sched_v2.pdf,metro_north_waterbury_branch_effective_2026-03-29_updated_2026-03-16.pdf,3,From Grand Central
Metro-North,Waterbury Branch,New Haven Line - Waterbury Branch,6566,From Grand Central,WBY,Waterbury,11,12:48,12:48,2026-03-29,,,weekend,2026-03-29,2026-03-16,,03-29-26_NHL-WB-Sched_v2.pdf,metro_north_waterbury_branch_effective_2026-03-29_updated_2026-03-16.pdf,3,From Grand Central
Metro-North,Waterbury Branch,New Haven Line - Waterbury Branch,6571,To Grand Central,WBY,Waterbury,1,22:03,22:03,2026-03-29,,,weekend,2026-03-29,2026-03-16,,03-29-26_NHL-WB-Sched_v2.pdf,metro_north_waterbury_branch_effective_2026-03-29_updated_2026-03-16.pdf,3,To Grand Central
Metro-North,Waterbury Branch,New Haven Line - Waterbury Branch,6571,To Grand Central,NAU,Naugatuck,2,22:12,22:12,2026-03-29,,,weekend,2026-03-29,2026-03-16,,03-29-26_NHL-WB-Sched_v2.pdf,metro_north_waterbury_branch_effective_2026-03-29_updated_2026-03-16.pdf,3,To Grand Central
Metro-North,Waterbury Branch,New Haven Line - Waterbury Branch,6571,To Grand Central,BCF,Beacon Falls,3,22:19,22:19,2026-03-29,,,weekend,2026-03-29,2026-03-16,,03-29-26_NHL-WB-Sched_v2.pdf,metro_north_waterbury_branch_effective_2026-03-29_updated_2026-03-16.pdf,3,To Grand Central
Metro-North,Waterbury Branch,New Haven Line - Waterbury Branch,6571,To Grand Central,SEY,Seymour,4,22:24,22:24,2026-03-29,,,weekend,2026-03-29,2026-03-16,,03-29-26_NHL-WB-Sched_v2.pdf,metro_north_waterbury_branch_effective_2026-03-29_updated_2026-03-16.pdf,3,To Grand Central
Metro-North,Waterbury Branch,New Haven Line - Waterbury Branch,6571,To Grand Central,ANS,Ansonia,5,22:31,22:31,2026-03-29,,,weekend,2026-03-29,2026-03-16,,03-29-26_NHL-WB-Sched_v2.pdf,metro_north_waterbury_branch_effective_2026-03-29_updated_2026-03-16.pdf,3,To Grand Central
Metro-North,Waterbury Branch,New Haven Line - Waterbury Branch,6571,To Grand Central,DBY,Derby-Shelton,6,22:35,22:35,2026-03-29,,,weekend,2026-03-29,2026-03-16,,03-29-26_NHL-WB-Sched_v2.pdf,metro_north_waterbury_branch_effective_2026-03-29_updated_2026-03-16.pdf,3,To Grand Central
Metro-North,Waterbury Branch,New Haven Line - Waterbury Branch,6571,To Grand Central,BRP,Bridgeport,7,23:00,,2026-03-29,,,weekend,2026-03-29,2026-03-16,,03-29-26_NHL-WB-Sched_v2.pdf,metro_north_waterbury_branch_effective_2026-03-29_updated_2026-03-16.pdf,3,To Grand Central
Metro-North,Waterbury Branch,New Haven Line - Waterbury Branch,6571,To Grand Central,BRP,Bridgeport,8,,23:10,2026-03-29,,,weekend,2026-03-29,2026-03-16,,03-29-26_NHL-WB-Sched_v2.pdf,metro_north_waterbury_branch_effective_2026-03-29_updated_2026-03-16.pdf,3,To Grand Central
Metro-North,Waterbury Branch,New Haven Line - Waterbury Branch,6571,To Grand Central,SONO,South Norwalk,9,23:38,23:38,2026-03-29,,,weekend,2026-03-29,2026-03-16,,03-29-26_NHL-WB-Sched_v2.pdf,metro_north_waterbury_branch_effective_2026-03-29_updated_2026-03-16.pdf,3,To Grand Central
Metro-North,Waterbury Branch,New Haven Line - Waterbury Branch,6571,To Grand Central,STM,Stamford,10,23:56,23:56,2026-03-29,,,weekend,2026-03-29,2026-03-16,,03-29-26_NHL-WB-Sched_v2.pdf,metro_north_waterbury_branch_effective_2026-03-29_updated_2026-03-16.pdf,3,To Grand Central
Metro-North,Waterbury Branch,New Haven Line - Waterbury Branch,6571,To Grand Central,GCT,Grand Central,11,12:52,12:52,2026-03-29,,,weekend,2026-03-29,2026-03-16,,03-29-26_NHL-WB-Sched_v2.pdf,metro_north_waterbury_branch_effective_2026-03-29_updated_2026-03-16.pdf,3,To Grand Central
Metro-North,Waterbury Branch,New Haven Line - Waterbury Branch,6906,From Grand Central,GCT,Grand Central,1,07:02,07:02,2026-03-29,,,weekend,2026-03-29,2026-03-16,,03-29-26_NHL-WB-Sched_v2.pdf,metro_north_waterbury_branch_effective_2026-03-29_updated_2026-03-16.pdf,3,Metro-North
Metro-North,Waterbury Branch,New Haven Line - Waterbury Branch,6906,From Grand Central,STM,Stamford,2,07:55,07:55,2026-03-29,,,weekend,2026-03-29,2026-03-16,,03-29-26_NHL-WB-Sched_v2.pdf,metro_north_waterbury_branch_effective_2026-03-29_updated_2026-03-16.pdf,3,From Grand Central
Metro-North,Waterbury Branch,New Haven Line - Waterbury Branch,6906,From Grand Central,SONO,South Norwalk,3,08:12,08:12,2026-03-29,,,weekend,2026-03-29,2026-03-16,,03-29-26_NHL-WB-Sched_v2.pdf,metro_north_waterbury_branch_effective_2026-03-29_updated_2026-03-16.pdf,3,From Grand Central
Metro-North,Waterbury Branch,New Haven Line - Waterbury Branch,6906,From Grand Central,BRP,Bridgeport,4,,08:51,2026-03-29,,,weekend,2026-03-29,2026-03-16,,03-29-26_NHL-WB-Sched_v2.pdf,metro_north_waterbury_branch_effective_2026-03-29_updated_2026-03-16.pdf,3,From Grand Central
Metro-North,Waterbury Branch,New Haven Line - Waterbury Branch,6906,From Grand Central,BRP,Bridgeport,5,08:41,,2026-03-29,,,weekend,2026-03-29,2026-03-16,,03-29-26_NHL-WB-Sched_v2.pdf,metro_north_waterbury_branch_effective_2026-03-29_updated_2026-03-16.pdf,3,From Grand Central
Metro-North,Waterbury Branch,New Haven Line - Waterbury Branch,6906,From Grand Central,DBY,Derby-Shelton,6,09:12,09:12,2026-03-29,,,weekend,2026-03-29,2026-03-16,,03-29-26_NHL-WB-Sched_v2.pdf,metro_north_waterbury_branch_effective_2026-03-29_updated_2026-03-16.pdf,3,From Grand Central
Metro-North,Waterbury Branch,New Haven Line - Waterbury Branch,6906,From Grand Central,ANS,Ansonia,7,09:16,09:16,2026-03-29,,,weekend,2026-03-29,2026-03-16,,03-29-26_NHL-WB-Sched_v2.pdf,metro_north_waterbury_branch_effective_2026-03-29_updated_2026-03-16.pdf,3,From Grand Central
Metro-North,Waterbury Branch,New Haven Line - Waterbury Branch,6906,From Grand Central,SEY,Seymour,8,09:23,09:23,2026-03-29,,,weekend,2026-03-29,2026-03-16,,03-29-26_NHL-WB-Sched_v2.pdf,metro_north_waterbury_branch_effective_2026-03-29_updated_2026-03-16.pdf,3,From Grand Central
Metro-North,Waterbury Branch,New Haven Line - Waterbury Branch,6906,From Grand Central,BCF,Beacon Falls,9,09:29,09:29,2026-03-29,,,weekend,2026-03-29,2026-03-16,,03-29-26_NHL-WB-Sched_v2.pdf,metro_north_waterbury_branch_effective_2026-03-29_updated_2026-03-16.pdf,3,From Grand Central
Metro-North,Waterbury Branch,New Haven Line - Waterbury Branch,6906,From Grand Central,NAU,Naugatuck,10,09:36,09:36,2026-03-29,,,weekend,2026-03-29,2026-03-16,,03-29-26_NHL-WB-Sched_v2.pdf,metro_north_waterbury_branch_effective_2026-03-29_updated_2026-03-16.pdf,3,From Grand Central
Metro-North,Waterbury Branch,New Haven Line - Waterbury Branch,6906,From Grand Central,WBY,Waterbury,11,09:48,09:48,2026-03-29,,,weekend,2026-03-29,2026-03-16,,03-29-26_NHL-WB-Sched_v2.pdf,metro_north_waterbury_branch_effective_2026-03-29_updated_2026-03-16.pdf,3,From Grand Central
Metro-North,Waterbury Branch,New Haven Line - Waterbury Branch,6913,To Grand Central,WBY,Waterbury,1,07:03,07:03,2026-03-29,,,weekend,2026-03-29,2026-03-16,,03-29-26_NHL-WB-Sched_v2.pdf,metro_north_waterbury_branch_effective_2026-03-29_updated_2026-03-16.pdf,3,To Grand Central
Metro-North,Waterbury Branch,New Haven Line - Waterbury Branch,6913,To Grand Central,NAU,Naugatuck,2,07:12,07:12,2026-03-29,,,weekend,2026-03-29,2026-03-16,,03-29-26_NHL-WB-Sched_v2.pdf,metro_north_waterbury_branch_effective_2026-03-29_updated_2026-03-16.pdf,3,To Grand Central
Metro-North,Waterbury Branch,New Haven Line - Waterbury Branch,6913,To Grand Central,BCF,Beacon Falls,3,07:19,07:19,2026-03-29,,,weekend,2026-03-29,2026-03-16,,03-29-26_NHL-WB-Sched_v2.pdf,metro_north_waterbury_branch_effective_2026-03-29_updated_2026-03-16.pdf,3,To Grand Central
Metro-North,Waterbury Branch,New Haven Line - Waterbury Branch,6913,To Grand Central,SEY,Seymour,4,07:24,07:24,2026-03-29,,,weekend,2026-03-29,2026-03-16,,03-29-26_NHL-WB-Sched_v2.pdf,metro_north_waterbury_branch_effective_2026-03-29_updated_2026-03-16.pdf,3,To Grand Central
Metro-North,Waterbury Branch,New Haven Line - Waterbury Branch,6913,To Grand Central,ANS,Ansonia,5,07:31,07:31,2026-03-29,,,weekend,2026-03-29,2026-03-16,,03-29-26_NHL-WB-Sched_v2.pdf,metro_north_waterbury_branch_effective_2026-03-29_updated_2026-03-16.pdf,3,To Grand Central
Metro-North,Waterbury Branch,New Haven Line - Waterbury Branch,6913,To Grand Central,DBY,Derby-Shelton,6,07:35,07:35,2026-03-29,,,weekend,2026-03-29,2026-03-16,,03-29-26_NHL-WB-Sched_v2.pdf,metro_north_waterbury_branch_effective_2026-03-29_updated_2026-03-16.pdf,3,To Grand Central
Metro-North,Waterbury Branch,New Haven Line - Waterbury Branch,6913,To Grand Central,BRP,Bridgeport,7,08:00,,2026-03-29,,,weekend,2026-03-29,2026-03-16,,03-29-26_NHL-WB-Sched_v2.pdf,metro_north_waterbury_branch_effective_2026-03-29_updated_2026-03-16.pdf,3,To Grand Central
Metro-North,Waterbury Branch,New Haven Line - Waterbury Branch,6913,To Grand Central,BRP,Bridgeport,8,,08:05,2026-03-29,,,weekend,2026-03-29,2026-03-16,,03-29-26_NHL-WB-Sched_v2.pdf,metro_north_waterbury_branch_effective_2026-03-29_updated_2026-03-16.pdf,3,To Grand Central
Metro-North,Waterbury Branch,New Haven Line - Waterbury Branch,6913,To Grand Central,SONO,South Norwalk,9,08:33,08:33,2026-03-29,,,weekend,2026-03-29,2026-03-16,,03-29-26_NHL-WB-Sched_v2.pdf,metro_north_waterbury_branch_effective_2026-03-29_updated_2026-03-16.pdf,3,To Grand Central
Metro-North,Waterbury Branch,New Haven Line - Waterbury Branch,6913,To Grand Central,STM,Stamford,10,08:51,08:51,2026-03-29,,,weekend,2026-03-29,2026-03-16,,03-29-26_NHL-WB-Sched_v2.pdf,metro_north_waterbury_branch_effective_2026-03-29_updated_2026-03-16.pdf,3,To Grand Central
Metro-North,Waterbury Branch,New Haven Line - Waterbury Branch,6913,To Grand Central,GCT,Grand Central,11,09:48,09:48,2026-03-29,,,weekend,2026-03-29,2026-03-16,,03-29-26_NHL-WB-Sched_v2.pdf,metro_north_waterbury_branch_effective_2026-03-29_updated_2026-03-16.pdf,3,To Grand Central
Metro-North,Waterbury Branch,New Haven Line - Waterbury Branch,6918,From Grand Central,GCT,Grand Central,1,10:02,10:02,2026-03-29,,,weekend,2026-03-29,2026-03-16,,03-29-26_NHL-WB-Sched_v2.pdf,metro_north_waterbury_branch_effective_2026-03-29_updated_2026-03-16.pdf,3,From Grand Central
Metro-North,Waterbury Branch,New Haven Line - Waterbury Branch,6918,From Grand Central,STM,Stamford,2,10:54,10:54,2026-03-29,,,weekend,2026-03-29,2026-03-16,,03-29-26_NHL-WB-Sched_v2.pdf,metro_north_waterbury_branch_effective_2026-03-29_updated_2026-03-16.pdf,3,From Grand Central
Metro-North,Waterbury Branch,New Haven Line - Waterbury Branch,6918,From Grand Central,SONO,South Norwalk,3,11:11,11:11,2026-03-29,,,weekend,2026-03-29,2026-03-16,,03-29-26_NHL-WB-Sched_v2.pdf,metro_north_waterbury_branch_effective_2026-03-29_updated_2026-03-16.pdf,3,From Grand Central
Metro-North,Waterbury Branch,New Haven Line - Waterbury Branch,6918,From Grand Central,BRP,Bridgeport,4,,11:48,2026-03-29,,,weekend,2026-03-29,2026-03-16,,03-29-26_NHL-WB-Sched_v2.pdf,metro_north_waterbury_branch_effective_2026-03-29_updated_2026-03-16.pdf,3,From Grand Central
Metro-North,Waterbury Branch,New Haven Line - Waterbury Branch,6918,From Grand Central,BRP,Bridgeport,5,11:40,,2026-03-29,,,weekend,2026-03-29,2026-03-16,,03-29-26_NHL-WB-Sched_v2.pdf,metro_north_waterbury_branch_effective_2026-03-29_updated_2026-03-16.pdf,3,From Grand Central
Metro-North,Waterbury Branch,New Haven Line - Waterbury Branch,6918,From Grand Central,DBY,Derby-Shelton,6,00:12,00:12,2026-03-29,,,weekend,2026-03-29,2026-03-16,,03-29-26_NHL-WB-Sched_v2.pdf,metro_north_waterbury_branch_effective_2026-03-29_updated_2026-03-16.pdf,3,From Grand Central
Metro-North,Waterbury Branch,New Haven Line - Waterbury Branch,6918,From Grand Central,ANS,Ansonia,7,00:16,00:16,2026-03-29,,,weekend,2026-03-29,2026-03-16,,03-29-26_NHL-WB-Sched_v2.pdf,metro_north_waterbury_branch_effective_2026-03-29_updated_2026-03-16.pdf,3,From Grand Central
Metro-North,Waterbury Branch,New Haven Line - Waterbury Branch,6918,From Grand Central,SEY,Seymour,8,00:23,00:23,2026-03-29,,,weekend,2026-03-29,2026-03-16,,03-29-26_NHL-WB-Sched_v2.pdf,metro_north_waterbury_branch_effective_2026-03-29_updated_2026-03-16.pdf,3,From Grand Central
Metro-North,Waterbury Branch,New Haven Line - Waterbury Branch,6918,From Grand Central,BCF,Beacon Falls,9,00:29,00:29,2026-03-29,,,weekend,2026-03-29,2026-03-16,,03-29-26_NHL-WB-Sched_v2.pdf,metro_north_waterbury_branch_effective_2026-03-29_updated_2026-03-16.pdf,3,From Grand Central
Metro-North,Waterbury Branch,New Haven Line - Waterbury Branch,6918,From Grand Central,NAU,Naugatuck,10,00:36,00:36,2026-03-29,,,weekend,2026-03-29,2026-03-16,,03-29-26_NHL-WB-Sched_v2.pdf,metro_north_waterbury_branch_effective_2026-03-29_updated_2026-03-16.pdf,3,From Grand Central
Metro-North,Waterbury Branch,New Haven Line - Waterbury Branch,6918,From Grand Central,WBY,Waterbury,11,00:48,00:48,2026-03-29,,,weekend,2026-03-29,2026-03-16,,03-29-26_NHL-WB-Sched_v2.pdf,metro_north_waterbury_branch_effective_2026-03-29_updated_2026-03-16.pdf,3,From Grand Central
Metro-North,Waterbury Branch,New Haven Line - Waterbury Branch,6925,To Grand Central,WBY,Waterbury,1,10:03,10:03,2026-03-29,,,weekend,2026-03-29,2026-03-16,,03-29-26_NHL-WB-Sched_v2.pdf,metro_north_waterbury_branch_effective_2026-03-29_updated_2026-03-16.pdf,3,To Grand Central
Metro-North,Waterbury Branch,New Haven Line - Waterbury Branch,6925,To Grand Central,NAU,Naugatuck,2,10:12,10:12,2026-03-29,,,weekend,2026-03-29,2026-03-16,,03-29-26_NHL-WB-Sched_v2.pdf,metro_north_waterbury_branch_effective_2026-03-29_updated_2026-03-16.pdf,3,To Grand Central
Metro-North,Waterbury Branch,New Haven Line - Waterbury Branch,6925,To Grand Central,BCF,Beacon Falls,3,10:19,10:19,2026-03-29,,,weekend,2026-03-29,2026-03-16,,03-29-26_NHL-WB-Sched_v2.pdf,metro_north_waterbury_branch_effective_2026-03-29_updated_2026-03-16.pdf,3,To Grand Central
Metro-North,Waterbury Branch,New Haven Line - Waterbury Branch,6925,To Grand Central,SEY,Seymour,4,10:24,10:24,2026-03-29,,,weekend,2026-03-29,2026-03-16,,03-29-26_NHL-WB-Sched_v2.pdf,metro_north_waterbury_branch_effective_2026-03-29_updated_2026-03-16.pdf,3,To Grand Central
Metro-North,Waterbury Branch,New Haven Line - Waterbury Branch,6925,To Grand Central,ANS,Ansonia,5,10:31,10:31,2026-03-29,,,weekend,2026-03-29,2026-03-16,,03-29-26_NHL-WB-Sched_v2.pdf,metro_north_waterbury_branch_effective_2026-03-29_updated_2026-03-16.pdf,3,To Grand Central
Metro-North,Waterbury Branch,New Haven Line - Waterbury Branch,6925,To Grand Central,DBY,Derby-Shelton,6,10:35,10:35,2026-03-29,,,weekend,2026-03-29,2026-03-16,,03-29-26_NHL-WB-Sched_v2.pdf,metro_north_waterbury_branch_effective_2026-03-29_updated_2026-03-16.pdf,3,To Grand Central
Metro-North,Waterbury Branch,New Haven Line - Waterbury Branch,6925,To Grand Central,BRP,Bridgeport,7,11:00,,2026-03-29,,,weekend,2026-03-29,2026-03-16,,03-29-26_NHL-WB-Sched_v2.pdf,metro_north_waterbury_branch_effective_2026-03-29_updated_2026-03-16.pdf,3,To Grand Central
Metro-North,Waterbury Branch,New Haven Line - Waterbury Branch,6925,To Grand Central,BRP,Bridgeport,8,,11:05,2026-03-29,,,weekend,2026-03-29,2026-03-16,,03-29-26_NHL-WB-Sched_v2.pdf,metro_north_waterbury_branch_effective_2026-03-29_updated_2026-03-16.pdf,3,To Grand Central
Metro-North,Waterbury Branch,New Haven Line - Waterbury Branch,6925,To Grand Central,SONO,South Norwalk,9,11:33,11:33,2026-03-29,,,weekend,2026-03-29,2026-03-16,,03-29-26_NHL-WB-Sched_v2.pdf,metro_north_waterbury_branch_effective_2026-03-29_updated_2026-03-16.pdf,3,To Grand Central
Metro-North,Waterbury Branch,New Haven Line - Waterbury Branch,6925,To Grand Central,STM,Stamford,10,11:51,11:51,2026-03-29,,,weekend,2026-03-29,2026-03-16,,03-29-26_NHL-WB-Sched_v2.pdf,metro_north_waterbury_branch_effective_2026-03-29_updated_2026-03-16.pdf,3,To Grand Central
Metro-North,Waterbury Branch,New Haven Line - Waterbury Branch,6925,To Grand Central,GCT,Grand Central,11,00:46,00:46,2026-03-29,,,weekend,2026-03-29,2026-03-16,,03-29-26_NHL-WB-Sched_v2.pdf,metro_north_waterbury_branch_effective_2026-03-29_updated_2026-03-16.pdf,3,To Grand Central
Metro-North,Waterbury Branch,New Haven Line - Waterbury Branch,6930,From Grand Central,GCT,Grand Central,1,13:02,13:02,2026-03-29,,,weekend,2026-03-29,2026-03-16,,03-29-26_NHL-WB-Sched_v2.pdf,metro_north_waterbury_branch_effective_2026-03-29_updated_2026-03-16.pdf,3,From Grand Central
Metro-North,Waterbury Branch,New Haven Line - Waterbury Branch,6930,From Grand Central,STM,Stamford,2,13:54,13:54,2026-03-29,,,weekend,2026-03-29,2026-03-16,,03-29-26_NHL-WB-Sched_v2.pdf,metro_north_waterbury_branch_effective_2026-03-29_updated_2026-03-16.pdf,3,From Grand Central
Metro-North,Waterbury Branch,New Haven Line - Waterbury Branch,6930,From Grand Central,SONO,South Norwalk,3,14:11,14:11,2026-03-29,,,weekend,2026-03-29,2026-03-16,,03-29-26_NHL-WB-Sched_v2.pdf,metro_north_waterbury_branch_effective_2026-03-29_updated_2026-03-16.pdf,3,From Grand Central
Metro-North,Waterbury Branch,New Haven Line - Waterbury Branch,6930,From Grand Central,BRP,Bridgeport,4,,14:48,2026-03-29,,,weekend,2026-03-29,2026-03-16,,03-29-26_NHL-WB-Sched_v2.pdf,metro_north_waterbury_branch_effective_2026-03-29_updated_2026-03-16.pdf,3,From Grand Central
Metro-North,Waterbury Branch,New Haven Line - Waterbury Branch,6930,From Grand Central,BRP,Bridgeport,5,14:40,,2026-03-29,,,weekend,2026-03-29,2026-03-16,,03-29-26_NHL-WB-Sched_v2.pdf,metro_north_waterbury_branch_effective_2026-03-29_updated_2026-03-16.pdf,3,From Grand Central
Metro-North,Waterbury Branch,New Haven Line - Waterbury Branch,6930,From Grand Central,DBY,Derby-Shelton,6,15:12,15:12,2026-03-29,,,weekend,2026-03-29,2026-03-16,,03-29-26_NHL-WB-Sched_v2.pdf,metro_north_waterbury_branch_effective_2026-03-29_updated_2026-03-16.pdf,3,From Grand Central
Metro-North,Waterbury Branch,New Haven Line - Waterbury Branch,6930,From Grand Central,ANS,Ansonia,7,15:16,15:16,2026-03-29,,,weekend,2026-03-29,2026-03-16,,03-29-26_NHL-WB-Sched_v2.pdf,metro_north_waterbury_branch_effective_2026-03-29_updated_2026-03-16.pdf,3,From Grand Central
Metro-North,Waterbury Branch,New Haven Line - Waterbury Branch,6930,From Grand Central,SEY,Seymour,8,15:23,15:23,2026-03-29,,,weekend,2026-03-29,2026-03-16,,03-29-26_NHL-WB-Sched_v2.pdf,metro_north_waterbury_branch_effective_2026-03-29_updated_2026-03-16.pdf,3,From Grand Central
Metro-North,Waterbury Branch,New Haven Line - Waterbury Branch,6930,From Grand Central,BCF,Beacon Falls,9,15:29,15:29,2026-03-29,,,weekend,2026-03-29,2026-03-16,,03-29-26_NHL-WB-Sched_v2.pdf,metro_north_waterbury_branch_effective_2026-03-29_updated_2026-03-16.pdf,3,From Grand Central
Metro-North,Waterbury Branch,New Haven Line - Waterbury Branch,6930,From Grand Central,NAU,Naugatuck,10,15:36,15:36,2026-03-29,,,weekend,2026-03-29,2026-03-16,,03-29-26_NHL-WB-Sched_v2.pdf,metro_north_waterbury_branch_effective_2026-03-29_updated_2026-03-16.pdf,3,From Grand Central
Metro-North,Waterbury Branch,New Haven Line - Waterbury Branch,6930,From Grand Central,WBY,Waterbury,11,15:48,15:48,2026-03-29,,,weekend,2026-03-29,2026-03-16,,03-29-26_NHL-WB-Sched_v2.pdf,metro_north_waterbury_branch_effective_2026-03-29_updated_2026-03-16.pdf,3,From Grand Central
Metro-North,Waterbury Branch,New Haven Line - Waterbury Branch,6937,To Grand Central,WBY,Waterbury,1,13:03,13:03,2026-03-29,,,weekend,2026-03-29,2026-03-16,,03-29-26_NHL-WB-Sched_v2.pdf,metro_north_waterbury_branch_effective_2026-03-29_updated_2026-03-16.pdf,3,To Grand Central
Metro-North,Waterbury Branch,New Haven Line - Waterbury Branch,6937,To Grand Central,NAU,Naugatuck,2,13:12,13:12,2026-03-29,,,weekend,2026-03-29,2026-03-16,,03-29-26_NHL-WB-Sched_v2.pdf,metro_north_waterbury_branch_effective_2026-03-29_updated_2026-03-16.pdf,3,To Grand Central
Metro-North,Waterbury Branch,New Haven Line - Waterbury Branch,6937,To Grand Central,BCF,Beacon Falls,3,13:19,13:19,2026-03-29,,,weekend,2026-03-29,2026-03-16,,03-29-26_NHL-WB-Sched_v2.pdf,metro_north_waterbury_branch_effective_2026-03-29_updated_2026-03-16.pdf,3,To Grand Central
Metro-North,Waterbury Branch,New Haven Line - Waterbury Branch,6937,To Grand Central,SEY,Seymour,4,13:24,13:24,2026-03-29,,,weekend,2026-03-29,2026-03-16,,03-29-26_NHL-WB-Sched_v2.pdf,metro_north_waterbury_branch_effective_2026-03-29_updated_2026-03-16.pdf,3,To Grand Central
Metro-North,Waterbury Branch,New Haven Line - Waterbury Branch,6937,To Grand Central,ANS,Ansonia,5,13:31,13:31,2026-03-29,,,weekend,2026-03-29,2026-03-16,,03-29-26_NHL-WB-Sched_v2.pdf,metro_north_waterbury_branch_effective_2026-03-29_updated_2026-03-16.pdf,3,To Grand Central
Metro-North,Waterbury Branch,New Haven Line - Waterbury Branch,6937,To Grand Central,DBY,Derby-Shelton,6,13:35,13:35,2026-03-29,,,weekend,2026-03-29,2026-03-16,,03-29-26_NHL-WB-Sched_v2.pdf,metro_north_waterbury_branch_effective_2026-03-29_updated_2026-03-16.pdf,3,To Grand Central
Metro-North,Waterbury Branch,New Haven Line - Waterbury Branch,6937,To Grand Central,BRP,Bridgeport,7,14:00,,2026-03-29,,,weekend,2026-03-29,2026-03-16,,03-29-26_NHL-WB-Sched_v2.pdf,metro_north_waterbury_branch_effective_2026-03-29_updated_2026-03-16.pdf,3,To Grand Central
Metro-North,Waterbury Branch,New Haven Line - Waterbury Branch,6937,To Grand Central,BRP,Bridgeport,8,,14:05,2026-03-29,,,weekend,2026-03-29,2026-03-16,,03-29-26_NHL-WB-Sched_v2.pdf,metro_north_waterbury_branch_effective_2026-03-29_updated_2026-03-16.pdf,3,To Grand Central
Metro-North,Waterbury Branch,New Haven Line - Waterbury Branch,6937,To Grand Central,SONO,South Norwalk,9,14:33,14:33,2026-03-29,,,weekend,2026-03-29,2026-03-16,,03-29-26_NHL-WB-Sched_v2.pdf,metro_north_waterbury_branch_effective_2026-03-29_updated_2026-03-16.pdf,3,To Grand Central
Metro-North,Waterbury Branch,New Haven Line - Waterbury Branch,6937,To Grand Central,STM,Stamford,10,14:51,14:51,2026-03-29,,,weekend,2026-03-29,2026-03-16,,03-29-26_NHL-WB-Sched_v2.pdf,metro_north_waterbury_branch_effective_2026-03-29_updated_2026-03-16.pdf,3,To Grand Central
Metro-North,Waterbury Branch,New Haven Line - Waterbury Branch,6937,To Grand Central,GCT,Grand Central,11,15:46,15:46,2026-03-29,,,weekend,2026-03-29,2026-03-16,,03-29-26_NHL-WB-Sched_v2.pdf,metro_north_waterbury_branch_effective_2026-03-29_updated_2026-03-16.pdf,3,To Grand Central
Metro-North,Waterbury Branch,New Haven Line - Waterbury Branch,6942,From Grand Central,GCT,Grand Central,1,16:02,16:02,2026-03-29,,,weekend,2026-03-29,2026-03-16,,03-29-26_NHL-WB-Sched_v2.pdf,metro_north_waterbury_branch_effective_2026-03-29_updated_2026-03-16.pdf,3,From Grand Central
Metro-North,Waterbury Branch,New Haven Line - Waterbury Branch,6942,From Grand Central,STM,Stamford,2,16:54,16:54,2026-03-29,,,weekend,2026-03-29,2026-03-16,,03-29-26_NHL-WB-Sched_v2.pdf,metro_north_waterbury_branch_effective_2026-03-29_updated_2026-03-16.pdf,3,From Grand Central
Metro-North,Waterbury Branch,New Haven Line - Waterbury Branch,6942,From Grand Central,SONO,South Norwalk,3,17:11,17:11,2026-03-29,,,weekend,2026-03-29,2026-03-16,,03-29-26_NHL-WB-Sched_v2.pdf,metro_north_waterbury_branch_effective_2026-03-29_updated_2026-03-16.pdf,3,From Grand Central
Metro-North,Waterbury Branch,New Haven Line - Waterbury Branch,6942,From Grand Central,BRP,Bridgeport,4,,17:48,2026-03-29,,,weekend,2026-03-29,2026-03-16,,03-29-26_NHL-WB-Sched_v2.pdf,metro_north_waterbury_branch_effective_2026-03-29_updated_2026-03-16.pdf,3,From Grand Central
Metro-North,Waterbury Branch,New Haven Line - Waterbury Branch,6942,From Grand Central,BRP,Bridgeport,5,17:40,,2026-03-29,,,weekend,2026-03-29,2026-03-16,,03-29-26_NHL-WB-Sched_v2.pdf,metro_north_waterbury_branch_effective_2026-03-29_updated_2026-03-16.pdf,3,From Grand Central
Metro-North,Waterbury Branch,New Haven Line - Waterbury Branch,6942,From Grand Central,DBY,Derby-Shelton,6,18:12,18:12,2026-03-29,,,weekend,2026-03-29,2026-03-16,,03-29-26_NHL-WB-Sched_v2.pdf,metro_north_waterbury_branch_effective_2026-03-29_updated_2026-03-16.pdf,3,From Grand Central
Metro-North,Waterbury Branch,New Haven Line - Waterbury Branch,6942,From Grand Central,ANS,Ansonia,7,18:16,18:16,2026-03-29,,,weekend,2026-03-29,2026-03-16,,03-29-26_NHL-WB-Sched_v2.pdf,metro_north_waterbury_branch_effective_2026-03-29_updated_2026-03-16.pdf,3,From Grand Central
Metro-North,Waterbury Branch,New Haven Line - Waterbury Branch,6942,From Grand Central,SEY,Seymour,8,18:23,18:23,2026-03-29,,,weekend,2026-03-29,2026-03-16,,03-29-26_NHL-WB-Sched_v2.pdf,metro_north_waterbury_branch_effective_2026-03-29_updated_2026-03-16.pdf,3,From Grand Central
Metro-North,Waterbury Branch,New Haven Line - Waterbury Branch,6942,From Grand Central,BCF,Beacon Falls,9,18:29,18:29,2026-03-29,,,weekend,2026-03-29,2026-03-16,,03-29-26_NHL-WB-Sched_v2.pdf,metro_north_waterbury_branch_effective_2026-03-29_updated_2026-03-16.pdf,3,From Grand Central
Metro-North,Waterbury Branch,New Haven Line - Waterbury Branch,6942,From Grand Central,NAU,Naugatuck,10,18:36,18:36,2026-03-29,,,weekend,2026-03-29,2026-03-16,,03-29-26_NHL-WB-Sched_v2.pdf,metro_north_waterbury_branch_effective_2026-03-29_updated_2026-03-16.pdf,3,From Grand Central
Metro-North,Waterbury Branch,New Haven Line - Waterbury Branch,6942,From Grand Central,WBY,Waterbury,11,18:48,18:48,2026-03-29,,,weekend,2026-03-29,2026-03-16,,03-29-26_NHL-WB-Sched_v2.pdf,metro_north_waterbury_branch_effective_2026-03-29_updated_2026-03-16.pdf,3,From Grand Central
Metro-North,Waterbury Branch,New Haven Line - Waterbury Branch,6949,To Grand Central,WBY,Waterbury,1,16:03,16:03,2026-03-29,,,weekend,2026-03-29,2026-03-16,,03-29-26_NHL-WB-Sched_v2.pdf,metro_north_waterbury_branch_effective_2026-03-29_updated_2026-03-16.pdf,3,To Grand Central
Metro-North,Waterbury Branch,New Haven Line - Waterbury Branch,6949,To Grand Central,NAU,Naugatuck,2,16:12,16:12,2026-03-29,,,weekend,2026-03-29,2026-03-16,,03-29-26_NHL-WB-Sched_v2.pdf,metro_north_waterbury_branch_effective_2026-03-29_updated_2026-03-16.pdf,3,To Grand Central
Metro-North,Waterbury Branch,New Haven Line - Waterbury Branch,6949,To Grand Central,BCF,Beacon Falls,3,16:19,16:19,2026-03-29,,,weekend,2026-03-29,2026-03-16,,03-29-26_NHL-WB-Sched_v2.pdf,metro_north_waterbury_branch_effective_2026-03-29_updated_2026-03-16.pdf,3,To Grand Central
Metro-North,Waterbury Branch,New Haven Line - Waterbury Branch,6949,To Grand Central,SEY,Seymour,4,16:24,16:24,2026-03-29,,,weekend,2026-03-29,2026-03-16,,03-29-26_NHL-WB-Sched_v2.pdf,metro_north_waterbury_branch_effective_2026-03-29_updated_2026-03-16.pdf,3,To Grand Central
Metro-North,Waterbury Branch,New Haven Line - Waterbury Branch,6949,To Grand Central,ANS,Ansonia,5,16:31,16:31,2026-03-29,,,weekend,2026-03-29,2026-03-16,,03-29-26_NHL-WB-Sched_v2.pdf,metro_north_waterbury_branch_effective_2026-03-29_updated_2026-03-16.pdf,3,To Grand Central
Metro-North,Waterbury Branch,New Haven Line - Waterbury Branch,6949,To Grand Central,DBY,Derby-Shelton,6,16:35,16:35,2026-03-29,,,weekend,2026-03-29,2026-03-16,,03-29-26_NHL-WB-Sched_v2.pdf,metro_north_waterbury_branch_effective_2026-03-29_updated_2026-03-16.pdf,3,To Grand Central
Metro-North,Waterbury Branch,New Haven Line - Waterbury Branch,6949,To Grand Central,BRP,Bridgeport,7,17:00,,2026-03-29,,,weekend,2026-03-29,2026-03-16,,03-29-26_NHL-WB-Sched_v2.pdf,metro_north_waterbury_branch_effective_2026-03-29_updated_2026-03-16.pdf,3,To Grand Central
Metro-North,Waterbury Branch,New Haven Line - Waterbury Branch,6949,To Grand Central,BRP,Bridgeport,8,,17:05,2026-03-29,,,weekend,2026-03-29,2026-03-16,,03-29-26_NHL-WB-Sched_v2.pdf,metro_north_waterbury_branch_effective_2026-03-29_updated_2026-03-16.pdf,3,To Grand Central
Metro-North,Waterbury Branch,New Haven Line - Waterbury Branch,6949,To Grand Central,SONO,South Norwalk,9,17:33,17:33,2026-03-29,,,weekend,2026-03-29,2026-03-16,,03-29-26_NHL-WB-Sched_v2.pdf,metro_north_waterbury_branch_effective_2026-03-29_updated_2026-03-16.pdf,3,To Grand Central
Metro-North,Waterbury Branch,New Haven Line - Waterbury Branch,6949,To Grand Central,STM,Stamford,10,17:51,17:51,2026-03-29,,,weekend,2026-03-29,2026-03-16,,03-29-26_NHL-WB-Sched_v2.pdf,metro_north_waterbury_branch_effective_2026-03-29_updated_2026-03-16.pdf,3,To Grand Central
Metro-North,Waterbury Branch,New Haven Line - Waterbury Branch,6949,To Grand Central,GCT,Grand Central,11,18:47,18:47,2026-03-29,,,weekend,2026-03-29,2026-03-16,,03-29-26_NHL-WB-Sched_v2.pdf,metro_north_waterbury_branch_effective_2026-03-29_updated_2026-03-16.pdf,3,To Grand Central
Metro-North,Waterbury Branch,New Haven Line - Waterbury Branch,6954,From Grand Central,GCT,Grand Central,1,19:02,19:02,2026-03-29,,,weekend,2026-03-29,2026-03-16,,03-29-26_NHL-WB-Sched_v2.pdf,metro_north_waterbury_branch_effective_2026-03-29_updated_2026-03-16.pdf,3,From Grand Central
Metro-North,Waterbury Branch,New Haven Line - Waterbury Branch,6954,From Grand Central,STM,Stamford,2,19:54,19:54,2026-03-29,,,weekend,2026-03-29,2026-03-16,,03-29-26_NHL-WB-Sched_v2.pdf,metro_north_waterbury_branch_effective_2026-03-29_updated_2026-03-16.pdf,3,From Grand Central
Metro-North,Waterbury Branch,New Haven Line - Waterbury Branch,6954,From Grand Central,SONO,South Norwalk,3,20:11,20:11,2026-03-29,,,weekend,2026-03-29,2026-03-16,,03-29-26_NHL-WB-Sched_v2.pdf,metro_north_waterbury_branch_effective_2026-03-29_updated_2026-03-16.pdf,3,From Grand Central
Metro-North,Waterbury Branch,New Haven Line - Waterbury Branch,6954,From Grand Central,BRP,Bridgeport,4,,20:48,2026-03-29,,,weekend,2026-03-29,2026-03-16,,03-29-26_NHL-WB-Sched_v2.pdf,metro_north_waterbury_branch_effective_2026-03-29_updated_2026-03-16.pdf,3,From Grand Central
Metro-North,Waterbury Branch,New Haven Line - Waterbury Branch,6954,From Grand Central,BRP,Bridgeport,5,20:40,,2026-03-29,,,weekend,2026-03-29,2026-03-16,,03-29-26_NHL-WB-Sched_v2.pdf,metro_north_waterbury_branch_effective_2026-03-29_updated_2026-03-16.pdf,3,From Grand Central
Metro-North,Waterbury Branch,New Haven Line - Waterbury Branch,6954,From Grand Central,DBY,Derby-Shelton,6,21:12,21:12,2026-03-29,,,weekend,2026-03-29,2026-03-16,,03-29-26_NHL-WB-Sched_v2.pdf,metro_north_waterbury_branch_effective_2026-03-29_updated_2026-03-16.pdf,3,From Grand Central
Metro-North,Waterbury Branch,New Haven Line - Waterbury Branch,6954,From Grand Central,ANS,Ansonia,7,21:16,21:16,2026-03-29,,,weekend,2026-03-29,2026-03-16,,03-29-26_NHL-WB-Sched_v2.pdf,metro_north_waterbury_branch_effective_2026-03-29_updated_2026-03-16.pdf,3,From Grand Central
Metro-North,Waterbury Branch,New Haven Line - Waterbury Branch,6954,From Grand Central,SEY,Seymour,8,21:23,21:23,2026-03-29,,,weekend,2026-03-29,2026-03-16,,03-29-26_NHL-WB-Sched_v2.pdf,metro_north_waterbury_branch_effective_2026-03-29_updated_2026-03-16.pdf,3,From Grand Central
Metro-North,Waterbury Branch,New Haven Line - Waterbury Branch,6954,From Grand Central,BCF,Beacon Falls,9,21:29,21:29,2026-03-29,,,weekend,2026-03-29,2026-03-16,,03-29-26_NHL-WB-Sched_v2.pdf,metro_north_waterbury_branch_effective_2026-03-29_updated_2026-03-16.pdf,3,From Grand Central
Metro-North,Waterbury Branch,New Haven Line - Waterbury Branch,6954,From Grand Central,NAU,Naugatuck,10,21:36,21:36,2026-03-29,,,weekend,2026-03-29,2026-03-16,,03-29-26_NHL-WB-Sched_v2.pdf,metro_north_waterbury_branch_effective_2026-03-29_updated_2026-03-16.pdf,3,From Grand Central
Metro-North,Waterbury Branch,New Haven Line - Waterbury Branch,6954,From Grand Central,WBY,Waterbury,11,21:48,21:48,2026-03-29,,,weekend,2026-03-29,2026-03-16,,03-29-26_NHL-WB-Sched_v2.pdf,metro_north_waterbury_branch_effective_2026-03-29_updated_2026-03-16.pdf,3,From Grand Central
Metro-North,Waterbury Branch,New Haven Line - Waterbury Branch,6961,To Grand Central,WBY,Waterbury,1,19:03,19:03,2026-03-29,,,weekend,2026-03-29,2026-03-16,,03-29-26_NHL-WB-Sched_v2.pdf,metro_north_waterbury_branch_effective_2026-03-29_updated_2026-03-16.pdf,3,To Grand Central
Metro-North,Waterbury Branch,New Haven Line - Waterbury Branch,6961,To Grand Central,NAU,Naugatuck,2,19:12,19:12,2026-03-29,,,weekend,2026-03-29,2026-03-16,,03-29-26_NHL-WB-Sched_v2.pdf,metro_north_waterbury_branch_effective_2026-03-29_updated_2026-03-16.pdf,3,To Grand Central
Metro-North,Waterbury Branch,New Haven Line - Waterbury Branch,6961,To Grand Central,BCF,Beacon Falls,3,19:19,19:19,2026-03-29,,,weekend,2026-03-29,2026-03-16,,03-29-26_NHL-WB-Sched_v2.pdf,metro_north_waterbury_branch_effective_2026-03-29_updated_2026-03-16.pdf,3,To Grand Central
Metro-North,Waterbury Branch,New Haven Line - Waterbury Branch,6961,To Grand Central,SEY,Seymour,4,19:24,19:24,2026-03-29,,,weekend,2026-03-29,2026-03-16,,03-29-26_NHL-WB-Sched_v2.pdf,metro_north_waterbury_branch_effective_2026-03-29_updated_2026-03-16.pdf,3,To Grand Central
Metro-North,Waterbury Branch,New Haven Line - Waterbury Branch,6961,To Grand Central,ANS,Ansonia,5,19:31,19:31,2026-03-29,,,weekend,2026-03-29,2026-03-16,,03-29-26_NHL-WB-Sched_v2.pdf,metro_north_waterbury_branch_effective_2026-03-29_updated_2026-03-16.pdf,3,To Grand Central
Metro-North,Waterbury Branch,New Haven Line - Waterbury Branch,6961,To Grand Central,DBY,Derby-Shelton,6,19:35,19:35,2026-03-29,,,weekend,2026-03-29,2026-03-16,,03-29-26_NHL-WB-Sched_v2.pdf,metro_north_waterbury_branch_effective_2026-03-29_updated_2026-03-16.pdf,3,To Grand Central
Metro-North,Waterbury Branch,New Haven Line - Waterbury Branch,6961,To Grand Central,BRP,Bridgeport,7,20:00,,2026-03-29,,,weekend,2026-03-29,2026-03-16,,03-29-26_NHL-WB-Sched_v2.pdf,metro_north_waterbury_branch_effective_2026-03-29_updated_2026-03-16.pdf,3,To Grand Central
Metro-North,Waterbury Branch,New Haven Line - Waterbury Branch,6961,To Grand Central,BRP,Bridgeport,8,,20:05,2026-03-29,,,weekend,2026-03-29,2026-03-16,,03-29-26_NHL-WB-Sched_v2.pdf,metro_north_waterbury_branch_effective_2026-03-29_updated_2026-03-16.pdf,3,To Grand Central
Metro-North,Waterbury Branch,New Haven Line - Waterbury Branch,6961,To Grand Central,SONO,South Norwalk,9,20:33,20:33,2026-03-29,,,weekend,2026-03-29,2026-03-16,,03-29-26_NHL-WB-Sched_v2.pdf,metro_north_waterbury_branch_effective_2026-03-29_updated_2026-03-16.pdf,3,To Grand Central
Metro-North,Waterbury Branch,New Haven Line - Waterbury Branch,6961,To Grand Central,STM,Stamford,10,20:51,20:51,2026-03-29,,,weekend,2026-03-29,2026-03-16,,03-29-26_NHL-WB-Sched_v2.pdf,metro_north_waterbury_branch_effective_2026-03-29_updated_2026-03-16.pdf,3,To Grand Central
Metro-North,Waterbury Branch,New Haven Line - Waterbury Branch,6961,To Grand Central,GCT,Grand Central,11,21:46,21:46,2026-03-29,,,weekend,2026-03-29,2026-03-16,,03-29-26_NHL-WB-Sched_v2.pdf,metro_north_waterbury_branch_effective_2026-03-29_updated_2026-03-16.pdf,3,To Grand Central
Metro-North,Waterbury Branch,New Haven Line - Waterbury Branch,6966,From Grand Central,GCT,Grand Central,1,22:06,22:06,2026-03-29,,,weekend,2026-03-29,2026-03-16,,03-29-26_NHL-WB-Sched_v2.pdf,metro_north_waterbury_branch_effective_2026-03-29_updated_2026-03-16.pdf,3,From Grand Central
Metro-North,Waterbury Branch,New Haven Line - Waterbury Branch,6966,From Grand Central,STM,Stamford,2,22:58,22:58,2026-03-29,,,weekend,2026-03-29,2026-03-16,,03-29-26_NHL-WB-Sched_v2.pdf,metro_north_waterbury_branch_effective_2026-03-29_updated_2026-03-16.pdf,3,From Grand Central
Metro-North,Waterbury Branch,New Haven Line - Waterbury Branch,6966,From Grand Central,SONO,South Norwalk,3,23:15,23:15,2026-03-29,,,weekend,2026-03-29,2026-03-16,,03-29-26_NHL-WB-Sched_v2.pdf,metro_north_waterbury_branch_effective_2026-03-29_updated_2026-03-16.pdf,3,From Grand Central
Metro-North,Waterbury Branch,New Haven Line - Waterbury Branch,6966,From Grand Central,BRP,Bridgeport,4,,23:48,2026-03-29,,,weekend,2026-03-29,2026-03-16,,03-29-26_NHL-WB-Sched_v2.pdf,metro_north_waterbury_branch_effective_2026-03-29_updated_2026-03-16.pdf,3,From Grand Central
Metro-North,Waterbury Branch,New Haven Line - Waterbury Branch,6966,From Grand Central,BRP,Bridgeport,5,23:44,,2026-03-29,,,weekend,2026-03-29,2026-03-16,,03-29-26_NHL-WB-Sched_v2.pdf,metro_north_waterbury_branch_effective_2026-03-29_updated_2026-03-16.pdf,3,From Grand Central
Metro-North,Waterbury Branch,New Haven Line - Waterbury Branch,6966,From Grand Central,DBY,Derby-Shelton,6,12:12,12:12,2026-03-29,,,weekend,2026-03-29,2026-03-16,,03-29-26_NHL-WB-Sched_v2.pdf,metro_north_waterbury_branch_effective_2026-03-29_updated_2026-03-16.pdf,3,From Grand Central
Metro-North,Waterbury Branch,New Haven Line - Waterbury Branch,6966,From Grand Central,ANS,Ansonia,7,12:16,12:16,2026-03-29,,,weekend,2026-03-29,2026-03-16,,03-29-26_NHL-WB-Sched_v2.pdf,metro_north_waterbury_branch_effective_2026-03-29_updated_2026-03-16.pdf,3,From Grand Central
Metro-North,Waterbury Branch,New Haven Line - Waterbury Branch,6966,From Grand Central,SEY,Seymour,8,12:23,12:23,2026-03-29,,,weekend,2026-03-29,2026-03-16,,03-29-26_NHL-WB-Sched_v2.pdf,metro_north_waterbury_branch_effective_2026-03-29_updated_2026-03-16.pdf,3,From Grand Central
Metro-North,Waterbury Branch,New Haven Line - Waterbury Branch,6966,From Grand Central,BCF,Beacon Falls,9,12:29,12:29,2026-03-29,,,weekend,2026-03-29,2026-03-16,,03-29-26_NHL-WB-Sched_v2.pdf,metro_north_waterbury_branch_effective_2026-03-29_updated_2026-03-16.pdf,3,From Grand Central
Metro-North,Waterbury Branch,New Haven Line - Waterbury Branch,6966,From Grand Central,NAU,Naugatuck,10,12:36,12:36,2026-03-29,,,weekend,2026-03-29,2026-03-16,,03-29-26_NHL-WB-Sched_v2.pdf,metro_north_waterbury_branch_effective_2026-03-29_updated_2026-03-16.pdf,3,From Grand Central
Metro-North,Waterbury Branch,New Haven Line - Waterbury Branch,6966,From Grand Central,WBY,Waterbury,11,12:48,12:48,2026-03-29,,,weekend,2026-03-29,2026-03-16,,03-29-26_NHL-WB-Sched_v2.pdf,metro_north_waterbury_branch_effective_2026-03-29_updated_2026-03-16.pdf,3,From Grand Central
Metro-North,Waterbury Branch,New Haven Line - Waterbury Branch,6971,To Grand Central,WBY,Waterbury,1,22:03,22:03,2026-03-29,,,weekend,2026-03-29,2026-03-16,,03-29-26_NHL-WB-Sched_v2.pdf,metro_north_waterbury_branch_effective_2026-03-29_updated_2026-03-16.pdf,3,To Grand Central
Metro-North,Waterbury Branch,New Haven Line - Waterbury Branch,6971,To Grand Central,NAU,Naugatuck,2,22:12,22:12,2026-03-29,,,weekend,2026-03-29,2026-03-16,,03-29-26_NHL-WB-Sched_v2.pdf,metro_north_waterbury_branch_effective_2026-03-29_updated_2026-03-16.pdf,3,To Grand Central
Metro-North,Waterbury Branch,New Haven Line - Waterbury Branch,6971,To Grand Central,BCF,Beacon Falls,3,22:19,22:19,2026-03-29,,,weekend,2026-03-29,2026-03-16,,03-29-26_NHL-WB-Sched_v2.pdf,metro_north_waterbury_branch_effective_2026-03-29_updated_2026-03-16.pdf,3,To Grand Central
Metro-North,Waterbury Branch,New Haven Line - Waterbury Branch,6971,To Grand Central,SEY,Seymour,4,22:24,22:24,2026-03-29,,,weekend,2026-03-29,2026-03-16,,03-29-26_NHL-WB-Sched_v2.pdf,metro_north_waterbury_branch_effective_2026-03-29_updated_2026-03-16.pdf,3,To Grand Central
Metro-North,Waterbury Branch,New Haven Line - Waterbury Branch,6971,To Grand Central,ANS,Ansonia,5,22:31,22:31,2026-03-29,,,weekend,2026-03-29,2026-03-16,,03-29-26_NHL-WB-Sched_v2.pdf,metro_north_waterbury_branch_effective_2026-03-29_updated_2026-03-16.pdf,3,To Grand Central
Metro-North,Waterbury Branch,New Haven Line - Waterbury Branch,6971,To Grand Central,DBY,Derby-Shelton,6,22:35,22:35,2026-03-29,,,weekend,2026-03-29,2026-03-16,,03-29-26_NHL-WB-Sched_v2.pdf,metro_north_waterbury_branch_effective_2026-03-29_updated_2026-03-16.pdf,3,To Grand Central
Metro-North,Waterbury Branch,New Haven Line - Waterbury Branch,6971,To Grand Central,BRP,Bridgeport,7,23:00,,2026-03-29,,,weekend,2026-03-29,2026-03-16,,03-29-26_NHL-WB-Sched_v2.pdf,metro_north_waterbury_branch_effective_2026-03-29_updated_2026-03-16.pdf,3,To Grand Central
Metro-North,Waterbury Branch,New Haven Line - Waterbury Branch,6971,To Grand Central,BRP,Bridgeport,8,,23:10,2026-03-29,,,weekend,2026-03-29,2026-03-16,,03-29-26_NHL-WB-Sched_v2.pdf,metro_north_waterbury_branch_effective_2026-03-29_updated_2026-03-16.pdf,3,To Grand Central
Metro-North,Waterbury Branch,New Haven Line - Waterbury Branch,6971,To Grand Central,SONO,South Norwalk,9,23:38,23:38,2026-03-29,,,weekend,2026-03-29,2026-03-16,,03-29-26_NHL-WB-Sched_v2.pdf,metro_north_waterbury_branch_effective_2026-03-29_updated_2026-03-16.pdf,3,To Grand Central
Metro-North,Waterbury Branch,New Haven Line - Waterbury Branch,6971,To Grand Central,STM,Stamford,10,23:56,23:56,2026-03-29,,,weekend,2026-03-29,2026-03-16,,03-29-26_NHL-WB-Sched_v2.pdf,metro_north_waterbury_branch_effective_2026-03-29_updated_2026-03-16.pdf,3,To Grand Central
Metro-North,Waterbury Branch,New Haven Line - Waterbury Branch,6971,To Grand Central,GCT,Grand Central,11,12:52,12:52,2026-03-29,,,weekend,2026-03-29,2026-03-16,,03-29-26_NHL-WB-Sched_v2.pdf,metro_north_waterbury_branch_effective_2026-03-29_updated_2026-03-16.pdf,3,To Grand Central
