agency,service_name,route_name,train_number,direction,station_id,station_name,station_sequence,arrival_time,departure_time,service_start_date,service_end_date,service_dates,service_days,timetable_effective_date,timetable_last_updated_date,timetable_revision_date,source_original_filename,source_pdf,source_page,raw_notes
Metro-North,Danbury Branch,New Haven Line - Danbury Branch,1416,From Grand Central,GCT,Grand Central,1,09:35,09:35,2026-03-29,,,weekday,2026-03-29,2026-03-16,,03-29-26_NHL-DB-Sched_v2.pdf,metro_north_danbury_branch_effective_2026-03-29_updated_2026-03-16.pdf,2,From Grand Central
Metro-North,Danbury Branch,New Haven Line - Danbury Branch,1416,From Grand Central,STM,Stamford,2,,10:28,2026-03-29,,,weekday,2026-03-29,2026-03-16,,03-29-26_NHL-DB-Sched_v2.pdf,metro_north_danbury_branch_effective_2026-03-29_updated_2026-03-16.pdf,2,From Grand Central
Metro-North,Danbury Branch,New Haven Line - Danbury Branch,1416,From Grand Central,SONO,South Norwalk,3,10:40,,2026-03-29,,,weekday,2026-03-29,2026-03-16,,03-29-26_NHL-DB-Sched_v2.pdf,metro_north_danbury_branch_effective_2026-03-29_updated_2026-03-16.pdf,2,From Grand Central
Metro-North,Danbury Branch,New Haven Line - Danbury Branch,1416,From Grand Central,SONO,South Norwalk,4,,10:44,2026-03-29,,,weekday,2026-03-29,2026-03-16,,03-29-26_NHL-DB-Sched_v2.pdf,metro_north_danbury_branch_effective_2026-03-29_updated_2026-03-16.pdf,2,From Grand Central
Metro-North,Danbury Branch,New Haven Line - Danbury Branch,1416,From Grand Central,MRT7,Merritt 7,5,10:55,10:55,2026-03-29,,,weekday,2026-03-29,2026-03-16,,03-29-26_NHL-DB-Sched_v2.pdf,metro_north_danbury_branch_effective_2026-03-29_updated_2026-03-16.pdf,2,From Grand Central
Metro-North,Danbury Branch,New Haven Line - Danbury Branch,1416,From Grand Central,WILTON,Wilton,6,11:01,11:01,2026-03-29,,,weekday,2026-03-29,2026-03-16,,03-29-26_NHL-DB-Sched_v2.pdf,metro_north_danbury_branch_effective_2026-03-29_updated_2026-03-16.pdf,2,From Grand Central
Metro-North,Danbury Branch,New Haven Line - Danbury Branch,1416,From Grand Central,CND,Cannondale,7,11:05,11:05,2026-03-29,,,weekday,2026-03-29,2026-03-16,,03-29-26_NHL-DB-Sched_v2.pdf,metro_north_danbury_branch_effective_2026-03-29_updated_2026-03-16.pdf,2,From Grand Central
Metro-North,Danbury Branch,New Haven Line - Danbury Branch,1416,From Grand Central,BVL,Branchville,8,11:11,11:11,2026-03-29,,,weekday,2026-03-29,2026-03-16,,03-29-26_NHL-DB-Sched_v2.pdf,metro_north_danbury_branch_effective_2026-03-29_updated_2026-03-16.pdf,2,From Grand Central
Metro-North,Danbury Branch,New Haven Line - Danbury Branch,1416,From Grand Central,RDG,Redding,9,11:19,11:19,2026-03-29,,,weekday,2026-03-29,2026-03-16,,03-29-26_NHL-DB-Sched_v2.pdf,metro_north_danbury_branch_effective_2026-03-29_updated_2026-03-16.pdf,2,From Grand Central
Metro-North,Danbury Branch,New Haven Line - Danbury Branch,1416,From Grand Central,BTH,Bethel,10,11:26,11:26,2026-03-29,,,weekday,2026-03-29,2026-03-16,,03-29-26_NHL-DB-Sched_v2.pdf,metro_north_danbury_branch_effective_2026-03-29_updated_2026-03-16.pdf,2,From Grand Central
Metro-North,Danbury Branch,New Haven Line - Danbury Branch,1416,From Grand Central,DAN,Danbury,11,11:37,11:37,2026-03-29,,,weekday,2026-03-29,2026-03-16,,03-29-26_NHL-DB-Sched_v2.pdf,metro_north_danbury_branch_effective_2026-03-29_updated_2026-03-16.pdf,2,From Grand Central
Metro-North,Danbury Branch,New Haven Line - Danbury Branch,1506,From Grand Central,GCT,Grand Central,1,06:16,06:16,2026-03-29,,,weekday,2026-03-29,2026-03-16,,03-29-26_NHL-DB-Sched_v2.pdf,metro_north_danbury_branch_effective_2026-03-29_updated_2026-03-16.pdf,2,Metro-North
Metro-North,Danbury Branch,New Haven Line - Danbury Branch,1506,From Grand Central,STM,Stamford,2,,07:09,2026-03-29,,,weekday,2026-03-29,2026-03-16,,03-29-26_NHL-DB-Sched_v2.pdf,metro_north_danbury_branch_effective_2026-03-29_updated_2026-03-16.pdf,2,From Grand Central
Metro-North,Danbury Branch,New Haven Line - Danbury Branch,1506,From Grand Central,SONO,South Norwalk,3,07:25,,2026-03-29,,,weekday,2026-03-29,2026-03-16,,03-29-26_NHL-DB-Sched_v2.pdf,metro_north_danbury_branch_effective_2026-03-29_updated_2026-03-16.pdf,2,From Grand Central
Metro-North,Danbury Branch,New Haven Line - Danbury Branch,1506,From Grand Central,SONO,South Norwalk,4,,07:32,2026-03-29,,,weekday,2026-03-29,2026-03-16,,03-29-26_NHL-DB-Sched_v2.pdf,metro_north_danbury_branch_effective_2026-03-29_updated_2026-03-16.pdf,2,From Grand Central
Metro-North,Danbury Branch,New Haven Line - Danbury Branch,1506,From Grand Central,MRT7,Merritt 7,5,07:48,07:48,2026-03-29,,,weekday,2026-03-29,2026-03-16,,03-29-26_NHL-DB-Sched_v2.pdf,metro_north_danbury_branch_effective_2026-03-29_updated_2026-03-16.pdf,2,From Grand Central
Metro-North,Danbury Branch,New Haven Line - Danbury Branch,1506,From Grand Central,WILTON,Wilton,6,07:56,07:56,2026-03-29,,,weekday,2026-03-29,2026-03-16,,03-29-26_NHL-DB-Sched_v2.pdf,metro_north_danbury_branch_effective_2026-03-29_updated_2026-03-16.pdf,2,From Grand Central
Metro-North,Danbury Branch,New Haven Line - Danbury Branch,1506,From Grand Central,CND,Cannondale,7,08:02,08:02,2026-03-29,,,weekday,2026-03-29,2026-03-16,,03-29-26_NHL-DB-Sched_v2.pdf,metro_north_danbury_branch_effective_2026-03-29_updated_2026-03-16.pdf,2,From Grand Central
Metro-North,Danbury Branch,New Haven Line - Danbury Branch,1506,From Grand Central,BVL,Branchville,8,08:08,08:08,2026-03-29,,,weekday,2026-03-29,2026-03-16,,03-29-26_NHL-DB-Sched_v2.pdf,metro_north_danbury_branch_effective_2026-03-29_updated_2026-03-16.pdf,2,From Grand Central
Metro-North,Danbury Branch,New Haven Line - Danbury Branch,1506,From Grand Central,RDG,Redding,9,08:20,08:20,2026-03-29,,,weekday,2026-03-29,2026-03-16,,03-29-26_NHL-DB-Sched_v2.pdf,metro_north_danbury_branch_effective_2026-03-29_updated_2026-03-16.pdf,2,From Grand Central
Metro-North,Danbury Branch,New Haven Line - Danbury Branch,1506,From Grand Central,BTH,Bethel,10,08:27,08:27,2026-03-29,,,weekday,2026-03-29,2026-03-16,,03-29-26_NHL-DB-Sched_v2.pdf,metro_north_danbury_branch_effective_2026-03-29_updated_2026-03-16.pdf,2,From Grand Central
Metro-North,Danbury Branch,New Haven Line - Danbury Branch,1506,From Grand Central,DAN,Danbury,11,08:40,08:40,2026-03-29,,,weekday,2026-03-29,2026-03-16,,03-29-26_NHL-DB-Sched_v2.pdf,metro_north_danbury_branch_effective_2026-03-29_updated_2026-03-16.pdf,2,From Grand Central
Metro-North,Danbury Branch,New Haven Line - Danbury Branch,1512,From Grand Central,GCT,Grand Central,1,08:02,08:02,2026-03-29,,,weekday,2026-03-29,2026-03-16,,03-29-26_NHL-DB-Sched_v2.pdf,metro_north_danbury_branch_effective_2026-03-29_updated_2026-03-16.pdf,2,From Grand Central
Metro-North,Danbury Branch,New Haven Line - Danbury Branch,1512,From Grand Central,STM,Stamford,2,,08:55,2026-03-29,,,weekday,2026-03-29,2026-03-16,,03-29-26_NHL-DB-Sched_v2.pdf,metro_north_danbury_branch_effective_2026-03-29_updated_2026-03-16.pdf,2,From Grand Central
Metro-North,Danbury Branch,New Haven Line - Danbury Branch,1512,From Grand Central,SONO,South Norwalk,3,09:10,,2026-03-29,,,weekday,2026-03-29,2026-03-16,,03-29-26_NHL-DB-Sched_v2.pdf,metro_north_danbury_branch_effective_2026-03-29_updated_2026-03-16.pdf,2,From Grand Central
Metro-North,Danbury Branch,New Haven Line - Danbury Branch,1512,From Grand Central,SONO,South Norwalk,4,,09:16,2026-03-29,,,weekday,2026-03-29,2026-03-16,,03-29-26_NHL-DB-Sched_v2.pdf,metro_north_danbury_branch_effective_2026-03-29_updated_2026-03-16.pdf,2,From Grand Central
Metro-North,Danbury Branch,New Haven Line - Danbury Branch,1512,From Grand Central,MRT7,Merritt 7,5,09:28,09:28,2026-03-29,,,weekday,2026-03-29,2026-03-16,,03-29-26_NHL-DB-Sched_v2.pdf,metro_north_danbury_branch_effective_2026-03-29_updated_2026-03-16.pdf,2,From Grand Central
Metro-North,Danbury Branch,New Haven Line - Danbury Branch,1512,From Grand Central,WILTON,Wilton,6,09:35,09:35,2026-03-29,,,weekday,2026-03-29,2026-03-16,,03-29-26_NHL-DB-Sched_v2.pdf,metro_north_danbury_branch_effective_2026-03-29_updated_2026-03-16.pdf,2,From Grand Central
Metro-North,Danbury Branch,New Haven Line - Danbury Branch,1512,From Grand Central,CND,Cannondale,7,09:40,09:40,2026-03-29,,,weekday,2026-03-29,2026-03-16,,03-29-26_NHL-DB-Sched_v2.pdf,metro_north_danbury_branch_effective_2026-03-29_updated_2026-03-16.pdf,2,From Grand Central
Metro-North,Danbury Branch,New Haven Line - Danbury Branch,1512,From Grand Central,BVL,Branchville,8,09:46,09:46,2026-03-29,,,weekday,2026-03-29,2026-03-16,,03-29-26_NHL-DB-Sched_v2.pdf,metro_north_danbury_branch_effective_2026-03-29_updated_2026-03-16.pdf,2,From Grand Central
Metro-North,Danbury Branch,New Haven Line - Danbury Branch,1512,From Grand Central,RDG,Redding,9,09:54,09:54,2026-03-29,,,weekday,2026-03-29,2026-03-16,,03-29-26_NHL-DB-Sched_v2.pdf,metro_north_danbury_branch_effective_2026-03-29_updated_2026-03-16.pdf,2,From Grand Central
Metro-North,Danbury Branch,New Haven Line - Danbury Branch,1512,From Grand Central,BTH,Bethel,10,10:01,10:01,2026-03-29,,,weekday,2026-03-29,2026-03-16,,03-29-26_NHL-DB-Sched_v2.pdf,metro_north_danbury_branch_effective_2026-03-29_updated_2026-03-16.pdf,2,From Grand Central
Metro-North,Danbury Branch,New Haven Line - Danbury Branch,1512,From Grand Central,DAN,Danbury,11,10:10,10:10,2026-03-29,,,weekday,2026-03-29,2026-03-16,,03-29-26_NHL-DB-Sched_v2.pdf,metro_north_danbury_branch_effective_2026-03-29_updated_2026-03-16.pdf,2,From Grand Central
Metro-North,Danbury Branch,New Haven Line - Danbury Branch,1522,From Grand Central,GCT,Grand Central,1,11:04,11:04,2026-03-29,,,weekday,2026-03-29,2026-03-16,,03-29-26_NHL-DB-Sched_v2.pdf,metro_north_danbury_branch_effective_2026-03-29_updated_2026-03-16.pdf,2,From Grand Central
Metro-North,Danbury Branch,New Haven Line - Danbury Branch,1522,From Grand Central,STM,Stamford,2,,11:55,2026-03-29,,,weekday,2026-03-29,2026-03-16,,03-29-26_NHL-DB-Sched_v2.pdf,metro_north_danbury_branch_effective_2026-03-29_updated_2026-03-16.pdf,2,From Grand Central
Metro-North,Danbury Branch,New Haven Line - Danbury Branch,1522,From Grand Central,SONO,South Norwalk,3,00:11,,2026-03-29,,,weekday,2026-03-29,2026-03-16,,03-29-26_NHL-DB-Sched_v2.pdf,metro_north_danbury_branch_effective_2026-03-29_updated_2026-03-16.pdf,2,From Grand Central
Metro-North,Danbury Branch,New Haven Line - Danbury Branch,1522,From Grand Central,SONO,South Norwalk,4,,00:17,2026-03-29,,,weekday,2026-03-29,2026-03-16,,03-29-26_NHL-DB-Sched_v2.pdf,metro_north_danbury_branch_effective_2026-03-29_updated_2026-03-16.pdf,2,From Grand Central
Metro-North,Danbury Branch,New Haven Line - Danbury Branch,1522,From Grand Central,MRT7,Merritt 7,5,00:27,00:27,2026-03-29,,,weekday,2026-03-29,2026-03-16,,03-29-26_NHL-DB-Sched_v2.pdf,metro_north_danbury_branch_effective_2026-03-29_updated_2026-03-16.pdf,2,From Grand Central
Metro-North,Danbury Branch,New Haven Line - Danbury Branch,1522,From Grand Central,WILTON,Wilton,6,00:33,00:33,2026-03-29,,,weekday,2026-03-29,2026-03-16,,03-29-26_NHL-DB-Sched_v2.pdf,metro_north_danbury_branch_effective_2026-03-29_updated_2026-03-16.pdf,2,From Grand Central
Metro-North,Danbury Branch,New Haven Line - Danbury Branch,1522,From Grand Central,CND,Cannondale,7,00:37,00:37,2026-03-29,,,weekday,2026-03-29,2026-03-16,,03-29-26_NHL-DB-Sched_v2.pdf,metro_north_danbury_branch_effective_2026-03-29_updated_2026-03-16.pdf,2,From Grand Central
Metro-North,Danbury Branch,New Haven Line - Danbury Branch,1522,From Grand Central,BVL,Branchville,8,00:43,00:43,2026-03-29,,,weekday,2026-03-29,2026-03-16,,03-29-26_NHL-DB-Sched_v2.pdf,metro_north_danbury_branch_effective_2026-03-29_updated_2026-03-16.pdf,2,From Grand Central
Metro-North,Danbury Branch,New Haven Line - Danbury Branch,1522,From Grand Central,RDG,Redding,9,00:51,00:51,2026-03-29,,,weekday,2026-03-29,2026-03-16,,03-29-26_NHL-DB-Sched_v2.pdf,metro_north_danbury_branch_effective_2026-03-29_updated_2026-03-16.pdf,2,From Grand Central
Metro-North,Danbury Branch,New Haven Line - Danbury Branch,1522,From Grand Central,BTH,Bethel,10,00:58,00:58,2026-03-29,,,weekday,2026-03-29,2026-03-16,,03-29-26_NHL-DB-Sched_v2.pdf,metro_north_danbury_branch_effective_2026-03-29_updated_2026-03-16.pdf,2,From Grand Central
Metro-North,Danbury Branch,New Haven Line - Danbury Branch,1522,From Grand Central,DAN,Danbury,11,01:09,01:09,2026-03-29,,,weekday,2026-03-29,2026-03-16,,03-29-26_NHL-DB-Sched_v2.pdf,metro_north_danbury_branch_effective_2026-03-29_updated_2026-03-16.pdf,2,From Grand Central
Metro-North,Danbury Branch,New Haven Line - Danbury Branch,1530,From Grand Central,GCT,Grand Central,1,13:04,13:04,2026-03-29,,,weekday,2026-03-29,2026-03-16,,03-29-26_NHL-DB-Sched_v2.pdf,metro_north_danbury_branch_effective_2026-03-29_updated_2026-03-16.pdf,2,From Grand Central
Metro-North,Danbury Branch,New Haven Line - Danbury Branch,1530,From Grand Central,STM,Stamford,2,,13:55,2026-03-29,,,weekday,2026-03-29,2026-03-16,,03-29-26_NHL-DB-Sched_v2.pdf,metro_north_danbury_branch_effective_2026-03-29_updated_2026-03-16.pdf,2,From Grand Central
Metro-North,Danbury Branch,New Haven Line - Danbury Branch,1530,From Grand Central,SONO,South Norwalk,3,14:10,,2026-03-29,,,weekday,2026-03-29,2026-03-16,,03-29-26_NHL-DB-Sched_v2.pdf,metro_north_danbury_branch_effective_2026-03-29_updated_2026-03-16.pdf,2,From Grand Central
Metro-North,Danbury Branch,New Haven Line - Danbury Branch,1530,From Grand Central,SONO,South Norwalk,4,,14:15,2026-03-29,,,weekday,2026-03-29,2026-03-16,,03-29-26_NHL-DB-Sched_v2.pdf,metro_north_danbury_branch_effective_2026-03-29_updated_2026-03-16.pdf,2,From Grand Central
Metro-North,Danbury Branch,New Haven Line - Danbury Branch,1530,From Grand Central,MRT7,Merritt 7,5,14:26,14:26,2026-03-29,,,weekday,2026-03-29,2026-03-16,,03-29-26_NHL-DB-Sched_v2.pdf,metro_north_danbury_branch_effective_2026-03-29_updated_2026-03-16.pdf,2,From Grand Central
Metro-North,Danbury Branch,New Haven Line - Danbury Branch,1530,From Grand Central,WILTON,Wilton,6,14:32,14:32,2026-03-29,,,weekday,2026-03-29,2026-03-16,,03-29-26_NHL-DB-Sched_v2.pdf,metro_north_danbury_branch_effective_2026-03-29_updated_2026-03-16.pdf,2,From Grand Central
Metro-North,Danbury Branch,New Haven Line - Danbury Branch,1530,From Grand Central,CND,Cannondale,7,14:36,14:36,2026-03-29,,,weekday,2026-03-29,2026-03-16,,03-29-26_NHL-DB-Sched_v2.pdf,metro_north_danbury_branch_effective_2026-03-29_updated_2026-03-16.pdf,2,From Grand Central
Metro-North,Danbury Branch,New Haven Line - Danbury Branch,1530,From Grand Central,BVL,Branchville,8,14:42,14:42,2026-03-29,,,weekday,2026-03-29,2026-03-16,,03-29-26_NHL-DB-Sched_v2.pdf,metro_north_danbury_branch_effective_2026-03-29_updated_2026-03-16.pdf,2,From Grand Central
Metro-North,Danbury Branch,New Haven Line - Danbury Branch,1530,From Grand Central,RDG,Redding,9,14:50,14:50,2026-03-29,,,weekday,2026-03-29,2026-03-16,,03-29-26_NHL-DB-Sched_v2.pdf,metro_north_danbury_branch_effective_2026-03-29_updated_2026-03-16.pdf,2,From Grand Central
Metro-North,Danbury Branch,New Haven Line - Danbury Branch,1530,From Grand Central,BTH,Bethel,10,14:57,14:57,2026-03-29,,,weekday,2026-03-29,2026-03-16,,03-29-26_NHL-DB-Sched_v2.pdf,metro_north_danbury_branch_effective_2026-03-29_updated_2026-03-16.pdf,2,From Grand Central
Metro-North,Danbury Branch,New Haven Line - Danbury Branch,1530,From Grand Central,DAN,Danbury,11,15:08,15:08,2026-03-29,,,weekday,2026-03-29,2026-03-16,,03-29-26_NHL-DB-Sched_v2.pdf,metro_north_danbury_branch_effective_2026-03-29_updated_2026-03-16.pdf,2,From Grand Central
Metro-North,Danbury Branch,New Haven Line - Danbury Branch,1538,From Grand Central,GCT,Grand Central,1,15:05,15:05,2026-03-29,,,weekday,2026-03-29,2026-03-16,,03-29-26_NHL-DB-Sched_v2.pdf,metro_north_danbury_branch_effective_2026-03-29_updated_2026-03-16.pdf,2,From Grand Central
Metro-North,Danbury Branch,New Haven Line - Danbury Branch,1538,From Grand Central,STM,Stamford,2,,15:54,2026-03-29,,,weekday,2026-03-29,2026-03-16,,03-29-26_NHL-DB-Sched_v2.pdf,metro_north_danbury_branch_effective_2026-03-29_updated_2026-03-16.pdf,2,From Grand Central
Metro-North,Danbury Branch,New Haven Line - Danbury Branch,1538,From Grand Central,SONO,South Norwalk,3,16:09,,2026-03-29,,,weekday,2026-03-29,2026-03-16,,03-29-26_NHL-DB-Sched_v2.pdf,metro_north_danbury_branch_effective_2026-03-29_updated_2026-03-16.pdf,2,From Grand Central
Metro-North,Danbury Branch,New Haven Line - Danbury Branch,1538,From Grand Central,SONO,South Norwalk,4,,16:15,2026-03-29,,,weekday,2026-03-29,2026-03-16,,03-29-26_NHL-DB-Sched_v2.pdf,metro_north_danbury_branch_effective_2026-03-29_updated_2026-03-16.pdf,2,From Grand Central
Metro-North,Danbury Branch,New Haven Line - Danbury Branch,1538,From Grand Central,MRT7,Merritt 7,5,16:25,16:25,2026-03-29,,,weekday,2026-03-29,2026-03-16,,03-29-26_NHL-DB-Sched_v2.pdf,metro_north_danbury_branch_effective_2026-03-29_updated_2026-03-16.pdf,2,From Grand Central
Metro-North,Danbury Branch,New Haven Line - Danbury Branch,1538,From Grand Central,WILTON,Wilton,6,16:31,16:31,2026-03-29,,,weekday,2026-03-29,2026-03-16,,03-29-26_NHL-DB-Sched_v2.pdf,metro_north_danbury_branch_effective_2026-03-29_updated_2026-03-16.pdf,2,From Grand Central
Metro-North,Danbury Branch,New Haven Line - Danbury Branch,1538,From Grand Central,CND,Cannondale,7,16:35,16:35,2026-03-29,,,weekday,2026-03-29,2026-03-16,,03-29-26_NHL-DB-Sched_v2.pdf,metro_north_danbury_branch_effective_2026-03-29_updated_2026-03-16.pdf,2,From Grand Central
Metro-North,Danbury Branch,New Haven Line - Danbury Branch,1538,From Grand Central,BVL,Branchville,8,16:41,16:41,2026-03-29,,,weekday,2026-03-29,2026-03-16,,03-29-26_NHL-DB-Sched_v2.pdf,metro_north_danbury_branch_effective_2026-03-29_updated_2026-03-16.pdf,2,From Grand Central
Metro-North,Danbury Branch,New Haven Line - Danbury Branch,1538,From Grand Central,RDG,Redding,9,16:49,16:49,2026-03-29,,,weekday,2026-03-29,2026-03-16,,03-29-26_NHL-DB-Sched_v2.pdf,metro_north_danbury_branch_effective_2026-03-29_updated_2026-03-16.pdf,2,From Grand Central
Metro-North,Danbury Branch,New Haven Line - Danbury Branch,1538,From Grand Central,BTH,Bethel,10,16:56,16:56,2026-03-29,,,weekday,2026-03-29,2026-03-16,,03-29-26_NHL-DB-Sched_v2.pdf,metro_north_danbury_branch_effective_2026-03-29_updated_2026-03-16.pdf,2,From Grand Central
Metro-North,Danbury Branch,New Haven Line - Danbury Branch,1538,From Grand Central,DAN,Danbury,11,17:07,17:07,2026-03-29,,,weekday,2026-03-29,2026-03-16,,03-29-26_NHL-DB-Sched_v2.pdf,metro_north_danbury_branch_effective_2026-03-29_updated_2026-03-16.pdf,2,From Grand Central
Metro-North,Danbury Branch,New Haven Line - Danbury Branch,1544,From Grand Central,GCT,Grand Central,1,16:13,16:13,2026-03-29,,,weekday,2026-03-29,2026-03-16,,03-29-26_NHL-DB-Sched_v2.pdf,metro_north_danbury_branch_effective_2026-03-29_updated_2026-03-16.pdf,2,From Grand Central
Metro-North,Danbury Branch,New Haven Line - Danbury Branch,1544,From Grand Central,STM,Stamford,2,17:12,17:12,2026-03-29,,,weekday,2026-03-29,2026-03-16,,03-29-26_NHL-DB-Sched_v2.pdf,metro_north_danbury_branch_effective_2026-03-29_updated_2026-03-16.pdf,2,From Grand Central
Metro-North,Danbury Branch,New Haven Line - Danbury Branch,1544,From Grand Central,STM,Stamford,3,,17:18,2026-03-29,,,weekday,2026-03-29,2026-03-16,,03-29-26_NHL-DB-Sched_v2.pdf,metro_north_danbury_branch_effective_2026-03-29_updated_2026-03-16.pdf,2,From Grand Central
Metro-North,Danbury Branch,New Haven Line - Danbury Branch,1544,From Grand Central,STM,Stamford,4,17:12,,2026-03-29,,,weekday,2026-03-29,2026-03-16,,03-29-26_NHL-DB-Sched_v2.pdf,metro_north_danbury_branch_effective_2026-03-29_updated_2026-03-16.pdf,2,From Grand Central
Metro-North,Danbury Branch,New Haven Line - Danbury Branch,1544,From Grand Central,SONO,South Norwalk,5,,17:30,2026-03-29,,,weekday,2026-03-29,2026-03-16,,03-29-26_NHL-DB-Sched_v2.pdf,metro_north_danbury_branch_effective_2026-03-29_updated_2026-03-16.pdf,2,From Grand Central
Metro-North,Danbury Branch,New Haven Line - Danbury Branch,1544,From Grand Central,MRT7,Merritt 7,6,17:41,17:41,2026-03-29,,,weekday,2026-03-29,2026-03-16,,03-29-26_NHL-DB-Sched_v2.pdf,metro_north_danbury_branch_effective_2026-03-29_updated_2026-03-16.pdf,2,From Grand Central
Metro-North,Danbury Branch,New Haven Line - Danbury Branch,1544,From Grand Central,WILTON,Wilton,7,17:48,17:48,2026-03-29,,,weekday,2026-03-29,2026-03-16,,03-29-26_NHL-DB-Sched_v2.pdf,metro_north_danbury_branch_effective_2026-03-29_updated_2026-03-16.pdf,2,From Grand Central
Metro-North,Danbury Branch,New Haven Line - Danbury Branch,1544,From Grand Central,CND,Cannondale,8,17:53,17:53,2026-03-29,,,weekday,2026-03-29,2026-03-16,,03-29-26_NHL-DB-Sched_v2.pdf,metro_north_danbury_branch_effective_2026-03-29_updated_2026-03-16.pdf,2,From Grand Central
Metro-North,Danbury Branch,New Haven Line - Danbury Branch,1544,From Grand Central,BVL,Branchville,9,18:00,18:00,2026-03-29,,,weekday,2026-03-29,2026-03-16,,03-29-26_NHL-DB-Sched_v2.pdf,metro_north_danbury_branch_effective_2026-03-29_updated_2026-03-16.pdf,2,From Grand Central
Metro-North,Danbury Branch,New Haven Line - Danbury Branch,1544,From Grand Central,RDG,Redding,10,18:08,18:08,2026-03-29,,,weekday,2026-03-29,2026-03-16,,03-29-26_NHL-DB-Sched_v2.pdf,metro_north_danbury_branch_effective_2026-03-29_updated_2026-03-16.pdf,2,From Grand Central
Metro-North,Danbury Branch,New Haven Line - Danbury Branch,1544,From Grand Central,BTH,Bethel,11,18:14,18:14,2026-03-29,,,weekday,2026-03-29,2026-03-16,,03-29-26_NHL-DB-Sched_v2.pdf,metro_north_danbury_branch_effective_2026-03-29_updated_2026-03-16.pdf,2,From Grand Central
Metro-North,Danbury Branch,New Haven Line - Danbury Branch,1544,From Grand Central,DAN,Danbury,12,18:30,18:30,2026-03-29,,,weekday,2026-03-29,2026-03-16,,03-29-26_NHL-DB-Sched_v2.pdf,metro_north_danbury_branch_effective_2026-03-29_updated_2026-03-16.pdf,2,From Grand Central
Metro-North,Danbury Branch,New Haven Line - Danbury Branch,1574,From Grand Central,GCT,Grand Central,1,18:55,18:55,2026-03-29,,,weekday,2026-03-29,2026-03-16,,03-29-26_NHL-DB-Sched_v2.pdf,metro_north_danbury_branch_effective_2026-03-29_updated_2026-03-16.pdf,2,From Grand Central
Metro-North,Danbury Branch,New Haven Line - Danbury Branch,1574,From Grand Central,STM,Stamford,2,,19:44,2026-03-29,,,weekday,2026-03-29,2026-03-16,,03-29-26_NHL-DB-Sched_v2.pdf,metro_north_danbury_branch_effective_2026-03-29_updated_2026-03-16.pdf,2,From Grand Central
Metro-North,Danbury Branch,New Haven Line - Danbury Branch,1574,From Grand Central,SONO,South Norwalk,3,19:59,,2026-03-29,,,weekday,2026-03-29,2026-03-16,,03-29-26_NHL-DB-Sched_v2.pdf,metro_north_danbury_branch_effective_2026-03-29_updated_2026-03-16.pdf,2,From Grand Central
Metro-North,Danbury Branch,New Haven Line - Danbury Branch,1574,From Grand Central,SONO,South Norwalk,4,,20:05,2026-03-29,,,weekday,2026-03-29,2026-03-16,,03-29-26_NHL-DB-Sched_v2.pdf,metro_north_danbury_branch_effective_2026-03-29_updated_2026-03-16.pdf,2,From Grand Central
Metro-North,Danbury Branch,New Haven Line - Danbury Branch,1574,From Grand Central,MRT7,Merritt 7,5,20:15,20:15,2026-03-29,,,weekday,2026-03-29,2026-03-16,,03-29-26_NHL-DB-Sched_v2.pdf,metro_north_danbury_branch_effective_2026-03-29_updated_2026-03-16.pdf,2,From Grand Central
Metro-North,Danbury Branch,New Haven Line - Danbury Branch,1574,From Grand Central,WILTON,Wilton,6,20:21,20:21,2026-03-29,,,weekday,2026-03-29,2026-03-16,,03-29-26_NHL-DB-Sched_v2.pdf,metro_north_danbury_branch_effective_2026-03-29_updated_2026-03-16.pdf,2,From Grand Central
Metro-North,Danbury Branch,New Haven Line - Danbury Branch,1574,From Grand Central,CND,Cannondale,7,20:24,20:24,2026-03-29,,,weekday,2026-03-29,2026-03-16,,03-29-26_NHL-DB-Sched_v2.pdf,metro_north_danbury_branch_effective_2026-03-29_updated_2026-03-16.pdf,2,From Grand Central
Metro-North,Danbury Branch,New Haven Line - Danbury Branch,1574,From Grand Central,BVL,Branchville,8,20:30,20:30,2026-03-29,,,weekday,2026-03-29,2026-03-16,,03-29-26_NHL-DB-Sched_v2.pdf,metro_north_danbury_branch_effective_2026-03-29_updated_2026-03-16.pdf,2,From Grand Central
Metro-North,Danbury Branch,New Haven Line - Danbury Branch,1574,From Grand Central,RDG,Redding,9,20:38,20:38,2026-03-29,,,weekday,2026-03-29,2026-03-16,,03-29-26_NHL-DB-Sched_v2.pdf,metro_north_danbury_branch_effective_2026-03-29_updated_2026-03-16.pdf,2,From Grand Central
Metro-North,Danbury Branch,New Haven Line - Danbury Branch,1574,From Grand Central,BTH,Bethel,10,20:45,20:45,2026-03-29,,,weekday,2026-03-29,2026-03-16,,03-29-26_NHL-DB-Sched_v2.pdf,metro_north_danbury_branch_effective_2026-03-29_updated_2026-03-16.pdf,2,From Grand Central
Metro-North,Danbury Branch,New Haven Line - Danbury Branch,1574,From Grand Central,DAN,Danbury,11,20:55,20:55,2026-03-29,,,weekday,2026-03-29,2026-03-16,,03-29-26_NHL-DB-Sched_v2.pdf,metro_north_danbury_branch_effective_2026-03-29_updated_2026-03-16.pdf,2,From Grand Central
Metro-North,Danbury Branch,New Haven Line - Danbury Branch,1594,From Grand Central,GCT,Grand Central,1,23:28,23:28,2026-03-29,,,weekday,2026-03-29,2026-03-16,,03-29-26_NHL-DB-Sched_v2.pdf,metro_north_danbury_branch_effective_2026-03-29_updated_2026-03-16.pdf,2,From Grand Central
Metro-North,Danbury Branch,New Haven Line - Danbury Branch,1594,From Grand Central,STM,Stamford,2,,12:16,2026-03-29,,,weekday,2026-03-29,2026-03-16,,03-29-26_NHL-DB-Sched_v2.pdf,metro_north_danbury_branch_effective_2026-03-29_updated_2026-03-16.pdf,2,From Grand Central
Metro-North,Danbury Branch,New Haven Line - Danbury Branch,1594,From Grand Central,SONO,South Norwalk,3,12:31,,2026-03-29,,,weekday,2026-03-29,2026-03-16,,03-29-26_NHL-DB-Sched_v2.pdf,metro_north_danbury_branch_effective_2026-03-29_updated_2026-03-16.pdf,2,From Grand Central
Metro-North,Danbury Branch,New Haven Line - Danbury Branch,1594,From Grand Central,SONO,South Norwalk,4,,12:35,2026-03-29,,,weekday,2026-03-29,2026-03-16,,03-29-26_NHL-DB-Sched_v2.pdf,metro_north_danbury_branch_effective_2026-03-29_updated_2026-03-16.pdf,2,From Grand Central
Metro-North,Danbury Branch,New Haven Line - Danbury Branch,1594,From Grand Central,MRT7,Merritt 7,5,12:45,12:45,2026-03-29,,,weekday,2026-03-29,2026-03-16,,03-29-26_NHL-DB-Sched_v2.pdf,metro_north_danbury_branch_effective_2026-03-29_updated_2026-03-16.pdf,2,From Grand Central
Metro-North,Danbury Branch,New Haven Line - Danbury Branch,1594,From Grand Central,WILTON,Wilton,6,12:51,12:51,2026-03-29,,,weekday,2026-03-29,2026-03-16,,03-29-26_NHL-DB-Sched_v2.pdf,metro_north_danbury_branch_effective_2026-03-29_updated_2026-03-16.pdf,2,From Grand Central
Metro-North,Danbury Branch,New Haven Line - Danbury Branch,1594,From Grand Central,CND,Cannondale,7,12:55,12:55,2026-03-29,,,weekday,2026-03-29,2026-03-16,,03-29-26_NHL-DB-Sched_v2.pdf,metro_north_danbury_branch_effective_2026-03-29_updated_2026-03-16.pdf,2,From Grand Central
Metro-North,Danbury Branch,New Haven Line - Danbury Branch,1594,From Grand Central,BVL,Branchville,8,13:01,13:01,2026-03-29,,,weekday,2026-03-29,2026-03-16,,03-29-26_NHL-DB-Sched_v2.pdf,metro_north_danbury_branch_effective_2026-03-29_updated_2026-03-16.pdf,2,From Grand Central
Metro-North,Danbury Branch,New Haven Line - Danbury Branch,1594,From Grand Central,RDG,Redding,9,13:09,13:09,2026-03-29,,,weekday,2026-03-29,2026-03-16,,03-29-26_NHL-DB-Sched_v2.pdf,metro_north_danbury_branch_effective_2026-03-29_updated_2026-03-16.pdf,2,From Grand Central
Metro-North,Danbury Branch,New Haven Line - Danbury Branch,1594,From Grand Central,BTH,Bethel,10,13:16,13:16,2026-03-29,,,weekday,2026-03-29,2026-03-16,,03-29-26_NHL-DB-Sched_v2.pdf,metro_north_danbury_branch_effective_2026-03-29_updated_2026-03-16.pdf,2,From Grand Central
Metro-North,Danbury Branch,New Haven Line - Danbury Branch,1594,From Grand Central,DAN,Danbury,11,13:29,13:29,2026-03-29,,,weekday,2026-03-29,2026-03-16,,03-29-26_NHL-DB-Sched_v2.pdf,metro_north_danbury_branch_effective_2026-03-29_updated_2026-03-16.pdf,2,From Grand Central
Metro-North,Danbury Branch,New Haven Line - Danbury Branch,1811,To Grand Central,DAN,Danbury,1,05:28,05:28,2026-03-29,,,weekday,2026-03-29,2026-03-16,,03-29-26_NHL-DB-Sched_v2.pdf,metro_north_danbury_branch_effective_2026-03-29_updated_2026-03-16.pdf,2,Metro-North
Metro-North,Danbury Branch,New Haven Line - Danbury Branch,1811,To Grand Central,BTH,Bethel,2,05:34,05:34,2026-03-29,,,weekday,2026-03-29,2026-03-16,,03-29-26_NHL-DB-Sched_v2.pdf,metro_north_danbury_branch_effective_2026-03-29_updated_2026-03-16.pdf,2,To Grand Central
Metro-North,Danbury Branch,New Haven Line - Danbury Branch,1811,To Grand Central,RDG,Redding,3,05:42,05:42,2026-03-29,,,weekday,2026-03-29,2026-03-16,,03-29-26_NHL-DB-Sched_v2.pdf,metro_north_danbury_branch_effective_2026-03-29_updated_2026-03-16.pdf,2,To Grand Central
Metro-North,Danbury Branch,New Haven Line - Danbury Branch,1811,To Grand Central,BVL,Branchville,4,05:51,05:51,2026-03-29,,,weekday,2026-03-29,2026-03-16,,03-29-26_NHL-DB-Sched_v2.pdf,metro_north_danbury_branch_effective_2026-03-29_updated_2026-03-16.pdf,2,To Grand Central
Metro-North,Danbury Branch,New Haven Line - Danbury Branch,1811,To Grand Central,CND,Cannondale,5,05:58,05:58,2026-03-29,,,weekday,2026-03-29,2026-03-16,,03-29-26_NHL-DB-Sched_v2.pdf,metro_north_danbury_branch_effective_2026-03-29_updated_2026-03-16.pdf,2,To Grand Central
Metro-North,Danbury Branch,New Haven Line - Danbury Branch,1811,To Grand Central,WILTON,Wilton,6,06:02,06:02,2026-03-29,,,weekday,2026-03-29,2026-03-16,,03-29-26_NHL-DB-Sched_v2.pdf,metro_north_danbury_branch_effective_2026-03-29_updated_2026-03-16.pdf,2,To Grand Central
Metro-North,Danbury Branch,New Haven Line - Danbury Branch,1811,To Grand Central,MRT7,Merritt 7,7,06:08,06:08,2026-03-29,,,weekday,2026-03-29,2026-03-16,,03-29-26_NHL-DB-Sched_v2.pdf,metro_north_danbury_branch_effective_2026-03-29_updated_2026-03-16.pdf,2,To Grand Central
Metro-North,Danbury Branch,New Haven Line - Danbury Branch,1811,To Grand Central,SONO,South Norwalk,8,,06:23,2026-03-29,,,weekday,2026-03-29,2026-03-16,,03-29-26_NHL-DB-Sched_v2.pdf,metro_north_danbury_branch_effective_2026-03-29_updated_2026-03-16.pdf,2,To Grand Central
Metro-North,Danbury Branch,New Haven Line - Danbury Branch,1811,To Grand Central,GCT,Grand Central,9,07:32,07:32,2026-03-29,,,weekday,2026-03-29,2026-03-16,,03-29-26_NHL-DB-Sched_v2.pdf,metro_north_danbury_branch_effective_2026-03-29_updated_2026-03-16.pdf,2,To Grand Central
Metro-North,Danbury Branch,New Haven Line - Danbury Branch,1819,To Grand Central,DAN,Danbury,1,06:12,06:12,2026-03-29,,,weekday,2026-03-29,2026-03-16,,03-29-26_NHL-DB-Sched_v2.pdf,metro_north_danbury_branch_effective_2026-03-29_updated_2026-03-16.pdf,2,To Grand Central
Metro-North,Danbury Branch,New Haven Line - Danbury Branch,1819,To Grand Central,BTH,Bethel,2,06:18,06:18,2026-03-29,,,weekday,2026-03-29,2026-03-16,,03-29-26_NHL-DB-Sched_v2.pdf,metro_north_danbury_branch_effective_2026-03-29_updated_2026-03-16.pdf,2,To Grand Central
Metro-North,Danbury Branch,New Haven Line - Danbury Branch,1819,To Grand Central,RDG,Redding,3,06:26,06:26,2026-03-29,,,weekday,2026-03-29,2026-03-16,,03-29-26_NHL-DB-Sched_v2.pdf,metro_north_danbury_branch_effective_2026-03-29_updated_2026-03-16.pdf,2,To Grand Central
Metro-North,Danbury Branch,New Haven Line - Danbury Branch,1819,To Grand Central,BVL,Branchville,4,06:35,06:35,2026-03-29,,,weekday,2026-03-29,2026-03-16,,03-29-26_NHL-DB-Sched_v2.pdf,metro_north_danbury_branch_effective_2026-03-29_updated_2026-03-16.pdf,2,To Grand Central
Metro-North,Danbury Branch,New Haven Line - Danbury Branch,1819,To Grand Central,CND,Cannondale,5,06:41,06:41,2026-03-29,,,weekday,2026-03-29,2026-03-16,,03-29-26_NHL-DB-Sched_v2.pdf,metro_north_danbury_branch_effective_2026-03-29_updated_2026-03-16.pdf,2,To Grand Central
Metro-North,Danbury Branch,New Haven Line - Danbury Branch,1819,To Grand Central,WILTON,Wilton,6,06:45,06:45,2026-03-29,,,weekday,2026-03-29,2026-03-16,,03-29-26_NHL-DB-Sched_v2.pdf,metro_north_danbury_branch_effective_2026-03-29_updated_2026-03-16.pdf,2,To Grand Central
Metro-North,Danbury Branch,New Haven Line - Danbury Branch,1819,To Grand Central,MRT7,Merritt 7,7,06:52,06:52,2026-03-29,,,weekday,2026-03-29,2026-03-16,,03-29-26_NHL-DB-Sched_v2.pdf,metro_north_danbury_branch_effective_2026-03-29_updated_2026-03-16.pdf,2,To Grand Central
Metro-North,Danbury Branch,New Haven Line - Danbury Branch,1819,To Grand Central,SONO,South Norwalk,8,,07:04,2026-03-29,,,weekday,2026-03-29,2026-03-16,,03-29-26_NHL-DB-Sched_v2.pdf,metro_north_danbury_branch_effective_2026-03-29_updated_2026-03-16.pdf,2,To Grand Central
Metro-North,Danbury Branch,New Haven Line - Danbury Branch,1819,To Grand Central,STM,Stamford,9,07:16,,2026-03-29,,,weekday,2026-03-29,2026-03-16,,03-29-26_NHL-DB-Sched_v2.pdf,metro_north_danbury_branch_effective_2026-03-29_updated_2026-03-16.pdf,2,To Grand Central
Metro-North,Danbury Branch,New Haven Line - Danbury Branch,1819,To Grand Central,GCT,Grand Central,10,08:08,08:08,2026-03-29,,,weekday,2026-03-29,2026-03-16,,03-29-26_NHL-DB-Sched_v2.pdf,metro_north_danbury_branch_effective_2026-03-29_updated_2026-03-16.pdf,2,To Grand Central
Metro-North,Danbury Branch,New Haven Line - Danbury Branch,1831,To Grand Central,DAN,Danbury,1,06:50,06:50,2026-03-29,,,weekday,2026-03-29,2026-03-16,,03-29-26_NHL-DB-Sched_v2.pdf,metro_north_danbury_branch_effective_2026-03-29_updated_2026-03-16.pdf,2,To Grand Central
Metro-North,Danbury Branch,New Haven Line - Danbury Branch,1831,To Grand Central,BTH,Bethel,2,06:56,06:56,2026-03-29,,,weekday,2026-03-29,2026-03-16,,03-29-26_NHL-DB-Sched_v2.pdf,metro_north_danbury_branch_effective_2026-03-29_updated_2026-03-16.pdf,2,To Grand Central
Metro-North,Danbury Branch,New Haven Line - Danbury Branch,1831,To Grand Central,RDG,Redding,3,07:04,07:04,2026-03-29,,,weekday,2026-03-29,2026-03-16,,03-29-26_NHL-DB-Sched_v2.pdf,metro_north_danbury_branch_effective_2026-03-29_updated_2026-03-16.pdf,2,To Grand Central
Metro-North,Danbury Branch,New Haven Line - Danbury Branch,1831,To Grand Central,BVL,Branchville,4,07:13,07:13,2026-03-29,,,weekday,2026-03-29,2026-03-16,,03-29-26_NHL-DB-Sched_v2.pdf,metro_north_danbury_branch_effective_2026-03-29_updated_2026-03-16.pdf,2,To Grand Central
Metro-North,Danbury Branch,New Haven Line - Danbury Branch,1831,To Grand Central,CND,Cannondale,5,07:20,07:20,2026-03-29,,,weekday,2026-03-29,2026-03-16,,03-29-26_NHL-DB-Sched_v2.pdf,metro_north_danbury_branch_effective_2026-03-29_updated_2026-03-16.pdf,2,To Grand Central
Metro-North,Danbury Branch,New Haven Line - Danbury Branch,1831,To Grand Central,WILTON,Wilton,6,07:24,07:24,2026-03-29,,,weekday,2026-03-29,2026-03-16,,03-29-26_NHL-DB-Sched_v2.pdf,metro_north_danbury_branch_effective_2026-03-29_updated_2026-03-16.pdf,2,To Grand Central
Metro-North,Danbury Branch,New Haven Line - Danbury Branch,1831,To Grand Central,MRT7,Merritt 7,7,07:30,07:30,2026-03-29,,,weekday,2026-03-29,2026-03-16,,03-29-26_NHL-DB-Sched_v2.pdf,metro_north_danbury_branch_effective_2026-03-29_updated_2026-03-16.pdf,2,To Grand Central
Metro-North,Danbury Branch,New Haven Line - Danbury Branch,1831,To Grand Central,SONO,South Norwalk,8,,07:43,2026-03-29,,,weekday,2026-03-29,2026-03-16,,03-29-26_NHL-DB-Sched_v2.pdf,metro_north_danbury_branch_effective_2026-03-29_updated_2026-03-16.pdf,2,To Grand Central
Metro-North,Danbury Branch,New Haven Line - Danbury Branch,1831,To Grand Central,STM,Stamford,9,07:55,,2026-03-29,,,weekday,2026-03-29,2026-03-16,,03-29-26_NHL-DB-Sched_v2.pdf,metro_north_danbury_branch_effective_2026-03-29_updated_2026-03-16.pdf,2,To Grand Central
Metro-North,Danbury Branch,New Haven Line - Danbury Branch,1831,To Grand Central,GCT,Grand Central,10,08:49,08:49,2026-03-29,,,weekday,2026-03-29,2026-03-16,,03-29-26_NHL-DB-Sched_v2.pdf,metro_north_danbury_branch_effective_2026-03-29_updated_2026-03-16.pdf,2,To Grand Central
Metro-North,Danbury Branch,New Haven Line - Danbury Branch,1837,To Grand Central,DAN,Danbury,1,07:28,07:28,2026-03-29,,,weekday,2026-03-29,2026-03-16,,03-29-26_NHL-DB-Sched_v2.pdf,metro_north_danbury_branch_effective_2026-03-29_updated_2026-03-16.pdf,2,To Grand Central
Metro-North,Danbury Branch,New Haven Line - Danbury Branch,1837,To Grand Central,BTH,Bethel,2,07:33,07:33,2026-03-29,,,weekday,2026-03-29,2026-03-16,,03-29-26_NHL-DB-Sched_v2.pdf,metro_north_danbury_branch_effective_2026-03-29_updated_2026-03-16.pdf,2,To Grand Central
Metro-North,Danbury Branch,New Haven Line - Danbury Branch,1837,To Grand Central,RDG,Redding,3,07:41,07:41,2026-03-29,,,weekday,2026-03-29,2026-03-16,,03-29-26_NHL-DB-Sched_v2.pdf,metro_north_danbury_branch_effective_2026-03-29_updated_2026-03-16.pdf,2,To Grand Central
Metro-North,Danbury Branch,New Haven Line - Danbury Branch,1837,To Grand Central,BVL,Branchville,4,07:49,07:49,2026-03-29,,,weekday,2026-03-29,2026-03-16,,03-29-26_NHL-DB-Sched_v2.pdf,metro_north_danbury_branch_effective_2026-03-29_updated_2026-03-16.pdf,2,To Grand Central
Metro-North,Danbury Branch,New Haven Line - Danbury Branch,1837,To Grand Central,CND,Cannondale,5,07:55,07:55,2026-03-29,,,weekday,2026-03-29,2026-03-16,,03-29-26_NHL-DB-Sched_v2.pdf,metro_north_danbury_branch_effective_2026-03-29_updated_2026-03-16.pdf,2,To Grand Central
Metro-North,Danbury Branch,New Haven Line - Danbury Branch,1837,To Grand Central,WILTON,Wilton,6,07:59,07:59,2026-03-29,,,weekday,2026-03-29,2026-03-16,,03-29-26_NHL-DB-Sched_v2.pdf,metro_north_danbury_branch_effective_2026-03-29_updated_2026-03-16.pdf,2,To Grand Central
Metro-North,Danbury Branch,New Haven Line - Danbury Branch,1837,To Grand Central,MRT7,Merritt 7,7,08:04,08:04,2026-03-29,,,weekday,2026-03-29,2026-03-16,,03-29-26_NHL-DB-Sched_v2.pdf,metro_north_danbury_branch_effective_2026-03-29_updated_2026-03-16.pdf,2,To Grand Central
Metro-North,Danbury Branch,New Haven Line - Danbury Branch,1837,To Grand Central,SONO,South Norwalk,8,08:21,,2026-03-29,,,weekday,2026-03-29,2026-03-16,,03-29-26_NHL-DB-Sched_v2.pdf,metro_north_danbury_branch_effective_2026-03-29_updated_2026-03-16.pdf,2,To Grand Central
Metro-North,Danbury Branch,New Haven Line - Danbury Branch,1837,To Grand Central,SONO,South Norwalk,9,,08:28,2026-03-29,,,weekday,2026-03-29,2026-03-16,,03-29-26_NHL-DB-Sched_v2.pdf,metro_north_danbury_branch_effective_2026-03-29_updated_2026-03-16.pdf,2,To Grand Central
Metro-North,Danbury Branch,New Haven Line - Danbury Branch,1837,To Grand Central,SONO,South Norwalk,10,,08:33,2026-03-29,,,weekday,2026-03-29,2026-03-16,,03-29-26_NHL-DB-Sched_v2.pdf,metro_north_danbury_branch_effective_2026-03-29_updated_2026-03-16.pdf,2,To Grand Central
Metro-North,Danbury Branch,New Haven Line - Danbury Branch,1837,To Grand Central,STM,Stamford,11,,08:45,2026-03-29,,,weekday,2026-03-29,2026-03-16,,03-29-26_NHL-DB-Sched_v2.pdf,metro_north_danbury_branch_effective_2026-03-29_updated_2026-03-16.pdf,2,To Grand Central
Metro-North,Danbury Branch,New Haven Line - Danbury Branch,1837,To Grand Central,STM,Stamford,12,,08:49,2026-03-29,,,weekday,2026-03-29,2026-03-16,,03-29-26_NHL-DB-Sched_v2.pdf,metro_north_danbury_branch_effective_2026-03-29_updated_2026-03-16.pdf,2,To Grand Central
Metro-North,Danbury Branch,New Haven Line - Danbury Branch,1837,To Grand Central,GCT,Grand Central,13,09:38,09:38,2026-03-29,,,weekday,2026-03-29,2026-03-16,,03-29-26_NHL-DB-Sched_v2.pdf,metro_north_danbury_branch_effective_2026-03-29_updated_2026-03-16.pdf,2,To Grand Central
Metro-North,Danbury Branch,New Haven Line - Danbury Branch,1837,To Grand Central,GCT,Grand Central,14,09:43,09:43,2026-03-29,,,weekday,2026-03-29,2026-03-16,,03-29-26_NHL-DB-Sched_v2.pdf,metro_north_danbury_branch_effective_2026-03-29_updated_2026-03-16.pdf,2,To Grand Central
Metro-North,Danbury Branch,New Haven Line - Danbury Branch,1841,To Grand Central,DAN,Danbury,1,07:51,07:51,2026-03-29,,,weekday,2026-03-29,2026-03-16,,03-29-26_NHL-DB-Sched_v2.pdf,metro_north_danbury_branch_effective_2026-03-29_updated_2026-03-16.pdf,2,To Grand Central
Metro-North,Danbury Branch,New Haven Line - Danbury Branch,1841,To Grand Central,BTH,Bethel,2,07:57,07:57,2026-03-29,,,weekday,2026-03-29,2026-03-16,,03-29-26_NHL-DB-Sched_v2.pdf,metro_north_danbury_branch_effective_2026-03-29_updated_2026-03-16.pdf,2,To Grand Central
Metro-North,Danbury Branch,New Haven Line - Danbury Branch,1841,To Grand Central,RDG,Redding,3,08:05,08:05,2026-03-29,,,weekday,2026-03-29,2026-03-16,,03-29-26_NHL-DB-Sched_v2.pdf,metro_north_danbury_branch_effective_2026-03-29_updated_2026-03-16.pdf,2,To Grand Central
Metro-North,Danbury Branch,New Haven Line - Danbury Branch,1841,To Grand Central,BVL,Branchville,4,08:14,08:14,2026-03-29,,,weekday,2026-03-29,2026-03-16,,03-29-26_NHL-DB-Sched_v2.pdf,metro_north_danbury_branch_effective_2026-03-29_updated_2026-03-16.pdf,2,To Grand Central
Metro-North,Danbury Branch,New Haven Line - Danbury Branch,1841,To Grand Central,CND,Cannondale,5,08:21,08:21,2026-03-29,,,weekday,2026-03-29,2026-03-16,,03-29-26_NHL-DB-Sched_v2.pdf,metro_north_danbury_branch_effective_2026-03-29_updated_2026-03-16.pdf,2,To Grand Central
Metro-North,Danbury Branch,New Haven Line - Danbury Branch,1841,To Grand Central,WILTON,Wilton,6,08:25,08:25,2026-03-29,,,weekday,2026-03-29,2026-03-16,,03-29-26_NHL-DB-Sched_v2.pdf,metro_north_danbury_branch_effective_2026-03-29_updated_2026-03-16.pdf,2,To Grand Central
Metro-North,Danbury Branch,New Haven Line - Danbury Branch,1841,To Grand Central,MRT7,Merritt 7,7,08:31,08:31,2026-03-29,,,weekday,2026-03-29,2026-03-16,,03-29-26_NHL-DB-Sched_v2.pdf,metro_north_danbury_branch_effective_2026-03-29_updated_2026-03-16.pdf,2,To Grand Central
Metro-North,Danbury Branch,New Haven Line - Danbury Branch,1841,To Grand Central,SONO,South Norwalk,8,,08:45,2026-03-29,,,weekday,2026-03-29,2026-03-16,,03-29-26_NHL-DB-Sched_v2.pdf,metro_north_danbury_branch_effective_2026-03-29_updated_2026-03-16.pdf,2,To Grand Central
Metro-North,Danbury Branch,New Haven Line - Danbury Branch,1841,To Grand Central,STM,Stamford,9,09:03,,2026-03-29,,,weekday,2026-03-29,2026-03-16,,03-29-26_NHL-DB-Sched_v2.pdf,metro_north_danbury_branch_effective_2026-03-29_updated_2026-03-16.pdf,2,To Grand Central
Metro-North,Danbury Branch,New Haven Line - Danbury Branch,1841,To Grand Central,GCT,Grand Central,10,09:55,09:55,2026-03-29,,,weekday,2026-03-29,2026-03-16,,03-29-26_NHL-DB-Sched_v2.pdf,metro_north_danbury_branch_effective_2026-03-29_updated_2026-03-16.pdf,2,To Grand Central
Metro-North,Danbury Branch,New Haven Line - Danbury Branch,1848,From Grand Central,GCT,Grand Central,1,17:07,17:07,2026-03-29,,,weekday,2026-03-29,2026-03-16,,03-29-26_NHL-DB-Sched_v2.pdf,metro_north_danbury_branch_effective_2026-03-29_updated_2026-03-16.pdf,2,From Grand Central
Metro-North,Danbury Branch,New Haven Line - Danbury Branch,1848,From Grand Central,SONO,South Norwalk,2,,18:14,2026-03-29,,,weekday,2026-03-29,2026-03-16,,03-29-26_NHL-DB-Sched_v2.pdf,metro_north_danbury_branch_effective_2026-03-29_updated_2026-03-16.pdf,2,From Grand Central
Metro-North,Danbury Branch,New Haven Line - Danbury Branch,1848,From Grand Central,MRT7,Merritt 7,3,18:25,18:25,2026-03-29,,,weekday,2026-03-29,2026-03-16,,03-29-26_NHL-DB-Sched_v2.pdf,metro_north_danbury_branch_effective_2026-03-29_updated_2026-03-16.pdf,2,From Grand Central
Metro-North,Danbury Branch,New Haven Line - Danbury Branch,1848,From Grand Central,WILTON,Wilton,4,18:32,18:32,2026-03-29,,,weekday,2026-03-29,2026-03-16,,03-29-26_NHL-DB-Sched_v2.pdf,metro_north_danbury_branch_effective_2026-03-29_updated_2026-03-16.pdf,2,From Grand Central
Metro-North,Danbury Branch,New Haven Line - Danbury Branch,1848,From Grand Central,CND,Cannondale,5,18:35,18:35,2026-03-29,,,weekday,2026-03-29,2026-03-16,,03-29-26_NHL-DB-Sched_v2.pdf,metro_north_danbury_branch_effective_2026-03-29_updated_2026-03-16.pdf,2,From Grand Central
Metro-North,Danbury Branch,New Haven Line - Danbury Branch,1848,From Grand Central,BVL,Branchville,6,18:42,18:42,2026-03-29,,,weekday,2026-03-29,2026-03-16,,03-29-26_NHL-DB-Sched_v2.pdf,metro_north_danbury_branch_effective_2026-03-29_updated_2026-03-16.pdf,2,From Grand Central
Metro-North,Danbury Branch,New Haven Line - Danbury Branch,1848,From Grand Central,RDG,Redding,7,18:50,18:50,2026-03-29,,,weekday,2026-03-29,2026-03-16,,03-29-26_NHL-DB-Sched_v2.pdf,metro_north_danbury_branch_effective_2026-03-29_updated_2026-03-16.pdf,2,From Grand Central
Metro-North,Danbury Branch,New Haven Line - Danbury Branch,1848,From Grand Central,BTH,Bethel,8,18:58,18:58,2026-03-29,,,weekday,2026-03-29,2026-03-16,,03-29-26_NHL-DB-Sched_v2.pdf,metro_north_danbury_branch_effective_2026-03-29_updated_2026-03-16.pdf,2,From Grand Central
Metro-North,Danbury Branch,New Haven Line - Danbury Branch,1848,From Grand Central,DAN,Danbury,9,19:14,19:14,2026-03-29,,,weekday,2026-03-29,2026-03-16,,03-29-26_NHL-DB-Sched_v2.pdf,metro_north_danbury_branch_effective_2026-03-29_updated_2026-03-16.pdf,2,From Grand Central
Metro-North,Danbury Branch,New Haven Line - Danbury Branch,1849,To Grand Central,DAN,Danbury,1,09:03,09:03,2026-03-29,,,weekday,2026-03-29,2026-03-16,,03-29-26_NHL-DB-Sched_v2.pdf,metro_north_danbury_branch_effective_2026-03-29_updated_2026-03-16.pdf,2,To Grand Central
Metro-North,Danbury Branch,New Haven Line - Danbury Branch,1849,To Grand Central,BTH,Bethel,2,09:08,09:08,2026-03-29,,,weekday,2026-03-29,2026-03-16,,03-29-26_NHL-DB-Sched_v2.pdf,metro_north_danbury_branch_effective_2026-03-29_updated_2026-03-16.pdf,2,To Grand Central
Metro-North,Danbury Branch,New Haven Line - Danbury Branch,1849,To Grand Central,RDG,Redding,3,09:16,09:16,2026-03-29,,,weekday,2026-03-29,2026-03-16,,03-29-26_NHL-DB-Sched_v2.pdf,metro_north_danbury_branch_effective_2026-03-29_updated_2026-03-16.pdf,2,To Grand Central
Metro-North,Danbury Branch,New Haven Line - Danbury Branch,1849,To Grand Central,BVL,Branchville,4,09:24,09:24,2026-03-29,,,weekday,2026-03-29,2026-03-16,,03-29-26_NHL-DB-Sched_v2.pdf,metro_north_danbury_branch_effective_2026-03-29_updated_2026-03-16.pdf,2,To Grand Central
Metro-North,Danbury Branch,New Haven Line - Danbury Branch,1849,To Grand Central,CND,Cannondale,5,09:29,09:29,2026-03-29,,,weekday,2026-03-29,2026-03-16,,03-29-26_NHL-DB-Sched_v2.pdf,metro_north_danbury_branch_effective_2026-03-29_updated_2026-03-16.pdf,2,To Grand Central
Metro-North,Danbury Branch,New Haven Line - Danbury Branch,1849,To Grand Central,WILTON,Wilton,6,09:34,09:34,2026-03-29,,,weekday,2026-03-29,2026-03-16,,03-29-26_NHL-DB-Sched_v2.pdf,metro_north_danbury_branch_effective_2026-03-29_updated_2026-03-16.pdf,2,To Grand Central
Metro-North,Danbury Branch,New Haven Line - Danbury Branch,1849,To Grand Central,MRT7,Merritt 7,7,09:41,09:41,2026-03-29,,,weekday,2026-03-29,2026-03-16,,03-29-26_NHL-DB-Sched_v2.pdf,metro_north_danbury_branch_effective_2026-03-29_updated_2026-03-16.pdf,2,To Grand Central
Metro-North,Danbury Branch,New Haven Line - Danbury Branch,1849,To Grand Central,SONO,South Norwalk,8,,09:56,2026-03-29,,,weekday,2026-03-29,2026-03-16,,03-29-26_NHL-DB-Sched_v2.pdf,metro_north_danbury_branch_effective_2026-03-29_updated_2026-03-16.pdf,2,To Grand Central
Metro-North,Danbury Branch,New Haven Line - Danbury Branch,1849,To Grand Central,STM,Stamford,9,10:12,,2026-03-29,,,weekday,2026-03-29,2026-03-16,,03-29-26_NHL-DB-Sched_v2.pdf,metro_north_danbury_branch_effective_2026-03-29_updated_2026-03-16.pdf,2,To Grand Central
Metro-North,Danbury Branch,New Haven Line - Danbury Branch,1849,To Grand Central,STM,Stamford,10,,10:28,2026-03-29,,,weekday,2026-03-29,2026-03-16,,03-29-26_NHL-DB-Sched_v2.pdf,metro_north_danbury_branch_effective_2026-03-29_updated_2026-03-16.pdf,2,To Grand Central
Metro-North,Danbury Branch,New Haven Line - Danbury Branch,1849,To Grand Central,GCT,Grand Central,11,11:23,11:23,2026-03-29,,,weekday,2026-03-29,2026-03-16,,03-29-26_NHL-DB-Sched_v2.pdf,metro_north_danbury_branch_effective_2026-03-29_updated_2026-03-16.pdf,2,To Grand Central
Metro-North,Danbury Branch,New Haven Line - Danbury Branch,1855,To Grand Central,DAN,Danbury,1,10:30,10:30,2026-03-29,,,weekday,2026-03-29,2026-03-16,,03-29-26_NHL-DB-Sched_v2.pdf,metro_north_danbury_branch_effective_2026-03-29_updated_2026-03-16.pdf,2,To Grand Central
Metro-North,Danbury Branch,New Haven Line - Danbury Branch,1855,To Grand Central,BTH,Bethel,2,10:35,10:35,2026-03-29,,,weekday,2026-03-29,2026-03-16,,03-29-26_NHL-DB-Sched_v2.pdf,metro_north_danbury_branch_effective_2026-03-29_updated_2026-03-16.pdf,2,To Grand Central
Metro-North,Danbury Branch,New Haven Line - Danbury Branch,1855,To Grand Central,RDG,Redding,3,10:43,10:43,2026-03-29,,,weekday,2026-03-29,2026-03-16,,03-29-26_NHL-DB-Sched_v2.pdf,metro_north_danbury_branch_effective_2026-03-29_updated_2026-03-16.pdf,2,To Grand Central
Metro-North,Danbury Branch,New Haven Line - Danbury Branch,1855,To Grand Central,BVL,Branchville,4,10:51,10:51,2026-03-29,,,weekday,2026-03-29,2026-03-16,,03-29-26_NHL-DB-Sched_v2.pdf,metro_north_danbury_branch_effective_2026-03-29_updated_2026-03-16.pdf,2,To Grand Central
Metro-North,Danbury Branch,New Haven Line - Danbury Branch,1855,To Grand Central,CND,Cannondale,5,10:56,10:56,2026-03-29,,,weekday,2026-03-29,2026-03-16,,03-29-26_NHL-DB-Sched_v2.pdf,metro_north_danbury_branch_effective_2026-03-29_updated_2026-03-16.pdf,2,To Grand Central
Metro-North,Danbury Branch,New Haven Line - Danbury Branch,1855,To Grand Central,WILTON,Wilton,6,11:01,11:01,2026-03-29,,,weekday,2026-03-29,2026-03-16,,03-29-26_NHL-DB-Sched_v2.pdf,metro_north_danbury_branch_effective_2026-03-29_updated_2026-03-16.pdf,2,To Grand Central
Metro-North,Danbury Branch,New Haven Line - Danbury Branch,1855,To Grand Central,MRT7,Merritt 7,7,11:08,11:08,2026-03-29,,,weekday,2026-03-29,2026-03-16,,03-29-26_NHL-DB-Sched_v2.pdf,metro_north_danbury_branch_effective_2026-03-29_updated_2026-03-16.pdf,2,To Grand Central
Metro-North,Danbury Branch,New Haven Line - Danbury Branch,1855,To Grand Central,SONO,South Norwalk,8,11:26,,2026-03-29,,,weekday,2026-03-29,2026-03-16,,03-29-26_NHL-DB-Sched_v2.pdf,metro_north_danbury_branch_effective_2026-03-29_updated_2026-03-16.pdf,2,To Grand Central
Metro-North,Danbury Branch,New Haven Line - Danbury Branch,1855,To Grand Central,SONO,South Norwalk,9,,11:39,2026-03-29,,,weekday,2026-03-29,2026-03-16,,03-29-26_NHL-DB-Sched_v2.pdf,metro_north_danbury_branch_effective_2026-03-29_updated_2026-03-16.pdf,2,To Grand Central
Metro-North,Danbury Branch,New Haven Line - Danbury Branch,1855,To Grand Central,STM,Stamford,10,,11:57,2026-03-29,,,weekday,2026-03-29,2026-03-16,,03-29-26_NHL-DB-Sched_v2.pdf,metro_north_danbury_branch_effective_2026-03-29_updated_2026-03-16.pdf,2,To Grand Central
Metro-North,Danbury Branch,New Haven Line - Danbury Branch,1855,To Grand Central,GCT,Grand Central,11,00:52,00:52,2026-03-29,,,weekday,2026-03-29,2026-03-16,,03-29-26_NHL-DB-Sched_v2.pdf,metro_north_danbury_branch_effective_2026-03-29_updated_2026-03-16.pdf,2,To Grand Central
Metro-North,Danbury Branch,New Haven Line - Danbury Branch,1860,From Grand Central,GCT,Grand Central,1,17:53,17:53,2026-03-29,,,weekday,2026-03-29,2026-03-16,,03-29-26_NHL-DB-Sched_v2.pdf,metro_north_danbury_branch_effective_2026-03-29_updated_2026-03-16.pdf,2,From Grand Central
Metro-North,Danbury Branch,New Haven Line - Danbury Branch,1860,From Grand Central,STM,Stamford,2,,18:41,2026-03-29,,,weekday,2026-03-29,2026-03-16,,03-29-26_NHL-DB-Sched_v2.pdf,metro_north_danbury_branch_effective_2026-03-29_updated_2026-03-16.pdf,2,From Grand Central
Metro-North,Danbury Branch,New Haven Line - Danbury Branch,1860,From Grand Central,SONO,South Norwalk,3,,18:52,2026-03-29,,,weekday,2026-03-29,2026-03-16,,03-29-26_NHL-DB-Sched_v2.pdf,metro_north_danbury_branch_effective_2026-03-29_updated_2026-03-16.pdf,2,From Grand Central
Metro-North,Danbury Branch,New Haven Line - Danbury Branch,1860,From Grand Central,MRT7,Merritt 7,4,19:03,19:03,2026-03-29,,,weekday,2026-03-29,2026-03-16,,03-29-26_NHL-DB-Sched_v2.pdf,metro_north_danbury_branch_effective_2026-03-29_updated_2026-03-16.pdf,2,From Grand Central
Metro-North,Danbury Branch,New Haven Line - Danbury Branch,1860,From Grand Central,WILTON,Wilton,5,19:10,19:10,2026-03-29,,,weekday,2026-03-29,2026-03-16,,03-29-26_NHL-DB-Sched_v2.pdf,metro_north_danbury_branch_effective_2026-03-29_updated_2026-03-16.pdf,2,From Grand Central
Metro-North,Danbury Branch,New Haven Line - Danbury Branch,1860,From Grand Central,CND,Cannondale,6,19:13,19:13,2026-03-29,,,weekday,2026-03-29,2026-03-16,,03-29-26_NHL-DB-Sched_v2.pdf,metro_north_danbury_branch_effective_2026-03-29_updated_2026-03-16.pdf,2,From Grand Central
Metro-North,Danbury Branch,New Haven Line - Danbury Branch,1860,From Grand Central,BVL,Branchville,7,19:20,19:20,2026-03-29,,,weekday,2026-03-29,2026-03-16,,03-29-26_NHL-DB-Sched_v2.pdf,metro_north_danbury_branch_effective_2026-03-29_updated_2026-03-16.pdf,2,From Grand Central
Metro-North,Danbury Branch,New Haven Line - Danbury Branch,1860,From Grand Central,RDG,Redding,8,19:28,19:28,2026-03-29,,,weekday,2026-03-29,2026-03-16,,03-29-26_NHL-DB-Sched_v2.pdf,metro_north_danbury_branch_effective_2026-03-29_updated_2026-03-16.pdf,2,From Grand Central
Metro-North,Danbury Branch,New Haven Line - Danbury Branch,1860,From Grand Central,BTH,Bethel,9,19:36,19:36,2026-03-29,,,weekday,2026-03-29,2026-03-16,,03-29-26_NHL-DB-Sched_v2.pdf,metro_north_danbury_branch_effective_2026-03-29_updated_2026-03-16.pdf,2,From Grand Central
Metro-North,Danbury Branch,New Haven Line - Danbury Branch,1860,From Grand Central,DAN,Danbury,10,19:51,19:51,2026-03-29,,,weekday,2026-03-29,2026-03-16,,03-29-26_NHL-DB-Sched_v2.pdf,metro_north_danbury_branch_effective_2026-03-29_updated_2026-03-16.pdf,2,From Grand Central
Metro-North,Danbury Branch,New Haven Line - Danbury Branch,1861,To Grand Central,DAN,Danbury,1,12:03,12:03,2026-03-29,,,weekday,2026-03-29,2026-03-16,,03-29-26_NHL-DB-Sched_v2.pdf,metro_north_danbury_branch_effective_2026-03-29_updated_2026-03-16.pdf,2,To Grand Central
Metro-North,Danbury Branch,New Haven Line - Danbury Branch,1861,To Grand Central,BTH,Bethel,2,12:08,12:08,2026-03-29,,,weekday,2026-03-29,2026-03-16,,03-29-26_NHL-DB-Sched_v2.pdf,metro_north_danbury_branch_effective_2026-03-29_updated_2026-03-16.pdf,2,To Grand Central
Metro-North,Danbury Branch,New Haven Line - Danbury Branch,1861,To Grand Central,RDG,Redding,3,12:16,12:16,2026-03-29,,,weekday,2026-03-29,2026-03-16,,03-29-26_NHL-DB-Sched_v2.pdf,metro_north_danbury_branch_effective_2026-03-29_updated_2026-03-16.pdf,2,To Grand Central
Metro-North,Danbury Branch,New Haven Line - Danbury Branch,1861,To Grand Central,BVL,Branchville,4,12:24,12:24,2026-03-29,,,weekday,2026-03-29,2026-03-16,,03-29-26_NHL-DB-Sched_v2.pdf,metro_north_danbury_branch_effective_2026-03-29_updated_2026-03-16.pdf,2,To Grand Central
Metro-North,Danbury Branch,New Haven Line - Danbury Branch,1861,To Grand Central,CND,Cannondale,5,12:29,12:29,2026-03-29,,,weekday,2026-03-29,2026-03-16,,03-29-26_NHL-DB-Sched_v2.pdf,metro_north_danbury_branch_effective_2026-03-29_updated_2026-03-16.pdf,2,To Grand Central
Metro-North,Danbury Branch,New Haven Line - Danbury Branch,1861,To Grand Central,WILTON,Wilton,6,12:34,12:34,2026-03-29,,,weekday,2026-03-29,2026-03-16,,03-29-26_NHL-DB-Sched_v2.pdf,metro_north_danbury_branch_effective_2026-03-29_updated_2026-03-16.pdf,2,To Grand Central
Metro-North,Danbury Branch,New Haven Line - Danbury Branch,1861,To Grand Central,MRT7,Merritt 7,7,12:41,12:41,2026-03-29,,,weekday,2026-03-29,2026-03-16,,03-29-26_NHL-DB-Sched_v2.pdf,metro_north_danbury_branch_effective_2026-03-29_updated_2026-03-16.pdf,2,To Grand Central
Metro-North,Danbury Branch,New Haven Line - Danbury Branch,1861,To Grand Central,SONO,South Norwalk,8,12:57,,2026-03-29,,,weekday,2026-03-29,2026-03-16,,03-29-26_NHL-DB-Sched_v2.pdf,metro_north_danbury_branch_effective_2026-03-29_updated_2026-03-16.pdf,2,To Grand Central
Metro-North,Danbury Branch,New Haven Line - Danbury Branch,1861,To Grand Central,SONO,South Norwalk,9,,13:12,2026-03-29,,,weekday,2026-03-29,2026-03-16,,03-29-26_NHL-DB-Sched_v2.pdf,metro_north_danbury_branch_effective_2026-03-29_updated_2026-03-16.pdf,2,To Grand Central
Metro-North,Danbury Branch,New Haven Line - Danbury Branch,1861,To Grand Central,STM,Stamford,10,,13:27,2026-03-29,,,weekday,2026-03-29,2026-03-16,,03-29-26_NHL-DB-Sched_v2.pdf,metro_north_danbury_branch_effective_2026-03-29_updated_2026-03-16.pdf,2,To Grand Central
Metro-North,Danbury Branch,New Haven Line - Danbury Branch,1861,To Grand Central,GCT,Grand Central,11,14:22,14:22,2026-03-29,,,weekday,2026-03-29,2026-03-16,,03-29-26_NHL-DB-Sched_v2.pdf,metro_north_danbury_branch_effective_2026-03-29_updated_2026-03-16.pdf,2,To Grand Central
Metro-North,Danbury Branch,New Haven Line - Danbury Branch,1867,To Grand Central,DAN,Danbury,1,13:27,13:27,2026-03-29,,,weekday,2026-03-29,2026-03-16,,03-29-26_NHL-DB-Sched_v2.pdf,metro_north_danbury_branch_effective_2026-03-29_updated_2026-03-16.pdf,2,To Grand Central
Metro-North,Danbury Branch,New Haven Line - Danbury Branch,1867,To Grand Central,BTH,Bethel,2,13:32,13:32,2026-03-29,,,weekday,2026-03-29,2026-03-16,,03-29-26_NHL-DB-Sched_v2.pdf,metro_north_danbury_branch_effective_2026-03-29_updated_2026-03-16.pdf,2,To Grand Central
Metro-North,Danbury Branch,New Haven Line - Danbury Branch,1867,To Grand Central,RDG,Redding,3,13:40,13:40,2026-03-29,,,weekday,2026-03-29,2026-03-16,,03-29-26_NHL-DB-Sched_v2.pdf,metro_north_danbury_branch_effective_2026-03-29_updated_2026-03-16.pdf,2,To Grand Central
Metro-North,Danbury Branch,New Haven Line - Danbury Branch,1867,To Grand Central,BVL,Branchville,4,13:48,13:48,2026-03-29,,,weekday,2026-03-29,2026-03-16,,03-29-26_NHL-DB-Sched_v2.pdf,metro_north_danbury_branch_effective_2026-03-29_updated_2026-03-16.pdf,2,To Grand Central
Metro-North,Danbury Branch,New Haven Line - Danbury Branch,1867,To Grand Central,CND,Cannondale,5,13:54,13:54,2026-03-29,,,weekday,2026-03-29,2026-03-16,,03-29-26_NHL-DB-Sched_v2.pdf,metro_north_danbury_branch_effective_2026-03-29_updated_2026-03-16.pdf,2,To Grand Central
Metro-North,Danbury Branch,New Haven Line - Danbury Branch,1867,To Grand Central,WILTON,Wilton,6,13:57,13:57,2026-03-29,,,weekday,2026-03-29,2026-03-16,,03-29-26_NHL-DB-Sched_v2.pdf,metro_north_danbury_branch_effective_2026-03-29_updated_2026-03-16.pdf,2,To Grand Central
Metro-North,Danbury Branch,New Haven Line - Danbury Branch,1867,To Grand Central,MRT7,Merritt 7,7,14:03,14:03,2026-03-29,,,weekday,2026-03-29,2026-03-16,,03-29-26_NHL-DB-Sched_v2.pdf,metro_north_danbury_branch_effective_2026-03-29_updated_2026-03-16.pdf,2,To Grand Central
Metro-North,Danbury Branch,New Haven Line - Danbury Branch,1867,To Grand Central,SONO,South Norwalk,8,14:22,,2026-03-29,,,weekday,2026-03-29,2026-03-16,,03-29-26_NHL-DB-Sched_v2.pdf,metro_north_danbury_branch_effective_2026-03-29_updated_2026-03-16.pdf,2,To Grand Central
Metro-North,Danbury Branch,New Haven Line - Danbury Branch,1867,To Grand Central,SONO,South Norwalk,9,,14:39,2026-03-29,,,weekday,2026-03-29,2026-03-16,,03-29-26_NHL-DB-Sched_v2.pdf,metro_north_danbury_branch_effective_2026-03-29_updated_2026-03-16.pdf,2,To Grand Central
Metro-North,Danbury Branch,New Haven Line - Danbury Branch,1867,To Grand Central,STM,Stamford,10,,14:57,2026-03-29,,,weekday,2026-03-29,2026-03-16,,03-29-26_NHL-DB-Sched_v2.pdf,metro_north_danbury_branch_effective_2026-03-29_updated_2026-03-16.pdf,2,To Grand Central
Metro-North,Danbury Branch,New Haven Line - Danbury Branch,1867,To Grand Central,GCT,Grand Central,11,15:54,15:54,2026-03-29,,,weekday,2026-03-29,2026-03-16,,03-29-26_NHL-DB-Sched_v2.pdf,metro_north_danbury_branch_effective_2026-03-29_updated_2026-03-16.pdf,2,To Grand Central
Metro-North,Danbury Branch,New Haven Line - Danbury Branch,1868,From Grand Central,GCT,Grand Central,1,18:17,18:17,2026-03-29,,,weekday,2026-03-29,2026-03-16,,03-29-26_NHL-DB-Sched_v2.pdf,metro_north_danbury_branch_effective_2026-03-29_updated_2026-03-16.pdf,2,From Grand Central
Metro-North,Danbury Branch,New Haven Line - Danbury Branch,1868,From Grand Central,SONO,South Norwalk,2,,19:23,2026-03-29,,,weekday,2026-03-29,2026-03-16,,03-29-26_NHL-DB-Sched_v2.pdf,metro_north_danbury_branch_effective_2026-03-29_updated_2026-03-16.pdf,2,From Grand Central
Metro-North,Danbury Branch,New Haven Line - Danbury Branch,1868,From Grand Central,MRT7,Merritt 7,3,19:34,19:34,2026-03-29,,,weekday,2026-03-29,2026-03-16,,03-29-26_NHL-DB-Sched_v2.pdf,metro_north_danbury_branch_effective_2026-03-29_updated_2026-03-16.pdf,2,From Grand Central
Metro-North,Danbury Branch,New Haven Line - Danbury Branch,1868,From Grand Central,WILTON,Wilton,4,19:41,19:41,2026-03-29,,,weekday,2026-03-29,2026-03-16,,03-29-26_NHL-DB-Sched_v2.pdf,metro_north_danbury_branch_effective_2026-03-29_updated_2026-03-16.pdf,2,From Grand Central
Metro-North,Danbury Branch,New Haven Line - Danbury Branch,1868,From Grand Central,CND,Cannondale,5,19:44,19:44,2026-03-29,,,weekday,2026-03-29,2026-03-16,,03-29-26_NHL-DB-Sched_v2.pdf,metro_north_danbury_branch_effective_2026-03-29_updated_2026-03-16.pdf,2,From Grand Central
Metro-North,Danbury Branch,New Haven Line - Danbury Branch,1868,From Grand Central,BVL,Branchville,6,19:51,19:51,2026-03-29,,,weekday,2026-03-29,2026-03-16,,03-29-26_NHL-DB-Sched_v2.pdf,metro_north_danbury_branch_effective_2026-03-29_updated_2026-03-16.pdf,2,From Grand Central
Metro-North,Danbury Branch,New Haven Line - Danbury Branch,1868,From Grand Central,RDG,Redding,7,19:59,19:59,2026-03-29,,,weekday,2026-03-29,2026-03-16,,03-29-26_NHL-DB-Sched_v2.pdf,metro_north_danbury_branch_effective_2026-03-29_updated_2026-03-16.pdf,2,From Grand Central
Metro-North,Danbury Branch,New Haven Line - Danbury Branch,1868,From Grand Central,BTH,Bethel,8,20:07,20:07,2026-03-29,,,weekday,2026-03-29,2026-03-16,,03-29-26_NHL-DB-Sched_v2.pdf,metro_north_danbury_branch_effective_2026-03-29_updated_2026-03-16.pdf,2,From Grand Central
Metro-North,Danbury Branch,New Haven Line - Danbury Branch,1868,From Grand Central,DAN,Danbury,9,20:22,20:22,2026-03-29,,,weekday,2026-03-29,2026-03-16,,03-29-26_NHL-DB-Sched_v2.pdf,metro_north_danbury_branch_effective_2026-03-29_updated_2026-03-16.pdf,2,From Grand Central
Metro-North,Danbury Branch,New Haven Line - Danbury Branch,1875,To Grand Central,DAN,Danbury,1,15:27,15:27,2026-03-29,,,weekday,2026-03-29,2026-03-16,,03-29-26_NHL-DB-Sched_v2.pdf,metro_north_danbury_branch_effective_2026-03-29_updated_2026-03-16.pdf,2,To Grand Central
Metro-North,Danbury Branch,New Haven Line - Danbury Branch,1875,To Grand Central,BTH,Bethel,2,15:32,15:32,2026-03-29,,,weekday,2026-03-29,2026-03-16,,03-29-26_NHL-DB-Sched_v2.pdf,metro_north_danbury_branch_effective_2026-03-29_updated_2026-03-16.pdf,2,To Grand Central
Metro-North,Danbury Branch,New Haven Line - Danbury Branch,1875,To Grand Central,RDG,Redding,3,15:40,15:40,2026-03-29,,,weekday,2026-03-29,2026-03-16,,03-29-26_NHL-DB-Sched_v2.pdf,metro_north_danbury_branch_effective_2026-03-29_updated_2026-03-16.pdf,2,To Grand Central
Metro-North,Danbury Branch,New Haven Line - Danbury Branch,1875,To Grand Central,BVL,Branchville,4,15:48,15:48,2026-03-29,,,weekday,2026-03-29,2026-03-16,,03-29-26_NHL-DB-Sched_v2.pdf,metro_north_danbury_branch_effective_2026-03-29_updated_2026-03-16.pdf,2,To Grand Central
Metro-North,Danbury Branch,New Haven Line - Danbury Branch,1875,To Grand Central,CND,Cannondale,5,15:54,15:54,2026-03-29,,,weekday,2026-03-29,2026-03-16,,03-29-26_NHL-DB-Sched_v2.pdf,metro_north_danbury_branch_effective_2026-03-29_updated_2026-03-16.pdf,2,To Grand Central
Metro-North,Danbury Branch,New Haven Line - Danbury Branch,1875,To Grand Central,WILTON,Wilton,6,15:57,15:57,2026-03-29,,,weekday,2026-03-29,2026-03-16,,03-29-26_NHL-DB-Sched_v2.pdf,metro_north_danbury_branch_effective_2026-03-29_updated_2026-03-16.pdf,2,To Grand Central
Metro-North,Danbury Branch,New Haven Line - Danbury Branch,1875,To Grand Central,MRT7,Merritt 7,7,16:03,16:03,2026-03-29,,,weekday,2026-03-29,2026-03-16,,03-29-26_NHL-DB-Sched_v2.pdf,metro_north_danbury_branch_effective_2026-03-29_updated_2026-03-16.pdf,2,To Grand Central
Metro-North,Danbury Branch,New Haven Line - Danbury Branch,1875,To Grand Central,SONO,South Norwalk,8,16:25,,2026-03-29,,,weekday,2026-03-29,2026-03-16,,03-29-26_NHL-DB-Sched_v2.pdf,metro_north_danbury_branch_effective_2026-03-29_updated_2026-03-16.pdf,2,To Grand Central
Metro-North,Danbury Branch,New Haven Line - Danbury Branch,1875,To Grand Central,SONO,South Norwalk,9,,16:32,2026-03-29,,,weekday,2026-03-29,2026-03-16,,03-29-26_NHL-DB-Sched_v2.pdf,metro_north_danbury_branch_effective_2026-03-29_updated_2026-03-16.pdf,2,To Grand Central
Metro-North,Danbury Branch,New Haven Line - Danbury Branch,1875,To Grand Central,STM,Stamford,10,,16:50,2026-03-29,,,weekday,2026-03-29,2026-03-16,,03-29-26_NHL-DB-Sched_v2.pdf,metro_north_danbury_branch_effective_2026-03-29_updated_2026-03-16.pdf,2,To Grand Central
Metro-North,Danbury Branch,New Haven Line - Danbury Branch,1875,To Grand Central,GCT,Grand Central,11,17:53,17:53,2026-03-29,,,weekday,2026-03-29,2026-03-16,,03-29-26_NHL-DB-Sched_v2.pdf,metro_north_danbury_branch_effective_2026-03-29_updated_2026-03-16.pdf,2,To Grand Central
Metro-North,Danbury Branch,New Haven Line - Danbury Branch,1881,To Grand Central,DAN,Danbury,1,17:18,17:18,2026-03-29,,,weekday,2026-03-29,2026-03-16,,03-29-26_NHL-DB-Sched_v2.pdf,metro_north_danbury_branch_effective_2026-03-29_updated_2026-03-16.pdf,2,To Grand Central
Metro-North,Danbury Branch,New Haven Line - Danbury Branch,1881,To Grand Central,BTH,Bethel,2,17:23,17:23,2026-03-29,,,weekday,2026-03-29,2026-03-16,,03-29-26_NHL-DB-Sched_v2.pdf,metro_north_danbury_branch_effective_2026-03-29_updated_2026-03-16.pdf,2,To Grand Central
Metro-North,Danbury Branch,New Haven Line - Danbury Branch,1881,To Grand Central,RDG,Redding,3,17:32,17:32,2026-03-29,,,weekday,2026-03-29,2026-03-16,,03-29-26_NHL-DB-Sched_v2.pdf,metro_north_danbury_branch_effective_2026-03-29_updated_2026-03-16.pdf,2,To Grand Central
Metro-North,Danbury Branch,New Haven Line - Danbury Branch,1881,To Grand Central,BVL,Branchville,4,17:39,17:39,2026-03-29,,,weekday,2026-03-29,2026-03-16,,03-29-26_NHL-DB-Sched_v2.pdf,metro_north_danbury_branch_effective_2026-03-29_updated_2026-03-16.pdf,2,To Grand Central
Metro-North,Danbury Branch,New Haven Line - Danbury Branch,1881,To Grand Central,CND,Cannondale,5,17:45,17:45,2026-03-29,,,weekday,2026-03-29,2026-03-16,,03-29-26_NHL-DB-Sched_v2.pdf,metro_north_danbury_branch_effective_2026-03-29_updated_2026-03-16.pdf,2,To Grand Central
Metro-North,Danbury Branch,New Haven Line - Danbury Branch,1881,To Grand Central,WILTON,Wilton,6,17:50,17:50,2026-03-29,,,weekday,2026-03-29,2026-03-16,,03-29-26_NHL-DB-Sched_v2.pdf,metro_north_danbury_branch_effective_2026-03-29_updated_2026-03-16.pdf,2,To Grand Central
Metro-North,Danbury Branch,New Haven Line - Danbury Branch,1881,To Grand Central,MRT7,Merritt 7,7,17:56,17:56,2026-03-29,,,weekday,2026-03-29,2026-03-16,,03-29-26_NHL-DB-Sched_v2.pdf,metro_north_danbury_branch_effective_2026-03-29_updated_2026-03-16.pdf,2,To Grand Central
Metro-North,Danbury Branch,New Haven Line - Danbury Branch,1881,To Grand Central,SONO,South Norwalk,8,18:11,,2026-03-29,,,weekday,2026-03-29,2026-03-16,,03-29-26_NHL-DB-Sched_v2.pdf,metro_north_danbury_branch_effective_2026-03-29_updated_2026-03-16.pdf,2,To Grand Central
Metro-North,Danbury Branch,New Haven Line - Danbury Branch,1881,To Grand Central,SONO,South Norwalk,9,,18:14,2026-03-29,,,weekday,2026-03-29,2026-03-16,,03-29-26_NHL-DB-Sched_v2.pdf,metro_north_danbury_branch_effective_2026-03-29_updated_2026-03-16.pdf,2,To Grand Central
Metro-North,Danbury Branch,New Haven Line - Danbury Branch,1881,To Grand Central,STM,Stamford,10,,18:29,2026-03-29,,,weekday,2026-03-29,2026-03-16,,03-29-26_NHL-DB-Sched_v2.pdf,metro_north_danbury_branch_effective_2026-03-29_updated_2026-03-16.pdf,2,To Grand Central
Metro-North,Danbury Branch,New Haven Line - Danbury Branch,1881,To Grand Central,GCT,Grand Central,11,19:26,19:26,2026-03-29,,,weekday,2026-03-29,2026-03-16,,03-29-26_NHL-DB-Sched_v2.pdf,metro_north_danbury_branch_effective_2026-03-29_updated_2026-03-16.pdf,2,To Grand Central
Metro-North,Danbury Branch,New Haven Line - Danbury Branch,1882,From Grand Central,GCT,Grand Central,1,20:01,20:01,2026-03-29,,,weekday,2026-03-29,2026-03-16,,03-29-26_NHL-DB-Sched_v2.pdf,metro_north_danbury_branch_effective_2026-03-29_updated_2026-03-16.pdf,2,From Grand Central
Metro-North,Danbury Branch,New Haven Line - Danbury Branch,1882,From Grand Central,STM,Stamford,2,,20:52,2026-03-29,,,weekday,2026-03-29,2026-03-16,,03-29-26_NHL-DB-Sched_v2.pdf,metro_north_danbury_branch_effective_2026-03-29_updated_2026-03-16.pdf,2,From Grand Central
Metro-North,Danbury Branch,New Haven Line - Danbury Branch,1882,From Grand Central,SONO,South Norwalk,3,,21:10,2026-03-29,,,weekday,2026-03-29,2026-03-16,,03-29-26_NHL-DB-Sched_v2.pdf,metro_north_danbury_branch_effective_2026-03-29_updated_2026-03-16.pdf,2,From Grand Central
Metro-North,Danbury Branch,New Haven Line - Danbury Branch,1882,From Grand Central,MRT7,Merritt 7,4,21:21,21:21,2026-03-29,,,weekday,2026-03-29,2026-03-16,,03-29-26_NHL-DB-Sched_v2.pdf,metro_north_danbury_branch_effective_2026-03-29_updated_2026-03-16.pdf,2,From Grand Central
Metro-North,Danbury Branch,New Haven Line - Danbury Branch,1882,From Grand Central,WILTON,Wilton,5,21:27,21:27,2026-03-29,,,weekday,2026-03-29,2026-03-16,,03-29-26_NHL-DB-Sched_v2.pdf,metro_north_danbury_branch_effective_2026-03-29_updated_2026-03-16.pdf,2,From Grand Central
Metro-North,Danbury Branch,New Haven Line - Danbury Branch,1882,From Grand Central,CND,Cannondale,6,21:31,21:31,2026-03-29,,,weekday,2026-03-29,2026-03-16,,03-29-26_NHL-DB-Sched_v2.pdf,metro_north_danbury_branch_effective_2026-03-29_updated_2026-03-16.pdf,2,From Grand Central
Metro-North,Danbury Branch,New Haven Line - Danbury Branch,1882,From Grand Central,BVL,Branchville,7,21:38,21:38,2026-03-29,,,weekday,2026-03-29,2026-03-16,,03-29-26_NHL-DB-Sched_v2.pdf,metro_north_danbury_branch_effective_2026-03-29_updated_2026-03-16.pdf,2,From Grand Central
Metro-North,Danbury Branch,New Haven Line - Danbury Branch,1882,From Grand Central,RDG,Redding,8,21:46,21:46,2026-03-29,,,weekday,2026-03-29,2026-03-16,,03-29-26_NHL-DB-Sched_v2.pdf,metro_north_danbury_branch_effective_2026-03-29_updated_2026-03-16.pdf,2,From Grand Central
Metro-North,Danbury Branch,New Haven Line - Danbury Branch,1882,From Grand Central,BTH,Bethel,9,21:54,21:54,2026-03-29,,,weekday,2026-03-29,2026-03-16,,03-29-26_NHL-DB-Sched_v2.pdf,metro_north_danbury_branch_effective_2026-03-29_updated_2026-03-16.pdf,2,From Grand Central
Metro-North,Danbury Branch,New Haven Line - Danbury Branch,1882,From Grand Central,DAN,Danbury,10,22:10,22:10,2026-03-29,,,weekday,2026-03-29,2026-03-16,,03-29-26_NHL-DB-Sched_v2.pdf,metro_north_danbury_branch_effective_2026-03-29_updated_2026-03-16.pdf,2,From Grand Central
Metro-North,Danbury Branch,New Haven Line - Danbury Branch,1889,To Grand Central,DAN,Danbury,1,18:45,18:45,2026-03-29,,,weekday,2026-03-29,2026-03-16,,03-29-26_NHL-DB-Sched_v2.pdf,metro_north_danbury_branch_effective_2026-03-29_updated_2026-03-16.pdf,2,To Grand Central
Metro-North,Danbury Branch,New Haven Line - Danbury Branch,1889,To Grand Central,BTH,Bethel,2,18:50,18:50,2026-03-29,,,weekday,2026-03-29,2026-03-16,,03-29-26_NHL-DB-Sched_v2.pdf,metro_north_danbury_branch_effective_2026-03-29_updated_2026-03-16.pdf,2,To Grand Central
Metro-North,Danbury Branch,New Haven Line - Danbury Branch,1889,To Grand Central,RDG,Redding,3,19:03,19:03,2026-03-29,,,weekday,2026-03-29,2026-03-16,,03-29-26_NHL-DB-Sched_v2.pdf,metro_north_danbury_branch_effective_2026-03-29_updated_2026-03-16.pdf,2,To Grand Central
Metro-North,Danbury Branch,New Haven Line - Danbury Branch,1889,To Grand Central,BVL,Branchville,4,19:23,19:23,2026-03-29,,,weekday,2026-03-29,2026-03-16,,03-29-26_NHL-DB-Sched_v2.pdf,metro_north_danbury_branch_effective_2026-03-29_updated_2026-03-16.pdf,2,To Grand Central
Metro-North,Danbury Branch,New Haven Line - Danbury Branch,1889,To Grand Central,CND,Cannondale,5,19:29,19:29,2026-03-29,,,weekday,2026-03-29,2026-03-16,,03-29-26_NHL-DB-Sched_v2.pdf,metro_north_danbury_branch_effective_2026-03-29_updated_2026-03-16.pdf,2,To Grand Central
Metro-North,Danbury Branch,New Haven Line - Danbury Branch,1889,To Grand Central,WILTON,Wilton,6,19:35,19:35,2026-03-29,,,weekday,2026-03-29,2026-03-16,,03-29-26_NHL-DB-Sched_v2.pdf,metro_north_danbury_branch_effective_2026-03-29_updated_2026-03-16.pdf,2,To Grand Central
Metro-North,Danbury Branch,New Haven Line - Danbury Branch,1889,To Grand Central,MRT7,Merritt 7,7,19:46,19:46,2026-03-29,,,weekday,2026-03-29,2026-03-16,,03-29-26_NHL-DB-Sched_v2.pdf,metro_north_danbury_branch_effective_2026-03-29_updated_2026-03-16.pdf,2,To Grand Central
Metro-North,Danbury Branch,New Haven Line - Danbury Branch,1889,To Grand Central,SONO,South Norwalk,8,,20:01,2026-03-29,,,weekday,2026-03-29,2026-03-16,,03-29-26_NHL-DB-Sched_v2.pdf,metro_north_danbury_branch_effective_2026-03-29_updated_2026-03-16.pdf,2,To Grand Central
Metro-North,Danbury Branch,New Haven Line - Danbury Branch,1889,To Grand Central,STM,Stamford,9,20:20,,2026-03-29,,,weekday,2026-03-29,2026-03-16,,03-29-26_NHL-DB-Sched_v2.pdf,metro_north_danbury_branch_effective_2026-03-29_updated_2026-03-16.pdf,2,To Grand Central
Metro-North,Danbury Branch,New Haven Line - Danbury Branch,1889,To Grand Central,STM,Stamford,10,,20:30,2026-03-29,,,weekday,2026-03-29,2026-03-16,,03-29-26_NHL-DB-Sched_v2.pdf,metro_north_danbury_branch_effective_2026-03-29_updated_2026-03-16.pdf,2,To Grand Central
Metro-North,Danbury Branch,New Haven Line - Danbury Branch,1889,To Grand Central,GCT,Grand Central,11,21:42,21:42,2026-03-29,,,weekday,2026-03-29,2026-03-16,,03-29-26_NHL-DB-Sched_v2.pdf,metro_north_danbury_branch_effective_2026-03-29_updated_2026-03-16.pdf,2,To Grand Central
Metro-North,Danbury Branch,New Haven Line - Danbury Branch,1897,To Grand Central,DAN,Danbury,1,22:32,22:32,2026-03-29,,,weekday,2026-03-29,2026-03-16,,03-29-26_NHL-DB-Sched_v2.pdf,metro_north_danbury_branch_effective_2026-03-29_updated_2026-03-16.pdf,2,To Grand Central
Metro-North,Danbury Branch,New Haven Line - Danbury Branch,1897,To Grand Central,BTH,Bethel,2,22:37,22:37,2026-03-29,,,weekday,2026-03-29,2026-03-16,,03-29-26_NHL-DB-Sched_v2.pdf,metro_north_danbury_branch_effective_2026-03-29_updated_2026-03-16.pdf,2,To Grand Central
Metro-North,Danbury Branch,New Haven Line - Danbury Branch,1897,To Grand Central,RDG,Redding,3,22:45,22:45,2026-03-29,,,weekday,2026-03-29,2026-03-16,,03-29-26_NHL-DB-Sched_v2.pdf,metro_north_danbury_branch_effective_2026-03-29_updated_2026-03-16.pdf,2,To Grand Central
Metro-North,Danbury Branch,New Haven Line - Danbury Branch,1897,To Grand Central,BVL,Branchville,4,22:53,22:53,2026-03-29,,,weekday,2026-03-29,2026-03-16,,03-29-26_NHL-DB-Sched_v2.pdf,metro_north_danbury_branch_effective_2026-03-29_updated_2026-03-16.pdf,2,To Grand Central
Metro-North,Danbury Branch,New Haven Line - Danbury Branch,1897,To Grand Central,CND,Cannondale,5,22:58,22:58,2026-03-29,,,weekday,2026-03-29,2026-03-16,,03-29-26_NHL-DB-Sched_v2.pdf,metro_north_danbury_branch_effective_2026-03-29_updated_2026-03-16.pdf,2,To Grand Central
Metro-North,Danbury Branch,New Haven Line - Danbury Branch,1897,To Grand Central,WILTON,Wilton,6,23:02,23:02,2026-03-29,,,weekday,2026-03-29,2026-03-16,,03-29-26_NHL-DB-Sched_v2.pdf,metro_north_danbury_branch_effective_2026-03-29_updated_2026-03-16.pdf,2,To Grand Central
Metro-North,Danbury Branch,New Haven Line - Danbury Branch,1897,To Grand Central,MRT7,Merritt 7,7,23:09,23:09,2026-03-29,,,weekday,2026-03-29,2026-03-16,,03-29-26_NHL-DB-Sched_v2.pdf,metro_north_danbury_branch_effective_2026-03-29_updated_2026-03-16.pdf,2,To Grand Central
Metro-North,Danbury Branch,New Haven Line - Danbury Branch,1897,To Grand Central,SONO,South Norwalk,8,23:25,,2026-03-29,,,weekday,2026-03-29,2026-03-16,,03-29-26_NHL-DB-Sched_v2.pdf,metro_north_danbury_branch_effective_2026-03-29_updated_2026-03-16.pdf,2,To Grand Central
Metro-North,Danbury Branch,New Haven Line - Danbury Branch,1897,To Grand Central,SONO,South Norwalk,9,,23:38,2026-03-29,,,weekday,2026-03-29,2026-03-16,,03-29-26_NHL-DB-Sched_v2.pdf,metro_north_danbury_branch_effective_2026-03-29_updated_2026-03-16.pdf,2,To Grand Central
Metro-North,Danbury Branch,New Haven Line - Danbury Branch,1897,To Grand Central,STM,Stamford,10,,23:56,2026-03-29,,,weekday,2026-03-29,2026-03-16,,03-29-26_NHL-DB-Sched_v2.pdf,metro_north_danbury_branch_effective_2026-03-29_updated_2026-03-16.pdf,2,To Grand Central
Metro-North,Danbury Branch,New Haven Line - Danbury Branch,1897,To Grand Central,GCT,Grand Central,11,12:52,12:52,2026-03-29,,,weekday,2026-03-29,2026-03-16,,03-29-26_NHL-DB-Sched_v2.pdf,metro_north_danbury_branch_effective_2026-03-29_updated_2026-03-16.pdf,2,To Grand Central
Metro-North,Danbury Branch,New Haven Line - Danbury Branch,6505,To Grand Central,DAN,Danbury,1,06:28,06:28,2026-03-29,,,weekend,2026-03-29,2026-03-16,,03-29-26_NHL-DB-Sched_v2.pdf,metro_north_danbury_branch_effective_2026-03-29_updated_2026-03-16.pdf,3,To Grand Central
Metro-North,Danbury Branch,New Haven Line - Danbury Branch,6505,Metro-North,DAN,Danbury,1,05:40,05:40,2026-03-29,,,weekend,2026-03-29,2026-03-16,,03-29-26_NHL-DB-Sched_v2.pdf,metro_north_danbury_branch_effective_2026-03-29_updated_2026-03-16.pdf,3,Metro-North
Metro-North,Danbury Branch,New Haven Line - Danbury Branch,6505,Metro-North,RDG,Redding,2,06:49,06:49,2026-03-29,,,weekend,2026-03-29,2026-03-16,,03-29-26_NHL-DB-Sched_v2.pdf,metro_north_danbury_branch_effective_2026-03-29_updated_2026-03-16.pdf,3,Metro-North
Metro-North,Danbury Branch,New Haven Line - Danbury Branch,6505,Metro-North,BVL,Branchville,3,07:34,07:34,2026-03-29,,,weekend,2026-03-29,2026-03-16,,03-29-26_NHL-DB-Sched_v2.pdf,metro_north_danbury_branch_effective_2026-03-29_updated_2026-03-16.pdf,3,Metro-North
Metro-North,Danbury Branch,New Haven Line - Danbury Branch,6505,Metro-North,CND,Cannondale,4,07:53,07:53,2026-03-29,,,weekend,2026-03-29,2026-03-16,,03-29-26_NHL-DB-Sched_v2.pdf,metro_north_danbury_branch_effective_2026-03-29_updated_2026-03-16.pdf,3,Metro-North
Metro-North,Danbury Branch,New Haven Line - Danbury Branch,6513~1,Metro-North,DAN,Danbury,1,07:33,07:33,2026-03-29,,,weekend,2026-03-29,2026-03-16,,03-29-26_NHL-DB-Sched_v2.pdf,metro_north_danbury_branch_effective_2026-03-29_updated_2026-03-16.pdf,3,Metro-North
Metro-North,Danbury Branch,New Haven Line - Danbury Branch,6513~2,To Grand Central,DAN,Danbury,1,07:33,07:33,2026-03-29,,,weekend,2026-03-29,2026-03-16,,03-29-26_NHL-DB-Sched_v2.pdf,metro_north_danbury_branch_effective_2026-03-29_updated_2026-03-16.pdf,3,To Grand Central
Metro-North,Danbury Branch,New Haven Line - Danbury Branch,6513~2,To Grand Central,BTH,Bethel,2,07:40,07:40,2026-03-29,,,weekend,2026-03-29,2026-03-16,,03-29-26_NHL-DB-Sched_v2.pdf,metro_north_danbury_branch_effective_2026-03-29_updated_2026-03-16.pdf,3,To Grand Central
Metro-North,Danbury Branch,New Haven Line - Danbury Branch,6513~2,To Grand Central,RDG,Redding,3,07:48,07:48,2026-03-29,,,weekend,2026-03-29,2026-03-16,,03-29-26_NHL-DB-Sched_v2.pdf,metro_north_danbury_branch_effective_2026-03-29_updated_2026-03-16.pdf,3,To Grand Central
Metro-North,Danbury Branch,New Haven Line - Danbury Branch,6513~2,To Grand Central,BVL,Branchville,4,07:56,07:56,2026-03-29,,,weekend,2026-03-29,2026-03-16,,03-29-26_NHL-DB-Sched_v2.pdf,metro_north_danbury_branch_effective_2026-03-29_updated_2026-03-16.pdf,3,To Grand Central
Metro-North,Danbury Branch,New Haven Line - Danbury Branch,6513~2,To Grand Central,CND,Cannondale,5,08:02,08:02,2026-03-29,,,weekend,2026-03-29,2026-03-16,,03-29-26_NHL-DB-Sched_v2.pdf,metro_north_danbury_branch_effective_2026-03-29_updated_2026-03-16.pdf,3,To Grand Central
Metro-North,Danbury Branch,New Haven Line - Danbury Branch,6513~2,To Grand Central,WILTON,Wilton,6,08:06,08:06,2026-03-29,,,weekend,2026-03-29,2026-03-16,,03-29-26_NHL-DB-Sched_v2.pdf,metro_north_danbury_branch_effective_2026-03-29_updated_2026-03-16.pdf,3,To Grand Central
Metro-North,Danbury Branch,New Haven Line - Danbury Branch,6513~2,To Grand Central,MRT7,Merritt 7,7,08:11,08:11,2026-03-29,,,weekend,2026-03-29,2026-03-16,,03-29-26_NHL-DB-Sched_v2.pdf,metro_north_danbury_branch_effective_2026-03-29_updated_2026-03-16.pdf,3,To Grand Central
Metro-North,Danbury Branch,New Haven Line - Danbury Branch,6513~2,To Grand Central,SONO,South Norwalk,8,08:26,,2026-03-29,,,weekend,2026-03-29,2026-03-16,,03-29-26_NHL-DB-Sched_v2.pdf,metro_north_danbury_branch_effective_2026-03-29_updated_2026-03-16.pdf,3,To Grand Central
Metro-North,Danbury Branch,New Haven Line - Danbury Branch,6513~2,To Grand Central,SONO,South Norwalk,9,,08:33,2026-03-29,,,weekend,2026-03-29,2026-03-16,,03-29-26_NHL-DB-Sched_v2.pdf,metro_north_danbury_branch_effective_2026-03-29_updated_2026-03-16.pdf,3,To Grand Central
Metro-North,Danbury Branch,New Haven Line - Danbury Branch,6513~2,To Grand Central,STM,Stamford,10,08:51,08:51,2026-03-29,,,weekend,2026-03-29,2026-03-16,,03-29-26_NHL-DB-Sched_v2.pdf,metro_north_danbury_branch_effective_2026-03-29_updated_2026-03-16.pdf,3,To Grand Central
Metro-North,Danbury Branch,New Haven Line - Danbury Branch,6513~2,To Grand Central,GCT,Grand Central,11,09:48,09:48,2026-03-29,,,weekend,2026-03-29,2026-03-16,,03-29-26_NHL-DB-Sched_v2.pdf,metro_north_danbury_branch_effective_2026-03-29_updated_2026-03-16.pdf,3,To Grand Central
Metro-North,Danbury Branch,New Haven Line - Danbury Branch,6525,To Grand Central,DAN,Danbury,1,10:33,10:33,2026-03-29,,,weekend,2026-03-29,2026-03-16,,03-29-26_NHL-DB-Sched_v2.pdf,metro_north_danbury_branch_effective_2026-03-29_updated_2026-03-16.pdf,3,To Grand Central
Metro-North,Danbury Branch,New Haven Line - Danbury Branch,6525,To Grand Central,BTH,Bethel,2,10:40,10:40,2026-03-29,,,weekend,2026-03-29,2026-03-16,,03-29-26_NHL-DB-Sched_v2.pdf,metro_north_danbury_branch_effective_2026-03-29_updated_2026-03-16.pdf,3,To Grand Central
Metro-North,Danbury Branch,New Haven Line - Danbury Branch,6525,To Grand Central,RDG,Redding,3,10:48,10:48,2026-03-29,,,weekend,2026-03-29,2026-03-16,,03-29-26_NHL-DB-Sched_v2.pdf,metro_north_danbury_branch_effective_2026-03-29_updated_2026-03-16.pdf,3,To Grand Central
Metro-North,Danbury Branch,New Haven Line - Danbury Branch,6525,To Grand Central,BVL,Branchville,4,10:56,10:56,2026-03-29,,,weekend,2026-03-29,2026-03-16,,03-29-26_NHL-DB-Sched_v2.pdf,metro_north_danbury_branch_effective_2026-03-29_updated_2026-03-16.pdf,3,To Grand Central
Metro-North,Danbury Branch,New Haven Line - Danbury Branch,6525,To Grand Central,CND,Cannondale,5,11:02,11:02,2026-03-29,,,weekend,2026-03-29,2026-03-16,,03-29-26_NHL-DB-Sched_v2.pdf,metro_north_danbury_branch_effective_2026-03-29_updated_2026-03-16.pdf,3,To Grand Central
Metro-North,Danbury Branch,New Haven Line - Danbury Branch,6525,To Grand Central,WILTON,Wilton,6,11:06,11:06,2026-03-29,,,weekend,2026-03-29,2026-03-16,,03-29-26_NHL-DB-Sched_v2.pdf,metro_north_danbury_branch_effective_2026-03-29_updated_2026-03-16.pdf,3,To Grand Central
Metro-North,Danbury Branch,New Haven Line - Danbury Branch,6525,To Grand Central,MRT7,Merritt 7,7,11:11,11:11,2026-03-29,,,weekend,2026-03-29,2026-03-16,,03-29-26_NHL-DB-Sched_v2.pdf,metro_north_danbury_branch_effective_2026-03-29_updated_2026-03-16.pdf,3,To Grand Central
Metro-North,Danbury Branch,New Haven Line - Danbury Branch,6525,To Grand Central,SONO,South Norwalk,8,11:26,,2026-03-29,,,weekend,2026-03-29,2026-03-16,,03-29-26_NHL-DB-Sched_v2.pdf,metro_north_danbury_branch_effective_2026-03-29_updated_2026-03-16.pdf,3,To Grand Central
Metro-North,Danbury Branch,New Haven Line - Danbury Branch,6525,To Grand Central,SONO,South Norwalk,9,,11:33,2026-03-29,,,weekend,2026-03-29,2026-03-16,,03-29-26_NHL-DB-Sched_v2.pdf,metro_north_danbury_branch_effective_2026-03-29_updated_2026-03-16.pdf,3,To Grand Central
Metro-North,Danbury Branch,New Haven Line - Danbury Branch,6525,To Grand Central,STM,Stamford,10,11:51,11:51,2026-03-29,,,weekend,2026-03-29,2026-03-16,,03-29-26_NHL-DB-Sched_v2.pdf,metro_north_danbury_branch_effective_2026-03-29_updated_2026-03-16.pdf,3,To Grand Central
Metro-North,Danbury Branch,New Haven Line - Danbury Branch,6525,To Grand Central,GCT,Grand Central,11,00:46,00:46,2026-03-29,,,weekend,2026-03-29,2026-03-16,,03-29-26_NHL-DB-Sched_v2.pdf,metro_north_danbury_branch_effective_2026-03-29_updated_2026-03-16.pdf,3,To Grand Central
Metro-North,Danbury Branch,New Haven Line - Danbury Branch,6537,To Grand Central,DAN,Danbury,1,13:33,13:33,2026-03-29,,,weekend,2026-03-29,2026-03-16,,03-29-26_NHL-DB-Sched_v2.pdf,metro_north_danbury_branch_effective_2026-03-29_updated_2026-03-16.pdf,3,To Grand Central
Metro-North,Danbury Branch,New Haven Line - Danbury Branch,6537,To Grand Central,BTH,Bethel,2,13:40,13:40,2026-03-29,,,weekend,2026-03-29,2026-03-16,,03-29-26_NHL-DB-Sched_v2.pdf,metro_north_danbury_branch_effective_2026-03-29_updated_2026-03-16.pdf,3,To Grand Central
Metro-North,Danbury Branch,New Haven Line - Danbury Branch,6537,To Grand Central,RDG,Redding,3,13:48,13:48,2026-03-29,,,weekend,2026-03-29,2026-03-16,,03-29-26_NHL-DB-Sched_v2.pdf,metro_north_danbury_branch_effective_2026-03-29_updated_2026-03-16.pdf,3,To Grand Central
Metro-North,Danbury Branch,New Haven Line - Danbury Branch,6537,To Grand Central,BVL,Branchville,4,13:56,13:56,2026-03-29,,,weekend,2026-03-29,2026-03-16,,03-29-26_NHL-DB-Sched_v2.pdf,metro_north_danbury_branch_effective_2026-03-29_updated_2026-03-16.pdf,3,To Grand Central
Metro-North,Danbury Branch,New Haven Line - Danbury Branch,6537,To Grand Central,CND,Cannondale,5,14:02,14:02,2026-03-29,,,weekend,2026-03-29,2026-03-16,,03-29-26_NHL-DB-Sched_v2.pdf,metro_north_danbury_branch_effective_2026-03-29_updated_2026-03-16.pdf,3,To Grand Central
Metro-North,Danbury Branch,New Haven Line - Danbury Branch,6537,To Grand Central,WILTON,Wilton,6,14:06,14:06,2026-03-29,,,weekend,2026-03-29,2026-03-16,,03-29-26_NHL-DB-Sched_v2.pdf,metro_north_danbury_branch_effective_2026-03-29_updated_2026-03-16.pdf,3,To Grand Central
Metro-North,Danbury Branch,New Haven Line - Danbury Branch,6537,To Grand Central,MRT7,Merritt 7,7,14:11,14:11,2026-03-29,,,weekend,2026-03-29,2026-03-16,,03-29-26_NHL-DB-Sched_v2.pdf,metro_north_danbury_branch_effective_2026-03-29_updated_2026-03-16.pdf,3,To Grand Central
Metro-North,Danbury Branch,New Haven Line - Danbury Branch,6537,To Grand Central,SONO,South Norwalk,8,14:26,,2026-03-29,,,weekend,2026-03-29,2026-03-16,,03-29-26_NHL-DB-Sched_v2.pdf,metro_north_danbury_branch_effective_2026-03-29_updated_2026-03-16.pdf,3,To Grand Central
Metro-North,Danbury Branch,New Haven Line - Danbury Branch,6537,To Grand Central,SONO,South Norwalk,9,,14:33,2026-03-29,,,weekend,2026-03-29,2026-03-16,,03-29-26_NHL-DB-Sched_v2.pdf,metro_north_danbury_branch_effective_2026-03-29_updated_2026-03-16.pdf,3,To Grand Central
Metro-North,Danbury Branch,New Haven Line - Danbury Branch,6537,To Grand Central,STM,Stamford,10,14:51,14:51,2026-03-29,,,weekend,2026-03-29,2026-03-16,,03-29-26_NHL-DB-Sched_v2.pdf,metro_north_danbury_branch_effective_2026-03-29_updated_2026-03-16.pdf,3,To Grand Central
Metro-North,Danbury Branch,New Haven Line - Danbury Branch,6537,To Grand Central,GCT,Grand Central,11,15:46,15:46,2026-03-29,,,weekend,2026-03-29,2026-03-16,,03-29-26_NHL-DB-Sched_v2.pdf,metro_north_danbury_branch_effective_2026-03-29_updated_2026-03-16.pdf,3,To Grand Central
Metro-North,Danbury Branch,New Haven Line - Danbury Branch,6549,To Grand Central,DAN,Danbury,1,16:33,16:33,2026-03-29,,,weekend,2026-03-29,2026-03-16,,03-29-26_NHL-DB-Sched_v2.pdf,metro_north_danbury_branch_effective_2026-03-29_updated_2026-03-16.pdf,3,To Grand Central
Metro-North,Danbury Branch,New Haven Line - Danbury Branch,6549,To Grand Central,BTH,Bethel,2,16:40,16:40,2026-03-29,,,weekend,2026-03-29,2026-03-16,,03-29-26_NHL-DB-Sched_v2.pdf,metro_north_danbury_branch_effective_2026-03-29_updated_2026-03-16.pdf,3,To Grand Central
Metro-North,Danbury Branch,New Haven Line - Danbury Branch,6549,To Grand Central,RDG,Redding,3,16:48,16:48,2026-03-29,,,weekend,2026-03-29,2026-03-16,,03-29-26_NHL-DB-Sched_v2.pdf,metro_north_danbury_branch_effective_2026-03-29_updated_2026-03-16.pdf,3,To Grand Central
Metro-North,Danbury Branch,New Haven Line - Danbury Branch,6549,To Grand Central,BVL,Branchville,4,16:56,16:56,2026-03-29,,,weekend,2026-03-29,2026-03-16,,03-29-26_NHL-DB-Sched_v2.pdf,metro_north_danbury_branch_effective_2026-03-29_updated_2026-03-16.pdf,3,To Grand Central
Metro-North,Danbury Branch,New Haven Line - Danbury Branch,6549,To Grand Central,CND,Cannondale,5,17:02,17:02,2026-03-29,,,weekend,2026-03-29,2026-03-16,,03-29-26_NHL-DB-Sched_v2.pdf,metro_north_danbury_branch_effective_2026-03-29_updated_2026-03-16.pdf,3,To Grand Central
Metro-North,Danbury Branch,New Haven Line - Danbury Branch,6549,To Grand Central,WILTON,Wilton,6,17:06,17:06,2026-03-29,,,weekend,2026-03-29,2026-03-16,,03-29-26_NHL-DB-Sched_v2.pdf,metro_north_danbury_branch_effective_2026-03-29_updated_2026-03-16.pdf,3,To Grand Central
Metro-North,Danbury Branch,New Haven Line - Danbury Branch,6549,To Grand Central,MRT7,Merritt 7,7,17:11,17:11,2026-03-29,,,weekend,2026-03-29,2026-03-16,,03-29-26_NHL-DB-Sched_v2.pdf,metro_north_danbury_branch_effective_2026-03-29_updated_2026-03-16.pdf,3,To Grand Central
Metro-North,Danbury Branch,New Haven Line - Danbury Branch,6549,To Grand Central,SONO,South Norwalk,8,17:28,,2026-03-29,,,weekend,2026-03-29,2026-03-16,,03-29-26_NHL-DB-Sched_v2.pdf,metro_north_danbury_branch_effective_2026-03-29_updated_2026-03-16.pdf,3,To Grand Central
Metro-North,Danbury Branch,New Haven Line - Danbury Branch,6549,To Grand Central,SONO,South Norwalk,9,,17:33,2026-03-29,,,weekend,2026-03-29,2026-03-16,,03-29-26_NHL-DB-Sched_v2.pdf,metro_north_danbury_branch_effective_2026-03-29_updated_2026-03-16.pdf,3,To Grand Central
Metro-North,Danbury Branch,New Haven Line - Danbury Branch,6549,To Grand Central,STM,Stamford,10,17:51,17:51,2026-03-29,,,weekend,2026-03-29,2026-03-16,,03-29-26_NHL-DB-Sched_v2.pdf,metro_north_danbury_branch_effective_2026-03-29_updated_2026-03-16.pdf,3,To Grand Central
Metro-North,Danbury Branch,New Haven Line - Danbury Branch,6549,To Grand Central,GCT,Grand Central,11,18:47,18:47,2026-03-29,,,weekend,2026-03-29,2026-03-16,,03-29-26_NHL-DB-Sched_v2.pdf,metro_north_danbury_branch_effective_2026-03-29_updated_2026-03-16.pdf,3,To Grand Central
Metro-North,Danbury Branch,New Haven Line - Danbury Branch,6561,To Grand Central,DAN,Danbury,1,19:33,19:33,2026-03-29,,,weekend,2026-03-29,2026-03-16,,03-29-26_NHL-DB-Sched_v2.pdf,metro_north_danbury_branch_effective_2026-03-29_updated_2026-03-16.pdf,3,To Grand Central
Metro-North,Danbury Branch,New Haven Line - Danbury Branch,6561,To Grand Central,BTH,Bethel,2,19:40,19:40,2026-03-29,,,weekend,2026-03-29,2026-03-16,,03-29-26_NHL-DB-Sched_v2.pdf,metro_north_danbury_branch_effective_2026-03-29_updated_2026-03-16.pdf,3,To Grand Central
Metro-North,Danbury Branch,New Haven Line - Danbury Branch,6561,To Grand Central,RDG,Redding,3,19:48,19:48,2026-03-29,,,weekend,2026-03-29,2026-03-16,,03-29-26_NHL-DB-Sched_v2.pdf,metro_north_danbury_branch_effective_2026-03-29_updated_2026-03-16.pdf,3,To Grand Central
Metro-North,Danbury Branch,New Haven Line - Danbury Branch,6561,To Grand Central,BVL,Branchville,4,19:56,19:56,2026-03-29,,,weekend,2026-03-29,2026-03-16,,03-29-26_NHL-DB-Sched_v2.pdf,metro_north_danbury_branch_effective_2026-03-29_updated_2026-03-16.pdf,3,To Grand Central
Metro-North,Danbury Branch,New Haven Line - Danbury Branch,6561,To Grand Central,CND,Cannondale,5,20:02,20:02,2026-03-29,,,weekend,2026-03-29,2026-03-16,,03-29-26_NHL-DB-Sched_v2.pdf,metro_north_danbury_branch_effective_2026-03-29_updated_2026-03-16.pdf,3,To Grand Central
Metro-North,Danbury Branch,New Haven Line - Danbury Branch,6561,To Grand Central,WILTON,Wilton,6,20:06,20:06,2026-03-29,,,weekend,2026-03-29,2026-03-16,,03-29-26_NHL-DB-Sched_v2.pdf,metro_north_danbury_branch_effective_2026-03-29_updated_2026-03-16.pdf,3,To Grand Central
Metro-North,Danbury Branch,New Haven Line - Danbury Branch,6561,To Grand Central,MRT7,Merritt 7,7,20:11,20:11,2026-03-29,,,weekend,2026-03-29,2026-03-16,,03-29-26_NHL-DB-Sched_v2.pdf,metro_north_danbury_branch_effective_2026-03-29_updated_2026-03-16.pdf,3,To Grand Central
Metro-North,Danbury Branch,New Haven Line - Danbury Branch,6561,To Grand Central,SONO,South Norwalk,8,20:26,,2026-03-29,,,weekend,2026-03-29,2026-03-16,,03-29-26_NHL-DB-Sched_v2.pdf,metro_north_danbury_branch_effective_2026-03-29_updated_2026-03-16.pdf,3,To Grand Central
Metro-North,Danbury Branch,New Haven Line - Danbury Branch,6561,To Grand Central,SONO,South Norwalk,9,,20:33,2026-03-29,,,weekend,2026-03-29,2026-03-16,,03-29-26_NHL-DB-Sched_v2.pdf,metro_north_danbury_branch_effective_2026-03-29_updated_2026-03-16.pdf,3,To Grand Central
Metro-North,Danbury Branch,New Haven Line - Danbury Branch,6561,To Grand Central,STM,Stamford,10,20:51,20:51,2026-03-29,,,weekend,2026-03-29,2026-03-16,,03-29-26_NHL-DB-Sched_v2.pdf,metro_north_danbury_branch_effective_2026-03-29_updated_2026-03-16.pdf,3,To Grand Central
Metro-North,Danbury Branch,New Haven Line - Danbury Branch,6561,To Grand Central,GCT,Grand Central,11,21:46,21:46,2026-03-29,,,weekend,2026-03-29,2026-03-16,,03-29-26_NHL-DB-Sched_v2.pdf,metro_north_danbury_branch_effective_2026-03-29_updated_2026-03-16.pdf,3,To Grand Central
Metro-North,Danbury Branch,New Haven Line - Danbury Branch,6573,To Grand Central,DAN,Danbury,1,23:25,23:25,2026-03-29,,,weekend,2026-03-29,2026-03-16,,03-29-26_NHL-DB-Sched_v2.pdf,metro_north_danbury_branch_effective_2026-03-29_updated_2026-03-16.pdf,3,To Grand Central
Metro-North,Danbury Branch,New Haven Line - Danbury Branch,6573,To Grand Central,BTH,Bethel,2,23:32,23:32,2026-03-29,,,weekend,2026-03-29,2026-03-16,,03-29-26_NHL-DB-Sched_v2.pdf,metro_north_danbury_branch_effective_2026-03-29_updated_2026-03-16.pdf,3,To Grand Central
Metro-North,Danbury Branch,New Haven Line - Danbury Branch,6573,To Grand Central,RDG,Redding,3,23:40,23:40,2026-03-29,,,weekend,2026-03-29,2026-03-16,,03-29-26_NHL-DB-Sched_v2.pdf,metro_north_danbury_branch_effective_2026-03-29_updated_2026-03-16.pdf,3,To Grand Central
Metro-North,Danbury Branch,New Haven Line - Danbury Branch,6573,To Grand Central,BVL,Branchville,4,23:48,23:48,2026-03-29,,,weekend,2026-03-29,2026-03-16,,03-29-26_NHL-DB-Sched_v2.pdf,metro_north_danbury_branch_effective_2026-03-29_updated_2026-03-16.pdf,3,To Grand Central
Metro-North,Danbury Branch,New Haven Line - Danbury Branch,6573,To Grand Central,CND,Cannondale,5,23:54,23:54,2026-03-29,,,weekend,2026-03-29,2026-03-16,,03-29-26_NHL-DB-Sched_v2.pdf,metro_north_danbury_branch_effective_2026-03-29_updated_2026-03-16.pdf,3,To Grand Central
Metro-North,Danbury Branch,New Haven Line - Danbury Branch,6573,To Grand Central,WILTON,Wilton,6,23:58,23:58,2026-03-29,,,weekend,2026-03-29,2026-03-16,,03-29-26_NHL-DB-Sched_v2.pdf,metro_north_danbury_branch_effective_2026-03-29_updated_2026-03-16.pdf,3,To Grand Central
Metro-North,Danbury Branch,New Haven Line - Danbury Branch,6573,To Grand Central,MRT7,Merritt 7,7,12:03,12:03,2026-03-29,,,weekend,2026-03-29,2026-03-16,,03-29-26_NHL-DB-Sched_v2.pdf,metro_north_danbury_branch_effective_2026-03-29_updated_2026-03-16.pdf,3,To Grand Central
Metro-North,Danbury Branch,New Haven Line - Danbury Branch,6573,To Grand Central,SONO,South Norwalk,8,12:18,,2026-03-29,,,weekend,2026-03-29,2026-03-16,,03-29-26_NHL-DB-Sched_v2.pdf,metro_north_danbury_branch_effective_2026-03-29_updated_2026-03-16.pdf,3,To Grand Central
Metro-North,Danbury Branch,New Haven Line - Danbury Branch,6573,To Grand Central,SONO,South Norwalk,9,,12:33,2026-03-29,,,weekend,2026-03-29,2026-03-16,,03-29-26_NHL-DB-Sched_v2.pdf,metro_north_danbury_branch_effective_2026-03-29_updated_2026-03-16.pdf,3,To Grand Central
Metro-North,Danbury Branch,New Haven Line - Danbury Branch,6573,To Grand Central,STM,Stamford,10,12:51,12:51,2026-03-29,,,weekend,2026-03-29,2026-03-16,,03-29-26_NHL-DB-Sched_v2.pdf,metro_north_danbury_branch_effective_2026-03-29_updated_2026-03-16.pdf,3,To Grand Central
Metro-North,Danbury Branch,New Haven Line - Danbury Branch,6573,To Grand Central,GCT,Grand Central,11,13:46,13:46,2026-03-29,,,weekend,2026-03-29,2026-03-16,,03-29-26_NHL-DB-Sched_v2.pdf,metro_north_danbury_branch_effective_2026-03-29_updated_2026-03-16.pdf,3,To Grand Central
Metro-North,Danbury Branch,New Haven Line - Danbury Branch,6810~1,Metro-North,GCT,Grand Central,1,08:02,08:02,2026-03-29,,,weekend,2026-03-29,2026-03-16,,03-29-26_NHL-DB-Sched_v2.pdf,metro_north_danbury_branch_effective_2026-03-29_updated_2026-03-16.pdf,3,Metro-North
Metro-North,Danbury Branch,New Haven Line - Danbury Branch,6810~2,From Grand Central,GCT,Grand Central,1,08:02,08:02,2026-03-29,,,weekend,2026-03-29,2026-03-16,,03-29-26_NHL-DB-Sched_v2.pdf,metro_north_danbury_branch_effective_2026-03-29_updated_2026-03-16.pdf,3,From Grand Central
Metro-North,Danbury Branch,New Haven Line - Danbury Branch,6810~2,From Grand Central,STM,Stamford,2,08:55,08:55,2026-03-29,,,weekend,2026-03-29,2026-03-16,,03-29-26_NHL-DB-Sched_v2.pdf,metro_north_danbury_branch_effective_2026-03-29_updated_2026-03-16.pdf,3,From Grand Central
Metro-North,Danbury Branch,New Haven Line - Danbury Branch,6810~2,From Grand Central,SONO,South Norwalk,3,09:12,09:12,2026-03-29,,,weekend,2026-03-29,2026-03-16,,03-29-26_NHL-DB-Sched_v2.pdf,metro_north_danbury_branch_effective_2026-03-29_updated_2026-03-16.pdf,3,From Grand Central
Metro-North,Danbury Branch,New Haven Line - Danbury Branch,6810~2,From Grand Central,SONO,South Norwalk,4,,09:19,2026-03-29,,,weekend,2026-03-29,2026-03-16,,03-29-26_NHL-DB-Sched_v2.pdf,metro_north_danbury_branch_effective_2026-03-29_updated_2026-03-16.pdf,3,From Grand Central
Metro-North,Danbury Branch,New Haven Line - Danbury Branch,6810~2,From Grand Central,MRT7,Merritt 7,5,09:29,09:29,2026-03-29,,,weekend,2026-03-29,2026-03-16,,03-29-26_NHL-DB-Sched_v2.pdf,metro_north_danbury_branch_effective_2026-03-29_updated_2026-03-16.pdf,3,From Grand Central
Metro-North,Danbury Branch,New Haven Line - Danbury Branch,6810~2,From Grand Central,WILTON,Wilton,6,09:35,09:35,2026-03-29,,,weekend,2026-03-29,2026-03-16,,03-29-26_NHL-DB-Sched_v2.pdf,metro_north_danbury_branch_effective_2026-03-29_updated_2026-03-16.pdf,3,From Grand Central
Metro-North,Danbury Branch,New Haven Line - Danbury Branch,6810~2,From Grand Central,CND,Cannondale,7,09:39,09:39,2026-03-29,,,weekend,2026-03-29,2026-03-16,,03-29-26_NHL-DB-Sched_v2.pdf,metro_north_danbury_branch_effective_2026-03-29_updated_2026-03-16.pdf,3,From Grand Central
Metro-North,Danbury Branch,New Haven Line - Danbury Branch,6810~2,From Grand Central,BVL,Branchville,8,09:45,09:45,2026-03-29,,,weekend,2026-03-29,2026-03-16,,03-29-26_NHL-DB-Sched_v2.pdf,metro_north_danbury_branch_effective_2026-03-29_updated_2026-03-16.pdf,3,From Grand Central
Metro-North,Danbury Branch,New Haven Line - Danbury Branch,6810~2,From Grand Central,RDG,Redding,9,09:53,09:53,2026-03-29,,,weekend,2026-03-29,2026-03-16,,03-29-26_NHL-DB-Sched_v2.pdf,metro_north_danbury_branch_effective_2026-03-29_updated_2026-03-16.pdf,3,From Grand Central
Metro-North,Danbury Branch,New Haven Line - Danbury Branch,6810~2,From Grand Central,BTH,Bethel,10,10:00,10:00,2026-03-29,,,weekend,2026-03-29,2026-03-16,,03-29-26_NHL-DB-Sched_v2.pdf,metro_north_danbury_branch_effective_2026-03-29_updated_2026-03-16.pdf,3,From Grand Central
Metro-North,Danbury Branch,New Haven Line - Danbury Branch,6810~2,From Grand Central,DAN,Danbury,11,10:13,10:13,2026-03-29,,,weekend,2026-03-29,2026-03-16,,03-29-26_NHL-DB-Sched_v2.pdf,metro_north_danbury_branch_effective_2026-03-29_updated_2026-03-16.pdf,3,From Grand Central
Metro-North,Danbury Branch,New Haven Line - Danbury Branch,6822,From Grand Central,GCT,Grand Central,1,11:02,11:02,2026-03-29,,,weekend,2026-03-29,2026-03-16,,03-29-26_NHL-DB-Sched_v2.pdf,metro_north_danbury_branch_effective_2026-03-29_updated_2026-03-16.pdf,3,From Grand Central
Metro-North,Danbury Branch,New Haven Line - Danbury Branch,6822,From Grand Central,STM,Stamford,2,11:54,11:54,2026-03-29,,,weekend,2026-03-29,2026-03-16,,03-29-26_NHL-DB-Sched_v2.pdf,metro_north_danbury_branch_effective_2026-03-29_updated_2026-03-16.pdf,3,From Grand Central
Metro-North,Danbury Branch,New Haven Line - Danbury Branch,6822,From Grand Central,SONO,South Norwalk,3,00:11,00:11,2026-03-29,,,weekend,2026-03-29,2026-03-16,,03-29-26_NHL-DB-Sched_v2.pdf,metro_north_danbury_branch_effective_2026-03-29_updated_2026-03-16.pdf,3,From Grand Central
Metro-North,Danbury Branch,New Haven Line - Danbury Branch,6822,From Grand Central,SONO,South Norwalk,4,,00:17,2026-03-29,,,weekend,2026-03-29,2026-03-16,,03-29-26_NHL-DB-Sched_v2.pdf,metro_north_danbury_branch_effective_2026-03-29_updated_2026-03-16.pdf,3,From Grand Central
Metro-North,Danbury Branch,New Haven Line - Danbury Branch,6822,From Grand Central,MRT7,Merritt 7,5,00:27,00:27,2026-03-29,,,weekend,2026-03-29,2026-03-16,,03-29-26_NHL-DB-Sched_v2.pdf,metro_north_danbury_branch_effective_2026-03-29_updated_2026-03-16.pdf,3,From Grand Central
Metro-North,Danbury Branch,New Haven Line - Danbury Branch,6822,From Grand Central,WILTON,Wilton,6,00:33,00:33,2026-03-29,,,weekend,2026-03-29,2026-03-16,,03-29-26_NHL-DB-Sched_v2.pdf,metro_north_danbury_branch_effective_2026-03-29_updated_2026-03-16.pdf,3,From Grand Central
Metro-North,Danbury Branch,New Haven Line - Danbury Branch,6822,From Grand Central,CND,Cannondale,7,00:37,00:37,2026-03-29,,,weekend,2026-03-29,2026-03-16,,03-29-26_NHL-DB-Sched_v2.pdf,metro_north_danbury_branch_effective_2026-03-29_updated_2026-03-16.pdf,3,From Grand Central
Metro-North,Danbury Branch,New Haven Line - Danbury Branch,6822,From Grand Central,BVL,Branchville,8,00:43,00:43,2026-03-29,,,weekend,2026-03-29,2026-03-16,,03-29-26_NHL-DB-Sched_v2.pdf,metro_north_danbury_branch_effective_2026-03-29_updated_2026-03-16.pdf,3,From Grand Central
Metro-North,Danbury Branch,New Haven Line - Danbury Branch,6822,From Grand Central,RDG,Redding,9,00:51,00:51,2026-03-29,,,weekend,2026-03-29,2026-03-16,,03-29-26_NHL-DB-Sched_v2.pdf,metro_north_danbury_branch_effective_2026-03-29_updated_2026-03-16.pdf,3,From Grand Central
Metro-North,Danbury Branch,New Haven Line - Danbury Branch,6822,From Grand Central,BTH,Bethel,10,00:58,00:58,2026-03-29,,,weekend,2026-03-29,2026-03-16,,03-29-26_NHL-DB-Sched_v2.pdf,metro_north_danbury_branch_effective_2026-03-29_updated_2026-03-16.pdf,3,From Grand Central
Metro-North,Danbury Branch,New Haven Line - Danbury Branch,6822,From Grand Central,DAN,Danbury,11,01:11,01:11,2026-03-29,,,weekend,2026-03-29,2026-03-16,,03-29-26_NHL-DB-Sched_v2.pdf,metro_north_danbury_branch_effective_2026-03-29_updated_2026-03-16.pdf,3,From Grand Central
Metro-North,Danbury Branch,New Haven Line - Danbury Branch,6834,From Grand Central,GCT,Grand Central,1,14:02,14:02,2026-03-29,,,weekend,2026-03-29,2026-03-16,,03-29-26_NHL-DB-Sched_v2.pdf,metro_north_danbury_branch_effective_2026-03-29_updated_2026-03-16.pdf,3,From Grand Central
Metro-North,Danbury Branch,New Haven Line - Danbury Branch,6834,From Grand Central,STM,Stamford,2,14:54,14:54,2026-03-29,,,weekend,2026-03-29,2026-03-16,,03-29-26_NHL-DB-Sched_v2.pdf,metro_north_danbury_branch_effective_2026-03-29_updated_2026-03-16.pdf,3,From Grand Central
Metro-North,Danbury Branch,New Haven Line - Danbury Branch,6834,From Grand Central,SONO,South Norwalk,3,15:11,15:11,2026-03-29,,,weekend,2026-03-29,2026-03-16,,03-29-26_NHL-DB-Sched_v2.pdf,metro_north_danbury_branch_effective_2026-03-29_updated_2026-03-16.pdf,3,From Grand Central
Metro-North,Danbury Branch,New Haven Line - Danbury Branch,6834,From Grand Central,SONO,South Norwalk,4,,15:17,2026-03-29,,,weekend,2026-03-29,2026-03-16,,03-29-26_NHL-DB-Sched_v2.pdf,metro_north_danbury_branch_effective_2026-03-29_updated_2026-03-16.pdf,3,From Grand Central
Metro-North,Danbury Branch,New Haven Line - Danbury Branch,6834,From Grand Central,MRT7,Merritt 7,5,15:27,15:27,2026-03-29,,,weekend,2026-03-29,2026-03-16,,03-29-26_NHL-DB-Sched_v2.pdf,metro_north_danbury_branch_effective_2026-03-29_updated_2026-03-16.pdf,3,From Grand Central
Metro-North,Danbury Branch,New Haven Line - Danbury Branch,6834,From Grand Central,WILTON,Wilton,6,15:33,15:33,2026-03-29,,,weekend,2026-03-29,2026-03-16,,03-29-26_NHL-DB-Sched_v2.pdf,metro_north_danbury_branch_effective_2026-03-29_updated_2026-03-16.pdf,3,From Grand Central
Metro-North,Danbury Branch,New Haven Line - Danbury Branch,6834,From Grand Central,CND,Cannondale,7,15:37,15:37,2026-03-29,,,weekend,2026-03-29,2026-03-16,,03-29-26_NHL-DB-Sched_v2.pdf,metro_north_danbury_branch_effective_2026-03-29_updated_2026-03-16.pdf,3,From Grand Central
Metro-North,Danbury Branch,New Haven Line - Danbury Branch,6834,From Grand Central,BVL,Branchville,8,15:43,15:43,2026-03-29,,,weekend,2026-03-29,2026-03-16,,03-29-26_NHL-DB-Sched_v2.pdf,metro_north_danbury_branch_effective_2026-03-29_updated_2026-03-16.pdf,3,From Grand Central
Metro-North,Danbury Branch,New Haven Line - Danbury Branch,6834,From Grand Central,RDG,Redding,9,15:51,15:51,2026-03-29,,,weekend,2026-03-29,2026-03-16,,03-29-26_NHL-DB-Sched_v2.pdf,metro_north_danbury_branch_effective_2026-03-29_updated_2026-03-16.pdf,3,From Grand Central
Metro-North,Danbury Branch,New Haven Line - Danbury Branch,6834,From Grand Central,BTH,Bethel,10,15:58,15:58,2026-03-29,,,weekend,2026-03-29,2026-03-16,,03-29-26_NHL-DB-Sched_v2.pdf,metro_north_danbury_branch_effective_2026-03-29_updated_2026-03-16.pdf,3,From Grand Central
Metro-North,Danbury Branch,New Haven Line - Danbury Branch,6834,From Grand Central,DAN,Danbury,11,16:11,16:11,2026-03-29,,,weekend,2026-03-29,2026-03-16,,03-29-26_NHL-DB-Sched_v2.pdf,metro_north_danbury_branch_effective_2026-03-29_updated_2026-03-16.pdf,3,From Grand Central
Metro-North,Danbury Branch,New Haven Line - Danbury Branch,6846,From Grand Central,GCT,Grand Central,1,17:02,17:02,2026-03-29,,,weekend,2026-03-29,2026-03-16,,03-29-26_NHL-DB-Sched_v2.pdf,metro_north_danbury_branch_effective_2026-03-29_updated_2026-03-16.pdf,3,From Grand Central
Metro-North,Danbury Branch,New Haven Line - Danbury Branch,6846,From Grand Central,STM,Stamford,2,17:54,17:54,2026-03-29,,,weekend,2026-03-29,2026-03-16,,03-29-26_NHL-DB-Sched_v2.pdf,metro_north_danbury_branch_effective_2026-03-29_updated_2026-03-16.pdf,3,From Grand Central
Metro-North,Danbury Branch,New Haven Line - Danbury Branch,6846,From Grand Central,SONO,South Norwalk,3,18:11,18:11,2026-03-29,,,weekend,2026-03-29,2026-03-16,,03-29-26_NHL-DB-Sched_v2.pdf,metro_north_danbury_branch_effective_2026-03-29_updated_2026-03-16.pdf,3,From Grand Central
Metro-North,Danbury Branch,New Haven Line - Danbury Branch,6846,From Grand Central,SONO,South Norwalk,4,,18:17,2026-03-29,,,weekend,2026-03-29,2026-03-16,,03-29-26_NHL-DB-Sched_v2.pdf,metro_north_danbury_branch_effective_2026-03-29_updated_2026-03-16.pdf,3,From Grand Central
Metro-North,Danbury Branch,New Haven Line - Danbury Branch,6846,From Grand Central,MRT7,Merritt 7,5,18:27,18:27,2026-03-29,,,weekend,2026-03-29,2026-03-16,,03-29-26_NHL-DB-Sched_v2.pdf,metro_north_danbury_branch_effective_2026-03-29_updated_2026-03-16.pdf,3,From Grand Central
Metro-North,Danbury Branch,New Haven Line - Danbury Branch,6846,From Grand Central,WILTON,Wilton,6,18:33,18:33,2026-03-29,,,weekend,2026-03-29,2026-03-16,,03-29-26_NHL-DB-Sched_v2.pdf,metro_north_danbury_branch_effective_2026-03-29_updated_2026-03-16.pdf,3,From Grand Central
Metro-North,Danbury Branch,New Haven Line - Danbury Branch,6846,From Grand Central,CND,Cannondale,7,18:37,18:37,2026-03-29,,,weekend,2026-03-29,2026-03-16,,03-29-26_NHL-DB-Sched_v2.pdf,metro_north_danbury_branch_effective_2026-03-29_updated_2026-03-16.pdf,3,From Grand Central
Metro-North,Danbury Branch,New Haven Line - Danbury Branch,6846,From Grand Central,BVL,Branchville,8,18:43,18:43,2026-03-29,,,weekend,2026-03-29,2026-03-16,,03-29-26_NHL-DB-Sched_v2.pdf,metro_north_danbury_branch_effective_2026-03-29_updated_2026-03-16.pdf,3,From Grand Central
Metro-North,Danbury Branch,New Haven Line - Danbury Branch,6846,From Grand Central,RDG,Redding,9,18:51,18:51,2026-03-29,,,weekend,2026-03-29,2026-03-16,,03-29-26_NHL-DB-Sched_v2.pdf,metro_north_danbury_branch_effective_2026-03-29_updated_2026-03-16.pdf,3,From Grand Central
Metro-North,Danbury Branch,New Haven Line - Danbury Branch,6846,From Grand Central,BTH,Bethel,10,18:58,18:58,2026-03-29,,,weekend,2026-03-29,2026-03-16,,03-29-26_NHL-DB-Sched_v2.pdf,metro_north_danbury_branch_effective_2026-03-29_updated_2026-03-16.pdf,3,From Grand Central
Metro-North,Danbury Branch,New Haven Line - Danbury Branch,6846,From Grand Central,DAN,Danbury,11,19:11,19:11,2026-03-29,,,weekend,2026-03-29,2026-03-16,,03-29-26_NHL-DB-Sched_v2.pdf,metro_north_danbury_branch_effective_2026-03-29_updated_2026-03-16.pdf,3,From Grand Central
Metro-North,Danbury Branch,New Haven Line - Danbury Branch,6862,From Grand Central,GCT,Grand Central,1,21:02,21:02,2026-03-29,,,weekend,2026-03-29,2026-03-16,,03-29-26_NHL-DB-Sched_v2.pdf,metro_north_danbury_branch_effective_2026-03-29_updated_2026-03-16.pdf,3,From Grand Central
Metro-North,Danbury Branch,New Haven Line - Danbury Branch,6862,From Grand Central,STM,Stamford,2,21:54,21:54,2026-03-29,,,weekend,2026-03-29,2026-03-16,,03-29-26_NHL-DB-Sched_v2.pdf,metro_north_danbury_branch_effective_2026-03-29_updated_2026-03-16.pdf,3,From Grand Central
Metro-North,Danbury Branch,New Haven Line - Danbury Branch,6862,From Grand Central,SONO,South Norwalk,3,22:11,22:11,2026-03-29,,,weekend,2026-03-29,2026-03-16,,03-29-26_NHL-DB-Sched_v2.pdf,metro_north_danbury_branch_effective_2026-03-29_updated_2026-03-16.pdf,3,From Grand Central
Metro-North,Danbury Branch,New Haven Line - Danbury Branch,6862,From Grand Central,SONO,South Norwalk,4,,22:17,2026-03-29,,,weekend,2026-03-29,2026-03-16,,03-29-26_NHL-DB-Sched_v2.pdf,metro_north_danbury_branch_effective_2026-03-29_updated_2026-03-16.pdf,3,From Grand Central
Metro-North,Danbury Branch,New Haven Line - Danbury Branch,6862,From Grand Central,MRT7,Merritt 7,5,22:27,22:27,2026-03-29,,,weekend,2026-03-29,2026-03-16,,03-29-26_NHL-DB-Sched_v2.pdf,metro_north_danbury_branch_effective_2026-03-29_updated_2026-03-16.pdf,3,From Grand Central
Metro-North,Danbury Branch,New Haven Line - Danbury Branch,6862,From Grand Central,WILTON,Wilton,6,22:33,22:33,2026-03-29,,,weekend,2026-03-29,2026-03-16,,03-29-26_NHL-DB-Sched_v2.pdf,metro_north_danbury_branch_effective_2026-03-29_updated_2026-03-16.pdf,3,From Grand Central
Metro-North,Danbury Branch,New Haven Line - Danbury Branch,6862,From Grand Central,CND,Cannondale,7,22:37,22:37,2026-03-29,,,weekend,2026-03-29,2026-03-16,,03-29-26_NHL-DB-Sched_v2.pdf,metro_north_danbury_branch_effective_2026-03-29_updated_2026-03-16.pdf,3,From Grand Central
Metro-North,Danbury Branch,New Haven Line - Danbury Branch,6862,From Grand Central,BVL,Branchville,8,22:43,22:43,2026-03-29,,,weekend,2026-03-29,2026-03-16,,03-29-26_NHL-DB-Sched_v2.pdf,metro_north_danbury_branch_effective_2026-03-29_updated_2026-03-16.pdf,3,From Grand Central
Metro-North,Danbury Branch,New Haven Line - Danbury Branch,6862,From Grand Central,RDG,Redding,9,22:51,22:51,2026-03-29,,,weekend,2026-03-29,2026-03-16,,03-29-26_NHL-DB-Sched_v2.pdf,metro_north_danbury_branch_effective_2026-03-29_updated_2026-03-16.pdf,3,From Grand Central
Metro-North,Danbury Branch,New Haven Line - Danbury Branch,6862,From Grand Central,BTH,Bethel,10,22:58,22:58,2026-03-29,,,weekend,2026-03-29,2026-03-16,,03-29-26_NHL-DB-Sched_v2.pdf,metro_north_danbury_branch_effective_2026-03-29_updated_2026-03-16.pdf,3,From Grand Central
Metro-North,Danbury Branch,New Haven Line - Danbury Branch,6862,From Grand Central,DAN,Danbury,11,23:11,23:11,2026-03-29,,,weekend,2026-03-29,2026-03-16,,03-29-26_NHL-DB-Sched_v2.pdf,metro_north_danbury_branch_effective_2026-03-29_updated_2026-03-16.pdf,3,From Grand Central
Metro-North,Danbury Branch,New Haven Line - Danbury Branch,6870,From Grand Central,GCT,Grand Central,1,23:28,23:28,2026-03-29,,,weekend,2026-03-29,2026-03-16,,03-29-26_NHL-DB-Sched_v2.pdf,metro_north_danbury_branch_effective_2026-03-29_updated_2026-03-16.pdf,3,From Grand Central
Metro-North,Danbury Branch,New Haven Line - Danbury Branch,6870,From Grand Central,STM,Stamford,2,12:16,12:16,2026-03-29,,,weekend,2026-03-29,2026-03-16,,03-29-26_NHL-DB-Sched_v2.pdf,metro_north_danbury_branch_effective_2026-03-29_updated_2026-03-16.pdf,3,From Grand Central
Metro-North,Danbury Branch,New Haven Line - Danbury Branch,6870,From Grand Central,SONO,South Norwalk,3,12:31,12:31,2026-03-29,,,weekend,2026-03-29,2026-03-16,,03-29-26_NHL-DB-Sched_v2.pdf,metro_north_danbury_branch_effective_2026-03-29_updated_2026-03-16.pdf,3,From Grand Central
Metro-North,Danbury Branch,New Haven Line - Danbury Branch,6870,From Grand Central,SONO,South Norwalk,4,,12:35,2026-03-29,,,weekend,2026-03-29,2026-03-16,,03-29-26_NHL-DB-Sched_v2.pdf,metro_north_danbury_branch_effective_2026-03-29_updated_2026-03-16.pdf,3,From Grand Central
Metro-North,Danbury Branch,New Haven Line - Danbury Branch,6870,From Grand Central,MRT7,Merritt 7,5,12:45,12:45,2026-03-29,,,weekend,2026-03-29,2026-03-16,,03-29-26_NHL-DB-Sched_v2.pdf,metro_north_danbury_branch_effective_2026-03-29_updated_2026-03-16.pdf,3,From Grand Central
Metro-North,Danbury Branch,New Haven Line - Danbury Branch,6870,From Grand Central,WILTON,Wilton,6,12:51,12:51,2026-03-29,,,weekend,2026-03-29,2026-03-16,,03-29-26_NHL-DB-Sched_v2.pdf,metro_north_danbury_branch_effective_2026-03-29_updated_2026-03-16.pdf,3,From Grand Central
Metro-North,Danbury Branch,New Haven Line - Danbury Branch,6870,From Grand Central,CND,Cannondale,7,12:55,12:55,2026-03-29,,,weekend,2026-03-29,2026-03-16,,03-29-26_NHL-DB-Sched_v2.pdf,metro_north_danbury_branch_effective_2026-03-29_updated_2026-03-16.pdf,3,From Grand Central
Metro-North,Danbury Branch,New Haven Line - Danbury Branch,6870,From Grand Central,BVL,Branchville,8,13:01,13:01,2026-03-29,,,weekend,2026-03-29,2026-03-16,,03-29-26_NHL-DB-Sched_v2.pdf,metro_north_danbury_branch_effective_2026-03-29_updated_2026-03-16.pdf,3,From Grand Central
Metro-North,Danbury Branch,New Haven Line - Danbury Branch,6870,From Grand Central,RDG,Redding,9,13:09,13:09,2026-03-29,,,weekend,2026-03-29,2026-03-16,,03-29-26_NHL-DB-Sched_v2.pdf,metro_north_danbury_branch_effective_2026-03-29_updated_2026-03-16.pdf,3,From Grand Central
Metro-North,Danbury Branch,New Haven Line - Danbury Branch,6870,From Grand Central,BTH,Bethel,10,13:16,13:16,2026-03-29,,,weekend,2026-03-29,2026-03-16,,03-29-26_NHL-DB-Sched_v2.pdf,metro_north_danbury_branch_effective_2026-03-29_updated_2026-03-16.pdf,3,From Grand Central
Metro-North,Danbury Branch,New Haven Line - Danbury Branch,6870,From Grand Central,DAN,Danbury,11,13:29,13:29,2026-03-29,,,weekend,2026-03-29,2026-03-16,,03-29-26_NHL-DB-Sched_v2.pdf,metro_north_danbury_branch_effective_2026-03-29_updated_2026-03-16.pdf,3,From Grand Central
