agency,service_name,route_name,train_number,direction,station_id,station_name,station_sequence,arrival_time,departure_time,service_start_date,service_end_date,service_dates,service_days,timetable_effective_date,timetable_last_updated_date,timetable_revision_date,source_original_filename,source_pdf,source_page,raw_notes
Metro-North,New Canaan Branch,New Haven Line - New Canaan Branch,1516,From Grand Central,GCT,Grand Central,1,09:05,09:05,2026-03-29,,,weekday,2026-03-29,2026-03-16,,03-29-26_NHL-NC-Sched_v2.pdf,metro_north_new_canaan_branch_effective_2026-03-29_updated_2026-03-16.pdf,2,From Grand Central
Metro-North,New Canaan Branch,New Haven Line - New Canaan Branch,1516,From Grand Central,STM,Stamford,2,09:56,,2026-03-29,,,weekday,2026-03-29,2026-03-16,,03-29-26_NHL-NC-Sched_v2.pdf,metro_north_new_canaan_branch_effective_2026-03-29_updated_2026-03-16.pdf,2,From Grand Central
Metro-North,New Canaan Branch,New Haven Line - New Canaan Branch,1516,From Grand Central,STM,Stamford,3,,10:03,2026-03-29,,,weekday,2026-03-29,2026-03-16,,03-29-26_NHL-NC-Sched_v2.pdf,metro_north_new_canaan_branch_effective_2026-03-29_updated_2026-03-16.pdf,2,From Grand Central
Metro-North,New Canaan Branch,New Haven Line - New Canaan Branch,1516,From Grand Central,GLB,Glenbrook,4,10:07,10:07,2026-03-29,,,weekday,2026-03-29,2026-03-16,,03-29-26_NHL-NC-Sched_v2.pdf,metro_north_new_canaan_branch_effective_2026-03-29_updated_2026-03-16.pdf,2,From Grand Central
Metro-North,New Canaan Branch,New Haven Line - New Canaan Branch,1516,From Grand Central,SPD,Springdale,5,10:10,10:10,2026-03-29,,,weekday,2026-03-29,2026-03-16,,03-29-26_NHL-NC-Sched_v2.pdf,metro_north_new_canaan_branch_effective_2026-03-29_updated_2026-03-16.pdf,2,From Grand Central
Metro-North,New Canaan Branch,New Haven Line - New Canaan Branch,1516,From Grand Central,TMH,Talmadge Hill,6,10:14,10:14,2026-03-29,,,weekday,2026-03-29,2026-03-16,,03-29-26_NHL-NC-Sched_v2.pdf,metro_north_new_canaan_branch_effective_2026-03-29_updated_2026-03-16.pdf,2,From Grand Central
Metro-North,New Canaan Branch,New Haven Line - New Canaan Branch,1516,From Grand Central,NCN,New Canaan,7,10:21,10:21,2026-03-29,,,weekday,2026-03-29,2026-03-16,,03-29-26_NHL-NC-Sched_v2.pdf,metro_north_new_canaan_branch_effective_2026-03-29_updated_2026-03-16.pdf,2,From Grand Central
Metro-North,New Canaan Branch,New Haven Line - New Canaan Branch,1518,From Grand Central,GCT,Grand Central,1,10:04,10:04,2026-03-29,,,weekday,2026-03-29,2026-03-16,,03-29-26_NHL-NC-Sched_v2.pdf,metro_north_new_canaan_branch_effective_2026-03-29_updated_2026-03-16.pdf,2,From Grand Central
Metro-North,New Canaan Branch,New Haven Line - New Canaan Branch,1518,From Grand Central,STM,Stamford,2,10:10,,2026-03-29,,,weekday,2026-03-29,2026-03-16,,03-29-26_NHL-NC-Sched_v2.pdf,metro_north_new_canaan_branch_effective_2026-03-29_updated_2026-03-16.pdf,2,From Grand Central
Metro-North,New Canaan Branch,New Haven Line - New Canaan Branch,1518,From Grand Central,STM,Stamford,3,,11:01,2026-03-29,,,weekday,2026-03-29,2026-03-16,,03-29-26_NHL-NC-Sched_v2.pdf,metro_north_new_canaan_branch_effective_2026-03-29_updated_2026-03-16.pdf,2,From Grand Central
Metro-North,New Canaan Branch,New Haven Line - New Canaan Branch,1518,From Grand Central,GLB,Glenbrook,4,11:05,11:05,2026-03-29,,,weekday,2026-03-29,2026-03-16,,03-29-26_NHL-NC-Sched_v2.pdf,metro_north_new_canaan_branch_effective_2026-03-29_updated_2026-03-16.pdf,2,From Grand Central
Metro-North,New Canaan Branch,New Haven Line - New Canaan Branch,1518,From Grand Central,SPD,Springdale,5,11:08,11:08,2026-03-29,,,weekday,2026-03-29,2026-03-16,,03-29-26_NHL-NC-Sched_v2.pdf,metro_north_new_canaan_branch_effective_2026-03-29_updated_2026-03-16.pdf,2,From Grand Central
Metro-North,New Canaan Branch,New Haven Line - New Canaan Branch,1518,From Grand Central,TMH,Talmadge Hill,6,11:12,11:12,2026-03-29,,,weekday,2026-03-29,2026-03-16,,03-29-26_NHL-NC-Sched_v2.pdf,metro_north_new_canaan_branch_effective_2026-03-29_updated_2026-03-16.pdf,2,From Grand Central
Metro-North,New Canaan Branch,New Haven Line - New Canaan Branch,1518,From Grand Central,NCN,New Canaan,7,11:19,11:19,2026-03-29,,,weekday,2026-03-29,2026-03-16,,03-29-26_NHL-NC-Sched_v2.pdf,metro_north_new_canaan_branch_effective_2026-03-29_updated_2026-03-16.pdf,2,From Grand Central
Metro-North,New Canaan Branch,New Haven Line - New Canaan Branch,1526,From Grand Central,GCT,Grand Central,1,12:04,12:04,2026-03-29,,,weekday,2026-03-29,2026-03-16,,03-29-26_NHL-NC-Sched_v2.pdf,metro_north_new_canaan_branch_effective_2026-03-29_updated_2026-03-16.pdf,2,From Grand Central
Metro-North,New Canaan Branch,New Haven Line - New Canaan Branch,1526,From Grand Central,STM,Stamford,2,12:12,,2026-03-29,,,weekday,2026-03-29,2026-03-16,,03-29-26_NHL-NC-Sched_v2.pdf,metro_north_new_canaan_branch_effective_2026-03-29_updated_2026-03-16.pdf,2,From Grand Central
Metro-North,New Canaan Branch,New Haven Line - New Canaan Branch,1530,From Grand Central,GCT,Grand Central,1,13:04,13:04,2026-03-29,,,weekday,2026-03-29,2026-03-16,,03-29-26_NHL-NC-Sched_v2.pdf,metro_north_new_canaan_branch_effective_2026-03-29_updated_2026-03-16.pdf,2,From Grand Central
Metro-North,New Canaan Branch,New Haven Line - New Canaan Branch,1530,From Grand Central,STM,Stamford,2,13:55,,2026-03-29,,,weekday,2026-03-29,2026-03-16,,03-29-26_NHL-NC-Sched_v2.pdf,metro_north_new_canaan_branch_effective_2026-03-29_updated_2026-03-16.pdf,2,From Grand Central
Metro-North,New Canaan Branch,New Haven Line - New Canaan Branch,1530,From Grand Central,STM,Stamford,3,,14:01,2026-03-29,,,weekday,2026-03-29,2026-03-16,,03-29-26_NHL-NC-Sched_v2.pdf,metro_north_new_canaan_branch_effective_2026-03-29_updated_2026-03-16.pdf,2,From Grand Central; C
Metro-North,New Canaan Branch,New Haven Line - New Canaan Branch,1530,From Grand Central,GLB,Glenbrook,4,14:05,14:05,2026-03-29,,,weekday,2026-03-29,2026-03-16,,03-29-26_NHL-NC-Sched_v2.pdf,metro_north_new_canaan_branch_effective_2026-03-29_updated_2026-03-16.pdf,2,From Grand Central; C
Metro-North,New Canaan Branch,New Haven Line - New Canaan Branch,1530,From Grand Central,SPD,Springdale,5,14:08,14:08,2026-03-29,,,weekday,2026-03-29,2026-03-16,,03-29-26_NHL-NC-Sched_v2.pdf,metro_north_new_canaan_branch_effective_2026-03-29_updated_2026-03-16.pdf,2,From Grand Central; C
Metro-North,New Canaan Branch,New Haven Line - New Canaan Branch,1530,From Grand Central,TMH,Talmadge Hill,6,14:12,14:12,2026-03-29,,,weekday,2026-03-29,2026-03-16,,03-29-26_NHL-NC-Sched_v2.pdf,metro_north_new_canaan_branch_effective_2026-03-29_updated_2026-03-16.pdf,2,From Grand Central; C
Metro-North,New Canaan Branch,New Haven Line - New Canaan Branch,1530,From Grand Central,NCN,New Canaan,7,14:19,14:19,2026-03-29,,,weekday,2026-03-29,2026-03-16,,03-29-26_NHL-NC-Sched_v2.pdf,metro_north_new_canaan_branch_effective_2026-03-29_updated_2026-03-16.pdf,2,From Grand Central; C
Metro-North,New Canaan Branch,New Haven Line - New Canaan Branch,1534,From Grand Central,GCT,Grand Central,1,14:04,14:04,2026-03-29,,,weekday,2026-03-29,2026-03-16,,03-29-26_NHL-NC-Sched_v2.pdf,metro_north_new_canaan_branch_effective_2026-03-29_updated_2026-03-16.pdf,2,From Grand Central
Metro-North,New Canaan Branch,New Haven Line - New Canaan Branch,1534,From Grand Central,STM,Stamford,2,14:55,,2026-03-29,,,weekday,2026-03-29,2026-03-16,,03-29-26_NHL-NC-Sched_v2.pdf,metro_north_new_canaan_branch_effective_2026-03-29_updated_2026-03-16.pdf,2,From Grand Central
Metro-North,New Canaan Branch,New Haven Line - New Canaan Branch,1534,From Grand Central,STM,Stamford,3,,15:01,2026-03-29,,,weekday,2026-03-29,2026-03-16,,03-29-26_NHL-NC-Sched_v2.pdf,metro_north_new_canaan_branch_effective_2026-03-29_updated_2026-03-16.pdf,2,From Grand Central; C
Metro-North,New Canaan Branch,New Haven Line - New Canaan Branch,1534,From Grand Central,GLB,Glenbrook,4,15:05,15:05,2026-03-29,,,weekday,2026-03-29,2026-03-16,,03-29-26_NHL-NC-Sched_v2.pdf,metro_north_new_canaan_branch_effective_2026-03-29_updated_2026-03-16.pdf,2,From Grand Central; C
Metro-North,New Canaan Branch,New Haven Line - New Canaan Branch,1534,From Grand Central,SPD,Springdale,5,15:08,15:08,2026-03-29,,,weekday,2026-03-29,2026-03-16,,03-29-26_NHL-NC-Sched_v2.pdf,metro_north_new_canaan_branch_effective_2026-03-29_updated_2026-03-16.pdf,2,From Grand Central; C
Metro-North,New Canaan Branch,New Haven Line - New Canaan Branch,1534,From Grand Central,TMH,Talmadge Hill,6,15:12,15:12,2026-03-29,,,weekday,2026-03-29,2026-03-16,,03-29-26_NHL-NC-Sched_v2.pdf,metro_north_new_canaan_branch_effective_2026-03-29_updated_2026-03-16.pdf,2,From Grand Central; C
Metro-North,New Canaan Branch,New Haven Line - New Canaan Branch,1534,From Grand Central,NCN,New Canaan,7,15:19,15:19,2026-03-29,,,weekday,2026-03-29,2026-03-16,,03-29-26_NHL-NC-Sched_v2.pdf,metro_north_new_canaan_branch_effective_2026-03-29_updated_2026-03-16.pdf,2,From Grand Central; C
Metro-North,New Canaan Branch,New Haven Line - New Canaan Branch,1538,From Grand Central,GCT,Grand Central,1,15:05,15:05,2026-03-29,,,weekday,2026-03-29,2026-03-16,,03-29-26_NHL-NC-Sched_v2.pdf,metro_north_new_canaan_branch_effective_2026-03-29_updated_2026-03-16.pdf,2,From Grand Central
Metro-North,New Canaan Branch,New Haven Line - New Canaan Branch,1538,From Grand Central,STM,Stamford,2,15:54,,2026-03-29,,,weekday,2026-03-29,2026-03-16,,03-29-26_NHL-NC-Sched_v2.pdf,metro_north_new_canaan_branch_effective_2026-03-29_updated_2026-03-16.pdf,2,From Grand Central
Metro-North,New Canaan Branch,New Haven Line - New Canaan Branch,1538,From Grand Central,STM,Stamford,3,,15:58,2026-03-29,,,weekday,2026-03-29,2026-03-16,,03-29-26_NHL-NC-Sched_v2.pdf,metro_north_new_canaan_branch_effective_2026-03-29_updated_2026-03-16.pdf,2,From Grand Central; C
Metro-North,New Canaan Branch,New Haven Line - New Canaan Branch,1538,From Grand Central,GLB,Glenbrook,4,16:02,16:02,2026-03-29,,,weekday,2026-03-29,2026-03-16,,03-29-26_NHL-NC-Sched_v2.pdf,metro_north_new_canaan_branch_effective_2026-03-29_updated_2026-03-16.pdf,2,From Grand Central; C
Metro-North,New Canaan Branch,New Haven Line - New Canaan Branch,1538,From Grand Central,SPD,Springdale,5,16:05,16:05,2026-03-29,,,weekday,2026-03-29,2026-03-16,,03-29-26_NHL-NC-Sched_v2.pdf,metro_north_new_canaan_branch_effective_2026-03-29_updated_2026-03-16.pdf,2,From Grand Central; C
Metro-North,New Canaan Branch,New Haven Line - New Canaan Branch,1538,From Grand Central,TMH,Talmadge Hill,6,16:09,16:09,2026-03-29,,,weekday,2026-03-29,2026-03-16,,03-29-26_NHL-NC-Sched_v2.pdf,metro_north_new_canaan_branch_effective_2026-03-29_updated_2026-03-16.pdf,2,From Grand Central; C
Metro-North,New Canaan Branch,New Haven Line - New Canaan Branch,1538,From Grand Central,NCN,New Canaan,7,16:16,16:16,2026-03-29,,,weekday,2026-03-29,2026-03-16,,03-29-26_NHL-NC-Sched_v2.pdf,metro_north_new_canaan_branch_effective_2026-03-29_updated_2026-03-16.pdf,2,From Grand Central; C
Metro-North,New Canaan Branch,New Haven Line - New Canaan Branch,1586,From Grand Central,GLB,Glenbrook,1,22:02,22:02,2026-03-29,,,weekday,2026-03-29,2026-03-16,,03-29-26_NHL-NC-Sched_v2.pdf,metro_north_new_canaan_branch_effective_2026-03-29_updated_2026-03-16.pdf,2,From Grand Central
Metro-North,New Canaan Branch,New Haven Line - New Canaan Branch,1586,From Grand Central,SPD,Springdale,2,22:05,22:05,2026-03-29,,,weekday,2026-03-29,2026-03-16,,03-29-26_NHL-NC-Sched_v2.pdf,metro_north_new_canaan_branch_effective_2026-03-29_updated_2026-03-16.pdf,2,From Grand Central
Metro-North,New Canaan Branch,New Haven Line - New Canaan Branch,1586,From Grand Central,TMH,Talmadge Hill,3,22:09,22:09,2026-03-29,,,weekday,2026-03-29,2026-03-16,,03-29-26_NHL-NC-Sched_v2.pdf,metro_north_new_canaan_branch_effective_2026-03-29_updated_2026-03-16.pdf,2,From Grand Central
Metro-North,New Canaan Branch,New Haven Line - New Canaan Branch,1586,From Grand Central,NCN,New Canaan,4,22:16,22:16,2026-03-29,,,weekday,2026-03-29,2026-03-16,,03-29-26_NHL-NC-Sched_v2.pdf,metro_north_new_canaan_branch_effective_2026-03-29_updated_2026-03-16.pdf,2,From Grand Central
Metro-North,New Canaan Branch,New Haven Line - New Canaan Branch,1590,From Grand Central,GCT,Grand Central,1,22:07,22:07,2026-03-29,,,weekday,2026-03-29,2026-03-16,,03-29-26_NHL-NC-Sched_v2.pdf,metro_north_new_canaan_branch_effective_2026-03-29_updated_2026-03-16.pdf,2,From Grand Central
Metro-North,New Canaan Branch,New Haven Line - New Canaan Branch,1590,From Grand Central,STM,Stamford,2,22:10,,2026-03-29,,,weekday,2026-03-29,2026-03-16,,03-29-26_NHL-NC-Sched_v2.pdf,metro_north_new_canaan_branch_effective_2026-03-29_updated_2026-03-16.pdf,2,From Grand Central
Metro-North,New Canaan Branch,New Haven Line - New Canaan Branch,1590,From Grand Central,STM,Stamford,3,,22:58,2026-03-29,,,weekday,2026-03-29,2026-03-16,,03-29-26_NHL-NC-Sched_v2.pdf,metro_north_new_canaan_branch_effective_2026-03-29_updated_2026-03-16.pdf,2,From Grand Central
Metro-North,New Canaan Branch,New Haven Line - New Canaan Branch,1590,From Grand Central,GLB,Glenbrook,4,23:02,23:02,2026-03-29,,,weekday,2026-03-29,2026-03-16,,03-29-26_NHL-NC-Sched_v2.pdf,metro_north_new_canaan_branch_effective_2026-03-29_updated_2026-03-16.pdf,2,From Grand Central
Metro-North,New Canaan Branch,New Haven Line - New Canaan Branch,1590,From Grand Central,SPD,Springdale,5,23:05,23:05,2026-03-29,,,weekday,2026-03-29,2026-03-16,,03-29-26_NHL-NC-Sched_v2.pdf,metro_north_new_canaan_branch_effective_2026-03-29_updated_2026-03-16.pdf,2,From Grand Central
Metro-North,New Canaan Branch,New Haven Line - New Canaan Branch,1590,From Grand Central,TMH,Talmadge Hill,6,23:09,23:09,2026-03-29,,,weekday,2026-03-29,2026-03-16,,03-29-26_NHL-NC-Sched_v2.pdf,metro_north_new_canaan_branch_effective_2026-03-29_updated_2026-03-16.pdf,2,From Grand Central
Metro-North,New Canaan Branch,New Haven Line - New Canaan Branch,1590,From Grand Central,NCN,New Canaan,7,23:16,23:16,2026-03-29,,,weekday,2026-03-29,2026-03-16,,03-29-26_NHL-NC-Sched_v2.pdf,metro_north_new_canaan_branch_effective_2026-03-29_updated_2026-03-16.pdf,2,From Grand Central
Metro-North,New Canaan Branch,New Haven Line - New Canaan Branch,1594,From Grand Central,GCT,Grand Central,1,23:28,23:28,2026-03-29,,,weekday,2026-03-29,2026-03-16,,03-29-26_NHL-NC-Sched_v2.pdf,metro_north_new_canaan_branch_effective_2026-03-29_updated_2026-03-16.pdf,2,From Grand Central
Metro-North,New Canaan Branch,New Haven Line - New Canaan Branch,1594,From Grand Central,STM,Stamford,2,12:12,,2026-03-29,,,weekday,2026-03-29,2026-03-16,,03-29-26_NHL-NC-Sched_v2.pdf,metro_north_new_canaan_branch_effective_2026-03-29_updated_2026-03-16.pdf,2,From Grand Central
Metro-North,New Canaan Branch,New Haven Line - New Canaan Branch,1594,From Grand Central,STM,Stamford,3,,12:20,2026-03-29,,,weekday,2026-03-29,2026-03-16,,03-29-26_NHL-NC-Sched_v2.pdf,metro_north_new_canaan_branch_effective_2026-03-29_updated_2026-03-16.pdf,2,From Grand Central
Metro-North,New Canaan Branch,New Haven Line - New Canaan Branch,1594,From Grand Central,GLB,Glenbrook,4,12:24,12:24,2026-03-29,,,weekday,2026-03-29,2026-03-16,,03-29-26_NHL-NC-Sched_v2.pdf,metro_north_new_canaan_branch_effective_2026-03-29_updated_2026-03-16.pdf,2,From Grand Central
Metro-North,New Canaan Branch,New Haven Line - New Canaan Branch,1594,From Grand Central,SPD,Springdale,5,12:27,12:27,2026-03-29,,,weekday,2026-03-29,2026-03-16,,03-29-26_NHL-NC-Sched_v2.pdf,metro_north_new_canaan_branch_effective_2026-03-29_updated_2026-03-16.pdf,2,From Grand Central
Metro-North,New Canaan Branch,New Haven Line - New Canaan Branch,1594,From Grand Central,TMH,Talmadge Hill,6,12:31,12:31,2026-03-29,,,weekday,2026-03-29,2026-03-16,,03-29-26_NHL-NC-Sched_v2.pdf,metro_north_new_canaan_branch_effective_2026-03-29_updated_2026-03-16.pdf,2,From Grand Central
Metro-North,New Canaan Branch,New Haven Line - New Canaan Branch,1594,From Grand Central,NCN,New Canaan,7,12:38,12:38,2026-03-29,,,weekday,2026-03-29,2026-03-16,,03-29-26_NHL-NC-Sched_v2.pdf,metro_north_new_canaan_branch_effective_2026-03-29_updated_2026-03-16.pdf,2,From Grand Central
Metro-North,New Canaan Branch,New Haven Line - New Canaan Branch,1598,From Grand Central,GCT,Grand Central,1,00:07,00:07,2026-03-29,,,weekday,2026-03-29,2026-03-16,,03-29-26_NHL-NC-Sched_v2.pdf,metro_north_new_canaan_branch_effective_2026-03-29_updated_2026-03-16.pdf,2,From Grand Central
Metro-North,New Canaan Branch,New Haven Line - New Canaan Branch,1598,From Grand Central,STM,Stamford,2,00:12,,2026-03-29,,,weekday,2026-03-29,2026-03-16,,03-29-26_NHL-NC-Sched_v2.pdf,metro_north_new_canaan_branch_effective_2026-03-29_updated_2026-03-16.pdf,2,From Grand Central
Metro-North,New Canaan Branch,New Haven Line - New Canaan Branch,1707,To Grand Central,NCN,New Canaan,1,05:30,05:30,2026-03-29,,,weekday,2026-03-29,2026-03-16,,03-29-26_NHL-NC-Sched_v2.pdf,metro_north_new_canaan_branch_effective_2026-03-29_updated_2026-03-16.pdf,2,Metro-North
Metro-North,New Canaan Branch,New Haven Line - New Canaan Branch,1707,To Grand Central,TMH,Talmadge Hill,2,05:34,05:34,2026-03-29,,,weekday,2026-03-29,2026-03-16,,03-29-26_NHL-NC-Sched_v2.pdf,metro_north_new_canaan_branch_effective_2026-03-29_updated_2026-03-16.pdf,2,To Grand Central
Metro-North,New Canaan Branch,New Haven Line - New Canaan Branch,1707,To Grand Central,SPD,Springdale,3,05:38,05:38,2026-03-29,,,weekday,2026-03-29,2026-03-16,,03-29-26_NHL-NC-Sched_v2.pdf,metro_north_new_canaan_branch_effective_2026-03-29_updated_2026-03-16.pdf,2,To Grand Central
Metro-North,New Canaan Branch,New Haven Line - New Canaan Branch,1707,To Grand Central,GLB,Glenbrook,4,05:41,05:41,2026-03-29,,,weekday,2026-03-29,2026-03-16,,03-29-26_NHL-NC-Sched_v2.pdf,metro_north_new_canaan_branch_effective_2026-03-29_updated_2026-03-16.pdf,2,To Grand Central
Metro-North,New Canaan Branch,New Haven Line - New Canaan Branch,1707,To Grand Central,STM,Stamford,5,,05:46,2026-03-29,,,weekday,2026-03-29,2026-03-16,,03-29-26_NHL-NC-Sched_v2.pdf,metro_north_new_canaan_branch_effective_2026-03-29_updated_2026-03-16.pdf,2,To Grand Central
Metro-North,New Canaan Branch,New Haven Line - New Canaan Branch,1707,To Grand Central,GCT,Grand Central,6,06:43,06:43,2026-03-29,,,weekday,2026-03-29,2026-03-16,,03-29-26_NHL-NC-Sched_v2.pdf,metro_north_new_canaan_branch_effective_2026-03-29_updated_2026-03-16.pdf,2,To Grand Central
Metro-North,New Canaan Branch,New Haven Line - New Canaan Branch,1710,From Grand Central,GCT,Grand Central,1,07:04,07:04,2026-03-29,,,weekday,2026-03-29,2026-03-16,,03-29-26_NHL-NC-Sched_v2.pdf,metro_north_new_canaan_branch_effective_2026-03-29_updated_2026-03-16.pdf,2,Metro-North
Metro-North,New Canaan Branch,New Haven Line - New Canaan Branch,1710,From Grand Central,STM,Stamford,2,,08:16,2026-03-29,,,weekday,2026-03-29,2026-03-16,,03-29-26_NHL-NC-Sched_v2.pdf,metro_north_new_canaan_branch_effective_2026-03-29_updated_2026-03-16.pdf,2,From Grand Central
Metro-North,New Canaan Branch,New Haven Line - New Canaan Branch,1710,From Grand Central,GLB,Glenbrook,3,08:20,08:20,2026-03-29,,,weekday,2026-03-29,2026-03-16,,03-29-26_NHL-NC-Sched_v2.pdf,metro_north_new_canaan_branch_effective_2026-03-29_updated_2026-03-16.pdf,2,From Grand Central
Metro-North,New Canaan Branch,New Haven Line - New Canaan Branch,1710,From Grand Central,SPD,Springdale,4,08:23,08:23,2026-03-29,,,weekday,2026-03-29,2026-03-16,,03-29-26_NHL-NC-Sched_v2.pdf,metro_north_new_canaan_branch_effective_2026-03-29_updated_2026-03-16.pdf,2,From Grand Central
Metro-North,New Canaan Branch,New Haven Line - New Canaan Branch,1710,From Grand Central,TMH,Talmadge Hill,5,08:27,08:27,2026-03-29,,,weekday,2026-03-29,2026-03-16,,03-29-26_NHL-NC-Sched_v2.pdf,metro_north_new_canaan_branch_effective_2026-03-29_updated_2026-03-16.pdf,2,From Grand Central
Metro-North,New Canaan Branch,New Haven Line - New Canaan Branch,1710,From Grand Central,NCN,New Canaan,6,08:38,08:38,2026-03-29,,,weekday,2026-03-29,2026-03-16,,03-29-26_NHL-NC-Sched_v2.pdf,metro_north_new_canaan_branch_effective_2026-03-29_updated_2026-03-16.pdf,2,From Grand Central
Metro-North,New Canaan Branch,New Haven Line - New Canaan Branch,1711,To Grand Central,NCN,New Canaan,1,06:20,06:20,2026-03-29,,,weekday,2026-03-29,2026-03-16,,03-29-26_NHL-NC-Sched_v2.pdf,metro_north_new_canaan_branch_effective_2026-03-29_updated_2026-03-16.pdf,2,To Grand Central
Metro-North,New Canaan Branch,New Haven Line - New Canaan Branch,1711,To Grand Central,TMH,Talmadge Hill,2,06:24,06:24,2026-03-29,,,weekday,2026-03-29,2026-03-16,,03-29-26_NHL-NC-Sched_v2.pdf,metro_north_new_canaan_branch_effective_2026-03-29_updated_2026-03-16.pdf,2,To Grand Central
Metro-North,New Canaan Branch,New Haven Line - New Canaan Branch,1711,To Grand Central,SPD,Springdale,3,06:28,06:28,2026-03-29,,,weekday,2026-03-29,2026-03-16,,03-29-26_NHL-NC-Sched_v2.pdf,metro_north_new_canaan_branch_effective_2026-03-29_updated_2026-03-16.pdf,2,To Grand Central
Metro-North,New Canaan Branch,New Haven Line - New Canaan Branch,1711,To Grand Central,GLB,Glenbrook,4,06:31,06:31,2026-03-29,,,weekday,2026-03-29,2026-03-16,,03-29-26_NHL-NC-Sched_v2.pdf,metro_north_new_canaan_branch_effective_2026-03-29_updated_2026-03-16.pdf,2,To Grand Central
Metro-North,New Canaan Branch,New Haven Line - New Canaan Branch,1711,To Grand Central,STM,Stamford,5,,06:36,2026-03-29,,,weekday,2026-03-29,2026-03-16,,03-29-26_NHL-NC-Sched_v2.pdf,metro_north_new_canaan_branch_effective_2026-03-29_updated_2026-03-16.pdf,2,To Grand Central
Metro-North,New Canaan Branch,New Haven Line - New Canaan Branch,1711,To Grand Central,GCT,Grand Central,6,07:28,07:28,2026-03-29,,,weekday,2026-03-29,2026-03-16,,03-29-26_NHL-NC-Sched_v2.pdf,metro_north_new_canaan_branch_effective_2026-03-29_updated_2026-03-16.pdf,2,To Grand Central
Metro-North,New Canaan Branch,New Haven Line - New Canaan Branch,1712,From Grand Central,GCT,Grand Central,1,08:06,08:06,2026-03-29,,,weekday,2026-03-29,2026-03-16,,03-29-26_NHL-NC-Sched_v2.pdf,metro_north_new_canaan_branch_effective_2026-03-29_updated_2026-03-16.pdf,2,From Grand Central
Metro-North,New Canaan Branch,New Haven Line - New Canaan Branch,1712,From Grand Central,STM,Stamford,2,,09:08,2026-03-29,,,weekday,2026-03-29,2026-03-16,,03-29-26_NHL-NC-Sched_v2.pdf,metro_north_new_canaan_branch_effective_2026-03-29_updated_2026-03-16.pdf,2,From Grand Central
Metro-North,New Canaan Branch,New Haven Line - New Canaan Branch,1712,From Grand Central,GLB,Glenbrook,3,09:12,09:12,2026-03-29,,,weekday,2026-03-29,2026-03-16,,03-29-26_NHL-NC-Sched_v2.pdf,metro_north_new_canaan_branch_effective_2026-03-29_updated_2026-03-16.pdf,2,From Grand Central
Metro-North,New Canaan Branch,New Haven Line - New Canaan Branch,1712,From Grand Central,SPD,Springdale,4,09:15,09:15,2026-03-29,,,weekday,2026-03-29,2026-03-16,,03-29-26_NHL-NC-Sched_v2.pdf,metro_north_new_canaan_branch_effective_2026-03-29_updated_2026-03-16.pdf,2,From Grand Central
Metro-North,New Canaan Branch,New Haven Line - New Canaan Branch,1712,From Grand Central,TMH,Talmadge Hill,5,09:19,09:19,2026-03-29,,,weekday,2026-03-29,2026-03-16,,03-29-26_NHL-NC-Sched_v2.pdf,metro_north_new_canaan_branch_effective_2026-03-29_updated_2026-03-16.pdf,2,From Grand Central
Metro-North,New Canaan Branch,New Haven Line - New Canaan Branch,1712,From Grand Central,NCN,New Canaan,6,09:30,09:30,2026-03-29,,,weekday,2026-03-29,2026-03-16,,03-29-26_NHL-NC-Sched_v2.pdf,metro_north_new_canaan_branch_effective_2026-03-29_updated_2026-03-16.pdf,2,From Grand Central
Metro-North,New Canaan Branch,New Haven Line - New Canaan Branch,1723,To Grand Central,NCN,New Canaan,1,07:12,07:12,2026-03-29,,,weekday,2026-03-29,2026-03-16,,03-29-26_NHL-NC-Sched_v2.pdf,metro_north_new_canaan_branch_effective_2026-03-29_updated_2026-03-16.pdf,2,To Grand Central
Metro-North,New Canaan Branch,New Haven Line - New Canaan Branch,1723,To Grand Central,TMH,Talmadge Hill,2,07:16,07:16,2026-03-29,,,weekday,2026-03-29,2026-03-16,,03-29-26_NHL-NC-Sched_v2.pdf,metro_north_new_canaan_branch_effective_2026-03-29_updated_2026-03-16.pdf,2,To Grand Central
Metro-North,New Canaan Branch,New Haven Line - New Canaan Branch,1723,To Grand Central,SPD,Springdale,3,07:20,07:20,2026-03-29,,,weekday,2026-03-29,2026-03-16,,03-29-26_NHL-NC-Sched_v2.pdf,metro_north_new_canaan_branch_effective_2026-03-29_updated_2026-03-16.pdf,2,To Grand Central
Metro-North,New Canaan Branch,New Haven Line - New Canaan Branch,1723,To Grand Central,GLB,Glenbrook,4,07:24,07:24,2026-03-29,,,weekday,2026-03-29,2026-03-16,,03-29-26_NHL-NC-Sched_v2.pdf,metro_north_new_canaan_branch_effective_2026-03-29_updated_2026-03-16.pdf,2,To Grand Central
Metro-North,New Canaan Branch,New Haven Line - New Canaan Branch,1723,To Grand Central,STM,Stamford,5,,07:28,2026-03-29,,,weekday,2026-03-29,2026-03-16,,03-29-26_NHL-NC-Sched_v2.pdf,metro_north_new_canaan_branch_effective_2026-03-29_updated_2026-03-16.pdf,2,To Grand Central
Metro-North,New Canaan Branch,New Haven Line - New Canaan Branch,1723,To Grand Central,GCT,Grand Central,6,08:22,08:22,2026-03-29,,,weekday,2026-03-29,2026-03-16,,03-29-26_NHL-NC-Sched_v2.pdf,metro_north_new_canaan_branch_effective_2026-03-29_updated_2026-03-16.pdf,2,To Grand Central
Metro-North,New Canaan Branch,New Haven Line - New Canaan Branch,1731,To Grand Central,NCN,New Canaan,1,07:32,07:32,2026-03-29,,,weekday,2026-03-29,2026-03-16,,03-29-26_NHL-NC-Sched_v2.pdf,metro_north_new_canaan_branch_effective_2026-03-29_updated_2026-03-16.pdf,2,To Grand Central
Metro-North,New Canaan Branch,New Haven Line - New Canaan Branch,1731,To Grand Central,TMH,Talmadge Hill,2,07:37,07:37,2026-03-29,,,weekday,2026-03-29,2026-03-16,,03-29-26_NHL-NC-Sched_v2.pdf,metro_north_new_canaan_branch_effective_2026-03-29_updated_2026-03-16.pdf,2,To Grand Central
Metro-North,New Canaan Branch,New Haven Line - New Canaan Branch,1731,To Grand Central,SPD,Springdale,3,07:41,07:41,2026-03-29,,,weekday,2026-03-29,2026-03-16,,03-29-26_NHL-NC-Sched_v2.pdf,metro_north_new_canaan_branch_effective_2026-03-29_updated_2026-03-16.pdf,2,To Grand Central
Metro-North,New Canaan Branch,New Haven Line - New Canaan Branch,1731,To Grand Central,GLB,Glenbrook,4,07:45,07:45,2026-03-29,,,weekday,2026-03-29,2026-03-16,,03-29-26_NHL-NC-Sched_v2.pdf,metro_north_new_canaan_branch_effective_2026-03-29_updated_2026-03-16.pdf,2,To Grand Central
Metro-North,New Canaan Branch,New Haven Line - New Canaan Branch,1731,To Grand Central,GCT,Grand Central,5,08:40,08:40,2026-03-29,,,weekday,2026-03-29,2026-03-16,,03-29-26_NHL-NC-Sched_v2.pdf,metro_north_new_canaan_branch_effective_2026-03-29_updated_2026-03-16.pdf,2,To Grand Central
Metro-North,New Canaan Branch,New Haven Line - New Canaan Branch,1735,To Grand Central,NCN,New Canaan,1,07:58,07:58,2026-03-29,,,weekday,2026-03-29,2026-03-16,,03-29-26_NHL-NC-Sched_v2.pdf,metro_north_new_canaan_branch_effective_2026-03-29_updated_2026-03-16.pdf,2,To Grand Central
Metro-North,New Canaan Branch,New Haven Line - New Canaan Branch,1735,To Grand Central,TMH,Talmadge Hill,2,08:03,08:03,2026-03-29,,,weekday,2026-03-29,2026-03-16,,03-29-26_NHL-NC-Sched_v2.pdf,metro_north_new_canaan_branch_effective_2026-03-29_updated_2026-03-16.pdf,2,To Grand Central
Metro-North,New Canaan Branch,New Haven Line - New Canaan Branch,1735,To Grand Central,SPD,Springdale,3,08:07,08:07,2026-03-29,,,weekday,2026-03-29,2026-03-16,,03-29-26_NHL-NC-Sched_v2.pdf,metro_north_new_canaan_branch_effective_2026-03-29_updated_2026-03-16.pdf,2,To Grand Central
Metro-North,New Canaan Branch,New Haven Line - New Canaan Branch,1735,To Grand Central,GLB,Glenbrook,4,08:11,08:11,2026-03-29,,,weekday,2026-03-29,2026-03-16,,03-29-26_NHL-NC-Sched_v2.pdf,metro_north_new_canaan_branch_effective_2026-03-29_updated_2026-03-16.pdf,2,To Grand Central
Metro-North,New Canaan Branch,New Haven Line - New Canaan Branch,1735,To Grand Central,STM,Stamford,5,,08:15,2026-03-29,,,weekday,2026-03-29,2026-03-16,,03-29-26_NHL-NC-Sched_v2.pdf,metro_north_new_canaan_branch_effective_2026-03-29_updated_2026-03-16.pdf,2,To Grand Central
Metro-North,New Canaan Branch,New Haven Line - New Canaan Branch,1735,To Grand Central,GCT,Grand Central,6,09:09,09:09,2026-03-29,,,weekday,2026-03-29,2026-03-16,,03-29-26_NHL-NC-Sched_v2.pdf,metro_north_new_canaan_branch_effective_2026-03-29_updated_2026-03-16.pdf,2,To Grand Central
Metro-North,New Canaan Branch,New Haven Line - New Canaan Branch,1740,From Grand Central,GCT,Grand Central,1,15:39,15:39,2026-03-29,,,weekday,2026-03-29,2026-03-16,,03-29-26_NHL-NC-Sched_v2.pdf,metro_north_new_canaan_branch_effective_2026-03-29_updated_2026-03-16.pdf,2,From Grand Central
Metro-North,New Canaan Branch,New Haven Line - New Canaan Branch,1740,From Grand Central,STM,Stamford,2,,16:39,2026-03-29,,,weekday,2026-03-29,2026-03-16,,03-29-26_NHL-NC-Sched_v2.pdf,metro_north_new_canaan_branch_effective_2026-03-29_updated_2026-03-16.pdf,2,From Grand Central
Metro-North,New Canaan Branch,New Haven Line - New Canaan Branch,1740,From Grand Central,GLB,Glenbrook,3,16:46,16:46,2026-03-29,,,weekday,2026-03-29,2026-03-16,,03-29-26_NHL-NC-Sched_v2.pdf,metro_north_new_canaan_branch_effective_2026-03-29_updated_2026-03-16.pdf,2,From Grand Central
Metro-North,New Canaan Branch,New Haven Line - New Canaan Branch,1740,From Grand Central,SPD,Springdale,4,16:49,16:49,2026-03-29,,,weekday,2026-03-29,2026-03-16,,03-29-26_NHL-NC-Sched_v2.pdf,metro_north_new_canaan_branch_effective_2026-03-29_updated_2026-03-16.pdf,2,From Grand Central
Metro-North,New Canaan Branch,New Haven Line - New Canaan Branch,1740,From Grand Central,TMH,Talmadge Hill,5,16:53,16:53,2026-03-29,,,weekday,2026-03-29,2026-03-16,,03-29-26_NHL-NC-Sched_v2.pdf,metro_north_new_canaan_branch_effective_2026-03-29_updated_2026-03-16.pdf,2,From Grand Central
Metro-North,New Canaan Branch,New Haven Line - New Canaan Branch,1740,From Grand Central,NCN,New Canaan,6,17:04,17:04,2026-03-29,,,weekday,2026-03-29,2026-03-16,,03-29-26_NHL-NC-Sched_v2.pdf,metro_north_new_canaan_branch_effective_2026-03-29_updated_2026-03-16.pdf,2,From Grand Central
Metro-North,New Canaan Branch,New Haven Line - New Canaan Branch,1741,To Grand Central,GCT,Grand Central,1,10:14,10:14,2026-03-29,,,weekday,2026-03-29,2026-03-16,,03-29-26_NHL-NC-Sched_v2.pdf,metro_north_new_canaan_branch_effective_2026-03-29_updated_2026-03-16.pdf,2,To Grand Central
Metro-North,New Canaan Branch,New Haven Line - New Canaan Branch,1750,From Grand Central,GCT,Grand Central,1,16:41,16:41,2026-03-29,,,weekday,2026-03-29,2026-03-16,,03-29-26_NHL-NC-Sched_v2.pdf,metro_north_new_canaan_branch_effective_2026-03-29_updated_2026-03-16.pdf,2,From Grand Central
Metro-North,New Canaan Branch,New Haven Line - New Canaan Branch,1750,From Grand Central,STM,Stamford,2,,17:40,2026-03-29,,,weekday,2026-03-29,2026-03-16,,03-29-26_NHL-NC-Sched_v2.pdf,metro_north_new_canaan_branch_effective_2026-03-29_updated_2026-03-16.pdf,2,From Grand Central
Metro-North,New Canaan Branch,New Haven Line - New Canaan Branch,1750,From Grand Central,GLB,Glenbrook,3,17:45,17:45,2026-03-29,,,weekday,2026-03-29,2026-03-16,,03-29-26_NHL-NC-Sched_v2.pdf,metro_north_new_canaan_branch_effective_2026-03-29_updated_2026-03-16.pdf,2,From Grand Central
Metro-North,New Canaan Branch,New Haven Line - New Canaan Branch,1750,From Grand Central,SPD,Springdale,4,17:48,17:48,2026-03-29,,,weekday,2026-03-29,2026-03-16,,03-29-26_NHL-NC-Sched_v2.pdf,metro_north_new_canaan_branch_effective_2026-03-29_updated_2026-03-16.pdf,2,From Grand Central
Metro-North,New Canaan Branch,New Haven Line - New Canaan Branch,1750,From Grand Central,TMH,Talmadge Hill,5,17:52,17:52,2026-03-29,,,weekday,2026-03-29,2026-03-16,,03-29-26_NHL-NC-Sched_v2.pdf,metro_north_new_canaan_branch_effective_2026-03-29_updated_2026-03-16.pdf,2,From Grand Central
Metro-North,New Canaan Branch,New Haven Line - New Canaan Branch,1750,From Grand Central,NCN,New Canaan,6,18:02,18:02,2026-03-29,,,weekday,2026-03-29,2026-03-16,,03-29-26_NHL-NC-Sched_v2.pdf,metro_north_new_canaan_branch_effective_2026-03-29_updated_2026-03-16.pdf,2,From Grand Central
Metro-North,New Canaan Branch,New Haven Line - New Canaan Branch,1751,To Grand Central,STM,Stamford,1,10:10,,2026-03-29,,,weekday,2026-03-29,2026-03-16,,03-29-26_NHL-NC-Sched_v2.pdf,metro_north_new_canaan_branch_effective_2026-03-29_updated_2026-03-16.pdf,2,To Grand Central; C
Metro-North,New Canaan Branch,New Haven Line - New Canaan Branch,1752,From Grand Central,GCT,Grand Central,1,17:13,17:13,2026-03-29,,,weekday,2026-03-29,2026-03-16,,03-29-26_NHL-NC-Sched_v2.pdf,metro_north_new_canaan_branch_effective_2026-03-29_updated_2026-03-16.pdf,2,From Grand Central
Metro-North,New Canaan Branch,New Haven Line - New Canaan Branch,1752,From Grand Central,STM,Stamford,2,,18:00,2026-03-29,,,weekday,2026-03-29,2026-03-16,,03-29-26_NHL-NC-Sched_v2.pdf,metro_north_new_canaan_branch_effective_2026-03-29_updated_2026-03-16.pdf,2,From Grand Central
Metro-North,New Canaan Branch,New Haven Line - New Canaan Branch,1752,From Grand Central,GLB,Glenbrook,3,18:05,18:05,2026-03-29,,,weekday,2026-03-29,2026-03-16,,03-29-26_NHL-NC-Sched_v2.pdf,metro_north_new_canaan_branch_effective_2026-03-29_updated_2026-03-16.pdf,2,From Grand Central
Metro-North,New Canaan Branch,New Haven Line - New Canaan Branch,1752,From Grand Central,SPD,Springdale,4,18:08,18:08,2026-03-29,,,weekday,2026-03-29,2026-03-16,,03-29-26_NHL-NC-Sched_v2.pdf,metro_north_new_canaan_branch_effective_2026-03-29_updated_2026-03-16.pdf,2,From Grand Central
Metro-North,New Canaan Branch,New Haven Line - New Canaan Branch,1752,From Grand Central,TMH,Talmadge Hill,5,18:12,18:12,2026-03-29,,,weekday,2026-03-29,2026-03-16,,03-29-26_NHL-NC-Sched_v2.pdf,metro_north_new_canaan_branch_effective_2026-03-29_updated_2026-03-16.pdf,2,From Grand Central
Metro-North,New Canaan Branch,New Haven Line - New Canaan Branch,1752,From Grand Central,NCN,New Canaan,6,18:22,18:22,2026-03-29,,,weekday,2026-03-29,2026-03-16,,03-29-26_NHL-NC-Sched_v2.pdf,metro_north_new_canaan_branch_effective_2026-03-29_updated_2026-03-16.pdf,2,From Grand Central
Metro-North,New Canaan Branch,New Haven Line - New Canaan Branch,1755,To Grand Central,NCN,New Canaan,1,11:29,11:29,2026-03-29,,,weekday,2026-03-29,2026-03-16,,03-29-26_NHL-NC-Sched_v2.pdf,metro_north_new_canaan_branch_effective_2026-03-29_updated_2026-03-16.pdf,2,To Grand Central
Metro-North,New Canaan Branch,New Haven Line - New Canaan Branch,1755,To Grand Central,TMH,Talmadge Hill,2,11:34,11:34,2026-03-29,,,weekday,2026-03-29,2026-03-16,,03-29-26_NHL-NC-Sched_v2.pdf,metro_north_new_canaan_branch_effective_2026-03-29_updated_2026-03-16.pdf,2,To Grand Central
Metro-North,New Canaan Branch,New Haven Line - New Canaan Branch,1755,To Grand Central,SPD,Springdale,3,11:38,11:38,2026-03-29,,,weekday,2026-03-29,2026-03-16,,03-29-26_NHL-NC-Sched_v2.pdf,metro_north_new_canaan_branch_effective_2026-03-29_updated_2026-03-16.pdf,2,To Grand Central
Metro-North,New Canaan Branch,New Haven Line - New Canaan Branch,1755,To Grand Central,GLB,Glenbrook,4,11:41,11:41,2026-03-29,,,weekday,2026-03-29,2026-03-16,,03-29-26_NHL-NC-Sched_v2.pdf,metro_north_new_canaan_branch_effective_2026-03-29_updated_2026-03-16.pdf,2,To Grand Central
Metro-North,New Canaan Branch,New Haven Line - New Canaan Branch,1755,To Grand Central,STM,Stamford,5,11:11,,2026-03-29,,,weekday,2026-03-29,2026-03-16,,03-29-26_NHL-NC-Sched_v2.pdf,metro_north_new_canaan_branch_effective_2026-03-29_updated_2026-03-16.pdf,2,To Grand Central; C
Metro-North,New Canaan Branch,New Haven Line - New Canaan Branch,1755,To Grand Central,STM,Stamford,6,,11:57,2026-03-29,,,weekday,2026-03-29,2026-03-16,,03-29-26_NHL-NC-Sched_v2.pdf,metro_north_new_canaan_branch_effective_2026-03-29_updated_2026-03-16.pdf,2,To Grand Central
Metro-North,New Canaan Branch,New Haven Line - New Canaan Branch,1755,To Grand Central,GCT,Grand Central,7,00:52,00:52,2026-03-29,,,weekday,2026-03-29,2026-03-16,,03-29-26_NHL-NC-Sched_v2.pdf,metro_north_new_canaan_branch_effective_2026-03-29_updated_2026-03-16.pdf,2,To Grand Central
Metro-North,New Canaan Branch,New Haven Line - New Canaan Branch,1758,From Grand Central,GCT,Grand Central,1,17:34,17:34,2026-03-29,,,weekday,2026-03-29,2026-03-16,,03-29-26_NHL-NC-Sched_v2.pdf,metro_north_new_canaan_branch_effective_2026-03-29_updated_2026-03-16.pdf,2,From Grand Central
Metro-North,New Canaan Branch,New Haven Line - New Canaan Branch,1758,From Grand Central,GLB,Glenbrook,2,18:24,18:24,2026-03-29,,,weekday,2026-03-29,2026-03-16,,03-29-26_NHL-NC-Sched_v2.pdf,metro_north_new_canaan_branch_effective_2026-03-29_updated_2026-03-16.pdf,2,From Grand Central; H
Metro-North,New Canaan Branch,New Haven Line - New Canaan Branch,1758,From Grand Central,SPD,Springdale,3,18:27,18:27,2026-03-29,,,weekday,2026-03-29,2026-03-16,,03-29-26_NHL-NC-Sched_v2.pdf,metro_north_new_canaan_branch_effective_2026-03-29_updated_2026-03-16.pdf,2,From Grand Central; H
Metro-North,New Canaan Branch,New Haven Line - New Canaan Branch,1758,From Grand Central,TMH,Talmadge Hill,4,18:31,18:31,2026-03-29,,,weekday,2026-03-29,2026-03-16,,03-29-26_NHL-NC-Sched_v2.pdf,metro_north_new_canaan_branch_effective_2026-03-29_updated_2026-03-16.pdf,2,From Grand Central; H
Metro-North,New Canaan Branch,New Haven Line - New Canaan Branch,1758,From Grand Central,NCN,New Canaan,5,18:42,18:42,2026-03-29,,,weekday,2026-03-29,2026-03-16,,03-29-26_NHL-NC-Sched_v2.pdf,metro_north_new_canaan_branch_effective_2026-03-29_updated_2026-03-16.pdf,2,From Grand Central
Metro-North,New Canaan Branch,New Haven Line - New Canaan Branch,1763,To Grand Central,NCN,New Canaan,1,13:29,13:29,2026-03-29,,,weekday,2026-03-29,2026-03-16,,03-29-26_NHL-NC-Sched_v2.pdf,metro_north_new_canaan_branch_effective_2026-03-29_updated_2026-03-16.pdf,2,To Grand Central; C
Metro-North,New Canaan Branch,New Haven Line - New Canaan Branch,1763,To Grand Central,TMH,Talmadge Hill,2,13:34,13:34,2026-03-29,,,weekday,2026-03-29,2026-03-16,,03-29-26_NHL-NC-Sched_v2.pdf,metro_north_new_canaan_branch_effective_2026-03-29_updated_2026-03-16.pdf,2,To Grand Central; C
Metro-North,New Canaan Branch,New Haven Line - New Canaan Branch,1763,To Grand Central,SPD,Springdale,3,13:38,13:38,2026-03-29,,,weekday,2026-03-29,2026-03-16,,03-29-26_NHL-NC-Sched_v2.pdf,metro_north_new_canaan_branch_effective_2026-03-29_updated_2026-03-16.pdf,2,To Grand Central; C
Metro-North,New Canaan Branch,New Haven Line - New Canaan Branch,1763,To Grand Central,GLB,Glenbrook,4,13:41,13:41,2026-03-29,,,weekday,2026-03-29,2026-03-16,,03-29-26_NHL-NC-Sched_v2.pdf,metro_north_new_canaan_branch_effective_2026-03-29_updated_2026-03-16.pdf,2,To Grand Central; C
Metro-North,New Canaan Branch,New Haven Line - New Canaan Branch,1763,To Grand Central,STM,Stamford,5,13:46,,2026-03-29,,,weekday,2026-03-29,2026-03-16,,03-29-26_NHL-NC-Sched_v2.pdf,metro_north_new_canaan_branch_effective_2026-03-29_updated_2026-03-16.pdf,2,To Grand Central; C
Metro-North,New Canaan Branch,New Haven Line - New Canaan Branch,1763,To Grand Central,STM,Stamford,6,,13:58,2026-03-29,,,weekday,2026-03-29,2026-03-16,,03-29-26_NHL-NC-Sched_v2.pdf,metro_north_new_canaan_branch_effective_2026-03-29_updated_2026-03-16.pdf,2,To Grand Central
Metro-North,New Canaan Branch,New Haven Line - New Canaan Branch,1763,To Grand Central,GCT,Grand Central,7,14:56,14:56,2026-03-29,,,weekday,2026-03-29,2026-03-16,,03-29-26_NHL-NC-Sched_v2.pdf,metro_north_new_canaan_branch_effective_2026-03-29_updated_2026-03-16.pdf,2,To Grand Central
Metro-North,New Canaan Branch,New Haven Line - New Canaan Branch,1767,To Grand Central,NCN,New Canaan,1,14:29,14:29,2026-03-29,,,weekday,2026-03-29,2026-03-16,,03-29-26_NHL-NC-Sched_v2.pdf,metro_north_new_canaan_branch_effective_2026-03-29_updated_2026-03-16.pdf,2,To Grand Central; C
Metro-North,New Canaan Branch,New Haven Line - New Canaan Branch,1767,To Grand Central,TMH,Talmadge Hill,2,14:34,14:34,2026-03-29,,,weekday,2026-03-29,2026-03-16,,03-29-26_NHL-NC-Sched_v2.pdf,metro_north_new_canaan_branch_effective_2026-03-29_updated_2026-03-16.pdf,2,To Grand Central; C
Metro-North,New Canaan Branch,New Haven Line - New Canaan Branch,1767,To Grand Central,SPD,Springdale,3,14:38,14:38,2026-03-29,,,weekday,2026-03-29,2026-03-16,,03-29-26_NHL-NC-Sched_v2.pdf,metro_north_new_canaan_branch_effective_2026-03-29_updated_2026-03-16.pdf,2,To Grand Central; C
Metro-North,New Canaan Branch,New Haven Line - New Canaan Branch,1767,To Grand Central,GLB,Glenbrook,4,14:41,14:41,2026-03-29,,,weekday,2026-03-29,2026-03-16,,03-29-26_NHL-NC-Sched_v2.pdf,metro_north_new_canaan_branch_effective_2026-03-29_updated_2026-03-16.pdf,2,To Grand Central; C
Metro-North,New Canaan Branch,New Haven Line - New Canaan Branch,1767,To Grand Central,STM,Stamford,5,14:46,,2026-03-29,,,weekday,2026-03-29,2026-03-16,,03-29-26_NHL-NC-Sched_v2.pdf,metro_north_new_canaan_branch_effective_2026-03-29_updated_2026-03-16.pdf,2,To Grand Central; C
Metro-North,New Canaan Branch,New Haven Line - New Canaan Branch,1767,To Grand Central,STM,Stamford,6,,14:57,2026-03-29,,,weekday,2026-03-29,2026-03-16,,03-29-26_NHL-NC-Sched_v2.pdf,metro_north_new_canaan_branch_effective_2026-03-29_updated_2026-03-16.pdf,2,To Grand Central
Metro-North,New Canaan Branch,New Haven Line - New Canaan Branch,1767,To Grand Central,GCT,Grand Central,7,15:54,15:54,2026-03-29,,,weekday,2026-03-29,2026-03-16,,03-29-26_NHL-NC-Sched_v2.pdf,metro_north_new_canaan_branch_effective_2026-03-29_updated_2026-03-16.pdf,2,To Grand Central
Metro-North,New Canaan Branch,New Haven Line - New Canaan Branch,1770,From Grand Central,GCT,Grand Central,1,18:09,18:09,2026-03-29,,,weekday,2026-03-29,2026-03-16,,03-29-26_NHL-NC-Sched_v2.pdf,metro_north_new_canaan_branch_effective_2026-03-29_updated_2026-03-16.pdf,2,From Grand Central
Metro-North,New Canaan Branch,New Haven Line - New Canaan Branch,1770,From Grand Central,STM,Stamford,2,,18:58,2026-03-29,,,weekday,2026-03-29,2026-03-16,,03-29-26_NHL-NC-Sched_v2.pdf,metro_north_new_canaan_branch_effective_2026-03-29_updated_2026-03-16.pdf,2,From Grand Central
Metro-North,New Canaan Branch,New Haven Line - New Canaan Branch,1770,From Grand Central,GLB,Glenbrook,3,19:03,19:03,2026-03-29,,,weekday,2026-03-29,2026-03-16,,03-29-26_NHL-NC-Sched_v2.pdf,metro_north_new_canaan_branch_effective_2026-03-29_updated_2026-03-16.pdf,2,From Grand Central
Metro-North,New Canaan Branch,New Haven Line - New Canaan Branch,1770,From Grand Central,SPD,Springdale,4,19:06,19:06,2026-03-29,,,weekday,2026-03-29,2026-03-16,,03-29-26_NHL-NC-Sched_v2.pdf,metro_north_new_canaan_branch_effective_2026-03-29_updated_2026-03-16.pdf,2,From Grand Central
Metro-North,New Canaan Branch,New Haven Line - New Canaan Branch,1770,From Grand Central,TMH,Talmadge Hill,5,19:11,19:11,2026-03-29,,,weekday,2026-03-29,2026-03-16,,03-29-26_NHL-NC-Sched_v2.pdf,metro_north_new_canaan_branch_effective_2026-03-29_updated_2026-03-16.pdf,2,From Grand Central
Metro-North,New Canaan Branch,New Haven Line - New Canaan Branch,1770,From Grand Central,NCN,New Canaan,6,19:20,19:20,2026-03-29,,,weekday,2026-03-29,2026-03-16,,03-29-26_NHL-NC-Sched_v2.pdf,metro_north_new_canaan_branch_effective_2026-03-29_updated_2026-03-16.pdf,2,From Grand Central
Metro-North,New Canaan Branch,New Haven Line - New Canaan Branch,1771,To Grand Central,NCN,New Canaan,1,15:29,15:29,2026-03-29,,,weekday,2026-03-29,2026-03-16,,03-29-26_NHL-NC-Sched_v2.pdf,metro_north_new_canaan_branch_effective_2026-03-29_updated_2026-03-16.pdf,2,To Grand Central; C
Metro-North,New Canaan Branch,New Haven Line - New Canaan Branch,1771,To Grand Central,TMH,Talmadge Hill,2,15:34,15:34,2026-03-29,,,weekday,2026-03-29,2026-03-16,,03-29-26_NHL-NC-Sched_v2.pdf,metro_north_new_canaan_branch_effective_2026-03-29_updated_2026-03-16.pdf,2,To Grand Central; C
Metro-North,New Canaan Branch,New Haven Line - New Canaan Branch,1771,To Grand Central,SPD,Springdale,3,15:38,15:38,2026-03-29,,,weekday,2026-03-29,2026-03-16,,03-29-26_NHL-NC-Sched_v2.pdf,metro_north_new_canaan_branch_effective_2026-03-29_updated_2026-03-16.pdf,2,To Grand Central; C
Metro-North,New Canaan Branch,New Haven Line - New Canaan Branch,1771,To Grand Central,GLB,Glenbrook,4,15:42,15:42,2026-03-29,,,weekday,2026-03-29,2026-03-16,,03-29-26_NHL-NC-Sched_v2.pdf,metro_north_new_canaan_branch_effective_2026-03-29_updated_2026-03-16.pdf,2,To Grand Central; C
Metro-North,New Canaan Branch,New Haven Line - New Canaan Branch,1771,To Grand Central,STM,Stamford,5,15:47,,2026-03-29,,,weekday,2026-03-29,2026-03-16,,03-29-26_NHL-NC-Sched_v2.pdf,metro_north_new_canaan_branch_effective_2026-03-29_updated_2026-03-16.pdf,2,To Grand Central; C
Metro-North,New Canaan Branch,New Haven Line - New Canaan Branch,1771,To Grand Central,STM,Stamford,6,,15:51,2026-03-29,,,weekday,2026-03-29,2026-03-16,,03-29-26_NHL-NC-Sched_v2.pdf,metro_north_new_canaan_branch_effective_2026-03-29_updated_2026-03-16.pdf,2,To Grand Central
Metro-North,New Canaan Branch,New Haven Line - New Canaan Branch,1771,To Grand Central,GCT,Grand Central,7,16:47,16:47,2026-03-29,,,weekday,2026-03-29,2026-03-16,,03-29-26_NHL-NC-Sched_v2.pdf,metro_north_new_canaan_branch_effective_2026-03-29_updated_2026-03-16.pdf,2,To Grand Central
Metro-North,New Canaan Branch,New Haven Line - New Canaan Branch,1774,From Grand Central,GCT,Grand Central,1,19:03,19:03,2026-03-29,,,weekday,2026-03-29,2026-03-16,,03-29-26_NHL-NC-Sched_v2.pdf,metro_north_new_canaan_branch_effective_2026-03-29_updated_2026-03-16.pdf,2,From Grand Central
Metro-North,New Canaan Branch,New Haven Line - New Canaan Branch,1774,From Grand Central,STM,Stamford,2,,19:51,2026-03-29,,,weekday,2026-03-29,2026-03-16,,03-29-26_NHL-NC-Sched_v2.pdf,metro_north_new_canaan_branch_effective_2026-03-29_updated_2026-03-16.pdf,2,From Grand Central
Metro-North,New Canaan Branch,New Haven Line - New Canaan Branch,1774,From Grand Central,GLB,Glenbrook,3,19:56,19:56,2026-03-29,,,weekday,2026-03-29,2026-03-16,,03-29-26_NHL-NC-Sched_v2.pdf,metro_north_new_canaan_branch_effective_2026-03-29_updated_2026-03-16.pdf,2,From Grand Central
Metro-North,New Canaan Branch,New Haven Line - New Canaan Branch,1774,From Grand Central,SPD,Springdale,4,19:59,19:59,2026-03-29,,,weekday,2026-03-29,2026-03-16,,03-29-26_NHL-NC-Sched_v2.pdf,metro_north_new_canaan_branch_effective_2026-03-29_updated_2026-03-16.pdf,2,From Grand Central
Metro-North,New Canaan Branch,New Haven Line - New Canaan Branch,1774,From Grand Central,TMH,Talmadge Hill,5,20:03,20:03,2026-03-29,,,weekday,2026-03-29,2026-03-16,,03-29-26_NHL-NC-Sched_v2.pdf,metro_north_new_canaan_branch_effective_2026-03-29_updated_2026-03-16.pdf,2,From Grand Central
Metro-North,New Canaan Branch,New Haven Line - New Canaan Branch,1774,From Grand Central,NCN,New Canaan,6,20:13,20:13,2026-03-29,,,weekday,2026-03-29,2026-03-16,,03-29-26_NHL-NC-Sched_v2.pdf,metro_north_new_canaan_branch_effective_2026-03-29_updated_2026-03-16.pdf,2,From Grand Central
Metro-North,New Canaan Branch,New Haven Line - New Canaan Branch,1775,To Grand Central,NCN,New Canaan,1,16:24,16:24,2026-03-29,,,weekday,2026-03-29,2026-03-16,,03-29-26_NHL-NC-Sched_v2.pdf,metro_north_new_canaan_branch_effective_2026-03-29_updated_2026-03-16.pdf,2,To Grand Central
Metro-North,New Canaan Branch,New Haven Line - New Canaan Branch,1775,To Grand Central,TMH,Talmadge Hill,2,16:29,16:29,2026-03-29,,,weekday,2026-03-29,2026-03-16,,03-29-26_NHL-NC-Sched_v2.pdf,metro_north_new_canaan_branch_effective_2026-03-29_updated_2026-03-16.pdf,2,To Grand Central
Metro-North,New Canaan Branch,New Haven Line - New Canaan Branch,1775,To Grand Central,SPD,Springdale,3,16:33,16:33,2026-03-29,,,weekday,2026-03-29,2026-03-16,,03-29-26_NHL-NC-Sched_v2.pdf,metro_north_new_canaan_branch_effective_2026-03-29_updated_2026-03-16.pdf,2,To Grand Central
Metro-North,New Canaan Branch,New Haven Line - New Canaan Branch,1775,To Grand Central,GLB,Glenbrook,4,16:37,16:37,2026-03-29,,,weekday,2026-03-29,2026-03-16,,03-29-26_NHL-NC-Sched_v2.pdf,metro_north_new_canaan_branch_effective_2026-03-29_updated_2026-03-16.pdf,2,To Grand Central
Metro-North,New Canaan Branch,New Haven Line - New Canaan Branch,1775,To Grand Central,STM,Stamford,5,,16:41,2026-03-29,,,weekday,2026-03-29,2026-03-16,,03-29-26_NHL-NC-Sched_v2.pdf,metro_north_new_canaan_branch_effective_2026-03-29_updated_2026-03-16.pdf,2,To Grand Central
Metro-North,New Canaan Branch,New Haven Line - New Canaan Branch,1775,To Grand Central,GCT,Grand Central,6,17:49,17:49,2026-03-29,,,weekday,2026-03-29,2026-03-16,,03-29-26_NHL-NC-Sched_v2.pdf,metro_north_new_canaan_branch_effective_2026-03-29_updated_2026-03-16.pdf,2,To Grand Central
Metro-North,New Canaan Branch,New Haven Line - New Canaan Branch,1777,To Grand Central,NCN,New Canaan,1,17:17,17:17,2026-03-29,,,weekday,2026-03-29,2026-03-16,,03-29-26_NHL-NC-Sched_v2.pdf,metro_north_new_canaan_branch_effective_2026-03-29_updated_2026-03-16.pdf,2,To Grand Central
Metro-North,New Canaan Branch,New Haven Line - New Canaan Branch,1777,To Grand Central,TMH,Talmadge Hill,2,17:22,17:22,2026-03-29,,,weekday,2026-03-29,2026-03-16,,03-29-26_NHL-NC-Sched_v2.pdf,metro_north_new_canaan_branch_effective_2026-03-29_updated_2026-03-16.pdf,2,To Grand Central
Metro-North,New Canaan Branch,New Haven Line - New Canaan Branch,1777,To Grand Central,SPD,Springdale,3,17:26,17:26,2026-03-29,,,weekday,2026-03-29,2026-03-16,,03-29-26_NHL-NC-Sched_v2.pdf,metro_north_new_canaan_branch_effective_2026-03-29_updated_2026-03-16.pdf,2,To Grand Central
Metro-North,New Canaan Branch,New Haven Line - New Canaan Branch,1777,To Grand Central,GLB,Glenbrook,4,17:29,17:29,2026-03-29,,,weekday,2026-03-29,2026-03-16,,03-29-26_NHL-NC-Sched_v2.pdf,metro_north_new_canaan_branch_effective_2026-03-29_updated_2026-03-16.pdf,2,To Grand Central
Metro-North,New Canaan Branch,New Haven Line - New Canaan Branch,1777,To Grand Central,STM,Stamford,5,,17:35,2026-03-29,,,weekday,2026-03-29,2026-03-16,,03-29-26_NHL-NC-Sched_v2.pdf,metro_north_new_canaan_branch_effective_2026-03-29_updated_2026-03-16.pdf,2,To Grand Central
Metro-North,New Canaan Branch,New Haven Line - New Canaan Branch,1777,To Grand Central,GCT,Grand Central,6,18:48,18:48,2026-03-29,,,weekday,2026-03-29,2026-03-16,,03-29-26_NHL-NC-Sched_v2.pdf,metro_north_new_canaan_branch_effective_2026-03-29_updated_2026-03-16.pdf,2,To Grand Central
Metro-North,New Canaan Branch,New Haven Line - New Canaan Branch,1778,From Grand Central,GCT,Grand Central,1,19:39,19:39,2026-03-29,,,weekday,2026-03-29,2026-03-16,,03-29-26_NHL-NC-Sched_v2.pdf,metro_north_new_canaan_branch_effective_2026-03-29_updated_2026-03-16.pdf,2,From Grand Central
Metro-North,New Canaan Branch,New Haven Line - New Canaan Branch,1778,From Grand Central,STM,Stamford,2,,20:34,2026-03-29,,,weekday,2026-03-29,2026-03-16,,03-29-26_NHL-NC-Sched_v2.pdf,metro_north_new_canaan_branch_effective_2026-03-29_updated_2026-03-16.pdf,2,From Grand Central
Metro-North,New Canaan Branch,New Haven Line - New Canaan Branch,1778,From Grand Central,GLB,Glenbrook,3,20:39,20:39,2026-03-29,,,weekday,2026-03-29,2026-03-16,,03-29-26_NHL-NC-Sched_v2.pdf,metro_north_new_canaan_branch_effective_2026-03-29_updated_2026-03-16.pdf,2,From Grand Central
Metro-North,New Canaan Branch,New Haven Line - New Canaan Branch,1778,From Grand Central,SPD,Springdale,4,20:42,20:42,2026-03-29,,,weekday,2026-03-29,2026-03-16,,03-29-26_NHL-NC-Sched_v2.pdf,metro_north_new_canaan_branch_effective_2026-03-29_updated_2026-03-16.pdf,2,From Grand Central
Metro-North,New Canaan Branch,New Haven Line - New Canaan Branch,1778,From Grand Central,TMH,Talmadge Hill,5,20:47,20:47,2026-03-29,,,weekday,2026-03-29,2026-03-16,,03-29-26_NHL-NC-Sched_v2.pdf,metro_north_new_canaan_branch_effective_2026-03-29_updated_2026-03-16.pdf,2,From Grand Central
Metro-North,New Canaan Branch,New Haven Line - New Canaan Branch,1778,From Grand Central,NCN,New Canaan,6,20:57,20:57,2026-03-29,,,weekday,2026-03-29,2026-03-16,,03-29-26_NHL-NC-Sched_v2.pdf,metro_north_new_canaan_branch_effective_2026-03-29_updated_2026-03-16.pdf,2,From Grand Central
Metro-North,New Canaan Branch,New Haven Line - New Canaan Branch,1795,To Grand Central,GCT,Grand Central,1,22:52,22:52,2026-03-29,,,weekday,2026-03-29,2026-03-16,,03-29-26_NHL-NC-Sched_v2.pdf,metro_north_new_canaan_branch_effective_2026-03-29_updated_2026-03-16.pdf,2,To Grand Central
Metro-North,New Canaan Branch,New Haven Line - New Canaan Branch,1797,To Grand Central,STM,Stamford,1,22:10,,2026-03-29,,,weekday,2026-03-29,2026-03-16,,03-29-26_NHL-NC-Sched_v2.pdf,metro_north_new_canaan_branch_effective_2026-03-29_updated_2026-03-16.pdf,2,To Grand Central; C
Metro-North,New Canaan Branch,New Haven Line - New Canaan Branch,1799,To Grand Central,NCN,New Canaan,1,23:25,23:25,2026-03-29,,,weekday,2026-03-29,2026-03-16,,03-29-26_NHL-NC-Sched_v2.pdf,metro_north_new_canaan_branch_effective_2026-03-29_updated_2026-03-16.pdf,2,To Grand Central
Metro-North,New Canaan Branch,New Haven Line - New Canaan Branch,1799,To Grand Central,TMH,Talmadge Hill,2,23:30,23:30,2026-03-29,,,weekday,2026-03-29,2026-03-16,,03-29-26_NHL-NC-Sched_v2.pdf,metro_north_new_canaan_branch_effective_2026-03-29_updated_2026-03-16.pdf,2,To Grand Central
Metro-North,New Canaan Branch,New Haven Line - New Canaan Branch,1799,To Grand Central,SPD,Springdale,3,23:34,23:34,2026-03-29,,,weekday,2026-03-29,2026-03-16,,03-29-26_NHL-NC-Sched_v2.pdf,metro_north_new_canaan_branch_effective_2026-03-29_updated_2026-03-16.pdf,2,To Grand Central
Metro-North,New Canaan Branch,New Haven Line - New Canaan Branch,1799,To Grand Central,GLB,Glenbrook,4,23:37,23:37,2026-03-29,,,weekday,2026-03-29,2026-03-16,,03-29-26_NHL-NC-Sched_v2.pdf,metro_north_new_canaan_branch_effective_2026-03-29_updated_2026-03-16.pdf,2,To Grand Central
Metro-North,New Canaan Branch,New Haven Line - New Canaan Branch,1799,To Grand Central,STM,Stamford,5,23:11,,2026-03-29,,,weekday,2026-03-29,2026-03-16,,03-29-26_NHL-NC-Sched_v2.pdf,metro_north_new_canaan_branch_effective_2026-03-29_updated_2026-03-16.pdf,2,To Grand Central; C
Metro-North,New Canaan Branch,New Haven Line - New Canaan Branch,1799,To Grand Central,STM,Stamford,6,,23:56,2026-03-29,,,weekday,2026-03-29,2026-03-16,,03-29-26_NHL-NC-Sched_v2.pdf,metro_north_new_canaan_branch_effective_2026-03-29_updated_2026-03-16.pdf,2,To Grand Central
Metro-North,New Canaan Branch,New Haven Line - New Canaan Branch,1799,To Grand Central,GCT,Grand Central,7,12:52,12:52,2026-03-29,,,weekday,2026-03-29,2026-03-16,,03-29-26_NHL-NC-Sched_v2.pdf,metro_north_new_canaan_branch_effective_2026-03-29_updated_2026-03-16.pdf,2,To Grand Central
Metro-North,New Canaan Branch,New Haven Line - New Canaan Branch,6504,Metro-North,GCT,Grand Central,1,05:30,05:30,2026-03-29,,,weekend,2026-03-29,2026-03-16,,03-29-26_NHL-NC-Sched_v2.pdf,metro_north_new_canaan_branch_effective_2026-03-29_updated_2026-03-16.pdf,3,Metro-North
Metro-North,New Canaan Branch,New Haven Line - New Canaan Branch,6504,From Grand Central,GCT,Grand Central,1,05:30,05:30,2026-03-29,,,weekend,2026-03-29,2026-03-16,,03-29-26_NHL-NC-Sched_v2.pdf,metro_north_new_canaan_branch_effective_2026-03-29_updated_2026-03-16.pdf,3,Metro-North
Metro-North,New Canaan Branch,New Haven Line - New Canaan Branch,6504,From Grand Central,STM,Stamford,2,06:41,,2026-03-29,,,weekend,2026-03-29,2026-03-16,,03-29-26_NHL-NC-Sched_v2.pdf,metro_north_new_canaan_branch_effective_2026-03-29_updated_2026-03-16.pdf,3,From Grand Central
Metro-North,New Canaan Branch,New Haven Line - New Canaan Branch,6504,From Grand Central,STM,Stamford,3,,06:53,2026-03-29,,,weekend,2026-03-29,2026-03-16,,03-29-26_NHL-NC-Sched_v2.pdf,metro_north_new_canaan_branch_effective_2026-03-29_updated_2026-03-16.pdf,3,From Grand Central; C
Metro-North,New Canaan Branch,New Haven Line - New Canaan Branch,6504,From Grand Central,GLB,Glenbrook,4,06:57,06:57,2026-03-29,,,weekend,2026-03-29,2026-03-16,,03-29-26_NHL-NC-Sched_v2.pdf,metro_north_new_canaan_branch_effective_2026-03-29_updated_2026-03-16.pdf,3,From Grand Central; C
Metro-North,New Canaan Branch,New Haven Line - New Canaan Branch,6504,From Grand Central,SPD,Springdale,5,07:00,07:00,2026-03-29,,,weekend,2026-03-29,2026-03-16,,03-29-26_NHL-NC-Sched_v2.pdf,metro_north_new_canaan_branch_effective_2026-03-29_updated_2026-03-16.pdf,3,From Grand Central; C
Metro-North,New Canaan Branch,New Haven Line - New Canaan Branch,6504,From Grand Central,TMH,Talmadge Hill,6,07:04,07:04,2026-03-29,,,weekend,2026-03-29,2026-03-16,,03-29-26_NHL-NC-Sched_v2.pdf,metro_north_new_canaan_branch_effective_2026-03-29_updated_2026-03-16.pdf,3,From Grand Central; C
Metro-North,New Canaan Branch,New Haven Line - New Canaan Branch,6504,From Grand Central,NCN,New Canaan,7,07:10,07:10,2026-03-29,,,weekend,2026-03-29,2026-03-16,,03-29-26_NHL-NC-Sched_v2.pdf,metro_north_new_canaan_branch_effective_2026-03-29_updated_2026-03-16.pdf,3,From Grand Central; C
Metro-North,New Canaan Branch,New Haven Line - New Canaan Branch,6505,To Grand Central,NCN,New Canaan,1,06:28,06:28,2026-03-29,,,weekend,2026-03-29,2026-03-16,,03-29-26_NHL-NC-Sched_v2.pdf,metro_north_new_canaan_branch_effective_2026-03-29_updated_2026-03-16.pdf,3,Metro-North; C
Metro-North,New Canaan Branch,New Haven Line - New Canaan Branch,6505,Metro-North,STM,Stamford,1,06:28,06:28,2026-03-29,,,weekend,2026-03-29,2026-03-16,,03-29-26_NHL-NC-Sched_v2.pdf,metro_north_new_canaan_branch_effective_2026-03-29_updated_2026-03-16.pdf,3,Metro-North; C
Metro-North,New Canaan Branch,New Haven Line - New Canaan Branch,6505,To Grand Central,TMH,Talmadge Hill,2,06:33,06:33,2026-03-29,,,weekend,2026-03-29,2026-03-16,,03-29-26_NHL-NC-Sched_v2.pdf,metro_north_new_canaan_branch_effective_2026-03-29_updated_2026-03-16.pdf,3,To Grand Central; C
Metro-North,New Canaan Branch,New Haven Line - New Canaan Branch,6505,Metro-North,TMH,Talmadge Hill,2,06:33,06:33,2026-03-29,,,weekend,2026-03-29,2026-03-16,,03-29-26_NHL-NC-Sched_v2.pdf,metro_north_new_canaan_branch_effective_2026-03-29_updated_2026-03-16.pdf,3,Metro-North; C
Metro-North,New Canaan Branch,New Haven Line - New Canaan Branch,6505,Metro-North,SPD,Springdale,3,06:37,06:37,2026-03-29,,,weekend,2026-03-29,2026-03-16,,03-29-26_NHL-NC-Sched_v2.pdf,metro_north_new_canaan_branch_effective_2026-03-29_updated_2026-03-16.pdf,3,Metro-North; C
Metro-North,New Canaan Branch,New Haven Line - New Canaan Branch,6505,Metro-North,GLB,Glenbrook,4,06:40,06:40,2026-03-29,,,weekend,2026-03-29,2026-03-16,,03-29-26_NHL-NC-Sched_v2.pdf,metro_north_new_canaan_branch_effective_2026-03-29_updated_2026-03-16.pdf,3,Metro-North; C
Metro-North,New Canaan Branch,New Haven Line - New Canaan Branch,6505,Metro-North,STM,Stamford,5,06:45,,2026-03-29,,,weekend,2026-03-29,2026-03-16,,03-29-26_NHL-NC-Sched_v2.pdf,metro_north_new_canaan_branch_effective_2026-03-29_updated_2026-03-16.pdf,3,Metro-North; C
Metro-North,New Canaan Branch,New Haven Line - New Canaan Branch,6505,Metro-North,STM,Stamford,6,,06:49,2026-03-29,,,weekend,2026-03-29,2026-03-16,,03-29-26_NHL-NC-Sched_v2.pdf,metro_north_new_canaan_branch_effective_2026-03-29_updated_2026-03-16.pdf,3,Metro-North
Metro-North,New Canaan Branch,New Haven Line - New Canaan Branch,6505,Metro-North,GCT,Grand Central,7,07:53,07:53,2026-03-29,,,weekend,2026-03-29,2026-03-16,,03-29-26_NHL-NC-Sched_v2.pdf,metro_north_new_canaan_branch_effective_2026-03-29_updated_2026-03-16.pdf,3,Metro-North
Metro-North,New Canaan Branch,New Haven Line - New Canaan Branch,6506~1,From Grand Central,GCT,Grand Central,1,07:02,07:02,2026-03-29,,,weekend,2026-03-29,2026-03-16,,03-29-26_NHL-NC-Sched_v2.pdf,metro_north_new_canaan_branch_effective_2026-03-29_updated_2026-03-16.pdf,3,From Grand Central
Metro-North,New Canaan Branch,New Haven Line - New Canaan Branch,6506~2,From Grand Central,GCT,Grand Central,1,07:02,07:02,2026-03-29,,,weekend,2026-03-29,2026-03-16,,03-29-26_NHL-NC-Sched_v2.pdf,metro_north_new_canaan_branch_effective_2026-03-29_updated_2026-03-16.pdf,3,From Grand Central
Metro-North,New Canaan Branch,New Haven Line - New Canaan Branch,6506~2,From Grand Central,STM,Stamford,2,07:55,,2026-03-29,,,weekend,2026-03-29,2026-03-16,,03-29-26_NHL-NC-Sched_v2.pdf,metro_north_new_canaan_branch_effective_2026-03-29_updated_2026-03-16.pdf,3,From Grand Central
Metro-North,New Canaan Branch,New Haven Line - New Canaan Branch,6506~2,From Grand Central,STM,Stamford,3,,08:01,2026-03-29,,,weekend,2026-03-29,2026-03-16,,03-29-26_NHL-NC-Sched_v2.pdf,metro_north_new_canaan_branch_effective_2026-03-29_updated_2026-03-16.pdf,3,From Grand Central; C
Metro-North,New Canaan Branch,New Haven Line - New Canaan Branch,6506~2,From Grand Central,GLB,Glenbrook,4,08:05,08:05,2026-03-29,,,weekend,2026-03-29,2026-03-16,,03-29-26_NHL-NC-Sched_v2.pdf,metro_north_new_canaan_branch_effective_2026-03-29_updated_2026-03-16.pdf,3,From Grand Central; C
Metro-North,New Canaan Branch,New Haven Line - New Canaan Branch,6506~2,From Grand Central,SPD,Springdale,5,08:08,08:08,2026-03-29,,,weekend,2026-03-29,2026-03-16,,03-29-26_NHL-NC-Sched_v2.pdf,metro_north_new_canaan_branch_effective_2026-03-29_updated_2026-03-16.pdf,3,From Grand Central; C
Metro-North,New Canaan Branch,New Haven Line - New Canaan Branch,6506~2,From Grand Central,TMH,Talmadge Hill,6,08:12,08:12,2026-03-29,,,weekend,2026-03-29,2026-03-16,,03-29-26_NHL-NC-Sched_v2.pdf,metro_north_new_canaan_branch_effective_2026-03-29_updated_2026-03-16.pdf,3,From Grand Central; C
Metro-North,New Canaan Branch,New Haven Line - New Canaan Branch,6506~2,From Grand Central,NCN,New Canaan,7,08:18,08:18,2026-03-29,,,weekend,2026-03-29,2026-03-16,,03-29-26_NHL-NC-Sched_v2.pdf,metro_north_new_canaan_branch_effective_2026-03-29_updated_2026-03-16.pdf,3,From Grand Central; C
Metro-North,New Canaan Branch,New Haven Line - New Canaan Branch,6509,To Grand Central,NCN,New Canaan,1,07:28,07:28,2026-03-29,,,weekend,2026-03-29,2026-03-16,,03-29-26_NHL-NC-Sched_v2.pdf,metro_north_new_canaan_branch_effective_2026-03-29_updated_2026-03-16.pdf,3,To Grand Central; C
Metro-North,New Canaan Branch,New Haven Line - New Canaan Branch,6509,Metro-North,STM,Stamford,1,07:28,07:28,2026-03-29,,,weekend,2026-03-29,2026-03-16,,03-29-26_NHL-NC-Sched_v2.pdf,metro_north_new_canaan_branch_effective_2026-03-29_updated_2026-03-16.pdf,3,Metro-North; C
Metro-North,New Canaan Branch,New Haven Line - New Canaan Branch,6509,To Grand Central,TMH,Talmadge Hill,2,07:33,07:33,2026-03-29,,,weekend,2026-03-29,2026-03-16,,03-29-26_NHL-NC-Sched_v2.pdf,metro_north_new_canaan_branch_effective_2026-03-29_updated_2026-03-16.pdf,3,To Grand Central; C
Metro-North,New Canaan Branch,New Haven Line - New Canaan Branch,6509,Metro-North,TMH,Talmadge Hill,2,07:33,07:33,2026-03-29,,,weekend,2026-03-29,2026-03-16,,03-29-26_NHL-NC-Sched_v2.pdf,metro_north_new_canaan_branch_effective_2026-03-29_updated_2026-03-16.pdf,3,Metro-North; C
Metro-North,New Canaan Branch,New Haven Line - New Canaan Branch,6509,Metro-North,SPD,Springdale,3,07:37,07:37,2026-03-29,,,weekend,2026-03-29,2026-03-16,,03-29-26_NHL-NC-Sched_v2.pdf,metro_north_new_canaan_branch_effective_2026-03-29_updated_2026-03-16.pdf,3,Metro-North; C
Metro-North,New Canaan Branch,New Haven Line - New Canaan Branch,6509,Metro-North,GLB,Glenbrook,4,07:40,07:40,2026-03-29,,,weekend,2026-03-29,2026-03-16,,03-29-26_NHL-NC-Sched_v2.pdf,metro_north_new_canaan_branch_effective_2026-03-29_updated_2026-03-16.pdf,3,Metro-North; C
Metro-North,New Canaan Branch,New Haven Line - New Canaan Branch,6509,Metro-North,STM,Stamford,5,07:45,,2026-03-29,,,weekend,2026-03-29,2026-03-16,,03-29-26_NHL-NC-Sched_v2.pdf,metro_north_new_canaan_branch_effective_2026-03-29_updated_2026-03-16.pdf,3,Metro-North; C
Metro-North,New Canaan Branch,New Haven Line - New Canaan Branch,6509,Metro-North,STM,Stamford,6,,07:52,2026-03-29,,,weekend,2026-03-29,2026-03-16,,03-29-26_NHL-NC-Sched_v2.pdf,metro_north_new_canaan_branch_effective_2026-03-29_updated_2026-03-16.pdf,3,Metro-North
Metro-North,New Canaan Branch,New Haven Line - New Canaan Branch,6509,Metro-North,GCT,Grand Central,7,08:47,08:47,2026-03-29,,,weekend,2026-03-29,2026-03-16,,03-29-26_NHL-NC-Sched_v2.pdf,metro_north_new_canaan_branch_effective_2026-03-29_updated_2026-03-16.pdf,3,Metro-North
Metro-North,New Canaan Branch,New Haven Line - New Canaan Branch,6510~1,From Grand Central,GCT,Grand Central,1,08:02,08:02,2026-03-29,,,weekend,2026-03-29,2026-03-16,,03-29-26_NHL-NC-Sched_v2.pdf,metro_north_new_canaan_branch_effective_2026-03-29_updated_2026-03-16.pdf,3,From Grand Central
Metro-North,New Canaan Branch,New Haven Line - New Canaan Branch,6510~2,From Grand Central,GCT,Grand Central,1,08:02,08:02,2026-03-29,,,weekend,2026-03-29,2026-03-16,,03-29-26_NHL-NC-Sched_v2.pdf,metro_north_new_canaan_branch_effective_2026-03-29_updated_2026-03-16.pdf,3,From Grand Central
Metro-North,New Canaan Branch,New Haven Line - New Canaan Branch,6510~2,From Grand Central,STM,Stamford,2,08:55,,2026-03-29,,,weekend,2026-03-29,2026-03-16,,03-29-26_NHL-NC-Sched_v2.pdf,metro_north_new_canaan_branch_effective_2026-03-29_updated_2026-03-16.pdf,3,From Grand Central
Metro-North,New Canaan Branch,New Haven Line - New Canaan Branch,6510~2,From Grand Central,STM,Stamford,3,,09:01,2026-03-29,,,weekend,2026-03-29,2026-03-16,,03-29-26_NHL-NC-Sched_v2.pdf,metro_north_new_canaan_branch_effective_2026-03-29_updated_2026-03-16.pdf,3,From Grand Central; C
Metro-North,New Canaan Branch,New Haven Line - New Canaan Branch,6510~2,From Grand Central,GLB,Glenbrook,4,09:05,09:05,2026-03-29,,,weekend,2026-03-29,2026-03-16,,03-29-26_NHL-NC-Sched_v2.pdf,metro_north_new_canaan_branch_effective_2026-03-29_updated_2026-03-16.pdf,3,From Grand Central; C
Metro-North,New Canaan Branch,New Haven Line - New Canaan Branch,6510~2,From Grand Central,SPD,Springdale,5,09:08,09:08,2026-03-29,,,weekend,2026-03-29,2026-03-16,,03-29-26_NHL-NC-Sched_v2.pdf,metro_north_new_canaan_branch_effective_2026-03-29_updated_2026-03-16.pdf,3,From Grand Central; C
Metro-North,New Canaan Branch,New Haven Line - New Canaan Branch,6510~2,From Grand Central,TMH,Talmadge Hill,6,09:12,09:12,2026-03-29,,,weekend,2026-03-29,2026-03-16,,03-29-26_NHL-NC-Sched_v2.pdf,metro_north_new_canaan_branch_effective_2026-03-29_updated_2026-03-16.pdf,3,From Grand Central; C
Metro-North,New Canaan Branch,New Haven Line - New Canaan Branch,6510~2,From Grand Central,NCN,New Canaan,7,09:18,09:18,2026-03-29,,,weekend,2026-03-29,2026-03-16,,03-29-26_NHL-NC-Sched_v2.pdf,metro_north_new_canaan_branch_effective_2026-03-29_updated_2026-03-16.pdf,3,From Grand Central; C
Metro-North,New Canaan Branch,New Haven Line - New Canaan Branch,6513,To Grand Central,NCN,New Canaan,1,08:28,08:28,2026-03-29,,,weekend,2026-03-29,2026-03-16,,03-29-26_NHL-NC-Sched_v2.pdf,metro_north_new_canaan_branch_effective_2026-03-29_updated_2026-03-16.pdf,3,To Grand Central; C
Metro-North,New Canaan Branch,New Haven Line - New Canaan Branch,6513,Metro-North,STM,Stamford,1,08:28,08:28,2026-03-29,,,weekend,2026-03-29,2026-03-16,,03-29-26_NHL-NC-Sched_v2.pdf,metro_north_new_canaan_branch_effective_2026-03-29_updated_2026-03-16.pdf,3,Metro-North; C
Metro-North,New Canaan Branch,New Haven Line - New Canaan Branch,6513,To Grand Central,TMH,Talmadge Hill,2,08:33,08:33,2026-03-29,,,weekend,2026-03-29,2026-03-16,,03-29-26_NHL-NC-Sched_v2.pdf,metro_north_new_canaan_branch_effective_2026-03-29_updated_2026-03-16.pdf,3,To Grand Central; C
Metro-North,New Canaan Branch,New Haven Line - New Canaan Branch,6513,Metro-North,TMH,Talmadge Hill,2,08:33,08:33,2026-03-29,,,weekend,2026-03-29,2026-03-16,,03-29-26_NHL-NC-Sched_v2.pdf,metro_north_new_canaan_branch_effective_2026-03-29_updated_2026-03-16.pdf,3,Metro-North; C
Metro-North,New Canaan Branch,New Haven Line - New Canaan Branch,6513,Metro-North,SPD,Springdale,3,08:37,08:37,2026-03-29,,,weekend,2026-03-29,2026-03-16,,03-29-26_NHL-NC-Sched_v2.pdf,metro_north_new_canaan_branch_effective_2026-03-29_updated_2026-03-16.pdf,3,Metro-North; C
Metro-North,New Canaan Branch,New Haven Line - New Canaan Branch,6513,Metro-North,GLB,Glenbrook,4,08:40,08:40,2026-03-29,,,weekend,2026-03-29,2026-03-16,,03-29-26_NHL-NC-Sched_v2.pdf,metro_north_new_canaan_branch_effective_2026-03-29_updated_2026-03-16.pdf,3,Metro-North; C
Metro-North,New Canaan Branch,New Haven Line - New Canaan Branch,6513,Metro-North,STM,Stamford,5,08:45,,2026-03-29,,,weekend,2026-03-29,2026-03-16,,03-29-26_NHL-NC-Sched_v2.pdf,metro_north_new_canaan_branch_effective_2026-03-29_updated_2026-03-16.pdf,3,Metro-North; C
Metro-North,New Canaan Branch,New Haven Line - New Canaan Branch,6513,Metro-North,STM,Stamford,6,,08:51,2026-03-29,,,weekend,2026-03-29,2026-03-16,,03-29-26_NHL-NC-Sched_v2.pdf,metro_north_new_canaan_branch_effective_2026-03-29_updated_2026-03-16.pdf,3,Metro-North
Metro-North,New Canaan Branch,New Haven Line - New Canaan Branch,6513,Metro-North,GCT,Grand Central,7,09:48,09:48,2026-03-29,,,weekend,2026-03-29,2026-03-16,,03-29-26_NHL-NC-Sched_v2.pdf,metro_north_new_canaan_branch_effective_2026-03-29_updated_2026-03-16.pdf,3,Metro-North
Metro-North,New Canaan Branch,New Haven Line - New Canaan Branch,6514~1,From Grand Central,GCT,Grand Central,1,09:02,09:02,2026-03-29,,,weekend,2026-03-29,2026-03-16,,03-29-26_NHL-NC-Sched_v2.pdf,metro_north_new_canaan_branch_effective_2026-03-29_updated_2026-03-16.pdf,3,From Grand Central
Metro-North,New Canaan Branch,New Haven Line - New Canaan Branch,6514~2,From Grand Central,GCT,Grand Central,1,09:02,09:02,2026-03-29,,,weekend,2026-03-29,2026-03-16,,03-29-26_NHL-NC-Sched_v2.pdf,metro_north_new_canaan_branch_effective_2026-03-29_updated_2026-03-16.pdf,3,From Grand Central
Metro-North,New Canaan Branch,New Haven Line - New Canaan Branch,6514~2,From Grand Central,STM,Stamford,2,09:54,,2026-03-29,,,weekend,2026-03-29,2026-03-16,,03-29-26_NHL-NC-Sched_v2.pdf,metro_north_new_canaan_branch_effective_2026-03-29_updated_2026-03-16.pdf,3,From Grand Central
Metro-North,New Canaan Branch,New Haven Line - New Canaan Branch,6514~2,From Grand Central,STM,Stamford,3,,10:01,2026-03-29,,,weekend,2026-03-29,2026-03-16,,03-29-26_NHL-NC-Sched_v2.pdf,metro_north_new_canaan_branch_effective_2026-03-29_updated_2026-03-16.pdf,3,From Grand Central
Metro-North,New Canaan Branch,New Haven Line - New Canaan Branch,6514~2,From Grand Central,GLB,Glenbrook,4,10:05,10:05,2026-03-29,,,weekend,2026-03-29,2026-03-16,,03-29-26_NHL-NC-Sched_v2.pdf,metro_north_new_canaan_branch_effective_2026-03-29_updated_2026-03-16.pdf,3,From Grand Central
Metro-North,New Canaan Branch,New Haven Line - New Canaan Branch,6514~2,From Grand Central,SPD,Springdale,5,10:08,10:08,2026-03-29,,,weekend,2026-03-29,2026-03-16,,03-29-26_NHL-NC-Sched_v2.pdf,metro_north_new_canaan_branch_effective_2026-03-29_updated_2026-03-16.pdf,3,From Grand Central
Metro-North,New Canaan Branch,New Haven Line - New Canaan Branch,6514~2,From Grand Central,TMH,Talmadge Hill,6,10:12,10:12,2026-03-29,,,weekend,2026-03-29,2026-03-16,,03-29-26_NHL-NC-Sched_v2.pdf,metro_north_new_canaan_branch_effective_2026-03-29_updated_2026-03-16.pdf,3,From Grand Central
Metro-North,New Canaan Branch,New Haven Line - New Canaan Branch,6514~2,From Grand Central,NCN,New Canaan,7,10:18,10:18,2026-03-29,,,weekend,2026-03-29,2026-03-16,,03-29-26_NHL-NC-Sched_v2.pdf,metro_north_new_canaan_branch_effective_2026-03-29_updated_2026-03-16.pdf,3,From Grand Central
Metro-North,New Canaan Branch,New Haven Line - New Canaan Branch,6517,To Grand Central,NCN,New Canaan,1,09:28,09:28,2026-03-29,,,weekend,2026-03-29,2026-03-16,,03-29-26_NHL-NC-Sched_v2.pdf,metro_north_new_canaan_branch_effective_2026-03-29_updated_2026-03-16.pdf,3,To Grand Central; C
Metro-North,New Canaan Branch,New Haven Line - New Canaan Branch,6517,Metro-North,STM,Stamford,1,09:28,09:28,2026-03-29,,,weekend,2026-03-29,2026-03-16,,03-29-26_NHL-NC-Sched_v2.pdf,metro_north_new_canaan_branch_effective_2026-03-29_updated_2026-03-16.pdf,3,Metro-North; C
Metro-North,New Canaan Branch,New Haven Line - New Canaan Branch,6517,To Grand Central,TMH,Talmadge Hill,2,09:33,09:33,2026-03-29,,,weekend,2026-03-29,2026-03-16,,03-29-26_NHL-NC-Sched_v2.pdf,metro_north_new_canaan_branch_effective_2026-03-29_updated_2026-03-16.pdf,3,To Grand Central; C
Metro-North,New Canaan Branch,New Haven Line - New Canaan Branch,6517,Metro-North,TMH,Talmadge Hill,2,09:33,09:33,2026-03-29,,,weekend,2026-03-29,2026-03-16,,03-29-26_NHL-NC-Sched_v2.pdf,metro_north_new_canaan_branch_effective_2026-03-29_updated_2026-03-16.pdf,3,Metro-North; C
Metro-North,New Canaan Branch,New Haven Line - New Canaan Branch,6517,Metro-North,SPD,Springdale,3,09:37,09:37,2026-03-29,,,weekend,2026-03-29,2026-03-16,,03-29-26_NHL-NC-Sched_v2.pdf,metro_north_new_canaan_branch_effective_2026-03-29_updated_2026-03-16.pdf,3,Metro-North; C
Metro-North,New Canaan Branch,New Haven Line - New Canaan Branch,6517,Metro-North,GLB,Glenbrook,4,09:40,09:40,2026-03-29,,,weekend,2026-03-29,2026-03-16,,03-29-26_NHL-NC-Sched_v2.pdf,metro_north_new_canaan_branch_effective_2026-03-29_updated_2026-03-16.pdf,3,Metro-North; C
Metro-North,New Canaan Branch,New Haven Line - New Canaan Branch,6517,Metro-North,STM,Stamford,5,09:45,,2026-03-29,,,weekend,2026-03-29,2026-03-16,,03-29-26_NHL-NC-Sched_v2.pdf,metro_north_new_canaan_branch_effective_2026-03-29_updated_2026-03-16.pdf,3,Metro-North; C
Metro-North,New Canaan Branch,New Haven Line - New Canaan Branch,6517,Metro-North,STM,Stamford,6,,09:51,2026-03-29,,,weekend,2026-03-29,2026-03-16,,03-29-26_NHL-NC-Sched_v2.pdf,metro_north_new_canaan_branch_effective_2026-03-29_updated_2026-03-16.pdf,3,Metro-North
Metro-North,New Canaan Branch,New Haven Line - New Canaan Branch,6517,Metro-North,GCT,Grand Central,7,10:46,10:46,2026-03-29,,,weekend,2026-03-29,2026-03-16,,03-29-26_NHL-NC-Sched_v2.pdf,metro_north_new_canaan_branch_effective_2026-03-29_updated_2026-03-16.pdf,3,Metro-North
Metro-North,New Canaan Branch,New Haven Line - New Canaan Branch,6518~1,From Grand Central,GCT,Grand Central,1,10:02,10:02,2026-03-29,,,weekend,2026-03-29,2026-03-16,,03-29-26_NHL-NC-Sched_v2.pdf,metro_north_new_canaan_branch_effective_2026-03-29_updated_2026-03-16.pdf,3,From Grand Central
Metro-North,New Canaan Branch,New Haven Line - New Canaan Branch,6518~2,From Grand Central,GCT,Grand Central,1,10:02,10:02,2026-03-29,,,weekend,2026-03-29,2026-03-16,,03-29-26_NHL-NC-Sched_v2.pdf,metro_north_new_canaan_branch_effective_2026-03-29_updated_2026-03-16.pdf,3,From Grand Central
Metro-North,New Canaan Branch,New Haven Line - New Canaan Branch,6518~2,From Grand Central,STM,Stamford,2,10:54,,2026-03-29,,,weekend,2026-03-29,2026-03-16,,03-29-26_NHL-NC-Sched_v2.pdf,metro_north_new_canaan_branch_effective_2026-03-29_updated_2026-03-16.pdf,3,From Grand Central
Metro-North,New Canaan Branch,New Haven Line - New Canaan Branch,6518~2,From Grand Central,STM,Stamford,3,,11:01,2026-03-29,,,weekend,2026-03-29,2026-03-16,,03-29-26_NHL-NC-Sched_v2.pdf,metro_north_new_canaan_branch_effective_2026-03-29_updated_2026-03-16.pdf,3,From Grand Central
Metro-North,New Canaan Branch,New Haven Line - New Canaan Branch,6518~2,From Grand Central,GLB,Glenbrook,4,11:05,11:05,2026-03-29,,,weekend,2026-03-29,2026-03-16,,03-29-26_NHL-NC-Sched_v2.pdf,metro_north_new_canaan_branch_effective_2026-03-29_updated_2026-03-16.pdf,3,From Grand Central
Metro-North,New Canaan Branch,New Haven Line - New Canaan Branch,6518~2,From Grand Central,SPD,Springdale,5,11:08,11:08,2026-03-29,,,weekend,2026-03-29,2026-03-16,,03-29-26_NHL-NC-Sched_v2.pdf,metro_north_new_canaan_branch_effective_2026-03-29_updated_2026-03-16.pdf,3,From Grand Central
Metro-North,New Canaan Branch,New Haven Line - New Canaan Branch,6518~2,From Grand Central,TMH,Talmadge Hill,6,11:12,11:12,2026-03-29,,,weekend,2026-03-29,2026-03-16,,03-29-26_NHL-NC-Sched_v2.pdf,metro_north_new_canaan_branch_effective_2026-03-29_updated_2026-03-16.pdf,3,From Grand Central
Metro-North,New Canaan Branch,New Haven Line - New Canaan Branch,6518~2,From Grand Central,NCN,New Canaan,7,11:18,11:18,2026-03-29,,,weekend,2026-03-29,2026-03-16,,03-29-26_NHL-NC-Sched_v2.pdf,metro_north_new_canaan_branch_effective_2026-03-29_updated_2026-03-16.pdf,3,From Grand Central
Metro-North,New Canaan Branch,New Haven Line - New Canaan Branch,6521,To Grand Central,NCN,New Canaan,1,10:28,10:28,2026-03-29,,,weekend,2026-03-29,2026-03-16,,03-29-26_NHL-NC-Sched_v2.pdf,metro_north_new_canaan_branch_effective_2026-03-29_updated_2026-03-16.pdf,3,To Grand Central
Metro-North,New Canaan Branch,New Haven Line - New Canaan Branch,6521,Metro-North,STM,Stamford,1,10:28,10:28,2026-03-29,,,weekend,2026-03-29,2026-03-16,,03-29-26_NHL-NC-Sched_v2.pdf,metro_north_new_canaan_branch_effective_2026-03-29_updated_2026-03-16.pdf,3,Metro-North
Metro-North,New Canaan Branch,New Haven Line - New Canaan Branch,6521,To Grand Central,TMH,Talmadge Hill,2,10:33,10:33,2026-03-29,,,weekend,2026-03-29,2026-03-16,,03-29-26_NHL-NC-Sched_v2.pdf,metro_north_new_canaan_branch_effective_2026-03-29_updated_2026-03-16.pdf,3,To Grand Central
Metro-North,New Canaan Branch,New Haven Line - New Canaan Branch,6521,Metro-North,TMH,Talmadge Hill,2,10:33,10:33,2026-03-29,,,weekend,2026-03-29,2026-03-16,,03-29-26_NHL-NC-Sched_v2.pdf,metro_north_new_canaan_branch_effective_2026-03-29_updated_2026-03-16.pdf,3,Metro-North
Metro-North,New Canaan Branch,New Haven Line - New Canaan Branch,6521,Metro-North,SPD,Springdale,3,10:37,10:37,2026-03-29,,,weekend,2026-03-29,2026-03-16,,03-29-26_NHL-NC-Sched_v2.pdf,metro_north_new_canaan_branch_effective_2026-03-29_updated_2026-03-16.pdf,3,Metro-North
Metro-North,New Canaan Branch,New Haven Line - New Canaan Branch,6521,Metro-North,GLB,Glenbrook,4,10:40,10:40,2026-03-29,,,weekend,2026-03-29,2026-03-16,,03-29-26_NHL-NC-Sched_v2.pdf,metro_north_new_canaan_branch_effective_2026-03-29_updated_2026-03-16.pdf,3,Metro-North
Metro-North,New Canaan Branch,New Haven Line - New Canaan Branch,6521,Metro-North,STM,Stamford,5,10:45,,2026-03-29,,,weekend,2026-03-29,2026-03-16,,03-29-26_NHL-NC-Sched_v2.pdf,metro_north_new_canaan_branch_effective_2026-03-29_updated_2026-03-16.pdf,3,Metro-North
Metro-North,New Canaan Branch,New Haven Line - New Canaan Branch,6521,Metro-North,STM,Stamford,6,,10:51,2026-03-29,,,weekend,2026-03-29,2026-03-16,,03-29-26_NHL-NC-Sched_v2.pdf,metro_north_new_canaan_branch_effective_2026-03-29_updated_2026-03-16.pdf,3,Metro-North
Metro-North,New Canaan Branch,New Haven Line - New Canaan Branch,6521,Metro-North,GCT,Grand Central,7,11:46,11:46,2026-03-29,,,weekend,2026-03-29,2026-03-16,,03-29-26_NHL-NC-Sched_v2.pdf,metro_north_new_canaan_branch_effective_2026-03-29_updated_2026-03-16.pdf,3,Metro-North
Metro-North,New Canaan Branch,New Haven Line - New Canaan Branch,6522~1,From Grand Central,GCT,Grand Central,1,11:02,11:02,2026-03-29,,,weekend,2026-03-29,2026-03-16,,03-29-26_NHL-NC-Sched_v2.pdf,metro_north_new_canaan_branch_effective_2026-03-29_updated_2026-03-16.pdf,3,From Grand Central
Metro-North,New Canaan Branch,New Haven Line - New Canaan Branch,6522~2,From Grand Central,GCT,Grand Central,1,11:02,11:02,2026-03-29,,,weekend,2026-03-29,2026-03-16,,03-29-26_NHL-NC-Sched_v2.pdf,metro_north_new_canaan_branch_effective_2026-03-29_updated_2026-03-16.pdf,3,From Grand Central
Metro-North,New Canaan Branch,New Haven Line - New Canaan Branch,6522~2,From Grand Central,STM,Stamford,2,11:54,,2026-03-29,,,weekend,2026-03-29,2026-03-16,,03-29-26_NHL-NC-Sched_v2.pdf,metro_north_new_canaan_branch_effective_2026-03-29_updated_2026-03-16.pdf,3,From Grand Central
Metro-North,New Canaan Branch,New Haven Line - New Canaan Branch,6522~2,From Grand Central,STM,Stamford,3,,00:01,2026-03-29,,,weekend,2026-03-29,2026-03-16,,03-29-26_NHL-NC-Sched_v2.pdf,metro_north_new_canaan_branch_effective_2026-03-29_updated_2026-03-16.pdf,3,From Grand Central
Metro-North,New Canaan Branch,New Haven Line - New Canaan Branch,6522~2,From Grand Central,GLB,Glenbrook,4,00:05,00:05,2026-03-29,,,weekend,2026-03-29,2026-03-16,,03-29-26_NHL-NC-Sched_v2.pdf,metro_north_new_canaan_branch_effective_2026-03-29_updated_2026-03-16.pdf,3,From Grand Central
Metro-North,New Canaan Branch,New Haven Line - New Canaan Branch,6522~2,From Grand Central,SPD,Springdale,5,00:08,00:08,2026-03-29,,,weekend,2026-03-29,2026-03-16,,03-29-26_NHL-NC-Sched_v2.pdf,metro_north_new_canaan_branch_effective_2026-03-29_updated_2026-03-16.pdf,3,From Grand Central
Metro-North,New Canaan Branch,New Haven Line - New Canaan Branch,6522~2,From Grand Central,TMH,Talmadge Hill,6,00:12,00:12,2026-03-29,,,weekend,2026-03-29,2026-03-16,,03-29-26_NHL-NC-Sched_v2.pdf,metro_north_new_canaan_branch_effective_2026-03-29_updated_2026-03-16.pdf,3,From Grand Central
Metro-North,New Canaan Branch,New Haven Line - New Canaan Branch,6522~2,From Grand Central,NCN,New Canaan,7,00:18,00:18,2026-03-29,,,weekend,2026-03-29,2026-03-16,,03-29-26_NHL-NC-Sched_v2.pdf,metro_north_new_canaan_branch_effective_2026-03-29_updated_2026-03-16.pdf,3,From Grand Central
Metro-North,New Canaan Branch,New Haven Line - New Canaan Branch,6525,To Grand Central,NCN,New Canaan,1,11:28,11:28,2026-03-29,,,weekend,2026-03-29,2026-03-16,,03-29-26_NHL-NC-Sched_v2.pdf,metro_north_new_canaan_branch_effective_2026-03-29_updated_2026-03-16.pdf,3,To Grand Central
Metro-North,New Canaan Branch,New Haven Line - New Canaan Branch,6525,Metro-North,GCT,Grand Central,1,00:46,00:46,2026-03-29,,,weekend,2026-03-29,2026-03-16,,03-29-26_NHL-NC-Sched_v2.pdf,metro_north_new_canaan_branch_effective_2026-03-29_updated_2026-03-16.pdf,3,Metro-North
Metro-North,New Canaan Branch,New Haven Line - New Canaan Branch,6525,To Grand Central,TMH,Talmadge Hill,2,11:33,11:33,2026-03-29,,,weekend,2026-03-29,2026-03-16,,03-29-26_NHL-NC-Sched_v2.pdf,metro_north_new_canaan_branch_effective_2026-03-29_updated_2026-03-16.pdf,3,To Grand Central
Metro-North,New Canaan Branch,New Haven Line - New Canaan Branch,6525,Metro-North,STM,Stamford,2,11:28,11:28,2026-03-29,,,weekend,2026-03-29,2026-03-16,,03-29-26_NHL-NC-Sched_v2.pdf,metro_north_new_canaan_branch_effective_2026-03-29_updated_2026-03-16.pdf,3,Metro-North
Metro-North,New Canaan Branch,New Haven Line - New Canaan Branch,6525,Metro-North,TMH,Talmadge Hill,3,11:33,11:33,2026-03-29,,,weekend,2026-03-29,2026-03-16,,03-29-26_NHL-NC-Sched_v2.pdf,metro_north_new_canaan_branch_effective_2026-03-29_updated_2026-03-16.pdf,3,Metro-North
Metro-North,New Canaan Branch,New Haven Line - New Canaan Branch,6525,Metro-North,SPD,Springdale,4,11:37,11:37,2026-03-29,,,weekend,2026-03-29,2026-03-16,,03-29-26_NHL-NC-Sched_v2.pdf,metro_north_new_canaan_branch_effective_2026-03-29_updated_2026-03-16.pdf,3,Metro-North
Metro-North,New Canaan Branch,New Haven Line - New Canaan Branch,6525,Metro-North,GLB,Glenbrook,5,11:40,11:40,2026-03-29,,,weekend,2026-03-29,2026-03-16,,03-29-26_NHL-NC-Sched_v2.pdf,metro_north_new_canaan_branch_effective_2026-03-29_updated_2026-03-16.pdf,3,Metro-North
Metro-North,New Canaan Branch,New Haven Line - New Canaan Branch,6525,Metro-North,STM,Stamford,6,11:45,,2026-03-29,,,weekend,2026-03-29,2026-03-16,,03-29-26_NHL-NC-Sched_v2.pdf,metro_north_new_canaan_branch_effective_2026-03-29_updated_2026-03-16.pdf,3,Metro-North
Metro-North,New Canaan Branch,New Haven Line - New Canaan Branch,6525,Metro-North,STM,Stamford,7,,11:51,2026-03-29,,,weekend,2026-03-29,2026-03-16,,03-29-26_NHL-NC-Sched_v2.pdf,metro_north_new_canaan_branch_effective_2026-03-29_updated_2026-03-16.pdf,3,Metro-North
Metro-North,New Canaan Branch,New Haven Line - New Canaan Branch,6526~1,From Grand Central,GCT,Grand Central,1,12:02,12:02,2026-03-29,,,weekend,2026-03-29,2026-03-16,,03-29-26_NHL-NC-Sched_v2.pdf,metro_north_new_canaan_branch_effective_2026-03-29_updated_2026-03-16.pdf,3,From Grand Central
Metro-North,New Canaan Branch,New Haven Line - New Canaan Branch,6526~2,From Grand Central,GCT,Grand Central,1,12:02,12:02,2026-03-29,,,weekend,2026-03-29,2026-03-16,,03-29-26_NHL-NC-Sched_v2.pdf,metro_north_new_canaan_branch_effective_2026-03-29_updated_2026-03-16.pdf,3,From Grand Central
Metro-North,New Canaan Branch,New Haven Line - New Canaan Branch,6526~2,From Grand Central,STM,Stamford,2,12:54,,2026-03-29,,,weekend,2026-03-29,2026-03-16,,03-29-26_NHL-NC-Sched_v2.pdf,metro_north_new_canaan_branch_effective_2026-03-29_updated_2026-03-16.pdf,3,From Grand Central
Metro-North,New Canaan Branch,New Haven Line - New Canaan Branch,6526~2,From Grand Central,STM,Stamford,3,,13:01,2026-03-29,,,weekend,2026-03-29,2026-03-16,,03-29-26_NHL-NC-Sched_v2.pdf,metro_north_new_canaan_branch_effective_2026-03-29_updated_2026-03-16.pdf,3,From Grand Central; C
Metro-North,New Canaan Branch,New Haven Line - New Canaan Branch,6526~2,From Grand Central,GLB,Glenbrook,4,13:05,13:05,2026-03-29,,,weekend,2026-03-29,2026-03-16,,03-29-26_NHL-NC-Sched_v2.pdf,metro_north_new_canaan_branch_effective_2026-03-29_updated_2026-03-16.pdf,3,From Grand Central; C
Metro-North,New Canaan Branch,New Haven Line - New Canaan Branch,6526~2,From Grand Central,SPD,Springdale,5,13:08,13:08,2026-03-29,,,weekend,2026-03-29,2026-03-16,,03-29-26_NHL-NC-Sched_v2.pdf,metro_north_new_canaan_branch_effective_2026-03-29_updated_2026-03-16.pdf,3,From Grand Central; C
Metro-North,New Canaan Branch,New Haven Line - New Canaan Branch,6526~2,From Grand Central,TMH,Talmadge Hill,6,13:12,13:12,2026-03-29,,,weekend,2026-03-29,2026-03-16,,03-29-26_NHL-NC-Sched_v2.pdf,metro_north_new_canaan_branch_effective_2026-03-29_updated_2026-03-16.pdf,3,From Grand Central; C
Metro-North,New Canaan Branch,New Haven Line - New Canaan Branch,6526~2,From Grand Central,NCN,New Canaan,7,13:18,13:18,2026-03-29,,,weekend,2026-03-29,2026-03-16,,03-29-26_NHL-NC-Sched_v2.pdf,metro_north_new_canaan_branch_effective_2026-03-29_updated_2026-03-16.pdf,3,From Grand Central; C
Metro-North,New Canaan Branch,New Haven Line - New Canaan Branch,6529,To Grand Central,NCN,New Canaan,1,12:28,12:28,2026-03-29,,,weekend,2026-03-29,2026-03-16,,03-29-26_NHL-NC-Sched_v2.pdf,metro_north_new_canaan_branch_effective_2026-03-29_updated_2026-03-16.pdf,3,To Grand Central
Metro-North,New Canaan Branch,New Haven Line - New Canaan Branch,6529,Metro-North,STM,Stamford,1,12:28,12:28,2026-03-29,,,weekend,2026-03-29,2026-03-16,,03-29-26_NHL-NC-Sched_v2.pdf,metro_north_new_canaan_branch_effective_2026-03-29_updated_2026-03-16.pdf,3,Metro-North
Metro-North,New Canaan Branch,New Haven Line - New Canaan Branch,6529,To Grand Central,TMH,Talmadge Hill,2,12:33,12:33,2026-03-29,,,weekend,2026-03-29,2026-03-16,,03-29-26_NHL-NC-Sched_v2.pdf,metro_north_new_canaan_branch_effective_2026-03-29_updated_2026-03-16.pdf,3,To Grand Central
Metro-North,New Canaan Branch,New Haven Line - New Canaan Branch,6529,Metro-North,TMH,Talmadge Hill,2,12:33,12:33,2026-03-29,,,weekend,2026-03-29,2026-03-16,,03-29-26_NHL-NC-Sched_v2.pdf,metro_north_new_canaan_branch_effective_2026-03-29_updated_2026-03-16.pdf,3,Metro-North
Metro-North,New Canaan Branch,New Haven Line - New Canaan Branch,6529,Metro-North,SPD,Springdale,3,12:37,12:37,2026-03-29,,,weekend,2026-03-29,2026-03-16,,03-29-26_NHL-NC-Sched_v2.pdf,metro_north_new_canaan_branch_effective_2026-03-29_updated_2026-03-16.pdf,3,Metro-North
Metro-North,New Canaan Branch,New Haven Line - New Canaan Branch,6529,Metro-North,GLB,Glenbrook,4,12:40,12:40,2026-03-29,,,weekend,2026-03-29,2026-03-16,,03-29-26_NHL-NC-Sched_v2.pdf,metro_north_new_canaan_branch_effective_2026-03-29_updated_2026-03-16.pdf,3,Metro-North
Metro-North,New Canaan Branch,New Haven Line - New Canaan Branch,6529,Metro-North,STM,Stamford,5,12:45,,2026-03-29,,,weekend,2026-03-29,2026-03-16,,03-29-26_NHL-NC-Sched_v2.pdf,metro_north_new_canaan_branch_effective_2026-03-29_updated_2026-03-16.pdf,3,Metro-North
Metro-North,New Canaan Branch,New Haven Line - New Canaan Branch,6529,Metro-North,STM,Stamford,6,,12:51,2026-03-29,,,weekend,2026-03-29,2026-03-16,,03-29-26_NHL-NC-Sched_v2.pdf,metro_north_new_canaan_branch_effective_2026-03-29_updated_2026-03-16.pdf,3,Metro-North
Metro-North,New Canaan Branch,New Haven Line - New Canaan Branch,6529,Metro-North,GCT,Grand Central,7,13:46,13:46,2026-03-29,,,weekend,2026-03-29,2026-03-16,,03-29-26_NHL-NC-Sched_v2.pdf,metro_north_new_canaan_branch_effective_2026-03-29_updated_2026-03-16.pdf,3,Metro-North
Metro-North,New Canaan Branch,New Haven Line - New Canaan Branch,6530~1,From Grand Central,GCT,Grand Central,1,01:02,01:02,2026-03-29,,,weekend,2026-03-29,2026-03-16,,03-29-26_NHL-NC-Sched_v2.pdf,metro_north_new_canaan_branch_effective_2026-03-29_updated_2026-03-16.pdf,3,From Grand Central
Metro-North,New Canaan Branch,New Haven Line - New Canaan Branch,6530~2,From Grand Central,GCT,Grand Central,1,13:02,13:02,2026-03-29,,,weekend,2026-03-29,2026-03-16,,03-29-26_NHL-NC-Sched_v2.pdf,metro_north_new_canaan_branch_effective_2026-03-29_updated_2026-03-16.pdf,3,From Grand Central
Metro-North,New Canaan Branch,New Haven Line - New Canaan Branch,6530~2,From Grand Central,STM,Stamford,2,13:54,,2026-03-29,,,weekend,2026-03-29,2026-03-16,,03-29-26_NHL-NC-Sched_v2.pdf,metro_north_new_canaan_branch_effective_2026-03-29_updated_2026-03-16.pdf,3,From Grand Central
Metro-North,New Canaan Branch,New Haven Line - New Canaan Branch,6530~2,From Grand Central,STM,Stamford,3,,14:01,2026-03-29,,,weekend,2026-03-29,2026-03-16,,03-29-26_NHL-NC-Sched_v2.pdf,metro_north_new_canaan_branch_effective_2026-03-29_updated_2026-03-16.pdf,3,From Grand Central; C
Metro-North,New Canaan Branch,New Haven Line - New Canaan Branch,6530~2,From Grand Central,GLB,Glenbrook,4,14:05,14:05,2026-03-29,,,weekend,2026-03-29,2026-03-16,,03-29-26_NHL-NC-Sched_v2.pdf,metro_north_new_canaan_branch_effective_2026-03-29_updated_2026-03-16.pdf,3,From Grand Central; C
Metro-North,New Canaan Branch,New Haven Line - New Canaan Branch,6530~2,From Grand Central,SPD,Springdale,5,14:08,14:08,2026-03-29,,,weekend,2026-03-29,2026-03-16,,03-29-26_NHL-NC-Sched_v2.pdf,metro_north_new_canaan_branch_effective_2026-03-29_updated_2026-03-16.pdf,3,From Grand Central; C
Metro-North,New Canaan Branch,New Haven Line - New Canaan Branch,6530~2,From Grand Central,TMH,Talmadge Hill,6,14:12,14:12,2026-03-29,,,weekend,2026-03-29,2026-03-16,,03-29-26_NHL-NC-Sched_v2.pdf,metro_north_new_canaan_branch_effective_2026-03-29_updated_2026-03-16.pdf,3,From Grand Central; C
Metro-North,New Canaan Branch,New Haven Line - New Canaan Branch,6530~2,From Grand Central,NCN,New Canaan,7,14:18,14:18,2026-03-29,,,weekend,2026-03-29,2026-03-16,,03-29-26_NHL-NC-Sched_v2.pdf,metro_north_new_canaan_branch_effective_2026-03-29_updated_2026-03-16.pdf,3,From Grand Central; C
Metro-North,New Canaan Branch,New Haven Line - New Canaan Branch,6533,To Grand Central,NCN,New Canaan,1,13:28,13:28,2026-03-29,,,weekend,2026-03-29,2026-03-16,,03-29-26_NHL-NC-Sched_v2.pdf,metro_north_new_canaan_branch_effective_2026-03-29_updated_2026-03-16.pdf,3,To Grand Central; C
Metro-North,New Canaan Branch,New Haven Line - New Canaan Branch,6533,Metro-North,STM,Stamford,1,13:28,13:28,2026-03-29,,,weekend,2026-03-29,2026-03-16,,03-29-26_NHL-NC-Sched_v2.pdf,metro_north_new_canaan_branch_effective_2026-03-29_updated_2026-03-16.pdf,3,Metro-North; C
Metro-North,New Canaan Branch,New Haven Line - New Canaan Branch,6533,To Grand Central,TMH,Talmadge Hill,2,13:33,13:33,2026-03-29,,,weekend,2026-03-29,2026-03-16,,03-29-26_NHL-NC-Sched_v2.pdf,metro_north_new_canaan_branch_effective_2026-03-29_updated_2026-03-16.pdf,3,To Grand Central; C
Metro-North,New Canaan Branch,New Haven Line - New Canaan Branch,6533,Metro-North,TMH,Talmadge Hill,2,13:33,13:33,2026-03-29,,,weekend,2026-03-29,2026-03-16,,03-29-26_NHL-NC-Sched_v2.pdf,metro_north_new_canaan_branch_effective_2026-03-29_updated_2026-03-16.pdf,3,Metro-North; C
Metro-North,New Canaan Branch,New Haven Line - New Canaan Branch,6533,Metro-North,SPD,Springdale,3,13:37,13:37,2026-03-29,,,weekend,2026-03-29,2026-03-16,,03-29-26_NHL-NC-Sched_v2.pdf,metro_north_new_canaan_branch_effective_2026-03-29_updated_2026-03-16.pdf,3,Metro-North; C
Metro-North,New Canaan Branch,New Haven Line - New Canaan Branch,6533,Metro-North,GLB,Glenbrook,4,13:40,13:40,2026-03-29,,,weekend,2026-03-29,2026-03-16,,03-29-26_NHL-NC-Sched_v2.pdf,metro_north_new_canaan_branch_effective_2026-03-29_updated_2026-03-16.pdf,3,Metro-North; C
Metro-North,New Canaan Branch,New Haven Line - New Canaan Branch,6533,Metro-North,STM,Stamford,5,13:45,,2026-03-29,,,weekend,2026-03-29,2026-03-16,,03-29-26_NHL-NC-Sched_v2.pdf,metro_north_new_canaan_branch_effective_2026-03-29_updated_2026-03-16.pdf,3,Metro-North; C
Metro-North,New Canaan Branch,New Haven Line - New Canaan Branch,6533,Metro-North,STM,Stamford,6,,13:51,2026-03-29,,,weekend,2026-03-29,2026-03-16,,03-29-26_NHL-NC-Sched_v2.pdf,metro_north_new_canaan_branch_effective_2026-03-29_updated_2026-03-16.pdf,3,Metro-North
Metro-North,New Canaan Branch,New Haven Line - New Canaan Branch,6533,Metro-North,GCT,Grand Central,7,14:46,14:46,2026-03-29,,,weekend,2026-03-29,2026-03-16,,03-29-26_NHL-NC-Sched_v2.pdf,metro_north_new_canaan_branch_effective_2026-03-29_updated_2026-03-16.pdf,3,Metro-North
Metro-North,New Canaan Branch,New Haven Line - New Canaan Branch,6534~1,From Grand Central,GCT,Grand Central,1,14:02,14:02,2026-03-29,,,weekend,2026-03-29,2026-03-16,,03-29-26_NHL-NC-Sched_v2.pdf,metro_north_new_canaan_branch_effective_2026-03-29_updated_2026-03-16.pdf,3,From Grand Central
Metro-North,New Canaan Branch,New Haven Line - New Canaan Branch,6534~2,From Grand Central,GCT,Grand Central,1,14:02,14:02,2026-03-29,,,weekend,2026-03-29,2026-03-16,,03-29-26_NHL-NC-Sched_v2.pdf,metro_north_new_canaan_branch_effective_2026-03-29_updated_2026-03-16.pdf,3,From Grand Central
Metro-North,New Canaan Branch,New Haven Line - New Canaan Branch,6534~2,From Grand Central,STM,Stamford,2,14:54,,2026-03-29,,,weekend,2026-03-29,2026-03-16,,03-29-26_NHL-NC-Sched_v2.pdf,metro_north_new_canaan_branch_effective_2026-03-29_updated_2026-03-16.pdf,3,From Grand Central
Metro-North,New Canaan Branch,New Haven Line - New Canaan Branch,6534~2,From Grand Central,STM,Stamford,3,,15:01,2026-03-29,,,weekend,2026-03-29,2026-03-16,,03-29-26_NHL-NC-Sched_v2.pdf,metro_north_new_canaan_branch_effective_2026-03-29_updated_2026-03-16.pdf,3,From Grand Central; C
Metro-North,New Canaan Branch,New Haven Line - New Canaan Branch,6534~2,From Grand Central,GLB,Glenbrook,4,15:05,15:05,2026-03-29,,,weekend,2026-03-29,2026-03-16,,03-29-26_NHL-NC-Sched_v2.pdf,metro_north_new_canaan_branch_effective_2026-03-29_updated_2026-03-16.pdf,3,From Grand Central; C
Metro-North,New Canaan Branch,New Haven Line - New Canaan Branch,6534~2,From Grand Central,SPD,Springdale,5,15:08,15:08,2026-03-29,,,weekend,2026-03-29,2026-03-16,,03-29-26_NHL-NC-Sched_v2.pdf,metro_north_new_canaan_branch_effective_2026-03-29_updated_2026-03-16.pdf,3,From Grand Central; C
Metro-North,New Canaan Branch,New Haven Line - New Canaan Branch,6534~2,From Grand Central,TMH,Talmadge Hill,6,15:12,15:12,2026-03-29,,,weekend,2026-03-29,2026-03-16,,03-29-26_NHL-NC-Sched_v2.pdf,metro_north_new_canaan_branch_effective_2026-03-29_updated_2026-03-16.pdf,3,From Grand Central; C
Metro-North,New Canaan Branch,New Haven Line - New Canaan Branch,6534~2,From Grand Central,NCN,New Canaan,7,15:18,15:18,2026-03-29,,,weekend,2026-03-29,2026-03-16,,03-29-26_NHL-NC-Sched_v2.pdf,metro_north_new_canaan_branch_effective_2026-03-29_updated_2026-03-16.pdf,3,From Grand Central; C
Metro-North,New Canaan Branch,New Haven Line - New Canaan Branch,6537,To Grand Central,NCN,New Canaan,1,14:28,14:28,2026-03-29,,,weekend,2026-03-29,2026-03-16,,03-29-26_NHL-NC-Sched_v2.pdf,metro_north_new_canaan_branch_effective_2026-03-29_updated_2026-03-16.pdf,3,To Grand Central; C
Metro-North,New Canaan Branch,New Haven Line - New Canaan Branch,6537,Metro-North,STM,Stamford,1,14:28,14:28,2026-03-29,,,weekend,2026-03-29,2026-03-16,,03-29-26_NHL-NC-Sched_v2.pdf,metro_north_new_canaan_branch_effective_2026-03-29_updated_2026-03-16.pdf,3,Metro-North; C
Metro-North,New Canaan Branch,New Haven Line - New Canaan Branch,6537,To Grand Central,TMH,Talmadge Hill,2,14:33,14:33,2026-03-29,,,weekend,2026-03-29,2026-03-16,,03-29-26_NHL-NC-Sched_v2.pdf,metro_north_new_canaan_branch_effective_2026-03-29_updated_2026-03-16.pdf,3,To Grand Central; C
Metro-North,New Canaan Branch,New Haven Line - New Canaan Branch,6537,Metro-North,TMH,Talmadge Hill,2,14:33,14:33,2026-03-29,,,weekend,2026-03-29,2026-03-16,,03-29-26_NHL-NC-Sched_v2.pdf,metro_north_new_canaan_branch_effective_2026-03-29_updated_2026-03-16.pdf,3,Metro-North; C
Metro-North,New Canaan Branch,New Haven Line - New Canaan Branch,6537,Metro-North,SPD,Springdale,3,14:37,14:37,2026-03-29,,,weekend,2026-03-29,2026-03-16,,03-29-26_NHL-NC-Sched_v2.pdf,metro_north_new_canaan_branch_effective_2026-03-29_updated_2026-03-16.pdf,3,Metro-North; C
Metro-North,New Canaan Branch,New Haven Line - New Canaan Branch,6537,Metro-North,GLB,Glenbrook,4,14:40,14:40,2026-03-29,,,weekend,2026-03-29,2026-03-16,,03-29-26_NHL-NC-Sched_v2.pdf,metro_north_new_canaan_branch_effective_2026-03-29_updated_2026-03-16.pdf,3,Metro-North; C
Metro-North,New Canaan Branch,New Haven Line - New Canaan Branch,6537,Metro-North,STM,Stamford,5,14:45,,2026-03-29,,,weekend,2026-03-29,2026-03-16,,03-29-26_NHL-NC-Sched_v2.pdf,metro_north_new_canaan_branch_effective_2026-03-29_updated_2026-03-16.pdf,3,Metro-North; C
Metro-North,New Canaan Branch,New Haven Line - New Canaan Branch,6537,Metro-North,STM,Stamford,6,,14:51,2026-03-29,,,weekend,2026-03-29,2026-03-16,,03-29-26_NHL-NC-Sched_v2.pdf,metro_north_new_canaan_branch_effective_2026-03-29_updated_2026-03-16.pdf,3,Metro-North
Metro-North,New Canaan Branch,New Haven Line - New Canaan Branch,6537,Metro-North,GCT,Grand Central,7,15:46,15:46,2026-03-29,,,weekend,2026-03-29,2026-03-16,,03-29-26_NHL-NC-Sched_v2.pdf,metro_north_new_canaan_branch_effective_2026-03-29_updated_2026-03-16.pdf,3,Metro-North
Metro-North,New Canaan Branch,New Haven Line - New Canaan Branch,6538~1,From Grand Central,GCT,Grand Central,1,15:02,15:02,2026-03-29,,,weekend,2026-03-29,2026-03-16,,03-29-26_NHL-NC-Sched_v2.pdf,metro_north_new_canaan_branch_effective_2026-03-29_updated_2026-03-16.pdf,3,From Grand Central
Metro-North,New Canaan Branch,New Haven Line - New Canaan Branch,6538~2,From Grand Central,GCT,Grand Central,1,15:02,15:02,2026-03-29,,,weekend,2026-03-29,2026-03-16,,03-29-26_NHL-NC-Sched_v2.pdf,metro_north_new_canaan_branch_effective_2026-03-29_updated_2026-03-16.pdf,3,From Grand Central
Metro-North,New Canaan Branch,New Haven Line - New Canaan Branch,6538~2,From Grand Central,STM,Stamford,2,15:54,,2026-03-29,,,weekend,2026-03-29,2026-03-16,,03-29-26_NHL-NC-Sched_v2.pdf,metro_north_new_canaan_branch_effective_2026-03-29_updated_2026-03-16.pdf,3,From Grand Central
Metro-North,New Canaan Branch,New Haven Line - New Canaan Branch,6538~2,From Grand Central,STM,Stamford,3,,16:01,2026-03-29,,,weekend,2026-03-29,2026-03-16,,03-29-26_NHL-NC-Sched_v2.pdf,metro_north_new_canaan_branch_effective_2026-03-29_updated_2026-03-16.pdf,3,From Grand Central; C
Metro-North,New Canaan Branch,New Haven Line - New Canaan Branch,6538~2,From Grand Central,GLB,Glenbrook,4,16:05,16:05,2026-03-29,,,weekend,2026-03-29,2026-03-16,,03-29-26_NHL-NC-Sched_v2.pdf,metro_north_new_canaan_branch_effective_2026-03-29_updated_2026-03-16.pdf,3,From Grand Central; C
Metro-North,New Canaan Branch,New Haven Line - New Canaan Branch,6538~2,From Grand Central,SPD,Springdale,5,16:08,16:08,2026-03-29,,,weekend,2026-03-29,2026-03-16,,03-29-26_NHL-NC-Sched_v2.pdf,metro_north_new_canaan_branch_effective_2026-03-29_updated_2026-03-16.pdf,3,From Grand Central; C
Metro-North,New Canaan Branch,New Haven Line - New Canaan Branch,6538~2,From Grand Central,TMH,Talmadge Hill,6,16:12,16:12,2026-03-29,,,weekend,2026-03-29,2026-03-16,,03-29-26_NHL-NC-Sched_v2.pdf,metro_north_new_canaan_branch_effective_2026-03-29_updated_2026-03-16.pdf,3,From Grand Central; C
Metro-North,New Canaan Branch,New Haven Line - New Canaan Branch,6538~2,From Grand Central,NCN,New Canaan,7,16:18,16:18,2026-03-29,,,weekend,2026-03-29,2026-03-16,,03-29-26_NHL-NC-Sched_v2.pdf,metro_north_new_canaan_branch_effective_2026-03-29_updated_2026-03-16.pdf,3,From Grand Central; C
Metro-North,New Canaan Branch,New Haven Line - New Canaan Branch,6541,To Grand Central,NCN,New Canaan,1,15:28,15:28,2026-03-29,,,weekend,2026-03-29,2026-03-16,,03-29-26_NHL-NC-Sched_v2.pdf,metro_north_new_canaan_branch_effective_2026-03-29_updated_2026-03-16.pdf,3,To Grand Central; C
Metro-North,New Canaan Branch,New Haven Line - New Canaan Branch,6541,Metro-North,STM,Stamford,1,15:28,15:28,2026-03-29,,,weekend,2026-03-29,2026-03-16,,03-29-26_NHL-NC-Sched_v2.pdf,metro_north_new_canaan_branch_effective_2026-03-29_updated_2026-03-16.pdf,3,Metro-North; C
Metro-North,New Canaan Branch,New Haven Line - New Canaan Branch,6541,To Grand Central,TMH,Talmadge Hill,2,15:33,15:33,2026-03-29,,,weekend,2026-03-29,2026-03-16,,03-29-26_NHL-NC-Sched_v2.pdf,metro_north_new_canaan_branch_effective_2026-03-29_updated_2026-03-16.pdf,3,To Grand Central; C
Metro-North,New Canaan Branch,New Haven Line - New Canaan Branch,6541,Metro-North,TMH,Talmadge Hill,2,15:33,15:33,2026-03-29,,,weekend,2026-03-29,2026-03-16,,03-29-26_NHL-NC-Sched_v2.pdf,metro_north_new_canaan_branch_effective_2026-03-29_updated_2026-03-16.pdf,3,Metro-North; C
Metro-North,New Canaan Branch,New Haven Line - New Canaan Branch,6541,Metro-North,SPD,Springdale,3,15:37,15:37,2026-03-29,,,weekend,2026-03-29,2026-03-16,,03-29-26_NHL-NC-Sched_v2.pdf,metro_north_new_canaan_branch_effective_2026-03-29_updated_2026-03-16.pdf,3,Metro-North; C
Metro-North,New Canaan Branch,New Haven Line - New Canaan Branch,6541,Metro-North,GLB,Glenbrook,4,15:40,15:40,2026-03-29,,,weekend,2026-03-29,2026-03-16,,03-29-26_NHL-NC-Sched_v2.pdf,metro_north_new_canaan_branch_effective_2026-03-29_updated_2026-03-16.pdf,3,Metro-North; C
Metro-North,New Canaan Branch,New Haven Line - New Canaan Branch,6541,Metro-North,STM,Stamford,5,15:45,,2026-03-29,,,weekend,2026-03-29,2026-03-16,,03-29-26_NHL-NC-Sched_v2.pdf,metro_north_new_canaan_branch_effective_2026-03-29_updated_2026-03-16.pdf,3,Metro-North; C
Metro-North,New Canaan Branch,New Haven Line - New Canaan Branch,6541,Metro-North,STM,Stamford,6,,15:51,2026-03-29,,,weekend,2026-03-29,2026-03-16,,03-29-26_NHL-NC-Sched_v2.pdf,metro_north_new_canaan_branch_effective_2026-03-29_updated_2026-03-16.pdf,3,Metro-North
Metro-North,New Canaan Branch,New Haven Line - New Canaan Branch,6541,Metro-North,GCT,Grand Central,7,16:46,16:46,2026-03-29,,,weekend,2026-03-29,2026-03-16,,03-29-26_NHL-NC-Sched_v2.pdf,metro_north_new_canaan_branch_effective_2026-03-29_updated_2026-03-16.pdf,3,Metro-North
Metro-North,New Canaan Branch,New Haven Line - New Canaan Branch,6542~1,From Grand Central,GCT,Grand Central,1,16:02,16:02,2026-03-29,,,weekend,2026-03-29,2026-03-16,,03-29-26_NHL-NC-Sched_v2.pdf,metro_north_new_canaan_branch_effective_2026-03-29_updated_2026-03-16.pdf,3,From Grand Central
Metro-North,New Canaan Branch,New Haven Line - New Canaan Branch,6542~2,From Grand Central,GCT,Grand Central,1,16:02,16:02,2026-03-29,,,weekend,2026-03-29,2026-03-16,,03-29-26_NHL-NC-Sched_v2.pdf,metro_north_new_canaan_branch_effective_2026-03-29_updated_2026-03-16.pdf,3,From Grand Central
Metro-North,New Canaan Branch,New Haven Line - New Canaan Branch,6542~2,From Grand Central,STM,Stamford,2,16:54,,2026-03-29,,,weekend,2026-03-29,2026-03-16,,03-29-26_NHL-NC-Sched_v2.pdf,metro_north_new_canaan_branch_effective_2026-03-29_updated_2026-03-16.pdf,3,From Grand Central
Metro-North,New Canaan Branch,New Haven Line - New Canaan Branch,6542~2,From Grand Central,STM,Stamford,3,,17:01,2026-03-29,,,weekend,2026-03-29,2026-03-16,,03-29-26_NHL-NC-Sched_v2.pdf,metro_north_new_canaan_branch_effective_2026-03-29_updated_2026-03-16.pdf,3,From Grand Central; C
Metro-North,New Canaan Branch,New Haven Line - New Canaan Branch,6542~2,From Grand Central,GLB,Glenbrook,4,17:05,17:05,2026-03-29,,,weekend,2026-03-29,2026-03-16,,03-29-26_NHL-NC-Sched_v2.pdf,metro_north_new_canaan_branch_effective_2026-03-29_updated_2026-03-16.pdf,3,From Grand Central; C
Metro-North,New Canaan Branch,New Haven Line - New Canaan Branch,6542~2,From Grand Central,SPD,Springdale,5,17:08,17:08,2026-03-29,,,weekend,2026-03-29,2026-03-16,,03-29-26_NHL-NC-Sched_v2.pdf,metro_north_new_canaan_branch_effective_2026-03-29_updated_2026-03-16.pdf,3,From Grand Central; C
Metro-North,New Canaan Branch,New Haven Line - New Canaan Branch,6542~2,From Grand Central,TMH,Talmadge Hill,6,17:12,17:12,2026-03-29,,,weekend,2026-03-29,2026-03-16,,03-29-26_NHL-NC-Sched_v2.pdf,metro_north_new_canaan_branch_effective_2026-03-29_updated_2026-03-16.pdf,3,From Grand Central; C
Metro-North,New Canaan Branch,New Haven Line - New Canaan Branch,6542~2,From Grand Central,NCN,New Canaan,7,17:18,17:18,2026-03-29,,,weekend,2026-03-29,2026-03-16,,03-29-26_NHL-NC-Sched_v2.pdf,metro_north_new_canaan_branch_effective_2026-03-29_updated_2026-03-16.pdf,3,From Grand Central; C
Metro-North,New Canaan Branch,New Haven Line - New Canaan Branch,6545,To Grand Central,NCN,New Canaan,1,16:28,16:28,2026-03-29,,,weekend,2026-03-29,2026-03-16,,03-29-26_NHL-NC-Sched_v2.pdf,metro_north_new_canaan_branch_effective_2026-03-29_updated_2026-03-16.pdf,3,To Grand Central; C
Metro-North,New Canaan Branch,New Haven Line - New Canaan Branch,6545,Metro-North,STM,Stamford,1,16:28,16:28,2026-03-29,,,weekend,2026-03-29,2026-03-16,,03-29-26_NHL-NC-Sched_v2.pdf,metro_north_new_canaan_branch_effective_2026-03-29_updated_2026-03-16.pdf,3,Metro-North; C
Metro-North,New Canaan Branch,New Haven Line - New Canaan Branch,6545,To Grand Central,TMH,Talmadge Hill,2,16:33,16:33,2026-03-29,,,weekend,2026-03-29,2026-03-16,,03-29-26_NHL-NC-Sched_v2.pdf,metro_north_new_canaan_branch_effective_2026-03-29_updated_2026-03-16.pdf,3,To Grand Central; C
Metro-North,New Canaan Branch,New Haven Line - New Canaan Branch,6545,Metro-North,TMH,Talmadge Hill,2,16:33,16:33,2026-03-29,,,weekend,2026-03-29,2026-03-16,,03-29-26_NHL-NC-Sched_v2.pdf,metro_north_new_canaan_branch_effective_2026-03-29_updated_2026-03-16.pdf,3,Metro-North; C
Metro-North,New Canaan Branch,New Haven Line - New Canaan Branch,6545,Metro-North,SPD,Springdale,3,16:37,16:37,2026-03-29,,,weekend,2026-03-29,2026-03-16,,03-29-26_NHL-NC-Sched_v2.pdf,metro_north_new_canaan_branch_effective_2026-03-29_updated_2026-03-16.pdf,3,Metro-North; C
Metro-North,New Canaan Branch,New Haven Line - New Canaan Branch,6545,Metro-North,GLB,Glenbrook,4,16:40,16:40,2026-03-29,,,weekend,2026-03-29,2026-03-16,,03-29-26_NHL-NC-Sched_v2.pdf,metro_north_new_canaan_branch_effective_2026-03-29_updated_2026-03-16.pdf,3,Metro-North; C
Metro-North,New Canaan Branch,New Haven Line - New Canaan Branch,6545,Metro-North,STM,Stamford,5,16:45,,2026-03-29,,,weekend,2026-03-29,2026-03-16,,03-29-26_NHL-NC-Sched_v2.pdf,metro_north_new_canaan_branch_effective_2026-03-29_updated_2026-03-16.pdf,3,Metro-North; C
Metro-North,New Canaan Branch,New Haven Line - New Canaan Branch,6545,Metro-North,STM,Stamford,6,,16:51,2026-03-29,,,weekend,2026-03-29,2026-03-16,,03-29-26_NHL-NC-Sched_v2.pdf,metro_north_new_canaan_branch_effective_2026-03-29_updated_2026-03-16.pdf,3,Metro-North
Metro-North,New Canaan Branch,New Haven Line - New Canaan Branch,6545,Metro-North,GCT,Grand Central,7,17:47,17:47,2026-03-29,,,weekend,2026-03-29,2026-03-16,,03-29-26_NHL-NC-Sched_v2.pdf,metro_north_new_canaan_branch_effective_2026-03-29_updated_2026-03-16.pdf,3,Metro-North
Metro-North,New Canaan Branch,New Haven Line - New Canaan Branch,6546~1,From Grand Central,GCT,Grand Central,1,05:02,05:02,2026-03-29,,,weekend,2026-03-29,2026-03-16,,03-29-26_NHL-NC-Sched_v2.pdf,metro_north_new_canaan_branch_effective_2026-03-29_updated_2026-03-16.pdf,3,From Grand Central
Metro-North,New Canaan Branch,New Haven Line - New Canaan Branch,6546~2,From Grand Central,GCT,Grand Central,1,17:02,17:02,2026-03-29,,,weekend,2026-03-29,2026-03-16,,03-29-26_NHL-NC-Sched_v2.pdf,metro_north_new_canaan_branch_effective_2026-03-29_updated_2026-03-16.pdf,3,From Grand Central
Metro-North,New Canaan Branch,New Haven Line - New Canaan Branch,6546~2,From Grand Central,STM,Stamford,2,17:54,,2026-03-29,,,weekend,2026-03-29,2026-03-16,,03-29-26_NHL-NC-Sched_v2.pdf,metro_north_new_canaan_branch_effective_2026-03-29_updated_2026-03-16.pdf,3,From Grand Central
Metro-North,New Canaan Branch,New Haven Line - New Canaan Branch,6546~2,From Grand Central,STM,Stamford,3,,18:01,2026-03-29,,,weekend,2026-03-29,2026-03-16,,03-29-26_NHL-NC-Sched_v2.pdf,metro_north_new_canaan_branch_effective_2026-03-29_updated_2026-03-16.pdf,3,From Grand Central; C
Metro-North,New Canaan Branch,New Haven Line - New Canaan Branch,6546~2,From Grand Central,GLB,Glenbrook,4,18:05,18:05,2026-03-29,,,weekend,2026-03-29,2026-03-16,,03-29-26_NHL-NC-Sched_v2.pdf,metro_north_new_canaan_branch_effective_2026-03-29_updated_2026-03-16.pdf,3,From Grand Central; C
Metro-North,New Canaan Branch,New Haven Line - New Canaan Branch,6546~2,From Grand Central,SPD,Springdale,5,18:08,18:08,2026-03-29,,,weekend,2026-03-29,2026-03-16,,03-29-26_NHL-NC-Sched_v2.pdf,metro_north_new_canaan_branch_effective_2026-03-29_updated_2026-03-16.pdf,3,From Grand Central; C
Metro-North,New Canaan Branch,New Haven Line - New Canaan Branch,6546~2,From Grand Central,TMH,Talmadge Hill,6,18:12,18:12,2026-03-29,,,weekend,2026-03-29,2026-03-16,,03-29-26_NHL-NC-Sched_v2.pdf,metro_north_new_canaan_branch_effective_2026-03-29_updated_2026-03-16.pdf,3,From Grand Central; C
Metro-North,New Canaan Branch,New Haven Line - New Canaan Branch,6546~2,From Grand Central,NCN,New Canaan,7,18:18,18:18,2026-03-29,,,weekend,2026-03-29,2026-03-16,,03-29-26_NHL-NC-Sched_v2.pdf,metro_north_new_canaan_branch_effective_2026-03-29_updated_2026-03-16.pdf,3,From Grand Central; C
Metro-North,New Canaan Branch,New Haven Line - New Canaan Branch,6549,To Grand Central,NCN,New Canaan,1,17:28,17:28,2026-03-29,,,weekend,2026-03-29,2026-03-16,,03-29-26_NHL-NC-Sched_v2.pdf,metro_north_new_canaan_branch_effective_2026-03-29_updated_2026-03-16.pdf,3,To Grand Central; C
Metro-North,New Canaan Branch,New Haven Line - New Canaan Branch,6549,Metro-North,STM,Stamford,1,17:28,17:28,2026-03-29,,,weekend,2026-03-29,2026-03-16,,03-29-26_NHL-NC-Sched_v2.pdf,metro_north_new_canaan_branch_effective_2026-03-29_updated_2026-03-16.pdf,3,Metro-North; C
Metro-North,New Canaan Branch,New Haven Line - New Canaan Branch,6549,To Grand Central,TMH,Talmadge Hill,2,17:33,17:33,2026-03-29,,,weekend,2026-03-29,2026-03-16,,03-29-26_NHL-NC-Sched_v2.pdf,metro_north_new_canaan_branch_effective_2026-03-29_updated_2026-03-16.pdf,3,To Grand Central; C
Metro-North,New Canaan Branch,New Haven Line - New Canaan Branch,6549,Metro-North,TMH,Talmadge Hill,2,17:33,17:33,2026-03-29,,,weekend,2026-03-29,2026-03-16,,03-29-26_NHL-NC-Sched_v2.pdf,metro_north_new_canaan_branch_effective_2026-03-29_updated_2026-03-16.pdf,3,Metro-North; C
Metro-North,New Canaan Branch,New Haven Line - New Canaan Branch,6549,Metro-North,SPD,Springdale,3,17:37,17:37,2026-03-29,,,weekend,2026-03-29,2026-03-16,,03-29-26_NHL-NC-Sched_v2.pdf,metro_north_new_canaan_branch_effective_2026-03-29_updated_2026-03-16.pdf,3,Metro-North; C
Metro-North,New Canaan Branch,New Haven Line - New Canaan Branch,6549,Metro-North,GLB,Glenbrook,4,17:40,17:40,2026-03-29,,,weekend,2026-03-29,2026-03-16,,03-29-26_NHL-NC-Sched_v2.pdf,metro_north_new_canaan_branch_effective_2026-03-29_updated_2026-03-16.pdf,3,Metro-North; C
Metro-North,New Canaan Branch,New Haven Line - New Canaan Branch,6549,Metro-North,STM,Stamford,5,17:45,,2026-03-29,,,weekend,2026-03-29,2026-03-16,,03-29-26_NHL-NC-Sched_v2.pdf,metro_north_new_canaan_branch_effective_2026-03-29_updated_2026-03-16.pdf,3,Metro-North; C
Metro-North,New Canaan Branch,New Haven Line - New Canaan Branch,6549,Metro-North,STM,Stamford,6,,17:51,2026-03-29,,,weekend,2026-03-29,2026-03-16,,03-29-26_NHL-NC-Sched_v2.pdf,metro_north_new_canaan_branch_effective_2026-03-29_updated_2026-03-16.pdf,3,Metro-North
Metro-North,New Canaan Branch,New Haven Line - New Canaan Branch,6549,Metro-North,GCT,Grand Central,7,18:47,18:47,2026-03-29,,,weekend,2026-03-29,2026-03-16,,03-29-26_NHL-NC-Sched_v2.pdf,metro_north_new_canaan_branch_effective_2026-03-29_updated_2026-03-16.pdf,3,Metro-North
Metro-North,New Canaan Branch,New Haven Line - New Canaan Branch,6550~1,From Grand Central,GCT,Grand Central,1,18:02,18:02,2026-03-29,,,weekend,2026-03-29,2026-03-16,,03-29-26_NHL-NC-Sched_v2.pdf,metro_north_new_canaan_branch_effective_2026-03-29_updated_2026-03-16.pdf,3,From Grand Central
Metro-North,New Canaan Branch,New Haven Line - New Canaan Branch,6550~2,From Grand Central,GCT,Grand Central,1,18:02,18:02,2026-03-29,,,weekend,2026-03-29,2026-03-16,,03-29-26_NHL-NC-Sched_v2.pdf,metro_north_new_canaan_branch_effective_2026-03-29_updated_2026-03-16.pdf,3,From Grand Central
Metro-North,New Canaan Branch,New Haven Line - New Canaan Branch,6550~2,From Grand Central,STM,Stamford,2,18:54,,2026-03-29,,,weekend,2026-03-29,2026-03-16,,03-29-26_NHL-NC-Sched_v2.pdf,metro_north_new_canaan_branch_effective_2026-03-29_updated_2026-03-16.pdf,3,From Grand Central
Metro-North,New Canaan Branch,New Haven Line - New Canaan Branch,6550~2,From Grand Central,STM,Stamford,3,,19:01,2026-03-29,,,weekend,2026-03-29,2026-03-16,,03-29-26_NHL-NC-Sched_v2.pdf,metro_north_new_canaan_branch_effective_2026-03-29_updated_2026-03-16.pdf,3,From Grand Central; C
Metro-North,New Canaan Branch,New Haven Line - New Canaan Branch,6550~2,From Grand Central,GLB,Glenbrook,4,19:05,19:05,2026-03-29,,,weekend,2026-03-29,2026-03-16,,03-29-26_NHL-NC-Sched_v2.pdf,metro_north_new_canaan_branch_effective_2026-03-29_updated_2026-03-16.pdf,3,From Grand Central; C
Metro-North,New Canaan Branch,New Haven Line - New Canaan Branch,6550~2,From Grand Central,SPD,Springdale,5,19:08,19:08,2026-03-29,,,weekend,2026-03-29,2026-03-16,,03-29-26_NHL-NC-Sched_v2.pdf,metro_north_new_canaan_branch_effective_2026-03-29_updated_2026-03-16.pdf,3,From Grand Central; C
Metro-North,New Canaan Branch,New Haven Line - New Canaan Branch,6550~2,From Grand Central,TMH,Talmadge Hill,6,19:12,19:12,2026-03-29,,,weekend,2026-03-29,2026-03-16,,03-29-26_NHL-NC-Sched_v2.pdf,metro_north_new_canaan_branch_effective_2026-03-29_updated_2026-03-16.pdf,3,From Grand Central; C
Metro-North,New Canaan Branch,New Haven Line - New Canaan Branch,6550~2,From Grand Central,NCN,New Canaan,7,19:18,19:18,2026-03-29,,,weekend,2026-03-29,2026-03-16,,03-29-26_NHL-NC-Sched_v2.pdf,metro_north_new_canaan_branch_effective_2026-03-29_updated_2026-03-16.pdf,3,From Grand Central; C
Metro-North,New Canaan Branch,New Haven Line - New Canaan Branch,6553,To Grand Central,NCN,New Canaan,1,18:28,18:28,2026-03-29,,,weekend,2026-03-29,2026-03-16,,03-29-26_NHL-NC-Sched_v2.pdf,metro_north_new_canaan_branch_effective_2026-03-29_updated_2026-03-16.pdf,3,To Grand Central; C
Metro-North,New Canaan Branch,New Haven Line - New Canaan Branch,6553,Metro-North,STM,Stamford,1,18:28,18:28,2026-03-29,,,weekend,2026-03-29,2026-03-16,,03-29-26_NHL-NC-Sched_v2.pdf,metro_north_new_canaan_branch_effective_2026-03-29_updated_2026-03-16.pdf,3,Metro-North; C
Metro-North,New Canaan Branch,New Haven Line - New Canaan Branch,6553,To Grand Central,TMH,Talmadge Hill,2,18:33,18:33,2026-03-29,,,weekend,2026-03-29,2026-03-16,,03-29-26_NHL-NC-Sched_v2.pdf,metro_north_new_canaan_branch_effective_2026-03-29_updated_2026-03-16.pdf,3,To Grand Central; C
Metro-North,New Canaan Branch,New Haven Line - New Canaan Branch,6553,Metro-North,TMH,Talmadge Hill,2,18:33,18:33,2026-03-29,,,weekend,2026-03-29,2026-03-16,,03-29-26_NHL-NC-Sched_v2.pdf,metro_north_new_canaan_branch_effective_2026-03-29_updated_2026-03-16.pdf,3,Metro-North; C
Metro-North,New Canaan Branch,New Haven Line - New Canaan Branch,6553,Metro-North,SPD,Springdale,3,18:37,18:37,2026-03-29,,,weekend,2026-03-29,2026-03-16,,03-29-26_NHL-NC-Sched_v2.pdf,metro_north_new_canaan_branch_effective_2026-03-29_updated_2026-03-16.pdf,3,Metro-North; C
Metro-North,New Canaan Branch,New Haven Line - New Canaan Branch,6553,Metro-North,GLB,Glenbrook,4,18:40,18:40,2026-03-29,,,weekend,2026-03-29,2026-03-16,,03-29-26_NHL-NC-Sched_v2.pdf,metro_north_new_canaan_branch_effective_2026-03-29_updated_2026-03-16.pdf,3,Metro-North; C
Metro-North,New Canaan Branch,New Haven Line - New Canaan Branch,6553,Metro-North,STM,Stamford,5,18:45,,2026-03-29,,,weekend,2026-03-29,2026-03-16,,03-29-26_NHL-NC-Sched_v2.pdf,metro_north_new_canaan_branch_effective_2026-03-29_updated_2026-03-16.pdf,3,Metro-North; C
Metro-North,New Canaan Branch,New Haven Line - New Canaan Branch,6553,Metro-North,STM,Stamford,6,,18:51,2026-03-29,,,weekend,2026-03-29,2026-03-16,,03-29-26_NHL-NC-Sched_v2.pdf,metro_north_new_canaan_branch_effective_2026-03-29_updated_2026-03-16.pdf,3,Metro-North
Metro-North,New Canaan Branch,New Haven Line - New Canaan Branch,6553,Metro-North,GCT,Grand Central,7,19:46,19:46,2026-03-29,,,weekend,2026-03-29,2026-03-16,,03-29-26_NHL-NC-Sched_v2.pdf,metro_north_new_canaan_branch_effective_2026-03-29_updated_2026-03-16.pdf,3,Metro-North
Metro-North,New Canaan Branch,New Haven Line - New Canaan Branch,6554~1,From Grand Central,GCT,Grand Central,1,19:02,19:02,2026-03-29,,,weekend,2026-03-29,2026-03-16,,03-29-26_NHL-NC-Sched_v2.pdf,metro_north_new_canaan_branch_effective_2026-03-29_updated_2026-03-16.pdf,3,From Grand Central
Metro-North,New Canaan Branch,New Haven Line - New Canaan Branch,6554~2,From Grand Central,GCT,Grand Central,1,19:02,19:02,2026-03-29,,,weekend,2026-03-29,2026-03-16,,03-29-26_NHL-NC-Sched_v2.pdf,metro_north_new_canaan_branch_effective_2026-03-29_updated_2026-03-16.pdf,3,From Grand Central
Metro-North,New Canaan Branch,New Haven Line - New Canaan Branch,6554~2,From Grand Central,STM,Stamford,2,19:54,,2026-03-29,,,weekend,2026-03-29,2026-03-16,,03-29-26_NHL-NC-Sched_v2.pdf,metro_north_new_canaan_branch_effective_2026-03-29_updated_2026-03-16.pdf,3,From Grand Central
Metro-North,New Canaan Branch,New Haven Line - New Canaan Branch,6554~2,From Grand Central,STM,Stamford,3,,20:01,2026-03-29,,,weekend,2026-03-29,2026-03-16,,03-29-26_NHL-NC-Sched_v2.pdf,metro_north_new_canaan_branch_effective_2026-03-29_updated_2026-03-16.pdf,3,From Grand Central; C
Metro-North,New Canaan Branch,New Haven Line - New Canaan Branch,6554~2,From Grand Central,GLB,Glenbrook,4,20:05,20:05,2026-03-29,,,weekend,2026-03-29,2026-03-16,,03-29-26_NHL-NC-Sched_v2.pdf,metro_north_new_canaan_branch_effective_2026-03-29_updated_2026-03-16.pdf,3,From Grand Central; C
Metro-North,New Canaan Branch,New Haven Line - New Canaan Branch,6554~2,From Grand Central,SPD,Springdale,5,20:08,20:08,2026-03-29,,,weekend,2026-03-29,2026-03-16,,03-29-26_NHL-NC-Sched_v2.pdf,metro_north_new_canaan_branch_effective_2026-03-29_updated_2026-03-16.pdf,3,From Grand Central; C
Metro-North,New Canaan Branch,New Haven Line - New Canaan Branch,6554~2,From Grand Central,TMH,Talmadge Hill,6,20:12,20:12,2026-03-29,,,weekend,2026-03-29,2026-03-16,,03-29-26_NHL-NC-Sched_v2.pdf,metro_north_new_canaan_branch_effective_2026-03-29_updated_2026-03-16.pdf,3,From Grand Central; C
Metro-North,New Canaan Branch,New Haven Line - New Canaan Branch,6554~2,From Grand Central,NCN,New Canaan,7,20:18,20:18,2026-03-29,,,weekend,2026-03-29,2026-03-16,,03-29-26_NHL-NC-Sched_v2.pdf,metro_north_new_canaan_branch_effective_2026-03-29_updated_2026-03-16.pdf,3,From Grand Central; C
Metro-North,New Canaan Branch,New Haven Line - New Canaan Branch,6557,To Grand Central,NCN,New Canaan,1,19:28,19:28,2026-03-29,,,weekend,2026-03-29,2026-03-16,,03-29-26_NHL-NC-Sched_v2.pdf,metro_north_new_canaan_branch_effective_2026-03-29_updated_2026-03-16.pdf,3,To Grand Central; C
Metro-North,New Canaan Branch,New Haven Line - New Canaan Branch,6557,Metro-North,STM,Stamford,1,19:28,19:28,2026-03-29,,,weekend,2026-03-29,2026-03-16,,03-29-26_NHL-NC-Sched_v2.pdf,metro_north_new_canaan_branch_effective_2026-03-29_updated_2026-03-16.pdf,3,Metro-North; C
Metro-North,New Canaan Branch,New Haven Line - New Canaan Branch,6557,To Grand Central,TMH,Talmadge Hill,2,19:33,19:33,2026-03-29,,,weekend,2026-03-29,2026-03-16,,03-29-26_NHL-NC-Sched_v2.pdf,metro_north_new_canaan_branch_effective_2026-03-29_updated_2026-03-16.pdf,3,To Grand Central; C
Metro-North,New Canaan Branch,New Haven Line - New Canaan Branch,6557,Metro-North,TMH,Talmadge Hill,2,19:33,19:33,2026-03-29,,,weekend,2026-03-29,2026-03-16,,03-29-26_NHL-NC-Sched_v2.pdf,metro_north_new_canaan_branch_effective_2026-03-29_updated_2026-03-16.pdf,3,Metro-North; C
Metro-North,New Canaan Branch,New Haven Line - New Canaan Branch,6557,Metro-North,SPD,Springdale,3,19:37,19:37,2026-03-29,,,weekend,2026-03-29,2026-03-16,,03-29-26_NHL-NC-Sched_v2.pdf,metro_north_new_canaan_branch_effective_2026-03-29_updated_2026-03-16.pdf,3,Metro-North; C
Metro-North,New Canaan Branch,New Haven Line - New Canaan Branch,6557,Metro-North,GLB,Glenbrook,4,19:40,19:40,2026-03-29,,,weekend,2026-03-29,2026-03-16,,03-29-26_NHL-NC-Sched_v2.pdf,metro_north_new_canaan_branch_effective_2026-03-29_updated_2026-03-16.pdf,3,Metro-North; C
Metro-North,New Canaan Branch,New Haven Line - New Canaan Branch,6557,Metro-North,STM,Stamford,5,19:45,,2026-03-29,,,weekend,2026-03-29,2026-03-16,,03-29-26_NHL-NC-Sched_v2.pdf,metro_north_new_canaan_branch_effective_2026-03-29_updated_2026-03-16.pdf,3,Metro-North; C
Metro-North,New Canaan Branch,New Haven Line - New Canaan Branch,6557,Metro-North,STM,Stamford,6,,19:51,2026-03-29,,,weekend,2026-03-29,2026-03-16,,03-29-26_NHL-NC-Sched_v2.pdf,metro_north_new_canaan_branch_effective_2026-03-29_updated_2026-03-16.pdf,3,Metro-North
Metro-North,New Canaan Branch,New Haven Line - New Canaan Branch,6557,Metro-North,GCT,Grand Central,7,20:46,20:46,2026-03-29,,,weekend,2026-03-29,2026-03-16,,03-29-26_NHL-NC-Sched_v2.pdf,metro_north_new_canaan_branch_effective_2026-03-29_updated_2026-03-16.pdf,3,Metro-North
Metro-North,New Canaan Branch,New Haven Line - New Canaan Branch,6558~1,From Grand Central,GCT,Grand Central,1,08:02,08:02,2026-03-29,,,weekend,2026-03-29,2026-03-16,,03-29-26_NHL-NC-Sched_v2.pdf,metro_north_new_canaan_branch_effective_2026-03-29_updated_2026-03-16.pdf,3,From Grand Central
Metro-North,New Canaan Branch,New Haven Line - New Canaan Branch,6558~2,From Grand Central,GCT,Grand Central,1,20:02,20:02,2026-03-29,,,weekend,2026-03-29,2026-03-16,,03-29-26_NHL-NC-Sched_v2.pdf,metro_north_new_canaan_branch_effective_2026-03-29_updated_2026-03-16.pdf,3,From Grand Central
Metro-North,New Canaan Branch,New Haven Line - New Canaan Branch,6558~2,From Grand Central,STM,Stamford,2,20:54,,2026-03-29,,,weekend,2026-03-29,2026-03-16,,03-29-26_NHL-NC-Sched_v2.pdf,metro_north_new_canaan_branch_effective_2026-03-29_updated_2026-03-16.pdf,3,From Grand Central
Metro-North,New Canaan Branch,New Haven Line - New Canaan Branch,6558~2,From Grand Central,STM,Stamford,3,,21:01,2026-03-29,,,weekend,2026-03-29,2026-03-16,,03-29-26_NHL-NC-Sched_v2.pdf,metro_north_new_canaan_branch_effective_2026-03-29_updated_2026-03-16.pdf,3,From Grand Central; C
Metro-North,New Canaan Branch,New Haven Line - New Canaan Branch,6558~2,From Grand Central,GLB,Glenbrook,4,21:05,21:05,2026-03-29,,,weekend,2026-03-29,2026-03-16,,03-29-26_NHL-NC-Sched_v2.pdf,metro_north_new_canaan_branch_effective_2026-03-29_updated_2026-03-16.pdf,3,From Grand Central; C
Metro-North,New Canaan Branch,New Haven Line - New Canaan Branch,6558~2,From Grand Central,SPD,Springdale,5,21:08,21:08,2026-03-29,,,weekend,2026-03-29,2026-03-16,,03-29-26_NHL-NC-Sched_v2.pdf,metro_north_new_canaan_branch_effective_2026-03-29_updated_2026-03-16.pdf,3,From Grand Central; C
Metro-North,New Canaan Branch,New Haven Line - New Canaan Branch,6558~2,From Grand Central,TMH,Talmadge Hill,6,21:12,21:12,2026-03-29,,,weekend,2026-03-29,2026-03-16,,03-29-26_NHL-NC-Sched_v2.pdf,metro_north_new_canaan_branch_effective_2026-03-29_updated_2026-03-16.pdf,3,From Grand Central; C
Metro-North,New Canaan Branch,New Haven Line - New Canaan Branch,6558~2,From Grand Central,NCN,New Canaan,7,21:18,21:18,2026-03-29,,,weekend,2026-03-29,2026-03-16,,03-29-26_NHL-NC-Sched_v2.pdf,metro_north_new_canaan_branch_effective_2026-03-29_updated_2026-03-16.pdf,3,From Grand Central; C
Metro-North,New Canaan Branch,New Haven Line - New Canaan Branch,6561,To Grand Central,NCN,New Canaan,1,20:28,20:28,2026-03-29,,,weekend,2026-03-29,2026-03-16,,03-29-26_NHL-NC-Sched_v2.pdf,metro_north_new_canaan_branch_effective_2026-03-29_updated_2026-03-16.pdf,3,To Grand Central; C
Metro-North,New Canaan Branch,New Haven Line - New Canaan Branch,6561,Metro-North,STM,Stamford,1,20:28,20:28,2026-03-29,,,weekend,2026-03-29,2026-03-16,,03-29-26_NHL-NC-Sched_v2.pdf,metro_north_new_canaan_branch_effective_2026-03-29_updated_2026-03-16.pdf,3,Metro-North; C
Metro-North,New Canaan Branch,New Haven Line - New Canaan Branch,6561,To Grand Central,TMH,Talmadge Hill,2,20:33,20:33,2026-03-29,,,weekend,2026-03-29,2026-03-16,,03-29-26_NHL-NC-Sched_v2.pdf,metro_north_new_canaan_branch_effective_2026-03-29_updated_2026-03-16.pdf,3,To Grand Central; C
Metro-North,New Canaan Branch,New Haven Line - New Canaan Branch,6561,Metro-North,TMH,Talmadge Hill,2,20:33,20:33,2026-03-29,,,weekend,2026-03-29,2026-03-16,,03-29-26_NHL-NC-Sched_v2.pdf,metro_north_new_canaan_branch_effective_2026-03-29_updated_2026-03-16.pdf,3,Metro-North; C
Metro-North,New Canaan Branch,New Haven Line - New Canaan Branch,6561,Metro-North,SPD,Springdale,3,20:37,20:37,2026-03-29,,,weekend,2026-03-29,2026-03-16,,03-29-26_NHL-NC-Sched_v2.pdf,metro_north_new_canaan_branch_effective_2026-03-29_updated_2026-03-16.pdf,3,Metro-North; C
Metro-North,New Canaan Branch,New Haven Line - New Canaan Branch,6561,Metro-North,GLB,Glenbrook,4,20:40,20:40,2026-03-29,,,weekend,2026-03-29,2026-03-16,,03-29-26_NHL-NC-Sched_v2.pdf,metro_north_new_canaan_branch_effective_2026-03-29_updated_2026-03-16.pdf,3,Metro-North; C
Metro-North,New Canaan Branch,New Haven Line - New Canaan Branch,6561,Metro-North,STM,Stamford,5,20:45,,2026-03-29,,,weekend,2026-03-29,2026-03-16,,03-29-26_NHL-NC-Sched_v2.pdf,metro_north_new_canaan_branch_effective_2026-03-29_updated_2026-03-16.pdf,3,Metro-North; C
Metro-North,New Canaan Branch,New Haven Line - New Canaan Branch,6561,Metro-North,STM,Stamford,6,,20:51,2026-03-29,,,weekend,2026-03-29,2026-03-16,,03-29-26_NHL-NC-Sched_v2.pdf,metro_north_new_canaan_branch_effective_2026-03-29_updated_2026-03-16.pdf,3,Metro-North
Metro-North,New Canaan Branch,New Haven Line - New Canaan Branch,6561,Metro-North,GCT,Grand Central,7,21:46,21:46,2026-03-29,,,weekend,2026-03-29,2026-03-16,,03-29-26_NHL-NC-Sched_v2.pdf,metro_north_new_canaan_branch_effective_2026-03-29_updated_2026-03-16.pdf,3,Metro-North
Metro-North,New Canaan Branch,New Haven Line - New Canaan Branch,6562~1,From Grand Central,GCT,Grand Central,1,21:02,21:02,2026-03-29,,,weekend,2026-03-29,2026-03-16,,03-29-26_NHL-NC-Sched_v2.pdf,metro_north_new_canaan_branch_effective_2026-03-29_updated_2026-03-16.pdf,3,From Grand Central
Metro-North,New Canaan Branch,New Haven Line - New Canaan Branch,6562~2,From Grand Central,GCT,Grand Central,1,21:02,21:02,2026-03-29,,,weekend,2026-03-29,2026-03-16,,03-29-26_NHL-NC-Sched_v2.pdf,metro_north_new_canaan_branch_effective_2026-03-29_updated_2026-03-16.pdf,3,From Grand Central
Metro-North,New Canaan Branch,New Haven Line - New Canaan Branch,6562~2,From Grand Central,STM,Stamford,2,21:54,,2026-03-29,,,weekend,2026-03-29,2026-03-16,,03-29-26_NHL-NC-Sched_v2.pdf,metro_north_new_canaan_branch_effective_2026-03-29_updated_2026-03-16.pdf,3,From Grand Central
Metro-North,New Canaan Branch,New Haven Line - New Canaan Branch,6562~2,From Grand Central,STM,Stamford,3,,22:01,2026-03-29,,,weekend,2026-03-29,2026-03-16,,03-29-26_NHL-NC-Sched_v2.pdf,metro_north_new_canaan_branch_effective_2026-03-29_updated_2026-03-16.pdf,3,From Grand Central
Metro-North,New Canaan Branch,New Haven Line - New Canaan Branch,6562~2,From Grand Central,GLB,Glenbrook,4,22:05,22:05,2026-03-29,,,weekend,2026-03-29,2026-03-16,,03-29-26_NHL-NC-Sched_v2.pdf,metro_north_new_canaan_branch_effective_2026-03-29_updated_2026-03-16.pdf,3,From Grand Central
Metro-North,New Canaan Branch,New Haven Line - New Canaan Branch,6562~2,From Grand Central,SPD,Springdale,5,22:08,22:08,2026-03-29,,,weekend,2026-03-29,2026-03-16,,03-29-26_NHL-NC-Sched_v2.pdf,metro_north_new_canaan_branch_effective_2026-03-29_updated_2026-03-16.pdf,3,From Grand Central
Metro-North,New Canaan Branch,New Haven Line - New Canaan Branch,6562~2,From Grand Central,TMH,Talmadge Hill,6,22:12,22:12,2026-03-29,,,weekend,2026-03-29,2026-03-16,,03-29-26_NHL-NC-Sched_v2.pdf,metro_north_new_canaan_branch_effective_2026-03-29_updated_2026-03-16.pdf,3,From Grand Central
Metro-North,New Canaan Branch,New Haven Line - New Canaan Branch,6562~2,From Grand Central,NCN,New Canaan,7,22:18,22:18,2026-03-29,,,weekend,2026-03-29,2026-03-16,,03-29-26_NHL-NC-Sched_v2.pdf,metro_north_new_canaan_branch_effective_2026-03-29_updated_2026-03-16.pdf,3,From Grand Central
Metro-North,New Canaan Branch,New Haven Line - New Canaan Branch,6565,To Grand Central,NCN,New Canaan,1,21:28,21:28,2026-03-29,,,weekend,2026-03-29,2026-03-16,,03-29-26_NHL-NC-Sched_v2.pdf,metro_north_new_canaan_branch_effective_2026-03-29_updated_2026-03-16.pdf,3,To Grand Central; C
Metro-North,New Canaan Branch,New Haven Line - New Canaan Branch,6565,Metro-North,STM,Stamford,1,21:28,21:28,2026-03-29,,,weekend,2026-03-29,2026-03-16,,03-29-26_NHL-NC-Sched_v2.pdf,metro_north_new_canaan_branch_effective_2026-03-29_updated_2026-03-16.pdf,3,Metro-North; C
Metro-North,New Canaan Branch,New Haven Line - New Canaan Branch,6565,To Grand Central,TMH,Talmadge Hill,2,21:33,21:33,2026-03-29,,,weekend,2026-03-29,2026-03-16,,03-29-26_NHL-NC-Sched_v2.pdf,metro_north_new_canaan_branch_effective_2026-03-29_updated_2026-03-16.pdf,3,To Grand Central; C
Metro-North,New Canaan Branch,New Haven Line - New Canaan Branch,6565,Metro-North,TMH,Talmadge Hill,2,21:33,21:33,2026-03-29,,,weekend,2026-03-29,2026-03-16,,03-29-26_NHL-NC-Sched_v2.pdf,metro_north_new_canaan_branch_effective_2026-03-29_updated_2026-03-16.pdf,3,Metro-North; C
Metro-North,New Canaan Branch,New Haven Line - New Canaan Branch,6565,Metro-North,SPD,Springdale,3,21:37,21:37,2026-03-29,,,weekend,2026-03-29,2026-03-16,,03-29-26_NHL-NC-Sched_v2.pdf,metro_north_new_canaan_branch_effective_2026-03-29_updated_2026-03-16.pdf,3,Metro-North; C
Metro-North,New Canaan Branch,New Haven Line - New Canaan Branch,6565,Metro-North,GLB,Glenbrook,4,21:40,21:40,2026-03-29,,,weekend,2026-03-29,2026-03-16,,03-29-26_NHL-NC-Sched_v2.pdf,metro_north_new_canaan_branch_effective_2026-03-29_updated_2026-03-16.pdf,3,Metro-North; C
Metro-North,New Canaan Branch,New Haven Line - New Canaan Branch,6565,Metro-North,STM,Stamford,5,21:45,,2026-03-29,,,weekend,2026-03-29,2026-03-16,,03-29-26_NHL-NC-Sched_v2.pdf,metro_north_new_canaan_branch_effective_2026-03-29_updated_2026-03-16.pdf,3,Metro-North; C
Metro-North,New Canaan Branch,New Haven Line - New Canaan Branch,6565,Metro-North,STM,Stamford,6,,21:51,2026-03-29,,,weekend,2026-03-29,2026-03-16,,03-29-26_NHL-NC-Sched_v2.pdf,metro_north_new_canaan_branch_effective_2026-03-29_updated_2026-03-16.pdf,3,Metro-North
Metro-North,New Canaan Branch,New Haven Line - New Canaan Branch,6565,Metro-North,GCT,Grand Central,7,22:46,22:46,2026-03-29,,,weekend,2026-03-29,2026-03-16,,03-29-26_NHL-NC-Sched_v2.pdf,metro_north_new_canaan_branch_effective_2026-03-29_updated_2026-03-16.pdf,3,Metro-North
Metro-North,New Canaan Branch,New Haven Line - New Canaan Branch,6566~1,From Grand Central,GCT,Grand Central,1,22:06,22:06,2026-03-29,,,weekend,2026-03-29,2026-03-16,,03-29-26_NHL-NC-Sched_v2.pdf,metro_north_new_canaan_branch_effective_2026-03-29_updated_2026-03-16.pdf,3,From Grand Central
Metro-North,New Canaan Branch,New Haven Line - New Canaan Branch,6566~2,From Grand Central,GCT,Grand Central,1,22:06,22:06,2026-03-29,,,weekend,2026-03-29,2026-03-16,,03-29-26_NHL-NC-Sched_v2.pdf,metro_north_new_canaan_branch_effective_2026-03-29_updated_2026-03-16.pdf,3,From Grand Central
Metro-North,New Canaan Branch,New Haven Line - New Canaan Branch,6566~2,From Grand Central,STM,Stamford,2,22:58,,2026-03-29,,,weekend,2026-03-29,2026-03-16,,03-29-26_NHL-NC-Sched_v2.pdf,metro_north_new_canaan_branch_effective_2026-03-29_updated_2026-03-16.pdf,3,From Grand Central
Metro-North,New Canaan Branch,New Haven Line - New Canaan Branch,6566~2,From Grand Central,STM,Stamford,3,,23:01,2026-03-29,,,weekend,2026-03-29,2026-03-16,,03-29-26_NHL-NC-Sched_v2.pdf,metro_north_new_canaan_branch_effective_2026-03-29_updated_2026-03-16.pdf,3,From Grand Central
Metro-North,New Canaan Branch,New Haven Line - New Canaan Branch,6566~2,From Grand Central,GLB,Glenbrook,4,23:05,23:05,2026-03-29,,,weekend,2026-03-29,2026-03-16,,03-29-26_NHL-NC-Sched_v2.pdf,metro_north_new_canaan_branch_effective_2026-03-29_updated_2026-03-16.pdf,3,From Grand Central
Metro-North,New Canaan Branch,New Haven Line - New Canaan Branch,6566~2,From Grand Central,SPD,Springdale,5,23:08,23:08,2026-03-29,,,weekend,2026-03-29,2026-03-16,,03-29-26_NHL-NC-Sched_v2.pdf,metro_north_new_canaan_branch_effective_2026-03-29_updated_2026-03-16.pdf,3,From Grand Central
Metro-North,New Canaan Branch,New Haven Line - New Canaan Branch,6566~2,From Grand Central,TMH,Talmadge Hill,6,23:12,23:12,2026-03-29,,,weekend,2026-03-29,2026-03-16,,03-29-26_NHL-NC-Sched_v2.pdf,metro_north_new_canaan_branch_effective_2026-03-29_updated_2026-03-16.pdf,3,From Grand Central
Metro-North,New Canaan Branch,New Haven Line - New Canaan Branch,6566~2,From Grand Central,NCN,New Canaan,7,23:18,23:18,2026-03-29,,,weekend,2026-03-29,2026-03-16,,03-29-26_NHL-NC-Sched_v2.pdf,metro_north_new_canaan_branch_effective_2026-03-29_updated_2026-03-16.pdf,3,From Grand Central
Metro-North,New Canaan Branch,New Haven Line - New Canaan Branch,6569,To Grand Central,NCN,New Canaan,1,22:28,22:28,2026-03-29,,,weekend,2026-03-29,2026-03-16,,03-29-26_NHL-NC-Sched_v2.pdf,metro_north_new_canaan_branch_effective_2026-03-29_updated_2026-03-16.pdf,3,To Grand Central
Metro-North,New Canaan Branch,New Haven Line - New Canaan Branch,6569,Metro-North,STM,Stamford,1,22:28,22:28,2026-03-29,,,weekend,2026-03-29,2026-03-16,,03-29-26_NHL-NC-Sched_v2.pdf,metro_north_new_canaan_branch_effective_2026-03-29_updated_2026-03-16.pdf,3,Metro-North
Metro-North,New Canaan Branch,New Haven Line - New Canaan Branch,6569,To Grand Central,TMH,Talmadge Hill,2,22:33,22:33,2026-03-29,,,weekend,2026-03-29,2026-03-16,,03-29-26_NHL-NC-Sched_v2.pdf,metro_north_new_canaan_branch_effective_2026-03-29_updated_2026-03-16.pdf,3,To Grand Central
Metro-North,New Canaan Branch,New Haven Line - New Canaan Branch,6569,Metro-North,TMH,Talmadge Hill,2,22:33,22:33,2026-03-29,,,weekend,2026-03-29,2026-03-16,,03-29-26_NHL-NC-Sched_v2.pdf,metro_north_new_canaan_branch_effective_2026-03-29_updated_2026-03-16.pdf,3,Metro-North
Metro-North,New Canaan Branch,New Haven Line - New Canaan Branch,6569,Metro-North,SPD,Springdale,3,22:37,22:37,2026-03-29,,,weekend,2026-03-29,2026-03-16,,03-29-26_NHL-NC-Sched_v2.pdf,metro_north_new_canaan_branch_effective_2026-03-29_updated_2026-03-16.pdf,3,Metro-North
Metro-North,New Canaan Branch,New Haven Line - New Canaan Branch,6569,Metro-North,GLB,Glenbrook,4,22:40,22:40,2026-03-29,,,weekend,2026-03-29,2026-03-16,,03-29-26_NHL-NC-Sched_v2.pdf,metro_north_new_canaan_branch_effective_2026-03-29_updated_2026-03-16.pdf,3,Metro-North
Metro-North,New Canaan Branch,New Haven Line - New Canaan Branch,6569,Metro-North,STM,Stamford,5,22:45,,2026-03-29,,,weekend,2026-03-29,2026-03-16,,03-29-26_NHL-NC-Sched_v2.pdf,metro_north_new_canaan_branch_effective_2026-03-29_updated_2026-03-16.pdf,3,Metro-North
Metro-North,New Canaan Branch,New Haven Line - New Canaan Branch,6569,Metro-North,STM,Stamford,6,,22:51,2026-03-29,,,weekend,2026-03-29,2026-03-16,,03-29-26_NHL-NC-Sched_v2.pdf,metro_north_new_canaan_branch_effective_2026-03-29_updated_2026-03-16.pdf,3,Metro-North
Metro-North,New Canaan Branch,New Haven Line - New Canaan Branch,6569,Metro-North,GCT,Grand Central,7,23:46,23:46,2026-03-29,,,weekend,2026-03-29,2026-03-16,,03-29-26_NHL-NC-Sched_v2.pdf,metro_north_new_canaan_branch_effective_2026-03-29_updated_2026-03-16.pdf,3,Metro-North
Metro-North,New Canaan Branch,New Haven Line - New Canaan Branch,6570~1,From Grand Central,GCT,Grand Central,1,11:28,11:28,2026-03-29,,,weekend,2026-03-29,2026-03-16,,03-29-26_NHL-NC-Sched_v2.pdf,metro_north_new_canaan_branch_effective_2026-03-29_updated_2026-03-16.pdf,3,From Grand Central
Metro-North,New Canaan Branch,New Haven Line - New Canaan Branch,6570~2,From Grand Central,GCT,Grand Central,1,23:28,23:28,2026-03-29,,,weekend,2026-03-29,2026-03-16,,03-29-26_NHL-NC-Sched_v2.pdf,metro_north_new_canaan_branch_effective_2026-03-29_updated_2026-03-16.pdf,3,From Grand Central
Metro-North,New Canaan Branch,New Haven Line - New Canaan Branch,6570~2,From Grand Central,STM,Stamford,2,12:16,,2026-03-29,,,weekend,2026-03-29,2026-03-16,,03-29-26_NHL-NC-Sched_v2.pdf,metro_north_new_canaan_branch_effective_2026-03-29_updated_2026-03-16.pdf,3,From Grand Central
Metro-North,New Canaan Branch,New Haven Line - New Canaan Branch,6570~2,From Grand Central,STM,Stamford,3,,12:20,2026-03-29,,,weekend,2026-03-29,2026-03-16,,03-29-26_NHL-NC-Sched_v2.pdf,metro_north_new_canaan_branch_effective_2026-03-29_updated_2026-03-16.pdf,3,From Grand Central
Metro-North,New Canaan Branch,New Haven Line - New Canaan Branch,6570~2,From Grand Central,GLB,Glenbrook,4,12:24,12:24,2026-03-29,,,weekend,2026-03-29,2026-03-16,,03-29-26_NHL-NC-Sched_v2.pdf,metro_north_new_canaan_branch_effective_2026-03-29_updated_2026-03-16.pdf,3,From Grand Central
Metro-North,New Canaan Branch,New Haven Line - New Canaan Branch,6570~2,From Grand Central,SPD,Springdale,5,12:27,12:27,2026-03-29,,,weekend,2026-03-29,2026-03-16,,03-29-26_NHL-NC-Sched_v2.pdf,metro_north_new_canaan_branch_effective_2026-03-29_updated_2026-03-16.pdf,3,From Grand Central
Metro-North,New Canaan Branch,New Haven Line - New Canaan Branch,6570~2,From Grand Central,TMH,Talmadge Hill,6,12:31,12:31,2026-03-29,,,weekend,2026-03-29,2026-03-16,,03-29-26_NHL-NC-Sched_v2.pdf,metro_north_new_canaan_branch_effective_2026-03-29_updated_2026-03-16.pdf,3,From Grand Central
Metro-North,New Canaan Branch,New Haven Line - New Canaan Branch,6570~2,From Grand Central,NCN,New Canaan,7,12:38,12:38,2026-03-29,,,weekend,2026-03-29,2026-03-16,,03-29-26_NHL-NC-Sched_v2.pdf,metro_north_new_canaan_branch_effective_2026-03-29_updated_2026-03-16.pdf,3,From Grand Central
Metro-North,New Canaan Branch,New Haven Line - New Canaan Branch,6571,To Grand Central,NCN,New Canaan,1,23:28,23:28,2026-03-29,,,weekend,2026-03-29,2026-03-16,,03-29-26_NHL-NC-Sched_v2.pdf,metro_north_new_canaan_branch_effective_2026-03-29_updated_2026-03-16.pdf,3,To Grand Central
Metro-North,New Canaan Branch,New Haven Line - New Canaan Branch,6571,Metro-North,GCT,Grand Central,1,12:52,12:52,2026-03-29,,,weekend,2026-03-29,2026-03-16,,03-29-26_NHL-NC-Sched_v2.pdf,metro_north_new_canaan_branch_effective_2026-03-29_updated_2026-03-16.pdf,3,Metro-North
Metro-North,New Canaan Branch,New Haven Line - New Canaan Branch,6571,To Grand Central,TMH,Talmadge Hill,2,23:33,23:33,2026-03-29,,,weekend,2026-03-29,2026-03-16,,03-29-26_NHL-NC-Sched_v2.pdf,metro_north_new_canaan_branch_effective_2026-03-29_updated_2026-03-16.pdf,3,To Grand Central
Metro-North,New Canaan Branch,New Haven Line - New Canaan Branch,6571,Metro-North,STM,Stamford,2,23:28,23:28,2026-03-29,,,weekend,2026-03-29,2026-03-16,,03-29-26_NHL-NC-Sched_v2.pdf,metro_north_new_canaan_branch_effective_2026-03-29_updated_2026-03-16.pdf,3,Metro-North
Metro-North,New Canaan Branch,New Haven Line - New Canaan Branch,6571,Metro-North,TMH,Talmadge Hill,3,23:33,23:33,2026-03-29,,,weekend,2026-03-29,2026-03-16,,03-29-26_NHL-NC-Sched_v2.pdf,metro_north_new_canaan_branch_effective_2026-03-29_updated_2026-03-16.pdf,3,Metro-North
Metro-North,New Canaan Branch,New Haven Line - New Canaan Branch,6571,Metro-North,SPD,Springdale,4,23:37,23:37,2026-03-29,,,weekend,2026-03-29,2026-03-16,,03-29-26_NHL-NC-Sched_v2.pdf,metro_north_new_canaan_branch_effective_2026-03-29_updated_2026-03-16.pdf,3,Metro-North
Metro-North,New Canaan Branch,New Haven Line - New Canaan Branch,6571,Metro-North,GLB,Glenbrook,5,23:40,23:40,2026-03-29,,,weekend,2026-03-29,2026-03-16,,03-29-26_NHL-NC-Sched_v2.pdf,metro_north_new_canaan_branch_effective_2026-03-29_updated_2026-03-16.pdf,3,Metro-North
Metro-North,New Canaan Branch,New Haven Line - New Canaan Branch,6571,Metro-North,STM,Stamford,6,23:47,,2026-03-29,,,weekend,2026-03-29,2026-03-16,,03-29-26_NHL-NC-Sched_v2.pdf,metro_north_new_canaan_branch_effective_2026-03-29_updated_2026-03-16.pdf,3,Metro-North
Metro-North,New Canaan Branch,New Haven Line - New Canaan Branch,6571,Metro-North,STM,Stamford,7,,23:56,2026-03-29,,,weekend,2026-03-29,2026-03-16,,03-29-26_NHL-NC-Sched_v2.pdf,metro_north_new_canaan_branch_effective_2026-03-29_updated_2026-03-16.pdf,3,Metro-North
Metro-North,New Canaan Branch,New Haven Line - New Canaan Branch,6598~1,From Grand Central,GCT,Grand Central,1,00:07,00:07,2026-03-29,,,weekend,2026-03-29,2026-03-16,,03-29-26_NHL-NC-Sched_v2.pdf,metro_north_new_canaan_branch_effective_2026-03-29_updated_2026-03-16.pdf,3,From Grand Central
Metro-North,New Canaan Branch,New Haven Line - New Canaan Branch,6598~2,From Grand Central,GCT,Grand Central,1,00:07,00:07,2026-03-29,,,weekend,2026-03-29,2026-03-16,,03-29-26_NHL-NC-Sched_v2.pdf,metro_north_new_canaan_branch_effective_2026-03-29_updated_2026-03-16.pdf,3,From Grand Central
Metro-North,New Canaan Branch,New Haven Line - New Canaan Branch,6598~2,From Grand Central,STM,Stamford,2,00:56,,2026-03-29,,,weekend,2026-03-29,2026-03-16,,03-29-26_NHL-NC-Sched_v2.pdf,metro_north_new_canaan_branch_effective_2026-03-29_updated_2026-03-16.pdf,3,From Grand Central
Metro-North,New Canaan Branch,New Haven Line - New Canaan Branch,6598~2,From Grand Central,STM,Stamford,3,,01:06,2026-03-29,,,weekend,2026-03-29,2026-03-16,,03-29-26_NHL-NC-Sched_v2.pdf,metro_north_new_canaan_branch_effective_2026-03-29_updated_2026-03-16.pdf,3,From Grand Central; C
Metro-North,New Canaan Branch,New Haven Line - New Canaan Branch,6598~2,From Grand Central,GLB,Glenbrook,4,01:10,01:10,2026-03-29,,,weekend,2026-03-29,2026-03-16,,03-29-26_NHL-NC-Sched_v2.pdf,metro_north_new_canaan_branch_effective_2026-03-29_updated_2026-03-16.pdf,3,From Grand Central; C
Metro-North,New Canaan Branch,New Haven Line - New Canaan Branch,6598~2,From Grand Central,SPD,Springdale,5,01:13,01:13,2026-03-29,,,weekend,2026-03-29,2026-03-16,,03-29-26_NHL-NC-Sched_v2.pdf,metro_north_new_canaan_branch_effective_2026-03-29_updated_2026-03-16.pdf,3,From Grand Central; C
Metro-North,New Canaan Branch,New Haven Line - New Canaan Branch,6598~2,From Grand Central,TMH,Talmadge Hill,6,01:18,01:18,2026-03-29,,,weekend,2026-03-29,2026-03-16,,03-29-26_NHL-NC-Sched_v2.pdf,metro_north_new_canaan_branch_effective_2026-03-29_updated_2026-03-16.pdf,3,From Grand Central; C
Metro-North,New Canaan Branch,New Haven Line - New Canaan Branch,6598~2,From Grand Central,NCN,New Canaan,7,01:26,01:26,2026-03-29,,,weekend,2026-03-29,2026-03-16,,03-29-26_NHL-NC-Sched_v2.pdf,metro_north_new_canaan_branch_effective_2026-03-29_updated_2026-03-16.pdf,3,From Grand Central; C
Metro-North,New Canaan Branch,New Haven Line - New Canaan Branch,6704,Metro-North,GCT,Grand Central,1,05:30,05:30,2026-03-29,,,weekend,2026-03-29,2026-03-16,,03-29-26_NHL-NC-Sched_v2.pdf,metro_north_new_canaan_branch_effective_2026-03-29_updated_2026-03-16.pdf,3,Metro-North
Metro-North,New Canaan Branch,New Haven Line - New Canaan Branch,6704,From Grand Central,GCT,Grand Central,1,05:30,05:30,2026-03-29,,,weekend,2026-03-29,2026-03-16,,03-29-26_NHL-NC-Sched_v2.pdf,metro_north_new_canaan_branch_effective_2026-03-29_updated_2026-03-16.pdf,3,Metro-North
Metro-North,New Canaan Branch,New Haven Line - New Canaan Branch,6704,From Grand Central,STM,Stamford,2,06:41,,2026-03-29,,,weekend,2026-03-29,2026-03-16,,03-29-26_NHL-NC-Sched_v2.pdf,metro_north_new_canaan_branch_effective_2026-03-29_updated_2026-03-16.pdf,3,From Grand Central
Metro-North,New Canaan Branch,New Haven Line - New Canaan Branch,6704,From Grand Central,STM,Stamford,3,,06:53,2026-03-29,,,weekend,2026-03-29,2026-03-16,,03-29-26_NHL-NC-Sched_v2.pdf,metro_north_new_canaan_branch_effective_2026-03-29_updated_2026-03-16.pdf,3,From Grand Central; C
Metro-North,New Canaan Branch,New Haven Line - New Canaan Branch,6704,From Grand Central,GLB,Glenbrook,4,06:57,06:57,2026-03-29,,,weekend,2026-03-29,2026-03-16,,03-29-26_NHL-NC-Sched_v2.pdf,metro_north_new_canaan_branch_effective_2026-03-29_updated_2026-03-16.pdf,3,From Grand Central; C
Metro-North,New Canaan Branch,New Haven Line - New Canaan Branch,6704,From Grand Central,SPD,Springdale,5,07:00,07:00,2026-03-29,,,weekend,2026-03-29,2026-03-16,,03-29-26_NHL-NC-Sched_v2.pdf,metro_north_new_canaan_branch_effective_2026-03-29_updated_2026-03-16.pdf,3,From Grand Central; C
Metro-North,New Canaan Branch,New Haven Line - New Canaan Branch,6704,From Grand Central,TMH,Talmadge Hill,6,07:04,07:04,2026-03-29,,,weekend,2026-03-29,2026-03-16,,03-29-26_NHL-NC-Sched_v2.pdf,metro_north_new_canaan_branch_effective_2026-03-29_updated_2026-03-16.pdf,3,From Grand Central; C
Metro-North,New Canaan Branch,New Haven Line - New Canaan Branch,6704,From Grand Central,NCN,New Canaan,7,07:10,07:10,2026-03-29,,,weekend,2026-03-29,2026-03-16,,03-29-26_NHL-NC-Sched_v2.pdf,metro_north_new_canaan_branch_effective_2026-03-29_updated_2026-03-16.pdf,3,From Grand Central; C
Metro-North,New Canaan Branch,New Haven Line - New Canaan Branch,6705,To Grand Central,NCN,New Canaan,1,06:28,06:28,2026-03-29,,,weekend,2026-03-29,2026-03-16,,03-29-26_NHL-NC-Sched_v2.pdf,metro_north_new_canaan_branch_effective_2026-03-29_updated_2026-03-16.pdf,3,Metro-North; C
Metro-North,New Canaan Branch,New Haven Line - New Canaan Branch,6705,Metro-North,STM,Stamford,1,06:28,06:28,2026-03-29,,,weekend,2026-03-29,2026-03-16,,03-29-26_NHL-NC-Sched_v2.pdf,metro_north_new_canaan_branch_effective_2026-03-29_updated_2026-03-16.pdf,3,Metro-North; C
Metro-North,New Canaan Branch,New Haven Line - New Canaan Branch,6705,To Grand Central,TMH,Talmadge Hill,2,06:33,06:33,2026-03-29,,,weekend,2026-03-29,2026-03-16,,03-29-26_NHL-NC-Sched_v2.pdf,metro_north_new_canaan_branch_effective_2026-03-29_updated_2026-03-16.pdf,3,To Grand Central; C
Metro-North,New Canaan Branch,New Haven Line - New Canaan Branch,6705,Metro-North,TMH,Talmadge Hill,2,06:33,06:33,2026-03-29,,,weekend,2026-03-29,2026-03-16,,03-29-26_NHL-NC-Sched_v2.pdf,metro_north_new_canaan_branch_effective_2026-03-29_updated_2026-03-16.pdf,3,Metro-North; C
Metro-North,New Canaan Branch,New Haven Line - New Canaan Branch,6705,Metro-North,SPD,Springdale,3,06:37,06:37,2026-03-29,,,weekend,2026-03-29,2026-03-16,,03-29-26_NHL-NC-Sched_v2.pdf,metro_north_new_canaan_branch_effective_2026-03-29_updated_2026-03-16.pdf,3,Metro-North; C
Metro-North,New Canaan Branch,New Haven Line - New Canaan Branch,6705,Metro-North,GLB,Glenbrook,4,06:40,06:40,2026-03-29,,,weekend,2026-03-29,2026-03-16,,03-29-26_NHL-NC-Sched_v2.pdf,metro_north_new_canaan_branch_effective_2026-03-29_updated_2026-03-16.pdf,3,Metro-North; C
Metro-North,New Canaan Branch,New Haven Line - New Canaan Branch,6705,Metro-North,STM,Stamford,5,06:45,,2026-03-29,,,weekend,2026-03-29,2026-03-16,,03-29-26_NHL-NC-Sched_v2.pdf,metro_north_new_canaan_branch_effective_2026-03-29_updated_2026-03-16.pdf,3,Metro-North; C
Metro-North,New Canaan Branch,New Haven Line - New Canaan Branch,6705,Metro-North,STM,Stamford,6,,06:49,2026-03-29,,,weekend,2026-03-29,2026-03-16,,03-29-26_NHL-NC-Sched_v2.pdf,metro_north_new_canaan_branch_effective_2026-03-29_updated_2026-03-16.pdf,3,Metro-North
Metro-North,New Canaan Branch,New Haven Line - New Canaan Branch,6705,Metro-North,GCT,Grand Central,7,07:53,07:53,2026-03-29,,,weekend,2026-03-29,2026-03-16,,03-29-26_NHL-NC-Sched_v2.pdf,metro_north_new_canaan_branch_effective_2026-03-29_updated_2026-03-16.pdf,3,Metro-North
Metro-North,New Canaan Branch,New Haven Line - New Canaan Branch,6706~1,From Grand Central,GCT,Grand Central,1,07:02,07:02,2026-03-29,,,weekend,2026-03-29,2026-03-16,,03-29-26_NHL-NC-Sched_v2.pdf,metro_north_new_canaan_branch_effective_2026-03-29_updated_2026-03-16.pdf,3,From Grand Central
Metro-North,New Canaan Branch,New Haven Line - New Canaan Branch,6706~2,From Grand Central,GCT,Grand Central,1,07:02,07:02,2026-03-29,,,weekend,2026-03-29,2026-03-16,,03-29-26_NHL-NC-Sched_v2.pdf,metro_north_new_canaan_branch_effective_2026-03-29_updated_2026-03-16.pdf,3,From Grand Central
Metro-North,New Canaan Branch,New Haven Line - New Canaan Branch,6706~2,From Grand Central,STM,Stamford,2,07:55,,2026-03-29,,,weekend,2026-03-29,2026-03-16,,03-29-26_NHL-NC-Sched_v2.pdf,metro_north_new_canaan_branch_effective_2026-03-29_updated_2026-03-16.pdf,3,From Grand Central
Metro-North,New Canaan Branch,New Haven Line - New Canaan Branch,6706~2,From Grand Central,STM,Stamford,3,,08:01,2026-03-29,,,weekend,2026-03-29,2026-03-16,,03-29-26_NHL-NC-Sched_v2.pdf,metro_north_new_canaan_branch_effective_2026-03-29_updated_2026-03-16.pdf,3,From Grand Central; C
Metro-North,New Canaan Branch,New Haven Line - New Canaan Branch,6706~2,From Grand Central,GLB,Glenbrook,4,08:05,08:05,2026-03-29,,,weekend,2026-03-29,2026-03-16,,03-29-26_NHL-NC-Sched_v2.pdf,metro_north_new_canaan_branch_effective_2026-03-29_updated_2026-03-16.pdf,3,From Grand Central; C
Metro-North,New Canaan Branch,New Haven Line - New Canaan Branch,6706~2,From Grand Central,SPD,Springdale,5,08:08,08:08,2026-03-29,,,weekend,2026-03-29,2026-03-16,,03-29-26_NHL-NC-Sched_v2.pdf,metro_north_new_canaan_branch_effective_2026-03-29_updated_2026-03-16.pdf,3,From Grand Central; C
Metro-North,New Canaan Branch,New Haven Line - New Canaan Branch,6706~2,From Grand Central,TMH,Talmadge Hill,6,08:12,08:12,2026-03-29,,,weekend,2026-03-29,2026-03-16,,03-29-26_NHL-NC-Sched_v2.pdf,metro_north_new_canaan_branch_effective_2026-03-29_updated_2026-03-16.pdf,3,From Grand Central; C
Metro-North,New Canaan Branch,New Haven Line - New Canaan Branch,6706~2,From Grand Central,NCN,New Canaan,7,08:18,08:18,2026-03-29,,,weekend,2026-03-29,2026-03-16,,03-29-26_NHL-NC-Sched_v2.pdf,metro_north_new_canaan_branch_effective_2026-03-29_updated_2026-03-16.pdf,3,From Grand Central; C
Metro-North,New Canaan Branch,New Haven Line - New Canaan Branch,6709,To Grand Central,NCN,New Canaan,1,07:28,07:28,2026-03-29,,,weekend,2026-03-29,2026-03-16,,03-29-26_NHL-NC-Sched_v2.pdf,metro_north_new_canaan_branch_effective_2026-03-29_updated_2026-03-16.pdf,3,To Grand Central; C
Metro-North,New Canaan Branch,New Haven Line - New Canaan Branch,6709,Metro-North,STM,Stamford,1,07:28,07:28,2026-03-29,,,weekend,2026-03-29,2026-03-16,,03-29-26_NHL-NC-Sched_v2.pdf,metro_north_new_canaan_branch_effective_2026-03-29_updated_2026-03-16.pdf,3,Metro-North; C
Metro-North,New Canaan Branch,New Haven Line - New Canaan Branch,6709,To Grand Central,TMH,Talmadge Hill,2,07:33,07:33,2026-03-29,,,weekend,2026-03-29,2026-03-16,,03-29-26_NHL-NC-Sched_v2.pdf,metro_north_new_canaan_branch_effective_2026-03-29_updated_2026-03-16.pdf,3,To Grand Central; C
Metro-North,New Canaan Branch,New Haven Line - New Canaan Branch,6709,Metro-North,TMH,Talmadge Hill,2,07:33,07:33,2026-03-29,,,weekend,2026-03-29,2026-03-16,,03-29-26_NHL-NC-Sched_v2.pdf,metro_north_new_canaan_branch_effective_2026-03-29_updated_2026-03-16.pdf,3,Metro-North; C
Metro-North,New Canaan Branch,New Haven Line - New Canaan Branch,6709,Metro-North,SPD,Springdale,3,07:37,07:37,2026-03-29,,,weekend,2026-03-29,2026-03-16,,03-29-26_NHL-NC-Sched_v2.pdf,metro_north_new_canaan_branch_effective_2026-03-29_updated_2026-03-16.pdf,3,Metro-North; C
Metro-North,New Canaan Branch,New Haven Line - New Canaan Branch,6709,Metro-North,GLB,Glenbrook,4,07:40,07:40,2026-03-29,,,weekend,2026-03-29,2026-03-16,,03-29-26_NHL-NC-Sched_v2.pdf,metro_north_new_canaan_branch_effective_2026-03-29_updated_2026-03-16.pdf,3,Metro-North; C
Metro-North,New Canaan Branch,New Haven Line - New Canaan Branch,6709,Metro-North,STM,Stamford,5,07:45,,2026-03-29,,,weekend,2026-03-29,2026-03-16,,03-29-26_NHL-NC-Sched_v2.pdf,metro_north_new_canaan_branch_effective_2026-03-29_updated_2026-03-16.pdf,3,Metro-North; C
Metro-North,New Canaan Branch,New Haven Line - New Canaan Branch,6709,Metro-North,STM,Stamford,6,,07:52,2026-03-29,,,weekend,2026-03-29,2026-03-16,,03-29-26_NHL-NC-Sched_v2.pdf,metro_north_new_canaan_branch_effective_2026-03-29_updated_2026-03-16.pdf,3,Metro-North
Metro-North,New Canaan Branch,New Haven Line - New Canaan Branch,6709,Metro-North,GCT,Grand Central,7,08:47,08:47,2026-03-29,,,weekend,2026-03-29,2026-03-16,,03-29-26_NHL-NC-Sched_v2.pdf,metro_north_new_canaan_branch_effective_2026-03-29_updated_2026-03-16.pdf,3,Metro-North
Metro-North,New Canaan Branch,New Haven Line - New Canaan Branch,6710~1,From Grand Central,GCT,Grand Central,1,08:02,08:02,2026-03-29,,,weekend,2026-03-29,2026-03-16,,03-29-26_NHL-NC-Sched_v2.pdf,metro_north_new_canaan_branch_effective_2026-03-29_updated_2026-03-16.pdf,3,From Grand Central
Metro-North,New Canaan Branch,New Haven Line - New Canaan Branch,6710~2,From Grand Central,GCT,Grand Central,1,08:02,08:02,2026-03-29,,,weekend,2026-03-29,2026-03-16,,03-29-26_NHL-NC-Sched_v2.pdf,metro_north_new_canaan_branch_effective_2026-03-29_updated_2026-03-16.pdf,3,From Grand Central
Metro-North,New Canaan Branch,New Haven Line - New Canaan Branch,6710~2,From Grand Central,STM,Stamford,2,08:55,,2026-03-29,,,weekend,2026-03-29,2026-03-16,,03-29-26_NHL-NC-Sched_v2.pdf,metro_north_new_canaan_branch_effective_2026-03-29_updated_2026-03-16.pdf,3,From Grand Central
Metro-North,New Canaan Branch,New Haven Line - New Canaan Branch,6710~2,From Grand Central,STM,Stamford,3,,09:01,2026-03-29,,,weekend,2026-03-29,2026-03-16,,03-29-26_NHL-NC-Sched_v2.pdf,metro_north_new_canaan_branch_effective_2026-03-29_updated_2026-03-16.pdf,3,From Grand Central; C
Metro-North,New Canaan Branch,New Haven Line - New Canaan Branch,6710~2,From Grand Central,GLB,Glenbrook,4,09:05,09:05,2026-03-29,,,weekend,2026-03-29,2026-03-16,,03-29-26_NHL-NC-Sched_v2.pdf,metro_north_new_canaan_branch_effective_2026-03-29_updated_2026-03-16.pdf,3,From Grand Central; C
Metro-North,New Canaan Branch,New Haven Line - New Canaan Branch,6710~2,From Grand Central,SPD,Springdale,5,09:08,09:08,2026-03-29,,,weekend,2026-03-29,2026-03-16,,03-29-26_NHL-NC-Sched_v2.pdf,metro_north_new_canaan_branch_effective_2026-03-29_updated_2026-03-16.pdf,3,From Grand Central; C
Metro-North,New Canaan Branch,New Haven Line - New Canaan Branch,6710~2,From Grand Central,TMH,Talmadge Hill,6,09:12,09:12,2026-03-29,,,weekend,2026-03-29,2026-03-16,,03-29-26_NHL-NC-Sched_v2.pdf,metro_north_new_canaan_branch_effective_2026-03-29_updated_2026-03-16.pdf,3,From Grand Central; C
Metro-North,New Canaan Branch,New Haven Line - New Canaan Branch,6710~2,From Grand Central,NCN,New Canaan,7,09:18,09:18,2026-03-29,,,weekend,2026-03-29,2026-03-16,,03-29-26_NHL-NC-Sched_v2.pdf,metro_north_new_canaan_branch_effective_2026-03-29_updated_2026-03-16.pdf,3,From Grand Central; C
Metro-North,New Canaan Branch,New Haven Line - New Canaan Branch,6713,To Grand Central,NCN,New Canaan,1,08:28,08:28,2026-03-29,,,weekend,2026-03-29,2026-03-16,,03-29-26_NHL-NC-Sched_v2.pdf,metro_north_new_canaan_branch_effective_2026-03-29_updated_2026-03-16.pdf,3,To Grand Central; C
Metro-North,New Canaan Branch,New Haven Line - New Canaan Branch,6713,Metro-North,STM,Stamford,1,08:28,08:28,2026-03-29,,,weekend,2026-03-29,2026-03-16,,03-29-26_NHL-NC-Sched_v2.pdf,metro_north_new_canaan_branch_effective_2026-03-29_updated_2026-03-16.pdf,3,Metro-North; C
Metro-North,New Canaan Branch,New Haven Line - New Canaan Branch,6713,To Grand Central,TMH,Talmadge Hill,2,08:33,08:33,2026-03-29,,,weekend,2026-03-29,2026-03-16,,03-29-26_NHL-NC-Sched_v2.pdf,metro_north_new_canaan_branch_effective_2026-03-29_updated_2026-03-16.pdf,3,To Grand Central; C
Metro-North,New Canaan Branch,New Haven Line - New Canaan Branch,6713,Metro-North,TMH,Talmadge Hill,2,08:33,08:33,2026-03-29,,,weekend,2026-03-29,2026-03-16,,03-29-26_NHL-NC-Sched_v2.pdf,metro_north_new_canaan_branch_effective_2026-03-29_updated_2026-03-16.pdf,3,Metro-North; C
Metro-North,New Canaan Branch,New Haven Line - New Canaan Branch,6713,Metro-North,SPD,Springdale,3,08:37,08:37,2026-03-29,,,weekend,2026-03-29,2026-03-16,,03-29-26_NHL-NC-Sched_v2.pdf,metro_north_new_canaan_branch_effective_2026-03-29_updated_2026-03-16.pdf,3,Metro-North; C
Metro-North,New Canaan Branch,New Haven Line - New Canaan Branch,6713,Metro-North,GLB,Glenbrook,4,08:40,08:40,2026-03-29,,,weekend,2026-03-29,2026-03-16,,03-29-26_NHL-NC-Sched_v2.pdf,metro_north_new_canaan_branch_effective_2026-03-29_updated_2026-03-16.pdf,3,Metro-North; C
Metro-North,New Canaan Branch,New Haven Line - New Canaan Branch,6713,Metro-North,STM,Stamford,5,08:45,,2026-03-29,,,weekend,2026-03-29,2026-03-16,,03-29-26_NHL-NC-Sched_v2.pdf,metro_north_new_canaan_branch_effective_2026-03-29_updated_2026-03-16.pdf,3,Metro-North; C
Metro-North,New Canaan Branch,New Haven Line - New Canaan Branch,6713,Metro-North,STM,Stamford,6,,08:51,2026-03-29,,,weekend,2026-03-29,2026-03-16,,03-29-26_NHL-NC-Sched_v2.pdf,metro_north_new_canaan_branch_effective_2026-03-29_updated_2026-03-16.pdf,3,Metro-North
Metro-North,New Canaan Branch,New Haven Line - New Canaan Branch,6713,Metro-North,GCT,Grand Central,7,09:48,09:48,2026-03-29,,,weekend,2026-03-29,2026-03-16,,03-29-26_NHL-NC-Sched_v2.pdf,metro_north_new_canaan_branch_effective_2026-03-29_updated_2026-03-16.pdf,3,Metro-North
Metro-North,New Canaan Branch,New Haven Line - New Canaan Branch,6714~1,From Grand Central,GCT,Grand Central,1,09:02,09:02,2026-03-29,,,weekend,2026-03-29,2026-03-16,,03-29-26_NHL-NC-Sched_v2.pdf,metro_north_new_canaan_branch_effective_2026-03-29_updated_2026-03-16.pdf,3,From Grand Central
Metro-North,New Canaan Branch,New Haven Line - New Canaan Branch,6714~2,From Grand Central,GCT,Grand Central,1,09:02,09:02,2026-03-29,,,weekend,2026-03-29,2026-03-16,,03-29-26_NHL-NC-Sched_v2.pdf,metro_north_new_canaan_branch_effective_2026-03-29_updated_2026-03-16.pdf,3,From Grand Central
Metro-North,New Canaan Branch,New Haven Line - New Canaan Branch,6714~2,From Grand Central,STM,Stamford,2,09:54,,2026-03-29,,,weekend,2026-03-29,2026-03-16,,03-29-26_NHL-NC-Sched_v2.pdf,metro_north_new_canaan_branch_effective_2026-03-29_updated_2026-03-16.pdf,3,From Grand Central
Metro-North,New Canaan Branch,New Haven Line - New Canaan Branch,6714~2,From Grand Central,STM,Stamford,3,,10:01,2026-03-29,,,weekend,2026-03-29,2026-03-16,,03-29-26_NHL-NC-Sched_v2.pdf,metro_north_new_canaan_branch_effective_2026-03-29_updated_2026-03-16.pdf,3,From Grand Central
Metro-North,New Canaan Branch,New Haven Line - New Canaan Branch,6714~2,From Grand Central,GLB,Glenbrook,4,10:05,10:05,2026-03-29,,,weekend,2026-03-29,2026-03-16,,03-29-26_NHL-NC-Sched_v2.pdf,metro_north_new_canaan_branch_effective_2026-03-29_updated_2026-03-16.pdf,3,From Grand Central
Metro-North,New Canaan Branch,New Haven Line - New Canaan Branch,6714~2,From Grand Central,SPD,Springdale,5,10:08,10:08,2026-03-29,,,weekend,2026-03-29,2026-03-16,,03-29-26_NHL-NC-Sched_v2.pdf,metro_north_new_canaan_branch_effective_2026-03-29_updated_2026-03-16.pdf,3,From Grand Central
Metro-North,New Canaan Branch,New Haven Line - New Canaan Branch,6714~2,From Grand Central,TMH,Talmadge Hill,6,10:12,10:12,2026-03-29,,,weekend,2026-03-29,2026-03-16,,03-29-26_NHL-NC-Sched_v2.pdf,metro_north_new_canaan_branch_effective_2026-03-29_updated_2026-03-16.pdf,3,From Grand Central
Metro-North,New Canaan Branch,New Haven Line - New Canaan Branch,6714~2,From Grand Central,NCN,New Canaan,7,10:18,10:18,2026-03-29,,,weekend,2026-03-29,2026-03-16,,03-29-26_NHL-NC-Sched_v2.pdf,metro_north_new_canaan_branch_effective_2026-03-29_updated_2026-03-16.pdf,3,From Grand Central
Metro-North,New Canaan Branch,New Haven Line - New Canaan Branch,6717,To Grand Central,NCN,New Canaan,1,09:28,09:28,2026-03-29,,,weekend,2026-03-29,2026-03-16,,03-29-26_NHL-NC-Sched_v2.pdf,metro_north_new_canaan_branch_effective_2026-03-29_updated_2026-03-16.pdf,3,To Grand Central; C
Metro-North,New Canaan Branch,New Haven Line - New Canaan Branch,6717,Metro-North,STM,Stamford,1,09:28,09:28,2026-03-29,,,weekend,2026-03-29,2026-03-16,,03-29-26_NHL-NC-Sched_v2.pdf,metro_north_new_canaan_branch_effective_2026-03-29_updated_2026-03-16.pdf,3,Metro-North; C
Metro-North,New Canaan Branch,New Haven Line - New Canaan Branch,6717,To Grand Central,TMH,Talmadge Hill,2,09:33,09:33,2026-03-29,,,weekend,2026-03-29,2026-03-16,,03-29-26_NHL-NC-Sched_v2.pdf,metro_north_new_canaan_branch_effective_2026-03-29_updated_2026-03-16.pdf,3,To Grand Central; C
Metro-North,New Canaan Branch,New Haven Line - New Canaan Branch,6717,Metro-North,TMH,Talmadge Hill,2,09:33,09:33,2026-03-29,,,weekend,2026-03-29,2026-03-16,,03-29-26_NHL-NC-Sched_v2.pdf,metro_north_new_canaan_branch_effective_2026-03-29_updated_2026-03-16.pdf,3,Metro-North; C
Metro-North,New Canaan Branch,New Haven Line - New Canaan Branch,6717,Metro-North,SPD,Springdale,3,09:37,09:37,2026-03-29,,,weekend,2026-03-29,2026-03-16,,03-29-26_NHL-NC-Sched_v2.pdf,metro_north_new_canaan_branch_effective_2026-03-29_updated_2026-03-16.pdf,3,Metro-North; C
Metro-North,New Canaan Branch,New Haven Line - New Canaan Branch,6717,Metro-North,GLB,Glenbrook,4,09:40,09:40,2026-03-29,,,weekend,2026-03-29,2026-03-16,,03-29-26_NHL-NC-Sched_v2.pdf,metro_north_new_canaan_branch_effective_2026-03-29_updated_2026-03-16.pdf,3,Metro-North; C
Metro-North,New Canaan Branch,New Haven Line - New Canaan Branch,6717,Metro-North,STM,Stamford,5,09:45,,2026-03-29,,,weekend,2026-03-29,2026-03-16,,03-29-26_NHL-NC-Sched_v2.pdf,metro_north_new_canaan_branch_effective_2026-03-29_updated_2026-03-16.pdf,3,Metro-North; C
Metro-North,New Canaan Branch,New Haven Line - New Canaan Branch,6717,Metro-North,STM,Stamford,6,,09:51,2026-03-29,,,weekend,2026-03-29,2026-03-16,,03-29-26_NHL-NC-Sched_v2.pdf,metro_north_new_canaan_branch_effective_2026-03-29_updated_2026-03-16.pdf,3,Metro-North
Metro-North,New Canaan Branch,New Haven Line - New Canaan Branch,6717,Metro-North,GCT,Grand Central,7,10:46,10:46,2026-03-29,,,weekend,2026-03-29,2026-03-16,,03-29-26_NHL-NC-Sched_v2.pdf,metro_north_new_canaan_branch_effective_2026-03-29_updated_2026-03-16.pdf,3,Metro-North
Metro-North,New Canaan Branch,New Haven Line - New Canaan Branch,6718~1,From Grand Central,GCT,Grand Central,1,10:02,10:02,2026-03-29,,,weekend,2026-03-29,2026-03-16,,03-29-26_NHL-NC-Sched_v2.pdf,metro_north_new_canaan_branch_effective_2026-03-29_updated_2026-03-16.pdf,3,From Grand Central
Metro-North,New Canaan Branch,New Haven Line - New Canaan Branch,6718~2,From Grand Central,GCT,Grand Central,1,10:02,10:02,2026-03-29,,,weekend,2026-03-29,2026-03-16,,03-29-26_NHL-NC-Sched_v2.pdf,metro_north_new_canaan_branch_effective_2026-03-29_updated_2026-03-16.pdf,3,From Grand Central
Metro-North,New Canaan Branch,New Haven Line - New Canaan Branch,6718~2,From Grand Central,STM,Stamford,2,10:54,,2026-03-29,,,weekend,2026-03-29,2026-03-16,,03-29-26_NHL-NC-Sched_v2.pdf,metro_north_new_canaan_branch_effective_2026-03-29_updated_2026-03-16.pdf,3,From Grand Central
Metro-North,New Canaan Branch,New Haven Line - New Canaan Branch,6718~2,From Grand Central,STM,Stamford,3,,11:01,2026-03-29,,,weekend,2026-03-29,2026-03-16,,03-29-26_NHL-NC-Sched_v2.pdf,metro_north_new_canaan_branch_effective_2026-03-29_updated_2026-03-16.pdf,3,From Grand Central
Metro-North,New Canaan Branch,New Haven Line - New Canaan Branch,6718~2,From Grand Central,GLB,Glenbrook,4,11:05,11:05,2026-03-29,,,weekend,2026-03-29,2026-03-16,,03-29-26_NHL-NC-Sched_v2.pdf,metro_north_new_canaan_branch_effective_2026-03-29_updated_2026-03-16.pdf,3,From Grand Central
Metro-North,New Canaan Branch,New Haven Line - New Canaan Branch,6718~2,From Grand Central,SPD,Springdale,5,11:08,11:08,2026-03-29,,,weekend,2026-03-29,2026-03-16,,03-29-26_NHL-NC-Sched_v2.pdf,metro_north_new_canaan_branch_effective_2026-03-29_updated_2026-03-16.pdf,3,From Grand Central
Metro-North,New Canaan Branch,New Haven Line - New Canaan Branch,6718~2,From Grand Central,TMH,Talmadge Hill,6,11:12,11:12,2026-03-29,,,weekend,2026-03-29,2026-03-16,,03-29-26_NHL-NC-Sched_v2.pdf,metro_north_new_canaan_branch_effective_2026-03-29_updated_2026-03-16.pdf,3,From Grand Central
Metro-North,New Canaan Branch,New Haven Line - New Canaan Branch,6718~2,From Grand Central,NCN,New Canaan,7,11:18,11:18,2026-03-29,,,weekend,2026-03-29,2026-03-16,,03-29-26_NHL-NC-Sched_v2.pdf,metro_north_new_canaan_branch_effective_2026-03-29_updated_2026-03-16.pdf,3,From Grand Central
Metro-North,New Canaan Branch,New Haven Line - New Canaan Branch,6721,To Grand Central,NCN,New Canaan,1,10:28,10:28,2026-03-29,,,weekend,2026-03-29,2026-03-16,,03-29-26_NHL-NC-Sched_v2.pdf,metro_north_new_canaan_branch_effective_2026-03-29_updated_2026-03-16.pdf,3,To Grand Central
Metro-North,New Canaan Branch,New Haven Line - New Canaan Branch,6721,Metro-North,STM,Stamford,1,10:28,10:28,2026-03-29,,,weekend,2026-03-29,2026-03-16,,03-29-26_NHL-NC-Sched_v2.pdf,metro_north_new_canaan_branch_effective_2026-03-29_updated_2026-03-16.pdf,3,Metro-North
Metro-North,New Canaan Branch,New Haven Line - New Canaan Branch,6721,To Grand Central,TMH,Talmadge Hill,2,10:33,10:33,2026-03-29,,,weekend,2026-03-29,2026-03-16,,03-29-26_NHL-NC-Sched_v2.pdf,metro_north_new_canaan_branch_effective_2026-03-29_updated_2026-03-16.pdf,3,To Grand Central
Metro-North,New Canaan Branch,New Haven Line - New Canaan Branch,6721,Metro-North,TMH,Talmadge Hill,2,10:33,10:33,2026-03-29,,,weekend,2026-03-29,2026-03-16,,03-29-26_NHL-NC-Sched_v2.pdf,metro_north_new_canaan_branch_effective_2026-03-29_updated_2026-03-16.pdf,3,Metro-North
Metro-North,New Canaan Branch,New Haven Line - New Canaan Branch,6721,Metro-North,SPD,Springdale,3,10:37,10:37,2026-03-29,,,weekend,2026-03-29,2026-03-16,,03-29-26_NHL-NC-Sched_v2.pdf,metro_north_new_canaan_branch_effective_2026-03-29_updated_2026-03-16.pdf,3,Metro-North
Metro-North,New Canaan Branch,New Haven Line - New Canaan Branch,6721,Metro-North,GLB,Glenbrook,4,10:40,10:40,2026-03-29,,,weekend,2026-03-29,2026-03-16,,03-29-26_NHL-NC-Sched_v2.pdf,metro_north_new_canaan_branch_effective_2026-03-29_updated_2026-03-16.pdf,3,Metro-North
Metro-North,New Canaan Branch,New Haven Line - New Canaan Branch,6721,Metro-North,STM,Stamford,5,10:45,,2026-03-29,,,weekend,2026-03-29,2026-03-16,,03-29-26_NHL-NC-Sched_v2.pdf,metro_north_new_canaan_branch_effective_2026-03-29_updated_2026-03-16.pdf,3,Metro-North
Metro-North,New Canaan Branch,New Haven Line - New Canaan Branch,6721,Metro-North,STM,Stamford,6,,10:51,2026-03-29,,,weekend,2026-03-29,2026-03-16,,03-29-26_NHL-NC-Sched_v2.pdf,metro_north_new_canaan_branch_effective_2026-03-29_updated_2026-03-16.pdf,3,Metro-North
Metro-North,New Canaan Branch,New Haven Line - New Canaan Branch,6721,Metro-North,GCT,Grand Central,7,11:46,11:46,2026-03-29,,,weekend,2026-03-29,2026-03-16,,03-29-26_NHL-NC-Sched_v2.pdf,metro_north_new_canaan_branch_effective_2026-03-29_updated_2026-03-16.pdf,3,Metro-North
Metro-North,New Canaan Branch,New Haven Line - New Canaan Branch,6722~1,From Grand Central,GCT,Grand Central,1,11:02,11:02,2026-03-29,,,weekend,2026-03-29,2026-03-16,,03-29-26_NHL-NC-Sched_v2.pdf,metro_north_new_canaan_branch_effective_2026-03-29_updated_2026-03-16.pdf,3,From Grand Central
Metro-North,New Canaan Branch,New Haven Line - New Canaan Branch,6722~2,From Grand Central,GCT,Grand Central,1,11:02,11:02,2026-03-29,,,weekend,2026-03-29,2026-03-16,,03-29-26_NHL-NC-Sched_v2.pdf,metro_north_new_canaan_branch_effective_2026-03-29_updated_2026-03-16.pdf,3,From Grand Central
Metro-North,New Canaan Branch,New Haven Line - New Canaan Branch,6722~2,From Grand Central,STM,Stamford,2,11:54,,2026-03-29,,,weekend,2026-03-29,2026-03-16,,03-29-26_NHL-NC-Sched_v2.pdf,metro_north_new_canaan_branch_effective_2026-03-29_updated_2026-03-16.pdf,3,From Grand Central
Metro-North,New Canaan Branch,New Haven Line - New Canaan Branch,6722~2,From Grand Central,STM,Stamford,3,,00:01,2026-03-29,,,weekend,2026-03-29,2026-03-16,,03-29-26_NHL-NC-Sched_v2.pdf,metro_north_new_canaan_branch_effective_2026-03-29_updated_2026-03-16.pdf,3,From Grand Central
Metro-North,New Canaan Branch,New Haven Line - New Canaan Branch,6722~2,From Grand Central,GLB,Glenbrook,4,00:05,00:05,2026-03-29,,,weekend,2026-03-29,2026-03-16,,03-29-26_NHL-NC-Sched_v2.pdf,metro_north_new_canaan_branch_effective_2026-03-29_updated_2026-03-16.pdf,3,From Grand Central
Metro-North,New Canaan Branch,New Haven Line - New Canaan Branch,6722~2,From Grand Central,SPD,Springdale,5,00:08,00:08,2026-03-29,,,weekend,2026-03-29,2026-03-16,,03-29-26_NHL-NC-Sched_v2.pdf,metro_north_new_canaan_branch_effective_2026-03-29_updated_2026-03-16.pdf,3,From Grand Central
Metro-North,New Canaan Branch,New Haven Line - New Canaan Branch,6722~2,From Grand Central,TMH,Talmadge Hill,6,00:12,00:12,2026-03-29,,,weekend,2026-03-29,2026-03-16,,03-29-26_NHL-NC-Sched_v2.pdf,metro_north_new_canaan_branch_effective_2026-03-29_updated_2026-03-16.pdf,3,From Grand Central
Metro-North,New Canaan Branch,New Haven Line - New Canaan Branch,6722~2,From Grand Central,NCN,New Canaan,7,00:18,00:18,2026-03-29,,,weekend,2026-03-29,2026-03-16,,03-29-26_NHL-NC-Sched_v2.pdf,metro_north_new_canaan_branch_effective_2026-03-29_updated_2026-03-16.pdf,3,From Grand Central
Metro-North,New Canaan Branch,New Haven Line - New Canaan Branch,6725,To Grand Central,NCN,New Canaan,1,11:28,11:28,2026-03-29,,,weekend,2026-03-29,2026-03-16,,03-29-26_NHL-NC-Sched_v2.pdf,metro_north_new_canaan_branch_effective_2026-03-29_updated_2026-03-16.pdf,3,To Grand Central
Metro-North,New Canaan Branch,New Haven Line - New Canaan Branch,6725,Metro-North,GCT,Grand Central,1,00:46,00:46,2026-03-29,,,weekend,2026-03-29,2026-03-16,,03-29-26_NHL-NC-Sched_v2.pdf,metro_north_new_canaan_branch_effective_2026-03-29_updated_2026-03-16.pdf,3,Metro-North
Metro-North,New Canaan Branch,New Haven Line - New Canaan Branch,6725,To Grand Central,TMH,Talmadge Hill,2,11:33,11:33,2026-03-29,,,weekend,2026-03-29,2026-03-16,,03-29-26_NHL-NC-Sched_v2.pdf,metro_north_new_canaan_branch_effective_2026-03-29_updated_2026-03-16.pdf,3,To Grand Central
Metro-North,New Canaan Branch,New Haven Line - New Canaan Branch,6725,Metro-North,STM,Stamford,2,11:28,11:28,2026-03-29,,,weekend,2026-03-29,2026-03-16,,03-29-26_NHL-NC-Sched_v2.pdf,metro_north_new_canaan_branch_effective_2026-03-29_updated_2026-03-16.pdf,3,Metro-North
Metro-North,New Canaan Branch,New Haven Line - New Canaan Branch,6725,Metro-North,TMH,Talmadge Hill,3,11:33,11:33,2026-03-29,,,weekend,2026-03-29,2026-03-16,,03-29-26_NHL-NC-Sched_v2.pdf,metro_north_new_canaan_branch_effective_2026-03-29_updated_2026-03-16.pdf,3,Metro-North
Metro-North,New Canaan Branch,New Haven Line - New Canaan Branch,6725,Metro-North,SPD,Springdale,4,11:37,11:37,2026-03-29,,,weekend,2026-03-29,2026-03-16,,03-29-26_NHL-NC-Sched_v2.pdf,metro_north_new_canaan_branch_effective_2026-03-29_updated_2026-03-16.pdf,3,Metro-North
Metro-North,New Canaan Branch,New Haven Line - New Canaan Branch,6725,Metro-North,GLB,Glenbrook,5,11:40,11:40,2026-03-29,,,weekend,2026-03-29,2026-03-16,,03-29-26_NHL-NC-Sched_v2.pdf,metro_north_new_canaan_branch_effective_2026-03-29_updated_2026-03-16.pdf,3,Metro-North
Metro-North,New Canaan Branch,New Haven Line - New Canaan Branch,6725,Metro-North,STM,Stamford,6,11:45,,2026-03-29,,,weekend,2026-03-29,2026-03-16,,03-29-26_NHL-NC-Sched_v2.pdf,metro_north_new_canaan_branch_effective_2026-03-29_updated_2026-03-16.pdf,3,Metro-North
Metro-North,New Canaan Branch,New Haven Line - New Canaan Branch,6725,Metro-North,STM,Stamford,7,,11:51,2026-03-29,,,weekend,2026-03-29,2026-03-16,,03-29-26_NHL-NC-Sched_v2.pdf,metro_north_new_canaan_branch_effective_2026-03-29_updated_2026-03-16.pdf,3,Metro-North
Metro-North,New Canaan Branch,New Haven Line - New Canaan Branch,6726~1,From Grand Central,GCT,Grand Central,1,12:02,12:02,2026-03-29,,,weekend,2026-03-29,2026-03-16,,03-29-26_NHL-NC-Sched_v2.pdf,metro_north_new_canaan_branch_effective_2026-03-29_updated_2026-03-16.pdf,3,From Grand Central
Metro-North,New Canaan Branch,New Haven Line - New Canaan Branch,6726~2,From Grand Central,GCT,Grand Central,1,12:02,12:02,2026-03-29,,,weekend,2026-03-29,2026-03-16,,03-29-26_NHL-NC-Sched_v2.pdf,metro_north_new_canaan_branch_effective_2026-03-29_updated_2026-03-16.pdf,3,From Grand Central
Metro-North,New Canaan Branch,New Haven Line - New Canaan Branch,6726~2,From Grand Central,STM,Stamford,2,12:54,,2026-03-29,,,weekend,2026-03-29,2026-03-16,,03-29-26_NHL-NC-Sched_v2.pdf,metro_north_new_canaan_branch_effective_2026-03-29_updated_2026-03-16.pdf,3,From Grand Central
Metro-North,New Canaan Branch,New Haven Line - New Canaan Branch,6726~2,From Grand Central,STM,Stamford,3,,13:01,2026-03-29,,,weekend,2026-03-29,2026-03-16,,03-29-26_NHL-NC-Sched_v2.pdf,metro_north_new_canaan_branch_effective_2026-03-29_updated_2026-03-16.pdf,3,From Grand Central; C
Metro-North,New Canaan Branch,New Haven Line - New Canaan Branch,6726~2,From Grand Central,GLB,Glenbrook,4,13:05,13:05,2026-03-29,,,weekend,2026-03-29,2026-03-16,,03-29-26_NHL-NC-Sched_v2.pdf,metro_north_new_canaan_branch_effective_2026-03-29_updated_2026-03-16.pdf,3,From Grand Central; C
Metro-North,New Canaan Branch,New Haven Line - New Canaan Branch,6726~2,From Grand Central,SPD,Springdale,5,13:08,13:08,2026-03-29,,,weekend,2026-03-29,2026-03-16,,03-29-26_NHL-NC-Sched_v2.pdf,metro_north_new_canaan_branch_effective_2026-03-29_updated_2026-03-16.pdf,3,From Grand Central; C
Metro-North,New Canaan Branch,New Haven Line - New Canaan Branch,6726~2,From Grand Central,TMH,Talmadge Hill,6,13:12,13:12,2026-03-29,,,weekend,2026-03-29,2026-03-16,,03-29-26_NHL-NC-Sched_v2.pdf,metro_north_new_canaan_branch_effective_2026-03-29_updated_2026-03-16.pdf,3,From Grand Central; C
Metro-North,New Canaan Branch,New Haven Line - New Canaan Branch,6726~2,From Grand Central,NCN,New Canaan,7,13:18,13:18,2026-03-29,,,weekend,2026-03-29,2026-03-16,,03-29-26_NHL-NC-Sched_v2.pdf,metro_north_new_canaan_branch_effective_2026-03-29_updated_2026-03-16.pdf,3,From Grand Central; C
Metro-North,New Canaan Branch,New Haven Line - New Canaan Branch,6729,To Grand Central,NCN,New Canaan,1,12:28,12:28,2026-03-29,,,weekend,2026-03-29,2026-03-16,,03-29-26_NHL-NC-Sched_v2.pdf,metro_north_new_canaan_branch_effective_2026-03-29_updated_2026-03-16.pdf,3,To Grand Central
Metro-North,New Canaan Branch,New Haven Line - New Canaan Branch,6729,Metro-North,STM,Stamford,1,12:28,12:28,2026-03-29,,,weekend,2026-03-29,2026-03-16,,03-29-26_NHL-NC-Sched_v2.pdf,metro_north_new_canaan_branch_effective_2026-03-29_updated_2026-03-16.pdf,3,Metro-North
Metro-North,New Canaan Branch,New Haven Line - New Canaan Branch,6729,To Grand Central,TMH,Talmadge Hill,2,12:33,12:33,2026-03-29,,,weekend,2026-03-29,2026-03-16,,03-29-26_NHL-NC-Sched_v2.pdf,metro_north_new_canaan_branch_effective_2026-03-29_updated_2026-03-16.pdf,3,To Grand Central
Metro-North,New Canaan Branch,New Haven Line - New Canaan Branch,6729,Metro-North,TMH,Talmadge Hill,2,12:33,12:33,2026-03-29,,,weekend,2026-03-29,2026-03-16,,03-29-26_NHL-NC-Sched_v2.pdf,metro_north_new_canaan_branch_effective_2026-03-29_updated_2026-03-16.pdf,3,Metro-North
Metro-North,New Canaan Branch,New Haven Line - New Canaan Branch,6729,Metro-North,SPD,Springdale,3,12:37,12:37,2026-03-29,,,weekend,2026-03-29,2026-03-16,,03-29-26_NHL-NC-Sched_v2.pdf,metro_north_new_canaan_branch_effective_2026-03-29_updated_2026-03-16.pdf,3,Metro-North
Metro-North,New Canaan Branch,New Haven Line - New Canaan Branch,6729,Metro-North,GLB,Glenbrook,4,12:40,12:40,2026-03-29,,,weekend,2026-03-29,2026-03-16,,03-29-26_NHL-NC-Sched_v2.pdf,metro_north_new_canaan_branch_effective_2026-03-29_updated_2026-03-16.pdf,3,Metro-North
Metro-North,New Canaan Branch,New Haven Line - New Canaan Branch,6729,Metro-North,STM,Stamford,5,12:45,,2026-03-29,,,weekend,2026-03-29,2026-03-16,,03-29-26_NHL-NC-Sched_v2.pdf,metro_north_new_canaan_branch_effective_2026-03-29_updated_2026-03-16.pdf,3,Metro-North
Metro-North,New Canaan Branch,New Haven Line - New Canaan Branch,6729,Metro-North,STM,Stamford,6,,12:51,2026-03-29,,,weekend,2026-03-29,2026-03-16,,03-29-26_NHL-NC-Sched_v2.pdf,metro_north_new_canaan_branch_effective_2026-03-29_updated_2026-03-16.pdf,3,Metro-North
Metro-North,New Canaan Branch,New Haven Line - New Canaan Branch,6729,Metro-North,GCT,Grand Central,7,13:46,13:46,2026-03-29,,,weekend,2026-03-29,2026-03-16,,03-29-26_NHL-NC-Sched_v2.pdf,metro_north_new_canaan_branch_effective_2026-03-29_updated_2026-03-16.pdf,3,Metro-North
Metro-North,New Canaan Branch,New Haven Line - New Canaan Branch,6730~1,From Grand Central,GCT,Grand Central,1,13:02,13:02,2026-03-29,,,weekend,2026-03-29,2026-03-16,,03-29-26_NHL-NC-Sched_v2.pdf,metro_north_new_canaan_branch_effective_2026-03-29_updated_2026-03-16.pdf,3,From Grand Central
Metro-North,New Canaan Branch,New Haven Line - New Canaan Branch,6730~2,From Grand Central,GCT,Grand Central,1,13:02,13:02,2026-03-29,,,weekend,2026-03-29,2026-03-16,,03-29-26_NHL-NC-Sched_v2.pdf,metro_north_new_canaan_branch_effective_2026-03-29_updated_2026-03-16.pdf,3,From Grand Central
Metro-North,New Canaan Branch,New Haven Line - New Canaan Branch,6730~2,From Grand Central,STM,Stamford,2,13:54,,2026-03-29,,,weekend,2026-03-29,2026-03-16,,03-29-26_NHL-NC-Sched_v2.pdf,metro_north_new_canaan_branch_effective_2026-03-29_updated_2026-03-16.pdf,3,From Grand Central
Metro-North,New Canaan Branch,New Haven Line - New Canaan Branch,6730~2,From Grand Central,STM,Stamford,3,,14:01,2026-03-29,,,weekend,2026-03-29,2026-03-16,,03-29-26_NHL-NC-Sched_v2.pdf,metro_north_new_canaan_branch_effective_2026-03-29_updated_2026-03-16.pdf,3,From Grand Central; C
Metro-North,New Canaan Branch,New Haven Line - New Canaan Branch,6730~2,From Grand Central,GLB,Glenbrook,4,14:05,14:05,2026-03-29,,,weekend,2026-03-29,2026-03-16,,03-29-26_NHL-NC-Sched_v2.pdf,metro_north_new_canaan_branch_effective_2026-03-29_updated_2026-03-16.pdf,3,From Grand Central; C
Metro-North,New Canaan Branch,New Haven Line - New Canaan Branch,6730~2,From Grand Central,SPD,Springdale,5,14:08,14:08,2026-03-29,,,weekend,2026-03-29,2026-03-16,,03-29-26_NHL-NC-Sched_v2.pdf,metro_north_new_canaan_branch_effective_2026-03-29_updated_2026-03-16.pdf,3,From Grand Central; C
Metro-North,New Canaan Branch,New Haven Line - New Canaan Branch,6730~2,From Grand Central,TMH,Talmadge Hill,6,14:12,14:12,2026-03-29,,,weekend,2026-03-29,2026-03-16,,03-29-26_NHL-NC-Sched_v2.pdf,metro_north_new_canaan_branch_effective_2026-03-29_updated_2026-03-16.pdf,3,From Grand Central; C
Metro-North,New Canaan Branch,New Haven Line - New Canaan Branch,6730~2,From Grand Central,NCN,New Canaan,7,14:18,14:18,2026-03-29,,,weekend,2026-03-29,2026-03-16,,03-29-26_NHL-NC-Sched_v2.pdf,metro_north_new_canaan_branch_effective_2026-03-29_updated_2026-03-16.pdf,3,From Grand Central; C
Metro-North,New Canaan Branch,New Haven Line - New Canaan Branch,6733,To Grand Central,NCN,New Canaan,1,13:28,13:28,2026-03-29,,,weekend,2026-03-29,2026-03-16,,03-29-26_NHL-NC-Sched_v2.pdf,metro_north_new_canaan_branch_effective_2026-03-29_updated_2026-03-16.pdf,3,To Grand Central; C
Metro-North,New Canaan Branch,New Haven Line - New Canaan Branch,6733,Metro-North,STM,Stamford,1,13:28,13:28,2026-03-29,,,weekend,2026-03-29,2026-03-16,,03-29-26_NHL-NC-Sched_v2.pdf,metro_north_new_canaan_branch_effective_2026-03-29_updated_2026-03-16.pdf,3,Metro-North; C
Metro-North,New Canaan Branch,New Haven Line - New Canaan Branch,6733,To Grand Central,TMH,Talmadge Hill,2,13:33,13:33,2026-03-29,,,weekend,2026-03-29,2026-03-16,,03-29-26_NHL-NC-Sched_v2.pdf,metro_north_new_canaan_branch_effective_2026-03-29_updated_2026-03-16.pdf,3,To Grand Central; C
Metro-North,New Canaan Branch,New Haven Line - New Canaan Branch,6733,Metro-North,TMH,Talmadge Hill,2,13:33,13:33,2026-03-29,,,weekend,2026-03-29,2026-03-16,,03-29-26_NHL-NC-Sched_v2.pdf,metro_north_new_canaan_branch_effective_2026-03-29_updated_2026-03-16.pdf,3,Metro-North; C
Metro-North,New Canaan Branch,New Haven Line - New Canaan Branch,6733,Metro-North,SPD,Springdale,3,13:37,13:37,2026-03-29,,,weekend,2026-03-29,2026-03-16,,03-29-26_NHL-NC-Sched_v2.pdf,metro_north_new_canaan_branch_effective_2026-03-29_updated_2026-03-16.pdf,3,Metro-North; C
Metro-North,New Canaan Branch,New Haven Line - New Canaan Branch,6733,Metro-North,GLB,Glenbrook,4,13:40,13:40,2026-03-29,,,weekend,2026-03-29,2026-03-16,,03-29-26_NHL-NC-Sched_v2.pdf,metro_north_new_canaan_branch_effective_2026-03-29_updated_2026-03-16.pdf,3,Metro-North; C
Metro-North,New Canaan Branch,New Haven Line - New Canaan Branch,6733,Metro-North,STM,Stamford,5,13:45,,2026-03-29,,,weekend,2026-03-29,2026-03-16,,03-29-26_NHL-NC-Sched_v2.pdf,metro_north_new_canaan_branch_effective_2026-03-29_updated_2026-03-16.pdf,3,Metro-North; C
Metro-North,New Canaan Branch,New Haven Line - New Canaan Branch,6733,Metro-North,STM,Stamford,6,,13:51,2026-03-29,,,weekend,2026-03-29,2026-03-16,,03-29-26_NHL-NC-Sched_v2.pdf,metro_north_new_canaan_branch_effective_2026-03-29_updated_2026-03-16.pdf,3,Metro-North
Metro-North,New Canaan Branch,New Haven Line - New Canaan Branch,6733,Metro-North,GCT,Grand Central,7,14:46,14:46,2026-03-29,,,weekend,2026-03-29,2026-03-16,,03-29-26_NHL-NC-Sched_v2.pdf,metro_north_new_canaan_branch_effective_2026-03-29_updated_2026-03-16.pdf,3,Metro-North
Metro-North,New Canaan Branch,New Haven Line - New Canaan Branch,6734~1,From Grand Central,GCT,Grand Central,1,14:02,14:02,2026-03-29,,,weekend,2026-03-29,2026-03-16,,03-29-26_NHL-NC-Sched_v2.pdf,metro_north_new_canaan_branch_effective_2026-03-29_updated_2026-03-16.pdf,3,From Grand Central
Metro-North,New Canaan Branch,New Haven Line - New Canaan Branch,6734~2,From Grand Central,GCT,Grand Central,1,14:02,14:02,2026-03-29,,,weekend,2026-03-29,2026-03-16,,03-29-26_NHL-NC-Sched_v2.pdf,metro_north_new_canaan_branch_effective_2026-03-29_updated_2026-03-16.pdf,3,From Grand Central
Metro-North,New Canaan Branch,New Haven Line - New Canaan Branch,6734~2,From Grand Central,STM,Stamford,2,14:54,,2026-03-29,,,weekend,2026-03-29,2026-03-16,,03-29-26_NHL-NC-Sched_v2.pdf,metro_north_new_canaan_branch_effective_2026-03-29_updated_2026-03-16.pdf,3,From Grand Central
Metro-North,New Canaan Branch,New Haven Line - New Canaan Branch,6734~2,From Grand Central,STM,Stamford,3,,15:01,2026-03-29,,,weekend,2026-03-29,2026-03-16,,03-29-26_NHL-NC-Sched_v2.pdf,metro_north_new_canaan_branch_effective_2026-03-29_updated_2026-03-16.pdf,3,From Grand Central; C
Metro-North,New Canaan Branch,New Haven Line - New Canaan Branch,6734~2,From Grand Central,GLB,Glenbrook,4,15:05,15:05,2026-03-29,,,weekend,2026-03-29,2026-03-16,,03-29-26_NHL-NC-Sched_v2.pdf,metro_north_new_canaan_branch_effective_2026-03-29_updated_2026-03-16.pdf,3,From Grand Central; C
Metro-North,New Canaan Branch,New Haven Line - New Canaan Branch,6734~2,From Grand Central,SPD,Springdale,5,15:08,15:08,2026-03-29,,,weekend,2026-03-29,2026-03-16,,03-29-26_NHL-NC-Sched_v2.pdf,metro_north_new_canaan_branch_effective_2026-03-29_updated_2026-03-16.pdf,3,From Grand Central; C
Metro-North,New Canaan Branch,New Haven Line - New Canaan Branch,6734~2,From Grand Central,TMH,Talmadge Hill,6,15:12,15:12,2026-03-29,,,weekend,2026-03-29,2026-03-16,,03-29-26_NHL-NC-Sched_v2.pdf,metro_north_new_canaan_branch_effective_2026-03-29_updated_2026-03-16.pdf,3,From Grand Central; C
Metro-North,New Canaan Branch,New Haven Line - New Canaan Branch,6734~2,From Grand Central,NCN,New Canaan,7,15:18,15:18,2026-03-29,,,weekend,2026-03-29,2026-03-16,,03-29-26_NHL-NC-Sched_v2.pdf,metro_north_new_canaan_branch_effective_2026-03-29_updated_2026-03-16.pdf,3,From Grand Central; C
Metro-North,New Canaan Branch,New Haven Line - New Canaan Branch,6737,To Grand Central,NCN,New Canaan,1,14:28,14:28,2026-03-29,,,weekend,2026-03-29,2026-03-16,,03-29-26_NHL-NC-Sched_v2.pdf,metro_north_new_canaan_branch_effective_2026-03-29_updated_2026-03-16.pdf,3,To Grand Central; C
Metro-North,New Canaan Branch,New Haven Line - New Canaan Branch,6737,Metro-North,STM,Stamford,1,14:28,14:28,2026-03-29,,,weekend,2026-03-29,2026-03-16,,03-29-26_NHL-NC-Sched_v2.pdf,metro_north_new_canaan_branch_effective_2026-03-29_updated_2026-03-16.pdf,3,Metro-North; C
Metro-North,New Canaan Branch,New Haven Line - New Canaan Branch,6737,To Grand Central,TMH,Talmadge Hill,2,14:33,14:33,2026-03-29,,,weekend,2026-03-29,2026-03-16,,03-29-26_NHL-NC-Sched_v2.pdf,metro_north_new_canaan_branch_effective_2026-03-29_updated_2026-03-16.pdf,3,To Grand Central; C
Metro-North,New Canaan Branch,New Haven Line - New Canaan Branch,6737,Metro-North,TMH,Talmadge Hill,2,14:33,14:33,2026-03-29,,,weekend,2026-03-29,2026-03-16,,03-29-26_NHL-NC-Sched_v2.pdf,metro_north_new_canaan_branch_effective_2026-03-29_updated_2026-03-16.pdf,3,Metro-North; C
Metro-North,New Canaan Branch,New Haven Line - New Canaan Branch,6737,Metro-North,SPD,Springdale,3,14:37,14:37,2026-03-29,,,weekend,2026-03-29,2026-03-16,,03-29-26_NHL-NC-Sched_v2.pdf,metro_north_new_canaan_branch_effective_2026-03-29_updated_2026-03-16.pdf,3,Metro-North; C
Metro-North,New Canaan Branch,New Haven Line - New Canaan Branch,6737,Metro-North,GLB,Glenbrook,4,14:40,14:40,2026-03-29,,,weekend,2026-03-29,2026-03-16,,03-29-26_NHL-NC-Sched_v2.pdf,metro_north_new_canaan_branch_effective_2026-03-29_updated_2026-03-16.pdf,3,Metro-North; C
Metro-North,New Canaan Branch,New Haven Line - New Canaan Branch,6737,Metro-North,STM,Stamford,5,14:45,,2026-03-29,,,weekend,2026-03-29,2026-03-16,,03-29-26_NHL-NC-Sched_v2.pdf,metro_north_new_canaan_branch_effective_2026-03-29_updated_2026-03-16.pdf,3,Metro-North; C
Metro-North,New Canaan Branch,New Haven Line - New Canaan Branch,6737,Metro-North,STM,Stamford,6,,14:51,2026-03-29,,,weekend,2026-03-29,2026-03-16,,03-29-26_NHL-NC-Sched_v2.pdf,metro_north_new_canaan_branch_effective_2026-03-29_updated_2026-03-16.pdf,3,Metro-North
Metro-North,New Canaan Branch,New Haven Line - New Canaan Branch,6737,Metro-North,GCT,Grand Central,7,15:46,15:46,2026-03-29,,,weekend,2026-03-29,2026-03-16,,03-29-26_NHL-NC-Sched_v2.pdf,metro_north_new_canaan_branch_effective_2026-03-29_updated_2026-03-16.pdf,3,Metro-North
Metro-North,New Canaan Branch,New Haven Line - New Canaan Branch,6738~1,From Grand Central,GCT,Grand Central,1,15:02,15:02,2026-03-29,,,weekend,2026-03-29,2026-03-16,,03-29-26_NHL-NC-Sched_v2.pdf,metro_north_new_canaan_branch_effective_2026-03-29_updated_2026-03-16.pdf,3,From Grand Central
Metro-North,New Canaan Branch,New Haven Line - New Canaan Branch,6738~2,From Grand Central,GCT,Grand Central,1,15:02,15:02,2026-03-29,,,weekend,2026-03-29,2026-03-16,,03-29-26_NHL-NC-Sched_v2.pdf,metro_north_new_canaan_branch_effective_2026-03-29_updated_2026-03-16.pdf,3,From Grand Central
Metro-North,New Canaan Branch,New Haven Line - New Canaan Branch,6738~2,From Grand Central,STM,Stamford,2,15:54,,2026-03-29,,,weekend,2026-03-29,2026-03-16,,03-29-26_NHL-NC-Sched_v2.pdf,metro_north_new_canaan_branch_effective_2026-03-29_updated_2026-03-16.pdf,3,From Grand Central
Metro-North,New Canaan Branch,New Haven Line - New Canaan Branch,6738~2,From Grand Central,STM,Stamford,3,,16:01,2026-03-29,,,weekend,2026-03-29,2026-03-16,,03-29-26_NHL-NC-Sched_v2.pdf,metro_north_new_canaan_branch_effective_2026-03-29_updated_2026-03-16.pdf,3,From Grand Central; C
Metro-North,New Canaan Branch,New Haven Line - New Canaan Branch,6738~2,From Grand Central,GLB,Glenbrook,4,16:05,16:05,2026-03-29,,,weekend,2026-03-29,2026-03-16,,03-29-26_NHL-NC-Sched_v2.pdf,metro_north_new_canaan_branch_effective_2026-03-29_updated_2026-03-16.pdf,3,From Grand Central; C
Metro-North,New Canaan Branch,New Haven Line - New Canaan Branch,6738~2,From Grand Central,SPD,Springdale,5,16:08,16:08,2026-03-29,,,weekend,2026-03-29,2026-03-16,,03-29-26_NHL-NC-Sched_v2.pdf,metro_north_new_canaan_branch_effective_2026-03-29_updated_2026-03-16.pdf,3,From Grand Central; C
Metro-North,New Canaan Branch,New Haven Line - New Canaan Branch,6738~2,From Grand Central,TMH,Talmadge Hill,6,16:12,16:12,2026-03-29,,,weekend,2026-03-29,2026-03-16,,03-29-26_NHL-NC-Sched_v2.pdf,metro_north_new_canaan_branch_effective_2026-03-29_updated_2026-03-16.pdf,3,From Grand Central; C
Metro-North,New Canaan Branch,New Haven Line - New Canaan Branch,6738~2,From Grand Central,NCN,New Canaan,7,16:18,16:18,2026-03-29,,,weekend,2026-03-29,2026-03-16,,03-29-26_NHL-NC-Sched_v2.pdf,metro_north_new_canaan_branch_effective_2026-03-29_updated_2026-03-16.pdf,3,From Grand Central; C
Metro-North,New Canaan Branch,New Haven Line - New Canaan Branch,6741,To Grand Central,NCN,New Canaan,1,15:28,15:28,2026-03-29,,,weekend,2026-03-29,2026-03-16,,03-29-26_NHL-NC-Sched_v2.pdf,metro_north_new_canaan_branch_effective_2026-03-29_updated_2026-03-16.pdf,3,To Grand Central; C
Metro-North,New Canaan Branch,New Haven Line - New Canaan Branch,6741,Metro-North,STM,Stamford,1,15:28,15:28,2026-03-29,,,weekend,2026-03-29,2026-03-16,,03-29-26_NHL-NC-Sched_v2.pdf,metro_north_new_canaan_branch_effective_2026-03-29_updated_2026-03-16.pdf,3,Metro-North; C
Metro-North,New Canaan Branch,New Haven Line - New Canaan Branch,6741,To Grand Central,TMH,Talmadge Hill,2,15:33,15:33,2026-03-29,,,weekend,2026-03-29,2026-03-16,,03-29-26_NHL-NC-Sched_v2.pdf,metro_north_new_canaan_branch_effective_2026-03-29_updated_2026-03-16.pdf,3,To Grand Central; C
Metro-North,New Canaan Branch,New Haven Line - New Canaan Branch,6741,Metro-North,TMH,Talmadge Hill,2,15:33,15:33,2026-03-29,,,weekend,2026-03-29,2026-03-16,,03-29-26_NHL-NC-Sched_v2.pdf,metro_north_new_canaan_branch_effective_2026-03-29_updated_2026-03-16.pdf,3,Metro-North; C
Metro-North,New Canaan Branch,New Haven Line - New Canaan Branch,6741,Metro-North,SPD,Springdale,3,15:37,15:37,2026-03-29,,,weekend,2026-03-29,2026-03-16,,03-29-26_NHL-NC-Sched_v2.pdf,metro_north_new_canaan_branch_effective_2026-03-29_updated_2026-03-16.pdf,3,Metro-North; C
Metro-North,New Canaan Branch,New Haven Line - New Canaan Branch,6741,Metro-North,GLB,Glenbrook,4,15:40,15:40,2026-03-29,,,weekend,2026-03-29,2026-03-16,,03-29-26_NHL-NC-Sched_v2.pdf,metro_north_new_canaan_branch_effective_2026-03-29_updated_2026-03-16.pdf,3,Metro-North; C
Metro-North,New Canaan Branch,New Haven Line - New Canaan Branch,6741,Metro-North,STM,Stamford,5,15:45,,2026-03-29,,,weekend,2026-03-29,2026-03-16,,03-29-26_NHL-NC-Sched_v2.pdf,metro_north_new_canaan_branch_effective_2026-03-29_updated_2026-03-16.pdf,3,Metro-North; C
Metro-North,New Canaan Branch,New Haven Line - New Canaan Branch,6741,Metro-North,STM,Stamford,6,,15:51,2026-03-29,,,weekend,2026-03-29,2026-03-16,,03-29-26_NHL-NC-Sched_v2.pdf,metro_north_new_canaan_branch_effective_2026-03-29_updated_2026-03-16.pdf,3,Metro-North
Metro-North,New Canaan Branch,New Haven Line - New Canaan Branch,6741,Metro-North,GCT,Grand Central,7,16:46,16:46,2026-03-29,,,weekend,2026-03-29,2026-03-16,,03-29-26_NHL-NC-Sched_v2.pdf,metro_north_new_canaan_branch_effective_2026-03-29_updated_2026-03-16.pdf,3,Metro-North
Metro-North,New Canaan Branch,New Haven Line - New Canaan Branch,6742~1,From Grand Central,GCT,Grand Central,1,16:02,16:02,2026-03-29,,,weekend,2026-03-29,2026-03-16,,03-29-26_NHL-NC-Sched_v2.pdf,metro_north_new_canaan_branch_effective_2026-03-29_updated_2026-03-16.pdf,3,From Grand Central
Metro-North,New Canaan Branch,New Haven Line - New Canaan Branch,6742~2,From Grand Central,GCT,Grand Central,1,16:02,16:02,2026-03-29,,,weekend,2026-03-29,2026-03-16,,03-29-26_NHL-NC-Sched_v2.pdf,metro_north_new_canaan_branch_effective_2026-03-29_updated_2026-03-16.pdf,3,From Grand Central
Metro-North,New Canaan Branch,New Haven Line - New Canaan Branch,6742~2,From Grand Central,STM,Stamford,2,16:54,,2026-03-29,,,weekend,2026-03-29,2026-03-16,,03-29-26_NHL-NC-Sched_v2.pdf,metro_north_new_canaan_branch_effective_2026-03-29_updated_2026-03-16.pdf,3,From Grand Central
Metro-North,New Canaan Branch,New Haven Line - New Canaan Branch,6742~2,From Grand Central,STM,Stamford,3,,17:01,2026-03-29,,,weekend,2026-03-29,2026-03-16,,03-29-26_NHL-NC-Sched_v2.pdf,metro_north_new_canaan_branch_effective_2026-03-29_updated_2026-03-16.pdf,3,From Grand Central; C
Metro-North,New Canaan Branch,New Haven Line - New Canaan Branch,6742~2,From Grand Central,GLB,Glenbrook,4,17:05,17:05,2026-03-29,,,weekend,2026-03-29,2026-03-16,,03-29-26_NHL-NC-Sched_v2.pdf,metro_north_new_canaan_branch_effective_2026-03-29_updated_2026-03-16.pdf,3,From Grand Central; C
Metro-North,New Canaan Branch,New Haven Line - New Canaan Branch,6742~2,From Grand Central,SPD,Springdale,5,17:08,17:08,2026-03-29,,,weekend,2026-03-29,2026-03-16,,03-29-26_NHL-NC-Sched_v2.pdf,metro_north_new_canaan_branch_effective_2026-03-29_updated_2026-03-16.pdf,3,From Grand Central; C
Metro-North,New Canaan Branch,New Haven Line - New Canaan Branch,6742~2,From Grand Central,TMH,Talmadge Hill,6,17:12,17:12,2026-03-29,,,weekend,2026-03-29,2026-03-16,,03-29-26_NHL-NC-Sched_v2.pdf,metro_north_new_canaan_branch_effective_2026-03-29_updated_2026-03-16.pdf,3,From Grand Central; C
Metro-North,New Canaan Branch,New Haven Line - New Canaan Branch,6742~2,From Grand Central,NCN,New Canaan,7,17:18,17:18,2026-03-29,,,weekend,2026-03-29,2026-03-16,,03-29-26_NHL-NC-Sched_v2.pdf,metro_north_new_canaan_branch_effective_2026-03-29_updated_2026-03-16.pdf,3,From Grand Central; C
Metro-North,New Canaan Branch,New Haven Line - New Canaan Branch,6745,To Grand Central,NCN,New Canaan,1,16:28,16:28,2026-03-29,,,weekend,2026-03-29,2026-03-16,,03-29-26_NHL-NC-Sched_v2.pdf,metro_north_new_canaan_branch_effective_2026-03-29_updated_2026-03-16.pdf,3,To Grand Central; C
Metro-North,New Canaan Branch,New Haven Line - New Canaan Branch,6745,Metro-North,STM,Stamford,1,16:28,16:28,2026-03-29,,,weekend,2026-03-29,2026-03-16,,03-29-26_NHL-NC-Sched_v2.pdf,metro_north_new_canaan_branch_effective_2026-03-29_updated_2026-03-16.pdf,3,Metro-North; C
Metro-North,New Canaan Branch,New Haven Line - New Canaan Branch,6745,To Grand Central,TMH,Talmadge Hill,2,16:33,16:33,2026-03-29,,,weekend,2026-03-29,2026-03-16,,03-29-26_NHL-NC-Sched_v2.pdf,metro_north_new_canaan_branch_effective_2026-03-29_updated_2026-03-16.pdf,3,To Grand Central; C
Metro-North,New Canaan Branch,New Haven Line - New Canaan Branch,6745,Metro-North,TMH,Talmadge Hill,2,16:33,16:33,2026-03-29,,,weekend,2026-03-29,2026-03-16,,03-29-26_NHL-NC-Sched_v2.pdf,metro_north_new_canaan_branch_effective_2026-03-29_updated_2026-03-16.pdf,3,Metro-North; C
Metro-North,New Canaan Branch,New Haven Line - New Canaan Branch,6745,Metro-North,SPD,Springdale,3,16:37,16:37,2026-03-29,,,weekend,2026-03-29,2026-03-16,,03-29-26_NHL-NC-Sched_v2.pdf,metro_north_new_canaan_branch_effective_2026-03-29_updated_2026-03-16.pdf,3,Metro-North; C
Metro-North,New Canaan Branch,New Haven Line - New Canaan Branch,6745,Metro-North,GLB,Glenbrook,4,16:40,16:40,2026-03-29,,,weekend,2026-03-29,2026-03-16,,03-29-26_NHL-NC-Sched_v2.pdf,metro_north_new_canaan_branch_effective_2026-03-29_updated_2026-03-16.pdf,3,Metro-North; C
Metro-North,New Canaan Branch,New Haven Line - New Canaan Branch,6745,Metro-North,STM,Stamford,5,16:45,,2026-03-29,,,weekend,2026-03-29,2026-03-16,,03-29-26_NHL-NC-Sched_v2.pdf,metro_north_new_canaan_branch_effective_2026-03-29_updated_2026-03-16.pdf,3,Metro-North; C
Metro-North,New Canaan Branch,New Haven Line - New Canaan Branch,6745,Metro-North,STM,Stamford,6,,16:51,2026-03-29,,,weekend,2026-03-29,2026-03-16,,03-29-26_NHL-NC-Sched_v2.pdf,metro_north_new_canaan_branch_effective_2026-03-29_updated_2026-03-16.pdf,3,Metro-North
Metro-North,New Canaan Branch,New Haven Line - New Canaan Branch,6745,Metro-North,GCT,Grand Central,7,17:47,17:47,2026-03-29,,,weekend,2026-03-29,2026-03-16,,03-29-26_NHL-NC-Sched_v2.pdf,metro_north_new_canaan_branch_effective_2026-03-29_updated_2026-03-16.pdf,3,Metro-North
Metro-North,New Canaan Branch,New Haven Line - New Canaan Branch,6746~1,From Grand Central,GCT,Grand Central,1,17:02,17:02,2026-03-29,,,weekend,2026-03-29,2026-03-16,,03-29-26_NHL-NC-Sched_v2.pdf,metro_north_new_canaan_branch_effective_2026-03-29_updated_2026-03-16.pdf,3,From Grand Central
Metro-North,New Canaan Branch,New Haven Line - New Canaan Branch,6746~2,From Grand Central,GCT,Grand Central,1,17:02,17:02,2026-03-29,,,weekend,2026-03-29,2026-03-16,,03-29-26_NHL-NC-Sched_v2.pdf,metro_north_new_canaan_branch_effective_2026-03-29_updated_2026-03-16.pdf,3,From Grand Central
Metro-North,New Canaan Branch,New Haven Line - New Canaan Branch,6746~2,From Grand Central,STM,Stamford,2,17:54,,2026-03-29,,,weekend,2026-03-29,2026-03-16,,03-29-26_NHL-NC-Sched_v2.pdf,metro_north_new_canaan_branch_effective_2026-03-29_updated_2026-03-16.pdf,3,From Grand Central
Metro-North,New Canaan Branch,New Haven Line - New Canaan Branch,6746~2,From Grand Central,STM,Stamford,3,,18:01,2026-03-29,,,weekend,2026-03-29,2026-03-16,,03-29-26_NHL-NC-Sched_v2.pdf,metro_north_new_canaan_branch_effective_2026-03-29_updated_2026-03-16.pdf,3,From Grand Central; C
Metro-North,New Canaan Branch,New Haven Line - New Canaan Branch,6746~2,From Grand Central,GLB,Glenbrook,4,18:05,18:05,2026-03-29,,,weekend,2026-03-29,2026-03-16,,03-29-26_NHL-NC-Sched_v2.pdf,metro_north_new_canaan_branch_effective_2026-03-29_updated_2026-03-16.pdf,3,From Grand Central; C
Metro-North,New Canaan Branch,New Haven Line - New Canaan Branch,6746~2,From Grand Central,SPD,Springdale,5,18:08,18:08,2026-03-29,,,weekend,2026-03-29,2026-03-16,,03-29-26_NHL-NC-Sched_v2.pdf,metro_north_new_canaan_branch_effective_2026-03-29_updated_2026-03-16.pdf,3,From Grand Central; C
Metro-North,New Canaan Branch,New Haven Line - New Canaan Branch,6746~2,From Grand Central,TMH,Talmadge Hill,6,18:12,18:12,2026-03-29,,,weekend,2026-03-29,2026-03-16,,03-29-26_NHL-NC-Sched_v2.pdf,metro_north_new_canaan_branch_effective_2026-03-29_updated_2026-03-16.pdf,3,From Grand Central; C
Metro-North,New Canaan Branch,New Haven Line - New Canaan Branch,6746~2,From Grand Central,NCN,New Canaan,7,18:18,18:18,2026-03-29,,,weekend,2026-03-29,2026-03-16,,03-29-26_NHL-NC-Sched_v2.pdf,metro_north_new_canaan_branch_effective_2026-03-29_updated_2026-03-16.pdf,3,From Grand Central; C
Metro-North,New Canaan Branch,New Haven Line - New Canaan Branch,6749,To Grand Central,NCN,New Canaan,1,17:28,17:28,2026-03-29,,,weekend,2026-03-29,2026-03-16,,03-29-26_NHL-NC-Sched_v2.pdf,metro_north_new_canaan_branch_effective_2026-03-29_updated_2026-03-16.pdf,3,To Grand Central; C
Metro-North,New Canaan Branch,New Haven Line - New Canaan Branch,6749,Metro-North,STM,Stamford,1,17:28,17:28,2026-03-29,,,weekend,2026-03-29,2026-03-16,,03-29-26_NHL-NC-Sched_v2.pdf,metro_north_new_canaan_branch_effective_2026-03-29_updated_2026-03-16.pdf,3,Metro-North; C
Metro-North,New Canaan Branch,New Haven Line - New Canaan Branch,6749,To Grand Central,TMH,Talmadge Hill,2,17:33,17:33,2026-03-29,,,weekend,2026-03-29,2026-03-16,,03-29-26_NHL-NC-Sched_v2.pdf,metro_north_new_canaan_branch_effective_2026-03-29_updated_2026-03-16.pdf,3,To Grand Central; C
Metro-North,New Canaan Branch,New Haven Line - New Canaan Branch,6749,Metro-North,TMH,Talmadge Hill,2,17:33,17:33,2026-03-29,,,weekend,2026-03-29,2026-03-16,,03-29-26_NHL-NC-Sched_v2.pdf,metro_north_new_canaan_branch_effective_2026-03-29_updated_2026-03-16.pdf,3,Metro-North; C
Metro-North,New Canaan Branch,New Haven Line - New Canaan Branch,6749,Metro-North,SPD,Springdale,3,17:37,17:37,2026-03-29,,,weekend,2026-03-29,2026-03-16,,03-29-26_NHL-NC-Sched_v2.pdf,metro_north_new_canaan_branch_effective_2026-03-29_updated_2026-03-16.pdf,3,Metro-North; C
Metro-North,New Canaan Branch,New Haven Line - New Canaan Branch,6749,Metro-North,GLB,Glenbrook,4,17:40,17:40,2026-03-29,,,weekend,2026-03-29,2026-03-16,,03-29-26_NHL-NC-Sched_v2.pdf,metro_north_new_canaan_branch_effective_2026-03-29_updated_2026-03-16.pdf,3,Metro-North; C
Metro-North,New Canaan Branch,New Haven Line - New Canaan Branch,6749,Metro-North,STM,Stamford,5,17:45,,2026-03-29,,,weekend,2026-03-29,2026-03-16,,03-29-26_NHL-NC-Sched_v2.pdf,metro_north_new_canaan_branch_effective_2026-03-29_updated_2026-03-16.pdf,3,Metro-North; C
Metro-North,New Canaan Branch,New Haven Line - New Canaan Branch,6749,Metro-North,STM,Stamford,6,,17:51,2026-03-29,,,weekend,2026-03-29,2026-03-16,,03-29-26_NHL-NC-Sched_v2.pdf,metro_north_new_canaan_branch_effective_2026-03-29_updated_2026-03-16.pdf,3,Metro-North
Metro-North,New Canaan Branch,New Haven Line - New Canaan Branch,6749,Metro-North,GCT,Grand Central,7,18:47,18:47,2026-03-29,,,weekend,2026-03-29,2026-03-16,,03-29-26_NHL-NC-Sched_v2.pdf,metro_north_new_canaan_branch_effective_2026-03-29_updated_2026-03-16.pdf,3,Metro-North
Metro-North,New Canaan Branch,New Haven Line - New Canaan Branch,6750~1,From Grand Central,GCT,Grand Central,1,18:02,18:02,2026-03-29,,,weekend,2026-03-29,2026-03-16,,03-29-26_NHL-NC-Sched_v2.pdf,metro_north_new_canaan_branch_effective_2026-03-29_updated_2026-03-16.pdf,3,From Grand Central
Metro-North,New Canaan Branch,New Haven Line - New Canaan Branch,6750~2,From Grand Central,GCT,Grand Central,1,18:02,18:02,2026-03-29,,,weekend,2026-03-29,2026-03-16,,03-29-26_NHL-NC-Sched_v2.pdf,metro_north_new_canaan_branch_effective_2026-03-29_updated_2026-03-16.pdf,3,From Grand Central
Metro-North,New Canaan Branch,New Haven Line - New Canaan Branch,6750~2,From Grand Central,STM,Stamford,2,18:54,,2026-03-29,,,weekend,2026-03-29,2026-03-16,,03-29-26_NHL-NC-Sched_v2.pdf,metro_north_new_canaan_branch_effective_2026-03-29_updated_2026-03-16.pdf,3,From Grand Central
Metro-North,New Canaan Branch,New Haven Line - New Canaan Branch,6750~2,From Grand Central,STM,Stamford,3,,19:01,2026-03-29,,,weekend,2026-03-29,2026-03-16,,03-29-26_NHL-NC-Sched_v2.pdf,metro_north_new_canaan_branch_effective_2026-03-29_updated_2026-03-16.pdf,3,From Grand Central; C
Metro-North,New Canaan Branch,New Haven Line - New Canaan Branch,6750~2,From Grand Central,GLB,Glenbrook,4,19:05,19:05,2026-03-29,,,weekend,2026-03-29,2026-03-16,,03-29-26_NHL-NC-Sched_v2.pdf,metro_north_new_canaan_branch_effective_2026-03-29_updated_2026-03-16.pdf,3,From Grand Central; C
Metro-North,New Canaan Branch,New Haven Line - New Canaan Branch,6750~2,From Grand Central,SPD,Springdale,5,19:08,19:08,2026-03-29,,,weekend,2026-03-29,2026-03-16,,03-29-26_NHL-NC-Sched_v2.pdf,metro_north_new_canaan_branch_effective_2026-03-29_updated_2026-03-16.pdf,3,From Grand Central; C
Metro-North,New Canaan Branch,New Haven Line - New Canaan Branch,6750~2,From Grand Central,TMH,Talmadge Hill,6,19:12,19:12,2026-03-29,,,weekend,2026-03-29,2026-03-16,,03-29-26_NHL-NC-Sched_v2.pdf,metro_north_new_canaan_branch_effective_2026-03-29_updated_2026-03-16.pdf,3,From Grand Central; C
Metro-North,New Canaan Branch,New Haven Line - New Canaan Branch,6750~2,From Grand Central,NCN,New Canaan,7,19:18,19:18,2026-03-29,,,weekend,2026-03-29,2026-03-16,,03-29-26_NHL-NC-Sched_v2.pdf,metro_north_new_canaan_branch_effective_2026-03-29_updated_2026-03-16.pdf,3,From Grand Central; C
Metro-North,New Canaan Branch,New Haven Line - New Canaan Branch,6753,To Grand Central,NCN,New Canaan,1,18:28,18:28,2026-03-29,,,weekend,2026-03-29,2026-03-16,,03-29-26_NHL-NC-Sched_v2.pdf,metro_north_new_canaan_branch_effective_2026-03-29_updated_2026-03-16.pdf,3,To Grand Central; C
Metro-North,New Canaan Branch,New Haven Line - New Canaan Branch,6753,Metro-North,STM,Stamford,1,18:28,18:28,2026-03-29,,,weekend,2026-03-29,2026-03-16,,03-29-26_NHL-NC-Sched_v2.pdf,metro_north_new_canaan_branch_effective_2026-03-29_updated_2026-03-16.pdf,3,Metro-North; C
Metro-North,New Canaan Branch,New Haven Line - New Canaan Branch,6753,To Grand Central,TMH,Talmadge Hill,2,18:33,18:33,2026-03-29,,,weekend,2026-03-29,2026-03-16,,03-29-26_NHL-NC-Sched_v2.pdf,metro_north_new_canaan_branch_effective_2026-03-29_updated_2026-03-16.pdf,3,To Grand Central; C
Metro-North,New Canaan Branch,New Haven Line - New Canaan Branch,6753,Metro-North,TMH,Talmadge Hill,2,18:33,18:33,2026-03-29,,,weekend,2026-03-29,2026-03-16,,03-29-26_NHL-NC-Sched_v2.pdf,metro_north_new_canaan_branch_effective_2026-03-29_updated_2026-03-16.pdf,3,Metro-North; C
Metro-North,New Canaan Branch,New Haven Line - New Canaan Branch,6753,Metro-North,SPD,Springdale,3,18:37,18:37,2026-03-29,,,weekend,2026-03-29,2026-03-16,,03-29-26_NHL-NC-Sched_v2.pdf,metro_north_new_canaan_branch_effective_2026-03-29_updated_2026-03-16.pdf,3,Metro-North; C
Metro-North,New Canaan Branch,New Haven Line - New Canaan Branch,6753,Metro-North,GLB,Glenbrook,4,18:40,18:40,2026-03-29,,,weekend,2026-03-29,2026-03-16,,03-29-26_NHL-NC-Sched_v2.pdf,metro_north_new_canaan_branch_effective_2026-03-29_updated_2026-03-16.pdf,3,Metro-North; C
Metro-North,New Canaan Branch,New Haven Line - New Canaan Branch,6753,Metro-North,STM,Stamford,5,18:45,,2026-03-29,,,weekend,2026-03-29,2026-03-16,,03-29-26_NHL-NC-Sched_v2.pdf,metro_north_new_canaan_branch_effective_2026-03-29_updated_2026-03-16.pdf,3,Metro-North; C
Metro-North,New Canaan Branch,New Haven Line - New Canaan Branch,6753,Metro-North,STM,Stamford,6,,18:51,2026-03-29,,,weekend,2026-03-29,2026-03-16,,03-29-26_NHL-NC-Sched_v2.pdf,metro_north_new_canaan_branch_effective_2026-03-29_updated_2026-03-16.pdf,3,Metro-North
Metro-North,New Canaan Branch,New Haven Line - New Canaan Branch,6753,Metro-North,GCT,Grand Central,7,19:46,19:46,2026-03-29,,,weekend,2026-03-29,2026-03-16,,03-29-26_NHL-NC-Sched_v2.pdf,metro_north_new_canaan_branch_effective_2026-03-29_updated_2026-03-16.pdf,3,Metro-North
Metro-North,New Canaan Branch,New Haven Line - New Canaan Branch,6754~1,From Grand Central,GCT,Grand Central,1,19:02,19:02,2026-03-29,,,weekend,2026-03-29,2026-03-16,,03-29-26_NHL-NC-Sched_v2.pdf,metro_north_new_canaan_branch_effective_2026-03-29_updated_2026-03-16.pdf,3,From Grand Central
Metro-North,New Canaan Branch,New Haven Line - New Canaan Branch,6754~2,From Grand Central,GCT,Grand Central,1,19:02,19:02,2026-03-29,,,weekend,2026-03-29,2026-03-16,,03-29-26_NHL-NC-Sched_v2.pdf,metro_north_new_canaan_branch_effective_2026-03-29_updated_2026-03-16.pdf,3,From Grand Central
Metro-North,New Canaan Branch,New Haven Line - New Canaan Branch,6754~2,From Grand Central,STM,Stamford,2,19:54,,2026-03-29,,,weekend,2026-03-29,2026-03-16,,03-29-26_NHL-NC-Sched_v2.pdf,metro_north_new_canaan_branch_effective_2026-03-29_updated_2026-03-16.pdf,3,From Grand Central
Metro-North,New Canaan Branch,New Haven Line - New Canaan Branch,6754~2,From Grand Central,STM,Stamford,3,,20:01,2026-03-29,,,weekend,2026-03-29,2026-03-16,,03-29-26_NHL-NC-Sched_v2.pdf,metro_north_new_canaan_branch_effective_2026-03-29_updated_2026-03-16.pdf,3,From Grand Central; C
Metro-North,New Canaan Branch,New Haven Line - New Canaan Branch,6754~2,From Grand Central,GLB,Glenbrook,4,20:05,20:05,2026-03-29,,,weekend,2026-03-29,2026-03-16,,03-29-26_NHL-NC-Sched_v2.pdf,metro_north_new_canaan_branch_effective_2026-03-29_updated_2026-03-16.pdf,3,From Grand Central; C
Metro-North,New Canaan Branch,New Haven Line - New Canaan Branch,6754~2,From Grand Central,SPD,Springdale,5,20:08,20:08,2026-03-29,,,weekend,2026-03-29,2026-03-16,,03-29-26_NHL-NC-Sched_v2.pdf,metro_north_new_canaan_branch_effective_2026-03-29_updated_2026-03-16.pdf,3,From Grand Central; C
Metro-North,New Canaan Branch,New Haven Line - New Canaan Branch,6754~2,From Grand Central,TMH,Talmadge Hill,6,20:12,20:12,2026-03-29,,,weekend,2026-03-29,2026-03-16,,03-29-26_NHL-NC-Sched_v2.pdf,metro_north_new_canaan_branch_effective_2026-03-29_updated_2026-03-16.pdf,3,From Grand Central; C
Metro-North,New Canaan Branch,New Haven Line - New Canaan Branch,6754~2,From Grand Central,NCN,New Canaan,7,20:18,20:18,2026-03-29,,,weekend,2026-03-29,2026-03-16,,03-29-26_NHL-NC-Sched_v2.pdf,metro_north_new_canaan_branch_effective_2026-03-29_updated_2026-03-16.pdf,3,From Grand Central; C
Metro-North,New Canaan Branch,New Haven Line - New Canaan Branch,6757,To Grand Central,NCN,New Canaan,1,19:28,19:28,2026-03-29,,,weekend,2026-03-29,2026-03-16,,03-29-26_NHL-NC-Sched_v2.pdf,metro_north_new_canaan_branch_effective_2026-03-29_updated_2026-03-16.pdf,3,To Grand Central; C
Metro-North,New Canaan Branch,New Haven Line - New Canaan Branch,6757,Metro-North,STM,Stamford,1,19:28,19:28,2026-03-29,,,weekend,2026-03-29,2026-03-16,,03-29-26_NHL-NC-Sched_v2.pdf,metro_north_new_canaan_branch_effective_2026-03-29_updated_2026-03-16.pdf,3,Metro-North; C
Metro-North,New Canaan Branch,New Haven Line - New Canaan Branch,6757,To Grand Central,TMH,Talmadge Hill,2,19:33,19:33,2026-03-29,,,weekend,2026-03-29,2026-03-16,,03-29-26_NHL-NC-Sched_v2.pdf,metro_north_new_canaan_branch_effective_2026-03-29_updated_2026-03-16.pdf,3,To Grand Central; C
Metro-North,New Canaan Branch,New Haven Line - New Canaan Branch,6757,Metro-North,TMH,Talmadge Hill,2,19:33,19:33,2026-03-29,,,weekend,2026-03-29,2026-03-16,,03-29-26_NHL-NC-Sched_v2.pdf,metro_north_new_canaan_branch_effective_2026-03-29_updated_2026-03-16.pdf,3,Metro-North; C
Metro-North,New Canaan Branch,New Haven Line - New Canaan Branch,6757,Metro-North,SPD,Springdale,3,19:37,19:37,2026-03-29,,,weekend,2026-03-29,2026-03-16,,03-29-26_NHL-NC-Sched_v2.pdf,metro_north_new_canaan_branch_effective_2026-03-29_updated_2026-03-16.pdf,3,Metro-North; C
Metro-North,New Canaan Branch,New Haven Line - New Canaan Branch,6757,Metro-North,GLB,Glenbrook,4,19:40,19:40,2026-03-29,,,weekend,2026-03-29,2026-03-16,,03-29-26_NHL-NC-Sched_v2.pdf,metro_north_new_canaan_branch_effective_2026-03-29_updated_2026-03-16.pdf,3,Metro-North; C
Metro-North,New Canaan Branch,New Haven Line - New Canaan Branch,6757,Metro-North,STM,Stamford,5,19:45,,2026-03-29,,,weekend,2026-03-29,2026-03-16,,03-29-26_NHL-NC-Sched_v2.pdf,metro_north_new_canaan_branch_effective_2026-03-29_updated_2026-03-16.pdf,3,Metro-North; C
Metro-North,New Canaan Branch,New Haven Line - New Canaan Branch,6757,Metro-North,STM,Stamford,6,,19:51,2026-03-29,,,weekend,2026-03-29,2026-03-16,,03-29-26_NHL-NC-Sched_v2.pdf,metro_north_new_canaan_branch_effective_2026-03-29_updated_2026-03-16.pdf,3,Metro-North
Metro-North,New Canaan Branch,New Haven Line - New Canaan Branch,6757,Metro-North,GCT,Grand Central,7,20:46,20:46,2026-03-29,,,weekend,2026-03-29,2026-03-16,,03-29-26_NHL-NC-Sched_v2.pdf,metro_north_new_canaan_branch_effective_2026-03-29_updated_2026-03-16.pdf,3,Metro-North
Metro-North,New Canaan Branch,New Haven Line - New Canaan Branch,6758~1,From Grand Central,GCT,Grand Central,1,20:02,20:02,2026-03-29,,,weekend,2026-03-29,2026-03-16,,03-29-26_NHL-NC-Sched_v2.pdf,metro_north_new_canaan_branch_effective_2026-03-29_updated_2026-03-16.pdf,3,From Grand Central
Metro-North,New Canaan Branch,New Haven Line - New Canaan Branch,6758~2,From Grand Central,GCT,Grand Central,1,20:02,20:02,2026-03-29,,,weekend,2026-03-29,2026-03-16,,03-29-26_NHL-NC-Sched_v2.pdf,metro_north_new_canaan_branch_effective_2026-03-29_updated_2026-03-16.pdf,3,From Grand Central
Metro-North,New Canaan Branch,New Haven Line - New Canaan Branch,6758~2,From Grand Central,STM,Stamford,2,20:54,,2026-03-29,,,weekend,2026-03-29,2026-03-16,,03-29-26_NHL-NC-Sched_v2.pdf,metro_north_new_canaan_branch_effective_2026-03-29_updated_2026-03-16.pdf,3,From Grand Central
Metro-North,New Canaan Branch,New Haven Line - New Canaan Branch,6758~2,From Grand Central,STM,Stamford,3,,21:01,2026-03-29,,,weekend,2026-03-29,2026-03-16,,03-29-26_NHL-NC-Sched_v2.pdf,metro_north_new_canaan_branch_effective_2026-03-29_updated_2026-03-16.pdf,3,From Grand Central; C
Metro-North,New Canaan Branch,New Haven Line - New Canaan Branch,6758~2,From Grand Central,GLB,Glenbrook,4,21:05,21:05,2026-03-29,,,weekend,2026-03-29,2026-03-16,,03-29-26_NHL-NC-Sched_v2.pdf,metro_north_new_canaan_branch_effective_2026-03-29_updated_2026-03-16.pdf,3,From Grand Central; C
Metro-North,New Canaan Branch,New Haven Line - New Canaan Branch,6758~2,From Grand Central,SPD,Springdale,5,21:08,21:08,2026-03-29,,,weekend,2026-03-29,2026-03-16,,03-29-26_NHL-NC-Sched_v2.pdf,metro_north_new_canaan_branch_effective_2026-03-29_updated_2026-03-16.pdf,3,From Grand Central; C
Metro-North,New Canaan Branch,New Haven Line - New Canaan Branch,6758~2,From Grand Central,TMH,Talmadge Hill,6,21:12,21:12,2026-03-29,,,weekend,2026-03-29,2026-03-16,,03-29-26_NHL-NC-Sched_v2.pdf,metro_north_new_canaan_branch_effective_2026-03-29_updated_2026-03-16.pdf,3,From Grand Central; C
Metro-North,New Canaan Branch,New Haven Line - New Canaan Branch,6758~2,From Grand Central,NCN,New Canaan,7,21:18,21:18,2026-03-29,,,weekend,2026-03-29,2026-03-16,,03-29-26_NHL-NC-Sched_v2.pdf,metro_north_new_canaan_branch_effective_2026-03-29_updated_2026-03-16.pdf,3,From Grand Central; C
Metro-North,New Canaan Branch,New Haven Line - New Canaan Branch,6761,To Grand Central,NCN,New Canaan,1,20:28,20:28,2026-03-29,,,weekend,2026-03-29,2026-03-16,,03-29-26_NHL-NC-Sched_v2.pdf,metro_north_new_canaan_branch_effective_2026-03-29_updated_2026-03-16.pdf,3,To Grand Central; C
Metro-North,New Canaan Branch,New Haven Line - New Canaan Branch,6761,Metro-North,STM,Stamford,1,20:28,20:28,2026-03-29,,,weekend,2026-03-29,2026-03-16,,03-29-26_NHL-NC-Sched_v2.pdf,metro_north_new_canaan_branch_effective_2026-03-29_updated_2026-03-16.pdf,3,Metro-North; C
Metro-North,New Canaan Branch,New Haven Line - New Canaan Branch,6761,To Grand Central,TMH,Talmadge Hill,2,20:33,20:33,2026-03-29,,,weekend,2026-03-29,2026-03-16,,03-29-26_NHL-NC-Sched_v2.pdf,metro_north_new_canaan_branch_effective_2026-03-29_updated_2026-03-16.pdf,3,To Grand Central; C
Metro-North,New Canaan Branch,New Haven Line - New Canaan Branch,6761,Metro-North,TMH,Talmadge Hill,2,20:33,20:33,2026-03-29,,,weekend,2026-03-29,2026-03-16,,03-29-26_NHL-NC-Sched_v2.pdf,metro_north_new_canaan_branch_effective_2026-03-29_updated_2026-03-16.pdf,3,Metro-North; C
Metro-North,New Canaan Branch,New Haven Line - New Canaan Branch,6761,Metro-North,SPD,Springdale,3,20:37,20:37,2026-03-29,,,weekend,2026-03-29,2026-03-16,,03-29-26_NHL-NC-Sched_v2.pdf,metro_north_new_canaan_branch_effective_2026-03-29_updated_2026-03-16.pdf,3,Metro-North; C
Metro-North,New Canaan Branch,New Haven Line - New Canaan Branch,6761,Metro-North,GLB,Glenbrook,4,20:40,20:40,2026-03-29,,,weekend,2026-03-29,2026-03-16,,03-29-26_NHL-NC-Sched_v2.pdf,metro_north_new_canaan_branch_effective_2026-03-29_updated_2026-03-16.pdf,3,Metro-North; C
Metro-North,New Canaan Branch,New Haven Line - New Canaan Branch,6761,Metro-North,STM,Stamford,5,20:45,,2026-03-29,,,weekend,2026-03-29,2026-03-16,,03-29-26_NHL-NC-Sched_v2.pdf,metro_north_new_canaan_branch_effective_2026-03-29_updated_2026-03-16.pdf,3,Metro-North; C
Metro-North,New Canaan Branch,New Haven Line - New Canaan Branch,6761,Metro-North,STM,Stamford,6,,20:51,2026-03-29,,,weekend,2026-03-29,2026-03-16,,03-29-26_NHL-NC-Sched_v2.pdf,metro_north_new_canaan_branch_effective_2026-03-29_updated_2026-03-16.pdf,3,Metro-North
Metro-North,New Canaan Branch,New Haven Line - New Canaan Branch,6761,Metro-North,GCT,Grand Central,7,21:46,21:46,2026-03-29,,,weekend,2026-03-29,2026-03-16,,03-29-26_NHL-NC-Sched_v2.pdf,metro_north_new_canaan_branch_effective_2026-03-29_updated_2026-03-16.pdf,3,Metro-North
Metro-North,New Canaan Branch,New Haven Line - New Canaan Branch,6762~1,From Grand Central,GCT,Grand Central,1,21:02,21:02,2026-03-29,,,weekend,2026-03-29,2026-03-16,,03-29-26_NHL-NC-Sched_v2.pdf,metro_north_new_canaan_branch_effective_2026-03-29_updated_2026-03-16.pdf,3,From Grand Central
Metro-North,New Canaan Branch,New Haven Line - New Canaan Branch,6762~2,From Grand Central,GCT,Grand Central,1,21:02,21:02,2026-03-29,,,weekend,2026-03-29,2026-03-16,,03-29-26_NHL-NC-Sched_v2.pdf,metro_north_new_canaan_branch_effective_2026-03-29_updated_2026-03-16.pdf,3,From Grand Central
Metro-North,New Canaan Branch,New Haven Line - New Canaan Branch,6762~2,From Grand Central,STM,Stamford,2,21:54,,2026-03-29,,,weekend,2026-03-29,2026-03-16,,03-29-26_NHL-NC-Sched_v2.pdf,metro_north_new_canaan_branch_effective_2026-03-29_updated_2026-03-16.pdf,3,From Grand Central
Metro-North,New Canaan Branch,New Haven Line - New Canaan Branch,6762~2,From Grand Central,STM,Stamford,3,,22:01,2026-03-29,,,weekend,2026-03-29,2026-03-16,,03-29-26_NHL-NC-Sched_v2.pdf,metro_north_new_canaan_branch_effective_2026-03-29_updated_2026-03-16.pdf,3,From Grand Central
Metro-North,New Canaan Branch,New Haven Line - New Canaan Branch,6762~2,From Grand Central,GLB,Glenbrook,4,22:05,22:05,2026-03-29,,,weekend,2026-03-29,2026-03-16,,03-29-26_NHL-NC-Sched_v2.pdf,metro_north_new_canaan_branch_effective_2026-03-29_updated_2026-03-16.pdf,3,From Grand Central
Metro-North,New Canaan Branch,New Haven Line - New Canaan Branch,6762~2,From Grand Central,SPD,Springdale,5,22:08,22:08,2026-03-29,,,weekend,2026-03-29,2026-03-16,,03-29-26_NHL-NC-Sched_v2.pdf,metro_north_new_canaan_branch_effective_2026-03-29_updated_2026-03-16.pdf,3,From Grand Central
Metro-North,New Canaan Branch,New Haven Line - New Canaan Branch,6762~2,From Grand Central,TMH,Talmadge Hill,6,22:12,22:12,2026-03-29,,,weekend,2026-03-29,2026-03-16,,03-29-26_NHL-NC-Sched_v2.pdf,metro_north_new_canaan_branch_effective_2026-03-29_updated_2026-03-16.pdf,3,From Grand Central
Metro-North,New Canaan Branch,New Haven Line - New Canaan Branch,6762~2,From Grand Central,NCN,New Canaan,7,22:18,22:18,2026-03-29,,,weekend,2026-03-29,2026-03-16,,03-29-26_NHL-NC-Sched_v2.pdf,metro_north_new_canaan_branch_effective_2026-03-29_updated_2026-03-16.pdf,3,From Grand Central
Metro-North,New Canaan Branch,New Haven Line - New Canaan Branch,6765,To Grand Central,NCN,New Canaan,1,21:28,21:28,2026-03-29,,,weekend,2026-03-29,2026-03-16,,03-29-26_NHL-NC-Sched_v2.pdf,metro_north_new_canaan_branch_effective_2026-03-29_updated_2026-03-16.pdf,3,To Grand Central; C
Metro-North,New Canaan Branch,New Haven Line - New Canaan Branch,6765,Metro-North,STM,Stamford,1,21:28,21:28,2026-03-29,,,weekend,2026-03-29,2026-03-16,,03-29-26_NHL-NC-Sched_v2.pdf,metro_north_new_canaan_branch_effective_2026-03-29_updated_2026-03-16.pdf,3,Metro-North; C
Metro-North,New Canaan Branch,New Haven Line - New Canaan Branch,6765,To Grand Central,TMH,Talmadge Hill,2,21:33,21:33,2026-03-29,,,weekend,2026-03-29,2026-03-16,,03-29-26_NHL-NC-Sched_v2.pdf,metro_north_new_canaan_branch_effective_2026-03-29_updated_2026-03-16.pdf,3,To Grand Central; C
Metro-North,New Canaan Branch,New Haven Line - New Canaan Branch,6765,Metro-North,TMH,Talmadge Hill,2,21:33,21:33,2026-03-29,,,weekend,2026-03-29,2026-03-16,,03-29-26_NHL-NC-Sched_v2.pdf,metro_north_new_canaan_branch_effective_2026-03-29_updated_2026-03-16.pdf,3,Metro-North; C
Metro-North,New Canaan Branch,New Haven Line - New Canaan Branch,6765,Metro-North,SPD,Springdale,3,21:37,21:37,2026-03-29,,,weekend,2026-03-29,2026-03-16,,03-29-26_NHL-NC-Sched_v2.pdf,metro_north_new_canaan_branch_effective_2026-03-29_updated_2026-03-16.pdf,3,Metro-North; C
Metro-North,New Canaan Branch,New Haven Line - New Canaan Branch,6765,Metro-North,GLB,Glenbrook,4,21:40,21:40,2026-03-29,,,weekend,2026-03-29,2026-03-16,,03-29-26_NHL-NC-Sched_v2.pdf,metro_north_new_canaan_branch_effective_2026-03-29_updated_2026-03-16.pdf,3,Metro-North; C
Metro-North,New Canaan Branch,New Haven Line - New Canaan Branch,6765,Metro-North,STM,Stamford,5,21:45,,2026-03-29,,,weekend,2026-03-29,2026-03-16,,03-29-26_NHL-NC-Sched_v2.pdf,metro_north_new_canaan_branch_effective_2026-03-29_updated_2026-03-16.pdf,3,Metro-North; C
Metro-North,New Canaan Branch,New Haven Line - New Canaan Branch,6765,Metro-North,STM,Stamford,6,,21:51,2026-03-29,,,weekend,2026-03-29,2026-03-16,,03-29-26_NHL-NC-Sched_v2.pdf,metro_north_new_canaan_branch_effective_2026-03-29_updated_2026-03-16.pdf,3,Metro-North
Metro-North,New Canaan Branch,New Haven Line - New Canaan Branch,6765,Metro-North,GCT,Grand Central,7,22:46,22:46,2026-03-29,,,weekend,2026-03-29,2026-03-16,,03-29-26_NHL-NC-Sched_v2.pdf,metro_north_new_canaan_branch_effective_2026-03-29_updated_2026-03-16.pdf,3,Metro-North
Metro-North,New Canaan Branch,New Haven Line - New Canaan Branch,6766~1,From Grand Central,GCT,Grand Central,1,22:06,22:06,2026-03-29,,,weekend,2026-03-29,2026-03-16,,03-29-26_NHL-NC-Sched_v2.pdf,metro_north_new_canaan_branch_effective_2026-03-29_updated_2026-03-16.pdf,3,From Grand Central
Metro-North,New Canaan Branch,New Haven Line - New Canaan Branch,6766~2,From Grand Central,GCT,Grand Central,1,22:06,22:06,2026-03-29,,,weekend,2026-03-29,2026-03-16,,03-29-26_NHL-NC-Sched_v2.pdf,metro_north_new_canaan_branch_effective_2026-03-29_updated_2026-03-16.pdf,3,From Grand Central
Metro-North,New Canaan Branch,New Haven Line - New Canaan Branch,6766~2,From Grand Central,STM,Stamford,2,22:58,,2026-03-29,,,weekend,2026-03-29,2026-03-16,,03-29-26_NHL-NC-Sched_v2.pdf,metro_north_new_canaan_branch_effective_2026-03-29_updated_2026-03-16.pdf,3,From Grand Central
Metro-North,New Canaan Branch,New Haven Line - New Canaan Branch,6766~2,From Grand Central,STM,Stamford,3,,23:01,2026-03-29,,,weekend,2026-03-29,2026-03-16,,03-29-26_NHL-NC-Sched_v2.pdf,metro_north_new_canaan_branch_effective_2026-03-29_updated_2026-03-16.pdf,3,From Grand Central
Metro-North,New Canaan Branch,New Haven Line - New Canaan Branch,6766~2,From Grand Central,GLB,Glenbrook,4,23:05,23:05,2026-03-29,,,weekend,2026-03-29,2026-03-16,,03-29-26_NHL-NC-Sched_v2.pdf,metro_north_new_canaan_branch_effective_2026-03-29_updated_2026-03-16.pdf,3,From Grand Central
Metro-North,New Canaan Branch,New Haven Line - New Canaan Branch,6766~2,From Grand Central,SPD,Springdale,5,23:08,23:08,2026-03-29,,,weekend,2026-03-29,2026-03-16,,03-29-26_NHL-NC-Sched_v2.pdf,metro_north_new_canaan_branch_effective_2026-03-29_updated_2026-03-16.pdf,3,From Grand Central
Metro-North,New Canaan Branch,New Haven Line - New Canaan Branch,6766~2,From Grand Central,TMH,Talmadge Hill,6,23:12,23:12,2026-03-29,,,weekend,2026-03-29,2026-03-16,,03-29-26_NHL-NC-Sched_v2.pdf,metro_north_new_canaan_branch_effective_2026-03-29_updated_2026-03-16.pdf,3,From Grand Central
Metro-North,New Canaan Branch,New Haven Line - New Canaan Branch,6766~2,From Grand Central,NCN,New Canaan,7,23:18,23:18,2026-03-29,,,weekend,2026-03-29,2026-03-16,,03-29-26_NHL-NC-Sched_v2.pdf,metro_north_new_canaan_branch_effective_2026-03-29_updated_2026-03-16.pdf,3,From Grand Central
Metro-North,New Canaan Branch,New Haven Line - New Canaan Branch,6769,To Grand Central,NCN,New Canaan,1,22:28,22:28,2026-03-29,,,weekend,2026-03-29,2026-03-16,,03-29-26_NHL-NC-Sched_v2.pdf,metro_north_new_canaan_branch_effective_2026-03-29_updated_2026-03-16.pdf,3,To Grand Central
Metro-North,New Canaan Branch,New Haven Line - New Canaan Branch,6769,Metro-North,STM,Stamford,1,22:28,22:28,2026-03-29,,,weekend,2026-03-29,2026-03-16,,03-29-26_NHL-NC-Sched_v2.pdf,metro_north_new_canaan_branch_effective_2026-03-29_updated_2026-03-16.pdf,3,Metro-North
Metro-North,New Canaan Branch,New Haven Line - New Canaan Branch,6769,To Grand Central,TMH,Talmadge Hill,2,22:33,22:33,2026-03-29,,,weekend,2026-03-29,2026-03-16,,03-29-26_NHL-NC-Sched_v2.pdf,metro_north_new_canaan_branch_effective_2026-03-29_updated_2026-03-16.pdf,3,To Grand Central
Metro-North,New Canaan Branch,New Haven Line - New Canaan Branch,6769,Metro-North,TMH,Talmadge Hill,2,22:33,22:33,2026-03-29,,,weekend,2026-03-29,2026-03-16,,03-29-26_NHL-NC-Sched_v2.pdf,metro_north_new_canaan_branch_effective_2026-03-29_updated_2026-03-16.pdf,3,Metro-North
Metro-North,New Canaan Branch,New Haven Line - New Canaan Branch,6769,Metro-North,SPD,Springdale,3,22:37,22:37,2026-03-29,,,weekend,2026-03-29,2026-03-16,,03-29-26_NHL-NC-Sched_v2.pdf,metro_north_new_canaan_branch_effective_2026-03-29_updated_2026-03-16.pdf,3,Metro-North
Metro-North,New Canaan Branch,New Haven Line - New Canaan Branch,6769,Metro-North,GLB,Glenbrook,4,22:40,22:40,2026-03-29,,,weekend,2026-03-29,2026-03-16,,03-29-26_NHL-NC-Sched_v2.pdf,metro_north_new_canaan_branch_effective_2026-03-29_updated_2026-03-16.pdf,3,Metro-North
Metro-North,New Canaan Branch,New Haven Line - New Canaan Branch,6769,Metro-North,STM,Stamford,5,22:45,,2026-03-29,,,weekend,2026-03-29,2026-03-16,,03-29-26_NHL-NC-Sched_v2.pdf,metro_north_new_canaan_branch_effective_2026-03-29_updated_2026-03-16.pdf,3,Metro-North
Metro-North,New Canaan Branch,New Haven Line - New Canaan Branch,6769,Metro-North,STM,Stamford,6,,22:51,2026-03-29,,,weekend,2026-03-29,2026-03-16,,03-29-26_NHL-NC-Sched_v2.pdf,metro_north_new_canaan_branch_effective_2026-03-29_updated_2026-03-16.pdf,3,Metro-North
Metro-North,New Canaan Branch,New Haven Line - New Canaan Branch,6769,Metro-North,GCT,Grand Central,7,23:46,23:46,2026-03-29,,,weekend,2026-03-29,2026-03-16,,03-29-26_NHL-NC-Sched_v2.pdf,metro_north_new_canaan_branch_effective_2026-03-29_updated_2026-03-16.pdf,3,Metro-North
Metro-North,New Canaan Branch,New Haven Line - New Canaan Branch,6770~1,From Grand Central,GCT,Grand Central,1,23:28,23:28,2026-03-29,,,weekend,2026-03-29,2026-03-16,,03-29-26_NHL-NC-Sched_v2.pdf,metro_north_new_canaan_branch_effective_2026-03-29_updated_2026-03-16.pdf,3,From Grand Central
Metro-North,New Canaan Branch,New Haven Line - New Canaan Branch,6770~2,From Grand Central,GCT,Grand Central,1,23:28,23:28,2026-03-29,,,weekend,2026-03-29,2026-03-16,,03-29-26_NHL-NC-Sched_v2.pdf,metro_north_new_canaan_branch_effective_2026-03-29_updated_2026-03-16.pdf,3,From Grand Central
Metro-North,New Canaan Branch,New Haven Line - New Canaan Branch,6770~2,From Grand Central,STM,Stamford,2,12:16,,2026-03-29,,,weekend,2026-03-29,2026-03-16,,03-29-26_NHL-NC-Sched_v2.pdf,metro_north_new_canaan_branch_effective_2026-03-29_updated_2026-03-16.pdf,3,From Grand Central
Metro-North,New Canaan Branch,New Haven Line - New Canaan Branch,6770~2,From Grand Central,STM,Stamford,3,,12:20,2026-03-29,,,weekend,2026-03-29,2026-03-16,,03-29-26_NHL-NC-Sched_v2.pdf,metro_north_new_canaan_branch_effective_2026-03-29_updated_2026-03-16.pdf,3,From Grand Central
Metro-North,New Canaan Branch,New Haven Line - New Canaan Branch,6770~2,From Grand Central,GLB,Glenbrook,4,12:24,12:24,2026-03-29,,,weekend,2026-03-29,2026-03-16,,03-29-26_NHL-NC-Sched_v2.pdf,metro_north_new_canaan_branch_effective_2026-03-29_updated_2026-03-16.pdf,3,From Grand Central
Metro-North,New Canaan Branch,New Haven Line - New Canaan Branch,6770~2,From Grand Central,SPD,Springdale,5,12:27,12:27,2026-03-29,,,weekend,2026-03-29,2026-03-16,,03-29-26_NHL-NC-Sched_v2.pdf,metro_north_new_canaan_branch_effective_2026-03-29_updated_2026-03-16.pdf,3,From Grand Central
Metro-North,New Canaan Branch,New Haven Line - New Canaan Branch,6770~2,From Grand Central,TMH,Talmadge Hill,6,12:31,12:31,2026-03-29,,,weekend,2026-03-29,2026-03-16,,03-29-26_NHL-NC-Sched_v2.pdf,metro_north_new_canaan_branch_effective_2026-03-29_updated_2026-03-16.pdf,3,From Grand Central
Metro-North,New Canaan Branch,New Haven Line - New Canaan Branch,6770~2,From Grand Central,NCN,New Canaan,7,12:38,12:38,2026-03-29,,,weekend,2026-03-29,2026-03-16,,03-29-26_NHL-NC-Sched_v2.pdf,metro_north_new_canaan_branch_effective_2026-03-29_updated_2026-03-16.pdf,3,From Grand Central
Metro-North,New Canaan Branch,New Haven Line - New Canaan Branch,6771,To Grand Central,NCN,New Canaan,1,23:28,23:28,2026-03-29,,,weekend,2026-03-29,2026-03-16,,03-29-26_NHL-NC-Sched_v2.pdf,metro_north_new_canaan_branch_effective_2026-03-29_updated_2026-03-16.pdf,3,To Grand Central
Metro-North,New Canaan Branch,New Haven Line - New Canaan Branch,6771,Metro-North,GCT,Grand Central,1,12:52,12:52,2026-03-29,,,weekend,2026-03-29,2026-03-16,,03-29-26_NHL-NC-Sched_v2.pdf,metro_north_new_canaan_branch_effective_2026-03-29_updated_2026-03-16.pdf,3,Metro-North
Metro-North,New Canaan Branch,New Haven Line - New Canaan Branch,6771,To Grand Central,TMH,Talmadge Hill,2,23:33,23:33,2026-03-29,,,weekend,2026-03-29,2026-03-16,,03-29-26_NHL-NC-Sched_v2.pdf,metro_north_new_canaan_branch_effective_2026-03-29_updated_2026-03-16.pdf,3,To Grand Central
Metro-North,New Canaan Branch,New Haven Line - New Canaan Branch,6771,Metro-North,STM,Stamford,2,23:28,23:28,2026-03-29,,,weekend,2026-03-29,2026-03-16,,03-29-26_NHL-NC-Sched_v2.pdf,metro_north_new_canaan_branch_effective_2026-03-29_updated_2026-03-16.pdf,3,Metro-North
Metro-North,New Canaan Branch,New Haven Line - New Canaan Branch,6771,Metro-North,TMH,Talmadge Hill,3,23:33,23:33,2026-03-29,,,weekend,2026-03-29,2026-03-16,,03-29-26_NHL-NC-Sched_v2.pdf,metro_north_new_canaan_branch_effective_2026-03-29_updated_2026-03-16.pdf,3,Metro-North
Metro-North,New Canaan Branch,New Haven Line - New Canaan Branch,6771,Metro-North,SPD,Springdale,4,23:37,23:37,2026-03-29,,,weekend,2026-03-29,2026-03-16,,03-29-26_NHL-NC-Sched_v2.pdf,metro_north_new_canaan_branch_effective_2026-03-29_updated_2026-03-16.pdf,3,Metro-North
Metro-North,New Canaan Branch,New Haven Line - New Canaan Branch,6771,Metro-North,GLB,Glenbrook,5,23:40,23:40,2026-03-29,,,weekend,2026-03-29,2026-03-16,,03-29-26_NHL-NC-Sched_v2.pdf,metro_north_new_canaan_branch_effective_2026-03-29_updated_2026-03-16.pdf,3,Metro-North
Metro-North,New Canaan Branch,New Haven Line - New Canaan Branch,6771,Metro-North,STM,Stamford,6,23:47,,2026-03-29,,,weekend,2026-03-29,2026-03-16,,03-29-26_NHL-NC-Sched_v2.pdf,metro_north_new_canaan_branch_effective_2026-03-29_updated_2026-03-16.pdf,3,Metro-North
Metro-North,New Canaan Branch,New Haven Line - New Canaan Branch,6771,Metro-North,STM,Stamford,7,,23:56,2026-03-29,,,weekend,2026-03-29,2026-03-16,,03-29-26_NHL-NC-Sched_v2.pdf,metro_north_new_canaan_branch_effective_2026-03-29_updated_2026-03-16.pdf,3,Metro-North
Metro-North,New Canaan Branch,New Haven Line - New Canaan Branch,6798~1,From Grand Central,GCT,Grand Central,1,00:07,00:07,2026-03-29,,,weekend,2026-03-29,2026-03-16,,03-29-26_NHL-NC-Sched_v2.pdf,metro_north_new_canaan_branch_effective_2026-03-29_updated_2026-03-16.pdf,3,From Grand Central
Metro-North,New Canaan Branch,New Haven Line - New Canaan Branch,6798~2,From Grand Central,GCT,Grand Central,1,00:07,00:07,2026-03-29,,,weekend,2026-03-29,2026-03-16,,03-29-26_NHL-NC-Sched_v2.pdf,metro_north_new_canaan_branch_effective_2026-03-29_updated_2026-03-16.pdf,3,From Grand Central
Metro-North,New Canaan Branch,New Haven Line - New Canaan Branch,6798~2,From Grand Central,STM,Stamford,2,00:56,,2026-03-29,,,weekend,2026-03-29,2026-03-16,,03-29-26_NHL-NC-Sched_v2.pdf,metro_north_new_canaan_branch_effective_2026-03-29_updated_2026-03-16.pdf,3,From Grand Central
Metro-North,New Canaan Branch,New Haven Line - New Canaan Branch,6798~2,From Grand Central,STM,Stamford,3,,01:06,2026-03-29,,,weekend,2026-03-29,2026-03-16,,03-29-26_NHL-NC-Sched_v2.pdf,metro_north_new_canaan_branch_effective_2026-03-29_updated_2026-03-16.pdf,3,From Grand Central; C
Metro-North,New Canaan Branch,New Haven Line - New Canaan Branch,6798~2,From Grand Central,GLB,Glenbrook,4,01:10,01:10,2026-03-29,,,weekend,2026-03-29,2026-03-16,,03-29-26_NHL-NC-Sched_v2.pdf,metro_north_new_canaan_branch_effective_2026-03-29_updated_2026-03-16.pdf,3,From Grand Central; C
Metro-North,New Canaan Branch,New Haven Line - New Canaan Branch,6798~2,From Grand Central,SPD,Springdale,5,01:13,01:13,2026-03-29,,,weekend,2026-03-29,2026-03-16,,03-29-26_NHL-NC-Sched_v2.pdf,metro_north_new_canaan_branch_effective_2026-03-29_updated_2026-03-16.pdf,3,From Grand Central; C
Metro-North,New Canaan Branch,New Haven Line - New Canaan Branch,6798~2,From Grand Central,TMH,Talmadge Hill,6,01:18,01:18,2026-03-29,,,weekend,2026-03-29,2026-03-16,,03-29-26_NHL-NC-Sched_v2.pdf,metro_north_new_canaan_branch_effective_2026-03-29_updated_2026-03-16.pdf,3,From Grand Central; C
Metro-North,New Canaan Branch,New Haven Line - New Canaan Branch,6798~2,From Grand Central,NCN,New Canaan,7,01:26,01:26,2026-03-29,,,weekend,2026-03-29,2026-03-16,,03-29-26_NHL-NC-Sched_v2.pdf,metro_north_new_canaan_branch_effective_2026-03-29_updated_2026-03-16.pdf,3,From Grand Central; C
